season,player_id,player_name,position,games_played,mean_score,median_score,min_score,max_score,std_dev,coefficient_variation,floor_score,ceiling_score,std_dev_vs_position,cv_vs_position,value_score,consistency_score_std,consistency_index_vs_avg,consistency_index_vs_replacement,consistency_score_trailing_10,consistency_score_trailing_5,consistency_score_last_season,consistency_score_2seasons_ago
2024,13837,"Franklin, Zaire",LB,16,12.58125,10.75,4.0,24.5,6.054772781657459,0.48125367365384664,8.625,16.625,1.5033639283602012,-0.840005393160619,8.49364982094222,1.7833671458153104,201.0991172558006,484.94157485794204,1.8526832144764476,2.091636917627126,2.042106350930398,3.430831109725808
2024,14893,"Baun, Zack",LB,16,12.45,12.8,2.5,24.5,7.12442980174554,0.572243357569923,5.75,17.799999999999997,2.076960236949572,-0.7355727644755806,7.9186214653454545,1.5324152345220716,172.8008456670558,416.7015518420885,1.8373929885963447,1.8425230508152386,0.650642520684074,0.4492531651884623
2024,15351,"Owusu-Koramoah, Jeremiah",LB,8,12.0375,10.5,5.0,24.9,5.532842284938185,0.45963383467814617,9.25,13.4,1.223482246067554,-0.8648193777664137,8.2469313289482,1.8426129814511358,207.77989820177893,501.05198089767924,2.021185609511069,1.7540112096653548,1.4248529078947048,1.1834578256935557
2024,12239,"Kendricks, Eric",LB,14,11.278571428571428,10.75,5.5,22.3,4.753672050024452,0.4214782058286405,7.375,13.45,0.8056575021394237,-0.9086121732613383,7.934396308240736,1.960238840606756,221.04382789688168,533.0373572778564,2.296979513203515,4.391304347826088,1.9907478013055973,1.823218726717621
2024,14210,"Pratt, Germaine",LB,16,11.08125,10.5,4.0,23.5,5.162390283337749,0.465867143448415,6.75,13.85,1.024829877469949,-0.8576651511302921,7.559518643641637,1.7982064573161112,202.77245325422206,488.9767501755382,1.8519917062563018,2.1352519162134764,1.2294606991910342,2.007660769544659
2024,13702,"Jewell, Josey",LB,12,11.033333333333333,10.25,3.5,23.0,4.991047540903167,0.45236080431146525,7.875,14.05,0.9329484961315059,-0.8731669359401418,7.596826698007739,1.841636751837564,207.66981491691587,500.7865199535661,1.7528971706654435,3.1355743311088844,1.492858031824063,1.8629808946095754
2024,14303,"Elliss, Kaden",LB,16,11.0125,10.4,6.5,19.3,3.9862066868139188,0.3619710952838973,7.0,13.7,0.3941094161262897,-0.9769109485969091,8.08570757348157,2.208592762334278,249.04914051218606,600.5709227622814,2.680639868691884,4.028526802546028,1.7435793358624538,0.9858204144331429
2024,15821,"Dean, Nakobe",LB,15,10.979999999999999,10.5,4.5,19.1,4.24,0.3861566484517305,7.75,13.75,0.530204355769854,-0.9491521875504568,7.9211826544021005,2.0954198473282437,236.287341373751,569.7964118809567,2.301421039294742,2.5077252218202757,,0.29274172503609175
2024,14251,"Cashman, Blake",LB,13,10.884615384615387,10.0,3.0,21.7,5.039665152772653,0.4630081059084415,7.5,14.9,0.9590193601346902,-0.8609465869256294,7.439887271066544,1.8021885500752544,203.22148885554142,490.05957955163194,2.5414527924380788,4.519770581532666,1.0379697320294072,0.751173136230674
2024,13743,"Warner, Fred",LB,16,10.88125,7.75,2.0,38.3,9.340116350319198,0.8583679586737919,4.25,12.625,3.2651070927971775,-0.4071757095710342,5.855272067736956,1.052333419794072,118.66503331966275,286.1554487353054,1.2771304860018835,1.300684792323588,1.764053650982715,1.550920466746559
2024,13987,"Spillane, Robert",LB,16,10.54375,10.0,4.0,21.5,4.352150151074754,0.41277061302428014,7.75,12.125,0.590344112211523,-0.9186062381590361,7.46317194227963,1.9700026535845097,222.14483179026638,535.6923791858021,1.8592840629388172,1.9637896873428333,1.4681425189435118,1.271284985550852
2024,14892,"Brooks, Jordyn",LB,16,10.4375,9.6,2.5,20.1,4.487882992013049,0.4299768136060407,7.75,13.125,0.6631299258456388,-0.8988579691344658,7.299069397971047,1.9019173723620784,214.46728205852884,517.1783095629949,2.56104463363541,3.10151416139498,1.1956188597551405,2.142366744798874
2024,10768,"David, Lavonte",LB,16,10.41875,9.5,1.0,22.1,5.524402541225612,0.5302365966383311,6.375,13.25,1.2189564908506405,-0.7837856637606941,6.808587654280532,1.5968895135098198,180.07120534625284,434.23370076807686,1.6268829719857894,1.5112233895962266,1.904362093256945,1.909620294547655
2024,14928,"Wilson, Logan",LB,11,10.363636363636363,8.5,7.0,20.0,4.411199121095127,0.4256420204565473,7.5,10.75,0.6220087211409362,-0.9038331907631619,7.269452088903436,1.9152199229251343,215.96732717361266,520.7956016247069,2.163333653122094,2.1306444207916915,1.6802817234846148,1.7673017540888913
2024,16283,"Overshown, DeMarvion",LB,13,10.184615384615386,9.5,1.5,29.5,6.9986642850723975,0.6871800279904922,4.5,11.5,2.0095193332236194,-0.6036551875841505,6.036472229194014,1.2732895170538092,143.58086527018682,346.2388690399982,1.325616045206751,1.0694426815871907,,
2024,14257,"Speed, E.J.",LB,14,10.092857142857143,9.75,2.5,18.8,4.476679937778234,0.4435493215066898,6.625,13.25,0.6571223641381602,-0.8832802396940539,6.991695394462053,1.8428787618638145,207.80986859037728,501.12425315647533,1.7288360319468046,1.6736525604070465,1.5066782248551747,0.9114614875478956
2024,14218,"Okereke, Bobby",LB,12,10.091666666666667,9.75,4.0,21.3,4.601532051634784,0.455973448551754,7.0,12.625,0.7240734618103842,-0.8690205545232641,6.931216140448696,1.8015904530478328,203.1540452085448,489.8969421973012,1.713129100269698,2.2270423050554626,1.617322969417537,1.6682309337898518
2024,16696,"Cooper, Edgerrin",LB,13,10.015384615384615,7.0,1.0,29.1,7.34196014005966,0.7330682167494285,6.5,11.0,2.1936094027288062,-0.5509874128272778,5.778990416297424,1.2006032691631858,135.38449341162703,326.47368293947767,1.4289032868628575,1.3773451505468826,,
2024,15355,"Bolton, Nick",LB,16,9.98125,10.6,2.0,17.5,4.5362730779242115,0.4544794567738722,6.775,13.75,0.6890787805997352,-0.8707352707623263,6.862420746827904,1.8028825275617368,203.29974433997967,490.248289170961,1.6000433388965025,2.6277599642274434,1.76495737122633,1.9646154842095398
2024,13696,"Smith, Roquan",LB,15,9.860000000000001,9.0,2.5,20.5,4.532225354797206,0.4596577438942399,7.0,12.75,0.6869082165775864,-0.864791936168872,6.755008179995934,1.7822845903140974,200.97704426809014,484.64720127880474,1.6100253885840277,2.6003398931333805,1.6620718614113552,1.5531617223147012
2024,14322,"Edwards, T.J.",LB,16,9.756250000000001,8.25,1.5,21.5,5.203000186190656,0.5332991862847565,6.375,12.825,1.0466066619262249,-0.7802706027824103,6.362913440031084,1.5728276168231816,177.35789631477408,427.69067674710175,1.8817939877137249,2.02723644260159,1.989134185411296,2.1548649739519443
2024,14590,"Al-Shaair, Azeez",LB,10,9.59,7.5,4.0,19.5,5.293666026488637,0.5519985429080956,5.1,13.75,1.0952256027020193,-0.7588085767279462,6.179129512602828,1.5237541934443022,171.82419443775473,414.34640085143667,1.5237541934443022,1.381440340769885,1.5277595954086294,0.8496160425676822
2024,15428,"Sherwood, Jamien",LB,16,9.54375,9.25,1.5,22.5,5.106119949384269,0.5350223915530341,5.875,12.675,0.9946552932502805,-0.7782928087272499,6.217336015759526,1.5629810876811183,176.24756503882293,425.01316227104934,1.6428595788979354,1.4265203655419445,0.6033220221989648,0.30004659659234645
2024,13952,"Luvu, Frankie",LB,16,9.4875,8.0,0.5,20.2,6.370623497743373,0.6714754674828324,4.925,17.125,1.6727367286221686,-0.621679962103324,5.676122793646354,1.2872045360755087,145.14997460834394,350.02270640315436,1.3480843429842402,1.191793675810812,1.4061371273356225,1.4828214451561532
2024,16275,"Mapu, Marte",LB,9,9.422222222222222,6.5,1.0,25.9,7.864940174636885,0.8347224241949525,4.0,14.5,2.4740538925660585,-0.43431466880256103,5.1355028411758505,1.0628635993708964,119.85245556326159,289.018864650253,0.9664842102764821,1.1015857852807112,0.3992819504009018,
2024,16280,"Henley, Daiyan",LB,16,9.23125,9.5,0.0,15.7,4.3014123770570984,0.4659620719899362,6.625,11.875,0.5631363256631096,-0.8575561977116007,6.297059232555214,1.7412812555291952,196.35335561870764,473.4973817973388,1.9566609097948953,1.5350382157154732,0.3974735952276917,
2024,14221,"Williams, Quincy",LB,16,9.16875,8.5,1.5,19.0,5.1216109221123,0.5585942382671902,6.0,13.100000000000001,1.002962222112885,-0.7512384239951234,5.882704924017689,1.497767518494342,168.89384024506197,407.2799820799986,1.3502323411531056,1.1374248882914346,1.7009063037297756,2.151971255617456
2024,15404,"Jones, Ernest",LB,15,9.086666666666668,9.0,3.5,17.8,3.8260278212382213,0.42105955479510865,6.5,11.25,0.3082145878936966,-0.9090926763914927,6.394289835359365,1.882845893817348,212.3167111516308,511.99230349461294,1.839463625515845,1.3860814291648058,2.183312585031842,1.6111219575741271
2024,15869,"Bernard, Terrel",LB,13,9.061538461538463,9.0,2.0,18.2,4.421892818089845,0.487984776189881,7.0,10.5,0.6277431434895492,-0.8322798280027605,6.089805894883782,1.6712869039581788,188.4605320086885,454.4641887940601,1.7330806957983471,2.0783459999252054,1.66356726579429,0.39730894395515226
2024,10775,"Wagner, Bobby",LB,16,8.98125,8.75,4.5,15.5,3.2850454239629627,0.36576706181911905,6.0,12.125,0.018116453387587023,-0.9725541605896082,6.5759749602084545,2.095952110513176,236.3473613516276,569.9411473874651,2.061456146188118,2.1537129033945672,2.026409233977884,1.6755347961236917
2024,14217,"Barton, Cody",LB,16,8.8875,6.25,1.5,34.3,8.450360569230167,0.9508141287460105,4.0,8.45,2.7879816011730547,-0.3010714114023477,4.5557902565084,0.9404403075304016,106.04754950202681,255.7289478298546,1.0373827312884085,1.313340759890842,1.2233510044595417,1.6044005463333968
2024,15846,"Walker, Quay",LB,13,8.73846153846154,9.5,1.0,13.7,3.870507512247827,0.44292779629596607,6.0,12.1,0.3320665199533814,-0.8839935899196658,6.056062930448357,1.7941583123497908,202.31596936016757,487.87595957287,1.7872885860665682,1.8495094719772422,1.3256817460038905,1.5087060727737744
2024,13268,"Anzalone, Alex",LB,9,8.677777777777777,7.5,3.5,17.5,3.7353499844288804,0.4304500622261194,6.5,9.5,0.25958921407020297,-0.8983148020930024,6.066466776388613,1.832552568725157,206.6454486168067,498.31630619238643,1.9057824039145284,3.5056562582625377,1.5752650755800726,1.6663742138336886
2024,13813,"Oluokun, Foyesade",LB,13,8.646153846153846,8.5,0.0,17.0,4.785975567235746,0.553538099413387,7.5,10.0,0.8229800437381556,-0.7570415639641143,5.565459803926673,1.4943294774894031,168.50615394456864,406.3450938135677,1.432014695370736,1.647369204912634,1.8395533293038029,2.2083184617533904
2024,15890,"McFadden, Micah",LB,14,8.421428571428573,8.25,3.5,19.5,4.5155570090566695,0.5361984573943458,4.85,9.4,0.6779699294374001,-0.7769429892529001,5.481992597305918,1.5268500638467513,172.1732963075137,415.18824447967813,1.4210863837661274,1.4628383077743323,1.4523157580675332,0.7491434633377708
2024,14896,"Queen, Patrick",LB,16,8.3625,8.0,2.0,18.5,3.914216875698126,0.46806778782638275,6.375,9.75,0.3555053690938452,-0.8551393804351867,5.6962628492663105,1.7016953487247146,191.8895014242243,462.732995993221,1.6916108182173004,3.0189661253227174,2.1792732166372333,2.0738916256157633
2024,13762,"White, Kyzir",LB,16,8.29375,8.0,1.5,14.5,2.905483769959832,0.35032208228603856,7.35,10.100000000000001,-0.18542090440990933,-0.9902810032733779,6.142053150726105,2.123616557772893,239.4669073948263,577.4637938897188,3.6053216629833362,4.369103352867525,1.660187699694684,2.0972368699230275
2024,10816,"Davis, Demario",LB,15,8.173333333333334,8.0,-3.4,19.5,5.680430343634969,0.6949955559096618,4.75,11.25,1.3026253396671976,-0.5946849825011984,4.822038208204569,1.2234740747084931,137.96349057263376,332.6928198600138,1.2673098498323132,1.803518345776045,1.5439023868103272,1.7823979667516407
2024,15822,"Lloyd, Devin",LB,15,8.04,7.0,1.5,19.1,4.777977256817645,0.59427577821115,4.25,11.0,0.8186910041258164,-0.7102852428046618,5.043042182464345,1.3914904200277547,156.90963904662186,378.3806140375547,1.5020670214797307,1.3245180152640696,2.0233204651120498,1.262868563943532
2024,15076,"Rozeboom, Christian",LB,16,8.037500000000001,5.5,4.0,19.9,4.662198381665027,0.5800557862102677,4.375,11.55,0.756605369054957,-0.7266061165632965,5.086845711490849,1.4195016596427505,160.0682906866021,385.9975619467353,1.639683859649516,1.667066769125855,1.4217692189964917,0.2357334223921298
2024,16239,"Campbell, Jack",LB,16,8.0,8.5,3.0,14.5,3.321332563896606,0.4151665704870757,6.5,9.125,0.03757518560203989,-0.9158562985473316,5.653044784153246,1.851280798621592,208.75731352851275,503.40897447529727,2.2788954460170547,1.8027521470445413,1.2741320459071517,
2024,16284,"Williams, Dorian",LB,16,7.65625,9.5,0.0,17.5,5.1802471888414745,0.6766037144609273,2.75,10.125,1.0344055217067556,-0.6157940606536331,4.566523343568809,1.2388258537334025,139.69461431653565,336.86734775500156,0.999511449968011,0.6967451787729788,0.6089844563981026,
2024,13706,"Baker, Jerome",LB,9,7.611111111111111,7.0,1.0,17.5,4.718626081685794,0.6199654705864547,5.5,10.5,0.7868643397588888,-0.6808001188939385,4.6983168773071196,1.3309335148675137,150.08101702112177,361.9136958116362,1.2758549555828032,1.253485283502358,0.9315455207662292,1.3395450299692897
2024,14472,"Dodson, Tyrel",LB,16,7.581250000000001,7.7,0.0,18.5,5.392496957579114,0.7112939103154643,3.25,12.0,1.1482230179326323,-0.5759786861323899,4.430127375724988,1.1859606739447046,133.73333987340013,322.4919996377976,0.86477588538888,0.6647625301161552,0.9933377308438932,0.42850670059495743
2024,13697,"Edmunds, Tremaine",LB,16,7.55625,6.75,3.0,17.0,3.672187486703259,0.48598014712367366,4.75,8.875,0.22571875386070744,-0.8345806238063326,5.085027558831253,1.6172831294772727,182.37086539008172,439.7792286575589,2.2525161270219716,2.4102787520907953,1.5196440260606805,1.5819128255062285
2024,14889,"Murray, Kenneth",LB,14,7.5,6.35,0.0,24.4,6.287402370727404,0.8383203160969871,3.3,9.25,1.6281099647562367,-0.43018521925528436,4.079811300744124,1.0291733073675984,116.0534128379029,279.8576421281043,0.8633426591196258,0.960501954059466,1.6251851866349507,1.2930840618914519
2024,16236,"To'oTo'o, Henry",LB,15,7.426666666666667,7.0,0.0,15.5,4.051578567532523,0.545544690421794,4.5,9.75,0.42916464295278073,-0.7662159305210597,4.8052099125259575,1.4701675065294038,165.78156016553794,399.7748571259017,1.417539977012599,1.7580195545675164,0.9436217475173121,
2024,16383,"Pace, Ivan",LB,10,7.08,6.85,0.0,19.4,5.6749977973564,0.801553361208531,2.25,9.95,1.299712173640043,-0.47238417613139766,3.9299418781859132,1.060674507309051,119.60560539432035,288.4235964496072,1.060674507309051,0.7957251023703672,1.0362310600990847,
2024,14249,"Van Ginkel, Andrew",DE,16,14.681249999999999,15.65,3.0,30.6,7.912586393683168,0.5389586304765036,7.75,18.275,1.8270990348897977,-0.44918613946698444,9.5397301196162,1.647249109462254,175.36658240023547,239.3572034446621,1.5518409504708393,1.5842621745348773,1.275974146659424,1.0091803897617921
2024,13214,"Watt, T.J.",DE,16,14.575,11.5,2.0,31.6,9.077272442755037,0.6227974231735874,6.75,23.599999999999998,2.446549148104702,-0.3547568779238387,8.98140445126954,1.4463239019084537,153.976030865337,210.1613183138965,1.3252643522993668,1.6047997563389294,1.5888114983076318,1.6462649777081093
2024,14147,"Bosa, Nick",DE,13,12.776923076923076,9.5,5.0,27.2,7.426165160705951,0.5812170204044393,7.1,16.0,1.568390958084048,-0.40158969363891756,8.080436089446488,1.5163390265011867,161.42985982516115,220.33502205128505,1.6055906741076766,1.7076071554280028,1.9629628535131525,1.6643966142934272
2024,14171,"Burns, Brian",DE,16,12.524999999999999,11.55,5.0,22.5,5.338246434925986,0.4262073001936915,8.0,17.325,0.4579101619084694,-0.576180153981027,8.782033297893646,1.976098614749784,210.37598901336665,287.141413791256,2.0276542056516775,1.8007926770671105,1.181008280899624,1.6633360155881276
2024,13198,"Garrett, Myles",DE,16,11.85,13.05,0.0,25.5,7.240424711299745,0.6110063047510333,8.5,16.474999999999998,1.4696030121779822,-0.3680374437525054,7.355650915240403,1.4380326761253697,153.09334474267592,208.95654327096742,1.4585425169417876,3.8212489523881845,1.1062715884837984,1.3362732196715337
2024,15861,"Bonitto, Nik",DE,16,11.837499999999999,9.0,0.0,36.0,9.319661675726216,0.7872998247709582,7.175,13.200000000000001,2.5754663253351864,-0.16947462605460314,6.623119319959073,1.1470821788512722,122.11867669670926,166.6793327578009,1.337125996189966,1.3323492041320104,1.1374681763484724,0.5307379182497655
2024,14882,"Greenard, Jonathan",DE,16,11.76875,9.0,1.0,29.8,7.311268592898226,0.6212442776758981,7.75,15.524999999999999,1.5072820506722897,-0.35650621588181447,7.2590849892595175,1.4159992386789313,150.74765907721354,205.75492553193945,1.5370027812278904,1.5656204367566884,1.3398498752812373,
2024,15346,"Rousseau, Gregory",DE,16,11.325,10.149999999999999,1.0,26.7,7.179876391693662,0.6339846703482263,5.75,17.775,1.4373997729747225,-0.34215646401737115,6.930909576762722,1.3844952487913005,147.39373585647556,201.17716806129562,1.6574777482452314,1.5031283766528842,1.6093322485487829,1.540557356839321
2024,14225,"Crosby, Maxx",DE,13,10.86153846153846,9.2,0.0,26.0,6.40835253778385,0.5900041288327909,7.0,14.8,1.0270569694069425,-0.3916926026468422,6.831138526358311,1.4661206261638844,156.08359544403515,213.0379254572398,1.5440257367753734,1.2154512017519774,1.781153179815022,2.2711632479026616
2024,16653,"Verse, Jared",DE,16,10.48125,11.05,0.0,25.0,6.942101514491127,0.6623352667373765,4.75,13.0,1.3109367877606863,-0.310224636336981,6.3051360394773335,1.319707382344075,140.4964022020887,191.76302271990485,1.211378040012622,1.0387257810235446,,
2024,13700,"Landry, Harold",DE,16,10.337499999999999,9.0,2.0,18.4,4.584194994761894,0.4434529620084058,7.375,12.375,0.056860239183169375,-0.5567560299258276,7.161646601643677,1.8512068453370298,197.07997771427245,268.99373686238437,1.7258956258062168,2.640104100338742,1.4675490685141288,
2024,13284,"Hendrickson, Trey",DE,16,10.33125,7.55,2.0,37.4,8.077029060087625,0.7818055956527646,6.0,10.825,1.9145595384330287,-0.17566288308562203,5.798191466681945,1.138175269860849,121.17044477451361,165.38509449411788,1.0796166237373794,1.8948081001489434,1.8864995483760567,0.9412644032260825
2024,15350,"Parsons, Micah",DE,12,10.183333333333332,10.6,0.0,19.4,6.675182061603679,0.6555006934471699,5.0,17.125,1.1689729637394826,-0.31792254905727196,6.151210551370451,1.326787202127371,141.2501217168083,192.79177171390197,1.2886510952056498,1.3455555304219962,1.2572355141755847,1.641026673605343
2024,16223,"Anderson, Will",DE,14,10.164285714285713,6.55,0.0,30.9,8.12338838019642,0.7992089762666894,5.475,14.0,1.9392162140348732,-0.15606111728175479,5.649308028340507,1.1140910910192867,118.60643662960129,161.88548920572325,1.0987114707112302,1.4825710847179328,1.252475253024311,
2024,14940,"Highsmith, Alex",DE,10,9.999999999999998,9.5,1.0,20.1,5.603213363776183,0.5603213363776184,7.475,13.700000000000001,0.5988355161747605,-0.42512490864637603,6.4089362664331775,1.5144141873194437,161.22494092914636,220.0553290036603,1.514414187319444,1.4858567924603574,0.9630271659217922,1.1146529591591303
2024,15815,"Walker, Travon",DE,16,9.912500000000001,7.0,1.0,32.3,9.01282939758653,0.9092387790755642,4.6,10.925,2.412274459524586,-0.032132412051945565,5.191859765597021,0.9899799154062574,105.39352755597757,143.8512381988055,1.1360608958809577,2.1424023854317205,1.4643897768771361,1.1630506315951672
2024,12221,"Hunter, Danielle",DE,16,9.8,7.55,3.0,28.1,6.900724599634447,0.70415557139127,4.75,13.925,1.2889300550339753,-0.2631216144668449,5.7506486875486935,1.2403925584817157,132.05252476149974,180.23800545181368,1.28903353632688,0.9763929638765145,1.7481096285689568,1.7240755882434255
2024,15397,"Golston, Chauncey",DE,16,9.59375,9.4,1.5,18.7,5.4819554848156145,0.5714090407625396,5.375,13.275,0.5343432807691931,-0.4126366117184883,6.105189515356582,1.480070331009517,157.56868476672366,215.06491841267626,1.8597424170848589,1.8629629950479851,0.8036272324239706,0.4826613959090849
2024,11723,"Van Noy, Kyle",DE,15,9.213333333333333,8.5,1.0,18.2,5.6336922962555285,0.6114716674662296,4.0,13.95,0.6150460462056179,-0.36751329668249133,5.717341185290438,1.388869564922979,147.85942672614684,201.81278781683045,1.3350767715558678,1.5852095562024633,1.0219383985424069,1.1379382909806885
2024,14894,"Jennings, Anfernee",DE,15,9.020000000000001,9.0,2.0,15.8,4.370232640642067,0.4845047273439098,5.5,12.25,-0.056937813595838244,-0.5105186288258355,6.076100556539602,1.6796292830475155,178.8137843726362,244.06227674043762,1.589303672604647,1.486175157287134,1.990177270696806,0.5325409780237262
2024,11721,"Mack, Khalil",DE,15,8.893333333333334,8.9,0.0,20.6,5.484701956857415,0.6167206098415383,6.0,10.0,0.5358040198401132,-0.3616013108769017,5.5008473815429415,1.3714328572848056,146.00311015007244,199.27910814835712,1.308907036175212,1.4505131076745412,1.1065097275315998,1.2115403967265088
2024,16276,"Young, Byron",DE,16,8.49375,8.2,2.0,19.3,5.045600651805492,0.5940368684980711,4.0,10.55,0.30226352766715187,-0.38715044958931827,5.328452664964366,1.4049472482876255,149.57106121322911,204.1489914340762,1.308597993635339,1.0563340120198952,1.2219412564931071,
2024,15484,"Cooper, Jonathon",DE,16,8.48125,7.8,1.0,17.5,4.818223058088947,0.5681029397894116,5.825,11.675,0.18133044335444115,-0.41636033749549856,5.408605382207234,1.4577045113814784,155.1876136049796,211.81500313989602,1.3340856985505356,1.5377946141695331,1.6620198802212176,1.1149552509393177
2024,12217,"Fowler, Dante",DE,16,8.368749999999999,5.55,-2.0,30.6,8.687974357553088,1.0381448074746036,2.3,11.774999999999999,2.2394970046151634,0.11305695290183268,4.106062517888233,0.8638286695582988,91.96343205748289,125.52055023923839,0.8958542160860566,1.0471578420426,0.6550042037964164,0.8695018197760902
2024,14405,"Granderson, Carl",DE,16,8.35625,7.0,0.0,21.7,5.0091127894568315,0.5994450608175715,5.75,11.2,0.28285708720977787,-0.38105909747671207,5.224468288850523,1.390596298119298,148.0432552057715,202.06369463267993,1.8421695897720727,1.5667605384876953,1.7862815320969119,1.1432309037604964
2024,16262,"White, Keion",DE,16,8.24375,7.0,0.0,20.3,6.143692776946126,0.7452546204028658,2.0,13.275,0.8862949855701794,-0.2168309568435567,4.7235228049973905,1.1539899961269249,122.85408477829081,167.68308854404427,0.9549888933376853,0.7237775860638135,0.7699359580427568,
2024,14978,"Danna, Michael",DE,12,8.208333333333334,6.5,2.0,24.4,6.536877227613265,0.7963708297599916,3.75,8.2,1.0954141320338886,-0.15925777684896789,4.569398031491097,1.089089431264718,115.94475322039091,158.25256730826834,1.014988718911143,0.9031571850684894,1.5012402706318098,0.7749592964002524
2024,14167,"Hines-Allen, Josh",DE,16,8.04375,6.4,1.0,17.1,5.797302039526662,0.720721310275265,3.0,14.450000000000001,0.7020635511144546,-0.24446330082218018,4.6746384507281045,1.1833739258937117,125.98230582942989,171.95278595337447,1.182026092295252,1.436205854124142,1.275153098716589,1.4654203418022913
2024,15853,"Mafe, Boye",DE,14,7.985714285714286,7.05,0.0,16.7,4.8967711144119015,0.6131913738977336,4.5,12.225000000000001,0.2231070254821649,-0.3655763579078044,4.950258484471991,1.3542520356940664,144.17403527130097,196.7826105723569,1.148359410133676,1.3861808307335577,1.2726844287876646,1.1155572697449985
2024,16278,"Diaby, YaYa",DE,16,7.95625,7.0,0.0,18.0,5.254042342568244,0.6603666730643512,3.75,12.25,0.41312535952698,-0.3124419016486839,4.791863224594871,1.2721771878398793,135.43632493560878,184.85654186624754,1.4219599057955918,1.393455728569359,0.8105317354961709,
2024,11706,"Clowney, Jadeveon",DE,13,7.93076923076923,8.0,0.0,14.0,4.1599527762453885,0.5245333277516009,6.0,12.0,-0.16877729678629882,-0.46543363826829137,5.202096330990427,1.536984847473742,163.62781946830586,223.3350090856828,1.653243909395231,2.1487563001456955,1.274487705404837,1.1118347836054865
2024,12691,"Ogbah, Emmanuel",DE,15,7.7,6.0,1.0,20.1,5.347522790975276,0.6944834793474385,4.0,10.15,0.46284388615933836,-0.27401547970386325,4.544157611359741,1.2130716585921735,129.14393442491604,176.2680811971348,1.0836605504308614,1.0756251854908883,0.6262391161534461,0.6559152957971184
2024,15808,"Karlaftis, George",DE,16,7.637499999999999,8.0,1.0,13.1,3.7927356551702887,0.4965938664707416,4.75,11.274999999999999,-0.36408545507126616,-0.4969023964861876,5.103254911775567,1.5935575315448178,169.65056260154788,231.55542904088412,1.5942431974626734,2.676628908614841,1.1572489119203926,1.6386481241123043
2024,15345,"Paye, Kwity",DE,14,7.585714285714286,6.55,0.0,27.0,6.612958830190607,0.8717648175392513,2.2,10.0,1.135878905667661,-0.07434006320164248,4.0527069504848265,0.996421293601605,106.07927840785342,144.78721701482752,0.866344420893592,1.1186257407169056,1.2330639888547543,1.2997826012771891
2024,13684,"Hubbard, Sam",DE,14,7.542857142857144,5.5,0.0,26.1,7.669300050546082,1.0167632642769426,2.25,7.75,1.6977047204992348,0.08897450526803914,3.740080591740368,0.8700652992604654,92.62738532980961,126.42677761908976,0.8740554182639008,0.7749119491002984,1.7514854305830716,1.5171830975205847
2024,13682,"Key, Arden",DE,16,7.375,6.45,0.0,21.4,5.605298832354971,0.760040519641352,3.75,8.025,0.599944693835355,-0.20017731118114518,4.1902444390898586,1.116527834270688,118.86585297029342,162.23956561518537,1.1299393878951232,1.1320218830041995,0.780904707586401,0.9591625564271749
2024,16228,"Smith, Nolan",DE,16,7.262500000000001,5.25,2.0,17.5,5.0509745346814015,0.6954870271506232,2.75,10.175,0.30512168189552846,-0.2728851643101246,4.283430001941748,1.2002198915851807,127.77573185927243,174.40062654656262,1.3098557067089867,1.790414987571255,0.6023187187170542,
2024,16266,"Tuipulotu, Tuli",DE,16,7.25,6.5,0.0,16.0,5.562823024328565,0.7672859343901469,1.75,11.075,0.5773535036070359,-0.1920166597417272,4.10233559772082,1.1047075280140957,117.60745999303485,160.5219896679985,1.2600372596191316,0.9562968843953217,1.3249878947881741,
2024,12795,"Judon, Matt",DE,16,7.25,7.0,1.0,24.0,6.15934249737746,0.849564482396891,2.0,9.925,0.8946184484473183,-0.09934473211520554,3.919841708143404,1.0126628252043743,107.8083562223516,147.1472289655191,0.9435243912813317,1.0292333651355288,,1.4740765109791703
2024,14149,"Gary, Rashan",DE,16,7.175,8.0,0.0,14.1,3.7263420401246043,0.5193508069860076,3.75,9.15,-0.3993975740663981,-0.4712708121240167,4.72241168202182,1.5180873366944976,161.61598539767792,220.5890641607759,2.0627114413537275,2.6909924274580557,0.8671403480202092,1.3649509422362585
2024,15388,"Ossai, Joseph",DE,16,7.11875,5.0,1.0,22.5,5.933087175956544,0.8334450817849403,3.0,10.2,0.7742822560619553,-0.11750032628990055,3.882717879430335,1.0267792426853253,109.31119381695045,149.19844647202046,1.2706252316690019,1.9280499498639188,0.6194116470745071,0.5799768040751697
2024,16235,"Hall, Derick",DE,16,7.0625,4.25,-0.2,21.6,6.991233349703041,0.9899091468606076,2.5,8.9,1.3370680537003183,0.05872819093739816,3.5491570110837456,0.8837809748431945,94.08755983434388,128.41976443084647,0.8467763263069756,1.4889724917714178,0.9863107434748299,
2024,16303,"Herbig, Nick",DE,12,7.058333333333333,6.0,-2.0,20.4,6.923806555806006,0.9809407162889265,1.0,12.299999999999999,1.301206428031735,0.048626873291464645,3.5631219426678955,0.8907755740404193,94.83220674259273,129.43613025763426,1.1012805953919063,0.7626562646287831,0.8430750736706574,
2024,13690,"Sweat, Josh",DE,16,7.050000000000001,7.5,0.0,19.8,4.546839561717568,0.6449417818039103,3.75,8.85,0.03699237243320722,-0.3298152564436345,4.285865966799556,1.270994035713011,135.3103662425631,184.6846213092959,1.1451030514652631,1.6808110733591213,1.522241185755379,1.2694404382696147
2024,16252,"McDonald, Will",DE,16,6.975,5.5,-1.0,24.3,6.752916036794772,0.9681600052752362,1.0,12.325000000000001,1.210316568542802,0.03423171009559588,3.5439191840627737,0.8996614908374037,95.77820383023948,130.72731820385962,0.9113656817737995,0.8179142552723584,0.8095708028565053,
2024,15352,"Collins, Zaven",DE,16,6.9125,5.5,0.0,18.3,5.062469135708385,0.7323644319288803,3.0,9.5,0.31123520228430557,-0.23134942663054775,3.9902112238031577,1.140211990405835,121.38727459049402,165.68104471260384,0.8880255176117461,1.8377223398316205,1.389839957935018,1.5159600358987129
2024,14879,"Epenesa, A.J.",DE,16,6.7625,5.5,1.0,18.3,5.283804855404862,0.7813389804665231,2.0,8.75,0.4289548544890731,-0.17618844083811508,3.796301587825209,1.0761791869114776,114.57032514076744,156.37661547655804,1.116552903219749,1.149770648967439,0.834754315123886,0.7512139758865207
2024,15806,"Thibodeaux, Kayvon",DE,11,6.718181818181819,6.0,-2.0,15.9,5.32742785998138,0.7929865556129252,2.9,10.8,0.45215619286281916,-0.16306955059100747,3.746922584082197,1.061755576965454,113.03478375387064,154.28076068421043,1.3128993380066327,0.9986184731178008,0.879469121853908,0.924214275060758
2024,13593,"Jackson, Lamar",QB,16,47.7,49.8,20.7,72.0,15.835087622113116,0.33197248683675296,34.6,60.375,-0.4111200667148362,-0.14309861809488528,35.811550517293924,2.833368086385568,244.6740169204961,395.53486738494973,2.556586161100646,2.4675976731583207,1.433829307088519,1.2326977652274804
2024,13589,"Allen, Josh",QB,16,40.0625,36.2,6.3,87.8,22.61141512046515,0.564403497546712,24.8,50.2,0.9917306814993011,-0.06016948358455441,25.608802372805844,1.696742859146799,146.52134081110734,236.86331649027497,1.8943188480306008,1.7742334405516018,1.4239931646327357,1.9923245973430226
2024,14777,"Burrow, Joe",QB,16,39.1375,34.599999999999994,14.3,71.8,16.926786279444777,0.4324953377053919,26.125,53.175,-0.185114124907192,-0.10723303804347908,27.321205849571182,2.183185507425604,188.52784089407004,304.77014063425185,2.268779894650415,2.108055806118617,0.9205906335197592,1.4372397856018129
2024,12611,"Goff, Jared",QB,16,38.681250000000006,35.6,-11.6,94.6,27.502913908120718,0.7110140936014403,19.1,58.625,2.004379898323602,-0.007860242215578208,22.607207120416817,1.3570980891528917,117.19149461154134,189.44930427525543,1.2581426121533354,3.037253890029069,1.3322272406570523,1.5803962843220871
2024,13590,"Mayfield, Baker",QB,16,34.94375,36.650000000000006,-1.6,77.7,22.93455277387157,0.6563277488498392,21.0,50.525,1.0586273742827594,-0.027371800617064488,21.097122851600528,1.4599708768382231,126.0750203051226,203.81022498660016,1.451571160696978,1.3727233801442347,1.3681855464974817,0.5736105192455488
2024,16581,"Daniels, Jayden",QB,16,33.5375,36.150000000000006,9.2,57.9,14.080832494920179,0.4198533729383579,26.65,43.35,-0.7742899575354305,-0.11174356868841297,23.620396753077976,2.2238493804169472,192.03934834562352,310.44676969218233,1.9913150138418558,5.380950253850808,,
2024,15698,"Purdy, Brock",QB,15,31.899999999999995,31.7,-7.3,63.4,21.833460559425752,0.6844345002954783,17.5,52.65,0.8306767568924797,-0.01734358379623576,18.93810652441766,1.3970725075587167,120.6434645735136,195.02968628030172,1.2451855733291277,0.9896942253320892,1.6791192739016871,1.0178494527293005
2024,14778,"Tagovailoa, Tua",QB,11,30.218181818181822,43.4,-20.6,57.7,26.228396068585255,0.8679673789243013,12.85,51.45,1.7405263131420396,0.04813917055907947,16.17703936328023,1.109803961352172,95.83653974330937,154.9273335808259,1.0214889736972081,1.1486004815614266,1.7849824125938984,1.477745639056512
2024,13592,"Darnold, Sam",QB,16,30.200000000000003,31.85,-11.6,68.5,18.747866545289895,0.620790282956619,24.15,35.6,0.19189005827612005,-0.040051224417758234,18.63288564693864,1.5292791214047914,132.06009745951488,213.48557477791235,1.7823881147161065,2.0549027982953594,-0.5784940454317195,
2024,14782,"Love, Jordan",QB,14,29.835714285714285,26.3,13.0,50.8,12.130516838762897,0.40657705468681005,18.9,39.95,-1.1780487454864805,-0.11648043051559168,21.2115747134504,2.272242186052844,196.21828372711582,317.2023486978024,2.1633642607327945,3.0590048699695314,1.4030997000238012,
2024,11644,"Carr, Derek",QB,10,29.209999999999997,29.200000000000003,4.1,47.0,14.18706805509863,0.48569216210539645,19.1,42.8,-0.7522968299719336,-0.08825292608373961,19.66086969093656,1.9233468826258115,166.08961255856127,268.4969728465887,1.9233468826258115,2.9042657259958577,1.353247985403384,1.0167016148605221
2024,13116,"Mahomes, Patrick",QB,16,28.94375,27.95,4.3,62.9,14.849956597158794,0.5130626334583043,20.9,38.575,-0.6150641346162509,-0.07848740687223968,19.129247765404955,1.8261091014715052,157.6926949022287,254.92269244917708,2.2515159344325815,2.0536882800816914,1.4651297869610325,3.003060886702958
2024,14779,"Herbert, Justin",QB,16,28.9125,26.25,9.1,53.1,15.024724415109915,0.5196618907085141,14.0,42.475,-0.5788833030026508,-0.0761328557712515,19.025613642597882,1.8042431963908245,155.80447612281932,251.87023770180542,2.227566949420618,1.6384195819525929,1.0890923805350787,1.6777563992582023
2024,14783,"Hurts, Jalen",QB,15,28.886666666666663,27.4,-2.2,62.1,18.1825141886985,0.6294431406196113,18.2,41.25,0.074849526123307,-0.03696396856992103,17.727937812964885,1.5058853277786404,130.0399386651024,210.2198285785351,1.7749210401075093,1.5216482201992179,1.9649286583103664,2.5700347893577176
2024,14056,"Murray, Kyler",QB,16,27.0,20.6,9.1,64.9,17.04816705690087,0.6314135947000322,17.775,28.549999999999997,-0.15998559997764805,-0.03626092962953811,16.550064366090126,1.495996790969215,129.18601924875338,208.83940041802146,1.4900536555905992,3.05592119038573,,1.914538502575411
2024,10703,"Wilson, Russell",QB,10,25.520000000000003,19.05,0.4,64.6,19.15290056362221,0.7505055079789267,12.55,36.625,0.2757411230022348,0.006229912127038764,14.578645930377286,1.2663189558959016,109.35231011120241,176.77664356214325,1.2663189558959014,1.0841534405781208,1.398470164232708,1.1231234353592405
2024,13223,"Humphrey, Marlon",CB,15,11.213333333333333,13.0,2.0,23.6,6.720105819272657,0.5992960005296663,5.2,15.0,1.185484877447294,-0.22951430427518055,7.011418355088502,1.4524844083535875,179.9384755505346,316.7826346479514,1.4631172869951414,1.160346327789779,0.720070457888664,1.4933574504519365
2024,14180,"Murphy, Byron",CB,16,11.04375,11.65,0.0,27.0,7.21829002863559,0.6536086047434604,4.449999999999999,14.25,1.4219860684715373,-0.20846873994525966,6.67857555186907,1.3438014430641232,166.47447760327597,293.0791952941521,1.623330147563012,1.2151440655914487,1.088282673558288,1.2090051671420174
2024,15856,"Taylor, Alontae",CB,16,10.8875,10.5,2.2,22.7,5.226958365053236,0.48008802434472897,8.5,15.15,0.4766483774922149,-0.27570614441534824,7.355981415240598,1.7484459284491969,216.6031477778861,381.3309833607428,1.5808615169899833,1.748156285392404,1.1838784198710122,1.1083314422428372
2024,15832,"Stingley Jr., Derek",CB,16,10.58125,8.5,1.0,30.5,7.567795150339364,0.7152080472854685,6.0,12.0,1.5879053730149657,-0.18459960221063704,6.16907669990597,1.2350026832260206,152.99613465207844,269.350501485307,1.2577579189389572,1.110790198613934,1.130726228784535,0.941035680471365
2024,16729,"Still, Tarheeb",CB,13,10.576923076923077,7.0,2.0,41.9,10.831233600184937,1.0240439040174851,4.0,9.0,3.1371457257145385,-0.06492894777736762,5.22563915532126,0.893983115738476,110.74952549489872,194.9751233856124,0.936075631394568,1.0016102990907592,,
2024,13470,"Moore, Kenny",CB,14,10.435714285714285,9.0,2.0,25.4,8.088051782268279,0.7750357628456941,3.5,13.700000000000001,1.8348849255118065,-0.16141699009396093,5.879157200181703,1.1482894833494934,142.25382244125245,250.43860421628398,1.1244398609581852,0.6961028687836188,0.8322930607911007,1.1216067922032105
2024,14236,"Amadi, Ugo",CB,10,10.14,8.0,2.0,19.0,5.290595429627936,0.5217549733360883,7.025,15.25,0.5068585713970939,-0.25956063881636476,6.663359198866586,1.61193008093349,199.69112218285085,351.55727315875623,1.6119300809334898,2.1315616749790958,0.3186337491882127,
2024,15445,"Lenoir, Deommodore",CB,15,9.893333333333334,8.0,1.0,23.0,6.2460085032140515,0.6313350912952208,5.5,12.0,0.9604183703160467,-0.21709949273117063,6.064562324518127,1.3653493960081653,169.1439078441008,297.7787413034763,1.4016237034146035,1.4762770544167378,1.13140074630277,1.1246752009773207
2024,15859,"Taylor-Britt, Cam",CB,16,9.875,7.5,2.3,25.9,6.425583631079748,0.6506920132738986,5.0,14.0,1.045667422414421,-0.2095988885412493,5.982339479800612,1.3298617981579564,164.747589218309,290.0389991901279,1.2316897152614668,1.2414389181882473,1.2294436959100872,1.4018274456876545
2024,13710,"Davis, Carlton",CB,13,9.846153846153847,8.0,1.0,28.0,8.141500087123935,0.8268711025985246,3.0,13.0,1.8602582463016286,-0.14133133975325354,5.389627014269791,1.0770829461591798,133.43252585619584,234.90866508194682,1.0687539275346445,0.875523201462623,1.0357890864216144,1.4136963268349865
2024,15913,"Benford, Christian",CB,15,9.82,7.0,3.0,20.1,5.802206476849992,0.5908560567057018,5.0,15.8,0.7497338366808021,-0.2327846939620564,6.17277720294504,1.443649209035405,178.8439424269048,314.855703314605,1.573076976210827,2.235332142936039,1.4068893835858178,0.6979764095181771
2024,13764,"Johnson, Taron",CB,12,9.799999999999999,8.5,1.0,28.2,6.781838492129795,0.6920243359316118,5.75,12.25,1.2147910063478728,-0.19358304713593097,5.791878870704431,1.2593425075464213,156.0114309665808,274.6589465403728,1.3230435746911773,1.6871737764762718,1.286472235141752,1.556077002841567
2024,16350,"Jones, Jaylon",CB,16,9.575,8.0,1.0,26.8,6.49109967570981,0.6779216371498497,5.0,13.0,1.0767696177369528,-0.1990476949600118,5.706464347324515,1.2781834996866106,158.34551413061843,278.7681122534257,1.362961658472332,1.3767990651055118,0.8760201042138032,
2024,16698,"Sainristil, Mike",CB,16,9.54375,9.0,1.0,21.7,5.982053237601618,0.6268032207048192,5.5,13.0,0.8351118400783869,-0.2188555450403131,5.866566944627224,1.3668973402555065,169.33567219386032,298.11634345200247,1.5194543195248242,1.4947138047072575,,
2024,16672,"Lassiter, Kamari",CB,13,9.492307692307692,9.0,2.0,21.0,5.097580351871561,0.5370222412830655,6.0,12.0,0.41522922041185584,-0.25364473265845966,6.175777706628217,1.5567335146955743,192.85319268264183,339.51906223146165,1.6475309237865523,1.7475991620336704,,
2024,15881,"Jones, Jack",CB,16,9.4,9.0,2.0,24.0,5.987486951969082,0.6369666970179874,4.0,11.5,0.8376913676817087,-0.21491730459574823,5.742328183660484,1.3452619038309717,166.65540421596572,293.39771754944206,1.335661654332367,1.298737182754524,0.7508961255120652,0.6160301628230854
2024,16279,"Moss, Riley",CB,13,9.107692307692307,8.0,-2.4,18.0,5.456183723849699,0.5990742264362,6.0,14.0,0.5854677044589367,-0.22960023940972835,5.6956032166125885,1.4106928639666352,174.7612035986693,307.66802008770844,1.719879636680525,1.850964242127846,0.19162587386871735,
2024,13707,"Ward, Denzel",CB,16,9.1,7.0,5.0,29.0,5.999166608788257,0.6592490778888195,5.0,11.25,0.8432360089942498,-0.20628311577661232,5.484408652845886,1.300154791082399,161.06738891075193,283.5599871506338,1.1631895178257496,1.551401869158879,0.926228244668093,1.3731640456524274
2024,14669,"Nixon, Keisean",CB,16,9.05625,7.5,2.0,25.6,6.34399014323793,0.7005096086391088,4.0,11.375,1.0069328405233395,-0.19029509298223943,5.3256094255460145,1.2331511648798514,152.7667625591682,268.9466907067367,1.1944526982738954,1.614489824104391,1.1908317323461173,0.5324141003110133
2024,15868,"Jones, Marcus",CB,14,8.914285714285715,9.25,2.0,20.0,5.098158931398267,0.5719088544837799,4.0,11.2,0.41550388738161614,-0.24012653604467565,5.670994020332811,1.4617995061407376,181.09246005169967,318.81423044481204,1.59858895451575,2.3461442473016065,,0.5593921929889207
2024,15895,"McCollum, Zyon",CB,16,8.85,7.0,-1.0,28.6,7.016943779167679,0.792875003295783,5.25,11.0,1.326401690419252,-0.1545044715741084,4.936205805609056,1.1039119449729768,136.7561891735693,240.75999187094493,1.5130197496826892,1.972268407230677,1.0967964813263174,0.5485837703548635
2024,16145,"McMillian, Ja'Quan",CB,16,8.74375,7.300000000000001,-0.4,38.6,9.431858827267295,1.0786972211313561,2.65,12.25,2.472825592188992,-0.04375136077314489,4.206360556561052,0.838177562099016,103.83615266185035,182.80409407319843,0.9371798642312313,0.7944008451158979,0.8963167930580435,
2024,16267,"Stevenson, Tyrique",CB,15,8.74,6.0,2.0,29.5,7.095707622687582,0.811865860719403,3.5,11.7,1.363792965477779,-0.1471457135588254,4.823756653006187,1.0795844424404408,133.74241932207863,235.45423416205708,1.2246582348179749,1.2493206796498413,1.1719510812676142,
2024,15361,"Horn, Jaycee",CB,15,8.626666666666665,9.1,-1.0,20.0,5.178219342163439,0.600257265320337,4.5,11.75,0.45351067712725324,-0.22914182425359084,5.390799875506138,1.396303075190893,172.97854993236507,304.5296489119557,1.8715248895359473,1.826728247451274,,0.9726781421266414
2024,14903,"Diggs, Trevon",CB,11,8.563636363636364,9.0,2.0,17.0,4.649002381209959,0.5428771358100801,5.5,10.5,0.20227741998371407,-0.2513760224539526,5.550433125797841,1.5159555237790714,187.8014830193028,330.6255007419979,1.5097163804009455,2.804679671544537,,1.3303945932731644
2024,15845,"McDuffie, Trent",CB,16,8.5375,7.5,-1.2,24.0,6.305838068805763,0.7386047518366927,4.75,11.5,0.9888210439756501,-0.1755336246559116,4.910546799656928,1.1685859883006644,144.76821924917226,254.86521304981022,1.271489889565207,1.8392335104038544,1.4670516659027752,0.8547141768429478
2024,16251,"Gonzalez, Christian",CB,16,8.399999999999999,5.5,1.0,26.5,7.43278211708106,0.8848550139382215,2.75,11.75,1.523811123198784,-0.11886318242836331,4.456576202351508,0.9961125383502248,123.40164933727786,217.24925409844826,1.00742345940745,1.1078868040495138,,
2024,15852,"Gordon, Kyler",CB,14,8.392857142857142,7.0,3.0,21.0,4.751610897627138,0.5661493835470633,4.25,11.875,0.2509883905159308,-0.2423582706090476,5.358912266624746,1.4592185202096453,180.7727191503949,318.25132490273637,1.4221000936862491,1.1294283510506538,1.4158767125460918,1.0557526558197
2024,16012,"Alford, Dee",CB,15,8.353333333333333,9.0,1.0,16.3,4.8581020528139955,0.5815764628268949,4.0,11.0,0.30154255213306763,-0.23638043923626978,5.281650005338764,1.4259453416863452,176.65072996705496,310.9945412187929,1.4979561647275217,1.6725411028371813,0.7329086051871152,0.646444715342018
2024,16703,"Phillips, Andru",CB,13,8.176923076923076,7.0,1.0,19.8,5.061795644623457,0.619034274507102,4.0,10.0,0.3982412755401126,-0.22186593018657028,5.050494115952212,1.3489275383566655,167.1095149001736,294.1971818025709,1.413814500616979,1.5829354898876782,,
2024,11348,"Slay, Darius",CB,14,8.142857142857142,6.1,0.0,21.0,5.249450894510544,0.6446694080977862,5.2,12.0,0.48732617479254214,-0.21193258486280034,4.9510601357114785,1.3029716178760198,161.41634654239257,284.1743289004648,1.1755313877259794,1.298402096524581,1.1731440186099062,0.8399349072972626
2024,15362,"Surtain II, Patrick",CB,16,8.1375,5.0,-9.4,43.0,11.10826691027903,1.3650712024920468,2.0,10.25,3.2686607487908925,0.06721555260515509,3.4406997943341477,0.6720614981729433,83.25715633293677,146.57466256591127,1.048052314059289,1.7893191090712193,1.4380270661478354,1.2357392483083496
2024,14219,"Dean, Jamel",CB,12,8.1,6.5,1.0,17.0,5.401542989430582,0.6668571591889607,4.25,13.0,0.5595283058877022,-0.20333506409050434,4.859444587286172,1.2653199413600276,156.7519348383874,275.9626075098247,1.1990334215704288,0.9024809636622693,1.0847367516318294,0.9349278450166657
2024,13738,"Jackson, Donte",CB,15,8.013333333333334,5.0,0.0,22.4,6.79969280351857,0.8485473548484073,3.5,12.5,1.2232669191307424,-0.13293201941573532,4.334935381728686,1.0273908902820361,127.27651293786057,224.07097189136857,0.8991106185811915,1.075061684518445,0.9361014154334674,1.077074733632244
2024,16241,"Witherspoon, Devon",CB,16,7.90625,6.0,0.0,23.0,6.016172864662384,0.7609388603525545,4.0,10.25,0.8513093274445424,-0.16687939191701034,4.489792449930433,1.12686077616767,139.5991647518892,245.76506536167275,1.2256998878616205,1.9555729323594235,1.1037227025479721,
2024,15894,"Woolen, Tariq",CB,14,7.821428571428571,6.9,-3.8,17.6,5.70115008089578,0.728914165593981,3.25,12.075,0.701759698692062,-0.1792886251593461,4.523896401034729,1.1671770482691588,144.59367519213927,254.5579273173959,1.3030903058329002,1.2406343633220815,1.02167636505725,1.1536961678595212
2024,15441,"Hobbs, Nate",CB,11,7.754545454545454,5.0,1.0,21.3,5.785776232414304,0.7461141683066512,4.0,10.5,0.741933966060999,-0.17262380455638965,4.441030028446345,1.1427646873328259,141.5693928065869,249.2336622368817,1.081640803925605,1.065464114357657,1.6653909417655066,1.6479273594211432
2024,12714,"Fuller, Kendall",CB,11,7.745454545454546,7.0,1.0,14.2,3.4473609501560984,0.4450818128135808,6.0,9.5,-0.36817347807210654,-0.28927068412744855,5.35987269148043,1.741584421022244,215.75312200185454,379.8345085016216,1.7334294371218555,2.1148832649347513,1.0707108886805665,0.9022911380822821
2024,13227,"Lewis, Jourdan",CB,15,7.62,5.0,2.0,21.0,5.093813240916213,0.6684794279417603,4.4,9.5,0.41344087342912117,-0.20270645196829656,4.56703263605716,1.2504485613107372,154.90962008443066,272.7192026747909,1.2381861254618503,1.1434430825571757,0.9228696655593362,
2024,14252,"Jackson, Michael",CB,16,7.5625,6.7,-2.6,27.2,6.49315745612256,0.8585993330409997,3.0,10.0,1.0777465004027125,-0.1290369833231475,4.068924305286607,1.0092541154090897,125.02967049103498,220.1153939208062,1.2927444935581398,1.7496437315407358,0.6202615663289182,1.3235332729282407
2024,13414,"Hilton, Mike",CB,15,7.533333333333333,7.0,1.0,22.0,5.560175856531478,0.738076441132497,3.5,10.0,0.6348355141449212,-0.17573833951118847,4.334293449386356,1.1483431996465392,142.26047699020805,250.4503195847959,1.3543155392289212,1.1830592745922286,1.6288866775234414,1.2091886112143388
2024,16736,"Brownlee, Jarvis",CB,16,6.99375,5.5,-2.2,24.3,5.856883637012093,0.8374453815209426,4.0,9.25,0.7756905275134887,-0.13723391760740558,3.8062355868292177,1.0199604324986835,126.35600374788957,222.4504106104947,0.9612050558538445,1.5626267603752895,,
2024,12711,"Ramsey, Jalen",CB,16,6.95,6.0,-3.0,19.1,4.9093023944344685,0.7063744452423696,4.75,9.25,0.3258487054524886,-0.18802253032749103,4.072963011944801,1.1761117533172252,145.70053540805378,256.50656056168464,1.3496625177825017,1.8460514147710436,0.8464424678712995,1.6930293355436055
2024,15866,"Flott, Cordale",CB,13,6.8076923076923075,5.0,1.0,16.9,4.93721527528993,0.7252406619069953,3.0,12.0,0.3390996866019637,-0.18071206929869055,3.9459377801630424,1.1466136887481935,142.04621957532183,250.0731182765551,1.1018615751387657,1.2409205184385865,0.9131687642150406,0.7590873850520901
2024,13920,"Ward, Charvarius",CB,11,6.763636363636365,6.0,1.4,13.0,3.1005198177879576,0.45841018811381085,5.0,9.0,-0.5328281165765235,-0.28410607852889985,4.637677670356857,1.6494582794834622,204.34023703627236,359.7420643633153,1.5855437682440034,1.538555920900459,1.3038499918571242,1.1859947665217712
2024,16702,"Green, Renardo",CB,16,6.6875,5.8,-2.0,23.0,6.401940623748396,0.9572995325231246,1.2999999999999998,10.5,1.0344434629067316,-0.09079169150468734,3.416697285662378,0.9034792819796226,111.92594134293059,197.04620968686584,1.685784859411631,1.741180929876638,,
2024,16016,"Kohou, Kader",CB,14,6.678571428571429,6.5,-2.0,16.0,4.826145840468291,0.7226314627439152,3.0,10.5,0.28637209482361703,-0.1817231066008244,3.8769589276706826,1.1463103759233433,142.00864419963824,250.00696662960732,1.343144188094105,1.3675787508135846,0.9485989379804698,1.308838431964382
2024,16274,"Williams, Garrett",CB,15,6.653333333333333,6.0,1.0,14.0,4.339257488966926,0.6521930093637665,3.4,10.5,0.0552333456184707,-0.2090172683036351,4.0269709989242894,1.2461158404669228,154.3728685853177,271.7742488314285,1.4365694495978485,1.2950067663526181,0.8026745484253632,
2024,13959,"Williams, Darious",CB,12,6.6499999999999995,5.5,3.0,13.0,3.1539657575820317,0.4742805650499296,4.6,8.25,-0.5074559185438474,-0.27795647396502315,4.510674669156195,1.6008798310053658,198.32218141138128,349.14724571500733,1.7216467280195649,1.7656894516477708,1.1068637213025359,1.060568781457161
2024,12276,"Darby, Ronald",CB,13,6.615384615384615,7.0,0.0,13.0,3.2942481700559783,0.49796774663636884,6.0,8.0,-0.44086015535763867,-0.26877793960659674,4.416239688897987,1.5405221946682182,190.8448818218796,335.98342037544467,1.4458713456871908,1.6390519608318017,0.7059878512319718,
2024,15933,"Brown, Montaric",CB,16,6.4875,6.0,-6.0,22.0,6.324938240805202,0.9749423107214185,3.0,11.15,0.9978883996680589,-0.08395530004628592,3.28490607790473,0.8856729963755782,109.72004097774801,193.16271046683846,0.6793458740440029,0.6698303689607413,0.7450429528645549,0.3588989435406736
2024,15380,"Campbell, Tyson",CB,11,6.472727272727273,7.0,1.0,14.0,3.461237537248231,0.534741754350148,4.0,8.5,-0.36158589598306823,-0.25452839741998234,4.217469977851748,1.4508815589137547,179.7399093675988,316.4330578362666,1.6940893015539829,1.9676805315251713,1.1354433442862666,1.3963299455323963
2024,15862,"Emerson, Martin",CB,16,6.41875,6.1,-0.6,16.3,4.478311449363477,0.6976921440098892,3.0500000000000003,8.0,0.12124593018528496,-0.1913868309675533,3.7808680582329477,1.1716657695220656,145.14975252747868,255.53690439729988,1.0684563955166029,0.7693236314394626,0.8785164986192089,1.0231630838589945
2024,16675,"DeJean, Cooper",CB,16,6.28125,7.5,0.0,15.0,5.002901501878685,0.7964818311448653,0.75,9.5,0.37028267179130675,-0.1531068636224438,3.4964172145270584,1.0463689930668032,129.62758181288083,228.21004103813672,1.6303699500369446,1.4919183949792152,,
2024,13731,"Hughes, Mike",CB,14,6.257142857142857,7.5,-9.4,14.0,5.826260045899855,0.9311374502579677,3.0,9.75,0.7611527006707928,-0.1009292239115058,3.240133350584138,0.9166282583830315,113.55487915146878,199.9139632847975,0.6721730555463843,0.5257216548269561,0.574097983950824,0.859724393685959
2024,16865,"Bishop, Beanie",CB,16,6.2125,3.5,0.0,34.2,8.133716478338794,1.3092501373583572,2.0,6.25,1.8565631618056613,0.04558547549429907,2.6902672428144685,0.6801721965788352,84.26193593567318,148.34358235264122,0.7254931480748666,0.8452911978399167,,
2024,13281,"Douglas, Rasul",CB,14,6.185714285714286,7.0,1.0,12.4,3.546800800491529,0.5733858107030185,3.25,8.0,-0.3209667569484571,-0.23955423100472384,3.931466931782226,1.3604542088242757,168.53747619200337,296.7111151835063,1.3076511042253764,1.3370910432717904,1.030782254274564,1.3024190107162545
2024,10789,"Gilmore, Stephon",CB,14,6.185714285714285,5.0,1.8,19.8,4.179859386366474,0.6757278453710236,4.0,6.0,-0.020437140124581265,-0.19989776625885794,3.691359729326872,1.1941857537668392,147.93960115588487,260.4484476126768,1.1435149768339898,1.89215283368614,1.128401621085396,0.9559245146213156
2024,15405,"Stephens, Brandon",CB,16,6.18125,5.65,-0.8,13.8,3.688871566956486,0.596784075544022,3.95,8.2,-0.2535220149289212,-0.23048764885407821,3.871061901650076,1.3182809364113606,163.3129145352217,287.5132468484979,1.2049852520204476,1.0725013775046142,1.2387697428008038,0.6088336661054056
2024,15989,"Jobe, Josh",CB,10,6.08,4.7,-5.8,22.0,6.86043730384587,1.1283613986588603,4.0,7.949999999999999,1.2521039364540134,-0.024507013016713028,2.856657710401615,0.7734938610890316,95.82292616126695,168.69676658184886,0.7734938610890315,0.571269328257254,0.40278855311808265,-0.13953488372093023
2024,14918,"Terrell, A.J.",CB,16,6.05,5.0,0.0,17.0,4.233497372149887,0.6997516317603119,3.5,8.7,0.005026227207234265,-0.19058880107070672,3.559343545818188,1.1560147201363167,143.21084980945912,252.12345594242618,0.9581115597941391,0.8702215771241909,0.8788218743183293,1.020988900162927
2024,14957,"Robertson, Amik",CB,16,6.0,4.5,-1.0,18.0,6.020797289396148,1.003466214899358,1.75,8.25,0.8535046639019856,-0.07290258642654635,2.994809673045274,0.8546037939397698,105.87108749451768,186.38660757208714,0.7707307043534446,0.7345597238703261,0.7170254124070321,0.8174219281030077
2024,15888,"Durant, Decobie",CB,14,5.978571428571429,4.5,-1.0,26.7,6.608887800468675,1.105429261727138,2.0,7.25,1.1326867489314694,-0.033392975492740715,2.83959738626747,0.7857352592586757,97.33943023703164,171.36658000060362,0.7801314614865087,1.0832398455573273,0.8288005045347464,0.5535050593865463
2024,16255,"Banks, Deonte",CB,13,5.907692307692309,5.0,-2.6,24.0,5.95501876745238,1.0080109892823037,3.0,6.4,0.8222778636719884,-0.07114153403316899,2.94206174130741,0.8494142870381203,105.2281945619868,185.2547911757296,0.7277148097775102,0.6520375798539995,1.3749720630442628,
2024,16414,"Aubrey, Brandon",PK,16,12.0625,10.149999999999999,-5.7,37.8,10.795188453658417,0.894937902893962,4.3,17.5,1.658083615727218,-0.39809773400575466,6.365643951486785,1.0226627618025614,146.89633380870578,200.4105159608665,0.7180040062039335,0.7702507529573397,1.0784459976672718,
2024,11936,"Boswell, Chris",PK,16,11.1375,8.0,0.2,38.7,10.461111018911902,0.939269227287264,4.550000000000001,10.775,1.4946892757499846,-0.3589350347044983,5.743142748456659,0.9717644285638701,139.58524472929227,190.43600470758238,1.0251515689497546,2.124472001902807,0.8658632874875363,0.49589682343313546
2024,13832,"Sanders, Jason",PK,16,10.28125,10.25,-4.7,27.4,8.30859635783927,0.8081309527381662,5.4,15.725,0.4419132551123013,-0.47478379138698257,5.686120236164565,1.1044898290537224,158.6500581394198,216.4461098828203,1.6486936099887206,1.641940801778637,0.6035661699379069,0.6772902574513299
2024,15979,"Dicker, Cameron",PK,16,9.625,9.5,-7.1,30.4,8.368206199658323,0.8694240207437218,4.675000000000001,13.975000000000001,0.47106790534350157,-0.4206369319280373,5.148644659102454,1.0274112028352924,147.57840477585972,201.34106467440523,1.060452716912634,1.7462052992336452,0.9260762459395779,1.4143462323171268
2024,12860,"Fairbairn, Ka'imi",PK,16,9.618749999999999,6.4,-5.7,36.4,10.367751609558361,1.0778689132744237,4.1,13.075,1.4490280083747706,-0.2364947985994882,4.629141876347833,0.8461435761766868,121.54093593576991,165.81817292305146,1.2115423382510042,1.1671558358277192,1.1300511034642193,1.1067632572444648
2024,14258,"Seibert, Austin",PK,9,8.722222222222223,6.1,1.8,17.0,5.132419351052848,0.5884302440697532,4.9,13.3,-1.1115270305762754,-0.668869416114088,5.491095535851056,1.4223134007827993,204.302563763755,278.72977598842846,1.3262034523051092,1.2693617858047062,,
2024,12956,"Lutz, Wil",PK,16,8.20625,6.4,-11.4,29.8,9.175474698210442,1.1181081125008916,3.5,14.1,0.865895839787559,-0.20094712027053643,3.874330092768835,0.8064734317941188,115.84267548362457,158.04404209429305,0.6930900538698551,1.1260998256656005,0.5543392858307763,0.6047482674346828
2024,16681,"Reichard, Will",PK,12,7.516666666666667,5.6,-11.1,22.4,10.368609142771058,1.37941585047952,0.25,15.7,1.449447420339555,0.029894536449619927,3.159038662851575,0.661177332448471,94.97219392530438,129.5704657360054,0.6807046648925016,0.23456154317037076,,
2024,8851,"Folk, Nick",PK,14,7.485714285714286,4.75,-2.7,32.6,9.599914965609788,1.2824313885356586,1.125,9.0,1.0734858477870446,-0.05578242835983767,3.2797105417117933,0.7062051261732599,101.44003265447397,138.39453141045948,0.7203381301276569,1.1530312112004961,1.14260465802484,0.564577487960418
2024,12437,"Myers, Jason",PK,16,7.1312500000000005,7.0,-5.1,19.1,6.353514652340073,0.8909398285490023,3.4,11.75,-0.5143000405087914,-0.4016296696178426,3.7712728307553336,0.969774364661211,139.29938989790057,190.046013257396,1.1462922021502944,1.461922924683625,0.6757195508496008,1.3693217174211314
2024,16846,"Bates, Jake",PK,16,7.11875,6.65,-4.2,19.6,6.306169474213328,0.8858534818912488,2.75,10.95,-0.5374561514176106,-0.4061229949904914,3.7748160545647926,0.9743477789729881,139.95631984634628,190.94226210516914,1.0302280901039882,0.6645346113517593,,
2024,14717,"McLaughlin, Chase",PK,16,7.025,6.7,-4.1,20.3,6.255547537985784,0.8904694004250225,2.8499999999999996,9.7,-0.5622148959420504,-0.4020452501450298,3.7160083090583815,0.9682246533733295,139.0767877702446,189.7423174053565,0.8673103843743702,1.3021377299443744,0.9560144828619451,0.7993791780346886
2024,11947,"McManus, Brandon",PK,10,6.539999999999999,7.25,-0.4,17.5,5.127611529747549,0.7840384602060473,2.25,8.775,-1.1138784937617607,-0.49606732066037584,3.6658402528186884,1.0673000349729156,153.30807776268057,209.1580515916631,1.0673000349729156,1.2706310228257,0.5671813052897754,0.7912228570622667
2024,16292,"Ryland, Chad",PK,12,6.5249999999999995,5.1,-5.8,20.3,7.273825792983131,1.1147625736372615,2.2,12.700000000000001,-0.06418394238571654,-0.20390260004268618,3.0854527507442127,0.7886315428025717,113.27984814799292,154.5475794165968,0.74620208451321,0.6564916584833299,0.16935334919683043,
2024,13718,"Carlson, Daniel",PK,16,6.0125,5.2,-15.7,21.7,9.136456848800853,1.5195770226695804,2.475,12.7,0.846812552236431,0.15371420381377154,2.386313236667615,0.5931559804066331,85.2015367655139,116.24036829994331,0.6746534377535449,0.23650558657461937,0.5432335976020995,1.2518928705634786
2024,16444,"Grupe, Blake",PK,16,5.7250000000000005,5.05,-11.4,29.0,8.363275375114704,1.46083412665759,1.4,8.575,0.4686562823541803,0.10182018972584277,2.3264469303243693,0.6114313389965707,87.82662812130881,119.82177771581324,0.5504548350101013,0.3384420596604325,0.7582284583593756,
2024,12225,"Williams, Leonard",DT,15,14.306666666666667,11.4,0.0,46.0,11.136514515572435,0.7784143417222111,8.0,17.5,4.633292390594678,-0.27241723585786615,8.044619485474984,1.178811811934118,113.95647920399395,156.26972835777212,1.4369898574515756,1.7459628491293686,1.506208594805526,1.2127243820194724
2024,14163,"Simmons, Jeffery",DT,15,13.733333333333333,13.5,6.0,21.7,5.024694573360211,0.3658758184485591,10.45,18.45,0.6427132171432851,-1.5936636011308227,10.054598776726605,2.2795069801644248,220.36137333427413,302.18388802490944,3.7463585113932543,4.40160039674334,1.3238985949581008,1.623389518967988
2024,12688,"Buckner, DeForest",DT,11,13.7,16.0,1.5,19.9,5.31224999411737,0.38775547402316574,11.3,17.15,0.8304662406512421,-1.5235891383340547,9.872056177363207,2.1703829874874345,209.8122883350756,287.71781590015723,2.1115283842807067,2.7837952063720848,1.6651785831463362,1.7160792531558582
2024,10266,"Heyward, Cameron",DT,16,13.462499999999999,14.65,8.0,20.6,3.8480311524206767,0.28583332608510137,9.375,16.825,-0.12556343140990764,-1.8500174835837717,10.469863960509139,2.7769004729431286,268.44471508756,368.12108445995466,3.032758597832457,2.7965520918197346,1.2426451525019844,1.782474255066233
2024,14153,"Allen, Zach",DT,15,12.933333333333334,13.5,-1.0,26.5,6.764679511173378,0.5230422302453643,8.75,16.1,1.7787983310059603,-1.0903032150953686,8.491775918288067,1.6656622227256461,161.0206145911285,220.80927629497404,1.4462944782513176,2.052689530413053,1.616836669098083,1.4361139105565341
2024,12697,"Robinson, A'Shawn",DT,15,12.606666666666667,15.0,-1.0,27.4,7.504529002912544,0.595282575587986,5.75,18.0,2.2618668770590786,-0.8589374435970101,7.902466221083201,1.4823474248073307,143.2994577913098,196.50806605544173,1.5219689450203042,1.1778152012561187,1.3228190855352406,2.2179282019307336
2024,13839,"Sieler, Zach",DT,14,12.228571428571428,12.25,4.5,22.1,4.944033716284214,0.4043018225933353,9.100000000000001,15.125,0.5900474744670203,-1.4705957772937472,8.707936735415489,2.0572850041328263,198.8790351578642,272.7249298790726,2.483701506236292,2.545845284461393,1.5615683993503868,1.9269355168215523
2024,16282,"Turner, Kobie",DT,16,11.925,10.55,1.5,33.4,8.495182458311298,0.7123842732336518,5.25,17.200000000000003,2.908692386416444,-0.4838932146269144,6.963974258815711,1.2559000369247082,121.40864639393723,166.4889642501383,1.5118512458653885,1.1291169306919226,1.2951337738604491,
2024,14159,"Lawrence, Dexter",DT,12,11.458333333333334,10.3,6.0,21.9,4.551274241596767,0.39720211563026325,8.75,11.975,0.3336037646256394,-1.493334167747624,8.200913243081228,2.0640906636306733,199.53694254154013,273.6271252509353,1.9938328481737209,3.540096917133355,1.6132060954326877,1.7708958707127493
2024,13298,"Stewart, Grover",DT,16,10.68125,11.0,1.5,18.0,4.893135338154873,0.4581051223550495,8.375,13.75,0.5568144915509883,-1.2982787444849073,7.325432053038979,1.8124901919093335,175.21456671092676,240.27359335336175,1.617932894753749,1.744413608438881,2.0477749144406476,1.597442790213694
2024,9051,"Campbell, Calais",DT,16,10.16875,9.25,1.5,19.5,5.517893478266864,0.5426324256439449,6.25,14.7,0.9647366564622675,-1.027561257665633,6.591816579866869,1.5601282889796342,150.81858284654396,206.81912197852063,1.5045136722648569,2.6552352668501005,1.7805877477170688,1.6774642944177662
2024,13448,"Butler, Adam",DT,16,9.99375,10.25,0.0,19.1,5.213020807315083,0.5216280982929414,5.375,14.425,0.7656767131462163,-1.0948322871619687,6.567800641439009,1.6085170660033141,155.49635635269698,213.23380239188404,1.6594855402613256,1.644271221562892,1.0383145205998077,
2024,16254,"Kancey, Calijah",DT,11,9.990909090909092,8.5,2.0,20.6,4.829540641708832,0.4833935128189003,7.2,13.2,0.5152917252425818,-1.2172870501363953,6.735171082097641,1.7138415708824057,165.67814247700838,227.19619367456693,1.6687798494988146,1.9897845292421137,1.0359355068104403,
2024,13742,"Hill, B.J.",DT,14,9.807142857142859,9.35,0.0,21.5,5.790690100215578,0.5904563831246764,5.699999999999999,13.375,1.1428532450446194,-0.8743943982582497,6.166244457377283,1.444204154866605,139.61212389817473,191.45158598629942,1.5748866232498426,2.6100136048925866,1.7097367164915043,1.8832119169302892
2024,16233,"Carter, Jalen",DT,16,9.675,8.15,1.0,20.0,6.0870251354828495,0.6291498848044288,4.375,15.25,1.336338725847826,-0.7504698540766056,5.938680099505661,1.3651708319136402,131.9719228649538,180.97449729068484,1.5691289758978737,1.722083982812203,1.1986780547042812,
2024,14215,"Saunders, Khalen",DT,12,9.625,6.4,1.5,27.1,7.41351524806777,0.7702353504485995,3.75,14.125,2.2024414361895457,-0.29861227433840654,5.437130151965899,1.1439926970133507,110.59049346716996,151.65391642304198,1.3824974099432412,1.6411642781137428,1.7378110142156298,1.3044648906045795
2024,16265,"Dexter, Gervon",DT,14,9.607142857142858,10.3,2.5,22.8,5.471022924164611,0.569474505117506,4.324999999999999,12.5,0.9341335531612763,-0.9415935287384481,6.121248115733854,1.4846405227938688,143.52113301577748,196.8120516414583,1.289143866639674,1.1142142601569347,0.7448217007223653,
2024,16694,"Fiske, Braden",DT,16,9.13125,8.5,-3.0,21.1,6.52971273774735,0.7150951663515237,4.0,15.175,1.6253819147252822,-0.4752109765411011,5.324048588758292,1.212695665562904,117.23205264354458,160.7615569504948,1.0073355642443849,1.0323016503218576,,
2024,12305,"Jarrett, Grady",DT,16,8.24375,8.15,1.5,16.6,3.6920469847362454,0.4478601346154657,6.25,10.125,-0.22740988252187128,-1.3310905961049124,5.6937474849319205,1.7569623720346028,169.84665744268173,232.91252245105522,1.8013155490000472,2.1621623473548874,1.7788977689769532,1.7578137621757384
2024,13933,"Ford, Poona",DT,16,8.20625,8.2,1.5,22.0,4.92055240166183,0.5996103459755466,4.875,9.75,0.5747158635911558,-0.8450767964774988,5.130155616113682,1.3860615434628367,133.99144108839837,183.743884046012,2.170200004453365,1.92088498439771,,0.9232189893410188
2024,15393,"Odighizuwa, Osa",DT,16,8.162500000000001,7.75,2.2,21.5,4.4809143877115085,0.5489634778207054,5.125,10.0,0.28766383671278184,-1.007284655106144,5.26965297560413,1.4892588029290779,143.96758506084367,197.42427606515585,1.3078413659707473,1.2372078005816634,1.2735141886515866,0.9809967376460189
2024,12698,"Reed, Jarran",DT,16,8.15625,7.8,0.0,23.3,6.0639270227716295,0.7434699798034182,3.625,12.075,1.3212573182797125,-0.38433432618341984,4.678170599140253,1.154633955547262,111.61919062183654,153.0645797398192,1.021582689175298,1.1527262006782835,1.3176858450943616,1.2063103153958123
2024,13692,"Vea, Vita",DT,15,7.886666666666667,7.5,0.0,30.4,7.2760673138417,0.9225782730991166,2.75,10.3,2.1126978133501035,0.18929981500976018,4.102130340812438,0.9529485886945649,92.12213937004286,126.32806660622833,0.7819037857476491,0.7617352872963319,1.3067843443105784,1.1997836488015925
2024,14675,"Tuttle, Shy",DT,14,7.8,6.0,1.5,29.7,6.798529252713414,0.8716063144504377,4.0,8.375,1.8008997794932475,0.02605078177768798,4.167543109775372,1.0001885929050114,96.68886028588757,132.59045942487023,0.932866215482859,1.6996342702731846,1.0776376960216139,0.9227955019568074
2024,13317,"Godchaux, Davon",DT,16,7.75,7.75,2.5,16.5,4.4860896112315904,0.5788502724169794,3.0,10.5,0.29104288573458914,-0.9115655488839289,4.908635185612585,1.4126637640284874,136.56309448038107,187.2704196129461,1.4382715216899202,1.8676657203334295,1.1429982482902599,1.4039971286041795
2024,13693,"Phillips, Harrison",DT,16,7.737500000000001,7.5,1.5,14.4,4.087461773521558,0.528266465075484,4.375,10.875,0.03076755659133081,-1.0735714412337327,5.062925986285926,1.52089594859876,147.02596782905297,201.61826878711952,1.4342454206342903,1.78969374032881,1.7865846621758659,1.2116102154473933
2024,14157,"Williams, Quinnen",DT,15,7.62,7.0,-0.5,24.2,6.419678081233253,0.8424774384820543,2.5,10.2,1.553537192073964,-0.06724092148509778,4.135735852634278,1.0269987345237288,99.28061353682993,136.14455814154016,0.9393452954670101,0.6563174638156112,1.8558143225082633,1.7215779943148677
2024,14930,"Hamilton, Davon",DT,16,7.6125,6.9,0.0,14.5,4.142293295989554,0.5441436185207953,4.375,10.75,0.06656860009036708,-1.0227213264031638,4.929917080700276,1.480370636567336,143.10836042896486,196.24601221601,2.0476355808512503,1.8055021616212972,,1.3211571372498665
2024,12741,"Jones, Chris",DT,15,7.573333333333333,6.0,1.0,17.0,5.41768298157883,0.7153630697507258,2.75,12.0,0.899306404127356,-0.47435295632608887,4.415003136586052,1.18007283237138,114.07838284270868,156.43689611024078,1.362531032677293,1.3384138427709835,1.1785320756619282,1.378145040449005
2024,16692,"Newton, Jer'Zhan",DT,15,7.413333333333332,5.5,0.0,20.9,6.260124244418441,0.8444412200204733,3.5,9.15,1.4493600035674932,-0.06095147438271127,4.01928413487259,1.0211028191470246,98.71065168947489,135.36296341623256,1.0885377046488944,1.1492917248506849,,
2024,16693,"Sweat, T'Vondre",DT,16,7.3625,6.25,0.0,21.0,5.254982754491207,0.7137497798969382,4.75,8.625,0.7930748488998519,-0.4795198758625577,4.296134760374859,1.1770615985653312,113.78728497693962,156.03771052003117,1.3267875702745093,1.1099212125187796,,
2024,14158,"Oliver, Ed",DT,14,7.257142857142857,5.0,0.0,23.9,6.917236678421964,0.9531625344282234,2.5,10.25,1.878407197127528,0.2872527135535785,3.715585738115411,0.9166257309096039,88.61078586484666,121.51291030921027,0.9834023373695048,1.1208024992570809,1.4986142650516685,0.9936782451703657
2024,11872,"Harris, Shelby",DT,14,7.185714285714285,6.5,1.0,20.0,4.927163359937461,0.6856887379634639,4.5,8.0,0.5790323442238856,-0.5693916031528148,4.262776468682814,1.2123361293335608,117.19729605014481,160.7138948653974,1.43268649154012,1.5906208639258672,0.9647950173544783,1.5192179417192362
2024,12361,"Nunez-Roches, Rakeem",DT,14,7.135714285714285,7.5,1.5,12.5,3.048326740749316,0.4271929366415458,4.5,9.525,-0.6477129384809258,-1.3972818937968978,4.999824552457474,1.762632994488364,170.39484008149114,233.66425111673158,1.7177394219544675,1.7228027662961458,0.8375555240472318,0.9772269668730742
2024,15089,"Roach, Malcolm",DT,16,7.00625,7.2,-1.5,14.8,4.685812196140601,0.6688045953456702,4.375,10.25,0.42144737986916125,-0.6234668247526951,4.198364517655675,1.2322338055336548,119.12081692188048,163.35163943434424,1.1999359021605365,1.9926047029153793,1.2620578735308048,0.7514709025192925
2024,12782,"Onyemata, David",DT,16,7.0,5.75,3.0,14.0,3.239984567864483,0.46285493826635477,4.375,8.6,-0.5225741515817327,-1.283066402716852,4.7851634614542,1.6509494051120168,159.59831725965805,218.85886488190297,1.8981478353109291,2.24645284302408,1.5166417971562183,1.492137807956116
2024,14900,"Madubuike, Nnamdi",DT,16,6.981249999999999,4.25,0.5,23.4,6.518839884327578,0.9337639941740489,2.375,9.5,1.6182827228604728,0.22512457434601232,3.610187189870519,0.9285009532590072,89.75877107758579,123.0871546049852,0.9380351098560168,0.8965793870508261,1.816801953763072,1.0240022425992428
2024,14670,"Ekuale, Daniel",DT,15,6.946666666666667,6.5,0.0,21.0,5.2044681658060785,0.7492036707014508,2.5,8.5,0.7600924529084259,-0.3659709059663,3.971330945058544,1.1196232265242292,108.23468142924213,148.42336639376333,1.1776422034276566,1.4932336534675181,,0.47369280975342776
2024,13770,"Franklin-Myers, John",DT,16,6.893749999999999,7.25,1.5,12.7,3.0427102947043774,0.44137230022910284,4.6,8.975000000000001,-0.6513800741013566,-1.3518693285574663,4.782768476197478,1.7052297833535714,164.84563556071893,226.05456811213065,1.6436012499866683,1.323156192627646,0.9400592852916195,1.0999555469536746
2024,16344,"Stills, Dante",DT,15,6.84,5.5,0.0,19.9,4.825183934317944,0.7054362477073017,4.5,8.25,0.5124471084274135,-0.5061458115472373,4.0107040114781976,1.1742118492951723,113.51179792281125,155.65993220136568,1.1137542906645006,1.2956917712086493,1.1840215130244742,
2024,13694,"Settle, Tim",DT,16,6.6875,5.5,0.0,16.1,5.2452210391936775,0.7843321180102696,2.125,11.325,0.7867011503727673,-0.25346424124041755,3.7479009274670863,1.0708187841600278,103.5167252932126,141.95358311394284,1.5629536296455742,1.4071031772228817,0.5903328003598164,0.9248857527438645
2024,13336,"Ledbetter, Jeremiah",DT,14,6.571428571428571,6.25,0.0,14.0,4.389993259257527,0.6680424524957107,2.625,9.875,0.22829887421949396,-0.6259077567227254,3.9396051111267925,1.2191904990125697,117.85991227766705,161.6225475247604,1.221688859950394,0.8158758314115656,0.6854236277108049,
2024,13265,"Ogunjobi, Larry",DT,14,6.535714285714286,6.0,3.0,15.6,3.0560495374764796,0.46759227895814987,4.625,7.5,-0.6426705072457768,-1.2678940156136431,4.453358319896598,1.6113497198016373,155.77019077681183,213.60931444148704,2.0330839024887246,2.185509991120543,1.2951755433737275,1.399278610901587
2024,16256,"Bresee, Bryan",DT,16,6.53125,4.25,0.0,18.2,5.256628999415881,0.8048427176139148,3.25,10.75,0.7941497285221112,-0.18777448465516638,3.6187363786660662,1.0438928056321954,100.9137740154173,138.38412842430256,1.0227907093262942,1.141691352918871,0.9277911873048589,
2024,12219,"Edwards, Mario",DT,12,6.466666666666666,5.5,-0.5,23.0,5.809379389305615,0.898357637521487,3.6750000000000003,7.0,1.15505600764471,0.11172784314250217,3.4064533146186324,0.9496704907972682,91.80524358474442,125.89350405539994,0.86774980711176,1.0361384812429955,0.7472100924915329,0.7762722627283695
2024,13723,"Payne, Da'Ron",DT,16,6.4624999999999995,6.05,0.0,14.5,4.117625984714979,0.6371568254878112,3.375,9.425,0.05046261863670997,-0.7248258458736249,3.947392149236783,1.2627925564122524,122.07495058744267,167.40267425636225,1.8367616403169629,1.7136919072003418,1.605168064997297,1.935822792366775
2024,15081,"Wharton, Tershawn",DT,16,6.3687499999999995,6.55,0.0,15.7,5.114405971127048,0.8030470612172009,0.75,10.675,0.7012883124396906,-0.1935254736018727,3.532215069140006,1.041597504332227,100.69188579525465,138.07985075503083,1.0239109133441522,1.044726855826784,0.8048927521400131,
2024,15819,"Wyatt, Devonte",DT,14,6.3500000000000005,5.9,0.0,17.0,5.664267699484953,0.892010661336213,0.625,9.875,1.0603085031864767,0.09140024040440678,3.3562178743302526,0.9528428758182627,92.11192003980882,126.31405273030987,0.7144577876332662,0.9511754668163591,1.0961850802907527,0.8362010074990675
2024,13604,"Barkley, Saquon",RB,16,23.275,20.8,1.3,57.9,13.67737639315377,0.5876423799421598,14.7,34.15,2.869519626185463,-0.12175700886401758,14.660102485326666,1.5857738724242687,218.79098593445156,450.65845273617197,1.5493236236360137,2.4216718584543395,1.2162072922651557,1.3392939900998921
2024,12626,"Henry, Derrick",RB,16,20.049999999999997,18.9,6.0,34.8,9.634248803098247,0.4805111622492892,13.225,28.7,1.5281318644936446,-0.12642276730981422,13.542619948598515,1.885417613527954,260.1331663582835,535.8137116832913,1.8686924236078077,2.2677217260195217,1.0936305948664882,1.3542053367314293
2024,16162,"Gibbs, Jahmyr",RB,16,18.675,17.200000000000003,9.3,33.5,7.4223059085435175,0.39744609952040255,12.775,25.425,0.7942759417632552,-0.13004040114544385,13.363663905469542,2.2173262527850284,305.9269706868925,630.1382786461038,2.3719622941099323,2.1213749576813785,1.22503646386781,
2024,16161,"Robinson, Bijan",RB,16,17.475,17.7,6.1,27.3,6.017734208155093,0.3443624725696763,13.525,21.975,0.3282814245598476,-0.13235228918436187,12.998726427254015,2.490119956337594,343.5646215492646,707.6630698518186,2.7809827178602693,5.6773236851386715,0.8910752864259609,
2024,16598,"Irving, Bucky",RB,16,14.71875,14.2,0.9,37.5,10.595707783697133,0.7198782358350494,7.85,20.85,1.8471149490532706,-0.11599789798339462,8.558018639530975,1.2693274334399558,175.13051858485434,360.7280628827142,1.4933440124104937,1.4874774949657243,,
2024,15715,"Cook, James",RB,15,14.62,11.6,1.8,29.6,9.312443288417922,0.6369660251995843,6.6,22.85,1.4213665029208735,-0.11960887483368235,8.931156648909363,1.4177047660877773,195.60230429457337,402.89517151968715,1.3003303823548868,1.518770277851488,0.9728333202857488,0.7126844179613134
2024,14073,"Jacobs, Josh",RB,16,14.40625,15.3,2.6,23.2,6.210320920652974,0.4310851832123539,9.15,19.125,0.39217588582901824,-0.12857535816147872,10.066661418198965,1.9980039943486116,275.6668346138246,567.8094489457781,2.8507568330946254,2.327422866854099,1.0859019178454516,1.264458113182376
2024,13146,"Conner, James",RB,16,14.1625,15.65,-2.8,34.1,10.52905949028687,0.7434463894289053,7.35,21.1,1.8250030559391224,-0.11497146223431526,8.123278172401482,1.2284176356216896,169.4861482526871,349.10197513645517,1.3508158840845108,1.2052906466138027,1.561116867102535,1.5725457162714584
2024,13131,"Mixon, Joe",RB,13,14.161538461538463,15.2,-1.0,32.3,10.906422840308258,0.7701439268006917,3.0,21.8,1.9502008312145653,-0.11380873615729546,8.0002186529169,1.1894032869045847,164.1032951423906,338.01455193375034,1.1348941006857771,0.7296290803287777,1.8285763032628277,0.9031702736102243
2024,14071,"Montgomery, David",RB,14,13.950000000000003,14.65,0.5,22.0,6.018394422815061,0.43142612349928744,12.175,18.325,0.3285004638667319,-0.1285605095948561,9.74552564815403,1.9876340883111399,274.23608713750406,564.8624425086482,1.6933136376046154,2.0056250198507173,1.669379147927254,1.1020503978696827
2024,14802,"Taylor, Jonathan",RB,13,13.723076923076924,15.1,-4.5,44.1,12.24236992178292,0.892100947215123,5.7,19.7,2.3934277701233633,-0.1084972871671969,7.25282493160587,1.03630067760781,142.9795577548091,294.504574745089,0.9074135424688524,0.9372538999899619,1.5161402500533148,0.8941053331839983
2024,13132,"Kamara, Alvin",RB,14,13.685714285714289,12.600000000000001,-2.2,44.5,11.225153969218109,0.8202095802142667,7.55,16.6,2.055946204336471,-0.11162828632867133,7.518757419188657,1.1194717318222531,154.45476066313216,318.1408190145298,1.0955794671790553,3.053892332566913,1.577207699766513,0.900012501058599
2024,16167,"Achane, De'Von",RB,16,12.63125,10.25,-0.7,33.0,10.37748276016395,0.821572113620105,3.225,19.225,1.7747144696367154,-0.1115689455325628,6.93425745022922,1.1101972436491727,153.17514920861655,315.50511756763274,1.2579624278993824,0.9468859303263091,0.9478264048132601,
2024,15711,"Walker III, Kenneth",RB,11,12.527272727272726,11.7,-5.8,30.7,8.855824062994406,0.7069235463928772,8.95,15.9,1.2698740191707154,-0.11656209815752845,7.339094216460801,1.2710527955048212,175.36856870904305,361.21839067287584,1.190779997783959,0.8387818621925117,1.1159120143378232,1.099673144901953
2024,14800,"Dobbins, J.K.",RB,12,12.341666666666669,9.85,2.8,27.3,8.270576192476288,0.670134465291799,5.825,17.225,1.0757064314348996,-0.1181643292303848,7.389624562062064,1.3312728799621736,183.67720077859389,378.3322368252932,1.3572421655898952,1.5774278458020297,,1.2515640762557414
2024,15710,"Williams, Kyren",RB,16,12.04375,11.6,1.4,26.2,6.99472736691717,0.5807765328005954,6.875,16.225,0.6524182808004108,-0.12205602893471387,7.618882081114017,1.506461627426848,207.8481872281441,428.1188370727308,1.368077176965716,2.582535985005056,1.4334987750382309,0.792424237181032
2024,16181,"Brown, Chase",RB,16,11.65625,11.3,1.6,22.9,7.094889776275598,0.6086768708869146,4.775,19.424999999999997,0.6856491465354979,-0.12084091870941968,7.245861621404142,1.4399516635991751,198.67173350206832,409.2174805102747,1.6269615477135755,3.0826044374646764,0.5424161521652858,
2024,15261,"Hubbard, Chuba",RB,15,11.646666666666668,9.0,-2.4,30.3,9.174084271589303,0.7877004240059503,6.15,16.1,1.3754631551387981,-0.11304411892547349,6.514887231815023,1.1447385686778209,157.94085426273435,325.3213595700757,1.1334258261452501,0.921418010640291,1.127823959899032,0.675413835439777
2024,13319,"Jones, Aaron",RB,16,10.98125,10.85,-6.4,21.6,7.88750742868113,0.7182704545184866,6.925,17.475,0.9486157719896998,-0.11606791976993168,6.390874015858749,1.2355826521800808,170.4747135609618,351.1381893358336,1.1178687612987874,0.9353610903647782,0.8434095862782147,1.1387775771093964
2024,15972,"Mason, Jordan",RB,12,10.299999999999999,9.1,-5.9,36.6,11.059837250158795,1.0737706068115336,1.725,12.9,2.001099104211648,-0.10058524465651644,4.966798143521028,0.8540745439880937,117.83761530576997,242.71803137140364,0.6934417658700457,0.2684309608915649,0.5477585029222727,0.5629703182075085
2024,15716,"Robinson, Brian",RB,13,9.761538461538462,9.1,-9.3,19.3,7.711783038515548,0.7900171749464311,5.9,15.3,0.8903157205694494,-0.11294322022852837,5.453321117899659,1.1204983432647317,154.59640338633335,318.43257002157685,1.0039976494747278,0.517232766199295,1.1189182290702555,1.0658119477599792
2024,14823,"Dowdle, Rico",RB,15,9.62,6.8,-1.2,20.8,7.189084318140477,0.7473060621767648,4.4,16.450000000000003,0.7169000538742845,-0.11480336649985844,5.5056181674408915,1.1747345156392828,162.07942844651927,333.8458581010945,1.1427635356546901,1.616322134047883,0.6148603491653484,
2024,15721,"White, Rachaad",RB,15,9.513333333333334,8.9,-0.9,25.2,7.0224275638050475,0.7381668777650715,5.35,11.85,0.6616083704709034,-0.11520139452357415,5.473199066803956,1.1858422226527587,163.6119711445738,337.0025389767147,1.3263056588230822,1.1371873137442483,1.261674360453351,0.8467832188276143
2024,14085,"Pollard, Tony",RB,15,9.466666666666667,10.9,-0.7,18.3,6.627887211539503,0.7001289307964264,3.15,15.2,0.5307117840450188,-0.11685801596550079,5.5682051491424245,1.24106012636703,171.23044677023773,352.69482366114204,1.0759880512130682,0.9596060850655758,1.4754101597366363,1.1735141623631826
2024,15708,"Hall, Breece",RB,15,9.426666666666668,8.5,-6.4,24.3,8.91017894819677,0.9452099308553856,4.199999999999999,14.2,1.2879073303078523,-0.10618429479855214,4.846092196599773,0.9512105397836352,131.2395767451657,270.32294928021264,1.199267682905012,1.0091981987400536,1.0606260466542234,
2024,15254,"Harris, Najee",RB,16,9.375,7.65,1.2,22.9,6.197025496155393,0.661016052923242,5.75,11.525,0.38776486507582275,-0.11856145259402301,5.644135698448444,1.302621479527628,179.7241351754296,370.18984274686295,1.2800520849592816,1.0580811199332132,0.9295738998499944,1.3487718738381609
2024,13404,"Ekeler, Austin",RB,11,9.10909090909091,10.9,-7.2,15.1,6.604744100122212,0.7250717075982468,6.85,14.05,0.523033597855946,-0.1157717128875469,5.280412906297766,1.1978168876115793,165.26412899515674,340.4055991962189,1.1301506748105261,0.9055635927150361,0.7911309204347321,1.2651774382144194
2024,14797,"Swift, D'Andre",RB,16,8.8125,7.15,-3.6,28.0,8.448881212918074,0.9587382936644624,2.425,13.925,1.134862658128586,-0.10559511011089921,4.499069645242565,0.932650099141045,128.67877209439786,265.0482883669867,1.1278478317030831,1.542542645306549,0.9627389448303569,0.9342663386659757
2024,13138,"Hunt, Kareem",RB,13,8.792307692307691,9.0,-3.5,17.4,5.926532458550152,0.6740588098088538,5.0,15.3,0.29802343540663634,-0.11799341692331891,5.252090094320884,1.2693664174567485,175.1358972530353,360.73914168593745,1.080761437653706,0.6629050129965418,1.1755065205659772,0.7979389400894403
2024,16169,"Charbonnet, Zach",RB,16,7.975,6.3,-1.7,35.1,8.960712862267153,1.1236003589049721,2.3,9.725,1.304672958494092,-0.09841506875738273,3.755414697759932,0.8006455070309911,110.46595161736413,227.53412177055893,0.6699404984804113,1.0452931412230761,0.8859401720292626,
2024,15713,"Ford, Jerome",RB,14,7.928571428571429,6.85,-2.1,25.2,7.279661351172533,0.9181554857334726,2.9,9.45,0.7469507809150027,-0.10736256485411884,4.133435212912194,0.957596101131433,132.1205997506045,272.1376513931003,0.7656595522102453,1.1278427808671767,0.849615430556559,0.0235238789466082
2024,15742,"Warren, Jaylen",RB,14,7.714285714285714,7.45,-1.3,16.9,5.107397596044549,0.6620700587465156,5.375,11.175,0.026259199609902948,-0.11851554873259247,4.641372169416012,1.2631052085559102,174.27203129309123,358.95977908917826,1.580651585087143,1.3943102477490368,0.9348035468350201,0.8921703034259978
2024,13869,"Bojorquez, Corey",PN,16,9.556249999999999,9.8,-3.7,16.9,6.023388659010806,0.6303088197787633,5.9,14.475,1.7778416112229214,-0.8508610596049744,5.861619518991993,1.3606323761877543,131.18369907164572,162.6978457137214,1.0764110362973596,1.2701417173704843,1.4328018971975491,1.0108815737540247
2024,16330,"Baringer, Bryce",PN,16,8.068750000000001,10.100000000000001,-0.8,18.3,5.07478062949523,0.6289426031907333,4.300000000000001,11.1,0.8094608481828566,-0.8565378654823198,4.953366671235149,1.3282372635520925,128.06036408288432,158.8241946601996,1.0146954630278462,1.033930976997768,1.638387647573917,
2024,13782,"Dickson, Michael",PN,16,7.668750000000001,7.5,1.6,15.3,3.9521700921772083,0.5153604032178918,4.15,10.25,-0.33654932134943977,-1.3284865345417156,5.060677304036247,1.5485635301812615,149.30285041857013,185.16974512780533,1.527402156528034,2.0692550091133977,1.2738446142181163,1.0107639320798034
2024,13844,"Cooke, Logan",PN,16,7.637499999999999,6.300000000000001,-0.2,16.6,5.021065001570882,0.6574225861303938,4.075,11.425,0.7546255746683371,-0.73819986845091,4.608058357543787,1.2684633030879742,122.29733111448222,151.6767132629561,1.1275632492340617,1.0823244418307132,1.4441425784317048,1.291652808261275
2024,16724,"Taylor, Tory",PN,16,7.4375,7.15,1.5,15.7,4.629507938215465,0.6224548488356927,2.7,10.225,0.35490691744857955,-0.8834953203808675,4.584102913765092,1.3211634270041837,127.37834882202242,157.97833946270654,1.3837460514819095,1.7367484528627062,,
2024,15051,"Townsend, Tommy",PN,16,7.2,7.95,-6.1,15.1,4.7557859497668735,0.6605258263565102,4.675,9.8,0.4838170609182512,-0.725305505647254,4.335975921433324,1.25091517697798,120.60545009270716,149.57839312566225,2.2453453029681953,1.9812954150225868,0.977292778502816,1.0155084584935303
2024,13431,"Sanchez, Rigoberto",PN,16,6.856250000000001,5.800000000000001,0.3,14.3,4.1415529620542095,0.6040551266441873,3.875,9.350000000000001,-0.14321896536261386,-0.9599485357739482,4.274323173882327,1.33349788489988,128.56756042768365,159.45323434452544,1.1892584419511403,0.9757332531892292,1.0297219373825324,
2024,12842,"Dixon, Riley",PN,16,6.61875,5.9,-1.1,14.4,4.254000874177156,0.6427196788180783,3.275,8.9,-0.02842719515222574,-0.7992923419107492,4.029141481255116,1.2597542631807388,121.45765973050797,150.63532834816223,1.152755804591746,1.2185017425180455,1.0404279641789032,0.6944834561262808
2024,14630,"Cole, A.J.",PN,16,6.60625,7.949999999999999,-8.1,14.5,6.439765984684536,0.9747990137649251,2.775,12.725,2.2028978829418273,0.5805400630591127,3.3452771415989733,0.8879647577087226,85.6120312878795,106.17853556718562,0.7955906767531687,0.37095377731727336,1.4134548939379001,1.1740985215045987
2024,16011,"Stonehouse, Ryan",PN,16,6.45625,6.25,1.7,12.1,3.066750876334757,0.4750049760053835,3.9749999999999996,9.05,-1.2404241665641778,-1.496168531956985,4.377103877632231,1.5875695847439832,153.06357125197047,189.83390067651246,2.175175802266121,2.0914744773935467,0.9856163255331286,1.8027359628387496
2024,15032,"Fox, Jack",PN,16,5.95,5.2,0.0,19.3,5.5148662721774135,0.9268682810382207,0.75,9.375,1.258719611764251,0.3813816956140501,3.0879121622128034,0.9132957993950316,88.05429255396709,109.20749914630761,0.816714887600767,0.7220774344842014,1.018095696277806,1.2184346485037758
2024,15911,"Araiza, Matt",PN,16,5.831250000000001,5.2,1.7,12.0,3.181925272142638,0.5456677851477192,3.075,7.85,-1.1228490819930823,-1.2025554593567225,3.77264122085763,1.3943936394186978,134.43874979179375,166.7348544549351,1.3605689110881416,1.6563565537415728,,
2024,15499,"Gillikin, Blake",PN,13,5.7846153846153845,4.9,-1.3,15.5,4.262690763400355,0.7369013287793166,2.5,8.5,-0.019556174356637483,-0.40795545673285666,3.3304225684948814,1.0991744802572823,105.97555722531662,131.43397373978252,1.3034866150277475,0.9461012376312335,1.3325863211055755,1.5920078720011188
2024,10814,"Anger, Bryan",PN,16,5.668749999999999,5.85,0.3,11.6,3.1560891048099387,0.5567522125353807,3.3,7.875,-1.1492237769747877,-1.1564982360053242,3.6413951779568543,1.363962575643391,131.50477616115376,163.09605487492564,1.6617286131490385,3.4473954087355825,1.1698415286993544,1.5778137591397126
2024,16887,"Rehkow, Ryan",PN,16,5.612500000000001,5.449999999999999,-3.3,14.7,5.088329170759297,0.9066065337655762,1.5,9.325,0.8232917944948729,0.2971915261999262,2.9437117205904197,0.9218456891186857,88.8786196685005,110.22985365107536,0.8068424715856111,0.5091181356017842,,
2024,13791,"Scott, J.K.",PN,16,5.60625,5.6,-0.7,18.1,4.829527506651143,0.8614541817883866,2.55,6.625,0.5590956827530442,0.1095776885948145,3.01175825591034,0.9616988672930359,92.72101488426098,114.99530414842347,0.8730322897166082,1.000540113866012,0.8772126870381814,0.7993157790593572
2024,13299,"Kittle, George",TE,14,15.307142857142855,16.3,0.9,29.2,7.437594108476812,0.48589042239232566,11.2,18.95,1.9461446341681805,-0.05774425838246418,10.30166331679958,1.8141596597736984,398.1516842907092,1185.3272757403192,1.8884602237970187,1.350829835712152,1.134521729873922,0.9251490399435227
2024,16641,"Bowers, Brock",TE,16,11.681249999999999,10.149999999999999,-0.4,24.9,6.839519240231729,0.5855126155361566,7.75,15.875,1.6633960641440126,-0.04649640499669236,7.367491047083134,1.4900467288928692,327.0189652737414,973.5598630302898,1.4172855028053248,1.5918035856768056,,
2024,15794,"McBride, Trey",TE,15,11.606666666666666,11.2,0.5,21.4,7.372423090288716,0.6351886637238986,5.55,18.65,1.9153340899067683,-0.04088772595472872,7.098059645444344,1.3862971975376388,304.24916635835297,905.7724724893875,1.7836450233642405,1.3583406449961923,0.8821841337731848,0.3895232063525099
2024,13424,"Hill, Taysom",TE,8,10.7125,9.9,2.3,29.7,8.080445145534991,0.7543005970161019,4.875,12.350000000000001,2.250061787550838,-0.027439381565921215,6.106422136674264,1.1797329126829776,258.91472322590647,770.8084522539439,1.0712793179832802,1.3553409462498864,0.8336614750487295,0.9028385152107774
2024,13193,"Smith, Jonnu",TE,16,9.243749999999999,8.149999999999999,-1.0,26.2,7.46684076015419,0.8077718198949767,5.4,11.125,1.9599714130195278,-0.021402207957113187,5.113338917152177,1.091759047070074,239.6071928337295,713.3284934744086,1.4629449706225637,3.9387377610548793,0.5966270628930577,0.4265170529750063
2024,13671,"Andrews, Mark",TE,16,9.143749999999999,9.3,-1.0,17.6,5.925682318307318,0.6480582166296452,4.625,15.375,1.2313664025941298,-0.039434687834846334,5.5481959968012475,1.3202670263736254,289.7575951665234,862.6299836346467,1.9860980285268177,2.8383582353548915,1.573716268455973,0.9425852635597767
2024,16214,"LaPorta, Sam",TE,15,8.673333333333334,8.3,-0.7,19.2,5.4319384712601035,0.6262803771629635,4.9,13.2,0.9979418363346042,-0.04189351691348804,5.333233712420433,1.3484789029137139,295.94922560043955,881.062929479643,1.3375695566738275,1.9107482827922333,1.2148872883426773,
2024,16222,"Kraft, Tucker",TE,16,8.0875,7.699999999999999,-1.0,24.1,6.523215752219147,0.8065800002743921,3.5,10.274999999999999,1.5138590016828544,-0.021536770467047765,4.476690763083634,1.0750057244622295,235.93035900168906,702.3822847769711,1.4642073400035305,3.1158341340824425,0.6567748298348816,
2024,14138,"Hockenson, T.J.",TE,9,7.688888888888889,7.5,1.6,19.3,5.63608304576551,0.7330165810966703,2.6,12.1,1.0944541453854206,-0.029842455449032412,4.43670820738673,1.1586486841503854,254.287390092907,757.0325362076454,1.2399221163160954,1.4000996797937169,1.3974933310643252,0.682807698630795
2024,13674,"Goedert, Dallas",TE,9,7.022222222222222,5.6,-1.0,25.5,7.4776374429625205,1.0648534333332704,2.7,8.4,1.9650757014408382,0.007623616559285325,3.400833254729526,0.8283230168154369,181.7911684371635,541.2058743921801,0.9081548979217857,0.7694772869155438,0.8435122583153286,1.4220610731958399
2024,13192,"Njoku, David",TE,11,6.7727272727272725,5.3,0.3,16.7,5.336510761484326,0.7879411862594307,2.25,11.2,0.9528270022019558,-0.023641187572403754,3.7880033889126756,1.0688417533975376,234.57755885088406,698.354897776885,1.0523713634880558,1.1595799268678033,1.0046854381724406,0.9351961111479031
2024,15802,"Otton, Cade",TE,14,6.692857142857143,5.1,-3.3,21.2,6.930621935163053,1.035525155734074,1.425,11.875,1.7064661847674798,0.004312304530481591,3.288024775328059,0.8439258859613686,185.21551347578884,551.400405109938,1.2501831193967676,0.9028748179160438,0.8575981554606076,0.6362939465857809
2024,11247,"Ertz, Zach",TE,16,6.425,6.199999999999999,-4.0,20.4,6.325494051850812,0.9845126928950679,1.1749999999999998,11.15,1.4203831995547094,-0.0014472625373892314,3.2375706252737606,0.8770739494869566,192.49048359905493,573.0585340530948,1.0146732347811993,1.0193726534147634,,1.6884269985911917
2024,11244,"Kelce, Travis",TE,16,6.20625,6.8,-1.8,13.3,4.822922966158593,0.7771074265713745,2.225,10.7,0.710020921524598,-0.024864374261458152,3.492332487729174,1.0658306895126743,233.91672387376036,696.3875427359453,1.2571642659689246,1.1122139797224933,0.9278797481662167,1.8497868552523655
2024,15331,"Freiermuth, Pat",TE,16,6.19375,4.75,1.2,14.6,4.241973118432035,0.6848796154885223,2.425,8.375,0.4353684533771991,-0.035277364222970786,3.6760786604947753,1.1815684399870898,259.3175644442946,772.0077406226434,1.2435757796083997,1.1800288437323407,0.6405663138403606,1.325598441347055
2024,13672,"Gesicki, Mike",TE,16,5.74375,4.85,-2.3,27.0,7.307955318521043,1.2723317203083426,-0.025,8.7,1.8848560155923597,0.031048972687085216,2.527689926900552,0.6913554273932332,151.73103777121574,451.7146221973258,0.7086827263454961,1.4127563714217422,0.5522574128256021,0.5379945468100956
2024,12676,"Henry, Hunter",TE,16,5.7375,4.3,-4.0,17.3,5.577171662231673,0.9720560631340607,1.8,9.0,1.0666029342131234,-0.002853679529538413,2.9094000455959472,0.8723354497415128,191.4505301172898,569.9625149325594,0.9380152502025841,0.6614069629034224,0.6830601865443486,0.7561063359156648
2024,14867,"Kmet, Cole",TE,16,5.637500000000001,3.5999999999999996,0.0,21.0,6.524365390595471,1.157315368620039,0.6,7.45,1.5144025099026603,0.01806304033676414,2.613201612523679,0.7492326206069393,164.43328359390722,489.53015590181576,0.768387788904794,0.6738851988281075,0.9861133700814432,0.8802754886549884
2024,15329,"Pitts, Kyle",TE,16,5.6312500000000005,5.75,-3.2,24.7,7.1386026950307295,1.2676763942340916,-0.25,9.3,1.8047921060984984,0.03052336264484757,2.4832687831113387,0.691918528402711,151.8546209487721,452.0825385391621,0.5665560216499238,0.31554847628636484,1.0414809084656207,0.6278821441379309
2024,15337,"Gray, Noah",TE,16,5.61875,4.3,-1.0,20.7,5.454037352044813,0.9706851794518021,1.825,7.325,1.00838940280625,-0.0030084592847354234,2.851165705505028,0.8705790954587254,191.065064917391,568.814956267568,0.8198326425661084,1.0426398846836342,0.866719581442004,0.9070556386733943
2024,15798,"Likely, Isaiah",TE,15,5.553333333333333,4.2,-0.6,21.2,5.408372110800891,0.9738965385595844,1.5999999999999999,7.95,0.986800497558627,-0.0026458804729916612,2.8133862261016875,0.8665747302616141,190.18623116141177,566.1986025940698,0.9486707486172176,1.1800196182352325,0.6183859056507836,0.41379489540044695
2024,13675,"Conklin, Tyler",TE,15,5.146666666666666,4.1,-2.1,17.4,6.271402465867495,1.2185367485493839,0.05,7.4,1.3948106175935246,0.02497524617954975,2.319847381402122,0.7077955993806563,155.33914477081575,462.456225985928,0.7982556666797039,1.4084220301795534,0.8948877485901889,0.48764152659286825
2024,14137,"Fant, Noah",TE,13,4.915384615384616,3.8,-2.5,12.6,4.683825877642231,0.9528910236204851,2.1,8.0,0.6442607550960532,-0.005017510175888434,2.516978446791123,0.864802110620535,189.7971962206886,565.0404165442565,0.9707051709511187,0.7194054815669206,0.7029864049896377,0.8827131773873217
2024,13189,"Engram, Evan",TE,9,4.777777777777779,4.0,-2.5,11.4,3.8241274321450054,0.8003987648675591,3.1,6.5,0.23782584364491693,-0.022234663450578264,2.6537330901408622,0.9903921164979224,217.36030076927025,647.097835650039,1.0630023835183087,1.5759203589373145,0.9759198180326787,0.8350320430572529
2024,12677,"Hooper, Austin",TE,16,4.76875,4.550000000000001,-5.5,14.8,5.224547677789916,1.0955801159192484,0.95,7.449999999999999,0.8998948301764331,0.011092815638844341,2.275622852008279,0.7661199249891824,168.13952226297712,500.5639049933917,1.2558176896321185,1.7828405451514897,0.5808520429714775,0.6274967147039845
2024,14239,"Moreau, Foster",TE,16,4.4625,6.25,-4.0,11.8,5.143062681904626,1.1525070435640616,-1.15,8.425,0.8613716162975485,0.017520155929645304,2.0731639477523456,0.7264291821642986,159.4286372968501,474.63095040956097,0.7942516862243759,1.1615268379770414,0.5468634705777651,0.7664353044495654
2024,13763,"Dissly, Will",TE,14,4.414285714285714,3.3,-2.0,17.5,4.905369819006971,1.1112488263122589,2.725,5.15,0.748998867236102,0.012861892906499476,2.0908410506951918,0.7475036872505313,164.05383643545477,488.40051339529936,0.8082346960413024,0.7912925507723088,0.30107013028950996,1.1055108139418552
2024,14861,"Johnson, Juwan",TE,16,4.30625,5.050000000000001,-0.4,9.1,3.355120852890399,0.7791282096697588,0.30000000000000004,7.4,0.016096179589171568,-0.02463621754960725,2.42042702521103,0.9887785311725702,217.00616892008347,646.0435587083321,1.2263135232978064,1.3685382282295444,0.5825820285231347,0.8812244516646284
2024,15889,"Okonkwo, Chigoziem",TE,16,4.0125,2.4,-8.2,18.0,6.571232285500186,1.6376902892212302,1.0,7.875,1.5365595143503892,0.07229981737020139,1.5212172620860192,0.5299665693369912,116.31119734280355,346.26711407750054,0.6326731104408859,1.0293513263424448,0.7161329976538663,0.8051373242535923
2024,16213,"Kincaid, Dalton",TE,13,3.8538461538461535,4.6,-1.5,9.7,3.371284937553857,0.8747845147345338,1.3,6.6,0.023737985100499986,-0.013836133142311925,2.0556208585880347,0.8816277613791841,193.48990383479077,576.0338826754543,0.817682694813676,0.4804237246832978,0.801482760758938,
2024,13772,"Schultz, Dalton",TE,16,3.75625,2.9000000000000004,-1.3,13.7,4.416300594105886,1.1757206240548115,0.05,5.425,0.517784296409255,0.020141087487955775,1.7264394878969402,0.693508407581296,152.20355003522928,453.1213264679729,0.9087505140089972,0.8052207791780209,0.8473005062645912,0.7739348666102588
2024,14209,"Oliver, Josh",TE,14,3.607142857142857,2.35,-2.0,16.1,5.0305444587062755,1.3946063845918388,0.0,5.475,0.8081769940183249,0.04485440552542464,1.5063614965503802,0.5981454712493227,131.27434817864125,390.8135307235367,0.6433088073133727,0.3457700019329471,0.2822546595479682,0.2873471443630981
2024,16244,"Branch, Brian",S,15,13.413333333333332,18.0,-4.0,40.1,11.194097651093733,0.8345500236898907,3.85,20.6,3.019404438866543,0.109243905679652,7.311511357076356,1.0999857240056006,131.2072089932674,254.75013209658752,0.8586231175911792,1.2144226888224374,1.2656245616202069,
2024,14910,"Jones, Brandon",S,15,12.186666666666667,9.5,5.0,30.7,7.914869269644038,0.6494695790189309,5.75,14.75,1.6288375109199247,0.0950304398062211,7.388233661099125,1.3670045289574133,163.05743339333117,316.5900945154097,1.5973508757733854,1.9110375854519355,0.5672721239595354,
2024,15871,"Joseph, Kerby",S,16,11.84375,10.25,1.5,31.4,8.750640601550266,0.7388403674132151,3.5,16.75,1.9832489267423594,0.10189377241373718,6.811292296842262,1.2146637830253888,144.88610293559913,281.308886493406,1.0403180692975236,0.8987053242350517,1.3519695783457004,0.8527525397165806
2024,13737,"Bates, Jessie",S,16,11.681249999999999,8.75,2.0,28.8,8.181016039435445,0.7003545031084384,5.75,17.5,1.741697871041637,0.09893820614698255,6.869890942533082,1.2723264995753452,151.7641595652242,294.663227679451,1.2784589899820327,1.4122114857766876,1.2101515469771307,1.1284172184596648
2024,14908,"McKinney, Xavier",S,16,11.15,8.8,3.0,26.8,7.161441893920525,0.6422817842081189,5.25,15.275,1.3093443041590218,0.09447844482679295,6.789334270900621,1.366180160922993,162.9591020908251,316.3991757961194,1.2131413154434751,2.8035085019827592,1.4982155937002908,1.4557409006269415
2024,14182,"Hooker, Amani",S,14,10.964285714285714,8.0,3.0,31.4,8.112565838857389,0.7399082849772212,4.625,16.549999999999997,1.712671351975869,0.10197578437279975,6.3016457872831255,1.2032051025115567,143.51930202522857,278.6551244391846,1.1818180141244927,1.293250770035732,1.230899259125233,1.3621749204232572
2024,13806,"Elliott, DeShon",S,14,10.75,9.75,3.0,20.0,4.585497324640558,0.426557890664238,7.875,14.25,0.21700704990506145,0.0779116800104412,7.535621281372993,1.9246271862983646,229.5711262026233,445.73217565112293,2.004403512470967,1.5676347168512854,1.3655224902237875,1.3578594946200013
2024,14179,"Love, Julian",S,16,10.475,10.0,2.9,29.0,6.831590224830526,0.6521804510578068,5.125,13.125,1.169469684642046,0.09523862434608592,6.340106489756244,1.3375316761069016,159.54188707378162,309.76435760530694,1.5846322597999754,1.8100436623989344,1.300357566273268,1.4422106610242358
2024,15839,"Cross, Nick",S,16,10.3125,11.2,3.5,21.5,4.684265550756063,0.4542318109824061,6.5,13.5,0.2588900213824725,0.08003693058851076,7.091372862372878,1.814218549066262,216.40149243026661,420.16219387257837,1.4989451128113351,1.8845184637242152,0.5559551781088665,0.37099919073992976
2024,15834,"Hamilton, Kyle",S,16,10.1875,10.75,2.0,29.4,6.35067663717812,0.6233793018088952,5.25,11.8,0.9655367917784047,0.09302680692424661,6.275489645980024,1.3859268340650228,165.3145016322239,320.97238750388755,1.448595795250036,1.4229907230191425,1.120104111336388,1.0988572254278364
2024,13251,"Baker, Budda",S,16,10.1,9.5,0.0,19.8,4.843294333405725,0.4795340924164084,6.0,13.5,0.32632666806289307,0.08198004842746721,6.826473314653028,1.728477024040869,206.174172249745,400.30496813801005,1.6128779772252235,1.3469897559189692,2.1171133865635765,1.5990521089854277
2024,15365,"Moehrig, Trevon",S,16,9.868749999999999,8.75,2.0,24.3,6.295406931843247,0.6379133053166052,3.95,13.625,0.9420995024481469,0.09414296245990258,6.025196796415541,1.3527346852887032,161.35531461153124,313.2852838435368,1.3652603023371261,1.020293743327319,1.2163830111793363,0.8410452169093787
2024,14224,"Gardner-Johnson, Chauncey",S,16,9.84375,6.25,0.5,40.1,9.426092028911027,0.957571253730644,4.0,12.625,2.2696761916548995,0.11869146270276357,5.02855259099267,0.9441457041338,112.61848223927346,218.65851310383607,1.0011637031192402,0.9163609456402815,,1.3320883984681287
2024,16708,"Smith, Tykee",S,12,9.616666666666667,7.5,-2.6,26.0,8.95822092952737,0.9315307725678373,1.75,17.5,2.0712740062428185,0.11669165396557749,4.978779941404698,0.9657012768367137,115.18964881978297,223.6506551595423,1.00475928296748,0.9512715298916395,,
2024,11768,"Ward, Jimmie",S,10,9.209999999999999,6.5,1.0,36.8,10.001444895613831,1.0859332134216972,3.625,9.625,2.5136563526165774,0.1285491672093584,4.415289972248064,0.8371627624724036,99.85746827432322,193.88190198466896,0.8371627624724036,0.7909132613742225,1.0610047997176888,1.1974418418574877
2024,12752,"Byard, Kevin",S,16,9.0625,8.5,1.5,17.5,4.294309461368615,0.47385483711653675,6.375,12.0,0.09352793671612294,0.08154390347690404,6.148841644221869,1.7117435363623952,204.17818796822118,396.4295922094893,2.0065438626497683,2.271455369053896,1.324856562397195,1.1273188077471143
2024,14909,"Winfield, Antoine",S,9,8.766666666666667,8.5,0.0,25.7,6.999047554250982,0.7983704434506823,4.2,10.5,1.2404804826247728,0.10646545315345851,4.8747835567433695,1.0959638140928096,130.72747224490485,253.818681752093,1.094425234556825,1.3160005436166902,1.6438529905381,1.3217900681768733
2024,15003,"Stone, Geno",S,16,8.7,5.25,2.5,23.9,6.955393590588529,0.799470527653854,3.5,14.55,1.221968884443266,0.10654993538661651,4.834755482960336,1.093597683248804,130.44523819642615,253.27069996295376,1.2170449260217446,1.4772514192669701,1.138969348799167,0.582004958869371
2024,15418,"Bynum, Camryn",S,16,8.65625,7.75,1.5,19.5,5.352332289525754,0.6183199756852856,4.25,10.5,0.5421857862793331,0.09263827014863897,5.348911296935865,1.3626884749516541,162.54261089372844,315.5905221535983,1.7992505204141362,1.975991055926983,1.6755535339160594,1.0052919273766212
2024,15469,"Hamlin, Damar",S,13,8.584615384615384,8.5,3.0,19.5,4.593615327293735,0.5350985596309906,4.0,10.5,0.2204495140147128,0.08624718567113386,5.5922242456399465,1.5347167944723032,183.0622914491385,355.4312547793393,1.7958706786305934,1.7962437954098227,,1.383220983369217
2024,13714,"James, Derwin",S,15,8.520000000000001,6.5,2.0,21.8,5.16439089664341,0.6061491662727007,5.0,11.45,0.4624886578899793,0.09170359882479732,5.304613157302122,1.3821316887349324,164.86181355126254,320.09345448406106,1.3118181810068361,1.441949423202449,1.3985190310704363,1.7734219787284051
2024,16295,"Conner, Chamarri",S,14,8.5,4.75,-1.5,25.0,7.935003825725966,0.9335298618501137,3.125,12.125,1.6373756316421044,0.11684517632901296,4.396104848293735,0.9513146458344552,113.4735995480265,220.31879723787392,0.9010964275420651,1.0697674418604648,0.616850454989269,
2024,10783,"Smith, Harrison",S,15,8.473333333333333,9.0,0.5,17.0,4.392792075915069,0.5184255006980806,5.75,10.5,0.1352897937251404,0.08496675891092194,5.580341827398055,1.5712330855803571,187.41798492271036,363.8882099747022,1.3024261290345656,1.4654052103162367,0.884049221269429,1.308626825139638
2024,15850,"Pitre, Jalen",S,12,8.433333333333334,9.0,-0.5,17.0,4.952664827028868,0.5872725091338579,6.475,9.850000000000001,0.37270556383785114,0.0902539442028604,5.31309733193529,1.416732434697257,168.9890192119594,328.1067808501928,1.3209998050039904,1.5451818168473457,1.283721217300587,1.1454116393145193
2024,13325,"Woods, Xavier",S,16,8.412500000000001,5.75,1.0,25.5,7.070703200531048,0.8404996375074052,3.625,12.375,1.270866280845283,0.10970081312390238,4.570769713050897,1.0423503121074336,124.33240928514195,241.40211450502056,1.0675718814074593,0.9782340131628918,1.0851222225076158,1.6835407605751183
2024,14927,"Chinn, Jeremy",S,16,8.3625,6.5,0.5,21.5,5.7778537321396435,0.6909242131108692,3.875,11.7,0.7226294688780489,0.09821399616739608,4.945520287165995,1.2337976490029852,147.16840633043745,285.7401757173799,1.2481028384326445,1.3059134710123381,0.7059837311885061,1.2170945823390837
2024,14921,"Dugger, Kyle",S,12,8.291666666666666,9.0,0.0,15.8,5.071235604421821,0.6116063040508729,4.875,12.675,0.42298586837420965,0.09212268600450751,5.144970360208349,1.3657296812246347,162.90536849897947,316.2948473851599,1.2680902630925417,3.6154181281361923,1.2545615413592155,1.2154529731527837
2024,15402,"Molden, Elijah",S,15,8.22,6.0,0.5,22.0,6.553696158148724,0.7972866372443702,3.0,13.0,1.051627846974896,0.10638222100781386,4.5735609610958,1.088208981126741,129.80246934033838,252.02270869591646,1.064738828086946,1.569044865892605,1.010356778536445,
2024,14186,"Rapp, Taylor",S,13,8.138461538461538,7.0,0.5,18.5,5.510764076791818,0.6771260207778227,3.5,10.5,0.6093692752226276,0.09715434809820402,4.8526237370564775,1.2500009895108606,149.10115421798645,289.49277272359905,1.367853907069465,2.0384903323083297,0.6752125497578993,1.2088340576677774
2024,15001,"Curl, Kamren",S,16,7.98125,6.25,1.5,26.0,6.28333298795313,0.7872617682635088,3.375,10.375,0.9369795092331401,0.1056123496505324,4.465630128570662,1.095823850591652,130.71077728246394,253.78626704012862,1.1686626027701974,1.620689655172414,1.5739237191312494,1.7286693364941241
2024,16018,"Blankenship, Reed",S,15,7.906666666666667,5.3,-0.5,19.2,6.053920676351447,0.7656729354576028,3.25,11.75,0.8396965096160003,0.10395441037510285,4.477990520151189,1.120889648387185,133.70064642182447,259.5913562882559,0.986914706050699,0.6785815201806474,1.5050566435879382,0.676610023443758
2024,15872,"Bryant, Coby",S,16,7.824999999999999,5.5,0.0,31.4,8.557854579273942,1.0936555372874048,1.375,9.5,1.9014974182886168,0.12914221196308134,3.7374820550176437,0.8186983736882113,97.6550206740777,189.60565968515363,1.2683388458074505,1.3602086654522205,0.6666666666666666,1.261796978526908
2024,16705,"Bullock, Calen",S,16,7.8187500000000005,5.5,-1.3,25.7,7.094207033735342,0.907332634210755,3.0,11.125,1.2808331539422448,0.11483333006566243,4.09931118450944,0.9659686202011785,115.2215377579108,223.7125702880083,0.9660737137876052,0.7598820170459983,,
2024,15923,"Lake, Quentin",S,16,7.6875,8.25,0.2,13.8,3.854684649877341,0.5014223934799793,5.75,10.25,-0.09289632303435931,0.08366098571258959,5.120144759651548,1.5835220110938066,188.88381814486738,366.73425181829657,1.2381092850830995,1.3126469235364537,1.125891889550147,0.17445763018700947
2024,11313,"Mathieu, Tyrann",S,16,7.65,4.5,0.5,22.5,7.204599225494781,0.9417776765352655,1.875,11.625,1.3276453039689393,0.11747857675533137,3.9396889213650743,0.9324038615108179,111.21790551779608,215.9391723942408,0.8873915519623626,1.0956008274534583,0.9167914500833305,1.3169379793173819
2024,13717,"Reid, Justin",S,16,7.6,6.75,-4.3,16.0,5.173127680620303,0.680674694818461,4.875,10.625,0.46619351813198245,0.09742687260754487,4.521993472877818,1.2311425250216625,146.85170094097853,285.12526484152625,1.1752374915084034,1.1361836199555482,1.6253381644478044,1.4286766681163041
2024,16457,"Izien, Christian",S,14,7.571428571428571,7.0,-1.0,26.6,6.885536452949615,0.9094104749178736,3.0,11.5,1.1923457493694152,0.11499290023545299,3.965322632764036,0.9601665804989652,114.52946565262623,222.36885250303007,0.9844112463596253,1.0493016476959982,0.9840773658612791,
2024,14995,"Metellus, Josh",S,16,7.525,5.5,2.5,19.8,4.918650729620879,0.6536412929728742,4.375,8.625,0.35828178072866906,0.09535081138315081,4.5505636754339545,1.271404639969694,151.65419938728604,294.44973049381576,1.3659487155706374,1.5734029337526632,1.6358551800515089,0.5471266869408159
2024,14283,"Wilson, Donovan",S,16,7.50625,6.25,1.0,14.0,4.218629627912363,0.5620156040516054,3.9499999999999997,11.200000000000001,0.06143566948884079,0.08831431109308861,4.805489766254609,1.4383565294329512,171.56835915734038,333.1147921999467,1.4696517514844736,1.4689782726615102,1.1234654947711773,1.495068584609046
2024,12716,"Mills, Jalen",S,9,7.5,5.0,0.0,18.5,6.164414002968976,0.8219218670625301,2.5,12.5,0.8865515461917738,0.10827411184980448,4.116532182629867,1.0468406762774953,124.86802364563721,242.44205606109773,0.9821393743365067,0.8193249784939743,0.835641882697787,1.0390141039270773
2024,16676,"Kinchens, Kamren",S,16,7.475,2.75,-2.0,43.5,11.708410438654768,1.5663425335993002,0.875,5.75,3.237500365654734,0.1654427541561694,2.912705495129794,0.5881931525648187,70.16016682102689,136.22202547188053,0.784096406106478,1.1731971703806265,,
2024,14907,"Delpit, Grant",S,15,7.466666666666667,7.0,3.5,14.5,2.8485473880948904,0.3815018823341371,5.75,9.35,-0.5195519378503437,0.07445155196757082,5.40474592336512,1.940125952395462,231.41983187039727,449.32159742670007,2.2951614894030006,1.959059966960905,1.5203420921388147,1.3529545378644972
2024,16263,"Martin, Quan",S,16,7.43125,6.25,1.0,25.9,5.943664563003198,0.7998202944327263,2.875,10.125,0.7929420640600525,0.10657679612916553,4.128884435288696,1.0702201888603209,127.65675128697876,247.85661171291116,1.1154088902515547,1.141072744314561,0.8098085431930447,
2024,15510,"Washington, Ar'Darius",S,16,7.2125,5.5,1.0,18.3,5.473330224826563,0.7588672755392115,2.75,10.625,0.5934953346264192,0.10343176188477636,4.100650515422707,1.1141869408019025,132.90114190483814,258.0390491941805,1.6308088511476744,1.3416709953479433,,
2024,16679,"Nubin, Tyler",S,13,7.184615384615384,6.5,-0.9,15.3,4.790671408516628,0.6667958063245842,3.5,12.0,0.3040117541592001,0.09636102738375812,4.310435241889662,1.2407223407718513,147.9943893048555,287.3438930242036,1.3922265365879969,1.129780273014071,,
2024,14933,"Blackmon, Julian",S,15,6.9,6.5,1.0,17.6,4.513092066421867,0.6540713139741836,3.0,9.7,0.1863033764256817,0.0953838353411267,4.1715250979243415,1.2515662566248908,149.28786057687716,289.85527925015066,1.067515759785501,0.9843613696606384,1.417636529917325,0.7772612438753264
2024,13760,"Whitehead, Jordan",S,12,6.75,6.75,1.5,15.5,3.766629793329841,0.5580192286414579,4.0,9.125,-0.1302362570422206,0.08800740484153657,4.332424065064832,1.4160948705195393,168.91297002833204,327.95912478980125,1.5324949628095947,1.540837147642732,1.157023967991992,1.391394690911418
2024,13288,"Jenkins, Rayshawn",S,12,6.508333333333333,4.55,1.0,29.3,7.3325141587922555,1.1266346978938167,2.375,7.3,1.381888026689987,0.13167488457820814,3.060390832416624,0.7810767805855938,93.16748586235349,180.8927231411453,0.7209898944938178,1.1535852553727546,1.363926934723983,1.0152304559859315
2024,15281,"Chase, Ja'Marr",WR,16,20.393750000000004,14.9,2.0,58.8,15.09803251875886,0.7403264489737716,11.65,24.125,3.2967376545546587,0.037691461985833244,11.718347446840049,1.2668473601500925,193.9497091282469,409.6420535990404,1.2405756187925168,1.868793033251872,1.0320056736427705,1.2675164423129783
2024,14836,"Jefferson, Justin",WR,16,16.674999999999997,17.05,1.9,33.4,9.146413231425749,0.5485105386162369,11.95,22.4,1.3302431458851567,0.028000984204633303,10.768412344743181,1.6434378947186707,251.6043460936452,531.4146718317181,1.5447078258244664,2.004869104436116,1.4634765232608185,1.39515220008775
2024,15290,"Collins, Nico",WR,11,15.82727272727273,17.4,6.8,29.7,7.276748888079434,0.4597601250366098,8.600000000000001,19.5,0.7124810736251214,0.023517342001738745,10.84237913874774,1.9122572088743583,292.7596023846425,618.338873879844,1.8116090530832551,2.091963342344622,1.1104016079588206,1.5773187980778491
2024,14104,"Brown, A.J.",WR,13,15.815384615384612,15.4,4.7,24.8,6.6249930222135855,0.41889547319443887,9.5,21.8,0.4971322300009789,0.02145287300135755,11.146264763096715,2.0741507001134676,317.54490527374634,670.6880236682208,1.9157202773081257,2.1601885585371012,1.3032344461458618,1.3485159379498524
2024,16211,"Nacua, Puka",WR,11,15.700000000000001,15.4,-2.8,38.1,10.230702455221378,0.6516370990586865,10.15,19.0,1.6885067883432199,0.033210904699530745,9.505720117904753,1.3979535173866846,214.02158349987332,452.03594980095795,1.4746615364996396,1.668299810875539,1.1517123593638596,
2024,11671,"Evans, Mike",WR,13,15.0,11.8,2.4,35.8,9.707649640281707,0.6471766426854472,7.0,23.6,1.5156831518394323,0.03298556388552673,9.106491441953061,1.400867651064213,214.46772673456462,452.97825093499785,1.5859918862735023,2.052061760689586,1.3124341368705648,0.9439860491565003
2024,15287,"St. Brown, Amon-Ra",WR,16,14.956249999999999,13.85,-0.9,38.4,9.32369084308891,0.6233976326344445,8.925,16.924999999999997,1.388818036686323,0.03178425598500554,9.212930768987905,1.4487309071263315,221.79541662301244,468.4550977296266,1.438535692437664,1.7205178311442955,2.122747961379307,1.1926819633199108
2024,14835,"Higgins, Tee",WR,11,14.181818181818182,13.9,1.1,28.7,8.497038861949944,0.5991501761631371,7.65,17.450000000000003,1.1156811804780746,0.03055928232276946,8.868346696396463,1.49328842263012,228.61700969197796,482.863015153933,1.6334265426615615,1.382131381261877,0.7862584141600227,1.115917029239517
2024,16618,"Thomas Jr., Brian",WR,16,14.118749999999999,14.95,0.9,25.4,7.76347367081901,0.5498697597746975,8.125,20.7,0.8733014430542995,0.028069651618151028,9.109636413612215,1.611090593791959,246.65209233114274,520.9549943703115,1.7360772546343481,2.863329215310722,,
2024,15756,"Williams, Jameson",WR,14,13.328571428571427,12.15,-2.1,28.5,9.805204781967918,0.7356530918946992,9.45,19.924999999999997,1.5479166737024164,0.03745536549699688,7.679283084168333,1.2335325148871392,188.84932785765974,398.8695153611002,1.2504284459444208,1.2597972370558894,0.6745897074517047,
2024,14109,"McLaurin, Terry",WR,16,13.262500000000001,15.05,-5.5,27.4,9.382222218110163,0.7074248609319632,7.675000000000001,21.225,1.4081575848004204,0.036029284394354766,7.7675453271547985,1.2774240159169048,195.5689565404054,413.0620733463395,1.3924259186884667,1.2343793182509009,1.1685358967943489,1.7573894905936012
2024,16185,"Smith-Njigba, Jaxon",WR,16,12.81875,12.45,-0.4,38.0,9.68957034328664,0.755890421709343,4.675,16.799999999999997,1.5097095106260114,0.038477748856928194,7.300427089021345,1.199182903366228,183.59052764801197,387.76237976894157,1.5521369520140316,1.7384208035379314,0.9839406582273647,
2024,11938,"Thielen, Adam",WR,9,12.577777777777778,9.9,2.5,28.5,7.560831491278336,0.6011261786352033,9.3,17.4,0.8063457602303533,0.03065910932885807,7.855581868319116,1.4692238470751182,224.9328109668574,475.08160244437636,1.389238350677733,1.8415184401122526,0.9102909816773881,1.1573134189392997
2024,14832,"Lamb, CeeDee",WR,15,12.486666666666666,10.2,-1.2,32.2,8.616176001503735,0.6900301122400215,6.85,18.6,1.155045682708543,0.03515050731379547,7.388428511558548,1.2985064608545076,198.79660194740683,419.87919773779356,1.2565647387904733,1.7559869819361582,1.6911231424640625,1.3970196903057654
2024,16627,"McConkey, Ladd",WR,15,12.453333333333335,11.4,-0.3,29.7,7.95310142159788,0.6386323411347333,6.55,16.25,0.9359569847808423,0.032553908533378244,7.59983372762529,1.3909518888383998,212.94965971246222,449.7719347449395,1.7040064121619167,3.244912128510431,,
2024,15282,"Smith, DeVonta",WR,13,12.407692307692308,14.7,-1.9,30.0,8.534316388148365,0.6878246314068738,7.7,18.0,1.127998173052179,0.03503908713509057,7.351292353963319,1.3013719917157032,199.23530426823027,420.8057828841623,1.1352512682368805,1.2663367996955925,1.1655977730508662,1.0750573049668701
2024,16186,"Addison, Jordan",WR,14,12.407142857142858,9.5,1.8,34.4,9.962462710861514,0.8029618765230926,5.75,14.4,1.5998767939124185,0.040855783536904264,6.881533668958832,1.1317842700481862,173.2720427706177,365.96866141687406,1.1474643958878505,1.3432467262969847,0.9832678280224635,
2024,11675,"Adams, Davante",WR,13,12.23076923076923,9.8,-3.3,46.1,12.162640440513199,0.9944297215513936,4.4,16.7,2.326844903694809,0.050528677170193534,6.132464382477897,0.9292033225434185,142.25763876316148,300.462999119831,0.8789198440856284,1.1363477567995366,0.9354794416888349,1.0360322852277144
2024,16184,"Reed, Jayden",WR,16,11.8625,9.4,-2.3,39.7,10.904177811738032,0.919214146405735,6.375,14.625,1.9110320417869235,0.04672881062945354,6.180915257536971,0.9964988920362954,152.5603449449203,322.22339121782846,0.9180256685426992,0.8937151721604629,1.2932802954951939,
2024,14833,"Jeudy, Jerry",WR,16,11.775,9.850000000000001,-1.4,50.0,11.995285532241407,1.0187079008272957,3.8,14.0,2.2715486066322943,0.0517552029385857,5.832938978033641,0.9060978283844654,138.7202719008566,292.99171064860366,1.0477468839907378,1.0408082479951655,1.2544106168019158,1.1764498188578363
2024,14860,"Jennings, Jauan",WR,14,11.52142857142857,8.95,-1.4,44.0,11.691949524072939,1.014800330669691,3.175,17.075,2.171322337856236,0.05155779375745904,5.71839720097674,0.9077745345248789,138.97696949399696,293.53388279044697,0.9032250481351846,0.9010890171926418,0.5338715961919109,0.5810868189377373
2024,12186,"Diggs, Stefon",WR,8,11.299999999999999,13.850000000000001,1.6,17.4,5.280624963013374,0.4673119436295022,8.775,14.6,0.052935066436688494,0.02389885743570703,7.701157241348851,1.7991840090032034,275.4485079978552,581.7760335099143,1.3643068798398243,1.8459691742364126,0.9694623100726889,1.68305650568403
2024,16615,"Nabers, Malik",WR,14,11.278571428571427,8.5,2.3,39.7,9.40874810037587,0.8342145244158468,4.575,14.375,1.4169220906088054,0.042434657205120296,6.148992540642639,1.083566565335955,165.89008808693666,350.37720170399245,0.8417271065676016,1.060165356398377,,
2024,15751,"London, Drake",WR,16,11.10625,9.45,1.5,32.3,7.300468199882799,0.657329719741839,7.1499999999999995,13.9,0.7203182510652187,0.033498494056138674,6.701291763313104,1.3380269320418356,204.84704190766016,432.65835921030174,1.8438286780718893,2.2887618167621264,0.9230051837889062,0.8430457183943623
2024,16190,"Flowers, Zay",WR,16,10.95625,7.75,1.0,31.9,8.808019694431888,0.80392649806566,3.525,17.025,1.2184334013196805,0.04090451590539284,6.0735567728221325,1.1170705546421338,171.01942662050664,361.2109007074126,1.1636968592334738,1.5878083901201445,1.3524542344026038,
2024,13630,"Sutton, Courtland",WR,16,10.38125,10.25,-0.4,24.8,7.352484167783022,0.7082465182692856,4.525,13.4,0.7375050216398455,0.036070794257411706,6.0771380997853806,1.2428937058081808,190.28249203618785,401.8965078731056,1.5382517234637985,1.6265998204330225,1.313563877410061,1.0638298796428238
2024,14974,"Mooney, Darnell",WR,16,10.275,9.2,-1.0,27.4,7.9203456363974425,0.7708365582868557,4.025,17.125,0.9251340358296364,0.0392328228450515,5.802342374239354,1.1518611967315704,176.34574700122855,372.46064595679877,1.0588258665839285,0.7935300087680212,0.5361255236383903,0.951738942943319
2024,12801,"Hill, Tyreek",WR,16,9.9625,7.95,0.6,22.7,6.9815717249055025,0.7007851166780931,5.05,14.774999999999999,0.6149505962134384,0.035693846661139374,5.857588887806336,1.2481877433880921,191.0929898759719,403.6083640084876,1.6634970623749488,1.4659702817898421,1.6308037182767343,1.5814500020786406
2024,14127,"Meyers, Jakobi",WR,14,9.871428571428572,10.45,2.8,17.5,4.66513337298679,0.4725894878568383,5.675,13.15,-0.15043157606606056,0.024165477263952635,6.70344902827953,1.7424882913611133,266.7686004640874,563.4431617404017,1.9236786212439558,1.6817007879153045,1.488167164084764,1.1736121548937768
2024,15768,"Pierce, Alec",WR,15,9.726666666666667,7.8,-4.0,30.8,11.13579613478783,1.1448728034394615,-0.10000000000000003,16.0,1.9875618294623651,0.05812901303208415,4.534845446811223,0.8014856675768242,122.70453172714258,259.1647937423727,0.6341477994094902,0.8152985074626867,0.6798866037959727,0.7261626004737192
2024,15762,"Pickens, George",WR,13,9.715384615384615,9.8,0.2,21.7,6.090831211917713,0.6269264113612849,5.1,11.8,0.3206380330479874,0.03196252874550533,5.971618966622799,1.3701333912808076,209.7624236864079,443.0401591888628,1.356170658512125,1.5336458682201857,0.8029650581006685,0.9625372039167311
2024,13629,"Ridley, Calvin",WR,16,9.675,9.8,-6.7,22.9,8.631012397164078,0.8920943046164421,3.1999999999999997,16.725,1.159947826005344,0.04535872498953479,5.11338149287505,1.004567287531358,153.79558686010546,324.8323512265979,1.8390635732782163,1.3540729191646772,0.7447205697530412,
2024,13164,"Kupp, Cooper",WR,12,9.666666666666666,7.0,-3.0,23.7,8.652777331906535,0.8951148964041243,3.7249999999999996,17.1,1.1671392511597862,0.04551132431015449,5.100834089272704,1.0014388951783049,153.31664140384956,323.8207683727516,0.951579165848616,0.5272102551477775,0.8439261312233349,1.8711121279801421
2024,15753,"Wilson, Garrett",WR,16,9.6625,8.95,-2.4,22.5,7.622899300791005,0.7889158396678919,5.275,13.725,0.8268537935367817,0.04014618229576879,5.401316141173987,1.120562778590448,171.5540733666671,362.3401305063724,1.203965480793184,1.3851906661736817,0.8983275642067508,0.8390368351811145
2024,16187,"Downs, Josh",WR,13,9.476923076923079,9.0,-1.9,22.9,8.214635517561964,0.8668040724700123,1.4,15.4,1.0223713434139314,0.04408107063729905,5.076549390844182,1.028464235927859,157.4541224787967,332.55956077355796,1.041096147609832,0.8571668089236529,0.8082240737997081,
2024,14102,"Metcalf, DK",WR,14,9.071428571428573,7.0,0.3,22.3,7.069797791756603,0.7793477880676569,4.675,10.675,0.6441016671418915,0.03966280742207542,5.098176215050122,1.1241209266352556,172.09881285149655,363.4906772241015,1.22673631170401,2.114741277451607,1.333879521962518,0.9164736800229266
2024,15761,"Shakir, Khalil",WR,15,8.966666666666667,9.3,-0.1,21.2,6.1168256110138985,0.6821738599643753,4.949999999999999,11.2,0.3292269297181098,0.0347536119885915,5.330404234706489,1.2599250223006702,192.8899244575634,407.40367762609935,1.078991274147889,0.6948910241047858,0.8111006045312951,0.35541022803473105
2024,13635,"Moore, D.J.",WR,16,8.8875,6.449999999999999,-0.4,28.3,7.838995072711808,0.8820247620491486,4.125,11.025,0.89825472298356,0.04485001495430714,4.722307686495734,1.0054876065535934,153.93648434490314,325.1299414384053,1.0285664135719363,2.4374982660543605,1.052686469959162,0.8531506314831252
2024,15293,"Bateman, Rashod",WR,16,8.65625,6.55,0.0,27.7,7.346084735251834,0.848645167971331,3.0,11.275,0.7353905636539382,0.04316368865241882,4.6824832314895835,1.0371629661795911,158.7858663456416,335.37234298877405,0.8792815907855944,0.9067252250724068,0.8378763731602503,
2024,16617,"Coleman, Keon",WR,12,8.308333333333335,8.45,-1.0,22.0,5.705619792995518,0.6867345788961504,4.6000000000000005,9.55,0.1933590349441413,0.03498401803463995,4.925690999214919,1.2390105001199088,189.68798741201883,400.6408519805893,1.4380009746076858,1.515142254928508,,
2024,15284,"Waddle, Jaylen",WR,15,8.28,6.4,-2.0,31.3,8.78606472394401,1.0611189280125617,2.95,10.3,1.2111791858166323,0.05389779432138933,4.017235438220932,0.846101086961028,129.53498966895484,273.59143470451863,0.8079876356097997,0.9145492800705511,1.5945677743234636,1.3864395868649233
2024,16204,"Dell, Tank",WR,14,8.142857142857142,7.8999999999999995,-4.0,21.6,7.290768554991235,0.8953575418410289,2.725,12.15,0.7171133588343095,0.04552358267918473,4.296211645085018,0.982159505339822,150.36503715462032,317.58667175306346,1.0607955072336395,1.3481036545678349,1.2170513868814035,
2024,16620,"Worthy, Xavier",WR,16,7.99375,7.5,-5.0,20.6,7.160610025514586,0.8957760782504564,2.3,12.825,0.6741072421599648,0.045544727003284956,4.216610860169279,0.9795529960391577,149.96599008975213,316.74384265128225,1.0204875023796278,2.478774300248287,,
2024,15754,"Olave, Chris",WR,8,7.925000000000001,8.25,-5.5,21.7,9.169071654207967,1.156980650373245,0.8999999999999999,14.575000000000001,1.3377297914223094,0.05874069754496579,3.674117335558228,0.779323842872189,119.31163721560021,251.99864597344725,0.8281968410056191,0.5227907888414863,1.1775885700442064,1.6049297225769321
2024,15779,"Doubs, Romeo",WR,13,7.9,7.8,1.6,17.8,5.285247974678781,0.6690187309719976,2.6,12.4,0.054462571240782146,0.034089019124674,4.733320155969265,1.256911426856431,192.428553989245,406.42921498337927,1.2970178506744932,1.3600398665787734,1.3202598591919308,0.7427971470456929
2024,16614,"Harrison Jr., Marvin",WR,16,7.69375,4.95,-3.2,30.0,9.206754908082434,1.196653765469691,1.525,11.7,1.3501808418399084,0.06074497049415181,3.5024864277392913,0.7537900213423898,115.40250229183924,243.74214450632564,0.8180496680400552,1.0419072205251705,,
2024,15789,"Watson, Christian",WR,14,7.507142857142857,5.1,-2.7,31.0,8.519596258518549,1.1348653436656488,0.775,11.25,1.1231344456048362,0.05762343939951309,3.516447948071888,0.7885988705062086,120.73161010922601,254.99777711323782,0.8683244379674039,0.9656090700451561,0.9332527094350831,0.8390484620256998
2024,14136,"Samuel, Deebo",WR,15,7.493333333333334,7.1,-3.7,23.2,7.942331032022162,1.0599196217111426,1.0,11.7,0.9323983042042875,0.053837205754752225,3.6376823903006175,0.8379619705980443,128.28892064689472,270.9596067145868,0.668091233263896,0.630130299075514,1.197756721213786,1.1364621995709203
2024,11222,"Allen, Keenan",WR,14,7.371428571428572,3.6,-2.2,26.2,8.065573097291667,1.0941668930434432,2.65,12.625,0.9731191287209658,0.055567366831035164,3.519981428373986,0.8131232843548282,124.48620839951805,262.9278810612549,0.9019778695615255,1.1847295108067362,1.1683478345721239,2.3127589370957127
2024,13633,"Kirk, Christian",WR,8,7.1625,7.75,-2.7,16.6,5.748247015395216,0.802547576320449,2.95,10.425,0.2074436385993597,0.04083485322460128,3.973542831319245,1.0613867547616027,162.49444000435662,343.2052381052848,1.159167910994548,1.5856882031871995,1.7601051551269749,1.2246729989255114
2024,16809,"Coker, Jalen",WR,10,7.0699999999999985,5.85,-2.4,23.0,7.8368424764059155,1.1084642823770745,0.65,12.7,0.8975434764117356,0.05628966631812397,3.353151418827597,0.8000595256593823,122.48619460243113,258.703642918555,0.8000595256593823,0.6908091805364108,,
2024,13632,"Lazard, Allen",WR,11,6.9818181818181815,2.6,-4.0,24.8,9.450042634037372,1.3535217314376444,0.09999999999999998,12.6,1.4305663561041204,0.0686698894227279,2.96654077528035,0.6681138466437775,102.28579250918001,216.0382827373028,0.5739232346697134,0.233592504405408,0.3426224875712258,1.3918070667169018
2024,16628,"McMillan, Jalen",WR,12,6.900000000000001,4.300000000000001,-1.0,19.0,6.801102851743972,0.9856670799628944,1.2,13.175,0.5553212699873407,0.05008599134992089,3.4749027516379734,0.8844903254233437,135.41224202597036,286.0048058607273,0.8538007156604384,1.9501438529063964,,
2024,16188,"Johnston, Quentin",WR,14,6.692857142857142,6.85,-5.0,26.0,7.734566594720305,1.1556449554544748,0.4,10.025,0.8637501589977435,0.05867321866947169,3.1048049568283784,0.7662494836209395,117.31000051209266,247.77098008279177,0.6960967669283562,0.8970063937763931,0.6216296834357647,
2024,11232,"Hopkins, DeAndre",WR,16,6.40625,5.0,-6.4,22.7,6.830946928318211,1.066294154664306,3.2,9.55,0.565182151516584,0.05415924509879317,3.100357219488321,0.8180683713784047,125.2432831821682,264.52690211721216,1.0821742328137178,0.9768409564589966,0.9117745944859926,0.9434805754070114
2024,14842,"Pittman, Michael",WR,15,6.313333333333333,4.7,-5.8,23.3,7.852122147688625,1.2437363486307222,0.9,9.3,0.9025920838950258,0.063123567374635,2.813758994984482,0.7131999793949754,109.1883149502232,230.61713145262988,0.6665648028174552,0.8760329405177449,1.5688874522442329,1.1335173240743674
2024,15319,"Palmer, Joshua",WR,15,6.22,5.2,0.0,14.6,4.277725252202779,0.6877371788107361,2.95,9.4,-0.27843639380652857,0.035034669058205285,3.6854079403423006,1.178538044852551,180.42987512611143,381.08675135163776,1.236811010807371,1.2421966943428109,0.813419654665191,0.8893233651791743
2024,16788,"Vele, Devaughn",WR,12,6.083333333333335,5.25,-1.0,13.1,4.731425671918442,0.7777686036030315,1.8,11.35,-0.1285277150288424,0.03958302753343977,3.4218926585856835,1.0613996728840245,162.49641772177154,343.20941525113835,0.9892476466774447,0.8904585037895743,,
2024,15788,"Tolbert, Jalen",WR,16,6.0562499999999995,6.050000000000001,-3.0,17.9,5.346373624944294,0.8827861506615967,3.35,6.85,0.0746593025474727,0.04488848006086704,3.2166425262220453,0.9542851331973318,146.09757247084977,308.5733403870173,0.916276590590112,0.8746652193085641,0.4673305987255571,-0.04758623785704632
2024,15109,"Westbrook-Ikhine, Nick",WR,16,6.0562499999999995,4.9,0.0,22.9,6.088305259881439,1.005292922168246,1.35,8.525,0.31980342475591006,0.051077482553511896,3.0201323373004327,0.8544002801737828,130.80556587272275,276.2750244232399,1.2251366923967508,1.0305321724170982,0.9811522709792354,0.4672227290548864
2024,13172,"Brown, Noah",WR,11,6.054545454545456,5.3,-2.7,15.1,4.6695072031919125,0.7712399284551206,3.3,9.35,-0.1489864041447765,0.03925320097555113,3.418252579607464,1.0679138834388935,163.49371959258832,345.31582102125174,0.9895990272858454,0.7681554103289451,0.6648904033071591,0.6459597131972872
2024,16622,"Pearsall, Ricky",WR,10,6.0200000000000005,0.7,-2.5,28.9,9.7576431580582,1.6208709564880728,-0.75,11.275,1.5322016778791914,0.08217628584387562,2.296946358651213,0.5596021276733477,85.67304420710558,180.95042227608482,0.5596021276733477,0.5059125478460886,,
2024,13793,"Valdes-Scantling, Marquez",WR,13,5.93076923076923,0.5,-3.0,29.8,9.58142310093095,1.6155447511297323,-1.0,10.2,1.4739762172225095,0.0819072076710228,2.2675082229839703,0.560488808943614,85.808791874794,181.2371355359969,0.6637188595470324,1.1931084063863033,0.3115771312941278,0.753606389195944
2024,15777,"Austin III, Calvin",WR,16,5.7875000000000005,3.95,-2.7,21.0,7.123541517391472,1.2308495062447466,-0.15,9.725000000000001,0.6618593119498088,0.062472528263341494,2.5943031942760975,0.7124355784493371,109.07128795413243,230.36995820745912,0.82080874699938,0.9996483902519151,0.4793333405795981,
