season,player_id,player_name,position,games_played,mean_score,median_score,min_score,max_score,std_dev,coefficient_variation,floor_score,ceiling_score,std_dev_vs_position,cv_vs_position,value_score,consistency_score_std,consistency_index_vs_avg,consistency_index_vs_replacement,consistency_score_trailing_10,consistency_score_trailing_5,consistency_score_last_season,consistency_score_2seasons_ago
2026,16217,"Latu, Cameron",TE,4,-0.625,0.25,-4.0,1.0,1.9803724397193574,-3.1685959035509716,-1.0,0.625,-0.3662152606979586,-0.9488641467727149,,-0.20970533469932778,-42.21139730433808,-315.9291423641843,-0.14710138265338532,-0.1792850868181436,0.18834224809574943,
2026,16293,"Phillips, Clark",CB,4,0.0,0.0,0.0,0.0,0.0,,0.0,0.0,-1.4694908314201656,,,0.0,0.0,0.0,0.4065854593155186,0.14285714285714288,,0.6117657282481289
2026,16604,"Lloyd, MarShawn",RB,4,-0.25,0.15000000000000002,-2.2,0.9,1.1672617529928753,-4.669047011971501,-0.4750000000000001,0.375,-0.8122794505652481,-3.6682832515852337,,-0.11535293309853463,-13.453553159763246,-35.45435758806796,,-0.08766053635581358,,
2026,16989,"Wood, Julius",S,4,-0.5,0.0,-2.5,0.5,1.1726039399558574,-2.345207879911715,-0.625,0.125,-0.7359526337368761,-3.016789500709983,,-0.23013858660780984,-23.23135082542815,-43.97220237393522,,-0.1413429415755951,,
2026,15595,"Campbell, Elijah",S,4,-0.675,-1.1,-2.5,2.0,1.8212289806611357,-2.6981170083868675,-2.2750000000000004,0.5,-0.5354410114801254,-3.3578536966608707,,-0.23925743164662175,-24.151853081663724,-45.71452514289579,0.03349550248768333,-0.203682781181518,0.2870097777697235,0.3191441945549152
2026,16926,"Reid, Winston",LB,4,-1.25,0.0,-6.0,1.0,2.7726341266023544,-2.2181073012818837,-1.5,0.25,-0.08081034465502726,-1.7715188832501128,,-0.3313334816079167,-27.648622319784717,-62.46181608634477,-0.03158918110489896,-0.28330039409901914,,0.4226692801676928
2026,15244,"Franks, Feleipe",TE,4,-0.125,0.5,-2.5,1.0,1.3863170633011772,-11.090536506409418,-0.25,0.625,-0.5996572887283445,-2.975255030193421,,-0.05238197468490537,-10.543920345090811,-78.91545706871145,0.025852123680992073,-0.04462358603686772,0.08894043232219108,0.1773001834711673
2026,15903,"Anderson, Tycen",S,4,-0.375,0.0,-2.0,0.5,0.960143218483576,-2.5603819159562025,-0.5,0.125,-0.8016313252069511,-3.2247415021504544,,-0.1913125512788351,-19.312054799573133,-36.5537754685303,0.10235733018456522,-0.16027526411483162,0.3885088929051711,0.2483198637358363
2026,16422,"Remigio, Nikko",WR,4,-0.375,0.0,-1.5,0.0,0.649519052838329,-1.7320508075688774,-0.375,0.0,-1.1580892642348897,-1.3731655805922645,,-0.22733899275351632,-28.979093235909797,-66.39417489699534,-0.2672616088902246,-0.4512920480878807,0.07385011434007566,
2026,17048,"Johnson, Kaleb",RB,4,-1.0,-0.9500000000000001,-2.1,0.0,0.7516648189186454,-0.7516648189186454,-1.35,-0.6000000000000001,-0.9498670657196041,-1.149770070712213,,-0.5708854737502405,-66.58207869473804,-175.46478606560657,-0.2927164411330426,-0.4814911316024705,-0.09315262476221757,
2026,16645,"All, Erick",TE,4,-0.25,0.0,-1.0,0.0,0.4330127018922193,-1.7320508075688772,-0.25,0.0,-0.9742710238978127,-0.5814034408605205,,-0.17445763018700947,-35.116418717509845,-262.8271215078755,0.421464996795046,0.23070852571439793,,0.7789563454500373
2026,16312,"Whyle, Josh",TE,4,0.0,0.0,0.0,0.0,0.0,,0.0,0.0,-1.144429172961478,,,0.0,0.0,0.0,0.21592354558936652,0.1527777777777778,0.36388848791357103,0.483373855379755
2026,16752,"Davis, Isaiah",RB,4,0.0,0.25,-1.5,1.0,0.9354143466934853,,-0.375,0.625,-0.8890349054232441,,,0.0,0.0,0.0,0.6527129876638018,0.24361783359619962,0.6535513548607836,0.6390368730571403
2026,16336,"Braswell, Christian",CB,4,0.0,0.0,0.0,0.0,0.0,,0.0,0.0,-1.4694908314201656,,,0.0,0.0,0.0,0.3988629384866814,0.0,0.4235229701717247,
2026,15873,"Bellinger, Daniel",TE,4,-0.125,-0.2,-1.0,0.9,0.6796138609534094,-5.436910887627275,-0.475,0.15,-0.8773657908655237,-1.5290872303439635,,-0.07442186737435323,-14.980310426407337,-112.11940204779087,0.12949536385690702,-0.0370002466704561,0.39712080862125415,0.13328391394174322
2026,17605,"Kacmarek, Will",TE,4,-0.17500000000000004,-0.09999999999999998,-2.5,2.0,1.7151894939043906,-9.8010828223108,-1.375,1.1,-0.4704224560664597,-2.64541953646252,,-0.0644522234609686,-12.973529812962104,-97.09975051747617,,,,
2026,17696,"Ryan, Carsen",TE,4,-0.5,0.0,-2.5,0.5,1.1726039399558574,-2.345207879911715,-0.625,0.125,-0.6836387270098154,-0.7382458061077595,,-0.23013858660780984,-46.32438811482567,-346.71262128909484,,,,
2026,17528,"Coleman, Kevin",WR,4,-1.9500000000000002,-2.45,-2.9,0.0,1.1842719282327012,-0.6073189375552314,-2.9,-1.5,-0.9990198628628261,-0.8550694914184979,,-0.8927459877112228,-113.79908435645056,-260.72576696490614,,,,
2026,16221,"Schoonmaker, Luke",TE,4,-0.2,-0.1,-0.6,0.0,0.2449489742783178,-1.224744871391589,-0.3,0.0,-1.0481731880998226,-0.45163724142651646,,-0.16064915440886857,-32.336923107280604,-242.02412230807192,0.3252938745734203,0.08166013448293748,0.25754986222018744,0.3451057500367526
2026,17614,"Canady, Jadon",CB,4,-0.2,0.0,-1.8,1.0,1.0099504938362078,-5.049752469181039,-0.45,0.25,-1.110792838050551,-4.0007966252548455,,-0.09950493836207795,-8.844922973195352,-13.53955343152646,,,,
2026,17360,"Price, Myles",WR,4,-0.225,0.0,-1.0,0.1,0.44930501889028573,-1.9969111950679366,-0.25,0.025,-1.2176456088415715,-1.4951707754291867,,-0.1552468231789328,-19.789443548555134,-45.33971319878448,-0.0689763519155212,-0.1274945363498237,0.0,
2026,14847,"Duvernay, Devin",WR,4,0.0,0.0,0.0,0.0,0.0,,0.0,0.0,-1.3512974014301253,,,0.0,0.0,0.0,0.10948475047704262,-0.14285714285714288,0.042833757438463106,0.32700937839509875
2026,12955,"Manhertz, Chris",TE,4,-0.625,0.0,-2.5,0.0,1.0825317547305484,-1.7320508075688774,-0.625,0.0,-0.7190338003023146,-0.5814034408605206,,-0.30011547174744835,-60.40997208427717,-452.1354868503394,-0.235982896831641,-0.25,0.01431226395002258,0.20400228343029728
2026,13427,"Tonyan, Robert",TE,4,-0.025,0.0,-0.1,0.0,0.04330127018922194,-1.7320508075688774,-0.025,0.0,-1.1274133580551113,-0.5814034408605206,,-0.02396239774103389,-4.823369385722152,-36.10027269057629,-0.009708737864077669,-0.019230769230769232,0.03294528165993747,
2026,16340,"Hallett, Erick",S,4,-0.7,-0.5,-2.3,0.5,1.0700467279516348,-1.5286381827880497,-1.325,0.125,-0.7676564867529979,-2.2276268956204075,,-0.33815661769754746,-34.13523623076479,-64.6110304519329,,0.2759316846647936,,
2026,13638,"Berrios, Braxton",WR,4,-0.25,0.0,-1.0,0.0,0.4330127018922193,-1.7320508075688772,-0.25,0.0,-1.2224919766333013,-1.3731655805922642,,-0.17445763018700947,-22.238261328036177,-50.950214349326494,0.08899753509693191,-0.14285714285714285,,-0.22111233065181618
2026,17706,"Benson, Malik",WR,4,-1.1,-1.0,-2.4,0.0,0.8544003745317531,-0.7767276132106846,-1.35,-0.75,-1.0971445724086788,-0.9331058436098272,,-0.5931836593150799,-75.61362158381417,-173.23882342219073,,,,
2026,16218,"Durham, Payne",TE,4,-0.875,0.0,-3.5,0.0,1.5155444566227676,-1.7320508075688772,-0.875,0.0,-0.5488756512386493,-0.5814034408605205,,-0.3478372237454818,-70.01584041631698,-524.0301394230636,-0.154826719953677,-0.2916666666666667,-0.07910188867987586,0.2641556410525144
2026,16831,"Martin-Robinson, David",TE,4,0.0,0.0,0.0,0.0,0.0,,0.0,0.0,-1.144429172961478,,,0.0,0.0,0.0,0.252671911777104,0.2844827586206896,0.3581308592650381,
2026,14870,"Trautman, Adam",TE,4,-0.25,0.0,-1.0,0.0,0.4330127018922193,-1.7320508075688772,-0.25,0.0,-0.9742710238978127,-0.5814034408605205,,-0.17445763018700947,-35.116418717509845,-262.8271215078755,0.5313781302409156,0.24862653295981452,0.465418307880933,0.35098995116591875
2026,16640,"Cowing, Jacob",WR,4,-0.775,-0.55,-2.0,0.0,0.837779804005802,-1.0810061987171637,-1.3250000000000002,0.0,-1.1020885836065155,-1.0732686231781876,,-0.4217044927312485,-53.75502752451548,-123.15846703694938,-0.3729333966067468,-0.538167364654964,,0.09108936536872837
2026,13940,"Mundt, Johnny",TE,4,-1.025,-1.25,-2.9,1.3,1.742663191784345,-1.700159211496922,-2.6,0.325,-0.45962629798897453,-0.5732457377448689,,-0.3737243432115143,-75.22663529863269,-563.0300793287843,-0.20039229401758454,-0.39863722013243924,0.0866516866733144,0.3246544854213875
2026,15148,"Franklin, Sam",S,4,-1.575,-2.3,-3.2,1.5,1.89917745353087,-1.2058269546227747,-3.125,-0.75,-0.51134454007262,-1.915650403389037,,-0.5432575360579699,-54.83915841643609,-103.79932660929883,-0.4579800427481545,-0.6662466417745412,-0.07581774888677434,-0.12235428611966906
2026,17620,"Wetjen, Kaden",WR,4,0.0,0.0,0.0,0.0,0.0,,0.0,0.0,-1.3512974014301253,,,0.0,0.0,0.0,,,,
2026,17621,"Woodaz, Wade",LB,4,-0.32499999999999996,0.25,-2.8,1.0,1.4720309100015527,-4.529325876927855,-0.7,0.625,-0.571551193409882,-3.1627702982210426,,-0.13147084799186262,-10.97078328621886,-24.78441927490162,,,,
2026,14503,"Kennedy, Tom",WR,4,0.0,0.0,0.0,0.0,0.0,,0.0,0.0,-1.3512974014301253,,,0.0,0.0,0.0,0.21678321678321677,0.0,,
2026,15341,"Morris, Quintin",TE,4,-0.024999999999999994,-0.25,-0.5,0.9,0.5717298313014636,-22.869193252058547,-0.5,0.225,-0.9197602673298052,-5.988173687992108,,-0.015906041548692157,-3.20171272854751,-23.963062609219847,0.37224051620599385,0.05151947022541358,0.42967063574198533,0.08944385753455245
2026,14442,"Kuntz, Christian",LB,4,0.0,0.0,0.0,0.0,0.0,,0.0,0.0,-1.1269747760575846,,,0.0,0.0,0.0,0.07692307692307693,0.0,0.08897895308840416,0.1103418847325644
2026,14887,"Simmons, Isaiah",LB,4,-0.375,0.25,-3.0,1.0,1.5562374497485916,-4.149966532662911,-0.75,0.625,-0.5397785603280012,-2.9344127425781132,,-0.14669998674688128,-12.241601748783335,-27.655362650298404,0.21938864775298295,-0.040053464089481974,,0.6667415817421394
2026,17213,"Hawes, Jackson",TE,4,-0.25,0.0,-1.0,0.0,0.4330127018922193,-1.7320508075688772,-0.25,0.0,-0.9742710238978127,-0.5814034408605205,,-0.17445763018700947,-35.116418717509845,-262.8271215078755,0.4144390091471322,-0.14285714285714285,0.7829852082032651,
2026,16197,"Mingo, Jonathan",WR,4,-0.675,-0.35,-2.0,0.0,0.8166241485530538,-1.2098135534119314,-1.025,0.0,-1.1083816165257316,-1.1326023973010526,,-0.37156832938593237,-47.364128477777946,-108.5162397731807,-0.06023852706212163,-0.42482603440092154,,-0.13793516180906085
2026,17058,"Brooks, Tahj",RB,4,0.0,0.0,0.0,0.0,0.0,,0.0,0.0,-1.198713390971791,,,0.0,0.0,0.0,0.2035286136161373,0.26415094339622636,0.2318251807423362,
2026,16750,"Oladapo, Kitan",S,4,0.0,0.0,0.0,0.0,0.0,,0.0,0.0,-1.0984436007978293,,,0.0,0.0,0.0,-0.07692307692307693,0.0,0.0,0.0919893071821036
2026,17518,"Allen, Cyrus",WR,4,-0.925,-0.5,-2.7,0.0,1.1031205736455105,-1.1925627823194709,-1.425,0.0,-1.023159419635095,-1.1246560082313384,,-0.43982261958315694,-56.06456044248155,-128.44985180311573,,,,
2026,12608,"Winchester, James",TE,4,0.0,0.0,0.0,0.0,0.0,,0.0,0.0,-1.144429172961478,,,0.0,0.0,0.0,0.04347826086956522,0.0,0.1103418847325644,0.1103418847325644
2026,15772,"Covey, Britain",WR,4,0.0,0.0,0.0,0.0,0.0,,0.0,0.0,-1.3512974014301253,,,0.0,0.0,0.0,0.35294117647058826,0.0,,
2026,17521,"Thomas, Zavion",WR,4,-0.075,0.0,-0.3,0.0,0.12990381056766578,-1.7320508075688772,-0.075,0.0,-1.312655773991078,-1.3731655805922642,,-0.06637733167951691,-8.461174478665749,-19.385447763921043,,,,
2026,17643,"Demmings, Charles",CB,4,0.0,0.0,0.0,0.0,0.0,,0.0,0.0,-1.4694908314201656,,,0.0,0.0,0.0,,,,
2026,14871,"Parkinson, Colby",TE,4,-0.325,-0.15,-1.0,0.0,0.40850336595920483,-1.2569334337206302,-0.475,0.0,-0.9839022961882486,-0.45987090695418437,,-0.2307413726190649,-46.44572236627458,-347.6207415705268,0.6303077688150922,0.2905527512681283,0.6819840590376443,0.5231901377556001
2026,16919,"Jenkins, E.J.",TE,4,-0.125,0.0,-1.5,1.0,0.8926785535678563,-7.14142842854285,-0.375,0.25,-0.7936391621369345,-1.965093883094642,,-0.06604396703516538,-13.29393043850357,-99.49777335738489,,-0.055555555555555566,,
2026,16364,"Brooks, Jalen",WR,4,0.0,0.0,-1.0,1.0,0.7071067811865476,,-0.25,0.25,-1.1409590235270253,,,0.0,0.0,0.0,0.2233106933155587,0.0,,0.4668150805138978
2026,16722,"Knight, Tyrice",LB,4,0.0,0.0,0.0,0.0,0.0,,0.0,0.0,-1.1269747760575846,,,0.0,0.0,0.0,0.38622738728083167,0.14285714285714288,0.5869570816385901,0.9224582636578103
2026,17354,"Wax, Marlowe",LB,4,-0.5,0.0,-2.0,0.0,0.8660254037844386,-1.7320508075688772,-0.5,0.0,-0.8002079064452007,-1.478934360193903,,-0.2679491924311227,-22.359424669270776,-50.51283406946065,-0.029021820446068273,-0.2222222222222222,0.1342373507273514,
2026,17645,"Elliott, Keyshaun",LB,4,0.0,0.0,0.0,0.0,0.0,,0.0,0.0,-1.1269747760575846,,,0.0,0.0,0.0,,,,
2026,17591,"Boerkircher, Nate",TE,4,-1.1,-0.85,-2.7,0.0,1.0173494974687902,-0.924863179517082,-1.575,-0.375,-0.7446480425612245,-0.37492907647258933,,-0.5452699204476927,-109.75688950938336,-821.4700812023681,,,,
2026,16747,"Tracy, Tyrone",RB,4,-0.45,0.15,-3.7,1.6,1.983053201505194,-4.406784892233764,-1.075,0.775,-0.5422033487909265,-3.499673048941604,,-0.1508521536836615,-17.59380896811974,-46.36523802183804,0.6362022846193472,0.12052780791344678,0.9506337006498975,0.7272977441128962
2026,17655,"Traore, Seydou",TE,4,0.0,0.0,0.0,0.0,0.0,,0.0,0.0,-1.144429172961478,,,0.0,0.0,0.0,,,,
2026,12325,"Burton, Michael",RB,4,-0.25,0.0,-1.0,0.0,0.4330127018922193,-1.7320508075688772,-0.25,0.0,-1.055360107777807,-1.7800672725368398,,-0.17445763018700947,-20.346903531636897,-53.620510883183826,0.3538095281217947,-0.14285714285714285,,0.36113818185595803
2026,15698,"Purdy, Brock",QB,4,51.925000000000004,52.349999999999994,33.8,69.2,16.388315197115293,0.31561512175474804,36.5,67.775,0.27380172687599086,-0.7147214559498034,39.46822983513841,2.9862007567365882,162.86354311956228,312.61746411274487,2.0971040624835138,3.3452557265380825,1.8626253551006544,1.458270967782864
2026,13116,"Mahomes, Patrick",QB,4,43.5,37.45,33.5,65.6,12.934643404439102,0.29734812423997936,35.0,45.949999999999996,-0.3144985166660007,-0.740902386051786,33.52993632721629,3.1217160523922978,170.25437280426948,326.8042022216301,1.2028648334447212,1.929678724555878,1.409733200458534,1.7707222783548426
2026,13593,"Jackson, Lamar",QB,4,42.475,45.0,24.1,55.8,11.55127157502584,0.2719545985880127,38.5,48.975,-0.5501427912258375,-0.7772973173807871,33.39348750902837,3.38411926999616,184.56550632351806,354.27450148978477,1.2712799936914287,2.4439650030758897,1.2937453033655042,2.924904904905068
2026,16148,"Young, Bryce",QB,4,43.2,48.650000000000006,15.4,60.1,16.75305942208766,0.38780230143721434,39.175,52.675000000000004,0.3359324472405638,-0.6112601452446413,31.128353048025566,2.4333833945405634,132.71359620050563,254.74447566836398,0.9281909894627592,1.1386960095333967,0.5788953794302066,0.6523822295914188
2026,12611,"Goff, Jared",QB,4,41.35,44.35,19.0,57.7,14.05604852012115,0.339928622010185,36.775000000000006,48.925,-0.12347778792623354,-0.679874456588935,30.859852771833467,2.746404539327778,149.7853662736937,287.5138319403071,1.044382928370461,0.946078514948525,1.0777962090049442,1.4180701880697026
2026,12620,"Prescott, Dak",QB,4,41.075,41.8,19.3,61.4,14.908282094191804,0.3629526985804456,35.725,47.15,0.021692120877383644,-0.646875506495394,30.136775871078132,2.5819884106151663,140.81832237762254,270.3015420092235,3.131605222057025,2.833312170103685,2.1134094654695734,1.0037616098607576
2026,14777,"Burrow, Joe",QB,4,32.225,31.85,20.3,44.9,11.061052165142337,0.3432444426731524,21.725,42.35,-0.6336470196342942,-0.6751221009301753,23.990421234030904,2.671823283638016,145.71780064719013,279.70611741492553,1.8247196174688893,2.700864367954766,1.2714523375196805,2.1462155785057364
2026,13589,"Allen, Josh",QB,4,38.3,40.75,3.4,68.3,25.905887361756207,0.6763939258944179,18.925,60.125,1.8950299032939975,-0.19764005569117035,22.846658776555476,1.4234802771990818,77.63478091098382,149.0203876844499,1.4194632264354554,1.4170416781227517,1.3966144551482453,1.7356849890015964
2026,16150,"Stroud, C.J.",QB,4,33.85,27.7,18.6,61.4,16.33546754764001,0.4825839748194981,25.2,36.35,0.2647996308682405,-0.4754155783548572,22.83175899302512,1.9526441907018666,106.49469920336914,204.41715910580567,1.8806693335518918,1.8354432499724227,1.3405627070141592,0.8552331547483724
2026,13113,"Watson, Deshaun",QB,4,27.725,25.0,21.4,39.5,7.02544482577438,0.2533974689188234,23.05,29.674999999999997,-1.3210744658741496,-0.8038940755163084,22.119878719649478,3.4546371698873157,188.4114617582676,361.65683403685074,1.1185849561367756,2.6252695278008633,,
2026,10700,"Cousins, Kirk",QB,4,31.025,34.15,7.8,48.0,14.559597350201688,0.4692859742208441,27.075,38.099999999999994,-0.03770301917146552,-0.4944747600232186,21.115698743706048,1.9939461993595768,108.74725755959315,208.74095722293106,1.252658488825321,1.95097745438406,0.8246518614638769,0.7129600513063253
2026,15346,"Rousseau, Gregory",DE,4,25.075,23.6,18.0,35.1,6.248749874974994,0.24920238783549328,21.6,27.075,0.9875698871980926,-1.3821935655221564,20.072808252830615,3.4592171660615483,291.74207591427887,454.4498331763611,1.2335996922280181,2.032886942983861,1.2199655040352717,1.3919153705649714
2026,15711,"Walker III, Kenneth",RB,4,26.675,28.150000000000002,15.1,35.3,8.833565248527913,0.3311552108164166,19.6,35.225,1.7257287215830441,-0.45361728729543416,20.038985524189805,2.712647887702098,316.37472564087983,833.7472280739878,1.0126346440669407,1.666828580077642,0.9341687773356784,1.2710527955048212
2026,15237,"Lawrence, Trevor",QB,4,30.174999999999997,30.0,7.8,52.9,16.077527017548437,0.5328095117663112,22.275000000000002,37.9,0.22086190725651378,-0.4034304986461677,19.686073036713,1.7669420150231896,96.36674172167173,184.97648918101123,1.9450135801561976,1.9528416253127057,1.313847374697468,0.9634441548168275
2026,16185,"Smith-Njigba, Jaxon",WR,4,26.675,26.5,13.2,40.5,9.827099012424776,0.36840108762604595,21.224999999999998,31.950000000000003,1.571904752420054,-0.40561416552930135,19.49355363804687,2.463725506655916,314.05316923559997,719.529105877818,1.5319109232740242,1.8516537152801003,1.9033318041206,1.1450217100150788
2026,14832,"Lamb, CeeDee",WR,4,25.725,28.25,9.3,37.1,10.711763393578108,0.4163950784675649,19.875,34.1,1.835060015346815,-0.38350623063231043,18.16230541257779,2.1965095379322426,279.9909242244105,641.4888913601736,1.4081679561703389,1.477981905953209,1.4636523426887198,1.2985064608545076
2026,14782,"Love, Jordan",QB,4,21.7,21.25,15.2,29.1,4.9804618259755795,0.2295143698606258,19.025,23.925,-1.6694179301755543,-0.8381242081123119,17.64924471965289,3.628482319834911,197.8927523281482,379.85622327828577,1.834554552109678,1.8247964497857363,1.5371283758709229,2.288855188973558
2026,11150,"Smith, Geno",QB,4,26.324999999999996,22.95,11.6,47.8,13.95445717324755,0.5300838432382735,15.424999999999999,33.85,-0.14078291061746256,-0.4073370266432309,17.204939530820546,1.7603447383629232,96.00693474975027,184.28583772533463,0.8643618438517995,1.1314412667730998,0.4556259149660776,1.734007534913929
2026,16162,"Gibbs, Jahmyr",RB,4,22.75,23.4,8.4,35.8,10.682345248118503,0.4695536372799342,14.925,31.224999999999998,2.3377862471164446,-0.3646399437320226,15.480891219533191,1.9473829540916876,227.12227068305145,598.5388473503141,0.900340217578859,1.1803659893143543,0.918161542643085,2.247259824678455
2026,16223,"Anderson, Will",DE,4,20.75,23.85,5.8,29.5,8.946088530749066,0.43113679666260557,18.85,25.75,2.0646379240118127,-0.8913401927327972,14.49896337540112,2.0862472655305497,175.9490887382874,274.07782636105503,1.311415321555108,1.8172537995609936,1.4510223833878533,1.1703381716134438
2026,15710,"Williams, Kyren",RB,4,18.85,18.25,12.0,26.9,6.724767653978835,0.35675159968057474,12.3,24.8,1.027589712151786,-0.4371611848371505,13.893479104382799,2.4402028441969823,284.5996005751033,750.0097474910183,2.196424555445259,2.7247087991215313,1.959050071943031,1.5371759265737537
2026,15261,"Hubbard, Chuba",RB,4,18.125,16.7,12.3,26.8,6.093592946694093,0.33619823154174305,12.45,22.375,0.8186328705559681,-0.45037509300796474,13.564604092528146,2.555122648875278,298.00263819035314,785.3309806800769,0.8686484858727824,1.1301578821304472,0.7557366446295001,1.1447385686778209
2026,17030,"Ward, Cam",QB,4,18.8,17.2,10.1,30.7,8.135416399914634,0.4327349148890763,11.975,24.025,-1.13200133252774,-0.5468610774103401,13.121757419763528,2.057924803534481,112.23656822842976,215.4387081860944,1.2600352608443384,2.310885743820396,0.5352682653581653,
2026,9431,"Stafford, Matthew",QB,4,23.349999999999998,16.35,5.8,54.9,18.717705521778036,0.8016147975065541,13.675,26.025,0.6705912823309884,-0.01816891467108105,12.960595146263532,1.1842148658833618,64.58555354576724,123.97232419887388,1.1059478843457433,0.9942628934116048,1.5773247904809906,1.3821536918995252
2026,12688,"Buckner, DeForest",DT,4,15.3,16.8,9.8,17.8,3.2395987405850124,0.2117384797767982,14.525000000000002,17.575,-0.17741307709806936,-0.7355101971780772,12.626486866058965,3.6088320938336698,276.8110638660008,411.68786005051,2.690567955609147,3.4035074068861575,2.099553753558752,2.070571214829955
2026,14802,"Taylor, Jonathan",RB,4,16.599999999999998,17.299999999999997,8.4,23.4,5.356771415694345,0.3226970732345991,14.774999999999999,19.125,0.5747005675651818,-0.45905508476723106,12.550114713269462,2.6113885358557907,304.56489960183325,802.6246100957494,1.6617777636324058,2.1876969553700243,1.244065064577149,1.097150680664367
2026,16896,"Shrader, Spencer",PK,4,16.65,16.7,9.3,23.9,5.528788294011626,0.3320593569976953,12.75,20.6,0.15180958399911684,-0.6060263007601392,12.499442995939113,2.5502435138342303,278.477764776343,670.2209042076415,1.3082698534711161,1.4763183481517324,,
2026,12626,"Henry, Derrick",RB,4,19.025,14.600000000000001,10.8,36.1,9.98182723753522,0.5246689743776726,13.425,20.200000000000003,2.1058725958198425,-0.32920589719066673,12.478118411090168,1.7324075118368008,202.0497956039026,532.4649643754682,1.607679316823595,1.584097188634637,1.1416186863101714,1.946532000159648
2026,14835,"Higgins, Tee",WR,4,16.924999999999997,17.0,8.8,24.9,6.075102879787304,0.3589425630598112,12.7,21.225,0.45582327585241794,-0.4099711369264582,12.454536681735442,2.392191362807265,304.9346515583944,698.6376151561028,1.9001088536260398,2.1721471132224615,1.313136273777699,1.5283067907212344
2026,13214,"Watt, T.J.",DE,4,20.6,20.4,2.5,39.1,13.95940543146448,0.6776410403623534,10.375,30.625,4.0664938573110065,-0.226279415022011,12.279146435014853,1.377060077312399,116.13794287197076,180.9093480884143,1.3651771967939774,1.3775743701455563,1.664487677962245,1.43860119381694
2026,17500,"Boston, Denzel",WR,4,14.575,14.55,9.2,20.0,3.8551102448568186,0.2645015605390613,12.65,16.475,-0.20454325182329008,-0.453474406788507,11.526280753490433,3.0019915645457864,382.66639782603454,876.729286787406,,,,
2026,14163,"Simmons, Jeffery",DT,4,16.65,16.1,8.0,26.4,7.4583845435858285,0.4479510236387885,10.25,22.5,2.3362618422062793,-0.4294547847084774,11.499007720687638,1.9684609885259998,150.98839908447,224.5578267118268,2.808157671914058,2.2094387399072577,1.881791515108465,2.305947242157053
2026,17653,"Masses, Hezekiah",CB,4,18.425,17.85,2.8,35.2,11.579372824121348,0.6284598547691369,12.399999999999999,23.875,2.643084806534404,-0.230201315389153,11.314371641425616,1.464699413683763,130.19608580406475,199.30041964886706,,,,
2026,17052,"Tuten, Bhayshul",RB,4,13.8,13.7,9.7,18.1,3.5707142142714257,0.25874740683126274,10.6,16.9,-0.016591934196035392,-0.5001687851447071,10.96327978521104,3.01922180059112,352.13028316039185,927.9744041220899,0.8213021931970743,2.5710389067748176,0.5386530861028234,
2026,14251,"Cashman, Blake",LB,4,12.575,13.15,9.0,15.0,2.3434749838647733,0.18635983967115494,11.25,14.475000000000001,-0.24273976268951178,-0.3241359540232421,10.599650780058132,3.7610570022762264,313.8470765902592,709.0211638932167,3.0971893009234424,3.946058044823616,1.9623228143014606,1.8739682380046114
2026,15715,"Cook, James",RB,4,16.25,20.700000000000003,1.3,22.3,8.679429704767474,0.5341187510626138,15.175,21.775000000000002,1.6747005735439853,-0.3231305678088318,10.592400352804741,1.6788179154807312,195.79966858918004,515.9939075833072,1.2619061072711262,1.3268014625631421,1.2734926620980678,1.4055786793427647
2026,15821,"Dean, Nakobe",LB,4,15.35,17.45,4.0,22.5,6.909594778277522,0.45013646764022947,13.299999999999999,19.5,1.4801388791785757,-0.16535408424891018,10.585210662951374,1.9406809615780065,161.94305112020672,365.85031104040354,1.5062903276342916,1.3527267268599539,1.2528883624092535,2.0954198473282437
2026,13743,"Warner, Fred",LB,4,12.55,11.25,10.7,17.0,2.585053190942113,0.2059803339396106,10.925,12.875,-0.15158798567664789,-0.3123252837988612,10.406471520976263,3.5006454107036546,292.11663839806886,659.9292916784841,1.7188644958398958,1.5978879096420047,,1.0497873887861822
2026,17551,"Bailey, David",DE,4,11.475,11.75,9.7,12.7,1.2173228823939852,0.10608478277943227,10.675,12.55,-1.021517544841697,-1.7683204098073386,10.374430765754658,5.1751596896933405,436.46055121136254,679.8793902609589,,,,
2026,15366,"Holland, Jevon",S,4,17.2,13.9,5.5,35.5,11.322323083183944,0.6582745978595317,9.475000000000001,21.625,2.401663898375682,-0.1141149772150342,10.372226663908028,1.3958406936653474,140.90320675432636,266.7009925120652,0.9115502181439507,1.0719706084387663,1.1361105287930233,1.2297025101725785
2026,16266,"Tuipulotu, Tuli",DE,4,16.2,17.05,2.5,28.2,9.191572226773829,0.5673810016527056,12.25,21.0,2.162661448785453,-0.5237575679092216,10.335712875757782,1.5895486623194108,134.05872029705895,208.8247397428391,1.372948225952879,1.258972165168763,0.9806103731022787,1.1512988603590912
2026,16696,"Cooper, Edgerrin",LB,4,13.975000000000001,14.35,6.0,21.2,5.511975598639747,0.39441685857887276,11.024999999999999,17.3,0.9527921728986533,-0.19889482581489262,10.022110614929524,2.1460461250682767,179.08005706185938,404.56502532228455,1.5026139143657509,1.8875374830541307,1.7240817955102052,1.267161362898202
2026,14957,"Robertson, Amik",CB,4,15.375000000000002,13.05,6.6,28.8,8.213517821250528,0.5342125412195465,10.725,17.7,1.4476544929980224,-0.2927858857016465,10.021427662022893,1.6687437196396708,148.3334385727482,227.06455707123263,1.2204280688402172,1.2589197332226298,1.0692209600300326,0.9063691898887871
2026,13130,"McCaffrey, Christian",RB,4,13.625,13.1,8.1,20.2,5.194408050971736,0.38124095786948525,8.775,17.95,0.5209485152542506,-0.42141680036037665,9.86431796883295,2.1995644923428324,256.534073570409,676.0482282919133,1.953618194969992,1.8851727542482986,2.0198042707263997,
2026,14153,"Allen, Zach",DT,4,14.175,16.15,4.0,20.4,6.199344723436502,0.43734354309957685,12.100000000000001,18.225,1.586089407269267,-0.4431986645999216,9.861942934973047,1.968929193493845,151.02431217543315,224.61123853489462,1.24966857972783,1.5769468773066344,1.3151866333511038,1.692537928293795
2026,16681,"Reichard, Will",PK,4,14.45,15.100000000000001,4.8,22.8,6.911403620104964,0.47829782838096635,9.75,19.8,0.9494746172082595,-0.549780598194722,9.77475561594084,1.826477410819837,199.44501143534816,480.0103735795931,1.442688427336684,2.0329562293679087,1.1496205072558594,0.595262699250899
2026,14249,"Van Ginkel, Andrew",DE,4,14.524999999999999,15.600000000000001,3.0,23.9,7.563192117089186,0.5207016948082056,11.175,18.95,1.5124367674425658,-0.6496968850059978,9.551511680160209,1.6962132580224485,143.05455637299724,222.83765231700357,2.1192063068714124,1.9053822431676282,2.3418499681046447,1.5809862593980482
2026,15089,"Roach, Malcolm",DT,4,12.125,12.0,8.0,16.5,3.488821434238216,0.28773785024645077,9.125,15.0,-0.02891896916968747,-0.6370394796783776,9.415736283343294,2.7011544517046926,207.1887574709708,308.1419326181227,2.3881686982801242,2.7024410679794757,2.0630425767140363,1.2283004372061064
2026,14136,"Samuel, Deebo",WR,4,13.7,14.0,4.5,22.3,6.3103090257134005,0.4606064982272555,11.25,16.45,0.5257884925965113,-0.36314069793513737,9.379665239493148,1.8740657818720652,238.88874655999265,547.3194447773134,1.542239072461576,2.0953786683546327,1.2021453142067418,0.8671736029968091
2026,14956,"Sneed, L'Jarius",CB,4,10.9,11.2,8.2,13.0,1.774823934929885,0.16282788393852157,10.0,12.100000000000001,-0.839137375553684,-0.5394024556726918,9.373700227312645,3.9281771584817413,349.17286482213166,534.5037683680913,1.3003577752395512,1.862023689810125,,
2026,16650,"Turner, Dallas",DE,4,13.575000000000001,16.0,3.0,19.3,6.252749395266054,0.4606076902590095,12.675,16.900000000000002,0.989166926360701,-0.811828639013139,9.29407676717952,1.8717039925384085,157.85502385844822,245.89250293673945,1.2641483232156392,2.1091192690537883,0.9883958076123911,0.6589868395476578
2026,11671,"Evans, Mike",WR,4,10.775,11.25,7.8,12.8,1.8579222265746218,0.17242897694428044,10.05,11.975,-0.7986335636543657,-0.49588668899760086,9.19032215331546,3.7702215615973693,480.5933237859728,1101.0902561379755,1.0140137084925802,2.3011361670652324,0.6851657261718235,1.4671244122835827
2026,17586,"Rodriguez, Jacob",LB,4,13.675,11.5,7.0,24.7,6.77435421276449,0.4953823921582808,8.875,16.3,1.429110195673234,-0.13811803778808893,9.144818122582624,1.7589885443536144,146.78145321036865,331.59829915835945,,,,
2026,15923,"Lake, Quentin",S,4,15.55,14.85,4.0,28.5,11.049094985563297,0.7105527321905657,4.9,25.5,2.3171999852333967,-0.06359148996927426,9.090628840238313,1.2905533584581528,130.27497157774957,246.58391401869272,1.3696359711964563,1.0790671816607749,1.3454406731299287,1.5710229380663736
2026,17556,"Reese, Arvell",LB,4,14.8,12.5,5.0,29.2,9.300268813319322,0.6283965414404947,7.625,19.675,2.382182938487327,-0.058049399819344406,9.088695304466677,1.4368557042765775,119.9005923059185,270.87095547241717,,,,
2026,14157,"Williams, Quinnen",DT,4,11.3,11.5,7.0,15.2,2.906028217344078,0.2571706387030157,10.375,12.425,-0.37616406784368867,-0.6766447452752692,8.988437728435866,2.892964251979595,221.90129424006662,330.02318510055807,2.245839787742286,2.6277432703236103,1.5556875857869965,0.9511294713031219
2026,17066,"Monangai, Kyle",RB,4,15.15,15.7,2.7,26.5,10.396513838782692,0.686238537213379,6.0,24.85,2.2431588359823222,-0.22533166343546976,8.984493988042983,1.3293538896468566,155.04185929303625,408.5842197386432,1.1009707502296282,1.1560694895979535,0.9629909208519807,
2026,13813,"Oluokun, Foyesade",LB,4,14.15,12.4,6.0,25.8,8.163792011069367,0.5769464318776938,6.75,19.8,1.9533699204909805,-0.08902009142070019,8.9730378368981,1.5441205979912642,128.85147321326585,291.09215385905196,1.4750476328710607,1.5279023606711681,1.8876186985955286,1.5610693583333912
2026,17174,"Walker, Deone",DT,4,11.95,11.75,7.0,17.3,4.310742395458119,0.36073158120988447,8.125,15.575,0.4608053738864165,-0.5424631033672146,8.782040605961937,2.2501562136058304,172.59548772501853,256.69301654172176,1.4862745054290516,2.2099369943939395,1.1300537983195418,
2026,15352,"Collins, Zaven",DE,4,12.275,11.55,6.0,20.0,5.012671443452084,0.4083642723789885,9.825,14.0,0.4939942782406403,-0.9527797545155449,8.715784858178239,2.041521828598786,172.17705269942203,268.2020844296743,1.2026856428501,1.4936364257027563,1.2011979956586671,1.1312792788123605
2026,10266,"Heyward, Cameron",DT,4,12.75,12.25,5.5,21.0,5.963430220938282,0.46772001732849267,8.125,16.875,1.4455247055467644,-0.4038405331582027,8.686942911092288,1.8309941502195468,140.44417292805667,208.87590330314478,2.243416475156682,1.864409396003579,1.9182266587752506,2.787380789914496
2026,15834,"Hamilton, Kyle",S,4,11.525,12.3,5.5,16.0,3.798272633711277,0.3295681244001108,10.375,13.45,0.0757290872173463,-0.43178884855606037,8.668228267882082,2.401906035732251,242.46052167209976,458.9282477274536,1.4074395384729752,1.6891772560590226,1.054542503317717,1.4318590425958322
2026,15808,"Karlaftis, George",DE,4,12.75,12.25,5.5,21.0,6.108395861435308,0.47908987148512217,7.75,17.25,0.9315254518808915,-0.7619642892739837,8.620165850502378,1.793653624324962,151.2724430734465,235.63874461189332,1.1349010950156708,1.400292452345482,0.9758377523095352,1.6326170011827368
2026,15368,"McPherson, Evan",PK,4,13.475,14.15,2.6,23.0,7.690050389951941,0.5706901959148009,8.525,19.1,1.398695228181186,-0.5142449858865014,8.579031075031251,1.5506239199234977,169.3227650169784,407.51424719226935,1.1695421496992553,1.5516895103095747,0.7777976671323819,0.35405049254339194
2026,16719,"Williams, Evan",S,4,14.25,13.5,3.3,26.7,9.493813775295996,0.6662325456348067,6.075,21.675,1.8364107172195545,-0.10642412753052559,8.552227621127752,1.357942908568344,137.07761299331344,259.4599248563869,1.0442200826796884,1.072867698804856,1.302124904460766,0.8578730704040936
2026,15287,"St. Brown, Amon-Ra",WR,4,14.649999999999999,12.2,2.8,31.4,10.519862166397429,0.7180793287643297,8.2,18.65,1.7779764263942868,-0.2445385047136191,8.526963659202229,1.2717166046250923,162.10678867149667,371.4038390169012,1.0539968001170652,1.2389467132954897,1.1579347858218263,1.4717932831144778
2026,16675,"DeJean, Cooper",CB,4,13.325,11.25,5.4,25.4,7.52441858218959,0.5646843213650724,8.175,16.4,1.2029112944034048,-0.2725512159244431,8.516094791807534,1.5631564629921455,138.9478626669569,212.69738769652852,1.3407684843138956,1.5675239965583547,1.4870412309669194,1.096994361849596
2026,17162,"Walley, Justin",CB,4,10.45,10.5,7.0,13.8,2.4874685927665503,0.2380352720350766,8.95,12.0,-0.5860316933329432,-0.48946127548328267,8.44079343783343,2.996442755549001,266.35165854763994,407.7234503240272,,,,
2026,15789,"Watson, Christian",WR,4,15.225,11.55,2.9,34.9,12.440533549651315,0.8171122200099386,5.525,21.25,2.349305840829566,-0.19892002886008223,8.378679000858147,1.1327675306755198,144.39483296931894,330.823870724415,1.2397663659973297,1.343599796073012,1.3722415892694857,0.7885988705062086
2026,16450,"Thomas, Drake",LB,4,11.475,9.2,8.5,19.0,4.356245516496975,0.3796292389104118,8.875,11.8,0.5167145481449822,-0.2077963191676138,8.317452019980815,2.1423588527929796,178.7723670631452,403.86991379415826,1.3107789639012113,1.536977538732101,1.2680630595145514,0.28359154331453357
2026,14182,"Hooker, Amani",S,4,13.95,9.75,6.0,30.3,9.564648451459155,0.685637881825029,8.625,15.075,1.8583080769238034,-0.08767010602512597,8.275798823942202,1.3204414765049064,133.29202910856338,252.294587724913,0.9029440331318611,1.0703986882087866,1.1995123284968359,1.2032051025115567
2026,16234,"Simpson, Trenton",LB,4,11.0,10.2,7.5,16.1,3.678314831549905,0.3343922574136277,7.5,13.700000000000001,0.2609191791335287,-0.235026982324959,8.243453106750362,2.3512739941778884,196.20560626675532,443.2538573531092,1.129101935716749,1.681708609382324,0.768085862004072,0.9291387715290818
2026,17190,"Hemingway, Tonka",DT,4,9.125,9.5,7.5,10.0,1.0231690964840563,0.1121281201626363,8.625,10.0,-1.4980261318818227,-0.8645731554762166,8.204989905898227,4.510250782229615,345.9532848493296,514.5197794045192,1.8552876212446652,3.4293849200079007,0.9308768658190123,
2026,15256,"Williams, Javonte",RB,4,12.65,14.75,1.5,19.6,6.937038272923107,0.5483824721678345,9.675,17.725,1.097864071352581,-0.31396031894327503,8.169816067660072,1.5937934989119276,185.88331468763556,489.8611861364044,1.5660223003415563,1.5824748827423696,1.4052906648739034,0.46631108032644925
2026,13299,"Kittle, George",TE,4,13.2,16.25,-0.6,20.9,8.283417169260522,0.6275316037318578,10.725,18.725,2.11065070641442,0.022165372217222996,8.1104415851176,1.4218902112584322,286.21099561741994,2142.132223879688,1.9963700450023156,1.5750692646055218,1.4336494308896088,1.8847102896376373
2026,15753,"Wilson, Garrett",WR,4,12.125,12.350000000000001,3.4,20.4,6.027178029559106,0.49708684779868917,9.700000000000001,14.775,0.4415673875955796,-0.34633640266392546,8.09906253456742,1.7254436914786315,219.9437632895831,503.914479603401,1.0553621071375692,1.0557114466746282,,1.143725517319724
2026,14910,"Jones, Brandon",S,4,12.275,13.0,4.5,18.6,6.364108342886692,0.5184609647972865,6.75,18.525,0.8689144380814551,-0.2492359488639853,8.083842972966185,1.666868469127963,168.26211873868334,318.48582515253463,1.1205829650019234,1.336835412847442,1.349340500352617,1.3972327704884155
2026,14927,"Chinn, Jeremy",S,4,11.55,12.5,4.0,17.2,4.968148548503758,0.43014273147218685,8.875,15.175,0.4373767307604917,-0.3345898963999411,8.076116981771776,1.935273545243045,195.356282209763,369.76954292923597,1.5608781556998763,1.662735282397719,1.6208270235885847,1.2845483989746291
2026,14783,"Hurts, Jalen",QB,4,16.025000000000002,16.15,-5.3,37.1,15.776148928049583,0.984471071953172,5.574999999999999,26.6,0.16952500725739464,0.2439073973295816,8.07519959675086,0.9552251871826396,52.09675140248271,100.0,0.7918280570072017,0.9060872836350792,1.2646381616506241,1.5058853277786404
2026,13322,"Clark, Chuck",S,4,11.649999999999999,11.85,5.5,17.4,5.215601595214112,0.44769112405271355,7.0,16.5,0.5138727164447904,-0.31763049262490023,8.04729669640207,1.8743157555288394,189.2028951603905,358.1224380039385,1.023607249134598,1.5791364097546445,1.0042610378510353,0.9655278889254285
2026,15836,"Hill, Daxton",CB,4,12.7,8.4,8.4,25.6,7.447818472546173,0.5864423994130845,8.4,12.700000000000001,1.1757056979027092,-0.25810284690282603,8.005333193753806,1.5033466972890837,133.6314152685024,204.55912308581142,1.4767080528860983,1.6652284929552235,1.2458514022566511,
2026,14412,"Singleton, Alex",LB,4,9.5,8.75,8.0,12.5,1.776231966833161,0.186971785982438,8.3,9.95,-0.4567706954715262,-0.3237675893949763,8.00356007799882,3.4219042621415454,285.54596444427847,645.0852888447045,1.7909210891998764,2.0262094122381042,1.968405705364705,
2026,15805,"Hutchinson, Aidan",DE,4,12.475,12.25,3.8,21.6,6.977598082434958,0.5593264995939846,6.95,17.775,1.2786045729108588,-0.5454883637886255,8.000248827457384,1.563753885704947,131.88325072808226,205.43598692203514,1.7984416619762567,1.7575251077065015,1.57282475158893,
2026,15404,"Jones, Ernest",LB,4,13.15,9.5,6.0,27.6,8.493674116658822,0.6459067769322298,7.875,14.775,2.077840337309653,-0.04750901209442238,7.989516893848632,1.3851328619891554,115.58450168697227,261.12034817869664,0.9397609393267286,1.1566702732026528,1.0044405069428608,1.7881543649286535
2026,16582,"Nix, Bo",QB,4,17.299999999999997,23.5,-16.6,38.8,20.5451940852356,1.187583473135006,13.325,27.474999999999998,0.9818866315972843,0.5350155323084228,7.908269655743707,0.802963293417499,43.792583826092056,84.06010479955779,1.3458571140887234,0.9088413683609948,1.4286565454235478,1.149438066055423
2026,15742,"Warren, Jaylen",RB,4,13.475000000000001,12.05,2.1,27.7,9.620908221160827,0.7139820572290038,6.45,19.075,1.9863866644872992,-0.20749515492040113,7.861809254750918,1.2687238905946627,147.97061373893902,389.94925650693665,0.9850437779918526,1.050769032444559,1.2089038286877045,1.2929048968301715
2026,12225,"Williams, Leonard",DT,4,12.149999999999999,13.85,1.5,19.4,6.656012319700137,0.5478199440082417,9.524999999999999,16.475,1.8581852037352538,-0.30005681491046027,7.849750254888369,1.586988041899582,121.72798201707961,181.04020744321733,1.5290578999519284,1.3803504204999213,2.0555518163098703,1.2390795693663625
2026,16230,"Van Ness, Lukas",DE,4,13.2,9.25,6.0,28.3,9.030227018187306,0.6841081074384323,6.375,16.075,2.0982350681047834,-0.20883146932106944,7.837976636830938,1.316022057732602,110.99014275215906,172.89056335075765,0.994769045537102,1.3984054410993458,1.0201528710287255,0.885261663830269
2026,17121,"Graham, Mason",DT,4,13.274999999999999,13.7,0.0,25.7,9.26643809670145,0.6980367681131037,8.399999999999999,18.575,3.413552579743392,-0.10542417047245774,7.817851915392548,1.2930482680517192,99.18169019863052,147.50818563318992,1.3980866506304386,1.4618711925560213,1.4187023776124714,
2026,17123,"Campbell, Jihaad",LB,4,9.925,9.6,6.5,14.0,2.704972273425367,0.2725412869949992,8.375,11.149999999999999,-0.10634037167063223,-0.27225853239079023,7.799354018160829,2.6788324628470206,223.53921693576982,505.0040213517698,1.272475888352456,2.9268503523286116,0.9609247648538987,
2026,12697,"Robinson, A'Shawn",DT,4,11.1,12.95,3.0,15.5,4.837871432768755,0.43584427322241037,9.75,14.3,0.7748841401945564,-0.4451412356977864,7.730643362241989,1.9013779470534777,145.8428762132051,216.9051365695807,1.4264433570382036,2.131421588940772,1.3905177500792427,1.3094716581194754
2026,17221,"Harris, Marcus",CB,4,11.6,9.4,6.3,21.3,5.826233774918408,0.5022615323205524,7.575,13.425,0.5997772928295343,-0.3140028317097897,7.72169143017422,1.699326507483792,151.05192076307455,231.2259313398521,1.48850623405477,1.2282728973055528,0.6607058454312845,
2026,14244,"Gay, Matt",PK,4,11.024999999999999,9.6,6.2,18.7,4.833929560926596,0.43845166085502013,7.325,13.3,-0.24907163288138803,-0.5651060844763882,7.664491133088688,1.8898068420025473,206.36036612389054,496.6537679848658,0.6173389668830773,1.440952309049376,0.4157244473667571,0.6683207040766321
2026,11244,"Kelce, Travis",TE,4,12.3,13.75,0.5,21.2,7.600328940249889,0.6179129219715357,8.899999999999999,17.15,1.8422220247898375,0.01970496383917876,7.60238689793739,1.430177855458005,287.8792080285479,2154.617878228656,0.9121163375431939,1.276235428811534,1.2309403426689083,1.1120979084046427
2026,13251,"Baker, Budda",S,4,12.524999999999999,12.899999999999999,2.5,21.8,8.157626799504866,0.6513075289025843,5.574999999999999,19.85,1.423350780676095,-0.12084820563052692,7.584898500598363,1.3677124296741596,138.0637977767996,261.32657123452526,1.4426528319050587,1.4684221310290437,1.291595049418453,1.7868189876702054
2026,17361,"Ponder, Elijah",DE,4,14.0,11.0,2.0,32.0,11.888860332260617,0.849204309447187,4.025,20.975,3.23970930048131,0.2365929455169123,7.570823801608623,1.0862093031575661,91.60828643244318,142.6992330685562,0.6783158518534348,0.9019201481039031,0.4744728879271514,
2026,11675,"Adams, Davante",WR,4,16.125,9.299999999999999,0.4,45.5,18.265729522797603,1.132758420018456,1.0,24.424999999999997,4.082088363298424,-0.053520875384517226,7.560631269180717,0.8369784274672235,106.69034639524098,244.43889464453275,0.8848089551351858,0.8389047815982273,1.471825820290978,0.9052910220414231
2026,16282,"Turner, Kobie",DT,4,9.875,10.5,5.5,13.0,3.0695072894521687,0.3108361812103462,7.75,12.625,-0.2787584960564321,-0.6071114788409425,7.533359348444309,2.4265836863335264,186.12814182227902,276.8194859403649,1.803771385376359,2.6692157181779312,1.1507511366335494,1.2415131589006663
2026,14669,"Nixon, Keisean",CB,4,12.7,11.649999999999999,2.6,24.9,8.718658153638092,0.6865085160344955,5.6,18.75,1.6270621220880723,-0.19165432252875292,7.530350353558627,1.3067647610638378,116.15738722069896,177.8103840482622,1.2894798412667339,1.4001228760989026,1.3933978404843295,1.2765800824907312
2026,13208,"Allen, Jonathan",DT,4,10.100000000000001,8.4,7.5,16.1,3.4842502780368694,0.34497527505315534,8.100000000000001,10.4,-0.031642596590490374,-0.5628782036872574,7.509431725130289,2.2523274513619733,172.76202986872505,256.9407067091348,1.683197220823919,2.4498689954956787,1.6093364786808737,1.0890985148541275
2026,16716,"Wilson, Payton",LB,4,9.575,9.9,6.0,12.5,2.681767141270845,0.2800801191927776,7.5,11.975000000000001,-0.11509608294646705,-0.2677204886622968,7.480000553432564,2.600653336455975,217.0154417700756,490.2659689499086,1.8110252345960602,1.9788925989353634,1.2032882134266092,1.0925370867785917
2026,17576,"Thieneman, Dillon",S,4,11.0,11.75,3.5,17.0,5.208166663999915,0.47346969672726497,7.625,15.125,0.511574331360081,-0.29271714396770776,7.4653723958030405,1.771859647999964,178.8604583995908,338.54631754056334,,,,
2026,17624,"Lee, Will",CB,4,10.0,9.8,5.4,15.0,3.411744421846396,0.3411744421846396,8.4,11.399999999999999,-0.257762251182697,-0.42097210159504067,7.456151627607066,2.2666770882015,201.48330907252392,308.4248485843706,,,,
2026,11721,"Mack, Khalil",DE,4,10.4,10.0,5.0,16.6,4.126136207155552,0.3967438660726492,8.524999999999999,11.875,0.13999395111075985,-0.9841312490757061,7.445889151632803,2.028818505735896,171.10568492887865,266.533203096503,1.8526677134476748,2.241250970684373,1.574524459322659,1.4179970381941565
2026,12735,"Rankins, Sheldon",DT,4,10.15,10.25,5.5,14.6,3.7606515392947535,0.3705075408172171,7.0,13.4,0.13304529005069296,-0.5297966069102931,7.406015434214742,2.132061108909397,163.53714676639004,243.22097914270043,1.665699264198973,1.8445436563035849,1.2469323707662874,
2026,15378,"Oweh, Odafe",DE,4,10.575,9.6,5.5,17.6,4.531211206730492,0.4284833292416541,7.375,12.8,0.30174350881666595,-0.8984991652523848,7.402956536856473,1.9118778156820555,161.24318771133656,251.17028295148,1.134805820848085,1.4042398932127889,0.993658066027442,0.8392439767444024
2026,14225,"Crosby, Maxx",DE,4,11.25,10.75,3.5,20.0,5.860247435049138,0.520910883115479,8.675,13.325,0.8324378798127617,-0.6491325014634058,7.396883094790647,1.6398825416301357,138.3037589095519,215.43728297380403,1.9499158241054648,1.8447544219755356,1.527973344682928,1.2964876056374994
2026,17075,"Golden, Matthew",WR,4,10.5,10.8,3.9,16.5,4.544777222262935,0.43283592592980336,8.175,13.125,0.0006074229835833533,-0.3759329244959912,7.328124462810552,1.8936739167520131,241.38821205856812,553.0459852218495,0.7967913175593015,1.301592923685923,0.6406172202216034,
2026,10816,"Davis, Demario",LB,4,9.475,9.55,5.5,13.3,2.7860141779969467,0.294038435672501,8.125,10.9,-0.07576181202497059,-0.2593181991697941,7.322039082305868,2.5026319381119975,208.83589828138923,471.7873216179947,1.9102640049714907,2.0412209156806544,1.7999951598877777,1.2778849546826438
2026,13707,"Ward, Denzel",CB,4,10.575,10.899999999999999,3.6,16.9,4.718249145604754,0.44617013197208083,8.85,12.625,0.20626110996241773,-0.35125011289821356,7.312417651427582,1.8493422952947605,164.38671710376468,251.63845365355093,1.3649814025733717,1.6386368418954353,1.2923580235833896,1.2839884221077598
2026,13696,"Smith, Roquan",LB,4,12.25,10.9,3.5,23.7,8.380483279620574,0.6841210840506591,4.625,18.525,2.0351314106128555,-0.024505688475067604,7.273823786194885,1.3059028660723218,108.97303512804821,246.18418957056863,1.178742400531447,1.0687600773671833,0.9980367863149796,1.8182473162929045
2026,12741,"Jones, Chris",DT,4,9.375,8.75,6.5,13.5,2.836701429477554,0.3025814858109391,6.875,11.25,-0.41747097841783054,-0.6178069066280143,7.197246469508563,2.443505227686325,187.42608801160833,278.74985924872504,1.850963956766582,2.6735112596728388,1.3477349095866904,1.18007283237138
2026,16284,"Williams, Dorian",LB,4,8.375,8.25,6.5,10.5,1.4306903927824497,0.1708287036158149,7.625,9.0,-0.5871497097360908,-0.33348501137367403,7.153053195685999,3.445523142259597,287.51687753410937,649.5378365888679,0.9598337418112126,1.6367827155591723,0.7880434546520712,1.201630667911783
2026,15846,"Walker, Quay",LB,4,7.375,7.35,7.0,7.8,0.30310889132455343,0.04109951068807504,7.15,7.575,-1.0126063716932505,-0.41157625082873517,7.083856945745537,5.659542382911403,472.26905379004404,1066.9169132523884,2.238324438920609,4.122211258642235,2.2236935578977386,1.7941583123497908
2026,17124,"Carter, Barrett",LB,4,10.375,10.75,3.5,16.5,4.878204075271964,0.47018834460452663,7.25,13.875,0.7136588451286168,-0.1532837407109329,7.056918957408021,1.7649948635919015,147.28265958210494,332.7305892179005,1.3323764686139727,1.6663556985527963,1.1698868139625673,
2026,16241,"Witherspoon, Devon",CB,4,8.55,8.45,6.5,10.8,1.8364367672206963,0.2147879259907247,6.875,10.125,-0.8172547194795371,-0.5048985872569075,7.038265541721628,3.014345357107249,267.94300802645995,410.15944228936274,1.457222202535892,2.7934201249980535,1.2991089034595409,1.1769003191927572
2026,15355,"Bolton, Nick",LB,4,9.625,9.0,6.0,14.5,3.5421568288261884,0.3680162939040196,6.375,12.25,0.20954433016457438,-0.21478679871047013,7.0357349125808675,2.1190373566399625,176.8262696269974,399.47342782329,2.53246091610088,2.0139526807976917,1.6504383171826489,1.831069799916929
2026,17071,"McMillan, Tetairoa",WR,4,13.875,10.1,-0.1,35.4,13.504142882834142,0.9732715591231814,4.1,19.875,2.6656906752231326,-0.12698684634828097,7.03147011664493,0.9566232291065788,121.9415702170074,279.3810653181415,0.7484063221344694,0.7420619985106227,1.1308093208443406,
2026,15358,"Togiai, Tommy",DT,4,10.0,10.0,4.0,16.0,4.242640687119285,0.42426406871192845,8.5,11.5,0.42022840122017135,-0.46014545270502794,7.021169893756969,1.907435698305462,146.3075286340153,217.596191898508,1.6891030130315057,1.8875692476555872,1.556451580216337,1.9465797984696092
2026,15845,"McDuffie, Trent",CB,4,13.075000000000001,12.2,-1.8,29.7,11.321522644944892,0.8658908332653836,6.75,18.525,2.551505721792068,-0.0725361766343618,7.007376726921493,1.0611513184504218,94.32498355454153,144.38996909694885,0.8886160251250145,0.8723976930656312,1.1421570664946674,1.2217174399934119
2026,14219,"Dean, Jamel",CB,4,8.9,9.5,5.0,11.6,2.41039415863879,0.270830804341437,8.3,10.1,-0.6134057527848216,-0.4676835269166554,7.003292625261873,2.609669025339965,231.97161763644303,355.0954735393915,2.162251463760746,2.412864978666666,1.1059265394217306,1.2568473812618421
2026,13697,"Edmunds, Tremaine",LB,4,9.75,8.9,5.5,15.7,3.835035853808931,0.39333701064706983,7.0,11.65,0.32005282304541294,-0.1995448465350897,6.9975891873223635,2.0165310650838655,168.27247745699856,380.14930428528055,2.321725165224555,2.088491129753888,1.6404231002354095,1.6613121254091985
2026,17042,"Jeanty, Ashton",RB,4,12.7,12.399999999999999,-1.4,27.4,10.450598069010212,0.8228817377173395,6.475,18.625,2.2610639734950415,-0.13748276726286793,6.966990637529385,1.1091123732978767,129.35520470526913,340.8917799659588,0.8342082286066343,1.1455817972430062,0.7935104987296718,
2026,15452,"Hufanga, Talanoa",S,4,15.925,4.65,3.0,51.4,20.508702421167456,1.2878306072946597,3.375,17.2,5.24147998337004,0.49431080959245954,6.960742613209105,0.7403979881337546,74.73951094558751,141.46662952681532,0.6635115050522934,0.6445992598133589,1.3425817751606013,1.0441525323096956
2026,16214,"LaPorta, Sam",TE,4,9.65,9.6,5.1,14.3,3.8082148048659232,0.39463365853532884,6.375,12.875,0.35205991292710553,-0.037408701431268156,6.919379824902991,2.0069818823889025,403.9835693335743,3023.595302201984,1.6178381428890147,2.1878115539494694,1.4118624659332397,1.404423693246115
2026,14235,"Tranquill, Drue",LB,4,9.75,10.0,4.5,14.5,4.130677910464576,0.42365927286816163,6.375,13.375,0.43160385718017863,-0.18129218507557246,6.848548796621298,1.9003336732781089,158.57621076825154,358.24418295114157,1.9972777096955936,1.974657524557896,1.5350994482995224,1.4083563871752796
2026,16731,"Hart, Cam",CB,4,10.575000000000001,9.1,4.4,19.7,5.7655767274401954,0.5452082011763778,6.5,13.175,0.578234097052169,-0.2854842595036914,6.843737945442678,1.5630596512355464,138.93925713898898,212.6842146020786,0.9503786808811124,1.2316818843671764,0.8462309172583006,0.9034437643919636
2026,15756,"Williams, Jameson",WR,4,10.2,8.9,4.6,18.4,5.049752469181039,0.49507377148833714,7.75,11.35,0.15081907014066204,-0.34726370542061635,6.822405820045896,1.6860193953325142,214.918314993447,492.4006447710534,1.4584372643453407,1.6373132616608574,1.0166032393167486,1.2948038513768219
2026,13319,"Jones, Aaron",RB,4,8.25,7.75,6.5,11.0,1.7298843892006195,0.20968295626674174,6.949999999999999,9.05,-0.6260174731516845,-0.5317126732233783,6.819968783771828,3.0221060029636684,352.46666619721896,928.8608795633804,1.2565376464997517,2.9528643521752995,1.0592201610710708,1.2527975818334625
2026,14170,"Bush, Devin",LB,4,8.15,8.05,6.0,10.5,1.6255768207008858,0.19945727861360563,7.199999999999999,9.0,-0.513615575861309,-0.31625187475302985,6.794739708795788,3.104079810479282,259.0246235119993,585.1701473047275,1.354380885479402,2.3208924377322475,1.5300818159852545,1.1741393882641344
2026,13764,"Johnson, Taron",CB,4,10.225000000000001,8.65,5.2,18.4,5.221290549279938,0.5106396625212652,5.95,12.924999999999999,0.38492327526790454,-0.30843936619670803,6.768655857303803,1.6435496652995027,146.0939570586708,223.63642324681643,1.0568187362774433,1.3524425649732887,1.1543526218489943,1.215326895212574
2026,16296,"Miller, Ventrell",LB,4,10.45,8.25,5.0,20.3,5.842302628245134,0.5590720218416397,7.25,11.45,1.0774304675038964,-0.09977969612294278,6.702705105089393,1.5272636373700037,127.44481869886262,287.9143392627417,0.8235732912134786,0.9972807241682494,0.6041666666666666,1.1565786675283654
2026,14997,"Rodgers, Isaiah",CB,4,11.1,11.2,3.6,18.4,7.301369734508724,0.6577810571629481,3.9,18.4,1.1236923875611189,-0.21073068239443352,6.695697210460373,1.3371287335700026,118.8564190717614,181.94198429753484,1.141069685677771,1.1919203286390085,0.5757141002114271,0.7193480488658752
2026,16192,"Washington, Parker",WR,4,11.425,13.8,-1.0,19.1,8.086215122045665,0.7077649997414148,6.875,18.35,1.054055534504865,-0.24928969357177677,6.690030538001389,1.2573992412175887,160.28174227688942,367.2224642398418,1.5236929142680273,1.4646859742390876,0.958913814435747,0.7130068787918055
2026,13774,"Reed, D.J.",CB,4,9.425,8.55,5.2,15.4,3.8693507207282205,0.4105411905281931,6.55,11.425,-0.09523699656479408,-0.37490937603234453,6.681832521651285,1.9355763305113651,172.0519989652865,263.37224643459666,1.5536435900044665,1.850851869332853,1.1391687968358533,0.975700500454558
2026,17125,"Knight, Demetrius",LB,4,10.4,8.0,5.5,20.1,5.790509476721371,0.5567797573770549,6.25,12.15,1.0578879853586582,-0.10115953800092264,6.680456853782883,1.531549294740309,127.80244184472926,288.72225623259953,1.1852384358751251,1.2806217346115736,1.2257965556186976,
2026,7836,"Rodgers, Aaron",QB,4,15.45,20.200000000000003,-17.2,38.6,20.346314162520937,1.3169135380272452,9.275000000000002,26.375,0.9480093224630579,0.7203761196896308,6.66835414719663,0.7237783479794622,39.47393889015633,75.7704421628777,0.9068064604453723,0.6209386624393871,1.128013321659938,0.7538656298602728
2026,15390,"McNeill, Alim",DT,4,9.375,8.5,5.5,15.0,3.9277060735243414,0.4189553145092631,5.800000000000001,12.075,0.23258122585248123,-0.4670238890938497,6.606973386785112,1.9025079540295944,145.9295520199763,217.03404535273924,0.891043609527463,1.2218003856267572,0.751839626939988,0.8647862412360737
2026,14127,"Meyers, Jakobi",WR,4,9.6,9.0,5.1,15.3,4.375499971431837,0.4557812470241497,5.475,13.125,-0.049746361342968046,-0.36536339993573047,6.594397351678997,1.7858803927112497,227.64768059245318,521.5649708949959,0.8776030705231278,0.9456762168714761,0.9211509259189364,1.8071227377107613
2026,15895,"McCollum, Zyon",CB,4,10.500000000000002,8.899999999999999,3.6,20.6,6.223343153000645,0.5926993479048233,7.35,12.05,0.7408162228916401,-0.2539479440406152,6.592581339229293,1.453620543506673,129.21129293891246,197.79292708424853,1.2837115688121346,0.9974358294832827,1.4574295972375229,1.1414133781901181
2026,16714,"Jones, Jarrian",CB,4,11.5,12.95,0.0,20.1,8.682453570276088,0.7549959626327033,4.65,19.8,1.614203559730817,-0.14617549394767756,6.552721627204559,1.18771548105364,105.57518166349358,161.6114484555628,1.240073859935543,1.3425924340158322,0.8331188033093934,0.8955816127612432
2026,16239,"Campbell, Jack",LB,4,8.85,9.75,4.1,11.8,3.1228992939254385,0.35286997671473885,7.025,11.575,0.05135096581030745,-0.22390421211447747,6.54164860801407,2.146547700798643,179.12191180550428,404.65958060499094,1.4469024843794456,1.7905739973158254,1.8187313566509784,1.865349599589837
2026,14925,"Uche, Josh",DE,4,10.025,8.25,5.0,18.6,5.366737835967023,0.5353354449842417,5.75,12.525,0.635375707476986,-0.6102154824677345,6.529517723798068,1.5745897284111017,132.79711970294437,206.85953065281043,0.8449367351616801,0.9774982700239916,0.7164612200990683,0.5935952773334194
2026,15694,"Willis, Malik",QB,4,11.800000000000002,12.0,-1.9,25.1,9.585666382677838,0.8123446087015115,7.625,16.175,-0.8849649986567542,-0.0027905561490780655,6.510903027683205,1.1147148959190019,60.79511469815654,116.6965560452572,0.8802915773857112,0.9499092629636986,,
2026,13223,"Humphrey, Marlon",CB,4,10.400000000000002,9.9,2.2,19.6,6.220932405998317,0.598166577499838,7.15,13.15,0.739960012495651,-0.2503174510099177,6.507456823599513,1.4402572154478115,128.023436242634,195.97459025339106,2.291524486121045,1.647472055067289,1.5567660295394303,1.5123579788023391
2026,17622,"Muhammad, Malik",CB,4,10.025,7.25,6.2,19.4,5.435243784780955,0.5421689560878757,6.7250000000000005,10.549999999999999,0.4609117486807387,-0.2875024586520223,6.500584751382298,1.557827540847582,138.47417857976808,211.97228573378752,,,,
2026,14943,"Davis-Gaither, Akeem",LB,4,8.375,7.25,6.5,12.5,2.45903944661325,0.2936166503418806,6.5,9.125,-0.19913522457118635,-0.2595720952937795,6.474097251134354,2.421192394379883,202.04005267104628,456.43462687049947,1.747458141430612,2.32638285023698,1.4762330974428048,0.9480076111182864
2026,16279,"Moss, Riley",CB,4,10.725000000000001,9.5,2.2,21.7,7.062356193226167,0.6584947499511576,6.699999999999999,13.525,1.038803397289361,-0.21025675741129096,6.4667072357725885,1.3302562852545432,118.24553204456363,181.00685602446381,1.3142143891799665,1.1429224590420017,0.6745125833730202,1.4772685824625014
2026,16927,"Redmond, Jalen",DT,4,9.5,7.75,5.5,17.0,4.513867521316947,0.4751439496123102,6.25,11.0,0.5818332141689674,-0.3942215069197076,6.440049462628201,1.7229285910973418,132.1551360291096,196.54801504915807,2.4928209702853596,1.9278244426793638,2.307399132504764,0.6660095459226105
2026,16009,"Gibbens, Jack",LB,4,7.65,7.8,5.5,9.5,1.4378803844548405,0.18795822019017522,7.0,8.45,-0.5844367973191348,-0.323173799607307,6.439620409188586,3.1379718417606846,261.8527952017494,591.559353171935,1.669175418904978,2.9931979821599275,0.938625085545968,0.6261934838850568
2026,17584,"Jacas, Gabe",DE,4,9.95,9.3,3.0,18.2,5.4297790010275735,0.5457064322640778,7.2749999999999995,11.975,0.6605485287483777,-0.5822348815562236,6.437186125586415,1.5474870906775866,130.51134826520294,203.29895940059893,,,,
2026,14717,"McLaughlin, Chase",PK,4,10.35,11.25,0.6,18.3,6.374362713244361,0.6158804553859286,7.725,13.875,0.6396424139040761,-0.49686407463227,6.40517679726998,1.4035111103785811,153.2585554033473,368.8520254480091,0.9080731818049143,0.8324312848610473,0.6548405164150871,0.9836428740512363
2026,16672,"Lassiter, Kamari",CB,4,9.899999999999999,10.8,1.8,16.2,5.588380803059147,0.564482909399914,6.3,14.4,0.5153004949630907,-0.2726849627743053,6.32796941437815,1.5026453837342226,133.56907600700535,204.4636959391331,1.8225362583444202,1.6537302857713028,1.8087516362895166,1.6112185933539158
2026,16419,"Szmyt, Andre",PK,4,9.674999999999999,11.35,1.1,14.9,5.1596390377622345,0.533296024574908,8.674999999999999,12.35,-0.06116176688074681,-0.5286273944207884,6.309936140793362,1.5707089231506133,171.51597785091812,412.79271920910514,1.3118420546572713,1.692347684145292,0.7190571623308345,
2026,16245,"Battle, Jordan",S,4,9.55,8.75,3.5,17.2,4.9882361612096915,0.5223283938439467,6.5,11.8,0.44358648147648694,-0.2454983250062643,6.273285080025229,1.5947934822381475,160.98650567937113,304.71457559229185,1.4107889101665525,1.2211218270394593,1.4190863592577454,0.7247100766001048
2026,15850,"Pitre, Jalen",S,4,8.875,9.0,3.5,14.0,3.7144144895259066,0.4185255762846092,7.625,10.25,0.04980573940492453,-0.34581713699416344,6.256496286267414,1.8825243346162575,190.03151057586211,359.6908377501727,1.9005606634423884,1.9690936338133758,1.3474308707546734,1.416732434697257
2026,15856,"Taylor, Alontae",CB,4,7.8500000000000005,8.4,4.6,10.0,2.006863224038948,0.2556513661196112,7.15,9.100000000000001,-0.7567253881401395,-0.4777633751682254,6.251735323841653,2.610694073891244,232.0627334707834,355.2349510352666,1.2171992088777173,1.353995605628751,1.2523670325538234,1.7835310244804408
2026,16580,"Maye, Drake",QB,4,13.95,7.65,-1.0,41.5,17.354322228194334,1.2440374357128556,-0.8500000000000001,22.450000000000003,0.4383518653263815,0.6159274198277408,6.2164738332756695,0.7600389612083418,41.45154603288479,79.56646991794845,1.3499576799672204,0.8903511759047232,2.4424882478267187,0.9346825791281399
2026,13839,"Sieler, Zach",DT,4,9.625,10.25,1.5,16.5,5.342927568290627,0.5551093577444808,7.875,12.0,1.0758112315389623,-0.2906120814038025,6.189275340713035,1.5174381066744338,116.3932390695259,173.10609932873422,1.6115368262083938,1.3530625649528056,1.6268233288287601,1.9614580507307773
2026,16276,"Young, Byron",DE,4,11.625,9.1,1.0,27.3,10.287948046136314,0.8849847781622636,3.25,17.475,2.600452731998241,0.3331275365379499,6.167158554634914,1.029859452974631,86.85587527100537,135.29635005028544,1.3800587258471793,1.1941373593282159,1.5272651701768019,1.4334783489865928
2026,15428,"Sherwood, Jamien",LB,4,9.625,8.75,3.0,18.0,5.401099425117075,0.5611531870251507,6.75,11.625,0.910956610133082,-0.09852692668051191,6.165314256149892,1.503647945575218,125.47417166347749,283.4623925700038,1.3920894890390476,1.342989154058846,1.636553547675188,1.618997355957432
2026,17563,"Downs, Caleb",S,4,9.8,9.6,2.5,17.5,5.88600033978932,0.6006122795703388,5.125,14.274999999999999,0.7211153164028499,-0.16984193533862502,6.122657013871385,1.4231773912895036,143.66271102640948,271.92417050182553,,,,
2026,17222,"Loop, Tyler",PK,4,9.625,9.5,2.2,17.3,5.524208088043027,0.5739436974590157,6.175,12.95,0.14916714971020253,-0.5129936360985756,6.115212390086544,1.4752748333763022,161.09490556521385,387.71200766379593,0.7584277904295381,1.3155691827926579,0.724768092911572,
2026,16181,"Brown, Chase",RB,4,7.75,8.25,4.4,10.1,2.0766559657295187,0.26795560848122824,7.25,8.75,-0.5112151964597063,-0.49424876608996643,6.112201364275709,2.5189686745369873,293.7860187890812,774.2188580838994,1.4783324655778538,1.3107298315323876,1.175565804622041,1.450137685438248
2026,15787,"Thornton, Tyquan",WR,4,11.575,10.3,-1.0,26.7,10.721094860134388,0.9262284976358003,3.0500000000000003,18.825,1.8378357849916929,-0.14865674548528818,6.00915208876145,0.9875357326360966,125.88201312601835,288.4090377789328,0.7112530876471955,1.0129650508476276,0.8390032965707399,
2026,14899,"Kinlaw, Javon",DT,4,8.45,7.9,4.5,13.5,3.497499106504532,0.4139052197046784,5.625,10.725000000000001,-0.02374856039513743,-0.47356718617349497,5.976355332901979,1.878821940793527,144.11274526584026,214.33199553475345,1.3334922421571098,1.8918978056103086,1.0489606975397818,0.8075883601397702
2026,14159,"Lawrence, Dexter",DT,4,10.075,9.0,1.5,20.8,6.943837195672145,0.6892146099922726,6.375,12.7,2.029679611289223,-0.11685484726208892,5.96431024240673,1.2682787614893374,97.28177541049607,144.68253320990377,1.0674371753888312,1.3103814170504564,1.169261018126781,2.0640906636306733
2026,17080,"Noel, Jaylin",WR,4,9.3,7.699999999999999,4.5,17.3,5.219674319342157,0.5612553031550706,4.725,12.275,0.20136459916699734,-0.31677786817689324,5.956745178835294,1.4952551407842274,190.60143449847908,436.6880935400988,0.8686948161219523,1.702294844509582,0.5757399478365489,
2026,13066,"Raymond, Kalif",WR,4,10.25,10.4,0.2,20.0,7.5254567967665595,0.7341909070016156,4.925,15.725000000000001,0.8872504639369603,-0.23711687303614765,5.910537276269118,1.202281618961169,153.25585245937708,351.12540580003906,0.8154193842162768,0.9012778293412196,0.49702449159662015,0.6791565397957571
2026,17145,"Winston, Kevin",S,4,7.125,6.75,5.5,9.5,1.4737282653189494,0.20683905478160694,6.25,7.625,-0.6428650666675095,-0.5503986777494776,5.903852690025316,2.880267853139213,290.74877861098815,550.3280557867101,1.3287464010669863,1.5599858660278036,0.7356928005234026,
2026,15409,"Barnes, Derrick",LB,4,10.425,8.75,1.0,23.2,8.027569682039514,0.7700306649438382,6.625,12.55,1.9019708000565494,0.027208081583997196,5.889728469947597,1.1547958495120447,96.36368212674643,217.6980292467133,0.8858225818671851,1.0193730451002954,1.0721664438092422,
2026,14953,"Dye, Troy",LB,4,8.15,7.0,5.3,13.3,3.134086788842964,0.3845505262384005,5.825,9.325,0.055572207678074026,-0.20483392174199203,5.886386842192195,1.9714148290246702,164.5076850634334,371.64415103133837,1.1463263051455612,1.6543832580801852,0.8607689683525175,0.6655309708725807
2026,17560,"Hill Jr., Anthony",LB,4,8.5,6.75,5.5,15.0,3.824264635194589,0.44991348649348106,5.875,9.375,0.3159886496699685,-0.1654883090423566,5.862418743725656,1.7619265614057984,147.02662047644367,332.15216374180415,,,,
2026,13227,"Lewis, Jourdan",CB,4,11.1,10.0,0.0,24.4,9.937303457175895,0.8952525637095402,2.4000000000000004,18.7,2.0598809856621987,-0.053038631141864474,5.856739208559196,1.0148753797918408,90.21154838554443,138.09324097093372,0.7352933194227127,1.05070300240787,0.8453681261995581,1.2483944771036644
2026,17160,"Umanmielen, Princely",DE,4,8.125,8.9,3.0,11.7,3.1916884246429817,0.39282319072529004,7.050000000000001,9.975,-0.23313822362052813,-0.9947091091422543,5.833475529488447,1.9383597197332316,163.47660795966667,254.64930618145297,1.1219009329935399,1.698752296939599,0.8985896010267777,
2026,17581,"Cisse, Brandon",CB,4,6.625,6.8,5.2,7.7,0.912071817347735,0.13767121771286567,6.25,7.175,-1.1455558141215174,-0.55610764425506,5.823299294956822,3.4648280152937154,307.98609008858705,471.4562394221594,,,,
2026,17557,"Styles, Sonny",LB,4,10.774999999999999,7.85,1.5,25.9,9.202547201726269,0.8540647054966376,4.875,13.75,2.345310827144867,0.07779285926653653,5.811555534203301,1.0561088115502049,88.12859333576813,199.09389788828656,,,,
2026,16708,"Smith, Tykee",S,4,8.225,8.2,4.0,12.5,3.4171442755611006,0.41545827058493623,5.425000000000001,11.0,-0.04209039335288929,-0.3487814925967366,5.810838914100257,1.8620627914525603,187.9660191053876,355.78128424965354,1.2767951416068488,1.3022493675961224,1.6381039490850053,0.955363672273036
2026,16018,"Blankenship, Reed",S,4,10.125,6.75,4.0,23.0,7.569469928601341,0.7476019682569226,5.125,11.75,1.2415318854356536,-0.027785762970471684,5.7936533512255,1.1815199871589424,119.26859260555347,225.75108655177286,1.077372793759533,1.1064090648146911,1.0957414048372949,1.0716511163672406
2026,17164,"Williams, Nohl",CB,4,8.125,8.05,4.6,11.8,3.2919409168452587,0.40516195899633956,4.975,11.2,-0.30031213566200887,-0.3784814342836954,5.782251610201159,1.893082909904591,168.27478912704848,257.5902023645808,1.2147037423469131,1.9508195877533359,0.7144725608148067,
2026,14167,"Hines-Allen, Josh",DE,4,10.2,7.25,3.0,23.3,7.809929577147288,0.7656793703085577,5.25,12.2,1.6109609298217678,0.011245259213207183,5.776813260392525,1.157784510157552,97.6447676568771,152.10232611510833,1.4625752483610874,1.3514174464352888,1.5595920699498222,1.2329664315710132
2026,16617,"Coleman, Keon",WR,4,10.85,9.0,-0.3,25.7,9.555234167721897,0.8806667435688385,4.7250000000000005,15.125,1.4910349149851396,-0.16964429569821446,5.769230533321681,1.0279260343820227,131.03059897108173,300.2049937906186,0.7865289527459405,0.8200066211591895,0.6372784097244276,1.2272009046775498
2026,15869,"Bernard, Terrel",LB,4,8.75,7.5,4.0,16.0,4.548351349665063,0.5198115828188644,5.5,10.75,0.5891995139026841,-0.12341274490438475,5.757292613713979,1.5770450442955835,131.5989033146203,297.2989540285522,1.2063492063492063,1.3396015928246492,1.1467141261164902,1.558065559820988
2026,16616,"Odunze, Rome",WR,4,8.825,7.25,4.0,16.8,4.829272719571758,0.5472263704897177,5.800000000000001,10.275,0.08523441711912207,-0.3232401507377255,5.703754905112411,1.513910984190206,192.97951059932004,442.13651800501435,0.9315922880593018,0.8785228535793445,0.9189149081396628,0.6574813975731189
2026,13770,"Franklin-Myers, John",DT,4,7.375,7.25,5.0,10.0,2.161452058223823,0.2930782451828912,5.375,9.25,-0.8198041349362789,-0.6301200470847479,5.703444495701719,2.332788814815508,178.93372060926643,266.119567258932,1.125880898395855,1.3032803028397824,0.933919881828385,1.6957460108935563
2026,16213,"Kincaid, Dalton",TE,4,11.375,10.55,-0.1,24.5,11.44232821588334,1.0059189640337,0.05,21.875,3.351987171606373,0.11895487566800772,5.670717613201096,0.9142179664959461,184.02210826851285,1377.3044853775896,0.8723546385197601,0.7195667848122133,1.1355336235100775,0.9210037051902434
2026,14995,"Metellus, Josh",S,4,7.45,8.4,3.5,9.5,2.341473894793619,0.314291797958875,6.875,8.975000000000001,-0.37461596594981134,-0.44655244511496944,5.668452022275432,2.229555051023416,225.0625431327501,425.9974276912681,1.5794544746438293,2.1825047381485,1.5101541409013761,1.2325798063946334
2026,15281,"Chase, Ja'Marr",WR,4,10.225,10.95,-0.1,19.1,8.249659083865224,0.8068126243388972,3.2750000000000004,17.9,1.1026741289263382,-0.20366443095226516,5.659136903441368,1.1054461475057094,140.91215320276268,322.8446821539309,1.718357581033451,1.305443485612703,1.2540070818473448,1.2604809329685078
2026,13672,"Gesicki, Mike",TE,4,9.375,9.95,0.0,17.6,6.257145914872051,0.6674288975863522,7.125,12.200000000000001,1.3144002393011616,0.032370890863845064,5.622428646625091,1.291830164360873,260.0313263167547,1946.1917670901394,1.196331443844149,1.4219510233322095,0.6390686155114707,0.7407506472656298
2026,16734,"Booker, Austin",DE,4,8.4,8.05,3.0,14.5,4.175523919222593,0.4970861808598325,5.85,10.600000000000001,0.15971484376356024,-0.7134108066684385,5.610899430769955,1.6230240901411486,136.8819575602897,213.2225274094679,1.8214463460631618,1.8072846549854134,1.7570984972505357,0.7197762302516024
2026,14218,"Okereke, Bobby",LB,4,10.0,10.5,-1.5,20.5,7.92148975887743,0.7921489758877429,6.0,14.5,1.8619449483102597,0.04052232703084932,5.579893264758579,1.1208890297777214,93.53427639222821,211.3060355126652,1.3367452940918065,1.2748715311077792,1.3136809584745626,1.8015904530478328
2026,16300,"McGuire, Isaiah",DE,4,8.2,9.1,2.0,12.6,3.8548670534792766,0.4701057382291801,7.25,10.049999999999999,0.03167409510277258,-0.7862032011911836,5.577830074915108,1.6890266838766281,142.44845795264263,221.8935261564029,0.6499435866438776,1.1391215813699962,0.6571575857130371,1.076721914759112
2026,16369,"Ojomo, Moro",DT,4,7.125,7.0,4.5,10.0,1.9803724397193574,0.2779470090834186,6.0,8.125,-0.9276966226535052,-0.6497252578406371,5.575348546815146,2.390640815572337,183.3711877620435,272.7191999855183,1.5651725694566532,2.4049867061281547,1.4434887917416697,0.6436974988685068
2026,16712,"Hunt, Jalyx",DE,4,8.0,7.25,4.0,13.5,3.48209706929603,0.4352621336620037,5.875,9.375,-0.11717582190259161,-0.8802101618985994,5.573894700049236,1.7848787914038866,150.53239471877495,234.48596316866482,1.5099848765032544,1.4253619493034269,1.2851477953018515,0.7881754915349651
2026,15911,"Araiza, Matt",PN,4,8.4,8.3,2.6,14.4,4.288939262801469,0.5105880074763653,5.825,10.875,1.0128878570963085,-0.4771941440021694,5.560748502189751,1.5882201671475902,128.7662529841472,173.18977988825907,1.4695330510698144,1.693798058566411,0.9221797902578013,1.4060366802923256
2026,14180,"Murphy, Byron",CB,4,10.375,8.4,1.0,23.7,8.989542535635502,0.8664619311455906,2.8,15.975,1.7232704856174212,-0.07215694125785083,5.55864538508539,1.0385860977106272,92.31917718350118,141.31953845370876,1.3687867948172772,1.2396433951995645,1.2799019119489987,1.3061449749608136
2026,16651,"Latu, Laiatu",DE,4,7.800000000000001,8.2,3.5,11.3,3.1913946794465895,0.409153164031614,5.375,10.625,-0.2332555183329753,-0.9506513493889226,5.535239318970873,1.8609557430248667,156.94854228328435,244.48046663954216,1.737014772114538,2.047580886430093,1.7317596963781479,0.8764361425849053
2026,16233,"Carter, Jalen",DT,4,8.075,7.9,3.0,13.5,3.7405714804024264,0.46322866630370607,6.225,9.75,0.12108100867383464,-0.4096598781767295,5.518617961742394,1.7033811289170802,130.65577178569018,194.31808229940208,2.100190396459177,1.8917059711630007,1.3947510238171832,1.3241692815600747
2026,17573,"Johnson, Chris",CB,4,9.850000000000001,8.1,1.2,22.0,7.832464490822796,0.7951740599820096,4.2,13.75,1.3123180920304285,-0.11949538112667081,5.486933116724465,1.1152040305663788,99.12969056735596,151.74487625894184,,,,
2026,14892,"Brooks, Jordyn",LB,4,7.875,8.5,2.5,12.0,3.4346579160085215,0.4361470369534631,6.625,9.75,0.1689830682493211,-0.17377510311864722,5.483421820585619,1.7757852238325538,148.18307747389306,334.76474976692276,2.1083604205073625,1.9597242366912833,2.1772429709499996,1.9235476035667511
2026,17592,"Igbinosun, Davison",CB,4,7.449999999999999,7.3,4.6,10.6,2.677218706045511,0.35935821557657865,4.9,9.85,-0.5186392960914815,-0.4088972359937474,5.480527439075391,2.025987735717723,180.0886042646005,275.6744504433717,,,,
2026,15377,"Stokes, Eric",CB,4,8.175,8.4,2.4,13.5,4.021426985536353,0.4919176740717251,6.0,10.575,-0.04122499166084878,-0.3208716314611542,5.479524870624316,1.6280232737720084,144.71382719403388,221.52376018560872,1.0607077840764776,1.2939790904948956,1.2422298029801475,0.7409088691458128
2026,13704,"Nwosu, Uchenna",DE,4,9.325,9.5,1.0,17.3,6.585353065705742,0.7062040821132163,4.0,14.825,1.1219781258705033,-0.1492172173271404,5.465348546377017,1.229342908527146,103.67983128175358,161.5032109512733,1.0742329448951733,1.3436738612611743,1.2768287793556523,
2026,13681,"Chubb, Bradley",DE,4,8.175,8.25,2.5,13.7,4.057939748197353,0.49638406705778015,5.875,10.55,0.11276258140102065,-0.715305087854945,5.463169636705533,1.6162707361062507,136.31239588464376,212.33531493704757,1.4467368904170361,1.5800290396621695,1.3411315232359826,
2026,15375,"Newsome, Greg",CB,4,10.3,10.5,-2.8,23.0,9.137286249209883,0.8871151698262021,6.65,14.149999999999999,1.775743724568775,-0.05844223661847323,5.458066452270955,1.016051016691257,90.31604991070436,138.25320889692549,0.8493563285526984,0.9784893950447768,0.878889684915375,0.6061142763793892
2026,13289,"Hollins, Mack",WR,4,7.325000000000001,8.4,3.1,9.4,2.5222757581200357,0.3443379874566601,6.550000000000001,9.175,-0.6010127121827225,-0.4166985834457281,5.448778557435617,2.079621387710318,265.0910930848983,607.3517985754135,1.0498442367601246,2.257730099676642,0.8230272460140908,0.7576597823662397
2026,17103,"Fannin, Harold",TE,4,8.15,7.8500000000000005,2.7,14.2,4.131888188225814,0.5069801457945783,5.8500000000000005,10.15,0.47925171024163776,-0.008671058853597405,5.408166804814001,1.5881094250452878,319.6691109430582,2392.5478546094605,1.2478788726128414,1.7782785188348778,1.0454060305394655,
2026,16702,"Green, Renardo",CB,4,9.174999999999999,8.05,2.2,18.4,6.631129240182248,0.7227388817637328,3.25,13.975,0.8856471349896046,-0.16759568588405183,5.325821630383516,1.2023122281415954,106.87267609721086,163.59761557829094,1.1435860648073366,1.1178385065545218,1.1406229517024078,0.9371387406493493
2026,17147,"Schwesinger, Carson",LB,4,7.25,7.75,3.5,10.0,2.6575364531836625,0.3665567521632638,5.375,9.625,-0.1242387548129075,-0.21566537831926724,5.305304729220522,1.9822085419515962,165.40838272518647,373.6789436169191,2.0232725817311947,2.0414165147117482,1.8235523719236746,
2026,16280,"Henley, Daiyan",LB,4,9.7,7.15,1.5,23.0,8.040211440005791,0.8288877773201847,5.1,11.75,1.9067407613752199,0.06263746145206474,5.303769930713367,1.0729837531315292,89.53674829851525,202.27510219159262,1.1546470719049633,0.9829212461615642,1.0688898486148808,1.5230690906483715
2026,12221,"Hunter, Danielle",DE,4,9.275,6.699999999999999,3.0,20.7,6.9940599797256535,0.7540765476793158,3.9000000000000004,12.075,1.2851779349020065,-0.020058795133390882,5.2876825770637215,1.160236478525685,97.85156078591609,152.4244500415227,1.5395633445643977,1.3245939672187057,1.1592303306537521,1.1924049845115745
2026,14328,"Wingard, Andrew",S,4,10.125,7.0,1.0,25.5,9.269405320731206,0.915496821800613,4.375,12.75,1.7670385831681314,0.13447391978580078,5.285834925313139,0.9859382976695165,99.52558944154335,188.38161384565453,1.071958433542077,0.9837728589854949,1.3801192752567337,0.3436340547632781
2026,14797,"Swift, D'Andre",RB,4,11.124999999999998,5.199999999999999,1.8,32.3,12.307187940386706,1.1062640845291423,4.05,12.274999999999999,2.875707036951327,0.04470578123718524,5.281863789880368,0.8360143442654877,97.50392227385183,256.95360069452175,1.3847209498015631,1.0221648249384518,1.2333069218869857,0.9606581746439662
2026,14947,"Wonnum, D.J.",DE,4,8.075,8.25,3.0,12.8,4.366563293941816,0.540750872314776,4.125,12.2,0.23599833298820302,-0.5956048280707729,5.240951113575143,1.5046873683788788,126.90172237802686,197.6762055447642,1.8780770314304747,1.674970453736318,1.1738118724930262,1.6704272099111344
2026,15282,"Smith, DeVonta",WR,4,9.875,7.8,0.0,23.9,8.742246564813875,0.885290791373557,4.949999999999999,12.725,1.2492008692642722,-0.16751427595960053,5.2379187577771065,1.0136265731218086,129.20783457829538,296.0288473216633,0.9174087758568871,0.8801746537180148,0.9519184703216297,1.3152235276427617
2026,14930,"Hamilton, Davon",DT,4,9.775,7.0,1.5,23.6,8.478023059652529,0.867316937048852,3.75,13.025,2.9437920379252662,0.1139084317657368,5.234783558193726,1.0313332156377302,79.10715633149698,117.65229124136619,0.8917720962129072,0.9656080984000249,1.058391774275558,1.3767321239536139
2026,13298,"Stewart, Grover",DT,4,8.075,7.0,3.3,15.0,4.403620669403757,0.5453400209787935,4.95,10.125,0.5161449428210056,-0.3032699967900563,5.225387222473811,1.494368404821985,114.6237057283213,170.47435699750574,1.413580848857128,1.631964700785432,1.617832131296642,1.8721195652240012
2026,17736,"Zvada, Dominic",PK,4,8.774999999999999,8.0,1.2,17.9,5.965473577177255,0.6798260486811687,5.925,10.85,0.4037441418797084,-0.47226955592024905,5.223755166131189,1.2597851248408656,137.56417524878543,331.07988350835757,,,,
2026,15868,"Jones, Marcus",CB,4,10.124999999999998,5.949999999999999,2.2,26.4,9.568013116629803,0.944988949790598,4.0,12.075,1.9287223744895725,-0.02001137302122373,5.205685102267588,0.9580798101080438,85.16303072058213,130.36511548223112,0.8566380318984277,0.8370892384197042,1.0060546921509743,1.4617995061407376
2026,16346,"Winters, Dee",LB,4,8.075,5.75,5.0,15.8,4.474022239551342,0.5540584816781848,5.375,8.45,0.5611538116325224,-0.10279762567747257,5.196072152497138,1.475149286324755,123.09605804087442,278.0899261226911,1.026306751829582,1.6458261681767647,1.158133816665833,0.8841830283914043
2026,15124,"Pierre, James",CB,4,9.8,7.7,0.0,23.8,8.721238444166058,0.8899222902210263,4.800000000000001,12.7,1.627978548230087,-0.05657817899063356,5.185398389504096,1.0081020084309535,89.60946823814615,137.17159401589922,1.1287233463931265,1.206675804683782,0.7753487162193302,0.7219527481038827
2026,14896,"Queen, Patrick",LB,4,8.25,8.75,2.0,13.5,4.879805323985784,0.5914915544225193,4.25,12.75,0.714263024899094,-0.08026457061680639,5.183816387259155,1.403107678811297,117.08443739878422,264.50889707234256,1.650479311498127,1.4294992963968833,1.5838374209978805,1.6998421492583797
2026,13281,"Douglas, Rasul",CB,4,8.875,6.4,3.2,19.5,6.329050086703375,0.7131324041355915,4.7,10.575,0.7783595136131488,-0.17397483083715926,5.180568634727407,1.2109345542748224,107.63910851507393,164.7708482570558,1.014482110080196,0.9761614194715698,0.9569207244411411,1.2525288091454065
2026,15884,"Stout, Jordan",PN,4,7.925,8.35,2.2,12.8,4.211516947609258,0.5314216968592124,4.825,11.45,0.9407806074749083,-0.4380359280962918,5.174929946632828,1.5206704841736205,123.28960702110876,165.82372638523972,0.834226484411478,1.2026730551589944,0.8579273357498166,1.0833315443416922
2026,14893,"Baun, Zack",LB,4,9.125,9.5,0.0,17.5,6.967558754685891,0.7635680827053031,3.75,14.875,1.5020097238887655,0.02331789275526859,5.174169395265027,1.1452692450662372,95.56872024413234,215.9021074704603,1.4591821800295832,1.2278911065314244,1.987043981231463,1.5105750191053993
2026,16452,"Whelan, Daniel",PN,4,8.275,8.9,1.2,14.1,5.039531228199702,0.6090067949486044,4.8,12.375,1.7119514549546313,-0.2922099072588853,5.142924210126983,1.3701394507842721,111.08517999749907,149.40885074121906,0.778031662964493,1.0042048585319034,1.0335110704219141,0.8081924412388516
2026,14169,"Wilson, Mack",LB,4,6.25,6.75,4.0,7.5,1.346291201783626,0.21540659228538014,5.875,7.125,-0.6189950335799258,-0.30665109296307314,5.1423120786664995,2.6637784752586615,222.28301422659175,502.1660968548338,1.435002984767644,2.215763425135682,1.7141678892262253,0.9207022036727189
2026,16689,"Murphy, Byron",DT,4,7.725,6.95,3.0,14.0,3.9657124202342255,0.5133608310982817,5.925000000000001,8.75,0.2552265093440173,-0.34470473175079613,5.1045327996191,1.5556680182529825,119.32561780602715,177.46728601696654,1.5573813930849818,1.3958005085959262,1.4185809336270525,1.0604426516252474
2026,16292,"Ryland, Chad",PK,4,7.975,9.6,0.8,11.9,4.499652764380825,0.5642197823675016,5.825,11.75,-0.44192419786136594,-0.5167336125277278,5.098388404172691,1.450091549715841,158.344978154184,381.09367374616323,0.6669998571400526,1.0851437183964054,0.4621315898003189,0.7313464167907111
2026,17072,"Harris, Tre",WR,4,8.575,10.1,-0.5,14.6,5.848664377445504,0.6820599857079305,5.5,13.174999999999999,0.3884661120624468,-0.26113044210746417,5.097915694362725,1.2520689476680715,159.60228526040788,365.6657561806895,1.117328125941664,1.0874624264963313,0.8250294706366095,
2026,11769,"Lawrence, Demarcus",DE,4,7.5,6.0,4.5,13.5,3.5355339059327378,0.4714045207910317,5.25,8.25,-0.09583808271784784,-0.7826991262604723,5.0971706923721944,1.653609069086568,139.46142130048912,217.2405863841443,1.6490015566260703,1.2762559579544506,1.1545349928601727,
2026,15051,"Townsend, Tommy",PN,4,6.8999999999999995,6.85,3.7,10.2,2.4889756929307283,0.36072111491749687,5.05,8.7,-0.6635076642708219,-0.7588782964401363,5.0708406920093685,1.9776578019676663,160.34022871123534,215.65657362997683,1.2353766722791695,1.9620910486401781,1.1748794010065928,1.301932063599573
2026,14897,"Brown, Derrick",DT,4,8.0,6.75,3.0,15.5,4.623310502226732,0.5779138127783415,5.25,9.5,0.6470425158621583,-0.26106484916362777,5.06998540428127,1.4226495223466924,109.12259632752983,162.2928200116434,1.7340088219266716,1.6090180437950778,1.3755122482074709,
2026,15863,"Jones, Travis",DT,4,8.75,9.25,0.0,16.5,6.427480066091221,0.7345691504104253,4.125,13.875,1.7220190599741212,-0.0580899639578518,5.044480352904707,1.1780576887639858,90.36147807471555,134.3903058643238,1.13967592913187,1.3456539798345937,1.1268525853534102,1.1572724116537485
2026,14836,"Jefferson, Justin",WR,4,10.075,6.7,0.0,26.9,10.107515767981765,1.0032273715118378,4.425000000000001,12.35,1.6553184702205435,-0.11318801156786559,5.029384154428953,0.9070435019360433,115.62160055899238,264.9013448036987,0.5796255946122948,0.8410766700069736,0.9612628699599677,1.6539045137503328
2026,17189,"Robinson, Quandarrius",DE,4,6.925,7.25,3.0,10.2,2.620472285676763,0.3784075502782329,5.625,8.55,-0.4612292140030834,-1.0336020584198196,5.023913282107445,1.9127338793329645,161.31538606565826,251.28274712029852,1.2924982403057497,2.007839111918313,,
2026,16794,"Briggs, Jowon",DT,4,8.025,9.5,0.0,13.1,4.873589539548853,0.6073008772023493,6.75,10.775,0.7961660239807168,-0.22298867430639718,4.992842419129534,1.3662854624016503,104.79925985979743,155.86292839596476,1.9086593853439782,1.5575645418853643,0.9006883419774583,
2026,14985,"Mann, Braden",PN,4,7.9,7.25,2.1,15.0,4.610314522893205,0.5835841168219247,5.775,9.375,1.31220060748418,-0.33999341313229947,4.9886835287628495,1.4081206976478065,114.1645407457427,153.5505710897215,1.075395747270251,1.5515348038673298,1.1737483677926555,0.6670119712286421
2026,13848,"Johnston, Cam",PN,4,7.2749999999999995,7.45,3.0,11.2,3.3461731873888416,0.4599550773043082,4.574999999999999,10.15,0.1348429605364909,-0.5723618877075666,4.98303003502869,1.6738863561879322,135.711709538806,182.53137416508335,0.903106433465572,1.154831923018873,,
2026,16194,"Rice, Rashee",WR,4,8.2,9.35,0.0,14.1,5.317424188458167,0.648466364446118,5.475,12.075,0.23044160628549892,-0.27660499587530446,4.974320481664899,1.2979973728820153,165.45682037703185,379.07911681655867,1.0895366100351622,1.1689341458938938,1.2774823858526079,
2026,15817,"Davis, Jordan",DT,4,8.0,7.25,2.5,15.0,4.886205071423016,0.610775633927877,4.0,11.25,0.8036827237010992,-0.21848650822547871,4.966551412558927,1.3591099703337322,104.24887249307113,155.0443635812431,1.7105542201906316,1.5501607335854355,1.6804970818455527,0.9450590612362735
2026,17241,"Crawshaw, Jeremy",PN,4,7.925,9.35,0.4,12.6,4.727248142418588,0.596498188317803,5.725,11.549999999999999,1.4211066983356067,-0.31572061197035584,4.963989347429456,1.3837360985468514,112.18753936917045,150.89151698732803,0.9635653530711102,1.295765808243953,0.9581991073051646,
2026,15364,"Cisco, Andre",S,4,8.625,7.75,1.0,18.0,6.377450509412049,0.7394145518158898,4.0,12.375,0.873038946520892,-0.035698379505616225,4.95856493266415,1.1691030646693386,118.01516576053805,223.37860553230436,1.1214625597588899,1.0014165136169049,1.4000094477562537,1.192506901243413
2026,15875,"Belton, Dane",S,4,7.75,7.25,2.5,14.0,4.394598957811737,0.5670450268144177,4.375,10.625,0.260073432772945,-0.20228254723479624,4.945614112795892,1.4366220845346598,145.0198862403633,274.49302599427267,1.65913978518554,1.5265070999186612,1.11276961178798,0.7380214620840727
2026,17135,"Ezeiruaku, Donovan",DE,4,8.95,6.0,2.5,21.3,7.306332869504373,0.8163500412854049,4.375,10.575,1.409870897583621,0.1479531525184283,4.927464308402919,1.0774911312378013,90.87301673067259,141.55389538539168,0.8247068688766405,0.8902191808389209,1.1030233397876976,
2026,16460,"Hickman, Ronnie",S,4,8.175,6.25,3.0,17.2,5.402950582783448,0.6609113862732046,4.875,9.55,0.5717885338557873,-0.11156668914980986,4.921996481909414,1.2767551294213206,128.88210867609925,243.94750902223956,1.1504491867257585,1.0797874551928788,1.3595901993584685,0.9601356420621654
2026,17132,"Starks, Malaki",S,4,6.925,6.6,3.5,11.0,2.901185102677869,0.41894369713759844,4.625,8.899999999999999,-0.20159057339616362,-0.34541304981979293,4.880390965455246,1.7751016211064965,179.18771953260892,339.1657560260105,1.606592542124151,1.6482638699104895,1.2511900054366207,
2026,16629,"Wilson, Roman",WR,4,8.525,8.05,1.2,16.8,6.3676428134750145,0.7469375734281541,3.0,13.575,0.5428431952774591,-0.23124525314018787,4.879968311214874,1.1570864950738713,147.49479188162346,337.92620524266704,0.5909075599358691,0.8928813953835828,0.26686464190116993,
2026,14247,"Greenlaw, Dre",LB,4,7.75,6.0,3.5,15.5,4.602988159880492,0.5939339561136119,5.0,8.75,0.609814959317661,-0.0787943527652948,4.862183888030301,1.3831905010067524,115.42241844397935,260.75418115607226,1.2444471775699117,1.1546676536504807,1.159754520850493,
2026,13693,"Phillips, Harrison",DT,4,7.25,6.75,3.0,12.5,3.61420807370024,0.4985114584414124,4.5,9.5,0.04579002662890457,-0.36394473822593165,4.838134509522306,1.571233868130714,120.51957733437311,179.2430049363866,1.8965865659908312,1.7617214718573848,1.425283254655471,1.5738045587822878
2026,13987,"Spillane, Robert",LB,4,7.125,6.0,4.0,12.5,3.3796264586489437,0.4743335380559921,4.375,8.75,0.14821871541046072,-0.15078851749169767,4.832692071425569,1.6268510721797875,135.75504246342075,306.6882102504027,1.0536110511775092,1.3111522276057215,0.9909252469876914,1.9598709085672894
2026,17044,"Hampton, Omarion",RB,4,7.475,7.4,3.1,12.0,4.092905447234275,0.5475458792286656,3.5500000000000003,11.325,0.15628481369893035,-0.31449817055960666,4.830228363714632,1.467728014479305,171.18036218466935,451.11426705486446,1.7164832402173145,1.5250490451038428,1.2277841249803294,
2026,16195,"Wicks, Dontayvion",WR,4,8.600000000000001,8.6,0.6,16.6,6.746851117373201,0.7845175717875814,2.7,14.5,0.6556437816266483,-0.21393441604179605,4.819229653976024,1.1101284728079408,141.50901316000432,324.2121515936237,0.6749444112036458,0.9080232866173649,0.5162499750370617,0.5589619890383724
2026,14907,"Delpit, Grant",S,4,8.0,6.0,3.0,17.0,5.338539126015656,0.667317390751957,5.25,8.75,0.5518768053872297,-0.10537569381839468,4.798126646056283,1.2621204730227362,127.4048125737099,241.1512892213063,1.1196841725724536,1.41175817292241,1.099482319878995,1.9774093893261517
2026,15835,"Brisker, Jaquan",S,4,8.25,5.5,3.5,18.5,5.973901572674261,0.724109281536274,5.0,8.75,0.748288517710285,-0.05048994844089165,4.785079512273612,1.1829819956630672,119.41617512515485,226.03043011933087,1.1907250105263172,1.33510024248186,1.4625816463255927,
2026,16809,"Coker, Jalen",WR,4,10.475,5.3999999999999995,0.0,31.1,12.486067235122515,1.1919873255486888,0.8250000000000001,15.05,2.3628504451195873,-0.02623769337520526,4.778768507421887,0.7767275527678947,99.01011655737054,226.8426738465398,0.8627320183984747,0.7083398474707935,0.9531646777092038,0.8337464922203116
2026,12860,"Fairbairn, Ka'imi",PK,4,8.825,7.15,1.3,19.7,7.510451051701223,0.8510426120907901,2.125,13.85,1.2950799207226107,-0.40641687154302375,4.767583383740681,1.0369603146047,113.23247721498207,272.52004599235227,1.1698774337012792,1.1375776411753962,1.1322496002848816,0.8004593670912471
2026,15708,"Hall, Breece",RB,4,8.625,7.7,0.0,19.1,6.991199825494907,0.8105738928110037,4.125,12.200000000000001,1.1157948072181163,-0.14539556925592317,4.763682959445124,1.0793122670369266,125.87963366447192,331.7325536233079,1.1513114024775157,1.2071065519629605,1.2576739202309668,0.9699510128497462
2026,17568,"Mesidor, Akheem",DE,4,6.425000000000001,6.95,3.0,8.8,2.2431841208425136,0.3491337153062278,5.175000000000001,8.2,-0.6118832752353239,-1.1125819541037771,4.7623152005667935,1.9810777805396123,167.07934671251434,260.2613318725662,,,,
2026,15386,"Odeyingbo, Dayo",DE,4,6.6000000000000005,7.5,2.4,9.0,2.5641762809916173,0.3885115577260026,5.625,8.475000000000001,-0.48370864094374144,-1.0063417607861842,4.753291366770452,1.851760260904874,156.1730173844606,243.2724229941746,1.1410497446143257,1.5857339872491778,0.9503003771220918,0.6657100260256511
2026,13869,"Bojorquez, Corey",PN,4,7.375,7.75,1.3,12.7,4.115443475495685,0.5580262339655165,5.35,9.775,0.8513026085479908,-0.38803104471052324,4.7335531579779735,1.4417127342581701,116.8880426719217,157.21366361737518,0.5063083643325287,1.567829983223761,0.4385873535935011,1.338155803840395
2026,17472,"Love, Jeremiyah",RB,4,7.575,5.75,3.5,15.3,4.584416538666616,0.6052035034543387,4.625,8.7,0.3190045869877579,-0.2774296693427222,4.719027826502297,1.3564532565847376,158.20244449795067,416.9133590159704,,,,
2026,17202,"Trader, Dante",S,4,8.025,7.25,1.5,16.1,5.70323373184021,0.7106833310704311,3.375,11.9,0.6646160652879192,-0.06346527446970401,4.691107848100965,1.1971833776109329,120.84973431702997,228.74386488142613,0.7350321686954546,0.970122304150411,0.7293118210977882,
2026,14940,"Highsmith, Alex",DE,4,8.325,9.1,0.0,15.1,6.488981044817438,0.7794571825606532,3.0,14.424999999999999,1.0834960379355165,0.048417367871477775,4.678392985000211,1.1116332048618427,93.75247730135327,146.03926271501962,1.5968929634972793,1.3065329173798517,1.4846051420418307,1.576676707853742
2026,16663,"Eboigbe, Justin",DT,4,7.525,6.25,2.6,15.0,4.596398046296687,0.6108170161191611,4.775,9.0,0.6310072942019074,-0.21843289022782603,4.671542406554348,1.3446148643732605,103.13704307085322,153.3907928417597,1.1041066916520184,1.2756684445264743,1.0112992708822583,
2026,17070,"Burden, Luther",WR,4,7.45,8.05,1.4,12.3,4.456736474147871,0.5982196609594458,4.1,11.4,-0.025581476119920513,-0.29975061952514637,4.661436836240398,1.3652849162307032,174.03402030520735,398.7303911860447,1.242975809472862,1.108681486761513,0.8295839707261223,
2026,16627,"McConkey, Ladd",WR,4,8.649999999999999,9.1,-2.0,18.4,7.4567083890950165,0.8620472126121408,4.375,13.375,0.866800329759505,-0.17822118982569918,4.645424638758485,1.0228566011752556,130.3843940426056,298.72446979039285,0.928299123130727,1.019107471461594,0.9075956649202195,1.4399389898044073
2026,16206,"Wilson, Michael",WR,4,8.15,10.35,-1.9,13.8,6.1613716005448005,0.7559965154042699,5.674999999999999,12.825,0.4814850616967828,-0.22707234532543846,4.641239278384153,1.1380501466199562,145.06821248125027,332.3666545763204,1.2745368511364472,1.3210973198392073,0.9010604974372786,0.9812124928355114
2026,15853,"Mafe, Boye",DE,4,8.275,7.75,1.0,16.6,6.47895632027258,0.7829554465586199,2.5,13.525,1.0794930884497282,0.05785557526379848,4.641170375834141,1.106437803035385,93.31430957689516,145.35672404225798,1.1150688860358877,1.1428742009997954,1.2071404394870533,1.4036332516391914
2026,16287,"Tucker, Tre",WR,4,9.274999999999999,4.449999999999999,2.9,25.3,9.285035002626538,1.0010819409839935,3.5749999999999997,10.15,1.4106605562474652,-0.11417628192429878,4.634992605769655,0.9017956669696698,114.95265460768304,263.36871870921374,0.7355220006324195,0.9244257826733866,0.6825981806133519,0.6510356463901754
2026,17143,"Thomas, Azareye'h",CB,4,7.0,7.0,2.2,11.8,3.5777087639996634,0.5111012519999519,4.6000000000000005,9.4,-0.19881770205419316,-0.3081328494579665,4.632383164751837,1.5291492667794615,135.92498726010004,208.07005705588648,1.5634820844750097,1.7041810973510452,0.7762248267191643,
2026,14221,"Williams, Quincy",LB,4,6.5,6.0,3.5,10.5,2.622022120425379,0.40338801852698136,4.625,7.875,-0.13763894756832168,-0.19349458409684211,4.631648492212798,1.794577665151483,149.75124109554793,338.30743433891365,1.8790208218206714,1.8644153088512023,1.972621136192055,1.5529837935023105
2026,16298,"Robinson, Tavius",DE,4,7.25,7.2,1.5,13.1,4.107006208906921,0.5664836150216443,5.550000000000001,8.9,0.1323551959200477,-0.5261786891110446,4.628200340224961,1.4196184033133876,119.72720997459132,186.5003888421333,1.1150250563501551,1.5691051509147744,1.0928058889375656,0.7920372099629297
2026,11327,"Jefferson, Tony",S,4,6.5,5.25,4.5,11.0,2.669269563007828,0.4106568558473581,4.5,7.25,-0.27328339770529986,-0.35342175413934535,4.607782518517274,1.7714697403348376,178.82109915135877,338.47181852233786,1.6956521739130432,1.884664587533756,1.2624948138564394,
2026,17137,"Harmon, Derrick",DT,4,8.175,9.05,0.0,14.6,6.33733974156349,0.7752097543196929,3.0,14.225,1.6683108406987688,-0.005432824802144129,4.605089612710514,1.1141640278276137,85.46059274721274,127.10145344399831,0.944776832451256,0.9414158045630749,1.2043931656350162,
2026,15833,"Gardner, Sauce",CB,4,7.375,8.0,1.2,12.3,4.4398057389935435,0.602007557829633,4.2,11.175,0.10736805349282123,-0.24776686262213865,4.6035987557958205,1.3557469427877953,120.5113784048448,184.4753483963735,1.4769366295880098,1.467656781205938,1.2430463708393797,1.0777530397402504
2026,16012,"Alford, Dee",CB,4,8.45,6.7,0.8,19.6,7.063108380875944,0.8358708143048454,3.5,11.65,1.0390705472162722,-0.09247085611389541,4.602720373437387,1.0479829367098281,93.15445549739766,142.59815844796648,1.396212120110932,1.076694728288423,1.0850369994287552,1.4301075167762904
2026,15362,"Surtain II, Patrick",CB,4,6.550000000000001,6.8,3.2,9.4,2.783433131943356,0.4249516231974589,4.1000000000000005,9.25,-0.4809157624440575,-0.36534018299483073,4.596647277963311,1.7312318657619836,153.8879652956176,235.56726665717744,0.9379180015544751,1.0904919805620372,1.0233982507855377,0.7229843445439053
2026,17640,"Taaffe, Michael",S,4,7.4,6.0,2.8,14.8,4.523273151159457,0.6112531285350618,4.45,8.95,0.2998509153423444,-0.15955823252802007,4.592698607653299,1.3397852681695774,135.24468909957037,255.99057427934372,,,,
2026,13590,"Mayfield, Baker",QB,4,7.875,8.7,0.0,14.1,5.722925388295745,0.7267206842280312,3.6750000000000003,12.9,-1.5429463020781011,-0.12550990178238322,4.560668133491836,1.171365074750042,63.88474248756971,122.62711352962641,1.4180481876066064,1.1536907812320598,1.0923802651753804,1.4736843345983268
2026,17102,"Warren, Tyler",TE,4,5.625,6.0,3.6,6.9,1.3216939887886305,0.23496782022908988,4.875,6.75,-0.6250517926258197,-0.07825038598274578,4.554774551904152,2.422799915562906,487.68320544336825,3650.041142450062,0.7423602996604637,2.6031588578206235,1.140624739767904,
2026,16700,"Bishop, Cole",S,4,5.0,5.0,4.5,5.5,0.5,0.1,4.5,5.5,-0.9438769330981629,-0.6536518196352852,4.545454545454545,3.3333333333333335,336.48349555881316,636.8945341743197,1.53749986975639,1.929295826470167,1.0529234393105573,0.7796207967210429
2026,11723,"Van Noy, Kyle",DE,4,8.075,6.0,2.0,18.3,6.286244904551524,0.7784823411209318,3.5,10.575,1.0025419404142566,0.045787276006465136,4.5403880675646935,1.1082526192546398,93.46736682244853,145.59514299327896,0.8894766437575037,0.8631379190329386,1.030820865097361,1.4391130333560116
2026,14909,"Winfield, Antoine",S,4,6.75,6.25,3.0,11.5,3.2882366094914763,0.4871461643691076,4.125,8.875,-0.08194005012353564,-0.2794997090436865,4.5388948051811395,1.5740735912425443,158.8949352744317,300.75565999515567,1.309180170807999,1.5457424573320826,1.405980216125644,1.0959638140928096
2026,15832,"Stingley Jr., Derek",CB,4,6.8500000000000005,7.7,1.2,10.8,3.5053530492662217,0.5117303721556528,5.8500000000000005,8.7,-0.22451584254930435,-0.3077150846099664,4.531231313578915,1.52041358914495,135.14847910816528,206.881400733497,0.9907185362710696,1.6635003985316994,1.0206985462229374,1.198832729150339
2026,14138,"Hockenson, T.J.",TE,4,8.75,7.25,-0.8,21.3,8.225113980973152,0.9400130263969316,3.025,12.975,2.0877396865756563,0.10209648226598544,4.510278993461628,0.9484977657779539,190.92225808625818,1428.9483198232367,0.8358519970793855,0.6542550696339167,0.8665578909522813,1.2491962392178826
2026,14161,"Tillery, Jerry",DT,4,6.9,7.8,1.5,10.5,3.6851051545376556,0.5340732108025588,4.5,10.2,0.08803256329102711,-0.31786815563177684,4.497829667718548,1.4727524297543582,112.96567872695577,168.00845271403907,0.9576889463694207,1.3170956258463689,0.7742573796815826,1.285372674005484
2026,16344,"Stills, Dante",DT,4,7.25,7.5,1.5,12.5,4.437059837324712,0.6120082534240983,3.75,11.0,0.5360689687493955,-0.21688943017802978,4.497495583288816,1.333441274681159,102.27998650256409,152.11613358640568,1.0774145556268349,1.425717197697305,1.0496106055648138,1.1812448323646108
2026,16690,"Mitchell, Quinyon",CB,4,8.3,5.3,2.4,20.2,7.074602462329596,0.8523617424493489,3.3,10.3,1.0431528304353157,-0.08152011796436816,4.480766261683336,1.0279143820048044,91.37057598879089,139.86744705620168,0.7280689166386466,0.7636268463603141,0.8284722059309156,1.1346718807962974
2026,13837,"Franklin, Zaire",LB,4,5.75,5.0,4.5,8.5,1.6393596310755,0.28510602279573916,4.5,6.25,-0.5084150750666524,-0.26469511686371067,4.474339002389013,2.1785587429239266,181.79312151690922,410.69418904920417,1.7063656266635951,1.8354904430119268,1.2480871474429054,1.7688318670164382
2026,14630,"Cole, A.J.",PN,4,6.6,6.5,3.1,10.3,3.1416556144810017,0.4760084264365154,3.7,9.4,-0.05563441856302019,-0.5421886188361892,4.471519187687965,1.593565620696123,129.19964001585933,173.7726826511273,1.3414749379260267,1.768873003900313,0.6547771009388968,0.9197273266827823
2026,13694,"Settle, Tim",DT,4,6.225,4.95,4.5,10.5,2.4752525123712124,0.3976309256821225,4.800000000000001,6.375,-0.6328327246562071,-0.4946534320107821,4.453965553861689,1.791236745485466,137.39462969222797,204.34046345707858,0.8583482120961615,0.9747435311637475,0.6794633678661043,1.041734954941319
2026,16228,"Smith, Nolan",DE,4,6.65,6.3,3.0,11.0,3.2813869019059605,0.4934416393843549,3.75,9.2,-0.19732093289805802,-0.7232436661425848,4.452802054415294,1.5532350036011917,130.99611344992718,204.0540834485692,1.1204711585556515,1.1734025834084278,1.0065943440322174,1.2492649614875722
2026,16251,"Gonzalez, Christian",CB,4,7.35,8.4,0.0,12.6,4.790354892907205,0.6517489650213885,4.800000000000001,10.95,0.23187047104066497,-0.2147362702520252,4.449828730423829,1.2693522479948949,112.83181562821834,172.71969480165006,1.3995571030179452,1.2169181992360867,1.5958036042275061,0.9461408786053772
2026,17626,"Smith, Genesis",S,4,9.425,4.5,1.0,27.7,10.647388177388857,1.1296963583436452,3.625,10.3,2.193019019769812,0.34148412952381785,4.425513507160344,0.8091942894370782,81.68415692880541,154.61142600826426,,,,
2026,12739,"Clark, Kenny",DT,4,5.875,5.5,4.0,8.5,1.948557158514987,0.33166930357701907,4.0,7.375,-0.9466530897860996,-0.5801184591023844,4.411755969908644,1.9924999530817602,152.8322785390689,227.30014046277716,1.291618219706068,1.440997850044798,0.9940035345908348,1.1257798534913575
2026,14888,"Chaisson, K'Lavon",DE,4,5.925000000000001,5.95,3.0,8.8,2.051066795596867,0.34617161107120115,5.175000000000001,6.7,-0.6885971983822302,-1.1205736191422369,4.401370487441231,1.941943719013506,163.77887385969774,255.1201490909426,1.2264220914624062,2.1288026022426103,1.0879590611268268,0.9881896859543761
2026,17146,"Williams, Tyleik",DT,4,7.375,8.75,0.0,12.0,5.017158060097369,0.6802926183182874,4.125,12.0,0.881708311775404,-0.12841487619699288,4.389116466738534,1.2256616705662304,94.01288343365503,139.82086646910676,0.8520757924202638,1.117484049768467,0.8897394936997367,
2026,15293,"Bateman, Rashod",WR,4,8.175,7.55,-1.0,18.6,7.054918497048709,0.8629869721160499,4.175000000000001,11.55,0.747282547722302,-0.17778829934155801,4.388114421817202,1.0149078482911142,129.37115980527227,296.40304273201366,0.5659657992226658,0.8454123226839606,0.4418485710463574,1.0013343062730984
2026,16187,"Downs, Josh",WR,4,6.9750000000000005,7.65,0.7,11.9,4.113012885951125,0.5896792668030286,4.9750000000000005,9.65,-0.12782665875982951,-0.3036846636563832,4.387677530718055,1.3641663253313916,173.89143257940026,398.4037075894141,1.351166600318963,1.2960364800630673,1.0011304294636627,0.9833930111776589
2026,17616,"Scott, Keionte",CB,4,6.050000000000001,5.4,3.6,9.8,2.325403190846697,0.38436416377631355,4.5,6.95,-0.643591479498778,-0.39229213114358713,4.370237368393454,1.8193282596988127,161.71879089496784,247.55446902589,,,,
2026,15395,"Koonce, Malcolm",DE,4,8.6,7.2,0.0,20.0,8.436824046997781,0.9810260519764863,0.75,15.05,1.861284705253474,0.5922439042586686,4.341184706490713,0.9113235509287674,76.85884170152738,119.72386115347422,0.9633172310018495,1.0039513504084705,0.7566094437953754,
2026,14224,"Gardner-Johnson, Chauncey",S,4,8.875,5.0,1.0,24.5,9.276145481825951,1.0451994909099664,2.5,11.375,1.769122191648479,0.2598232887397986,4.339429986876862,0.8636506767733125,87.18125959872566,165.01631864186245,1.006943072102104,0.9034152915802329,1.0213051441178056,0.9233033843196237
2026,12263,"Waller, Darren",TE,4,7.074999999999999,5.2,3.3,14.6,4.4695497536105355,0.6317384810756941,3.975,8.3,0.611940351301653,0.023241469391461215,4.335866367100648,1.2935251197467728,260.37250235459817,1948.7452824891661,0.7667026459269416,0.7894398238461906,0.7387178051814242,
2026,15762,"Pickens, George",WR,4,7.375,6.7,2.1,14.0,5.193926741878442,0.7042612531360599,2.4,11.675,0.19370563757485348,-0.2509036581637717,4.327388178560682,1.1906824712885404,151.77729931813647,347.7378838008212,0.8013215267874089,1.3816699030327613,1.1516417615695609,1.330701646641804
2026,16784,"Harden, Myles",CB,4,8.975,4.800000000000001,1.1,25.2,9.664981893412941,1.0768782053941997,1.9250000000000003,11.85,1.9631621869990938,0.06756918582879462,4.321389659099681,0.8415391690016153,74.80381628559279,114.50752827924072,0.8751393140557407,0.9095226441161035,0.8195947505549485,
2026,13920,"Ward, Charvarius",CB,4,7.3,6.9,2.2,13.2,5.040833264451424,0.6905251047193732,2.35,11.85,0.3208313555629626,-0.18898712208029841,4.318184911670861,1.2084425575786724,107.41759670681874,164.43176435856688,1.4315109955498553,1.3501662249380955,,1.6494582794834622
2026,15681,"Elliss, Christian",LB,4,8.025,4.25,3.5,20.1,6.998348019354283,0.87206828901611,3.5,8.775,1.5136270639683893,0.0886302206956747,4.286702598983526,1.0033321856689938,83.72456815479073,189.1446350385062,0.9721143472786755,0.9059734979551896,1.1308034886547054,1.0582406571193836
2026,16235,"Hall, Derick",DE,4,6.2,5.0,3.9,10.9,2.7730849247724096,0.4472717620600661,4.35,6.85,-0.40028981537331165,-0.847808558248475,4.283922455016214,1.6432177180252525,138.58503968446186,215.87543712360556,1.2581396012645327,1.585988031902615,1.0717102110456984,0.8889634101925324
2026,17207,"Sigle, Marques",S,4,5.875,5.75,3.0,9.0,2.190176933491904,0.372796073785856,4.5,7.125,-0.4213869002327943,-0.390011788655234,4.279586831712084,1.841590646061547,185.89945739256072,351.869704998946,0.6833244441273413,1.3017875695577632,0.6582371432683026,
2026,17606,"Barham, Jaishawn",LB,4,7.125,7.0,1.0,13.5,4.761499238685228,0.6682805949031898,3.625,10.5,0.6696240235709287,-0.03404096271198774,4.270864278927529,1.2366572839513075,103.19473304373565,233.1302573381693,,,,
2026,16653,"Verse, Jared",DE,4,5.575,6.0,2.8,7.5,1.751249553890022,0.31412548051838957,4.825,6.75,-0.8083165251478287,-1.2070330820228592,4.242365042492596,2.0263519869062576,170.8976646488279,266.2091676234911,1.0528163932603982,1.1124977761070518,1.2625805363909515,1.2776196443094763
2026,16212,"Mayer, Michael",TE,4,7.075,7.15,1.1,12.9,4.763598954572058,0.6733002055932237,3.2,11.025,0.727490928803457,0.03387274067758723,4.228171356431376,1.2275316266388825,247.0887317673009,1849.3235500421313,0.6965609823075081,1.3857356170766948,0.6201992815479049,0.22846323549954314
2026,15461,"Lopez, Roy",DT,4,7.0,7.5,0.0,13.0,4.636809247747852,0.662401321106836,5.25,9.25,0.655085459885146,-0.1515962376020256,4.210776249467464,1.2418373041090225,95.25361567424268,141.6661482070884,1.0478573641317528,1.3161629982982601,0.799179925927789,0.8789905108736568
2026,13447,"Wilson, Eric",LB,4,7.625,5.25,2.0,18.0,6.198538134108719,0.8129230339814714,3.5,9.375,1.2118444934518027,0.0530273916846803,4.2059148993513915,1.0592428431920897,88.3901173350459,199.68471444891367,1.232087032479785,1.1898990812616606,1.8121291963046064,0.878448594183428
2026,16267,"Stevenson, Tyrique",CB,4,6.800000000000001,8.399999999999999,0.0,10.4,4.207136793592526,0.6186965872930185,4.949999999999999,10.25,0.024732434871791668,-0.23668457604482473,4.200910815146517,1.3059000117622261,116.08052027228635,177.69271833672292,0.9166884068028689,0.9640087320222337,0.9971988261346423,1.046416586277734
2026,15898,"Ogbonnia, Otito",DT,4,7.25,6.0,1.5,15.5,5.297405025104273,0.7306765551867962,3.375,9.875,1.0486875802293614,-0.06313351421672816,4.189113198692109,1.1512678589193894,88.30659685351854,131.33417927459294,0.854658919948837,1.2143392580092383,0.477639531321027,1.0026480458293907
2026,16870,"Speights, Omar",LB,4,6.975,5.0,3.0,14.9,4.701263128139075,0.6740162190880395,3.75,8.225,0.6468958620241906,-0.03058837049634954,4.166626296966105,1.2234131004363378,102.08955216626359,230.63351070420018,1.3586019327110048,1.273320141764555,1.3490268690535885,0.8834535979475544
2026,16281,"Brown, Ji'Ayir",S,4,6.25,5.75,3.0,10.5,3.132491021535417,0.5011985634456667,3.375,8.625,-0.13008620320212247,-0.2659189603310187,4.163339981923856,1.5124049798123524,152.66979429234496,288.9727395301529,1.0908038312575206,1.6563390187731772,0.8816760418031696,1.023196164403991
2026,12711,"Ramsey, Jalen",CB,4,7.325,6.75,1.2,14.6,5.56568728909557,0.7598207903202143,2.325,11.75,0.5072405772038341,-0.14297158546177877,4.162355644558077,1.1156486255697118,99.16921029997906,151.80537192782123,1.3852140077821011,1.1312240543718164,1.3675281307198104,1.181601186173104
2026,17613,"Halton, Gracen",DT,4,7.125,8.0,0.0,12.5,5.140221298738022,0.7214345682439329,3.375,11.75,0.9550329579898058,-0.07510815400338272,4.138989730680466,1.1603816301318612,89.00565755780188,132.37385883570732,,,,
2026,14908,"McKinney, Xavier",S,4,7.5,5.55,1.6,17.3,6.153454314448106,0.8204605752597475,2.65,10.4,0.8037942556549289,0.04262744034588795,4.119836541326847,1.0484445234873399,105.83528344875428,200.32457591822578,1.438280604140761,1.203964653143654,1.3355222802377769,1.3470420407654733
2026,17497,"Tate, Carnell",WR,4,6.525,5.6,2.4,12.5,3.8382124745771957,0.5882317968700683,3.675,8.45,-0.20956971979865152,-0.30435142569225776,4.1083423797828695,1.3486385796998737,171.9120977413722,393.86884163118924,,,,
2026,16713,"Carter, DeWayne",DT,4,5.75,5.75,2.5,9.0,2.3048861143232218,0.40084975901273423,4.75,6.75,-0.7343419649596244,-0.4904828602597457,4.104651453880666,1.7398481524309624,133.452930343483,198.47816248115788,0.8009593461177996,1.1250549876536369,,0.5663170765331583
2026,13933,"Ford, Poona",DT,4,6.625,7.75,0.0,11.0,4.083120742765269,0.6163201121155123,5.25,9.125,0.3251817925570111,-0.21130264943922877,4.098816781614443,1.3033331953464347,99.9705830016787,148.6814681796324,1.4817808755228299,1.270833333333333,1.170829146969927,1.3208207133061285
2026,17180,"Walker, David",DE,4,6.35,5.8,2.0,11.8,3.5535193822462827,0.5596093515348477,4.25,7.9,-0.08865634392404763,-0.5447252380551938,4.071532396077785,1.3945257430457014,117.61095521367926,183.2038755776642,,,,
2026,17277,"Fitzgerald, Ryan",PK,4,7.05,4.2,3.8,16.0,5.171798526624949,0.7335884434929005,3.95,7.300000000000001,-0.054146656528333094,-0.451591661525005,4.066709158371746,1.1422926347298146,124.73440199511691,300.20207810167176,0.7310796848270594,1.0165311400225945,0.4856457894544976,
2026,14085,"Pollard, Tony",RB,4,6.125,5.75,2.3,10.7,3.121197686786276,0.5095832958018409,3.95,7.925,-0.16540897763000523,-0.338904588424579,4.057411086247217,1.486218440731072,173.33689107251595,456.7974011258981,1.2244322946800832,1.5916405315756936,1.0919843182371864,1.24106012636703
2026,17051,"Judkins, Quinshon",RB,4,6.7749999999999995,5.4,2.1,14.2,4.60129057982649,0.6791572811552015,3.525,8.65,0.3245909108772136,-0.22988425387489242,4.034762005938501,1.2095426765397106,141.06833923268513,371.7595853018884,0.9459611278458582,1.2234579266508285,1.0336812089111724,
2026,14434,"Reaves, Jeremy",S,4,5.8,5.0,3.2,10.0,2.630589287593181,0.4535498771712381,3.8,7.0,-0.28524076025839445,-0.31196838087880235,3.990231151398405,1.5975368020338598,161.26343022966023,305.23873720730626,1.4019613403726452,1.776739597498985,1.5923927840226662,0.4479324132659088
2026,12218,"Armstead, Arik",DT,4,4.4,4.25,4.0,5.1,0.4527692569068707,0.1029021038424706,4.0,4.65,-1.837886896962746,-0.8765271024773096,3.9894746638623326,3.028698452339332,232.31262051617114,345.5074528716324,0.9211347134927841,1.2544591956343805,1.0252468951537392,1.3349281379674276
2026,15445,"Lenoir, Deommodore",CB,4,4.875,4.9,3.4,6.3,1.0848386976873565,0.22253101491022698,4.15,5.625,-1.0841952487504776,-0.4997568184927136,3.9876288949266305,2.338310395623258,207.85074265813316,318.1719325912432,1.4999896381517661,2.3135571295873074,0.6823009657909846,1.3950860255868172
2026,15589,"White, Cody",WR,4,6.7,6.5,1.0,12.8,4.592385001282014,0.6854305972062706,3.0999999999999996,10.1,0.01476899416472644,-0.2595778048238839,3.975245264388673,1.198057715708785,152.717427947648,349.89181816120043,0.6825227004856012,0.907777815310357,0.4498867806359629,
2026,16268,"Turner, DJ",CB,4,6.025,4.35,4.0,11.4,3.1115711465431737,0.5164433438245931,4.074999999999999,6.3,-0.3643729733632169,-0.3045854536880156,3.9731124967745,1.4653765641549346,130.2562772262933,199.39255894503194,1.5642854391159176,1.5263123040974393,1.2830104662661501,0.8638296027498574
2026,15794,"McBride, Trey",TE,4,7.6000000000000005,7.6,-2.3,17.5,7.000714249274855,0.9211466117466914,5.05,10.15,1.6065953895391025,0.09727055228662068,3.955970852786785,0.9499151904705041,191.20757022165046,1431.0837245716434,1.0816749069995972,1.1398345528016958,1.4761019546192107,1.441924044480335
2026,15779,"Doubs, Romeo",WR,4,7.65,8.75,-3.0,16.1,7.152796655854269,0.9350060988044796,3.5999999999999996,12.8,0.776397716326338,-0.14461343440016292,3.9534759113816027,0.9383283213014731,119.60950288176875,274.0380518129591,0.969974864547129,1.1206920894422308,1.10416091799199,1.3124545817452562
2026,16303,"Herbig, Nick",DE,4,8.125,3.75,2.0,23.0,8.634053219664562,1.0626527039587153,2.75,9.125,1.940039828327051,0.8124700708935613,3.9391022950234014,0.8433625821596713,71.1271766576656,110.7955836163969,0.8858609008195601,0.789766956865761,1.2052057294341276,0.8402914250327564
2026,17527,"Cameron, Josh",WR,4,6.199999999999999,8.15,0.0,8.5,3.5867812868921907,0.5785131107890631,5.925000000000001,8.425,-0.2843612924139927,-0.3088282377971866,3.9277469142468884,1.351710406972742,172.30366615586576,394.7659663819323,,,,
2026,15331,"Freiermuth, Pat",TE,4,6.15,4.35,3.7,12.2,3.5032128111206715,0.5696280993692149,4.15,6.35,0.2322052885947743,0.007353959302029838,3.918125575396806,1.3656916201722895,274.89883200612,2057.4668875906655,1.03565832049515,1.5292164620758877,0.6959941784932729,1.147976338087667
2026,17169,"Stout, Upton",CB,4,6.45,5.35,2.0,13.1,4.20267771783657,0.6515779407498559,3.425,8.375,0.023148731971792007,-0.214849838269444,3.90535610875957,1.2397462133560915,110.20015633338913,168.69122652172325,1.2723565637049317,1.220152229498648,1.3970964112067201,
2026,17193,"Ingram-Dawkins, Tyrion",DT,4,5.625,5.0,3.0,9.5,2.484325864293974,0.4416579314300398,3.75,6.875,-0.6274265584682853,-0.43760860626328496,3.9017577452789594,1.6143725412260743,123.82847663553429,184.16417265776462,0.6652097736606033,1.0811388300841895,0.5598440367053501,
2026,15418,"Bynum, Camryn",S,4,5.5,6.75,1.5,7.0,2.318404623873926,0.4215281134316229,5.25,7.0,-0.3817474466144468,-0.34291537607263767,3.869075784032713,1.657422955727221,167.30864092875458,316.6810863953138,1.319829116423912,1.582567637856691,1.333255053375604,1.3852780425208036
2026,15819,"Wyatt, Devonte",DT,4,5.625,6.5,1.5,8.0,2.55868618630734,0.454877544232416,4.5,7.625,-0.5831205222852113,-0.42048024388773075,3.8663047775390016,1.580639512875049,121.24102584190375,180.315980806837,1.6255357222820925,1.6183325899846681,1.369810538299526,0.8849948677729021
2026,15397,"Golston, Chauncey",DE,4,5.25,5.0,3.0,8.0,1.920286436967152,0.36576884513660035,3.75,6.5,-0.7408187997823993,-1.0677008915457502,3.8439886944960366,1.7977688536102505,151.61951163749399,236.1793771227776,1.0611069268950286,1.968245940219537,0.7055661746416222,1.5355300376189904
2026,13163,"Godwin, Chris",WR,4,6.1,5.15,2.5,11.6,3.6269822166644268,0.5945872486335126,3.0250000000000004,8.225,-0.27240298769472604,-0.301423852648975,3.8254413518152846,1.3183538890705886,168.0516826725051,385.024221436526,1.2604852566628129,1.1015263223067813,0.8950974074891969,
2026,16178,"Mitchell, Keaton",RB,4,6.4,7.25,-0.2,11.3,4.314510400960925,0.6741422501501445,4.1499999999999995,9.5,0.22964939988761324,-0.23310845336993322,3.8228531652110327,1.2042501598722632,140.45107574035924,370.1329012338881,1.1229723918484642,1.1637503725237308,0.8054510867716332,
2026,16455,"Cox, Brenton",DE,4,5.5,5.0,3.0,9.0,2.4238399287081647,0.4406981688560299,3.375,7.125,-0.5397460239857163,-0.8655439081273019,3.8175935243724317,1.6063835093117753,135.47853089971144,211.03639429933523,0.717948717948718,1.0761395534078269,,1.0248811248200118
2026,17769,"Hall, Aaron",DT,4,7.0,5.0,1.5,16.5,5.841660722773962,0.8345229603962803,2.625,9.375,1.372970907424516,0.07141799545433848,3.815705854391657,1.0231433980201579,78.47896636071326,116.71801433362549,,,,
2026,17082,"Bryant, Pat",WR,4,8.175,4.9,-0.3,23.2,9.367863950762734,1.145916079604004,0.6000000000000001,12.475,1.4352991356783578,-0.04745993574574851,3.8095618359449412,0.7884941429423936,100.51001373561326,230.27909729737286,0.8691945531770952,0.7931936933795428,0.5960756882090007,
2026,13635,"Moore, D.J.",WR,4,7.775,5.65,-0.7,20.5,8.229633952977496,1.058473820318649,1.25,12.175,1.096717385673001,-0.08773930700932908,3.7770701396612574,0.8423952715363942,107.38083607949447,246.02087971520734,0.6294804901220697,0.6200766831447366,0.7608237043977876,1.0149555390563714
2026,14590,"Al-Shaair, Azeez",LB,4,6.0,7.5,0.0,9.0,3.588175023601831,0.5980291706003051,4.875,8.625,0.2269078178709841,-0.07632921467352906,3.754624828122555,1.307709485609346,109.1237912213121,246.52476709600307,1.8949168249763892,1.4378452503120838,2.2984960084563335,1.5237541934443022
2026,16728,"Pritchett, Nehemiah",CB,4,8.625,4.2,-1.4,27.5,11.224164779617235,1.301352438216491,1.3000000000000003,11.525,2.516927719063309,0.2166304468695957,3.7477962335417985,0.7055696773968116,62.71758519249002,96.00627369887174,0.39677463365880083,0.5940358581155467,0.372706317761757,0.39254601147110657
2026,14227,"Wishnowsky, Mitch",PN,4,4.75,5.0,2.8,6.2,1.299038105676658,0.27348170645824377,4.0,5.75,-1.7717556729360104,-0.9228501945121639,3.7299318678165463,2.066081457402364,167.50924911596698,225.29885984345208,1.2395246752926972,2.2015967718149776,0.8068234828640805,0.6259063478223227
2026,15393,"Odighizuwa, Osa",DT,4,5.5,4.5,3.0,10.0,2.669269563007828,0.48532173872869594,4.125,5.875,-0.51723173971031,-0.3810343687808288,3.7029014364978687,1.4989359341294781,114.97405249258522,170.995410988777,1.667898709295537,1.4497138348791112,1.321239773762065,1.4029992557188937
2026,13888,"Gardeck, Dennis",DE,4,6.5,4.0,3.0,15.0,4.937104414532874,0.7595545253127499,3.375,7.125,0.4638197833504162,-0.005279381965917926,3.694116838376842,1.0948097837203716,92.33363032755052,143.82910921375742,0.8754452561991366,0.8490556685931683,1.060224727810661,
2026,15259,"Stevenson, Rhamondre",RB,4,6.525,6.05,0.2,13.8,5.024626851816959,0.7700577550677331,3.125,9.45,0.4647407129955835,-0.17144368555293749,3.6863203933988666,1.083054629023561,126.3161034149832,332.88278913560987,1.1470080395543651,1.0608310677032855,0.8200454745315345,0.6930202137416195
2026,16615,"Nabers, Malik",WR,4,8.275,6.0,-3.3,24.4,10.321427953534336,1.2473024717262036,1.2000000000000002,13.075,1.7189495133952863,-0.0007573440842245469,3.6821923635601164,0.7309148663898622,93.17033476782109,213.46311464711056,0.876287145222454,0.6770386793491675,,1.0515482762661439
2026,17200,"Marshall, Jason",CB,4,4.95,5.4,2.4,6.6,1.7051392904979934,0.34447258393898855,3.9000000000000004,6.45,-0.8638868482050122,-0.41878198309986453,3.681741122230744,1.8298503213447268,162.65408944707258,248.98619712109542,0.7434371841617059,0.9475895032136702,0.6085240186236667,
2026,17339,"McNamara, Austin",PN,4,5.550000000000001,6.25,1.3,8.4,2.827100988645436,0.5093875655217001,3.85,7.95,-0.34859477331837996,-0.4794504493727371,3.6769880226764133,1.4501838379667027,117.57484435455422,158.13740745153532,1.177199791396822,1.586127019753224,0.9357706613381608,
2026,15757,"Robinson, Wan'Dale",WR,4,5.575,5.3,1.8,9.9,2.8847660217078266,0.5174468200372783,4.2,6.675,-0.4931851307235537,-0.3369577922824383,3.673934352350511,1.4350928650135564,182.9324984408048,419.1177479898746,1.073374613764229,1.2734549881751607,0.9451486492020081,0.8171417977207676
2026,16269,"Strange, Brenton",TE,4,5.725,4.5,2.9,11.0,3.2104322138927026,0.5607741858327865,3.275,6.949999999999999,0.11715322594542947,0.0050891746271308725,3.6680514400904807,1.3597178886076928,273.696384978131,2048.4672315131374,1.4093854323129529,1.5374006215654772,1.2317330212718007,0.5361004058141484
2026,17074,"Hunter, Travis",WR,4,6.55,5.85,1.0,13.5,5.165510623355643,0.788627576084831,1.9000000000000001,10.5,0.18525288272167825,-0.21204118512190884,3.662025615381291,1.0623613193022274,135.42009379650165,310.26179179930324,0.8762473388557991,1.1563965426308893,,
2026,15880,"Evans, Akayleb",CB,4,6.8,5.8,0.0,15.6,5.856620185738529,0.8612676743733131,2.55,10.049999999999999,0.6105694501218004,-0.07560616772322584,3.653424004309081,0.9917422601508107,88.15526188637503,134.94553680093657,0.5708416733001341,0.7881309462611513,0.3270384177096796,0.046821265227605074
2026,15950,"Watson, Jaylen",CB,4,6.3,6.5,0.0,12.2,4.5661800227323495,0.7247904797987856,3.3000000000000003,9.5,0.1522516416164819,-0.16623333000734902,3.6526175635750024,1.1318354732097633,100.60804763721889,154.00790269783153,1.1878354505229585,1.2643062731827535,1.1068010025646526,
2026,16729,"Still, Tarheeb",CB,4,5.65,5.6,2.0,9.4,3.118894034750139,0.5520166433186086,2.9000000000000004,8.35,-0.36177214755884396,-0.2809631393791928,3.6404248783820092,1.3717274473031549,121.93187404895873,186.64980223062582,1.1862860622548803,1.5411015553099752,0.8281853766131481,0.8732788833935458
2026,16705,"Bullock, Calen",S,4,5.875,7.0,0.0,9.5,3.6120458191999725,0.6148163096510592,4.5,8.375,0.018160170906673812,-0.1561146449177874,3.6381847055220233,1.2738381686370814,128.5876559277726,243.39017010827476,1.3332916551042635,1.3092696058680502,0.8182770908134612,0.9448453830790098
2026,16222,"Kraft, Tucker",TE,4,6.35,8.35,-1.5,10.2,4.740516849458506,0.7465380865288985,4.65,10.05,0.7184205060065003,0.05260660674514559,3.6357638284431033,1.1061721734339975,222.66039710803463,1666.4908718759875,0.986773462281871,1.012510659345709,1.1306427032389121,1.114196233838667
2026,17157,"TeSlaa, Isaac",WR,4,7.1,7.449999999999999,-1.0,14.5,6.832642241475841,0.9623439776726537,1.025,13.524999999999999,0.6811634999525741,-0.1320205235869081,3.618122042202113,0.9064629509571733,115.5475972358444,264.73179534471296,1.1767890336459188,1.099945101620273,0.6309737175388567,
2026,15946,"Thomas II, Rodney",S,4,5.075,5.5,1.8,7.5,2.0897069172494023,0.41176490980283786,4.2,6.375,-0.45244553146146393,-0.3523508905631358,3.5947911474218164,1.6425506159393255,165.80735186506374,313.83945281892557,0.566639544800362,1.0799537568913682,0.4313486812088252,0.1202604992839526
2026,17352,"Kroeger, Kai",PN,4,5.575,6.85,0.4,8.2,3.072763414257596,0.5511683254273715,4.75,7.675,-0.11979714821200901,-0.40092091065143265,3.5940651369760275,1.3688494599228371,110.98059293013478,149.2681818100651,0.41788585993660793,0.5225125887672991,0.17486434757608843,
2026,13303,"Elliott, Jake",PK,4,6.325,6.95,0.3,11.1,4.813717378492426,0.7610620361252848,2.25,11.025,-0.2607325416448809,-0.4410248694559429,3.5915827326085346,1.087944182391638,118.79973911132267,285.9189444829477,0.48896679605664795,1.2156619525676708,0.4098228351843008,0.48954073635993484
2026,15813,"Enagbare, Kingsley",DE,4,6.55,5.6,0.0,15.0,5.404396358521458,0.825098680690299,3.75,8.4,0.650413044694611,0.17155670935462272,3.588847041148823,1.0227349516375275,86.25501192240357,134.36037861840285,1.1299840616168257,1.210012851834779,0.9629523408465355,0.7688537215813671
2026,13671,"Andrews, Mark",TE,4,5.075,5.35,1.8,7.8,2.139363223017541,0.42154940355025433,4.425,6.0,-0.3037376999105269,-0.030523794935119825,3.5700482778336236,1.616569870854872,325.39788835947166,2435.424609503732,0.9607061996644131,1.6526439825887187,0.5341289185144311,1.3611043669926675
2026,17333,"Cooper, Darius",WR,4,6.074999999999999,6.35,0.5,11.1,4.2640209896293895,0.7018964591982535,2.75,9.674999999999999,-0.08290727681781183,-0.25199297600346665,3.5695473524058396,1.1540607478519394,147.1090973301053,337.0425381347334,0.7087649768271961,0.901283980782312,0.2701562115568855,
2026,13772,"Schultz, Dalton",TE,4,7.7,3.25,1.3,23.0,8.955166106778814,1.1630085852959497,1.45,9.5,2.3746234613569466,0.15913757740285464,3.559856420517379,0.7734677570831094,155.69062581618266,1165.2588881059082,0.49715703577373355,0.4160462880713929,0.6430108430145124,0.652690399850941
2026,17153,"Mukuba, Andrew",S,4,6.875,4.4,1.0,17.7,6.408344169908479,0.9321227883503242,3.25,8.024999999999999,0.8825892068328479,0.15054185755121022,3.558262467298975,0.9280076414275084,93.6777765278453,177.31289834915464,0.9234127017017711,0.8580013595880088,0.8414385768958239,
2026,16598,"Irving, Bucky",RB,4,6.275,7.35,-1.2,11.6,4.795505708473299,0.7642240172865815,3.975,9.65,0.3888878153693874,-0.17519423752145433,3.556804543252449,1.0827355395104967,126.27888816946304,332.78471522110334,1.011508028199203,0.8162097562407671,1.0944039986002867,1.309648047845184
2026,16013,"Landman, Nate",LB,4,5.75,5.0,2.0,11.0,3.5619517121937516,0.6194698629902177,2.75,8.0,0.21701329359693447,-0.06342286564200783,3.5505446142622867,1.2604254412931828,105.17810279675197,237.61094629660158,1.6687855227948936,1.4201509144592042,1.9516889770040458,1.123229422879049
2026,17261,"Biggers, Zeek",DT,4,5.5,5.5,1.5,9.5,3.020761493398643,0.549229362436117,3.375,7.625,-0.3078026548933458,-0.29823066236482054,3.5501521810504633,1.3679000878390815,104.9231077345279,156.04712141848165,1.3697999657272335,1.5453924075294436,1.132483585586335,
2026,14979,"Strnad, Justin",LB,4,5.375,5.25,2.0,9.0,2.7698149757700423,0.515314414096752,3.125,7.5,-0.08187406067122517,-0.1261198416774596,3.547118637556106,1.4257994184189569,118.97798384976896,268.78666356661466,0.7160939441430689,1.0046156497435228,0.7628303600821178,1.3675958792531084
2026,12802,"Reader, D.J.",DT,4,4.875,4.75,2.5,7.5,1.8498310733685928,0.37945252787048056,3.625,6.0,-1.005476954211043,-0.5182067833667928,3.5340107046131877,1.7106277089741995,131.21161186991822,195.14475668015191,1.165893954565639,1.3395353178950284,0.8839890836282519,0.83536493810654
2026,15284,"Waddle, Jaylen",WR,4,7.825,5.15,-2.1,23.1,9.518239070332285,1.2163883795951802,1.1999999999999997,11.775,1.4800302280236588,-0.014997600504847169,3.5305184199843276,0.7439458209379527,94.83140153964163,217.26879472364172,0.723842970807612,0.6187772589208922,1.137754749874133,0.7969724520858225
2026,17182,"Sorrell, Barryn",DE,4,5.225,5.0,2.0,8.9,2.5498774480354935,0.4880148225905251,3.5,6.725,-0.48941827473696636,-0.7378850489570509,3.5113897527604303,1.4718817977481224,124.1349792630619,193.3664194328456,0.7272126843630132,1.265113340344883,0.4540768892199985,
2026,13810,"Joseph-Day, Sebastian",DT,4,4.5,4.25,3.0,6.5,1.2747548783981961,0.28327886186626583,3.75,5.0,-1.3481240274418866,-0.6428168931280714,3.5066423469764576,1.9782351244670127,151.73811225977278,225.672839271229,1.5004183424146862,1.7134459506866904,1.142250377737072,0.9703222700736915
2026,11383,"Martin, Sam",PN,4,5.125,5.3,1.9,8.0,2.379469478686373,0.4642867275485606,3.4,7.025,-0.7654962434809497,-0.564220281467011,3.4999975780563366,1.5165102192288857,122.9523101277461,165.3700642387947,1.502724811831132,1.629992134212882,1.421330235095283,0.7871267816411662
2026,16193,"Boutte, Kayshon",WR,4,4.125,4.050000000000001,3.2,5.2,0.7529110173187799,0.18252388298637087,3.575,4.6000000000000005,-1.127333940321095,-0.4912365750634058,3.4883016396951216,2.353228406487811,299.96801063924363,687.2585142590448,0.8736259185932836,1.2332311394315745,0.9540879008355526,0.6800715278529403
2026,15349,"Phillips, Jaelan",DE,4,5.6,6.1,1.0,9.2,3.4691497517403307,0.6194910270964876,2.875,8.825,-0.1223457852187918,-0.38316634104830233,3.4578765218847716,1.2530347630037022,105.67794544326456,164.61569530760184,1.370899039987071,1.1942457314007655,1.3707908046961392,
2026,12616,"Brissett, Jacoby",QB,4,12.2,16.650000000000002,-28.2,43.7,30.906390924855657,2.5333107315455456,-12.6,41.45,2.746818272484822,2.463761143638033,3.4528522756512445,0.3823685364080454,20.85388749445983,40.029151402070006,0.8646278029010809,0.4786993484063095,1.5841020562432222,0.25276211708041735
2026,15173,"Tart, Teair",DT,4,5.875,6.5,0.0,10.5,4.158951189903531,0.7079065855154947,3.0,9.375,0.37036377192071834,-0.09263606452896772,3.4398836855745003,1.1387973608856452,87.35006251279432,129.91157148465211,1.5066004896817902,1.3154569264929872,1.100284770236261,0.9212988900208554
2026,15894,"Woolen, Tariq",CB,4,5.75,5.35,1.2,11.1,3.8655530005420955,0.6722700870507993,2.625,8.475,-0.0965858098169843,-0.20110929717267953,3.4384397858486184,1.181777281916231,105.04733937913619,160.80344268387503,0.9170750799577667,1.0484775234037607,0.7977881312858869,1.2263718793622675
2026,12698,"Reed, Jarran",DT,4,5.725,5.45,1.5,10.5,3.814691992808856,0.6663217454687959,2.25,8.925,0.16524415933901018,-0.14651662973896257,3.4357110297383486,1.1890687937153124,91.20607144915515,135.64642920737126,1.1633048540833453,1.1305494068310766,1.0701275655380174,1.1878484133561062
2026,13431,"Sanchez, Rigoberto",PN,4,5.55,4.6,2.0,11.0,3.427462618322773,0.6175608321302294,3.05,7.1,0.21055184722352074,-0.2761320619637185,3.4310919810607596,1.2535396633348586,101.6317565747415,136.69405719993722,1.3553078915258028,1.3768529261848248,0.9817052609223219,1.2199760788873253
2026,14149,"Gary, Rashan",DE,4,5.05,4.75,2.0,8.7,2.3942639787625755,0.47411167896288625,3.875,5.925,-0.5515559278984509,-0.7753952977659305,3.4257920021045734,1.487804140042474,125.47783140890176,195.4581949566365,1.2147001154874204,1.2815222028257123,1.2444919795283567,1.569304544403863
2026,13164,"Kupp, Cooper",WR,4,5.7,4.75,1.6,11.7,3.799342048302574,0.6665512365443113,3.025,7.425,-0.2211322484414775,-0.26827438681452626,3.420236879016857,1.187662796823571,151.3923788660725,346.85599023680527,0.9312054593080089,0.8335251586921156,0.7622582881851274,0.9742422800286565
2026,17520,"Hurst, Ted",WR,4,5.65,5.35,0.9,11.0,3.7084363281577315,0.6563604120633153,3.225,7.775,-0.24817337182781216,-0.2729686845843549,3.411093357973848,1.1999737505658645,152.96166652763833,350.4513946415432,,,,
2026,17120,"Green, Mike",DE,4,5.9,5.75,0.0,12.1,4.31335136523794,0.7310765025827017,3.75,7.9,0.21475040126799877,-0.0821122009886221,3.4082837998190256,1.1104102842887729,93.64933911443455,145.87860322943655,1.3783683326978622,1.1733962271623162,1.421639876622717,
2026,16262,"White, Keion",DE,4,4.949999999999999,4.35,2.5,8.6,2.2852789764052877,0.4616725204859168,3.4000000000000004,5.9,-0.5950744761830066,-0.8089557602009612,3.38653147721107,1.506721357775293,127.07326416346876,197.94341806641555,0.982610338884237,1.160880768132702,0.7045980093505337,1.0859097395878186
2026,17181,"Ransom, Lathan",S,4,5.375,4.25,2.5,10.5,3.1696805832764916,0.5897080154933008,2.875,6.75,-0.11858966993906463,-0.1803802120784203,3.3811240476963245,1.2890675658844786,130.12498817409,246.30002606796575,0.8301939611229951,0.9433777283194844,0.683899330721464,
2026,15001,"Curl, Kamren",S,4,5.125,5.25,2.0,8.0,2.6545950726994127,0.5179697702828122,2.75,7.625,-0.27781977183962536,-0.24971065707813248,3.3762200673108027,1.4023441443033782,141.55969789549,267.9435961614555,1.7484916832239163,1.5742088943772115,1.222634814081813,1.1449357958032682
2026,16278,"Diaby, YaYa",DE,4,4.5,4.0,3.0,7.0,1.5,0.3333333333333333,3.75,4.75,-0.9086424012403098,-1.1552108929216423,3.375,1.8,151.80768117070525,236.4724908695991,1.50297684064328,1.2560187185502603,1.4449689537215797,1.3170102437918416
2026,14322,"Edwards, T.J.",LB,4,7.25,3.5,0.5,21.5,8.325412902673357,1.1483328141618423,2.375,8.375,2.014352372717686,0.25492925254204507,3.3747098923443755,0.7774454681702738,64.87511017405889,146.5612699759636,1.0538942613771178,0.9471515386520427,1.1266765895920698,1.598724403411154
2026,15904,"Bland, DaRon",CB,4,5.425,6.1,0.9,8.6,3.315399674247435,0.6111335805064396,2.925,8.6,-0.29198043103048477,-0.2417067619531738,3.3671944186618714,1.257125737941311,111.74500987329752,171.05604384244617,1.3164487114598424,1.4350696693152614,1.129696810169154,
2026,14924,"Johnson, Jaylon",CB,4,5.5,6.4,0.0,9.2,3.559494346111537,0.6471807902020976,3.5999999999999996,8.3,-0.2052868064179622,-0.21776974937636376,3.3390384545009106,1.2062741134201762,107.22484525277748,164.13670598226392,1.1830843895917513,1.3365205128040203,,0.7830938992144395
2026,12754,"Collins, Maliek",DT,4,5.6,5.0,1.5,10.9,3.811823710509184,0.6806828054480686,2.25,8.35,0.16353515356937817,-0.1279093192905176,3.3319791110179438,1.1637999097451164,89.26785252607247,132.76380887562186,1.0068482299387753,1.0760838960662724,1.047871753424203,1.2903551184468718
2026,15861,"Bonitto, Nik",DE,4,4.825,4.0,3.0,8.3,2.166073636790772,0.4489271786094864,3.0,5.825,-0.642674083611416,-0.8433422959185908,3.330050033729425,1.523969608265576,128.5279402252362,200.20938293118223,1.3677487295477355,1.5715110225750828,1.2022902705626735,1.1442265546198072
2026,16532,"Nowaske, Trevor",DE,4,5.25,5.25,1.0,9.5,3.0516389039334255,0.5812645531301763,3.625,6.875,-0.2890610726126047,-0.48630017811174153,3.3201275457717783,1.2957719393263742,109.28229635289146,170.23023227302156,0.6724532220811952,0.9451295856801984,0.7291147400651355,0.7323177905622651
2026,16432,"Wilson, Emanuel",RB,4,7.575,4.75,-1.7,22.5,9.718378208322621,1.282954218920478,-0.725,13.05,2.018655100520376,0.1583011391739134,3.3180691654788985,0.7067300530707299,82.4255619964825,217.21736367466679,0.633681664977649,0.6816118074941869,0.6044692865375205,0.7737934723211087
2026,16351,"Evans, Ethan",PN,4,4.175,4.1,2.9,5.6,1.1121488209767612,0.2663829511321584,3.1999999999999997,5.075,-1.9458149511940213,-0.9361927469815654,3.2967910664523004,1.9766599581128357,160.259327702101,215.54776229439776,0.8052407982490275,1.6110174412850913,0.6914681475231611,1.0274840222035884
2026,16727,"Hicks, Jaden",S,4,5.175,5.5,1.5,8.2,2.973529048117741,0.5745949851435248,2.625,8.05,-0.1792266482463887,-0.19498599336523284,3.2865594319978713,1.302368735029481,131.46767534076884,248.8414586459398,0.7584485613758077,1.0993322015904206,0.6057771037250482,0.5605195552402045
2026,16019,"Hansen, Jake",LB,4,6.1,4.25,1.0,14.9,5.277783625727754,0.8652104304471729,2.875,7.475,0.8644273541042058,0.0845020929892601,3.2704084753255227,0.9716805107778551,81.08334638448595,183.1777732342573,0.568272446864662,0.7999880097408487,0.5386918553337178,0.6023146199853513
2026,15809,"Johnson, Jermaine",DE,4,5.5,3.5,3.0,12.0,3.774917217635375,0.6863485850246136,3.0,6.0,-0.0002504882459424826,-0.20278673052247798,3.2614846354081197,1.1518524299618538,97.14447024630621,151.32300734848891,1.25,1.277865772827806,1.5126553354871628,
2026,15802,"Otton, Cade",TE,4,4.725,4.75,1.7,7.7,2.1241174637952582,0.4495486695862981,3.875,5.6000000000000005,-0.30972872548321234,-0.02336172944103651,3.2596352914100617,1.5124271269428993,304.4350895544954,2278.5295652515847,1.0622554966693343,1.6518796594494625,0.735756589783445,0.8439258859613686
2026,15446,"Slaton, Tedarrell",DT,4,4.25,4.0,3.0,6.0,1.299038105676658,0.305656024865096,3.0,5.25,-1.3336553764555723,-0.613823293806319,3.2550686544253655,1.8485991987284311,141.79454670008218,210.88424964851566,1.0917225990510848,1.4215407161653084,1.190873158101177,0.9228461690195576
2026,16913,"Woods, Charles",CB,4,6.2,4.0,1.2,15.6,5.690342696182717,0.9177972090617286,1.9500000000000002,8.25,0.5515136823290083,-0.038067945091785606,3.232875702761772,0.926708881973641,82.37449130219899,126.0964996259331,0.6072847388267499,0.8428068539530617,0.45952158524979253,-0.05450045927836516
2026,13448,"Butler, Adam",DT,4,5.65,5.0,1.5,11.1,4.250588194591426,0.7523164946179515,1.5,9.15,0.4249637566367691,-0.03509511930282827,3.2243033820393507,1.0760699164752634,82.53863040141898,122.75575855562377,1.0810635627943828,0.9362049200094227,1.3073153164620586,1.6622488914168119
2026,16660,"Robinson, Darius",DT,4,6.625,7.25,-2.0,14.0,6.994417416768891,1.0557611195122854,0.625,13.25,2.059816773762208,0.3580714260266998,3.2226506947323403,0.8287032881349884,63.564674901295604,94.53670174682249,1.0632268619279388,0.9358940025633002,1.0170850369277462,
2026,16695,"Melton, Max",CB,4,4.925000000000001,4.9,1.3,8.6,2.605163142684158,0.5289671355703873,3.625,6.2,-0.544230833643644,-0.2962690773842892,3.221128751183203,1.3660962916460924,121.43132464049064,185.88357560755503,0.9669189134610486,0.9725285834713434,0.9680348687858047,0.9514300866532157
2026,15989,"Jobe, Josh",CB,4,6.05,3.8,1.2,15.4,5.508856505664311,0.9105547943246796,2.8499999999999996,7.0,0.4870563324286424,-0.04287724306826944,3.1666194646558052,0.9295027467167247,82.62283594576012,126.47665845615914,0.7463716191143537,0.7458223719345695,1.019622621640836,0.7783513654666924
2026,14148,"Sweat, Montez",DE,4,4.4,4.2,2.5,6.7,1.7219175357722565,0.39134489449369464,2.875,5.7250000000000005,-0.8200290252086785,-0.9986975063670472,3.1624078382097665,1.6165074592355873,136.33236054539046,212.36641410818126,1.4447722721000267,1.5649360439841362,1.5336600337883597,1.034359432866649
2026,15892,"Booker, Thomas",DT,4,5.125,5.0,1.5,9.0,3.1893377055432683,0.6223097962035645,2.25,7.875,-0.20736005926361178,-0.20354194713206225,3.159076035904627,1.223343726436443,93.83508835650397,139.55644035182098,1.6134984716705962,1.339046219251365,1.4325926517298648,0.601625540058662
2026,17136,"Nolen, Walter",DT,4,5.9,3.75,1.5,14.6,5.133712107237803,0.8701206961420004,2.625,7.025,0.9511545929380858,0.11754120093069809,3.1548765874692,0.9618971182292659,73.78114517481774,109.73116950195536,1.2570728690611954,0.8210188219074597,,
2026,13692,"Vea, Vita",DT,4,5.875,3.75,1.5,14.5,5.091352963604075,0.8666132704006937,2.625,7.0,0.9259157868153445,0.11299670632253157,3.147411460724723,0.9644819525486723,73.97941173842284,110.02604188223589,1.1288137825167404,1.0438574362224333,1.0275091812092523,0.8979991632272221
2026,16954,"Wallace, Josh",CB,4,7.05,3.0,0.0,22.2,8.842369591913696,1.2542368215480422,1.7999999999999998,8.25,1.6709999635339174,0.1853435007154065,3.127444256348623,0.7162909230509029,63.67058906896177,97.46510459486083,0.7349073132175733,0.9163045276603966,0.41355733761460906,0.31071990418346124
2026,15405,"Stephens, Brandon",CB,4,5.300000000000001,4.8,0.7,10.9,3.684426685388108,0.6951748462996429,3.175,6.925,-0.16091534496616405,-0.1858994788583811,3.1265211441576337,1.1314084638216284,100.57009107738321,153.94979988884953,0.7783195785285183,0.7398239437359334,1.0881683246253702,1.2873481357173813
2026,15357,"Barmore, Christian",DT,4,5.8,4.75,0.0,13.7,4.984475900232641,0.8593923965918348,3.0,7.55,0.8622353331989077,0.10364077849656285,3.1192985464666227,0.9691742596497932,74.3393294311486,110.56133025779124,0.8724292139414664,0.8267693344031347,0.9138841399067893,
2026,17059,"Gordon II, Ollie",RB,4,6.85,3.75,-0.1,20.0,8.19405272133393,1.1962120761071433,-0.025,10.625,1.5140115594390142,0.10253399181719758,3.1190066180411162,0.7450468479591401,86.89443004427314,228.99424104667014,0.5425836536148213,0.6533633786913801,0.42727599715912085,
2026,15345,"Paye, Kwity",DE,4,6.8,3.25,0.0,20.7,8.13603097339237,1.1964751431459366,2.25,7.8,1.741175721317835,1.1735188469520113,3.0958693164451625,0.7443057077853842,62.77295754501095,97.78212482692766,0.7675076264989568,0.6849544391822037,0.8548798844949431,1.010679933004935
2026,14071,"Montgomery, David",RB,4,5.950000000000001,3.8499999999999996,0.8,15.3,5.542788107081129,0.9315610264001896,2.9000000000000004,6.9,0.6362832955605722,-0.06761207108186632,3.0804100510812717,0.9093982416395902,106.06264841868047,279.5085446289345,0.901564693130633,0.901949617806678,0.7489111490396829,1.9876340883111399
2026,15881,"Jones, Jack",CB,4,4.7,4.8,1.2,8.0,2.471841418861655,0.5259237061407777,3.3,6.199999999999999,-0.5915819019381514,-0.2982900551284272,3.080101568044183,1.3537484674461406,120.3337353576581,184.20341753429446,1.4541093468812258,1.3211605247150178,1.38219055734015,1.3690476111535563
2026,13723,"Payne, Da'Ron",DT,4,5.375,4.0,1.5,12.0,4.09839907768875,0.7624928516630233,2.25,7.125,0.3342850675511028,-0.021909836667342725,3.0496577588546523,1.0542525051680813,80.86515247900125,120.26687485603496,0.9728036274876183,1.2350720013443144,1.0955288877030283,1.2328002446655233
2026,17511,"Fields, Malachi",WR,4,5.425000000000001,3.15,2.5,12.9,4.325144506256409,0.7972616601394301,2.875,5.7,-0.06472526855381718,-0.20806398370924584,3.0184809036538027,1.0187516965269718,129.86113838335268,297.5256356007423,,,,
2026,14467,"Phillips, Del'Shawn",LB,4,4.25,4.75,1.5,6.0,1.75,0.4117647058823529,3.375,5.625,-0.4666684855922205,-0.18845218860091958,3.010416666666667,1.5454545454545454,128.9627864721243,291.34362491689967,1.2470676134157475,1.5807303602005085,0.48857942924620046,0.37812432785164735
2026,16630,"Williams, Isaiah",WR,4,6.2,2.9000000000000004,1.4,17.6,6.613622305514582,1.066713275082997,2.3,6.800000000000001,0.6160130880427519,-0.08394388749278146,2.999932344147261,0.8143298618200842,103.8033146212431,237.82439877416252,0.7648910874115752,0.8070512309179984,0.3989249854661919,-0.07907794289177861
2026,14217,"Barton, Cody",LB,4,4.25,4.5,2.0,6.0,1.7853571071357126,0.420084025208403,2.75,6.0,-0.4533276168754383,-0.1834443261226911,2.9927806556209204,1.5258366652922413,127.3257428606845,287.64533153358315,1.1403956828870314,1.3413199391241004,1.1544868591557236,0.9566877870387539
2026,15913,"Benford, Christian",CB,4,5.95,4.25,0.0,15.3,5.889185003037348,0.9897789921071172,1.5,8.7,0.6221352988350035,0.00973128432447136,2.9902818471809907,0.8636725530489784,76.77123700116287,117.51919926625554,0.9669566584183221,1.0479577436590901,0.8776586633879602,1.4995445377076024
2026,17142,"Revel, Shavon",CB,4,4.75,5.699999999999999,0.0,7.6,2.8508770580296865,0.6001846437957234,4.199999999999999,6.25,-0.45696211214161125,-0.24897736175714916,2.9684074387395363,1.2334852368489668,109.64362259894276,167.83930070430017,1.652287852224065,1.4038607772372362,1.316314329867931,
2026,15721,"White, Rachaad",RB,4,5.675,5.05,0.0,12.6,5.186219721531281,0.9138713165693888,1.0499999999999998,9.674999999999999,0.5182376850545043,-0.07898491273456477,2.96519413341354,0.9173615318330888,106.99140285142073,281.95610560995163,1.0578565498758936,0.8109229425624928,1.0062162156261545,1.1677445114446978
2026,12676,"Henry, Hunter",TE,4,5.4,5.1,-0.5,11.9,4.440157654858665,0.8222514175664194,3.0250000000000004,7.475,0.6003903318706767,0.07197367997370357,2.963367155566049,0.9926182920778409,199.80323895205873,1495.4175875438943,1.2452772297042591,1.1415531540651505,1.1147188021234122,0.7511461567130782
2026,16174,"Rodriguez, Chris",RB,4,5.15,5.5,0.6,9.0,3.8369910085899344,0.7450467977844533,1.725,8.925,0.07156172166006627,-0.18752340983817586,2.951210252090972,1.0647115098734312,124.17675487851085,327.24493071137965,1.4896828878605852,1.203498638044726,1.102800852938623,0.5792530495962588
2026,17196,"Phillips, Jordan",DT,4,4.625,4.75,1.5,7.5,2.6545950726994127,0.5739665022052785,2.25,7.125,-0.5259752265722407,-0.266179292900749,2.938436106181377,1.265530081444512,97.07094126037438,144.36896965909426,1.0310218488753402,1.3284261165280828,1.0138626593940334,
2026,16291,"Adebawore, Adetomiwa",DT,4,5.25,4.7,0.0,11.6,4.140350226732033,0.7886381384251491,3.375,6.575,0.3592807786656825,0.01196603797203958,2.935194037974888,1.021331187259915,78.33996294480222,116.51128119934648,0.9875977595657829,1.1898964571182027,0.986136514811044,0.43315934453560406
2026,17081,"Egbuka, Emeka",WR,4,5.175000000000001,5.0,0.1,10.6,3.9518192013299394,0.7636365606434664,2.35,7.825,-0.1757758781048202,-0.2235530375996866,2.934278022741767,1.0450704659431265,133.21601412872067,305.2120116092101,0.5585471840017362,0.8482035994083517,0.6787011209927112,
2026,15849,"McCreary, Roger",CB,4,5.95,5.0,-1.2,15.0,6.134125854594117,1.030945521780524,1.35,9.6,0.7091294559584188,0.03706776187309715,2.9296699178733525,0.8340194890406113,74.1353972992291,113.48433173949195,0.4066577779756733,0.6818994160945523,0.6386420235858468,1.2691861875994788
2026,15877,"Uwazurike, Eyioma",DT,4,4.05,4.0,2.5,5.7,1.55161206491829,0.3831140901032815,2.5,5.55,-1.183164487308393,-0.513462577487118,2.928174927129528,1.58723187418762,121.74668487531788,181.0680233100306,1.1780135341892277,1.73313848149684,1.3315365022941208,
2026,16684,"Washington, Malik",WR,4,5.425,5.800000000000001,-1.4,11.5,4.641861156906786,0.8556426095680711,3.1750000000000003,8.05,0.029486338978663956,-0.181171403897434,2.923515536896811,0.9615621244699891,122.57113537644244,280.823465843386,0.5465044006483987,0.6453998258874302,0.5598554124181558,0.4931047700947959
2026,16949,"Tremayne, Brycen",WR,4,5.75,3.7,1.0,14.6,5.564845011318823,0.9677991324032736,1.0,8.45,0.304040242198214,-0.12950766304910039,2.9220462115853882,0.875877494455101,111.6488432873856,255.7993367123096,0.44832325783540294,0.709540952634541,0.44438458041562945,
2026,15815,"Walker, Travon",DE,4,4.825,4.25,1.0,9.8,3.1688917621149515,0.6567651320445496,3.25,5.825,-0.24224110601255175,-0.28260196595613873,2.9123017539883005,1.1573819315357312,97.6108151418396,152.04943790984566,1.5627785533418521,1.130506147357773,1.0584483377019716,1.0346623499934184
2026,17141,"Hairston, Maxwell",CB,4,4.4,4.8,1.2,6.8,2.2494443758403984,0.511237358145545,2.8499999999999996,6.35,-0.6705693112715024,-0.30804246868934804,2.9115214604006914,1.354077648694028,120.36299604390857,184.24820895035674,0.9477210409447171,1.3340049132170986,0.8716511893619151,
2026,16216,"Washington, Darnell",TE,4,5.325,4.75,-0.1,11.9,4.437552816587088,0.8333432519412372,2.3,7.775,0.5993667257340324,0.07481091306901774,2.9045297406045587,0.9793008324914567,197.12257954732146,1475.3543230989126,0.7214247922617502,0.89857713786768,0.705949629208471,0.39528469796594834
2026,17672,"Gill-Howard, Skyler",DT,4,3.7,3.15,3.0,5.5,1.0464224768228174,0.28281688562778845,3.0,3.8499999999999996,-1.484171093566056,-0.643415465608206,2.8842775936717455,1.8080333078360495,138.68298951963612,206.25657942770857,,,,
2026,17474,"Johnson, Emmett",RB,4,5.0,4.5,0.9,10.1,3.7356391688705695,0.7471278337741138,1.725,7.775,0.038008158639788334,-0.1861854968361905,2.8618398169520836,1.0558236853996794,123.1401724889662,324.51320904112777,,,,
2026,13798,"Fatukasi, Foley",DT,4,5.125,3.5,1.5,12.0,4.067785023818245,0.7937141509889258,2.625,6.0,0.31604432649764985,0.018542916123841888,2.857199959745225,1.0112899374998838,77.56976112982508,115.36579686578511,1.03525246599886,0.8949217088046165,,1.1267395724862335
2026,15384,"Samuel, Asante",CB,4,5.125,6.2,-1.5,9.6,4.069014008331748,0.7939539528452191,4.275,7.05,-0.024323797303979086,-0.12030558863302127,2.856818031405838,1.0110447498421251,89.87104642250856,137.57201036937448,0.7737912481701151,0.9921098222319793,,
2026,16662,"Jenkins, Kris",DT,4,4.475,4.4,1.5,7.6,2.542021833108441,0.5680495716443444,2.25,6.625,-0.5930496271600562,-0.27384573005845847,2.853863857956521,1.2634027148479734,96.90776420045323,144.1262842198996,1.105775554352123,1.413758616228192,1.1558991273917125,0.9012327386079384
2026,12186,"Diggs, Stefon",WR,4,5.925,4.55,-1.3,15.9,6.385285819757797,1.077685370423257,1.625,8.85,0.5480913436782247,-0.07888970539179646,2.8517311063286663,0.8022709133543476,102.26615028492311,234.30259231320036,0.9704277724534263,0.936783253504508,1.1857574566923272,1.7991840090032034
2026,12305,"Jarrett, Grady",DT,4,4.0,4.25,1.5,6.0,1.620185174601965,0.4050462936504913,3.375,4.875,-1.1423066400510251,-0.48504550236798144,2.8468812864574624,1.5266096605586832,117.09673192316721,174.15237061367324,1.182788520151188,1.6647218629073641,1.0914520992342525,1.8105505822088397
2026,17129,"Morrison, Benjamin",CB,4,5.7,5.4,0.0,12.0,5.715767664977295,1.0027662570135605,0.0,11.100000000000001,0.5605437143392499,0.018355428218786243,2.84606352840176,0.848748837712996,75.4446785931737,115.48854184849834,1.1254205765601253,0.9944371916670636,1.0084885352010975,
2026,16620,"Worthy, Xavier",WR,4,4.9,5.0,-0.4,10.0,3.6952672433803757,0.754136172118444,3.275,6.625,-0.25209069238566245,-0.22792929319595218,2.793397729255161,1.0436040689501258,133.0290912666708,304.7837515151431,0.741752431428949,0.5763345976514846,0.7965719263363906,1.032755292718584
2026,17214,"Burke, Denzel",CB,4,5.9,5.55,-1.7,14.2,6.594315734024266,1.1176806328854687,0.09999999999999998,11.35,0.872572305214919,0.09466388270738638,2.78606693964089,0.7768968537305678,69.05780700411451,105.71170270558777,1.1028366966606193,0.9718867229802121,0.9340546391841119,
2026,15812,"Hall, Logan",DT,4,5.175,4.25,0.0,12.2,4.499097131647638,0.8693907500768382,2.25,7.175,0.5730325876868912,0.11659542582324105,2.768281591094473,0.9410635739124448,72.18313356981882,107.3545232479734,1.381308662063588,1.1052662697129327,1.0784596268014413,1.0829512426944947
2026,16257,"Anudike-Uzomah, Felix",DE,4,4.675,4.0,1.0,9.7,3.2275183965393595,0.6903782666394352,2.5,6.175,-0.21883104072122417,-0.19191477493884726,2.765653163119611,1.105849711695388,93.26471136431654,145.2794643622425,0.7403479981118348,1.261033851037491,,0.8764084970078132
2026,17570,"Hunter, Lee",DT,4,5.375,4.25,0.0,13.0,5.115845482420281,0.9517852060316802,1.125,8.5,0.9405091397689582,0.22335211532911625,2.7538890977293105,0.8788645847005443,67.41223596985705,100.25899535968364,,,,
2026,13844,"Cooke, Logan",PN,4,4.075,4.2,1.1,6.8,2.049847555307467,0.5030300749220777,3.0500000000000003,5.225,-1.0724895212040646,-0.49139974865165237,2.7111899275942712,1.3361323561594158,108.32802690229275,145.70049760823008,1.122112899591711,1.4428358261400047,0.9964869173722144,1.2078781888328407
2026,13714,"James, Derwin",S,4,5.125,4.0,0.0,12.5,4.574043615882997,0.8924963152942432,2.625,6.5,0.31554575844210636,0.11224539514561004,2.708063396785621,0.9194402400075474,92.81293977455209,175.6759390082195,1.2368446141782066,1.0302310763097406,1.3256429988879987,1.4207255355446797
2026,15933,"Brown, Montaric",CB,4,4.3999999999999995,5.0,0.0,7.6,2.756809750418044,0.6265476705495556,3.5999999999999996,5.8,-0.4903714274376643,-0.23147109405162763,2.705115921080498,1.1712065002786962,104.10771014173852,159.36508530030875,1.1171248280295702,1.1359740392984343,1.194523306534878,0.9343688423901397
2026,16673,"Wiggins, Nate",CB,4,4.7749999999999995,5.85,-1.2,8.6,3.666316271136466,0.7678149258924537,3.5249999999999995,7.1,-0.16734751098895723,-0.13766311012210586,2.7010746034907553,1.0232911192787761,90.95961746382034,139.23836357816094,1.574904301292615,1.186935066544189,0.9866975906299784,1.0868191498994855
2026,16923,"Tillman, Dondrea",DE,4,5.25,4.0,0.0,13.0,4.968651728587948,0.946409853064371,1.5,7.75,0.4764168680892224,0.4988504769312094,2.6972736454938064,0.8795956337767483,74.18298529529169,115.55565026511742,1.0955257069585036,0.9802228116827701,1.0151528344266811,0.8101853422866185
2026,16596,"Allen, Braelon",RB,4,4.2,4.25,0.9,7.4,2.35902522241709,0.561672672004069,2.85,5.6,-0.41773396636571314,-0.3054159539019084,2.6894240229037294,1.2503627457068516,145.8291628699674,384.3058577732199,0.9025299556046419,0.7150310481485443,,0.7263038675559407
2026,16738,"Carlies, Jaylon",LB,4,5.65,3.25,0.0,16.1,6.240392615853589,1.1044942682926706,1.5,7.4,1.227636937783406,0.22854038581458433,2.684730524157578,0.7803444232607967,65.11701785580271,147.10777073655103,0.5630293472458638,0.6647875892861393,,0.730705757441161
2026,13682,"Key, Arden",DE,4,5.7,2.25,1.5,16.8,6.41833311693932,1.1260233538490034,1.875,6.075,1.0552857778624058,0.9834421120540686,2.6810618000411823,0.7683666815910964,64.80220234509665,100.94310172058596,0.7561683908162973,0.8240020531988638,0.9739186219635978,1.1312999190255695
2026,14982,"Gilman, Alohi",S,4,4.0,3.5,2.0,7.0,1.9685019685029528,0.4921254921257382,2.375,5.125,-0.4899140215343591,-0.27468750589941243,2.6807396704290936,1.347480999656282,136.02153508902887,257.4609850754503,0.7308481388299772,0.881198605514754,0.9490922738565667,1.1298815037430414
2026,15365,"Moehrig, Trevon",S,4,3.625,4.0,1.5,5.0,1.2930100540985752,0.3566924287168483,3.375,4.25,-0.698731090069465,-0.4055749359761067,2.671939433927927,1.5808914546713817,159.58316483006504,302.05833798092766,1.628444474870045,1.2894736842105263,1.3322785842593063,1.3025990227257374
2026,14237,"Gaines, Greg",DT,4,4.375,3.5,1.5,9.0,2.8145825622994254,0.6433331570970116,2.625,5.25,-0.4306500408934694,-0.1763024395066734,2.6622720907844064,1.1469144863292082,87.97267671903731,130.83755582438684,1.016125159373106,1.2209304819234892,0.694208339822797,0.8086078150628984
2026,17680,"Spears-Jennings, Robert",S,4,6.5,2.75,-2.0,22.5,9.453835200594519,1.454436184706849,1.0,8.25,1.8240520070775756,0.6553244890814063,2.6482660419123265,0.6217813726038401,62.76575091812909,118.80274729883757,,,,
2026,16846,"Bates, Jake",PK,4,5.775,2.3,0.9,17.6,6.8514140876172425,1.1863920498038514,1.875,6.2,0.9148651697929566,-0.27743600521781386,2.641337815200204,0.735536291367942,80.318017170081,193.30381416674442,0.9046329235856796,0.8297186073939312,0.8343223863301567,1.0244191808895253
2026,13832,"Sanders, Jason",PK,4,4.8,3.3,1.2,11.4,3.9465174521342234,0.8221911358612966,2.175,5.925,-0.7610416623400932,-0.4175136201292712,2.634191279682183,0.9703796754884576,105.96210187321901,255.02221258580042,1.1943327313295693,1.099706654202737,,1.1507445115987656
2026,17555,"Woods, Peter",DT,4,4.25,5.0,0.0,7.0,2.6100766272276377,0.6141356769947383,3.375,5.875,-0.5525006073463065,-0.21413297411619509,2.6329880818400713,1.1772603295857995,90.30031761153573,134.29934483171715,,,,
2026,16201,"Hutchinson, Xavier",WR,4,4.25,4.55,0.9,7.0,2.6556543449779,0.624859845877153,2.025,6.775,-0.561337466020305,-0.2874790942054605,2.615610208341206,1.1625825635945601,148.19538037356193,339.5313277523991,0.7894216370228008,1.262082493865589,0.6576643711361269,0.23799333867815511
2026,17161,"Burch, Jordan",DE,4,4.95,5.0,0.0,9.8,4.472974401894113,0.9036311923018411,0.75,9.2,0.27848910547315187,0.3834349815663191,2.6002935967941023,0.9044442083059772,76.27865445066928,118.82009710594276,0.7136337788326452,0.9918413212548873,0.6588658552833402,
2026,15499,"Gillikin, Blake",PN,4,4.075,3.85,1.4,7.2,2.369994725732528,0.5815937977257737,2.0,5.925,-0.7743205517523812,-0.34373434175307654,2.5765149091123005,1.2092007055335159,98.03693919652183,131.8590510081441,1.3399688732221549,1.179851021134301,,1.0991744802572823
2026,10814,"Anger, Bryan",PN,4,4.225,4.15,0.5,8.1,2.739867697535777,0.6484893958664562,2.675,5.7,-0.42983947236573294,-0.217999901395029,2.5629524888628805,1.1297191081876718,91.59290348716542,123.19186453473696,0.7793873652480857,0.9796574001977155,0.7941445022078631,1.4121319120215365
2026,17045,"Skattebo, Cam",RB,4,5.35,4.6,-2.0,14.2,5.828593312283847,1.0894566938848314,2.125,7.825,0.7309020315484558,0.03390018893402755,2.560474220718587,0.7834702925382846,91.37573659055032,240.8038977869165,1.1803621235892985,0.9198386380482442,1.3255335594149553,
2026,17165,"Caldwell, Jamaree",DT,4,4.875,3.75,0.0,12.0,4.421184795956848,0.9069097017347381,2.25,6.375,0.5266101587522312,0.16520790862091378,2.5564923161097535,0.8992499210939653,68.97586833279547,102.58451101073238,1.1327970324476386,1.0505972214274795,1.027423784460229,
2026,16224,"Murphy, Myles",DE,4,4.775,3.8,0.5,11.0,4.16855790411984,0.8729964197109612,1.25,7.324999999999999,0.15693326044435932,0.3007833185422132,2.5493908849739677,0.9238553748607254,77.91574566372188,121.37021205365721,1.2419974229002944,1.0735051106432414,1.1691578203871387,0.8132265402184099
2026,15798,"Likely, Isaiah",TE,4,5.625000000000001,3.4,-0.9,16.6,6.866722289418731,1.2207506292299963,0.22499999999999998,8.8,1.5539414517241186,0.17390768958670644,2.5329273471602547,0.7150373170749911,143.92921535237016,1077.2311856814836,0.7616501941084765,0.7665808933378387,0.5093413653937112,0.8928608408335553
2026,16677,"Bullard, Javon",S,4,5.575,5.75,-4.0,14.8,6.7075983034168045,1.20315664635279,2.375,8.95,0.9750986352563139,0.4124788192118282,2.5304601056076153,0.7233122148475983,73.01478672969213,138.20207884138696,0.757646134018083,0.7312303680107157,1.2718716902432965,1.5554509511498391
2026,14954,"Hawkins, Jaylinn",S,4,3.75,3.5,1.5,6.5,1.8200274723201295,0.48534065928536785,2.625,4.625,-0.5358124377610908,-0.2812446147148196,2.524673364697505,1.329774279438048,134.2341293548549,254.07779107790617,1.4142123031041556,1.2021292956509468,1.476577159538129,0.8790635412262993
2026,10783,"Smith, Harrison",S,4,3.875,4.0,1.0,6.5,2.072890493972125,0.5349394823153871,2.5,5.375,-0.45764404847865564,-0.2333105111966247,2.5245294975113524,1.2610276895975685,127.29450149767314,240.9424928841486,0.9922548602916955,0.8135046107644832,0.9927602854333282,1.424087315995854
2026,16288,"Blackmon, Mekhi",CB,4,4.925,3.8000000000000003,0.0,12.1,4.790289657212807,0.9726476461345802,0.8999999999999999,7.825,0.2318473016746225,-0.0016447208494241386,2.4966445526399905,0.8505619393090397,75.60584390037916,115.7352490606278,0.9272826949078173,0.7441817923381537,0.9428627088809786,
2026,17632,"Barrett, Nick",DT,4,4.125,4.5,0.0,7.5,2.7012728481217887,0.6548540237871003,3.0,5.625,-0.49816325439657616,-0.16137510521191845,2.492666990989344,1.1144814687447946,85.4849416655649,127.1376664260625,,,,
2026,16263,"Martin, Quan",S,4,3.425,3.6,1.5,5.0,1.28135670287395,0.374118745364657,2.7750000000000004,4.25,-0.7023335294021131,-0.38873351081504315,2.492506569431225,1.5012996414306188,151.54876536893022,286.85086073550815,1.082508880472812,1.37719298245614,1.1110504140830622,1.0361680466051437
2026,16261,"Brents, Julius",CB,4,3.3000000000000003,3.0,2.2,5.0,1.0723805294763609,0.3249637968110184,2.5,3.8,-1.088619940817681,-0.4317367190359662,2.4906340897333097,1.5923716484799384,141.5447796596277,216.6726734605834,0.673664058139301,1.6729824230930146,,
2026,17627,"Hibner, Matthew",TE,4,4.375,4.45,0.0,8.6,3.3108722415701877,0.7567707980731857,1.9500000000000002,6.875,0.15662248198992812,0.05522408072349572,2.4903647105236897,1.0148758197497532,204.28343658231194,1528.9494079843062,,,,
2026,17601,"Haulcy, A.J.",S,4,3.875,3.75,1.5,6.5,2.161452058223823,0.5577940795416317,1.875,5.75,-0.430266716733346,-0.21122299858273852,2.4874918006750844,1.2257025976149278,123.72860836829649,234.19298548326393,,,,
2026,15860,"Cook, Bryan",S,4,5.375,2.75,0.0,16.0,6.258743883560023,1.1644174667088416,1.5,6.625,0.8363427713372545,0.37503986937749273,2.4833471743198823,0.7404862447583496,74.7484200148525,141.4834925753581,1.024558080996688,0.9136047242866961,1.1408662798895275,1.1177987687896103
2026,17112,"Carter, Abdul",DE,4,4.825,6.5,-2.5,8.8,4.557068685021107,0.9444701937867578,2.75,8.575,0.312068598445218,0.4936173365669622,2.481395711498954,0.8682635168799743,73.22726174592799,114.06690920433653,0.9839647301082992,1.045945136326664,0.8756307399931819,
2026,15761,"Shakir, Khalil",WR,4,4.3,5.5,-0.8,7.0,3.1662280397975127,0.7363321022784913,2.875,6.925000000000001,-0.4094604855900786,-0.23613055360421653,2.4764847659945644,1.0321086505406432,131.56376058213058,301.4265235660388,0.90746162642503,1.0753295754517438,0.9798776323390647,1.1503151759144503
2026,16333,"Higgins, Elijah",TE,4,4.45,4.5,0.0,8.8,3.578756767370479,0.8042150039034784,1.5,7.45,0.2618912994490548,0.06736005989644618,2.466446621035896,0.9718795354476928,195.62875337224116,1464.173854020108,0.5584260277130026,0.7635278357119258,0.3639828976732301,0.5060006266640769
2026,16678,"Vaki, Sione",RB,4,3.35,2.8,2.4,5.4,1.2031209415515967,0.3591405795676408,2.55,3.6,-0.8004078994765587,-0.43562529248917226,2.4647928627557247,1.5205701769784314,177.34331637371957,467.35559594565643,0.7972653537411,1.1857484459705256,0.5038564499891283,0.46938258078693007
2026,15391,"Williams, Milton",DT,4,4.25,3.25,1.5,9.0,3.092329219213245,0.7276068751089989,1.5,6.0,-0.2651605285062098,-0.06711083136932133,2.4600504091718536,1.038528371580297,79.6590519917431,118.47309926892349,1.0362707196548684,0.8006524627786782,1.3750309164694805,0.8369912248043873
2026,17155,"Gillotte, Ashton",DE,4,3.5,4.0,1.0,5.0,1.5,0.42857142857142855,3.25,4.25,-0.9086424012403098,-0.8982614760025114,2.4499999999999997,1.4,118.07264091054851,183.92304845413264,1.2727481251029749,1.5386522530565914,1.0545599313071483,
2026,16767,"Davis, Tyler",DT,4,4.5,4.5,0.0,9.0,3.824264635194589,0.8498365855987975,1.125,7.875,0.17094781726337577,0.09125952377088542,2.432647313299481,0.9327846501560109,71.5481088213414,106.41008130216183,1.0663974031910208,1.0179783400783518,1.1042276142951157,0.8692716822369719
2026,16654,"Elliss, Jonah",DE,4,3.875,3.75,1.0,7.0,2.301494079940246,0.5939339561136119,2.125,5.5,-0.5885996608335351,-0.4521185231640153,2.4310919440151504,1.1737110248188403,98.98797169013345,154.19464977778946,1.2296663741896245,1.301601494653624,1.0381877271943063,1.2687030806630326
2026,11985,"Way, Tress",PN,4,4.65,3.95,0.4,10.3,4.2452915094254715,0.9129659160054777,0.625,7.9750000000000005,0.972236535312883,0.2791001795040236,2.430780371513261,0.886509356371182,71.87447333597369,96.67070313969863,1.1232832534117263,0.9945910744479316,1.0897238452762257,0.8836335599074342
2026,17668,"Smack, Trey",PK,4,5.625,7.0,-5.4,13.9,7.461358790461695,1.326463784970968,1.0499999999999998,11.575000000000001,1.266757379048936,-0.2235621300363425,2.4178326077275236,0.6647868432598485,72.592422315541,174.7103901168557,,,,
2026,15668,"Waitman, Corliss",PN,4,3.7249999999999996,4.05,0.6,6.2,2.03147114180832,0.5453613803512269,2.85,4.925,-1.0896043883071653,-0.41183542535243695,2.410439426895338,1.228776335234377,99.62404943383366,133.99370404252474,1.447512587377127,1.3587236820158033,0.9416828719219237,0.8801950063285421
2026,12752,"Byard, Kevin",S,4,3.2750000000000004,3.75,1.3,4.3,1.1755317945508748,0.3589410059697327,2.95,4.075,-0.7350475362803541,-0.40340182927268387,2.4099648076061837,1.5053790563773874,151.96056210926727,287.63030786017595,0.905812541912126,1.1796500509055463,0.9929582180270563,1.6434731254364845
2026,13785,"Neal, Siran",CB,4,4.949999999999999,4.8,-2.0,12.2,5.301650686342886,1.0710405426955327,1.2999999999999998,8.45,0.41346429790941785,0.06369270810369634,2.390102896564931,0.7855084717291262,69.82328758352723,106.88347833745743,0.4543499117702795,0.6935368066142092,0.48166253532624426,0.07609778420329918
2026,17116,"Sawyer, Jack",DE,4,3.875,4.5,0.0,6.5,2.407670035532278,0.6213342027180072,3.0,5.375,-0.5462027864916619,-0.3781935105853977,2.3900069421245442,1.1371406150228172,95.90371107313528,149.39026316857417,0.9996141861687603,0.9963452774771947,0.9353927885488991,
2026,16680,"Little, Cam",PK,4,5.975,4.8,-4.5,18.8,9.097355384945672,1.5225699389030414,-1.4249999999999998,12.2,2.2106043430171405,-0.14813650296996786,2.368616190914522,0.5917391012015121,64.61586171651788,155.51295917856174,1.0282866190974165,0.7810604951675831,0.7728338095871508,0.8832286693392086
2026,17543,"Sadiq, Kenyon",TE,4,6.175,3.0999999999999996,-4.0,22.5,9.933875125045613,1.608724716606577,0.04999999999999982,9.225,2.759220297182903,0.2731494275744533,2.3670569610857313,0.5647585992504409,113.67974805305813,850.830524458574,,,,
2026,17752,"Meyers, Dohnte",WR,4,4.95,3.6999999999999997,-1.0,13.4,5.4117926789558375,1.0932914502941085,1.1,7.55,0.25851277706841275,-0.07170092630232024,2.3646969939635127,0.7720149804977957,98.40940099361228,225.46637080355535,,,,
2026,15032,"Fox, Jack",PN,4,4.2749999999999995,3.6,0.7,9.2,3.4830841218667112,0.8147565197349033,1.15,6.725,0.26235491757091656,0.09450950655699754,2.355687913783875,0.953584604658262,77.31265411755925,103.9850212217144,1.0669664608672589,1.1264298189623934,1.1903285190916222,0.8575352099146631
2026,14951,"Lynch, James",DT,4,4.75,3.25,0.0,12.5,4.828301978956992,1.0164846271488404,1.125,6.875,0.7691823821150254,0.30718173628322654,2.355584533622826,0.8149886565846817,62.51271081672171,92.97216586166051,0.8769902099165428,0.8138984737049378,1.0308225040285823,0.7110936932001469
2026,16246,"Johnson, Antonio",S,4,3.7,4.25,0.3,6.0,2.1552262062252305,0.5824935692500622,2.7,5.25,-0.4321913351273734,-0.18735251488569749,2.338082171009021,1.172657603026983,118.37397880804149,224.0577653477534,0.8974308886737776,1.1469434324601615,0.9108520911795366,1.1626819273426208
2026,17580,"Lawrence, Malachi",DE,4,3.75,3.75,0.5,7.0,2.3048861143232218,0.6146362971528592,2.75,4.75,-0.5872451954586162,-0.39626425134561166,2.3225044591233934,1.1346835776723667,95.6964904382899,149.06747331167378,,,,
2026,16264,"Benton, Keeanu",DT,4,3.875,4.0,1.0,6.5,2.6309456474811483,0.6789537154790061,1.375,6.5,-0.5400662399118681,-0.130149663241039,2.30798500534868,1.0672150938662925,81.85943203391331,121.74561929831586,1.0437577745837598,1.2204650639549013,1.1656901412873109,1.3705825901812374
2026,9051,"Campbell, Calais",DT,4,4.0,2.75,1.5,9.0,2.9368350311176825,0.7342087577794206,2.25,4.5,-0.3578084748502478,-0.058556916785715035,2.30652739011757,1.0160446064879647,77.93446221502388,115.90819935225608,1.3380749572148567,1.1261186918589654,1.3600305788039675,1.581554871166352
2026,11945,"Santos, Cairo",PK,4,3.675,3.3,1.0,7.1,2.190176933491904,0.5959665125148038,2.6500000000000004,4.325,-1.7743180174401898,-0.5045233020369277,2.302679894084502,1.1519737232810527,125.79154335660883,302.7463323610503,0.7313005419058326,1.1411332750885053,0.63462628129463,0.7359978586572019
2026,16694,"Fiske, Braden",DT,4,3.75,4.25,0.0,6.5,2.358495283014151,0.6289320754704402,3.0,5.0,-0.7024000676755072,-0.19496160512576866,2.3021217744251183,1.116571465491083,85.64525231670467,127.37608879252898,0.7100534950887725,1.0019830190560122,0.8378490127065058,1.2650190606821858
2026,16252,"McDonald, Will",DE,4,4.05,4.5,0.0,7.2,3.1316928329579197,0.7732574896192395,1.5,7.05,-0.2570949240575977,0.03169078926455165,2.283932267992073,0.980227757420332,82.67005715174508,128.77605523150393,0.8618267362403002,1.1438375851205658,0.8885752096746176,0.872933954340743
2026,16693,"Sweat, T'Vondre",DT,4,3.575,2.9,1.5,7.0,2.0595812681222365,0.5761066484258004,2.4749999999999996,4.0,-0.8805017057648175,-0.26340635238049537,2.26824752219063,1.1684605463002107,89.62534096819556,133.29548434290626,1.2335097865068019,1.2925795830168687,1.4082447234761852,1.1857250187116206
2026,16186,"Addison, Jordan",WR,4,5.35,3.2,-2.0,17.0,7.2713478805514455,1.3591304449628872,0.02499999999999991,8.525,0.8116623651243412,0.050755053793726086,2.2677847303539687,0.6468111458084772,82.44956253823108,188.90068887872184,1.0233860917469988,0.8524530457989768,1.1102347198727531,1.1807288250991212
2026,17128,"Barron, Jahdae",CB,4,3.8,4.0,0.0,7.2,2.615339366124404,0.6882472016116854,2.4000000000000004,5.4,-0.5406166060647928,-0.19049975498026034,2.250855204363632,1.0510769848069752,93.42948322511754,143.019162975185,0.912548005178691,1.1494947173697292,0.8800503679412127,
2026,17073,"Ayomanor, Elic",WR,4,4.775,4.300000000000001,-2.3,12.8,5.360212215948171,1.1225575321357426,2.575,6.5,0.24316947785366355,-0.058219808756139135,2.2496445574294226,0.7507611126601615,95.70015252624403,219.25919533683077,0.8608706578339922,0.9153253687644225,0.7455546417105535,
2026,14934,"Elliott, Jordan",DT,4,3.0,3.0,1.5,4.5,1.0606601717798212,0.35355339059327373,2.625,3.375,-1.4756878620408453,-0.5517637275171149,2.216388375108776,1.455844122715711,111.66874765955083,166.07958914798078,1.1342772433179027,1.576694085264002,1.2069818757249573,0.9590416424104644
2026,17629,"Boettcher, Bryce",LB,4,3.125,3.5,1.0,4.5,1.2930100540985752,0.41376321731154403,2.875,3.75,-0.6390989632825846,-0.18724917306487465,2.2104125795142675,1.362837460923605,113.72402830366659,256.9172980246055,,,,
2026,13738,"Jackson, Donte",CB,4,5.275,2.6,-1.7,17.6,7.395733567402223,1.4020347995075304,0.475,7.4,1.1572070179436384,0.28348818617408456,2.196054778674102,0.6282953070927633,55.848721552231105,85.49161500110843,0.6114677040585277,0.5643230308553752,0.7771414529372173,1.0140349605543837
2026,17554,"Parker, T.J.",DE,4,5.0,2.0,0.0,16.0,6.4031242374328485,1.2806248474865698,1.5,5.5,1.0492127554938184,1.4005521303265622,2.1923816209888263,0.6753905296791061,56.96081677513304,88.72848936830896,,,,
2026,17773,"Edwards, TeRah",DT,4,3.5,4.25,0.0,5.5,2.091650066335189,0.5976143046671968,3.0,4.75,-0.861394185846932,-0.23553935389433178,2.1907665634785953,1.132081550273529,86.8349344514365,129.14544614894288,,,,
2026,17664,"Eckley, Ryan",PN,4,4.375,4.5,-1.6,10.1,4.446557657334491,1.0163560359621695,1.25,7.625,1.1596857007322279,0.4734283450728175,2.169755698879998,0.8032596504525201,65.12493513282222,87.59261778223225,,,,
2026,17053,"Marks, Woody",RB,4,3.525,3.7,0.5,6.2,2.221907963890494,0.6303285003944664,1.9249999999999998,5.3,-0.46312803703950706,-0.2612766281420644,2.162140942237781,1.0940722204067923,127.60107942196723,336.2691063636827,1.2661497635234227,1.248965433115153,0.9040048402429446,
2026,16664,"Trotter Jr., Jeremiah",LB,4,4.875,2.0,0.0,15.5,6.188446897243281,1.2694250045627244,1.5,5.375,1.2080368893484745,0.32782139827519813,2.148121215814012,0.6781715257393817,56.591046254084056,127.84649746280563,0.4102323844824602,0.5678045804948889,0.21487728444754547,0.30223201253082244
2026,15565,"Hoecht, Michael",DE,4,3.525,4.05,0.0,6.0,2.286235989568881,0.6485775856932996,2.325,5.25,-0.594692333478341,-0.30469171119613514,2.1382069188557975,1.0726557712802731,90.46521407357368,140.9186567112762,1.2052167973688492,1.2136119376325778,,1.3547768533071964
2026,16691,"Orhorhoro, Ruke",DT,4,4.375,2.75,0.0,12.0,4.628377145393404,1.057914776089921,1.125,6.0,0.6500613687852125,0.36086187162035654,2.125938377444661,0.7773110946519918,59.622699386074714,88.67399004170656,0.9933837568363224,0.9507210039821464,1.0650031497781176,0.955901247564638
2026,17630,"Overton, LT",DE,4,2.75,2.5,2.0,4.0,0.82915619758885,0.30151134457776363,2.0,3.25,-1.1765154826292226,-1.2410656282091255,2.112928182652265,1.5034254612181204,126.79529615584495,197.51042425056934,,,,
2026,14880,"Kareem, Khalid",DE,4,3.25,3.0,1.0,6.0,1.7853571071357126,0.5493406483494501,2.5,3.75,-0.7946971172413665,-0.572429879663231,2.0976665160513948,1.1668162734587728,98.40648490334434,153.2888614288774,1.3597595421626778,1.2929251388669636,,
2026,13332,"Jones, D.J.",DT,4,4.125,2.0,1.5,11.0,3.990222424878092,0.967326648455295,1.5,4.625,0.26983028086081173,0.24348882142255324,2.0967539901108267,0.8266164609087081,63.40460736432202,94.29864095243128,1.2731098049065208,1.0025355907575775,1.2166290852838206,1.5990058061291246
2026,14974,"Mooney, Darnell",WR,4,4.075,4.85,-2.0,8.6,3.8466706383572795,0.9439682548116023,2.7249999999999996,6.2,-0.20705372575521125,-0.1404851100397986,2.096227646677762,0.8407833550210402,107.1753637211402,245.5501207585342,0.6434225784526911,0.9854878648154334,0.4317127879753872,1.127417413447593
2026,15319,"Palmer, Joshua",WR,4,4.625,4.9,-1.9,10.6,5.6224438636592895,1.215663538088495,-0.475,10.0,0.3211737918864861,-0.015331491239071541,2.087410800644441,0.6983826658584035,89.02342771526543,203.96211094462808,0.49729889057234195,0.6427974897421072,0.7727521583057178,1.1955642686852668
2026,16754,"Stiggers, Qwan'tez",CB,4,3.4749999999999996,3.1,1.2,6.5,2.3359955051326615,0.6722289223403343,1.2,5.375,-0.6398294714570929,-0.20113663244218974,2.0780647634874256,1.0416680701917824,92.59313151833162,141.7388998619964,1.0192123008176361,1.036165803110467,0.5190039528487372,0.08026757313257675
2026,16485,"Incoom, Thomas",DE,4,3.125,3.0,1.0,5.5,1.595893166850463,0.5106858133921481,2.5,3.625,-0.8703515233995224,-0.6767194213487626,2.0685969063170146,1.203824579495885,101.5276766386498,158.1507760463554,0.3577918846715492,1.0145323215771365,0.3490065621719901,
2026,17397,"Striggow, Danny",DE,4,3.8,2.5,1.0,9.2,3.196873472629156,0.8412824927971463,1.75,4.55,-0.23106779414616505,0.21522013074064608,2.0637789230414656,0.9054359214740558,76.36229315979844,118.95038204098928,0.985406409337135,0.7172735997629895,0.7947692533107217,
2026,16080,"Shaheed, Rashid",WR,4,5.125,2.05,-1.7,18.1,7.696874365611018,1.501829144509467,0.17500000000000004,7.0,0.9382409145084197,0.11648773207585594,2.048501198112335,0.5892921737797153,75.11757063896903,172.10231811742653,0.7153402367006173,0.5353127012966546,0.8026031117169515,
2026,16474,"Adkins, Nate",TE,4,4.175,2.8,0.0,11.1,4.348778564148788,1.0416236081793506,0.75,6.225,0.5644816925389287,0.12808793649484862,2.044941086728087,0.7805520363067068,157.11661397881517,1175.9316268923988,0.4985305932740466,0.6095001522316761,0.27900634362386767,0.5175373783550348
2026,17350,"Huntington, Adin",DE,4,4.15,2.0,1.0,11.6,4.320590237455989,1.0411060813146962,1.75,4.4,0.21764093852847557,0.7543379535815102,2.0332113249728523,0.7799886506547251,65.78237133075616,102.46992170574467,0.613559332506805,0.8853581327594287,0.5779135323213246,
2026,12678,"Higbee, Tyler",TE,4,5.050000000000001,6.2,-4.6,12.4,7.527781877817662,1.4906498767955765,-1.15,12.4,1.8137136835575138,0.2429465024391603,2.0275832613202285,0.5921821257103191,119.19980491066586,892.1451205202001,0.6912931616091863,0.613561155557492,0.5845380423323506,
2026,16786,"Drake-Rodriguez, Levi",DT,4,4.375,2.25,0.0,13.0,5.091352963604075,1.16373782025236,1.125,5.5,0.9259157868153445,0.4979744690311309,2.021964010172793,0.7182312412596495,55.09105129457021,81.93428650804799,1.1770600078784745,0.8636905006369447,1.4501810838864075,
2026,17611,"Jackson, Darrell",DT,4,3.125,2.75,1.5,5.5,1.709349291397168,0.5469917732470937,1.5,4.375,-1.0891800736511377,-0.30112985760224265,2.020049527115914,1.1534134819466144,88.47117425068711,131.57894736842107,,,,
2026,14779,"Herbert, Justin",QB,4,6.325,7.0,-9.0,20.3,13.4976618345549,2.1340176813525535,-6.15,19.475,-0.21859366541228784,1.8914797148559737,2.0181762335400446,0.43627724747479507,23.793999162951405,45.67271187242874,0.6668336941514801,0.6218246240779504,1.1223387202502146,1.822183058291368
2026,14086,"Hill, Justice",RB,4,2.825,2.55,1.6,4.6,1.1409973707244025,0.40389287459270884,1.975,3.4,-0.8209745429096397,-0.40685372021449545,2.012261797980545,1.3194785003608698,153.89009772821422,405.5489645989436,0.7880651722973584,0.895890646973536,0.4605825924498497,0.92147572942717
2026,16058,"Herring, Malik",DE,4,3.125,3.0,1.0,5.5,1.7455300054711176,0.5585696017507576,1.75,4.375,-0.8106003847491522,-0.5475304506132129,2.005043596698957,1.1382137488108668,95.99421660199626,149.53124462407217,0.4745856443991912,0.8333333333333334,,0.4834842570542224
2026,17233,"Medrano, Kain",LB,4,6.25,0.5,-5.0,29.0,13.329947486768281,2.132791597882925,-1.25,8.0,3.902652753705883,0.847529922277366,1.9950257796348851,0.4361495396805193,36.3951564419456,82.22136863882096,0.33409264668237204,0.37930644051129064,0.39009594457463753,
2026,16614,"Harrison Jr., Marvin",WR,4,3.5,4.5,-1.0,6.0,2.670205984563738,0.7629159955896394,3.0500000000000003,4.949999999999999,-0.5570088860268003,-0.2238849584301851,1.9853470095887136,0.9536249504034392,121.55937710075773,278.5054203696217,0.6753000261674355,0.6515225915518376,0.994240308764498,0.8026618956035054
2026,14901,"Gallimore, Neville",DT,4,2.875,2.5,1.5,5.0,1.2930100540985752,0.4497426275125479,2.25,3.125,-1.3372470643894139,-0.42713344286269495,1.9831106193882793,1.2538104640497165,96.17200230317019,143.03202072924017,1.2318227214068378,1.3753680679669893,1.2189475070881952,0.5706125927341346
2026,16958,"Miller, Ryan",WR,4,5.1499999999999995,0.6,0.0,19.4,8.235745260752058,1.5991738370392348,0.15000000000000002,5.6,1.098535275980899,0.16132855667246276,1.9813988301245968,0.5576160726179059,71.07979129544289,162.85133756578702,0.42759192571974824,0.5052040736116,0.3945486247469287,0.7877152356378605
2026,15712,"Allgeier, Tyler",RB,4,3.975,3.4,-0.7,9.8,4.039415180443823,1.0162050768412134,0.8,6.575,0.13857631385625815,-0.01319380239819001,1.9715256377727353,0.7887820030041502,91.99523864569747,242.43648117428666,0.894639784181507,0.6489013746757715,0.9241741702365116,0.9051328968573524
2026,13201,"Barnett, Derek",DE,4,3.5,3.75,0.0,6.5,2.806243040080456,0.8017837257372732,1.125,6.125,-0.387049525325627,0.10865368650752695,1.9425194877747232,0.9195419113136867,77.5519584976717,120.80353679296638,0.9484413999799025,1.0088288220465407,0.6828364660647572,0.6865824366654579
2026,17062,"Sanders, Raheim",RB,4,3.45,2.7,0.7,7.7,2.680951323690902,0.7770873402002614,1.45,4.7,-0.3111570383408006,-0.16692431472316802,1.941378975560772,0.9372577077549273,109.31188359907375,288.0713045634573,,0.7971015865433376,,
2026,16383,"Pace, Ivan",LB,4,3.1,3.2,1.0,5.0,1.8587630295441107,0.5996009772722938,1.375,4.925000000000001,-0.4256302498333368,-0.07538305653880839,1.9379833121171561,1.0843850882227057,90.48814990860149,204.4244415585286,0.563254083036682,0.9361836340152339,0.6027770824347515,0.9893209210539605
2026,16593,"Corum, Blake",RB,4,4.725,3.5,-3.0,14.9,6.855426682563238,1.4508839539816378,-0.6000000000000001,8.825,1.0708457197577086,0.26626437338733316,1.9278758556984699,0.6014950162399357,70.15205386588849,184.872797079161,0.864006737738359,0.5306264565504722,0.6991811057043308,0.4517149612140357
2026,16145,"McMillian, Ja'Quan",CB,4,3.7,3.1,0.0,8.6,3.4365680554879163,0.9288021771588962,0.75,6.05,-0.24894579173275513,-0.030760137858621975,1.9182890001970334,0.83397796533814,74.13170628694401,113.47868164415458,0.7753741296159544,0.6709720814897334,0.952724752297847,0.8450624772388843
2026,17726,"Stevens, Drew",PK,4,3.75,1.9,1.3,9.9,3.5843409436045564,0.9558242516278816,1.3,4.35,-0.969990262324284,-0.36611614304132944,1.9173501897620817,0.8180019867919042,89.32298567909392,214.9763456929838,,,,
2026,17689,"Doman, Tommy",PN,4,3.25,2.95,1.0,6.1,2.2896506283710623,0.7045078856526346,1.0,5.2,-0.8491490023052545,-0.11270966319197635,1.9067086913215516,0.9879468573260936,80.0986019424618,107.73210308045613,,,,
2026,16703,"Phillips, Andru",CB,4,4.525,4.6,-3.7,12.6,6.244747793145853,1.3800547609162106,-0.025000000000000133,9.15,0.7484183791515191,0.26889242509739386,1.9012167595077039,0.624590410763648,55.51939596101816,84.9874928677547,0.9767158199370061,0.7726657701169866,0.8625460847373653,1.3397616299083466
2026,17191,"Farmer, Joshua",DT,4,3.675,2.75,0.0,9.2,3.495264653785175,0.9510924227986871,1.125,5.3,-0.0250799121207985,0.2224544912882457,1.8835601825199568,0.8175269495880554,62.70740748544954,93.26172890797837,0.8951333756616076,0.6599889412285109,1.038155195418796,
2026,13133,"Perine, Samaje",RB,4,3.6500000000000004,3.15,-0.7,9.0,3.4702305398921265,0.9507480931211304,2.0,4.8,-0.04985808220213525,-0.055276567917361165,1.8710770564743318,0.8165126982663584,95.22945534783048,250.95966267979927,0.7124500387884769,0.9729949271137771,0.5314336932706215,1.0668826078269564
2026,15676,"Anderson, Zayne",S,4,3.75,2.5,0.0,10.0,3.766629793329841,1.0044346115546243,1.5,4.75,0.06594723042872423,0.22042662915085964,1.8708517496071013,0.7867193725108552,79.41542534588658,150.31718048436426,0.5399179437285845,0.7042239527567807,0.49752226032723434,0.35096704798518613
2026,17604,"Everette, Daylen",CB,4,3.5,3.2,0.0,7.6,3.0512292604784714,0.8717797887081347,0.8999999999999999,5.8,-0.3858042351722308,-0.06862563815752694,1.869878081339702,0.8639353082640974,76.79459312475622,117.55495214780167,,,,
2026,17674,"Curry, Caden",DE,4,3.0,2.5,1.0,6.0,1.8708286933869707,0.6236095644623235,1.75,3.75,-0.7605676565561348,-0.37205465541383487,1.8477348653667751,1.044994432064365,88.13232309332739,137.28468683062357,,,,
2026,12437,"Myers, Jason",PK,4,3.7,2.45,-0.1,10.0,3.7914377220257753,1.0247128978448041,1.55,4.6,-0.8505110004361396,-0.33962044550975284,1.8274195832596551,0.7722108090837659,84.32274756635519,202.9421205839709,0.9159138104064826,0.9500733217498689,1.0374201726667533,1.0067837561304984
2026,13782,"Dickson, Michael",PN,4,3.375,4.0,-0.9,6.4,2.859523561714434,0.8472662405079804,1.65,5.725,-0.3183980197874349,0.15561355018933007,1.8270241321965084,0.8744602658937508,70.89758344076962,95.3567925303227,0.8534853647519189,0.6683572982588211,0.9093015012659585,1.6019273243768863
2026,17579,"Banks, Caleb",DT,4,4.25,1.5,0.0,14.0,5.662375826453062,1.3323237238713088,1.125,4.625,1.2661477672282615,0.7164075269249718,1.8222170260934598,0.6379105758527328,48.93015262607746,72.77147649100468,,,,
2026,17256,"Croskey-Merritt, Jacory",RB,4,3.4999999999999996,2.6,0.1,8.7,3.2341923257592455,0.9240549502169274,1.3,4.8,-0.12800094685097746,-0.0724377814344859,1.8190748656140991,0.8266039260208626,96.40639004204004,254.06125695833586,0.8992318857941669,0.7743105339297942,0.7910612838030342,
2026,15857,"Williams, Sam",DE,4,3.6750000000000003,2.5,-0.1,9.8,3.759238619720754,1.0229220733934024,1.1,5.075,-0.006511072781645196,0.7052780661389025,1.8166789755945851,0.7721823370595419,65.12400557221389,101.44437813887679,1.2476027114133998,0.9402377153639325,1.2080249533013387,
2026,12772,"Murray, Eric",S,4,2.375,2.25,1.5,3.5,0.739509972887452,0.3113726201631377,1.875,2.75,-0.8698364163180612,-0.44937364453262896,1.8110794472013185,1.3653270386588723,137.82300436467003,260.87079848467374,0.9193979270658648,1.2074301785632837,0.9317219275224593,1.0133787273122046
2026,16723,"Barner, AJ",TE,4,3.4,2.9499999999999997,0.4,7.3,2.9857997253667232,0.8781763898137421,0.55,5.8,0.028880876658410742,0.08627899474425862,1.8102666067148125,0.8530283090646695,171.70529742318416,1285.11991591235,1.0399625246941926,0.9446699185911959,1.0681859945614738,0.507583239089714
2026,16698,"Sainristil, Mike",CB,4,3.3999999999999995,2.9,0.0,7.8,3.049590136395381,0.8969382754104063,0.8999999999999999,5.3999999999999995,-0.386386392934494,-0.05191924069458203,1.7923619571988463,0.8395911402101561,74.6306573962588,114.24246163689841,1.265568710210613,0.9841538936794745,1.4693349507816966,1.2873433929150349
2026,13418,"Bourne, Kendrick",WR,4,4.1499999999999995,1.55,0.0,13.5,5.518378384996811,1.3297297313245329,0.15000000000000002,5.55,0.2902181221631028,0.037211919504516015,1.7813225045810697,0.6366614140645703,81.15576766844801,185.9364676670392,0.6060283566288514,0.7263575401071786,0.6733128511697065,0.6582656007130743
2026,13288,"Jenkins, Rayshawn",S,4,3.25,3.0,0.0,7.0,2.704163456597992,0.8320502943378437,1.125,5.125,-0.2624965319947029,0.05382816568769751,1.7739687660565262,0.8773910865653027,88.56828593389147,167.6416762100126,0.8171062774416642,1.0233274128558434,0.5868020173384408,0.794553324255498
2026,17755,"Nwankpa, Xavier",S,4,4.375,1.0,0.0,15.5,6.445686542176869,1.4732997810689987,0.375,5.0,0.8941329789238989,0.6735549535462881,1.7688919206183153,0.5875885286356545,59.31415261967543,112.26957666947372,,,,
2026,15356,"Browning, Baron",DE,4,3.125,3.0,0.0,6.5,2.407670035532278,0.770454411370329,1.5,4.625,-0.5462027864916619,0.02412817138737111,1.7650835739855368,0.9170488830829171,77.34170247833491,120.476018684334,1.2272146728545181,0.9062499999999999,1.038286867800396,0.6858212014683626
2026,13284,"Hendrickson, Trey",DE,4,3.425,2.5,0.0,8.7,3.2313890202202518,0.9434712467796356,1.5,4.425,-0.2172854709647907,0.49092220863132396,1.7623106108079973,0.8094268769978804,68.26512070794104,106.33732765582744,0.8900691051535701,0.7957601852073136,,1.1633845369558455
2026,14154,"Nelson, Anthony",DE,4,2.875,2.0,1.5,6.0,1.8157298807917437,0.6315582194058239,1.875,3.0,-0.7825690355026274,-0.35060943175708503,1.7621191605697093,1.0210496467053118,86.11287734805623,134.13897403218294,1.0246412056011613,0.7692372333413688,0.7115629888608178,1.1431847582334305
2026,14971,"Washington, Broderick",DT,4,3.125,3.5,0.0,5.5,2.433490291741473,0.7787168933572715,1.125,5.5,-0.6577158667433831,-0.0008887016697101185,1.7568844213885337,0.9101525661850624,69.81214242595064,103.82826148449738,0.923561900742256,1.0620689883374856,,0.6399388396813398
2026,16324,"Brooks, Karl",DT,4,2.5,2.25,1.5,4.0,1.0606601717798212,0.42426406871192845,1.5,3.25,-1.4756878620408453,-0.46014545270502794,1.7552924734392423,1.2132034355964258,93.05728971629237,138.39965762331732,1.0115308159968808,1.0437842916932143,1.0239423562243994,0.9400923041527378
2026,17195,"Mills, Rylie",DT,4,3.5,3.5,0.0,7.0,3.5,1.0,0.0,7.0,-0.022258455528723686,0.2858229664272378,1.75,0.7777777777777778,59.658495745999,88.72722825628153,,0.8702215771241909,,
2026,17553,"Faulk, Keldric",DE,4,4.0,1.0,1.0,13.0,5.196152422706632,1.299038105676658,1.0,4.0,0.5672596421189636,1.4502305278595704,1.7398580693914645,0.6455619111856357,54.44514266067784,84.80979619367011,,,,
2026,13769,"Street, Kentavius",DT,4,3.225,2.75,0.0,7.4,2.8021197333447407,0.8688743359208498,1.125,4.85,-0.4380757557862918,0.11592631932731974,1.725637694313431,0.8482110575626071,65.06099456053899,96.76210643210493,1.2101847112510127,1.0103994503135507,,0.6340541752463342
2026,17410,"Combs, Branson",LB,4,3.175,2.0,1.0,7.7,2.6677471769266297,0.840235331315474,1.375,3.8,-0.1203860661742302,0.0694681873378641,1.7253228138655412,0.8656539959933867,72.23580387555289,163.1900296636258,0.38169641297810675,0.6859237822596075,0.33123967664176873,
2026,15432,"Carter, Michael",CB,4,3.2,2.9,0.0,7.0,2.7676705006196096,0.864897031443628,0.8999999999999999,5.199999999999999,-0.48651408063941426,-0.07319610695648845,1.7159124316493017,0.8493311714688815,75.49644182523318,115.56777951381004,0.4163879519856624,0.6760278654002578,0.5,0.8531002006952714
2026,14198,"Ya-Sin, Rock",CB,4,2.9250000000000003,2.95,0.0,5.8,2.087312865863668,0.7136112361927069,1.7999999999999998,4.075,-0.7281525766350724,-0.17365686422975407,1.70692158070739,0.9474258447667042,84.21600734310569,128.91543936191837,0.9610525346219368,0.9437665451027866,0.8203220332025382,0.20953132439213573
2026,16618,"Thomas Jr., Brian",WR,4,3.0,2.0,1.1,6.9,2.2814469093099667,0.7604823031033222,1.775,3.225,-0.672650477169192,-0.2250060136727979,1.7040784759447427,0.914230850875125,116.53777799297305,267.00040443586886,1.0002097903375626,1.030818011418715,1.1320809046062077,1.6677786190830586
2026,17575,"McNeil-Warren, Emmanuel",S,4,3.325,2.75,-0.5,8.3,3.1688917621149515,0.9530501540195342,1.75,4.325,-0.1188335208557651,0.17076682361026144,1.7024652404122256,0.7975740771722915,80.51115403620817,152.39117110504785,,,,
2026,14983,"Bass, Tyler",PK,4,3.525,2.45,-0.5,9.7,3.7910255868300333,1.0754682515829883,1.225,4.75,-0.8507487714404052,-0.32009910818341775,1.69841191129348,0.7357506104099739,80.34142006766717,193.3601386319809,0.7854959984411044,0.869110882461279,,0.6971810949170691
2026,13802,"Martin, Jake",DE,4,3.4499999999999997,4.05,-1.5,7.2,3.6155912379581845,1.0479974602777347,0.75,6.75,-0.06387057531843049,0.7729306795478861,1.6845724015361503,0.7474665372504234,63.03953431815742,98.19737439182313,1.155797272514295,0.9018592492053961,1.5159351770275005,0.8837679938747334
2026,17209,"Black, Yahya",DT,4,3.75,3.5,-1.5,9.5,4.616546328154847,1.2310790208412925,-0.375,7.625,0.643012224800163,0.5852269857073218,1.680801067541729,0.6676700913516641,51.21281996310088,76.166378479609,0.7643346149923056,0.7003825224305331,0.64792758480229,
2026,14270,"Epps, Marcus",S,4,3.0,3.0,0.0,6.0,2.3717082451262845,0.7905694150420949,1.125,4.875,-0.36526952038784244,0.013739537758265766,1.6754446796632412,0.8897566995413737,89.81653333756621,170.004353604865,0.9013295653981762,0.987236558731361,0.523438964231199,
2026,13193,"Smith, Jonnu",TE,4,3.375,2.25,0.0,9.0,3.455701810052482,1.0239116474229577,0.8999999999999999,4.725,0.21353520347579955,0.1235573097704688,1.6675629117987338,0.7574564331000974,152.46772088157792,1141.1372134650562,0.7928343095357291,0.9345096573115679,0.5552867290624024,1.1090440176026295
2026,15921,"Jackson, Theo",S,4,2.875,1.75,1.5,6.5,2.1028254801575903,0.7314175583156836,1.5,3.125,-0.4483901463540098,-0.04342696439645547,1.660489109742418,0.9265748326438201,93.53314157544446,177.03913392430022,0.9666775150664955,1.049484373579735,0.9173313330589996,0.3975423195491263
2026,16777,"Johnson, Cedric",DE,4,4.2,1.0,-0.5,15.3,6.437779120162482,1.5328045524196385,0.625,4.575,1.063050716265898,2.0809251258111625,1.658240860309437,0.5646846904359603,47.624151915378135,74.18466405740001,0.9331647879495718,0.7283279803068881,1.2908919712239442,0.611219077648386
2026,16387,"Brooks, Chris",RB,4,2.575,2.0,1.3,5.0,1.4359230480774379,0.5576400186708497,1.675,2.9000000000000004,-0.723336381345292,-0.30800857572768164,1.6531419128517733,1.0570941483690666,123.28834593056877,324.90369281305385,0.8917446083415494,1.0902469866799445,0.5112818537131862,0.5254353127382184
2026,17118,"Stewart, Josaiah",DE,4,3.375,1.5,1.0,9.5,3.5597577164745355,1.054743027103566,1.0,3.875,-0.08616532916554528,0.7911300089060933,1.6425411623162982,0.7401709059685403,62.42423828061345,97.23892100199365,0.6547933238088243,0.6056088404677842,0.7381881746828401,
2026,16725,"Mustapha, Malik",S,4,2.625,2.5,0.5,5.0,1.595893166850463,0.6079593016573193,2.0,3.125,-0.6050998231883417,-0.16274150642210342,1.6325040051041215,1.0112126467765434,102.07690984219522,193.21074228597826,1.389367508939471,1.0942571371918204,1.7589403172116116,1.194177405470332
2026,14109,"McLaurin, Terry",WR,4,4.225,0.5,0.0,15.9,6.745137137227086,1.5964821626572987,0.22499999999999998,4.5,0.6551339352876172,0.16008866474106995,1.6272016271723735,0.5455035753585938,69.53580104922113,159.31389222157338,1.17577698150346,0.7224500088337116,1.923136509231934,1.0937921204949288
2026,17588,"Young, Zion",DE,4,2.75,3.0,0.0,5.0,1.920286436967152,0.6982859770789643,1.5,4.25,-0.7408187997823993,-0.17058001827952285,1.6192796955963649,0.9416884471291788,79.41974419106828,123.71300706431205,,,,
2026,15797,"Dulcich, Greg",TE,4,3.0,2.5,0.0,7.0,2.5602734228984216,0.8534244742994739,1.4249999999999998,4.075,-0.13833539133904466,0.0799475844926828,1.618625437183724,0.8426319115563032,169.61261596427568,1269.4573436978444,1.183377520409705,0.917562390000657,1.0981825467287356,-0.30301610796032696
2026,14239,"Moreau, Foster",TE,4,2.4749999999999996,2.45,0.7,4.3,1.3122023472010709,0.5301827665458873,1.675,3.25,-0.6287816604958778,-0.0027359500817700335,1.6174538454559044,1.070408047546529,215.46146852930858,1612.6108423801575,0.5850249033148537,0.8613624203163721,0.2227622210623101,0.772720958371466
2026,15129,"Dorsey, Khalil",CB,4,2.1500000000000004,2.1,1.2,3.2,0.7123903424387504,0.331344345320349,1.8,2.45,-1.2164754728573384,-0.4274997400518982,1.6149090260211123,1.2555548502673846,111.6053747888069,170.84229447536794,0.6201710241322397,0.8307866129926381,0.4498848017999714,0.4300374730010373
2026,17512,"Williams, Antonio",WR,4,4.325,1.4,-2.3,16.8,7.425420863493194,1.716860315258542,-0.575,6.3,0.8574934364319571,0.21553961420506115,1.591911065765788,0.5133274729028607,65.43428611885531,149.91688668339108,,,,
2026,16887,"Rehkow, Ryan",PN,4,2.725,2.05,1.0,5.8,1.9715159142142373,0.7234920786107293,1.0,3.775,-1.1454436712258107,-0.07702769093103028,1.5810922683187296,0.917040352018635,74.34979885488991,100.0,0.7098396236553652,0.8551761246802049,1.1967820219738914,0.9078440383420895
2026,13268,"Anzalone, Alex",LB,4,2.75,3.05,0.0,4.9,2.035313243704762,0.7401139068017316,1.2000000000000002,4.6,-0.3590146972657452,0.009199515654694786,1.5803563141762391,0.9060020430192826,75.60270754054383,170.7963007852295,1.2996205858161212,1.0439224555891105,1.4412198574144732,1.832552568725157
2026,14102,"Metcalf, DK",WR,4,4.175,1.3499999999999999,-1.5,15.5,6.863444834775027,1.643938882580845,-1.2000000000000002,6.725,0.690326143675051,0.18194911135320851,1.5790833999629486,0.5309377871561614,67.67908773638239,155.05996517759544,0.692460709081484,0.4670960104283193,0.9456780661939795,1.1118304215262849
2026,17149,"Tuimoloau, JT",DE,4,2.625,2.5,0.5,5.0,1.7455300054711176,0.6649638116080447,1.25,3.875,-0.8106003847491522,-0.2604821836559965,1.5766108438505575,0.956099549001128,80.63514194567685,125.60624548422061,0.8356746199107553,0.728789929790403,0.6456142494031084,
2026,16647,"Spann-Ford, Brevyn",TE,4,2.525,2.4,0.5,4.8,1.5270478054075451,0.6047714080821961,1.8499999999999999,3.075,-0.5443552560430859,0.016343433467429246,1.5734328187075166,0.9991896451649378,201.12598067622253,1505.317583402156,0.9470315009587675,1.1029487796594102,0.6183859990953552,0.15442796662155997
2026,17204,"Roberts, Elijah",DT,4,3.125,3.5,-1.5,7.0,3.109963826156182,0.9951884243699783,1.5,5.125,-0.2546533183148982,0.27958871341087244,1.566268108731025,0.7603473247409666,58.32151410669514,86.7387993895861,0.45277628588533947,0.6173464266251149,0.6260612185114406,
2026,16520,"Durden, Cory",DT,4,2.5,3.0,0.0,4.0,1.5,0.6,2.25,3.25,-1.2139164522520347,-0.2324482607746773,1.5625,1.0,76.70378024485585,114.07786490093339,1.4084674591025563,1.0477675913412972,0.9005279147716103,
2026,16724,"Taylor, Tory",PN,4,3.1000000000000005,2.05,0.0,8.3,3.121698255757593,1.0069994373411588,1.35,3.8,-0.07422169851815943,0.4558420356000541,1.5445943542997858,0.7521171632759909,60.97851602907871,82.01571082672568,1.0679055364742824,0.9241861631720115,1.333194344057394,1.3637445240466726
2026,13690,"Sweat, Josh",DE,4,3.55,2.75,-1.7,10.4,4.633842897639065,1.3053078584898774,-0.050000000000000044,6.35,0.3427251310557341,1.4671461258202003,1.5399244777335181,0.6301205171141129,53.142852533988425,82.78120457223007,0.500682391927128,0.5277690710747607,0.948577948581508,1.311836888749407
2026,11872,"Harris, Shelby",DT,4,3.75,1.25,-0.5,13.0,5.460082416960389,1.4560219778561037,-0.125,5.125,1.1456154876750775,0.8766806416635563,1.52685930085749,0.5804879501466883,44.525620162838415,66.22082595345367,1.0313919446850424,0.6457456521245021,1.1994742947846393,1.2123361293335608
2026,17482,"Washington Jr., Mike",RB,4,3.9499999999999997,2.05,-2.1,13.8,6.3381779716256,1.6046020181330636,-1.35,7.3500000000000005,0.8996052443242123,0.36509082218015504,1.5165464713996095,0.5382807578766,62.77940747969139,165.44354755358742,,,,
2026,12645,"Treadwell, Laquon",WR,4,3.65,3.95,-3.5,10.2,5.152911798197209,1.4117566570403313,0.25,7.35,0.1815051935213811,0.07499677343577929,1.5134196849192991,0.5932150695008244,75.61762546669506,173.24799674235288,0.39301700161900527,0.5445759628833681,0.4667055626868817,
2026,17105,"Helm, Gunnar",TE,4,2.25,2.35,0.8,3.5,1.0965856099730655,0.48737138221025134,1.4000000000000001,3.2,-0.713511149385089,-0.01368687779928536,1.51273584184232,1.0731734441451715,216.01811271147366,1616.777018586207,0.4022738095275475,0.5649708890982257,0.6998760135899783,
2026,15851,"Ebiketie, Arnold",DE,4,2.0,2.0,1.0,3.0,0.7071067811865476,0.3535533905932738,1.75,2.25,-1.2252507517572897,-1.1006578077300042,1.4775922500725172,1.17157287525381,98.8076452859871,153.9137533591814,0.8183885350529598,0.7921561087422786,1.0056239963903184,1.0605976548207507
2026,17117,"Jackson, Landon",DE,4,2.975,2.0,-0.1,8.0,3.025206604514806,1.0168761695848088,1.475,3.5,-0.2996156927313435,0.6889664058260462,1.4750533745522063,0.7390924969324906,62.33328784999331,97.09724651814311,,0.601626439054688,,
2026,15799,"Ferguson, Jake",TE,4,4.025,0.2,-0.4,16.1,6.975806404997203,1.733119603726013,0.04999999999999999,4.175000000000001,1.5968075180495813,0.304968987684765,1.4726761296917963,0.504651165740201,101.58077708275522,760.2763669030237,0.6829062916994542,0.5607933420053963,1.0266354820643981,0.2663034200708162
2026,17778,"O'Neill, Eric",DE,4,2.5,2.5,0.0,5.0,1.8027756377319946,0.7211102550927978,1.5,3.5,-0.7877417642257722,-0.10900082654334906,1.452550754725011,0.8919729308133273,75.22685682989395,117.1817004098245,,,,
2026,17777,"Harsh, Sabastian",DE,4,2.575,2.65,0.0,5.0,2.1194043974664205,0.8230696689189982,0.75,4.475,-0.6613094692242187,0.16608249874326597,1.4124528776384417,0.8254780951425902,69.6188419337819,108.44603406481124,,,,
2026,16328,"Barnes, Zaire",LB,4,2.625,1.5,1.0,6.5,2.2741756748325317,0.8663526380314407,1.0,3.125,-0.2688876310774503,0.08518965146362849,1.406486612716851,0.8017285145013681,66.90144561569333,151.13902398557454,0.5595231569160037,0.6384716320162808,0.4981444326671476,
2026,13199,"Thomas, Solomon",DT,4,2.875,2.25,0.0,7.0,3.0078023538789913,1.0461921230883449,0.0,5.125,-0.31552408601296883,0.3456730872273838,1.4050489040397265,0.7173507439101637,55.023513819369064,81.83384125036773,0.801384026195075,0.8493311714688816,0.7765489364810474,1.0205742612995465
2026,11286,"Jenkins, John",DT,4,2.375,2.75,0.0,4.0,1.709349291397168,0.7197260174303866,1.125,4.0,-1.0891800736511377,-0.07732188582056648,1.3810339414116228,0.876594246279427,67.23809243052222,100.0,0.7734601490546307,0.8565514870539637,0.7956056489230694,1.149573374549132
2026,16165,"Spears, Tyjae",RB,4,2.7249999999999996,2.65,-0.5,6.1,2.676167969317322,0.9820799887403018,0.47500000000000003,4.9,-0.31274061672345893,-0.035133066923620865,1.374818380428661,0.7412610149329064,86.45289028880879,227.83064447157352,0.4107409220581166,0.22381209643662742,0.5987371229068557,0.8208278775548556
2026,17229,"Lane, Rayuan",S,4,3.25,1.0,0.0,11.0,4.5069390943299865,1.3867504905630728,0.375,3.875,0.2948015138740479,0.5899105765814067,1.3616840188574855,0.5901645077836871,59.57418496014042,112.76176478133242,0.5752230043116456,0.5457690410781753,0.3122132308724887,
2026,11367,"Juszczyk, Kyle",RB,4,3.25,2.8,-2.0,9.4,4.513036671687923,1.3886266682116686,-0.5,6.55,0.2953735520536082,0.22623871668855358,1.3606144665684528,0.5895117688388148,68.75445389502461,181.18968016992113,0.7326739660494221,0.7399004112283672,0.7865132878934794,0.25575839905594294
2026,15473,"McDuffie, Isaiah",LB,4,2.25,2.0,0.5,4.5,1.479019945774904,0.6573421981221795,1.25,3.0,-0.5689141052467784,-0.040625394041612486,1.3575953128746256,0.907616739362976,75.73744831334852,171.10069762905474,0.9416047679377201,0.982858340891974,0.9649463263567417,1.118076665195151
2026,17389,"Okoye, CJ",DT,4,2.9,1.5,0.0,8.6,3.347387040663209,1.1542713933321411,1.125,3.275,-0.11318968222737184,0.4857090272882331,1.3461627949830386,0.6670673608940038,51.16658825852961,76.09762027588833,0.43757765393883746,0.5509567837275868,0.5987118239017146,
2026,13678,"Thomas, Ian",TE,4,3.1500000000000004,1.1,0.0,10.4,4.281062952118317,1.3590676038470846,0.0,4.25,0.5378719345446094,0.20928844670640345,1.3352733066500895,0.5964708295583725,120.0630742324043,898.6062176139491,0.6380097978631883,0.5008865632589905,0.39255804593999083,
2026,17184,"Lane, Jaylin",WR,4,2.625,2.25,0.0,6.0,2.55770893574699,0.9743653088559961,0.22499999999999998,4.65,-0.5904726391636239,-0.12648302185978375,1.3295411888699564,0.7378343893241635,94.05237219497965,215.48395590421015,0.47759641125725133,0.5970758236089888,0.2996026540423731,
2026,17583,"Thomas, R Mason",DE,4,2.625,1.5,0.5,7.0,2.55868618630734,0.9747375947837486,1.25,2.875,-0.4859008779069636,0.5752778424642223,1.3292905381119564,0.7376317726750229,62.21009387090667,96.90534590501143,,,,
2026,17485,"Black, Kaelon",RB,4,2.75,1.2,0.6,8.0,3.0483602149352365,1.1084946236128133,0.825,3.125,-0.18952256756343605,0.04613981085335091,1.3042480493917483,0.6792873790861501,79.2249370675765,208.7827070908506,,,,
2026,16608,"Holani, George",RB,4,2.9749999999999996,1.15,0.0,9.6,3.8615896985568003,1.2980133440527062,0.6000000000000001,3.525,0.07970536953370044,0.1679827590079936,1.2945964860035932,0.6119397531394208,71.37021814955635,188.08304433513072,0.4645996282873995,0.5114800391302311,0.3104288275916597,
2026,17171,"Dike, Chimere",WR,4,2.5,1.95,0.0,6.1,2.346273641330013,0.9385094565320052,0.675,3.775,-0.6533668979126409,-0.14299964894071318,1.28965065998311,0.7470996899722605,95.2334278866931,218.18987970659967,0.7192135693131068,0.8924169750031967,0.48895940556997575,
2026,16757,"Vidal, Kimani",RB,4,2.675,1.5,0.0,7.7,2.9861136950893212,1.11630418508012,0.75,3.425,-0.21012991452651086,0.05116063407737298,1.2639959883171181,0.6710797043484877,78.26768019135244,206.26003317785126,0.7890905519094521,0.5664635637959566,0.8091514419133614,0.5541259736825149
2026,16735,"Abrams-Draine, Kris",CB,4,2.2,2.4,0.0,4.0,1.6613247725836149,0.755147623901643,0.8999999999999999,3.7,-0.8794481848767218,-0.14607478385852848,1.253455817641973,0.8266559657295188,73.48085896605664,112.48238330400784,0.22709116530769366,0.4193834952628668,0.3584388017067491,
2026,14059,"Jones, Daniel",QB,4,4.625,1.9,-9.3,24.0,12.444150232137186,2.690627077218851,-4.05,10.575,-0.3980493779067276,2.6892326939922833,1.2531745698579941,0.3440157927530667,18.762178252904267,36.01410404259898,0.6781783678607815,0.297646220349301,1.4056353362301925,0.7389622581205952
2026,17254,"Mumpfield, Konata",WR,4,3.85,-0.8,-1.1,18.1,8.229368140993573,2.137498218439889,-1.025,4.075000000000001,1.096638316340033,0.4093021085441478,1.2270923302434256,0.41714664982315186,53.17403544309297,121.8273525830321,0.2217132128918632,0.3072135236305644,0.1536009848504602,
2026,13330,"Muhammad, Al-Quadin",DE,4,2.25,2.0,0.0,5.0,1.920286436967152,0.8534606386520676,0.75,3.5,-0.7408187997823993,0.24807638924471667,1.2139453911663947,0.7704723658329644,64.97979070178313,101.21973305261895,0.7783612504868732,0.7982582536268364,0.8368950053414347,0.6499605350028003
2026,15491,"Skowronek, Ben",WR,4,3.35,-0.05,-0.1,13.6,5.917981074657133,1.7665615148230247,-0.1,3.4,0.40908529157113266,0.23843395712191207,1.2108893953924238,0.4842453258902608,61.727160299518566,141.4234684107581,0.25983966348493126,0.4148489197552097,0.3534004310649548,0.7317515197494662
2026,17619,"Dennis-Sutton, Dani",DE,4,3.025,1.5,-1.5,10.6,4.5554225929105625,1.5059248241026653,0.375,4.15,0.31141130122593,2.0084044553722578,1.2071391651117098,0.5445130319807338,45.922922640125144,71.53464054635656,,,,
2026,17330,"Stackhouse, Nazir",DT,4,2.125,2.0,0.0,4.5,1.6345871038277526,0.7692174606248248,1.125,3.0,-1.1337255529859487,-0.013196908319628086,1.2010959914727077,0.8065780011268632,61.86758174877001,92.0126962446152,0.5158999541711345,0.8053994956985544,0.4900037585146831,
2026,15899,"Jackson, D'Marco",LB,4,1.375,1.5,1.0,1.5,0.21650635094610965,0.15745916432444337,1.375,1.5,-1.0452830586544886,-0.341532883025723,1.187946877419667,1.130285919946596,94.31841407127858,213.07750401220667,0.44902840771470265,1.0442195036576456,0.49835954102736657,0.42602179940293156
2026,16072,"Cochrane, Jack",LB,4,2.75,2.75,-2.5,8.0,3.75,1.3636363636363635,0.875,4.625,0.2879672749396242,0.3845324718182536,1.1634615384615385,0.5789473684210527,48.3111367279475,109.14111026298718,0.4445582785951298,0.4856648814727774,0.24951512734924042,0.0
2026,15303,"Fehoko, Simi",WR,4,2.5,1.25,0.0,7.5,2.9368350311176825,1.174734012447073,0.75,3.0,-0.4776965068414402,-0.03418525339511396,1.1495658713623227,0.6350278790549779,80.9475395823914,185.4593950460444,0.45584319903012677,0.5606120323323107,0.46967093762591317,0.3867983407879104
2026,17598,"Davis, Tacario",CB,4,2.725,1.7,-1.3,8.8,3.7479160876412383,1.375382050510546,0.42500000000000004,4.0,-0.13836619891650873,0.2657895295142815,1.1471838811842119,0.5739360068079422,51.016762135840196,78.09499064434966,,,,
2026,17319,"Clark, Alijah",S,4,2.25,1.25,0.5,6.0,2.1937410968480306,0.9749960430435691,0.875,2.625,-0.4202850985266067,0.1919761276221776,1.1392427888273822,0.7045029424021163,71.11608380727998,134.60822199769004,0.33333333333333337,0.6162295403113578,0.3262313425268773,
2026,15942,"Ford, Jonathan",DT,4,2.775,0.75,0.0,9.6,3.9877155114175333,1.437014598709021,0.0,3.525,0.26833658912462777,0.8520531973724298,1.1386882957000022,0.556366936656203,42.675447244781026,63.46915223521249,0.42055960058743835,0.46880426687488086,0.30892128645408323,
2026,16366,"Ivey, DJ",CB,4,2.1500000000000004,1.7000000000000002,0.0,5.2,1.9254869513969708,0.8955753262311491,0.8999999999999999,2.95,-0.7856273054942288,-0.05282430191626548,1.1342202919863424,0.7349203861508724,65.32654875160213,100.0,0.7545634722379887,0.883394252673021,0.49825299406262263,0.04779271378536434
2026,15914,"Rodriguez, Malcolm",LB,4,2.0,1.5,0.5,4.5,1.541103500742244,0.770551750371122,0.875,2.625,-0.5454888698871289,0.02752175197660673,1.1295913827883224,0.7870596374432642,65.67737903580328,148.3736991637362,0.6702875238796354,0.8776186576687925,,1.2317008274459902
2026,13685,"Okoronkwo, Ogbonnia",DE,4,2.0,1.75,0.0,4.5,1.620185174601965,0.8100925873009825,1.125,2.625,-0.8606515381777314,0.13107073641512437,1.1049158557033745,0.7633048302793416,64.3752979506142,100.27810806052916,0.6461542729825394,0.6025696880226988,,0.5784392347412576
2026,17203,"Bassa, Jeffrey",LB,4,2.5,0.75,0.5,8.0,3.181980515339464,1.2727922061357855,0.5,2.75,0.0736433670377691,0.3298483047748156,1.0999685731281674,0.5978028809149216,49.88456341896293,112.69568478980638,0.4114725940626774,0.593698294362529,0.3318896549331038,
2026,13604,"Barkley, Saquon",RB,4,3.125,4.5,-5.5,9.0,5.8563533875612395,1.8740330840195967,-0.625,8.25,0.7400922883592522,0.5383099918530247,1.0873222084240601,0.4557816412539877,53.15757800988729,140.08699091588736,0.9045909352106901,0.5838449435737679,1.102132074746945,1.6245606800986863
2026,16736,"Brownlee, Jarvis",CB,4,2.0,1.7000000000000002,0.0,4.6,1.6911534525287761,0.8455767262643881,0.8999999999999999,2.8,-0.8688541134776845,-0.08602568217098777,1.0836720963902586,0.7431757554072864,66.06036263451284,101.1233011645862,0.8803929192096057,0.8871289034593925,1.1524105971067105,1.0371586627620255
2026,16661,"Hall Jr., Michael",DT,4,2.25,1.5,0.0,6.0,2.48746859276655,1.1055415967851332,0.0,3.75,-0.6255540297103478,0.4225708986439395,1.0686086674494746,0.6451671004770578,49.486755496203074,73.59928532674871,0.7221929634851294,0.712712932778692,0.7137661541356475,1.0196353819692425
2026,17623,"Elarms-Orr, Kaleb",LB,4,1.375,1.25,1.0,2.0,0.414578098794425,0.30151134457776363,1.0,1.625,-0.9705470466157959,-0.25481983834925176,1.0564640913261325,0.9720212699262377,81.11178154579208,183.24201194370713,,,,
2026,16102,"Pola-Mao, Isaiah",S,4,2.125,1.5,0.0,5.5,2.161452058223823,1.0171539097523872,0.375,3.25,-0.430266716733346,0.23271902076913142,1.0534644826684798,0.6721594890146378,67.8511723310013,128.42841139404797,1.172098610185758,0.8315591183177894,0.9727436851472936,1.0371785767049624
2026,15796,"Ruckert, Jeremy",TE,4,2.7750000000000004,0.15,0.0,10.8,4.634854366644113,1.6702177897816621,0.0,2.925,0.6768990161689028,0.28887903337717197,1.0392410726268533,0.49247058032711427,99.12895805293215,741.9258470721015,0.2098337919726355,0.3225074625240497,0.3809968901086212,0.055117843497456076
2026,16342,"Douglas, Demario",WR,4,1.725,1.5,0.3,3.6,1.1882234638316145,0.6888251964241243,1.2,2.025,-0.9978444257008361,-0.2580141178457057,1.021420099399554,0.788310713467763,100.48663182570353,230.225526862876,0.5859860545648057,0.6819336538366092,0.6102107101617956,0.9228401108268273
2026,17355,"Chambliss, Chaz",DE,4,1.75,2.0,0.0,3.0,1.299038105676658,0.7423074889580903,0.75,3.0,-0.9888880287331218,-0.051811349282502785,1.0044151282656255,0.7611879053587657,64.1967615820558,100.0,0.39696045584672013,0.5941099943750894,0.30185802979314347,
2026,17224,"Smith, Tim",DT,4,2.0,2.0,0.0,4.0,2.0,1.0,0.0,4.0,-0.9160019530712069,0.2858229664272378,1.0,0.6666666666666666,51.13585349657056,76.05190993395559,,,,
2026,17099,"Gadsden, Oronde",TE,4,2.775,4.75,-5.5,7.1,4.940331466612337,1.7802996276080494,1.3250000000000002,6.2,0.7969403398639924,0.31703739050005914,0.998093864576528,0.46714564929531316,94.03132557247554,703.7728656385076,0.7082232420182285,0.6297252834185328,0.7512595726426522,
2026,17150,"Oladejo, Oluwafemi",DE,4,2.125,1.5,-0.5,6.0,2.407670035532278,1.1330211931916603,0.625,3.0,-0.5462027864916619,1.0023220648113575,0.9962395154735157,0.6235932404963836,52.59235768526773,81.92369270534712,0.8666666666666667,0.7683112227854569,,
2026,17633,"Josephs, Joshua",DE,4,2.5,0.5,0.0,9.0,3.774917217635375,1.50996688705415,0.0,3.0,-0.0002504882459424826,2.019309815416869,0.9960290762776365,0.5235692863462972,44.156577384684645,68.78318515840405,,,,
2026,16912,"McCollough, Jaylen",S,4,1.875,1.5,0.0,4.5,1.6723860200324565,0.8919392106839769,0.75,2.625,-0.5814533323499805,0.11170698902168227,0.9910466411455932,0.7016201948164763,70.82508471195102,134.05742014348056,0.990323009280171,0.7610158177001575,1.0664116114291509,0.6431137513337747
2026,15806,"Thibodeaux, Kayvon",DE,4,1.875,1.5,0.0,4.5,1.6723860200324565,0.8919392106839769,0.75,2.625,-0.8398073397722104,0.3518903790432553,0.9910466411455932,0.7016201948164763,59.172963798682076,92.17437506259198,0.8388273361339933,0.845443685122249,1.1218644400004663,1.1174072665375188
2026,17574,"Hood, Colton",CB,4,2.0,1.7,0.0,4.6,2.0445048300260873,1.0222524150130436,0.0,3.6999999999999997,-0.7433564471700622,0.03129513736813326,0.9889962228019394,0.6569212767459668,58.39326356977691,89.38672666117972,,,,
2026,13750,"Burks, Oren",LB,4,1.5,1.5,0.5,2.5,0.7905694150420949,0.5270462766947299,0.875,2.125,-0.8286788001708312,-0.11905777900122858,0.9822885022494071,0.8377223398316206,69.90500468123354,157.92445263320727,0.5801642741624455,0.7172794335215446,0.742583471322173,0.49638452856180587
2026,16894,"McGregor, Braiden",DE,4,1.625,1.75,0.0,3.0,1.0825317547305484,0.6661733875264914,1.125,2.25,-1.075340677113793,-0.2572187854728716,0.9752886537291204,0.7803002265433657,65.80864889362464,102.5108545537901,0.6180549145693082,0.6001319240549393,0.630775135861877,
2026,13927,"Dickerson, Matt",DT,4,2.0,1.5,0.0,5.0,2.1213203435596424,1.0606601717798212,0.0,3.5,-0.8437157742871733,0.3644190206037551,0.9705627484771407,0.6407544820340815,49.14829098084862,73.0959032361515,0.7051640967325964,0.6902819970007905,0.752427931595223,
2026,17265,"Dolac, Shaun",LB,4,1.875,1.5,0.0,4.5,1.7809758560968758,0.9498537899183338,0.375,3.0,-0.4549807412303251,0.1354536537256705,0.9616105626455874,0.6742237606591734,56.26161904020811,127.10227875241327,0.4433385435615139,0.6461542729825394,0.4917386994871178,
2026,11222,"Allen, Keenan",WR,4,2.75,1.95,-3.5,10.6,5.233784481615573,1.9031943569511176,-0.875,5.574999999999999,0.2055618558239901,0.3013724609969758,0.9472324832182439,0.4411445419889298,56.233067006989224,128.8359182070621,0.5368904929833869,0.4341522487676364,0.9652718748621137,0.7699981687099865
2026,16601,"Shipley, Will",RB,4,1.25,1.25,0.7,1.8,0.4031128874149275,0.322490309931942,1.0,1.5,-1.0652587471329122,-0.45918801438129475,0.9451865095815541,0.8908762874404068,103.90244244256922,273.81572027008855,0.6596833283588153,0.9553331788675933,0.5223574371682539,0.21484802896921232
2026,15335,"Farrell, Luke",TE,4,2.45,1.4,-1.5,8.5,3.925238846235984,1.602138304586116,-0.75,4.6,0.3980460795879528,0.2714646579022471,0.9415333518906428,0.4974378048431831,100.12880618673503,749.40916161697,0.3902766588524861,0.42195442296635643,0.46216418427962436,0.1462954855307251
2026,17166,"Ransaw, Caleb",S,4,2.0,1.25,0.0,5.5,2.2638462845343543,1.1319231422671772,0.0,3.25,-0.39861324802833725,0.3436361743624349,0.9381201227888147,0.6127739561378687,61.85649682460186,117.08171500457487,,,,
2026,17250,"Wohler, Hunter",S,4,2.0,1.25,0.0,5.5,2.2638462845343543,1.1319231422671772,0.0,3.25,-0.39861324802833725,0.3436361743624349,0.9381201227888147,0.6127739561378687,61.85649682460186,117.08171500457487,,,,
2026,17079,"Johnson, Tez",WR,4,2.375,2.5,-2.3,6.8,3.6396256675652787,1.5324739652906436,-0.5,5.375,-0.26864202396995435,0.13060395143751233,0.9378181306307839,0.5118947454324093,65.25165513925528,149.4984597470317,0.29638027988016635,0.5986428456952101,0.5844364172693333,
2026,12234,"Dupree, Bud",DE,4,1.625,1.75,0.0,3.0,1.192424001771182,0.7337993857053428,0.75,2.625,-1.0314598590608828,-0.0747659470662558,0.937247996162439,0.7411887475630716,62.510080598538394,97.37263852264337,0.5124435770679944,0.578034784970685,0.6205560686587668,0.8330922781409015
2026,16254,"Kancey, Calijah",DT,4,1.875,1.25,0.0,5.0,1.8833148966649205,1.0044346115546243,0.75,2.375,-0.9855263213150736,0.2915687953586852,0.9354258748035507,0.6502931754588371,49.87994482512413,74.1840570159922,0.9205755558707348,0.8040353666350374,,1.723964720766632
2026,14926,"Gay, Willie",LB,4,1.375,1.5,0.5,2.0,0.649519052838329,0.4723774929733302,0.875,2.0,-0.8818996238482967,-0.15196597016435962,0.9338637724102361,0.8335763067628932,69.55903269589028,157.14285714285714,0.7228743544501139,0.9082264966507124,0.5455807950180004,0.5570439457699704
2026,13246,"Alie-Cox, Mo",TE,4,2.55,0.0,0.0,10.2,4.416729559300637,1.7320508075688774,0.0,2.55,0.5911839474879085,0.3046955952298565,0.9333647796503184,0.47076376475572734,94.75961276369786,709.2236955662354,0.5138747324940375,0.6603739597325565,0.3369511013771135,0.328370999635862
2026,14833,"Jeudy, Jerry",WR,4,2.225,1.35,-1.0,7.2,3.1751968442917047,1.4270547614794178,-0.25,3.825,-0.4067925946304235,0.08204368683173952,0.916748989480462,0.5329090059650725,67.93036066127719,155.6356580878785,0.78829775197249,0.7266499985591839,0.5843039731152198,0.9191976742185379
2026,15481,"Johnson, Patrick",DE,4,1.625,1.5,0.0,3.5,1.2930100540985752,0.7956984948298924,0.75,2.375,-0.9912950760147521,0.09223592290609442,0.9049403364087228,0.7086754796802746,59.76798959599985,93.10125327677918,0.7437471892067083,0.7847879006872283,0.5218732905593275,0.30608613612221786
2026,15337,"Gray, Noah",TE,4,2.175,1.2,-1.0,7.3,3.1315930450810496,1.4398128942901378,0.125,3.25,0.08617231711738343,0.22994266877592026,0.8914618022923495,0.5264313247379214,105.96488560399342,793.0890130980823,0.2813615790159416,0.4359841415934934,0.13180968200365453,0.8383148513735907
2026,17552,"Howell, Cashius",DE,4,1.875,1.25,0.0,5.0,2.072890493972125,1.1055415967851334,0.0,3.125,-0.6798828280473311,0.9281829689361414,0.8905072228745621,0.6101746885149525,51.46066920695127,80.16084914372922,,,,
2026,17503,"Bernard, Germie",WR,4,1.5,1.6,0.0,2.8,1.03440804327886,0.6896053621859067,0.8999999999999999,2.2,-1.0435988816279307,-0.2576547425662608,0.8877812734089533,0.7373152131184296,93.98619236595165,215.3323308996812,,,,
2026,17571,"Golday, Jake",LB,4,1.25,1.25,0.5,2.0,0.5590169943749475,0.447213595499958,0.875,1.625,-0.9160476687074024,-0.16711352407159993,0.8637287570313158,0.8017872829546411,66.90634963795206,151.15010280653223,,,,
2026,16138,"Olubi, Segun",LB,4,1.25,1.25,0.5,2.0,0.5590169943749475,0.447213595499958,0.875,1.625,-0.9160476687074024,-0.16711352407159993,0.8637287570313158,0.8017872829546411,66.90634963795206,151.15010280653223,0.4270898095851472,0.7947535923903591,0.3738258941162595,0.33560144111445234
2026,17408,"Turner, Jordan",LB,4,1.75,0.75,0.5,5.0,1.8874586088176875,1.07854777646725,0.5,2.0,-0.4148028946888281,0.21292174470204528,0.8419339790083354,0.6060692938267134,50.574366717525976,114.25403971513546,0.38400279951680094,0.49512536903828586,,
2026,12773,"Moore, Chris",WR,4,2.65,2.4,-4.8,10.6,5.708546224740586,2.154168386694561,-1.2,6.25,0.34678609181815523,0.41698104892885424,0.8401580623211721,0.39501851984368985,50.353344042799776,115.36484954206567,0.4467820081565164,0.4760076745944422,0.6159932227559608,
2026,15981,"Turpin, KaVontae",WR,4,1.9749999999999999,0.8,-0.3,6.6,2.7662022702615223,1.4006087444362139,-0.075,2.85,-0.528453505770777,0.06986160293280946,0.8227079921196534,0.5244009371442647,66.84582994954378,153.15088324796866,0.8003844945988726,0.6410950078843731,0.7599693889258898,0.5087743308887334
2026,14962,"Gipson, Trevis",DE,4,2.25,2.75,-3.5,7.0,3.944933459514875,1.7533037597843888,-0.125,5.125,0.06763830260929732,2.675825124827945,0.8172000608375289,0.4550111782941438,38.37455104643572,59.77645928040414,0.4965290111197595,0.3878116577627998,0.6622899052714101,
2026,16325,"Clark, Kei'Trel",CB,4,1.575,1.15,0.0,4.0,1.4771171246722448,0.9378521426490444,0.8250000000000001,1.9,-0.9448720982986215,-0.024750542675351338,0.8127555066440593,0.6358197536615848,56.517564238962656,86.5154601291815,0.3353317207499618,0.51142715854694,0.6728817190306238,0.24894425874312018
2026,17251,"Robinson, Micah",CB,4,2.45,0.5000000000000001,-1.8,10.6,4.946463383064712,2.018964646148862,-1.35,4.3,0.2873145769737815,0.6931581057807007,0.8115364991522307,0.41200960002167025,36.62323937278602,56.0618004052875,0.3674211468554125,0.3954517826812789,0.47410194778450054,
2026,16376,"Johnson, Desjuan",DE,4,1.375,1.5,0.0,2.5,0.960143218483576,0.6982859770789643,0.75,2.125,-1.1242113593997747,-0.17058001827952285,0.8096398477981824,0.701479354689062,59.16108568026065,92.1558723871786,0.5720070549368296,0.5446073247603165,,0.5061440605318875
2026,17140,"Mondon, Smael",LB,4,1.375,1.0,0.5,3.0,0.960143218483576,0.6982859770789643,0.875,1.5,-0.7646955721076614,-0.015979049032048425,0.8096398477981824,0.701479354689062,58.53600320982702,132.2404069408393,0.5769037495878532,0.752594086977047,0.3136588664380873,
2026,16749,"Solomon, Javon",DE,4,1.75,1.0,0.0,5.0,2.0463381929681126,1.1693361102674928,0.0,2.75,-0.6904853657205517,1.100298580876426,0.8066984141909729,0.57446018437465,48.44859361933967,75.46890594693481,0.5063903615972939,0.47303820842153493,0.46051674732135484,0.4509197213049883
2026,16940,"Whiteheart, Blake",TE,4,1.55,1.15,0.0,3.9,1.4396180048887968,0.9287858096056754,0.75,1.95,-0.5787119688237163,0.09922461905815219,0.8036143734989863,0.6353453683707554,127.8880950178086,957.172203664845,0.1779378711917189,0.5104717502177905,0.009087124414599601,0.3329708052475434
2026,15140,"Lewis, Cam",S,4,1.975,2.0,-1.6,5.5,2.8812974508023292,1.458884785216369,-0.4,4.375,-0.2077385095537101,0.6596237781432732,0.8032096549925215,0.5088504617423059,51.36593462513015,97.22522333872602,0.7614514002858912,0.6581811655526824,0.939261448109153,1.000801564493827
2026,15443,"Wallow, Garret",LB,4,1.5,1.25,0.0,3.5,1.3693063937629153,0.9128709291752769,0.375,2.375,-0.6103109901283871,0.11319160638812253,0.7841616374225082,0.6330966750221404,52.82970732282434,119.34914602715617,0.3769145108682536,0.507653260044538,0.220852517938901,
2026,16529,"Leota, Eku",DE,4,1.375,1.25,0.0,3.0,1.0825317547305484,0.787295821622217,0.75,1.875,-1.075340677113793,0.06956577210271533,0.7693186451652968,0.6602540378443864,55.68424137152853,86.73995385320701,0.44300739863685806,0.5204506659275201,,
2026,17636,"Dugger, Jaden",LB,4,1.375,1.25,0.0,3.0,1.0825317547305484,0.787295821622217,0.75,1.875,-0.7185161890421048,0.03760094269700371,0.7693186451652968,0.6602540378443864,55.09589444110108,124.46875601574338,,,,
2026,17199,"Hamilton, Ty",DT,4,1.75,0.75,0.0,5.5,2.25,1.2857142857142858,0.0,2.5,-0.767044703480793,0.6560167001428916,0.765625,0.5384615384615384,41.30203551646084,61.42654263896413,0.7481333922979456,0.6506934153531952,0.5321205256533941,
2026,16273,"Young, Byron",DT,4,1.75,0.75,0.0,5.5,2.25,1.2857142857142858,0.0,2.5,-0.767044703480793,0.6560167001428916,0.765625,0.5384615384615384,41.30203551646084,61.42654263896413,0.6557249097412023,0.563857871089438,0.6492015776443316,
2026,17223,"Reed, Jaylen",S,4,1.75,0.75,0.0,5.5,2.25,1.2857142857142858,0.0,2.5,-0.4028935961493304,0.49226551957317755,0.765625,0.5384615384615384,54.355026205654426,102.88296321277473,0.4101741857566083,0.527235156656092,,
2026,14260,"Holcomb, Cole",LB,4,1.125,1.0,0.5,2.0,0.5448623679425842,0.48432210483785265,0.875,1.25,-0.9213884623488178,-0.14477584183426398,0.757921745107269,0.7282202112918653,60.76743433815876,137.28149865004406,0.4669317124998912,0.5410848888143357,0.6358004579902176,
2026,15907,"Robinson, Dominique",DE,4,1.25,1.5,0.0,2.0,0.82915619758885,0.6633249580710799,0.75,2.0,-1.1765154826292226,-0.2649037594937556,0.7515067900199107,0.6833752096446002,57.63422552538407,89.77746556844062,0.7272727272727273,0.6863686981233046,0.7193722968456515,
2026,17016,"Jones, Truman",DE,4,1.25,1.5,0.0,2.0,0.82915619758885,0.6633249580710799,0.75,2.0,-1.1765154826292226,-0.2649037594937556,0.7515067900199107,0.6833752096446002,57.63422552538407,89.77746556844062,0.45783055445212606,0.6863686981233046,0.38365731769208294,
2026,16778,"Flournoy, Ryan",WR,4,1.8250000000000002,2.0,-2.1,5.4,2.658359456506964,1.456635318633953,0.8999999999999999,2.9250000000000003,-0.5605327943834194,0.09566966417437477,0.742886005976181,0.49885748562896204,63.589784631213995,145.69093822560868,0.716060695020393,0.6906050843475506,0.7643776781061665,0.19293477895980932
2026,17220,"Borregales, Andres",PK,4,1.95,0.75,-1.0,7.3,3.1721443851123796,1.6267407103140408,0.19999999999999996,2.5,-1.2077966682805854,-0.10807072431834974,0.7423648601261702,0.46738555045176733,51.03688438869184,122.83202154542624,0.3665568133264349,0.15141288044604986,0.5209652824968468,
2026,13189,"Engram, Evan",TE,4,2.425,0.7,-2.8,11.1,5.547240304872324,2.2875217752050823,-2.2,5.324999999999999,1.0354333081243179,0.44678215725441106,0.7376376997073193,0.37038506104554675,74.55447420925913,557.9993224702677,0.4622205008365611,0.32777150403382965,0.5924148836578879,0.9903921164979224
2026,14921,"Dugger, Kyle",S,4,2.25,0.75,-2.5,10.0,4.697073557013984,2.0875882475617704,-0.625,3.625,0.353578414497912,1.2672256324871203,0.7287241107284291,0.39493960846440185,39.867197997219286,75.46046338797703,0.9418430304243547,0.631113104861314,0.751724067309946,1.4005409089388658
2026,13719,"Pineiro, Eddy",PK,4,2.15,3.15,-4.4,6.7,4.214558102577303,1.9602595825940947,0.02499999999999991,5.275,-0.6064023709175086,0.020206076668255663,0.7262876582316274,0.41230722866763325,45.02252228763218,108.35707339708198,0.5286490173665126,0.43585637843041936,0.9732728233883812,0.45038329188898807
2026,17665,"Obiazor, Namdi",LB,4,1.25,1.25,0.0,2.5,0.9013878188659973,0.7211102550927978,0.75,1.75,-0.7868650349455434,-0.0022398426164195757,0.7262753773625055,0.6574145408933512,54.858948333522804,123.93346409331949,,,,
2026,16175,"Johnson, Roschon",RB,4,1.525,1.0,0.0,4.1,1.6961353129983465,1.112219877375965,0.0,2.525,-0.6371904499655703,0.04853480328509091,0.7219892286472206,0.565624430141847,65.96848588907532,173.84777541517892,0.5503173820930719,0.6038689322765568,,0.7044102678387756
2026,17186,"Moore, Malachi",S,4,0.875,1.0,0.5,1.0,0.21650635094610965,0.24743582965269675,0.875,1.0,-1.03151427039472,-0.5111644804380234,0.7014388870356657,0.7192728581478338,72.60703367104844,137.43028558028885,0.9184587037787275,0.5678742603261308,1.135711594530257,
2026,16414,"Aubrey, Brandon",PK,4,2.75,-1.2,-3.2,16.6,8.03912308650639,2.9233174860023237,-1.85,3.4000000000000004,1.600083914415604,0.39061386249915964,0.7009374107019111,0.30423305155620706,33.22119621474137,79.95446309254103,0.6901232246390546,0.5263547216714993,0.7784048033050671,0.8974937832156571
2026,14867,"Kmet, Cole",TE,4,2.15,-0.2,-1.0,10.0,4.579028281196787,2.1297805959054825,-1.0,2.95,0.6549614071156896,0.4064327903887464,0.6869491116446709,0.3853717693538546,77.57113518067997,580.5773742374986,0.6856209364301042,0.40395634434977323,0.7298081814311691,0.7227206551369004
2026,17753,"Thomas, Jacob",S,4,1.25,1.25,0.0,2.5,1.0307764064044151,0.8246211251235321,0.375,2.125,-0.7797962522350943,0.046648346804546485,0.6850737299862026,0.6155281280883027,62.13451684617749,117.60795012299717,,,,
2026,17746,"Bailey, Wesley",LB,4,1.125,1.25,0.0,2.0,0.739509972887452,0.6573421981221795,0.75,1.625,-0.8479444406521816,-0.040625394041612486,0.6787976564373128,0.6467338604173606,53.96768283519199,121.9199799856138,,,,
2026,16302,"Lacy, Tyler",DE,4,1.75,0.5,-0.5,6.5,2.7950849718747373,1.5971914124998499,-0.125,2.375,-0.3915050276375969,2.2546388704372338,0.6738047844981858,0.4611227450687398,38.889985924419804,60.57935784612892,0.8345252957220997,0.616407140947976,1.1101327616056664,0.9052591297908893
2026,15840,"Woods, Jelani",TE,4,1.425,0.85,0.0,4.0,1.6406934509529805,1.1513638252301617,0.0,2.275,-0.49969667533482304,0.15615890881394598,0.6623705313291433,0.5396309819626137,108.6218326778074,812.9748037599048,0.44155548637678593,0.4733864675645942,,
2026,15492,"Tonga, Khyiris",DT,4,1.4,1.05,-0.5,4.0,1.6598192672697831,1.185585190906988,0.32499999999999996,2.125,-1.118691498315786,0.5262816280319038,0.6405607092437421,0.5263515522380037,40.3731537944026,60.045061266603575,0.8896096806902468,0.6884044370915029,1.0817769422947376,0.8830579744649326
2026,14420,"Ingold, Alec",RB,4,1.5,0.5,0.0,5.0,2.0615528128088303,1.3743685418725535,0.0,2.0,-0.516215249687476,0.21707206473835683,0.6317469144099341,0.48994745206561396,57.1423189233064,150.58804053173859,0.3931152691283281,0.4082921491158833,0.23487544483985764,0.10470050761821004
2026,16759,"Muasau, Darius",LB,4,1.5,0.5,0.0,5.0,2.0615528128088303,1.3743685418725535,0.0,2.0,-0.34911403867230695,0.3909927686998008,0.6317469144099341,0.48994745206561396,40.88440441625238,92.36316080820848,0.8066108826884637,0.6312344526401112,1.043506032721268,0.6224518484139181
2026,16391,"Luepke, Hunter",RB,4,0.9999999999999999,1.2999999999999998,0.0,1.4,0.58309518948453,0.5830951894845301,0.8999999999999999,1.4,-1.0056737654320496,-0.2916432633695154,0.6316739553264695,0.6316739553264695,73.67180798396646,194.14845977157398,0.7213098536208528,0.6649194406710691,0.7220123207657796,0.43580131320424487
2026,16787,"Laulu, Jonah",DT,4,1.375,0.75,0.0,4.0,1.6345871038277526,1.1887906209656383,0.0,2.125,-1.1337255529859487,0.5304348334574202,0.6282007912631613,0.5219034124938526,40.031964660968825,59.53762698180983,1.093492478865617,0.6705493643661324,1.6126856722387157,0.7294691450037658
2026,14815,"Dallas, DeeJay",RB,4,1.15,1.1,-0.1,2.5,0.9630680142129112,0.837450447141662,0.5,1.75,-0.8798798759889084,-0.1281164392138626,0.6258672182365189,0.5858177055883061,68.32361720122512,180.05428953945835,0.5938912579255929,0.7082840352376805,,0.3506114327507996
2026,13263,"Awuzie, Chidobe",CB,4,1.425,0.6,0.0,4.5,1.8417043736713015,1.2924241218745975,0.0,2.025,-0.8153838556349976,0.2107016323408145,0.6216127227080155,0.501459621628055,44.57438796985562,68.23318975466684,0.5243561250039072,0.5045144017267752,0.6807167731429357,1.0669269416423388
2026,17379,"Mascarenas-Arnold, Easton",LB,4,1.0,1.25,0.0,1.5,0.6123724356957945,0.6123724356957945,0.75,1.5,-0.8959157066875677,-0.06769520313101393,0.6202041028867288,0.6202041028867288,51.75386718746368,116.9186839268757,0.341545371422029,0.47669185435181216,0.260802889080041,
2026,16014,"Adams, Tony",S,4,1.0,1.25,0.0,1.5,0.6123724356957945,0.6123724356957945,0.75,1.5,-0.909138867244575,-0.15847649344564815,0.6202041028867288,0.6202041028867288,62.60653334977329,118.50138096031348,0.8616156716236475,0.7108273320571312,1.0854442103409694,1.2056904382112603
2026,14800,"Dobbins, J.K.",RB,4,1.85,3.2,-4.4,5.4,3.7353045391239523,2.0190835346615956,0.925,4.125,0.03789737604005786,0.6315639695938984,0.6127687355319779,0.39068236999647266,45.56508354096293,120.07837232345825,0.8987520538188953,0.6060256027288826,1.8652359100551286,1.3817316026252235
2026,16496,"Russell, Brady",RB,4,1.875,2.0,-3.5,7.0,3.9745282738961616,2.1197484127446193,-0.875,4.75,0.11709483987348375,0.69628214357056,0.6010100020695119,0.376920161422956,43.96000424504767,115.84848192656436,0.2019716357850327,0.32375169158815453,0.3372898200253617,0.47292281087445426
2026,17268,"Briningstool, Jake",TE,4,1.075,1.0,0.0,2.3,0.8898735865278843,0.8277893828166366,0.375,1.7,-0.79474141155738,0.07339026245750704,0.5881421623882163,0.5688211146307477,114.49748810253749,856.9508599368385,,,,
2026,15255,"Gainwell, Kenneth",RB,4,1.75,0.8,-2.0,7.4,3.4630189141845586,1.978867950962605,-0.125,2.6750000000000003,-0.05224556464278502,0.605709081653164,0.5874714921265635,0.39211126675669566,45.73173503396877,120.51755159122864,0.7905583032168343,0.487435575671539,0.8931445737596198,0.7087605571951808
2026,15941,"Young, Dareke",WR,4,1.55,1.15,-1.5,5.4,2.5441108466417104,1.641361836543039,-0.15000000000000002,2.85,-0.5945175728017752,0.18076202178154743,0.5868185034537369,0.4373452375138695,55.74876645968384,127.72633430881027,0.40293759485011843,0.36921529521128654,0.46438969204101066,0.1792700006853242
2026,14495,"Gifford, Luke",LB,4,1.0,1.0,0.0,2.0,0.7071067811865476,0.7071067811865476,0.75,1.25,-0.8601707442586172,-0.010669314883504455,0.585786437626905,0.585786437626905,48.88183317725847,110.43038740112814,0.6461542729825394,0.6931365951494937,0.8150661979916647,0.6214477050262124
2026,12842,"Dixon, Riley",PN,4,1.775,1.45,-3.0,7.2,3.763226674012609,2.1201277036690755,-0.75,3.975,0.5232655979995575,2.548035894441548,0.5688869714892473,0.37264655274209635,30.21262497266857,40.63578575597117,0.5896403403067572,0.44685530298307186,0.36511072720647875,1.119037142339221
2026,16666,"Eichenberg, Tommy",LB,4,1.0,1.0,0.0,2.0,0.7905694150420949,0.7905694150420949,0.375,1.625,-0.8286788001708312,0.03957150122635946,0.5584815598877471,0.5584815598877471,46.60333645415569,105.28296842213818,0.7594534265989878,0.6686618344143183,0.5283123582576054,0.3114236283003961
2026,11936,"Boswell, Chris",PK,4,1.975,1.55,-4.5,9.3,5.06920851810221,2.5666878572669414,-1.35,4.875,-0.11333337391156902,0.2534482874344843,0.5537350278567383,0.32541310685063857,35.53398494422425,85.52072205314491,0.4705637516743917,0.3431759514240273,0.6936753034003728,0.9453056841070393
2026,17109,"Evans, Mitchell",TE,4,1.6749999999999998,1.6,-3.2,6.7,3.5187888541371732,2.1007694651565214,0.02499999999999991,3.25,0.23832610361438467,0.3990118952047799,0.5401884979912394,0.3706745444559674,74.61274406332747,558.4354403483082,0.1746835550994841,0.3015358648726838,0.42992265160280957,
2026,12323,"Pinion, Bradley",PN,4,1.475,1.9,-2.4,4.5,2.5567313116555677,1.7333771604444526,0.15000000000000002,3.2249999999999996,-0.6004034894535857,1.8211141766888534,0.5396254938195804,0.41470661423491817,33.62267896313033,45.22228638271427,0.7658953339517134,0.6234305331723742,0.9190259170171127,0.9634238430702001
2026,13354,"Butker, Harrison",PK,4,1.625,1.9500000000000002,-3.3,5.9,3.2706077416896084,2.0126816871936053,0.5250000000000001,3.0500000000000003,-1.1509907186344315,0.04036847357563028,0.5393865561395341,0.3805079038603275,41.55014608289025,100.0,0.6813466533500159,0.6069971659897692,0.850647280230535,0.7329202401599721
2026,17365,"McMillon, Donovan",S,4,0.875,1.0,0.0,1.5,0.5448623679425842,0.6226998490772392,0.75,1.125,-0.9300084796621598,-0.14849570616362442,0.5392247990271124,0.5663934976714508,57.17461918748167,108.21987685764667,0.46360626222770945,0.6040682188145106,0.2751235422576001,
2026,15800,"Heyward, Connor",RB,4,1.475,0.2,-0.5,6.0,2.628093415386904,1.781758247719935,0.025000000000000022,1.65,-0.3286561894396769,0.4789858360696723,0.5302401821614018,0.40654962017914426,47.415672755278685,124.95525882130944,0.5827025542251165,0.5758768010641497,0.39341936232794567,0.19482359606043934
2026,16314,"Dennis, SirVocea",LB,4,1.0,0.75,0.0,2.5,0.9354143466934853,0.9354143466934853,0.375,1.375,-0.7740262175928662,0.12676174720084166,0.5166852264521172,0.5166852264521172,43.1155783443942,97.4036714688976,0.9069073907567967,0.616407140947976,1.8137228051871925,
2026,15956,"Hicks, Elijah",S,4,1.15,0.75,-0.4,3.5,1.4465476141489433,1.2578674905642986,0.275,1.625,-0.6512675120220193,0.4653533656182022,0.5093301554701005,0.4700501201567824,47.44923225545828,89.81170569475108,0.45378768467723957,0.5301158191115198,0.4593475434655925,0.7121415647484857
2026,14737,"Giles-Harris, Joe",LB,4,0.875,0.5,0.5,2.0,0.649519052838329,0.7423074889580903,0.5,0.875,-0.8818996238482967,0.010519955145380355,0.5022075641328128,0.5304576497582048,44.26483898829382,100.0,0.7370774579182565,0.6124382236738249,0.8333273229838201,
2026,13791,"Scott, J.K.",PN,4,1.825,1.4500000000000002,-4.6,9.0,4.8240931790337545,2.6433387282376737,-0.17499999999999982,3.45,1.5113032936255653,3.531443580324633,0.5009141713493036,0.31335350309466997,25.405392330097172,34.17008885213182,0.2676165026572208,0.10433800012782436,0.7098403069731097,0.9327914765294014
2026,17201,"James, Shemar",LB,4,1.0,1.0,0.0,2.0,1.0,1.0,0.0,2.0,-0.7496568957916623,0.1656394554783448,0.5,0.5,41.72325444686374,94.25823159076167,0.7826319708044199,0.638779609881901,0.9555278826235105,
2026,16883,"Johnson, Kameron",WR,4,0.9,0.8,0.0,2.0,0.7280109889280518,0.8089010988089465,0.44999999999999996,1.25,-1.1347407870955784,-0.20270239681406774,0.4975396391724215,0.5208300212016029,66.39064228117847,152.10800004184568,0.5496688741721855,0.41283385562978875,0.3547519994143409,
2026,12956,"Lutz, Wil",PK,4,1.7499999999999998,3.15,-5.4,6.1,4.4556144357428416,2.5460653918530527,-0.2250000000000001,5.125,-0.46733100061593086,0.2455165506974722,0.49350471765708454,0.32077046877337073,35.02702493534287,84.3006059845515,0.5725855658995183,0.38026630297064584,0.5704156350103035,0.7903086818478939
2026,15353,"Surratt, Chazz",LB,4,1.775,0.0,-2.5,9.6,4.631616888301536,2.6093616272121327,-0.625,2.4,0.6206170904401981,1.134404013124306,0.49177671381490473,0.3151847924327342,26.301070584905805,59.4175223180216,0.2602600885438912,0.2729170296943811,0.3473405200526843,0.5315198327185278
2026,14675,"Tuttle, Shy",DT,4,1.0,0.75,0.0,2.5,1.0606601717798212,1.0606601717798212,0.0,1.75,-1.4756878620408453,0.3644190206037551,0.4852813742385704,0.4852813742385704,37.22291588651695,55.35986304932693,0.5916543531167702,0.6260917485291092,0.9464192843345061,0.988294598387731
2026,17666,"van den Berg, Jordan",DT,4,1.0,0.75,0.0,2.5,1.0606601717798212,1.0606601717798212,0.0,1.75,-1.4756878620408453,0.3644190206037551,0.4852813742385704,0.4852813742385704,37.22291588651695,55.35986304932693,,,,
2026,17499,"Lemon, Makai",WR,4,1.5,2.0999999999999996,-3.5,5.3,3.171750305430741,2.114500203620494,0.5499999999999998,3.05,-0.4078178137524614,0.39870831116509375,0.48161820578990633,0.3595613088461492,45.83358343799625,105.00959882234957,,,,
2026,17603,"Orange, Domonique",DT,4,1.625,1.5,-3.5,7.0,3.862884285090611,2.3771595600557607,-0.875,4.0,0.19395852457800042,2.070178404534609,0.48117359310472424,0.334163822277692,25.63162838976915,38.12069537257406,,,,
2026,15786,"Nailor, Jalen",WR,4,1.0999999999999999,0.6,-0.2,3.4,1.431782106327635,1.3016200966614866,-0.05,1.75,-0.9253946470395018,0.024263507375987176,0.4779242245909985,0.4523431590099037,57.66056416809393,132.10646554295684,0.4584267010466292,0.17250163036280136,0.6153003918440316,0.6718502758242808
2026,17353,"Walker, Jahdae",WR,4,1.3,0.0,0.0,5.2,2.2516660498395407,1.7320508075688774,0.0,1.3,-0.6815091924866414,0.22253695718825006,0.4758330249197702,0.3997950527743004,50.96221272592372,116.75983224589092,0.4994938892644671,0.5441211758563118,0.4295523589073045,
2026,16636,"Corley, Malachi",WR,4,0.75,1.0,0.0,1.0,0.4330127018922193,0.5773502691896257,0.75,1.0,-1.2224919766333013,-0.3093638887385881,0.47548094716167105,0.5233728905610283,66.71478398410852,152.85064304797947,0.4799339883981799,0.4624818176937051,0.6618200499617675,-0.053260592810430274
2026,14414,"Owens, Jonathan",S,4,0.75,1.0,0.0,1.0,0.4330127018922193,0.5773502691896257,0.75,1.0,-0.9645849399916107,-0.1923231868182328,0.47548094716167105,0.5233728905610283,52.83190190900848,100.0,0.27857289167700383,0.40271214587634024,0.4614117396597417,0.6635526977454589
2026,17343,"Jules, PJ",S,4,0.75,1.0,0.0,1.0,0.4330127018922193,0.5773502691896257,0.75,1.0,-0.9645849399916107,-0.1923231868182328,0.47548094716167105,0.5233728905610283,52.83190190900848,100.0,0.5635083268962916,0.40271214587634024,0.3197522910485201,
2026,17178,"Simon, Cody",LB,4,0.75,1.0,0.0,1.0,0.4330127018922193,0.5773502691896257,0.75,1.0,-0.9635913412513928,-0.08877699921057189,0.47548094716167105,0.5233728905610283,43.67364056693671,98.66440625365553,0.7905922368400307,0.5467154300297284,0.9243088117487577,
2026,17660,"Sharp, Bauer",TE,4,0.75,1.0,0.0,1.0,0.4330127018922193,0.5773502691896257,0.75,1.0,-0.9742710238978127,0.009329249866397462,0.47548094716167105,0.5233728905610283,105.34925615252952,788.4813645236264,,,,
2026,17086,"Royals, Jalen",WR,4,1.475,0.8500000000000001,-2.0,6.2,3.1155858197135253,2.1122615726871357,-0.875,3.2,-0.4245246918871859,0.39767710900696324,0.47393188700604005,0.35839369280912503,45.68474643651735,104.66859747262174,0.19039718176099324,0.3066178923299216,,
2026,15771,"Martin, Tay",WR,4,1.0,0.5,0.0,3.0,1.1726039399558574,1.1726039399558574,0.375,1.125,-1.0024906621718432,-0.035166449231008666,0.4602771732156197,0.4602771732156197,58.67191965365183,134.42358818183772,0.24540766363543098,0.3769145108682536,,
2026,12988,"Jones, Jonathan",CB,4,1.25,0.0,0.0,5.0,2.165063509461097,1.7320508075688774,0.0,1.25,-0.7005383519658415,0.5026340618800935,0.45753175473054825,0.3949367828681683,35.10564883764407,53.73871650732674,1.1066161389637856,0.6008591764866348,0.8479492494247947,1.0780409236913289
2026,17564,"Ramsey, Kamari",S,4,1.125,0.25,0.0,4.0,1.6723860200324565,1.4865653511399612,0.0,1.375,-0.5814533323499805,0.6863752821380479,0.4524313022717243,0.4209721168898858,42.49505082717061,80.43445208608833,,,,
2026,14254,"Omenihu, Charles",DE,4,1.0,0.5,0.0,3.0,1.224744871391589,1.224744871391589,0.0,1.5,-1.0185538876450786,1.2497896939384292,0.4494897427831781,0.4494897427831781,37.908886423295,59.05108838681864,0.6843333973415149,0.5932948230986242,0.7032828645071763,
2026,16619,"Franklin, Troy",WR,4,1.4000000000000001,2.1,-3.0,4.4,3.0886890422961004,2.206206458782929,-0.75,4.25,-0.4325254983895766,0.44095184797520715,0.4366531032850074,0.34240803972067213,43.647041748569485,100.0,0.6149966811076224,0.4220059862376595,0.7487501440059809,0.2525647032758927
2026,17651,"Cuevas, Josh",TE,4,0.95,0.5,0.0,2.8,1.1434596626029272,1.2036417501083445,0.0,1.45,-0.6950913616981325,0.16953132798344567,0.4311045567880043,0.44320871373262044,89.21308144562072,667.7109526977088,,,,
2026,17419,"Latu, Keleki",TE,4,0.75,0.75,0.0,1.5,0.5590169943749475,0.7453559924999299,0.375,1.125,-0.9247559471131264,0.052304233288472134,0.42971176265636835,0.4810723697727846,96.83462255137158,724.7540050201153,,0.46360626222770945,,
2026,16188,"Johnston, Quentin",WR,4,1.55,1.4,-3.1,6.5,4.043204174908806,2.6085188225218103,-2.05,5.0,-0.14859219436890453,0.6262728723335188,0.42953912013039847,0.30734428871859587,39.17743582139104,89.75965896400085,0.6792135159400742,0.5680055325737164,1.062361211173874,0.7851685453673267
2026,16642,"Stover, Cade",TE,4,1.15,0.05,0.0,4.5,1.9345542122153103,1.68222105410027,0.0,1.2000000000000002,-0.38422014774029567,0.29194940547485465,0.4287491510970032,0.39188234969830693,78.88164401439907,590.3858136244368,0.40918861382559396,0.3296995963709924,0.2695725572046713,0.22722670211373844
2026,17506,"Bell, Chris",WR,4,1.725,1.5,-5.0,8.9,5.227511358189478,3.0304413670663637,-2.0,5.225,0.20369583128436297,0.8206271234139343,0.4279928283029646,0.27699668467590055,35.309001126629965,80.89666495619305,,,,
2026,17104,"Loveland, Colston",TE,4,1.675,1.9000000000000001,-4.5,7.4,4.9971867085391155,2.983395049874099,-2.55,6.125,0.8192823697595394,0.6247828935003509,0.42049557702114954,0.27929762427023413,56.219566379330566,420.772599927245,0.8162900032409565,0.5547856210129787,0.8673533626742193,
2026,17398,"Jackson, Keondre",S,4,1.325,0.5,-1.7,6.0,2.866509201101577,2.1634031706426997,-0.425,2.25,-0.21231005050842186,1.3404959270057166,0.41885271289362824,0.3426863693024459,34.592492226973604,65.47652266343104,0.26319623928241154,0.3235673772936181,0.31475631293718703,
2026,16907,"Roland-Wallace, Chris",CB,4,0.8500000000000001,0.6,0.0,2.2,0.9205976319760986,1.0830560376189393,0.0,1.45,-1.1425277522336332,0.07167155183463912,0.4080543128218491,0.44257057587092674,39.33978271045191,60.22020673407623,0.6570683497492761,0.5600218864437123,0.7451372966080445,0.651653779442822
2026,15469,"Hamlin, Damar",S,4,0.825,1.25,-0.7,1.5,0.9038113741262609,1.0955289383348616,0.575,1.5,-0.8190453761423241,0.30846349420230185,0.3936953505665053,0.4333412496700873,43.743653537644605,82.79780200414434,0.36277979075237005,0.352346671895214,,1.5347167944723032
2026,15727,"Knight, Bam",RB,4,1.075,0.0,0.0,4.3,1.8619546181365432,1.7320508075688774,0.0,1.075,-0.5822942732376591,0.4470285653622323,0.3934773090682715,0.3756174165682427,43.8080657837905,115.44807613986829,0.53321307080914,0.23916225806445723,0.8040022901015539,
2026,17768,"Burke, Ethan",DE,4,1.375,0.5,-2.5,7.0,3.488821434238216,2.537324679445975,-0.625,2.5,-0.11449073134802022,4.791089165502121,0.3887118442900062,0.3063164842139342,25.833997318266828,40.241901120270704,,,,
2026,13629,"Ridley, Calvin",WR,4,1.025,0.8,-1.0,3.5,1.7034890665924451,1.6619405527731173,-0.25,2.075,-0.8445717744442452,0.19024139431759102,0.3850574344840986,0.37913968754900096,48.32925589156885,110.72744899865481,0.6197740559439401,0.5058976514433627,,1.052904660842477
2026,15510,"Washington, Ar'Darius",S,4,0.625,0.75,0.0,1.0,0.414578098794425,0.6633249580710799,0.375,1.0,-0.9702836903339945,-0.10923412572712678,0.37575339500995536,0.44182784996647173,44.60033381758598,84.41932280689117,0.52411186451094,0.5298357282602395,,1.0707269958214394
2026,14911,"Davis, Ashtyn",S,4,0.625,0.75,0.0,1.0,0.414578098794425,0.6633249580710799,0.375,1.0,-0.9702836903339945,-0.10923412572712678,0.37575339500995536,0.44182784996647173,44.60033381758598,84.41932280689117,0.7564280911142626,0.5120740738608949,0.9410294453338437,0.5973782383263221
2026,17286,"Higgins, Jay",LB,4,0.625,0.75,0.0,1.0,0.414578098794425,0.6633249580710799,0.375,1.0,-0.9705470466157959,-0.03702403702066836,0.37575339500995536,0.44182784996647173,36.86899161172368,83.29182361077598,0.4537091286110889,0.5,0.3860698782154744,
2026,15965,"Chestnut, Julius",RB,4,0.625,0.75,0.0,1.0,0.414578098794425,0.6633249580710799,0.375,1.0,-1.0614630716559996,-0.24006296823212653,0.37575339500995536,0.44182784996647173,51.53015452073787,135.79821651953748,0.4916697734941649,0.4366285544111203,0.2779898142441483,0.40823123309451054
2026,17247,"Bruener, Carson",LB,4,0.75,0.75,0.0,1.5,0.75,1.0,0.0,1.5,-0.8439863658581429,0.1656394554783448,0.375,0.42857142857142855,35.76278952588321,80.79276993493856,0.4003817058042662,0.3458518397804955,0.4070161880195436,
2026,16527,"VanSumeren, Ben",RB,4,0.75,0.75,0.0,1.5,0.75,1.0,0.0,1.5,-0.9504182210480008,-0.023612162826241675,0.375,0.42857142857142855,49.984064922876556,131.7237825900898,0.1522290940709547,0.3458518397804955,,0.13754136520850138
2026,15527,"Key, Devon",S,4,0.75,0.5,0.0,2.0,0.75,1.0,0.375,0.875,-0.8665935992483297,0.21614085952294548,0.375,0.42857142857142855,43.26216371470454,81.8864401081268,0.4146180745865565,0.4171053725578356,0.607907019375985,0.5698044473095397
2026,10267,"Miller, Von",DE,4,0.75,0.5,0.0,2.0,0.82915619758885,1.1055415967851332,0.0,1.25,-1.1765154826292226,0.9281829689361407,0.3562028891498249,0.4100251257867601,34.580535315230435,53.86647934106436,0.8750782977009618,0.5561069152822185,1.0213997382061966,0.9180702164573497
2026,16869,"Richter, Bo",DE,4,0.75,0.5,0.0,2.0,0.82915619758885,1.1055415967851332,0.0,1.25,-1.1765154826292226,0.9281829689361407,0.3562028891498249,0.4100251257867601,34.580535315230435,53.86647934106436,0.33333333333333337,0.33333333333333337,0.36190642129736966,0.34841539970108587
2026,15943,"Hardy, Daniel",DE,4,0.75,0.5,0.0,2.0,0.82915619758885,1.1055415967851332,0.0,1.25,-1.1765154826292226,0.9281829689361407,0.3562028891498249,0.4100251257867601,34.580535315230435,53.86647934106436,0.49162533012055887,0.45757913208220313,0.7222612970114699,0.40682011769095644
2026,16843,"Mevis, Harrison",PK,4,1.725,-1.4000000000000001,-4.3,14.0,7.285044612080286,4.223214267872629,-3.4,3.7249999999999996,1.165037361702365,0.8905753778735875,0.33025641138451284,0.2082064829783543,22.73542729438529,54.718044189373884,0.4145193178400539,0.2601929688895605,0.7772927909428372,
2026,14143,"Knox, Dawson",TE,4,0.875,1.25,-1.5,2.5,1.4838716251751698,1.6958532859144797,0.30000000000000004,1.8250000000000002,-0.5613219151731197,0.2954364589196917,0.32457255911209015,0.352272634032885,70.90864014464894,530.7122554032875,0.7079710294811238,0.5395005475133511,0.7600999797250432,0.5398354964193628
2026,17475,"McGowan, Seth",RB,4,0.9749999999999999,0.4,-1.0,4.1,1.9967160539245432,2.04791390146107,-0.625,2.0,-0.5376801217734519,0.6500992197215595,0.31989092589938867,0.32535615068472223,37.946120237392186,100.0,,,,
2026,16345,"Speed, Ameer",CB,4,0.85,0.0,0.0,3.4,1.4722431864335455,1.732050807568877,0.0,0.85,-0.9466031453912251,0.5026340618800932,0.3111215932167729,0.3438173091807399,30.56167529584538,46.782932635938245,0.2166710766141734,0.3796080484696304,,
2026,17108,"Arroyo, Elijah",TE,4,0.85,0.0,0.0,3.4,1.4722431864335457,1.7320508075688774,0.0,0.85,-0.5658914661450158,0.3046955952298565,0.3111215932167728,0.3438173091807399,69.20667544650297,517.973983709919,0.20903526185327917,0.19119723111608108,0.31221224387979296,
2026,13270,"Moreau, Fabian",CB,4,0.6,0.6,0.0,1.2,0.6,1.0,0.0,1.2,-1.2563924693368131,0.01651850576394608,0.3,0.37499999999999994,33.333482433594774,51.02593519878435,0.4925103822136011,0.49559908653559465,0.6841939521268405,
2026,17168,"Smith, Jaylin",CB,4,0.6,0.6,0.0,1.2,0.6,1.0,0.0,1.2,-1.2563924693368131,0.01651850576394608,0.3,0.37499999999999994,33.333482433594774,51.02593519878435,,0.5199625177110657,,
2026,13811,"Smith, Tremon",CB,4,0.6,0.6,0.0,1.2,0.6,1.0,0.0,1.2,-1.2563924693368131,0.01651850576394608,0.3,0.37499999999999994,33.333482433594774,51.02593519878435,0.5027521173143926,0.49559908653559465,0.4634771214548893,0.03141453660592281
2026,16850,"Saylors, Jacob",RB,4,0.5,0.5,0.0,1.0,0.3535533905932738,0.7071067811865476,0.375,0.625,-1.0816659253791387,-0.2119153193265635,0.2928932188134525,0.3693980625181293,43.0827057250123,113.53652351145644,0.2142857142857143,0.2910857029407469,0.2842557520136076,
2026,17593,"Klein, Marlin",TE,4,0.8,0.0,0.0,3.2,1.385640646055102,1.7320508075688774,0.0,0.8,-0.5999230959577488,0.3046955952298565,0.2928203230275509,0.33533969222182763,67.50022359033193,505.2021281013751,,,,
2026,16164,"Bigsby, Tank",RB,4,1.2999999999999998,2.3,-5.5,6.1,4.498888751680798,3.4606836551390754,-1.2999999999999998,4.9,0.2906897384506251,1.5583790532508839,0.29143514772725315,0.23641140214059433,27.57254003724207,72.66234298723387,0.3901876813913673,0.2180912381805132,0.4358657247387199,0.6704650671086678
2026,15650,"Prentice, Adam",RB,4,0.475,0.5,0.0,0.9,0.3191786333700926,0.6719550176212477,0.375,0.6,-1.0930460402935638,-0.2345146408906275,0.2840985522898816,0.3600725390666177,41.995074729185255,110.67027265623648,0.4780957109248977,0.4349486080232204,0.4485594710051486,0.08987421763965163
2026,12155,"Abdullah, Ameer",RB,4,0.975,0.8,-2.1,4.4,2.3731571797923543,2.4340073638895943,-0.525,2.3000000000000003,-0.41305543735525047,0.8983214830226938,0.2839248425185808,0.289046714407782,33.71136939030638,88.84009532307108,0.4269287338393907,0.26753981403735105,0.5752989590974749,0.7715202699932439
2026,17501,"Concepcion, KC",WR,4,1.275,2.0,-5.7,6.8,4.498541430286044,3.528267788459642,-0.375,3.65,-0.013146032285457313,1.0499457093699804,0.2815646201952447,0.23187967503114226,29.557897837285996,67.72027760221513,,,,
2026,17176,"Robinson, Ty",DT,4,0.75,0.0,0.0,3.0,1.299038105676658,1.7320508075688774,0.0,0.75,-1.3336553764555723,1.2343251424594255,0.27451905283832895,0.3262233880108996,25.022567064720384,37.21486758503218,0.2611998681174808,0.2727272727272727,0.2634311153644614,
2026,17587,"Moore, Derrick",DE,4,0.75,0.0,0.0,3.0,1.299038105676658,1.7320508075688774,0.0,0.75,-0.9888880287331218,2.6184853211922943,0.27451905283832895,0.3262233880108996,27.512897820881065,42.85714285714286,,,,
2026,17449,"Woodard, Jackson",LB,4,0.625,0.25,0.0,2.0,0.81967981553775,1.3114877048604001,0.0,0.875,-0.8176949255621185,0.3531412844699876,0.2703886326913196,0.3434670180233332,28.66112357418613,64.7491874572633,,,,
2026,15766,"Moore, Skyy",WR,4,1.0,0.35,-1.9,5.2,2.76315037592962,2.76315037592962,-1.225,2.575,-0.5293613325946505,0.6975022961805363,0.2657347966736428,0.2657347966736428,33.87343876015267,77.6076393797361,0.39537227306997347,0.3425051051767141,0.478842465087184,
2026,17134,"Williams, Kyle",WR,4,0.95,0.5,-2.0,4.8,2.471335671251479,2.601405969738399,-0.5,1.95,-0.6161655229423586,0.6229964103533765,0.2637858680700212,0.2736698752205395,34.88492991817897,79.92507285862578,0.6130676755759608,0.32905449286416066,0.387340061280514,
2026,13455,"Ricard, Patrick",RB,4,0.925,0.0,-1.3,5.0,2.4118198523106984,2.607372813308863,-0.325,1.25,-0.400255764231717,1.009779377083865,0.2564192967766876,0.2711163074373731,31.62015526273384,83.32908625418646,0.02571963370330132,0.16410869190651925,-0.07872984031499498,0.11797957659220984
2026,17776,"Chambers, Tahj",LB,4,0.5,0.5,0.0,1.0,0.5,1.0,0.0,1.0,-0.9383158359246234,0.1656394554783448,0.25,0.3333333333333333,27.815502964575828,62.83882106050777,,,,
2026,16375,"Williamson, Kendall",S,4,0.5,0.5,0.0,1.0,0.5,1.0,0.0,1.0,-0.9438769330981629,0.21614085952294548,0.25,0.3333333333333333,33.64834955588131,63.68945341743196,0.5,0.43749999999999994,0.41121449692074635,
2026,14155,"Collier, L.J.",DT,4,0.875,0.75,-2.0,4.0,2.190176933491904,2.503059352562176,-0.5,2.125,-0.8026890212772346,2.233304004451525,0.24978166566319107,0.27427945792406017,21.038271266285296,31.28921494616218,0.7696153177401197,0.487218800433018,,1.1830755426693338
2026,15456,"Niemann, Nick",LB,4,0.375,0.5,0.0,0.5,0.21650635094610965,0.5773502691896257,0.375,0.5,-1.0452830586544886,-0.08877699921057189,0.23774047358083553,0.30825979634907164,25.723203837621433,58.11204654878364,0.42857142857142855,0.4274007043062177,,0.45472303662732627
2026,17232,"Wester, LaJohntay",WR,4,0.575,0.15,0.0,2.0,0.8317902379807063,1.4465917182273154,0.0,0.725,-1.1038702602013124,0.09104318364987445,0.23502082334220345,0.3139005700968564,40.01317054089631,91.6744158089654,0.1440433848732903,0.25861338682839213,0.0,
2026,15332,"Tremble, Tommy",TE,4,1.1500000000000001,1.45,-5.5,7.2,4.560975772792484,3.9660658893847685,-1.0750000000000002,3.675,0.6478674318059376,0.8761449435855646,0.2315716354988738,0.20679823955113535,41.62623074919151,311.5494918500171,0.1437403069607206,0.20852062769101343,0.3842942066168927,0.35714759726584283
2026,16304,"Ward, Jay",S,4,0.5,0.25,0.0,1.5,0.6123724356957945,1.224744871391589,0.0,0.75,-0.909138867244575,0.4333424637615701,0.22474487139158905,0.3101020514433644,31.303266674886643,59.25069048015674,0.5925925925925926,0.4793615598450389,0.42215062935116027,0.20290504587748026
2026,17010,"Bozeman, Swayze",LB,4,0.5,0.25,0.0,1.5,0.6123724356957945,1.224744871391589,0.0,0.75,-0.8959157066875677,0.30092593319437677,0.22474487139158905,0.3101020514433644,25.87693359373184,58.45934196343785,0.18461632822553897,0.2526695821305879,,
2026,15464,"Echols, Brandin",CB,4,0.6,0.0,0.0,2.4,1.0392304845413263,1.7320508075688772,0.0,0.6,-1.10039364128209,0.5026340618800934,0.21961524227066317,0.29422863405994787,26.153773346394292,40.035443240452636,0.7723535406341501,0.483511352050734,1.0358953200493362,0.7672664701452865
2026,17368,"Martin, Keyon",CB,4,0.6,0.0,0.0,2.4,1.0392304845413263,1.7320508075688772,0.0,0.6,-1.10039364128209,0.5026340618800934,0.21961524227066317,0.29422863405994787,26.153773346394292,40.035443240452636,0.37897961179729733,0.24489795918367346,0.4481434476297586,
2026,17011,"Wayne, Jared",WR,4,0.625,0.5,-0.9,2.4,1.2255100978776143,1.9608161566041828,-0.225,1.35,-0.9867530172581938,0.3279153463257655,0.21109044497947638,0.28083449299827445,35.79820979184212,82.01749387291612,,0.4635513139045984,,
2026,17478,"Allen, Kaytron",RB,4,0.675,0.6,-1.3,2.8,1.5122417134836614,2.240358094049869,-0.325,1.5999999999999999,-0.6980703066847651,0.773822974957105,0.2083103102831362,0.2686843373299438,31.336515842006612,82.58160688356104,,,,
2026,17510,"Burks, Deion",WR,4,0.625,0.0,-0.3,2.8,1.261695288094554,2.0187124609512863,-0.075,0.7,-0.9759892480272235,0.3545846793993313,0.20704191210150696,0.2763413813036475,35.22546905282106,80.705284119228,,,,
2026,16776,"Hadden, Kamal",CB,4,0.425,0.25,0.0,1.2,0.49180788932265,1.157195033700353,0.0,0.675,-1.2948184052962866,0.12090327036753386,0.1970151021861823,0.2848892293986793,25.323600329816614,38.764638288342994,0.24970177866571247,0.36086922670726845,0.1634435949277483,
2026,16649,"Johnson, Theo",TE,4,1.0,0.65,-4.5,7.2,4.176721202091421,4.176721202091421,-1.125,2.7750000000000004,0.4968694443704074,0.9300294684277317,0.19317246592225115,0.19317246592225115,38.88351108947249,291.02174045640555,0.5459059695857664,0.08123850218894157,0.8180607168388645,0.7176610732797574
2026,12217,"Fowler, Dante",DE,4,0.5,0.0,0.0,2.0,0.8660254037844386,1.7320508075688772,0.0,0.5,-1.1617933254944646,2.6184853211922934,0.18301270189221933,0.2679491924311227,22.59819198585101,35.20145164482506,0.47265410190110707,0.2222222222222222,0.7408831935048779,0.9004360716260528
2026,15874,"Butler, Percy",S,4,0.65,0.0,-0.9,3.5,1.6859715300087366,2.5938023538595947,-0.225,0.875,-0.5772535983379122,1.7564493255365357,0.18086693034243437,0.2419980974250631,24.428509722050233,46.23817965918216,0.11123895346373155,0.2470934675983944,0.29094967552688766,0.8457968959432364
2026,14942,"Burgess, Terrell",S,4,0.375,0.25,0.0,1.0,0.414578098794425,1.1055415967851332,0.0,0.625,-0.9702836903339945,0.3181400908900329,0.17810144457491245,0.26509670997988305,26.760200290551584,50.651593684134696,0.3591993552840079,0.2142857142857143,0.4308884815010621,
2026,15498,"Stuard, Grant",LB,4,0.375,0.25,0.0,1.0,0.414578098794425,1.1055415967851332,0.0,0.625,-0.9705470466157959,0.22917083126982246,0.17810144457491245,0.26509670997988305,22.12139496703421,49.97509416646559,0.23294605569282195,0.2142857142857143,0.17977672799572714,0.3973847725584509
2026,17683,"Kuwatch, Jackson",LB,4,0.375,0.25,0.0,1.0,0.414578098794425,1.1055415967851332,0.0,0.625,-0.9705470466157959,0.22917083126982246,0.17810144457491245,0.26509670997988305,22.12139496703421,49.97509416646559,,,,
2026,16443,"O'Connell, Patrick",LB,4,0.375,0.25,0.0,1.0,0.414578098794425,1.1055415967851332,0.0,0.625,-0.9705470466157959,0.22917083126982246,0.17810144457491245,0.26509670997988305,22.12139496703421,49.97509416646559,0.3062870566386034,0.2142857142857143,0.44465604737468484,
2026,14319,"Beck, Andrew",RB,4,0.375,0.25,0.0,1.0,0.414578098794425,1.1055415967851332,0.0,0.625,-1.0614630716559996,0.04424128867132507,0.17810144457491245,0.26509670997988305,30.918092712442725,81.4789299117225,0.3445784072710786,0.2142857142857143,0.46858866983416697,
2026,16613,"Laube, Dylan",RB,4,0.375,0.25,0.0,1.0,0.414578098794425,1.1055415967851332,0.0,0.625,-1.0614630716559996,0.04424128867132507,0.17810144457491245,0.26509670997988305,30.918092712442725,81.4789299117225,0.13346067305671028,0.2142857142857143,0.049226340638048295,-0.15642204046008157
2026,15985,"Bell, Markquese",S,4,0.85,0.75,-3.6,5.5,3.2237400639629743,3.792635369368205,-0.5249999999999999,2.125,-0.10187808236449641,2.915045081561619,0.1773554494532832,0.20124344470253155,20.314529319541357,38.45125499083629,0.5649261948322251,0.22656908950909252,0.5870318280663859,0.09549150281252629
2026,17076,"Bond, Isaiah",WR,4,0.475,0.0,-0.1,2.0,0.8814051281902097,1.8555897435583362,-0.025,0.5,-1.0891116469279456,0.2794438887896906,0.16634042094860058,0.25247087556145836,32.182675543828886,73.73392160050265,0.5274592349301982,0.4349283750213678,0.46780717190922405,
2026,13630,"Sutton, Courtland",WR,4,0.8,1.1,-4.2,5.2,3.59722114972099,4.496526437151237,-1.6500000000000001,3.55,-0.28125581546006545,1.4959640294427503,0.14554646632694582,0.17401816748549345,22.182242646653414,50.82186961131319,0.7351308509397319,0.22224255610736993,1.168788338104522,1.277292492475158
2026,15292,"Brown, Dyami",WR,4,1.0499999999999998,-1.5,-5.3,12.5,6.799448507048201,6.475665244807812,-2.825,2.375,0.6712895792919062,2.40763382694432,0.1404557274323208,0.13462490316477332,17.160750003485497,39.31709759928445,-0.026281236446356035,0.11837493015268326,0.25991916866504794,0.487427996127985
2026,15975,"Sanborn, Jack",LB,4,0.375,0.0,0.0,1.5,0.649519052838329,1.7320508075688774,0.0,0.375,-0.8818996238482967,0.6063016812810937,0.13725952641916447,0.22733899275351632,18.970645280697347,42.857142857142854,0.6748411731868126,0.18749999999999997,,0.7902744690589976
2026,17648,"Nowakowski, Riley",RB,4,0.375,0.0,0.0,1.5,0.649519052838329,1.7320508075688774,0.0,0.375,-0.9836834661808147,0.4470285653622323,0.13725952641916447,0.22733899275351632,26.51442960435062,69.87388812999978,,,,
2026,14200,"Tavai, Jahlani",LB,4,0.5,0.5,-1.5,2.5,1.4577379737113252,2.9154759474226504,-0.375,1.375,-0.5769441738336866,1.3186713020875387,0.12769839649484335,0.2034390994272556,16.976282619688394,38.35161949686049,0.6768089141247158,0.47399202615453306,0.697019879072219,1.3541322301494572
2026,17362,"Reid, Karene",LB,4,0.25,0.25,0.0,0.5,0.25,1.0,0.0,0.5,-1.032645305991104,0.1656394554783448,0.125,0.2,16.6893017787455,37.70329263630467,0.29566062343575616,0.16064915440886857,0.2870097777697235,
2026,16746,"Ali, Rasheen",RB,4,0.25,0.25,0.0,0.5,0.25,1.0,0.0,0.5,-1.1159483343305276,-0.023612162826241675,0.125,0.2,23.32589696400906,61.47109854204192,0.39554469209586357,0.25320099082873315,0.4531791485009212,
2026,14805,"Dillon, AJ",RB,4,0.5499999999999999,-0.15000000000000002,-1.1,3.6,1.924188140489386,3.4985238917988837,-1.1,1.5,-0.5616912292275856,1.582706813499575,0.1222623272053056,0.18808639306907013,21.936419125306188,57.8093860138302,0.24952533496290252,-0.07729912936577112,,
2026,14600,"Slye, Joey",PK,4,0.725,2.5,-5.7,3.6,3.7605684410737696,5.1869909532052,0.0,3.225,-0.8683202533433084,1.261259618962424,0.11718135770416964,0.15229273751108444,16.62983981870597,40.023541158027115,0.508128377354574,0.49111746215524343,0.7002932526889795,0.49179371538530187
2026,15334,"Long, Hunter",TE,4,0.425,0.5,-1.3,2.0,1.1691342951089922,2.7509042237858643,0.04999999999999999,0.875,-0.6850021704895816,0.5653129587858498,0.11330601226896665,0.19593069961518686,39.4387134568212,295.1771254698511,0.08420218219029599,0.1650939195886728,0.17723137817099022,0.11137074899834698
2026,13315,"Saubert, Eric",TE,4,0.6499999999999999,-0.25,-2.5,5.6,3.12929704566377,4.814303147175031,-1.75,2.15,0.08527007335088804,1.0931195880992783,0.11179327660543678,0.15741178045851015,31.685275030529358,237.14689409108192,0.09796270984822326,0.030053156590538605,0.2856854132603434,0.22898630321827884
2026,16054,"Blackwell, Josh",CB,4,0.3,0.0,0.0,1.2,0.5196152422706631,1.7320508075688772,0.0,0.3,-1.2849422363511278,0.5026340618800934,0.10980762113533159,0.1974183935873987,17.54838014590415,26.86255508863657,0.42227530687962594,0.2852352389370615,0.3029714592271864,0.40416157292023314
2026,15369,"Patterson, Riley",PK,4,0.6000000000000001,1.65,-4.1,3.2,2.8044607324760316,4.674101220793386,-0.125,2.375,-1.4199224761286262,1.0639938580089672,0.1057436194125745,0.15770960516906324,17.221343018028,41.4471298937731,0.7100173329798629,0.2842873728666818,1.130419149329111,
2026,17334,"Meeks, Jackson",WR,4,0.275,0.0,0.0,1.1,0.47631397208144133,1.7320508075688774,0.0,0.275,-1.209611434153619,0.22253695718825006,0.10065698604072063,0.18627473911411951,23.744598174302194,54.40139176231895,,0.1527777777777778,,
2026,16880,"Owens, Tyler",S,4,0.375,0.25,-1.0,2.0,1.0825317547305484,2.886751345948129,-0.25,0.875,-0.7637969487822824,2.039565868520302,0.09648160291780203,0.180069283048469,18.177102540875453,34.40554264387752,-0.10985528119889315,0.047313696902501826,0.08844872051056167,0.40136877225557216
2026,15363,"Melifonwu, Ifeatu",S,4,0.25,0.0,0.0,1.0,0.4330127018922193,1.7320508075688772,0.0,0.25,-0.9645849399916107,0.9236213408510344,0.09150635094610966,0.17445763018700947,17.610633969669497,33.333333333333336,0.708378737692617,0.39228095605926194,0.8909392235304284,
2026,17641,"Bredeson, Max",RB,4,0.25,0.0,0.0,1.0,0.4330127018922193,1.7320508075688772,0.0,0.25,-1.055360107777807,0.4470285653622321,0.09150635094610966,0.17445763018700947,20.346903531636897,53.620510883183826,,,,
2026,17662,"Kelly, Jack",LB,4,0.25,0.0,0.0,1.0,0.4330127018922193,1.7320508075688772,0.0,0.25,-0.9635913412513928,0.6063016812810936,0.09150635094610966,0.17445763018700947,14.557880188978906,32.88813541788518,,,,
2026,14108,"Dortch, Greg",WR,4,0.25,0.0,0.0,1.0,0.4330127018922193,1.7320508075688772,0.0,0.25,-1.2224919766333013,0.22253695718824998,0.09150635094610966,0.17445763018700947,22.238261328036177,50.950214349326494,0.5789952869613395,0.36345297886943306,0.6717235720073165,0.52035226695369
2026,16674,"King, Kalen",CB,4,0.25,0.0,0.0,1.0,0.4330127018922193,1.7320508075688772,0.0,0.25,-1.3157003355293007,0.5026340618800934,0.09150635094610966,0.17445763018700947,15.507414269987347,23.738303287615555,,,,
2026,17549,"Roush, Sam",TE,4,0.5,0.0,-2.2,4.2,2.317326045251294,4.634652090502588,-0.55,1.05,-0.23380482195772506,1.0471657894420934,0.0887366233032858,0.15072380380449582,30.339058253977125,227.07120034927075,,,,
2026,15626,"Wright, Brock",TE,4,0.625,0.7,-4.9,6.0,3.857055223872223,6.171288358195556,-0.8500000000000001,2.175,0.37125241065590053,1.440229292450826,0.08715309840884197,0.12867879222952855,25.9016377968205,193.859543572519,0.14339261800707717,0.2863165931708131,0.3278820849055783,0.36619692995990943
2026,16898,"Yankoff, Colson",TE,4,0.42499999999999993,-0.25,-1.1,3.3,1.7767596911231414,4.180611037936804,-1.025,1.2,-0.44622762124880766,0.9310244680484362,0.08203665492116499,0.15305609677303272,30.808523397847598,230.5848892992841,0.23257174732533203,0.13085735605570745,0.2036775261385026,
2026,16253,"Forbes, Emmanuel",CB,4,0.49999999999999994,0.6,-3.2,4.0,2.582634314028992,5.1652686280579845,-0.8,1.9,-0.5522322611204313,2.7824493053294383,0.0810994670572037,0.1395621088208987,12.405576274071652,18.990098989068986,0.8385293643939502,0.38186300365829146,0.9651325885219393,0.32626428190321843
2026,17542,"Young, Colbie",WR,4,0.2,0.0,-0.1,0.9,0.406201920231798,2.0310096011589898,-0.025,0.225,-1.2304672025465706,0.36024922969748846,0.06598461447417538,0.14222708497441963,18.129806533514788,41.537308846616135,,,,
2026,16299,"Davis, Derius",WR,4,0.175,0.0,0.0,0.7,0.3031088913245535,1.7320508075688772,0.0,0.175,-1.2611336040723486,0.22253695718824998,0.06405444566227676,0.13429422603518584,17.118598310750194,39.22052360240714,-0.014421881652956865,0.10937499999999999,0.17860236367599097,0.7187418835812817
2026,16644,"Sinnott, Ben",TE,4,0.175,0.0,0.0,0.7,0.3031088913245535,1.7320508075688772,0.0,0.175,-1.0253184686169123,0.30469559522985645,0.06405444566227676,0.13429422603518584,27.03196339271756,202.31941031252254,0.4913081580457241,0.3742340742128499,0.37863884042834317,0.17224893230103205
2026,17376,"Knowles, Kevin",CB,4,0.375,1.0,-2.7,2.2,1.8417043736713015,4.911211663123471,0.07499999999999996,1.3,-0.8153838556349976,2.613743743478526,0.06343877048751302,0.13196305832317237,11.730102097330427,17.956102567017588,0.48569135137815933,0.11303326905256221,0.4618900445100711,
2026,16219,"Allen, Davis",TE,4,0.44999999999999996,1.8499999999999999,-4.5,2.6,2.891798748184251,6.426219440409447,-0.07500000000000018,2.375,-0.008058068129233395,1.505439327061841,0.0605961086406018,0.11562776729139732,23.27460878164472,174.19767315997484,0.2821963943718087,0.10020154014261423,0.6407986305358623,-0.09010309655893389
2026,16872,"Andreessen, Joe",LB,4,0.25,0.5,-1.0,1.0,0.82915619758885,3.3166247903554,-0.25,1.0,-0.8141193171740075,1.5601451727222768,0.057915619758885,0.13667504192892002,11.405055101872202,25.765495509626408,0.0,-0.09232798831614451,0.3195146417100346,0.45138823976407694
2026,17771,"Thomas, Skyler",CB,4,0.25,0.5,-1.0,1.0,0.82915619758885,3.3166247903554,-0.25,1.0,-1.175004452057758,1.5548643919135374,0.057915619758885,0.13667504192892002,12.148946957995962,18.597258220683223,,,,
2026,14146,"Sample, Drew",TE,4,0.32499999999999996,0.0,-1.5,2.8,1.554630181104175,4.783477480320539,-0.375,0.7,-0.5335163915598787,1.085234544090394,0.05619456479356558,0.1272199797856952,25.607994758375845,191.6617865869312,0.43563749179549627,0.19796750838258748,0.2224987258857705,0.29494673894104323
2026,16603,"Davis, Ray",RB,4,0.125,0.05,0.0,0.4,0.16393596310755001,1.3114877048604001,0.0,0.17500000000000002,-1.144440713883245,0.17664552246216905,0.05407772653826392,0.10739422439209376,12.525333063498238,33.008204752262785,0.6111746925926255,0.33054764966010425,0.3527587417571274,0.6016306996355959
2026,16247,"Skinner, JL",S,4,0.2,0.25,-0.7,1.0,0.6284902544988268,3.142451272494134,-0.175,0.625,-0.9041563121586316,2.286683562043649,0.048280592056205836,0.12281313900865233,12.39737829425453,23.465705087820478,0.33887391197138034,0.21860067494039595,0.21361534500377805,0.34216004059865207
2026,17600,"McClellan, Chris",DT,4,0.42500000000000004,-0.25,-3.3,5.5,3.415680752061,8.036895887202352,-2.325,2.5,-0.07249830857082602,9.403374634308419,0.04702942307898734,0.09624790012313121,7.382577780073491,10.979754947245093,,,,
2026,16242,"Ringo, Kelee",CB,4,0.25,0.0,-1.0,2.0,1.0897247358851685,4.358898943540674,-0.25,0.5,-1.0824599041887604,2.24698258147441,0.046651374215842686,0.11963298118022453,10.634090337732239,16.278359320905405,-0.03790164996157664,0.10102051443364381,0.26638622501285786,0.42749679642597305
2026,15929,"Kieft, Ko",TE,4,0.125,0.0,0.0,0.5,0.21650635094610965,1.7320508075688772,0.0,0.125,-1.0593500984296453,0.30469559522985645,0.04575317547305483,0.10275326544969055,20.683111941018762,154.8017415731683,0.17817525748808136,0.2142857142857143,,0.08897895308840416
2026,15285,"Wallace, Tylan",WR,4,0.125,0.0,0.0,0.5,0.21650635094610965,1.7320508075688772,0.0,0.125,-1.2868946890317134,0.22253695718824998,0.04575317547305483,0.10275326544969055,13.098045450519018,30.009010750306587,0.1522290940709547,0.16064915440886857,0.3128607521636517,0.35453837543766403
2026,17274,"Kiner, Corey",RB,4,0.27499999999999997,-0.4,-1.0,2.9,1.5610493265749164,5.67654300572697,-0.8500000000000001,0.725,-0.6819120472366749,2.9829709634589787,0.0411889805493819,0.10737786154543855,12.523424673122651,33.00317554146693,,0.083185015334024,,
2026,17049,"Smith, Brashard",RB,4,0.075,0.0,0.0,0.3,0.12990381056766578,1.7320508075688772,0.0,0.075,-1.1557074060135957,0.4470285653622321,0.027451905283832897,0.06637733167951691,7.74155399751133,20.401437483146925,0.3003827358208165,0.3033429668245575,0.4778594696335342,
2026,17231,"Bartholomew, Gavin",TE,4,0.075,0.0,0.0,0.3,0.12990381056766578,1.7320508075688772,0.0,0.075,-1.0933817282423783,0.30469559522985645,0.027451905283832897,0.06637733167951691,13.361033106493004,100.0,,,,
2026,15103,"Gilliam, Reggie",RB,4,0.075,0.0,0.0,0.3,0.12990381056766578,1.7320508075688772,0.0,0.075,-1.1557074060135957,0.4470285653622321,0.027451905283832897,0.06637733167951691,7.74155399751133,20.401437483146925,0.3307560621353255,0.18734493757737802,0.38029793089863695,-0.03218412250136867
2026,15979,"Dicker, Cameron",PK,4,0.3749999999999998,-0.8499999999999999,-5.4,8.6,5.201141701588219,13.86971120423526,-3.075,2.6,-0.03721785197235156,4.6007755211645245,0.025219050649295093,0.060472735190675586,6.603413373843671,15.892635757935064,0.38460751630188894,-0.1639315412478362,0.9224545319467827,1.0755120760342283
2026,15344,"Bates, John",TE,4,0.09999999999999999,0.0,-0.2,0.6,0.3,3.0,-0.05,0.15,-1.0265401491614192,0.6290303527078386,0.024999999999999998,0.07692307692307691,15.483776636048391,115.88757031463237,0.23828233211451166,0.06292804841752929,0.2981511336627348,0.13301442978293587
2026,15916,"Ogletree, Drew",TE,4,0.125,0.25,-1.0,1.0,0.739509972887452,5.916079783099616,-0.25,0.625,-0.8538288103144459,1.3749482766150598,0.018073822731983883,0.07185931782415117,14.464497143303582,108.25882271240187,0.25451777277132254,0.19005845403310945,0.26101590492932336,0.2513390325928464
2026,12776,"Killebrew, Miles",S,4,0.125,0.25,-1.0,1.0,0.739509972887452,5.916079783099616,-0.25,0.625,-0.8698364163180612,4.967218865631644,0.018073822731983883,0.07185931782415117,7.253842334982632,13.730042025509146,0.31309821371557245,0.11917296358795304,,0.3166666666666667
2026,15785,"Melton, Bo",WR,4,0.125,-0.25,-1.0,2.0,1.243734296383275,9.9498743710662,-1.0,0.875,-0.9813319854504766,4.007992285057933,0.011415656085543622,0.05571069631617712,7.101489468348065,16.270265254759938,0.45555821155786824,0.3337670580589845,0.40912582544005627,0.46111617624655066
2026,17658,"Sharar, Karson",LB,4,0.125,0.75,-3.0,2.0,1.8833148966649205,15.066519173319364,-0.375,1.25,-0.41636639137474224,8.633062186418698,0.007780154410021772,0.04335287836392247,3.6176463499637426,8.17273129790545,,,,
2026,17061,"Allen, LeQuint",RB,4,0.07500000000000001,0.25,-1.0,0.8,0.6832825184358224,9.110433579144297,-0.25,0.575,-0.9725057256104872,5.190643905395606,0.007418079493119788,0.04455580045451502,5.196520052754828,13.694470001795246,0.3496021403863359,0.16129638237061542,0.5179599276973255,
2026,17609,"Neal, Julian",CB,4,0.09999999999999998,0.6,-2.0,1.2,1.307669683062202,13.076696830622025,-0.5,1.2,-1.005053718742479,8.036003130554255,0.007103939312130597,0.04333375817777493,3.851906845334679,5.896388097863828,,,,
2026,13676,"Smythe, Durham",TE,4,0.07500000000000001,0.15,-1.0,1.0,0.7189401922274202,9.585869229698934,-0.25,0.475,-0.8619119815204208,2.3136611818821247,0.007084916540399493,0.04363153548862817,8.782552347318584,65.73258427935909,0.11664510797675176,0.2420331160218317,-0.0375359216649261,-0.05279805937481829
2026,17097,"Felton, Tai",WR,4,0.07499999999999996,0.0,-2.0,2.3,1.5221284439888771,20.295045919851706,-0.5,0.575,-0.8985199194612097,8.77338843337945,0.003521945915602996,0.02973678845688904,3.790573516629539,8.68460579405424,0.1854668630457992,0.025404744553647187,0.22282802371841057,
