season,player_id,player_name,position,games_played,mean_score,median_score,min_score,max_score,std_dev,coefficient_variation,floor_score,ceiling_score,std_dev_vs_position,cv_vs_position,value_score,consistency_score_std,consistency_index_vs_avg,consistency_index_vs_replacement,consistency_score_trailing_10,consistency_score_trailing_5,consistency_score_last_season,consistency_score_2seasons_ago
2018,13229,"Jackson, Eddie",S,14,12.178571428571427,10.75,2.0,33.3,8.384950683169441,0.6885003493511566,5.875,16.475,2.326769967170499,-0.6741202032594096,7.212655557490001,1.2976702637779378,140.3944832446169,244.99006331390447,1.2997062667052393,2.4092191622548884,,
2018,11330,"Williams, Shawn",S,16,11.2375,8.5,2.0,29.7,8.51989399875374,0.7581663180203551,3.875,20.599999999999998,2.3957914396368016,-0.5242688453160655,6.3916023670918145,1.1804228073832663,127.70952273365268,222.8546545222299,1.578424271778762,1.2305107663389991,,
2018,13274,"Johnson, John",S,16,10.40625,10.75,4.0,20.8,4.481833992630695,0.43068675004258933,6.75,12.125,0.3303845958588592,-1.2286767348149832,7.273604791328515,1.8983154203482384,205.37806861596187,358.3872020515531,1.72471220010132,1.763549843689908,,
2018,13717,"Reid, Justin",S,16,10.0625,6.0,3.0,34.7,7.998505719820422,0.7948825560069984,4.875,13.55,2.1291091917401452,-0.4452922915413659,5.606216387987875,1.118241218409851,120.98211878911277,211.1152536553213,1.2678295316188577,2.165080945142839,,
2018,13251,"Baker, Budda",S,14,9.842857142857143,7.75,2.5,29.4,7.205128558951631,0.7320159638992948,5.0,12.899999999999999,1.723308729322356,-0.5805182042297063,5.682890543744111,1.1995981625563663,129.78409757419942,226.47481259246848,1.1400535515849608,1.430952700805963,,
2018,9861,"Jackson, Kareem",S,16,9.8,8.75,1.0,20.0,5.821082373579677,0.5939879973040486,5.5,14.4,1.0153899616375346,-0.8774160816807532,6.1481015017521985,1.4367221304874815,155.43845513471055,271.24197535965766,1.3753618232559013,1.3208920827245352,,
2018,10783,"Smith, Harrison",S,16,9.7375,8.5,1.0,26.6,6.965528964120385,0.7153303172395774,5.125,12.95,1.6007571470822484,-0.6164089965043994,5.676749196428958,1.2224549108867988,132.25696102809485,230.78998908755148,1.2509214417525287,1.2342979422421574,,
2018,11317,"Poyer, Jordan",S,16,9.73125,8.35,2.0,19.5,5.270284474058303,0.5415835040779245,5.875,14.675,0.7336651359824062,-0.9901380407990719,6.312502679393034,1.5519630792287902,167.90633229793733,292.9985710963069,1.4942433970747047,2.0927116732316104,,
2018,13714,"James, Derwin",S,16,9.45625,7.0,4.5,18.0,4.565628208417764,0.4828159374400808,6.5,14.024999999999999,0.37324407454248154,-1.116546957978177,6.377224415543565,1.6990445006186086,183.81901884651413,320.7664006785966,1.6348000176511577,1.4007388814274366,,
2018,9430,"Jenkins, Malcolm",S,16,9.41875,9.0,3.0,23.3,4.993523148789841,0.5301683502364795,5.5,12.0,0.5921058886121934,-1.01469201366343,6.155368458996279,1.5714880490453682,170.01873182213131,296.684733694839,1.7205073831018385,1.6848527933908528,,
2018,9966,"Jones, Reshad",S,14,9.385714285714286,6.5,1.0,35.5,8.628760641255592,0.9193504488400174,5.0,9.75,2.4514750867697064,-0.1775621053734243,4.890047198721138,0.9747582929312891,105.45875223038294,184.02679214190218,1.2317769923284732,1.343721062205591,,
2018,13301,"Kazee, Damontae",S,16,9.325,8.5,3.0,19.5,5.160608006814701,0.5534164082375015,4.875,12.575,0.6775672756973105,-0.9646854878439011,6.00289783895105,1.5136493004724425,163.7611782323846,285.765227353047,1.6368567837664407,1.5411724414249413,,
2018,12752,"Byard, Kevin",S,16,9.0,6.3,1.0,24.2,6.531845068585139,0.7257605631761266,5.0,13.25,1.3789343696800938,-0.5939735585548229,5.215091938035835,1.1949263318676648,129.2786538774031,225.59280725708794,1.243915841843427,1.6185645580539143,,
2018,11517,"McDougald, Bradley",S,16,8.99375,8.25,0.0,25.9,5.855602952514796,0.6510746854776701,6.75,10.875,1.0330467175737164,-0.7546227306842912,5.447209674466078,1.3118831505113466,141.9321703936943,247.67334589953904,1.3214134596583655,1.9003565361274504,,
2018,12250,"Collins, Landon",S,12,8.875,8.0,5.5,13.5,2.6467354105262078,0.2982237082283051,6.5,11.375,-0.6082406758653254,-1.513604470298444,6.836263999608954,2.4336835555391656,263.29935631422615,459.4605463345788,2.6813218261477147,2.7065680672115384,,
2018,11802,"Boston, Tre",S,14,8.778571428571428,7.25,2.0,19.4,5.66457394330621,0.6452728657956627,4.0,11.75,0.9353382579715163,-0.7671024331057065,5.335632533103295,1.3171991943143617,142.5073112776791,248.67697366556993,1.1753162508068122,1.1901135229420596,,
2018,8448,"Bethea, Antoine",S,16,8.7625,8.5,5.0,11.8,2.0922102547306283,0.23876864533302464,7.0,11.0,-0.891871936938844,-1.6414921905391562,7.073556497423561,2.8337335686002136,306.5806246174653,534.9868805384779,2.8075649814314487,2.7001751835268464,,
2018,11740,"Clinton-Dix, Ha Ha",S,16,8.7375,7.5,3.5,18.0,4.010123907063222,0.45895552584414556,5.75,11.175,0.08911199527025619,-1.1678706551439475,5.988873440775051,1.743968844299831,188.67936757475474,329.2477677176749,1.5199929273675108,3.227272727272727,,
2018,13737,"Bates, Jessie",S,16,8.525,7.5,2.0,24.2,4.940078440672779,0.5794813420144022,6.375,8.375,0.5647697257663433,-0.9086198679180734,5.3973413760795586,1.4351662330968227,155.2701231506615,270.94823402113167,1.2026980550310424,1.6666666666666667,,
2018,11326,"McDonald, T.J.",S,14,8.192857142857143,7.0,2.5,22.0,5.130227547962912,0.6261829613904164,4.75,9.75,0.6620281287964591,-0.8081647789365419,5.038090631482265,1.3364686838712287,144.59207048364857,252.31490357606936,1.2567260379398495,1.568161298417938,,
2018,11313,"Mathieu, Tyrann",S,16,8.03125,8.2,2.0,16.2,4.181614333902638,0.5206679326260094,4.75,10.075,0.17682676441668996,-1.0351273927610474,5.281396304669228,1.5499513245230472,167.68868127347335,292.61876743856016,1.5428373781410933,1.69239187110308,,
2018,12716,"Mills, Jalen",S,8,7.9375,8.75,1.0,14.0,4.4960920531056745,0.5664367940920535,4.125,11.625,0.33767737893770616,-0.9366786641605094,5.0672328624665495,1.444207979652517,156.24834648732008,272.6552455193368,,1.2150987887081377,,
2018,11350,"Swearinger, D.J.",S,15,7.88,5.5,0.0,25.8,7.12743057957541,0.9044962664435799,3.25,10.35,1.6835673836989562,-0.20951342171575218,4.1375770269767775,0.9695561128264554,104.89593021931425,183.04466095740304,0.8313529787135552,1.0686316356788579,,
2018,13257,"Evans, Justin",S,10,7.81,6.5,2.0,19.6,4.841993391156168,0.6199735456025824,6.0,7.375,0.5146007009780245,-0.8215212197586037,4.821066381732122,1.3368724469670017,144.63575346904676,252.3911309114398,1.336872446967002,1.9805014761531436,,
2018,12349,"Diggs, Quandre",S,16,7.73125,6.25,2.0,23.6,5.4130304301287655,0.7001494493295088,4.625,8.75,0.8066775414797244,-0.6490630127269299,4.547394349978461,1.205553300305292,130.4283818043681,227.59909632992955,1.3341812820671695,1.5814746417067262,,
2018,11327,"Jefferson, Tony",S,14,7.692857142857142,6.5,2.0,17.3,4.287267575660064,0.5573049773374271,5.225,9.5,0.2308668054914197,-0.9563211835614571,4.939852665217741,1.4549778373750575,157.4135335550827,274.6885109789655,1.642365430164969,1.367136967876273,,
2018,12750,"Bradberry, James",S,16,7.60625,6.5,1.0,21.4,4.666833609365134,0.6135524876733126,5.125,9.350000000000001,0.42500911206719105,-0.8353329023995626,4.713977424414592,1.342239868738998,145.21645291718045,253.4044584388238,1.2549062373437496,1.1640411158286461,,
2018,12767,"Simmons, Justin",S,16,7.575,7.0,1.0,17.2,4.392820847701395,0.5799103429308772,5.0,10.375,0.2848557135628064,-0.9076970878129409,4.794575865582149,1.4046452151713376,151.96806510143628,265.18610297545257,1.213952131918111,0.9739885807543267,,
2018,9846,"McCourty, Devin",S,16,7.575,5.0,1.5,29.1,7.518851308544411,0.9925876314910114,4.0,6.625,1.8837731882643307,-0.02002907336595552,3.8015893907420204,0.8892043921933785,96.20270620780443,167.8748804093244,0.9010303188436573,1.6313909405156228,,
2018,12295,"Geathers, Clayton",S,12,7.5,7.25,1.5,14.0,3.391164991562634,0.4521553322083512,6.0,8.375,-0.22747616294279754,-1.1824978579241197,5.164736742449204,1.70797499397331,184.78520573901685,322.45240843685644,1.633773249901486,3.1462895200637733,,
2018,13017,"Riley, Curtis",S,16,7.475,5.5,1.0,18.4,5.117677695986726,0.6846391566537426,4.875,8.075,0.655609068623824,-0.6824256209553271,4.43715199808596,1.2218688808832958,132.19355865092385,230.67935117615778,1.153796845023733,1.1230215015420895,,
2018,12088,"Phillips, Adrian",S,16,7.375,7.5,0.5,18.0,4.435298749802543,0.6013964406511922,4.5,9.375,0.3065825203898489,-0.8614805349995995,4.605355558927699,1.3568711379973224,146.79940472248342,256.1667283944626,1.7916937093813925,2.405946101682316,,
2018,12274,"Tartt, Jaquiski",S,8,7.3125,7.25,4.0,12.5,2.703441094235271,0.369701346220208,4.875,8.75,-0.5792365731436687,-1.3598562152999443,5.338755065240596,1.9745150021104816,213.6220742031907,372.77309104162373,,2.3024866789256473,,
2018,12246,"Williams, P.J.",S,15,7.22,4.5,0.0,26.3,6.972632214594429,0.9657385338773448,2.5,9.5,1.6043903526611436,-0.0777814281213441,3.672919808800219,0.9055980265568144,97.9763276655815,170.96987120378898,0.9792320316901425,1.3446093321560688,,
2018,11543,"Heath, Jeff",S,16,7.21875,5.25,2.5,20.5,4.635490636113937,0.6421458889854805,4.875,8.025,0.4089776535551311,-0.77382855391066,4.395924898280354,1.2809443695532126,138.58491471089093,241.83234443918244,1.1934966187273177,2.1923076923076925,,
2018,13713,"Fitzpatrick, Minkah",S,16,7.19375,5.25,1.5,29.5,6.979028294648188,0.9701516308807212,3.0,6.625,1.6076618512263836,-0.06828886537766338,3.651368700379758,0.9015822145692977,97.54185839820877,170.21171710213437,0.7971404929788337,0.9870948468351443,,
2018,11316,"Ryan, Logan",S,14,7.135714285714285,7.2,2.5,11.4,2.6020890351674706,0.3646571220454914,5.5,9.350000000000001,-0.6310766240869935,-1.3707063313148549,5.2289429853401765,1.9809933113945162,214.3229601752426,373.996145500036,1.9847829080560402,1.9947691836262416,,
2018,10610,"Parker, Ron",S,15,7.113333333333333,5.2,1.0,20.0,5.064894426891399,0.7120282699472446,4.5,7.25,0.6286112218703952,-0.6235116935629704,4.154915814300501,1.172870100061959,126.89239802094967,221.4287620621133,1.1867461265491372,1.4300386503990814,,
2018,12308,"Amos, Adrian",S,16,6.925000000000001,6.0,2.0,21.1,4.995435416457709,0.7213625150119435,3.25,8.225,0.593083984708428,-0.6034337512757842,4.022975950508573,1.155045383524706,124.96394829293953,218.06359407228774,1.1577731681531958,1.6962580283295376,,
2018,11323,"Reid, Eric",S,13,6.892307692307692,7.0,3.0,16.9,3.3939905123074707,0.4924316591517536,4.5,8.0,-0.22603095165946516,-1.0958635599916857,4.6181730667821945,1.568575915902069,169.70366917547503,296.1349455837372,1.6433354180382487,2.1460149845262984,,
2018,13231,"Peppers, Jabrill",S,16,6.85,6.25,0.0,20.2,4.608687448721165,0.6728010874045497,3.875,8.0,0.3952682270998155,-0.707889284007833,4.094927993278736,1.2213196157974298,132.13413385708603,230.57565419556224,1.2156590762766268,1.2086060207799014,,
2018,9495,"Mitchell, Michael",S,8,6.5125,2.75,0.0,28.1,8.666088722716841,1.3306854084785937,1.75,6.625,2.470567837941868,0.7072185622736162,2.7942424045342,0.6737471780798568,72.89246701905395,127.19823241907507,,0.7042239527567807,,
2018,12718,"Bell, Vonn",S,16,6.425,5.0,2.0,17.3,4.168707833369952,0.6488261219252844,3.875,7.375,0.17022528388172728,-0.7594593863453483,3.8967116753934743,1.2430572992575122,134.4859260815826,234.679559937903,1.2234890681241426,1.4658899234488099,,
2018,12748,"Davis, Sean",S,15,6.2733333333333325,4.5,1.0,19.1,4.254325902994374,0.6781603458545762,3.75,8.25,0.21401763631957985,-0.6963615299028236,3.7382204560069843,1.193936853014435,129.1716025130016,225.40600133753577,1.129979048719311,1.2075843662021672,,
2018,12998,"Adams, Andrew",S,13,6.246153846153846,4.5,0.0,28.2,7.5679095157031195,1.211611129361337,1.0,7.0,1.9088657219699787,0.45109002831791406,2.8242550253206553,0.7290172514901099,78.8721165586325,137.63279284794777,0.9119377871356042,1.314135348030724,,
2018,11742,"Joyner, Lamarcus",S,15,6.2,5.5,0.0,16.8,3.796314001765397,0.6123087099621608,4.25,7.25,-0.02024854939723811,-0.838008265744911,3.8454174201822107,1.292659320828024,139.85235111316675,244.04403621840197,1.4550851205342548,1.5715653412664072,,
2018,7757,"Adams, Mike",S,16,6.2,4.75,0.5,24.2,5.500568152472979,0.88718841168919,3.375,8.625,0.8514517673565851,-0.24674258234577154,3.285310550656936,0.953762787279042,103.18725595834455,180.06300380319394,1.0430234532299685,0.8000586158214045,,
2018,13325,"Woods, Xavier",S,14,6.128571428571428,5.75,0.5,16.5,4.70340736236258,0.7674557467724491,2.5,8.0,0.44371603559706096,-0.5042873028268029,3.4674539601700416,1.0745456249565046,116.25470811000116,202.8658651122655,1.3396651360303147,1.6710203128931491,,
2018,11757,"Donald, Aaron",DT,16,14.5,12.8,2.0,45.3,11.491029109701184,0.7924847661862886,5.0,19.05,4.282526954184597,-0.132398810075613,8.08932955723265,1.1608330965091214,109.52947644411886,143.52878143600617,1.4344638489278871,1.2432325920132243,,
2018,10272,"Watt, J.J.",DT,16,14.149999999999999,10.649999999999999,5.0,29.5,7.632250651020313,0.5393816714501989,8.225000000000001,20.85,2.0231066459965734,-0.9441268715005809,9.192002387991126,1.6392017067214677,154.66556326092623,202.67566819129294,1.7251282049021222,1.9001468745135612,,
2018,12688,"Buckner, DeForest",DT,16,13.20625,12.05,4.0,34.4,7.5318049588063545,0.5703212462891702,7.95,17.1,1.964292946457107,-0.8449004233548646,8.409903407476477,1.5478846579080292,146.04941630833167,191.3849625937875,1.5672446325924896,1.7370079084893084,,
2018,12739,"Clark, Kenny",DT,13,13.00769230769231,14.0,0.0,23.0,6.209107645344803,0.47734121460368084,10.0,17.4,1.1898174994674908,-1.1430970967301608,8.804798904349136,1.8043415284680726,170.24719878663132,223.09403621777975,1.6702378766257484,1.5524107470130761,,
2018,11045,"Harrison, Damon",DT,17,12.723529411764707,10.5,5.5,23.9,5.484044172363044,0.431015954369726,9.0,16.5,0.7652730087375529,-1.2916670449717043,8.89125615470069,1.962282963153804,185.14963627052435,242.62237472472668,2.031186721090858,1.8488819145559923,,
2018,9051,"Campbell, Calais",DT,16,12.59375,12.899999999999999,2.5,23.4,5.467342676063025,0.4341314283722501,9.725000000000001,15.1,0.7554938259413759,-1.2816753944344967,8.781447607137373,1.9472835491788736,183.73437858655305,240.76780354085022,2.3464050340004907,2.094661086633383,,
2018,12741,"Jones, Chris",DT,16,11.64375,10.899999999999999,0.0,24.6,7.30855395666612,0.6276804256932792,7.625,14.15,1.8335733797703455,-0.6609435438422991,7.153584829184495,1.401417149208977,132.22959191486382,173.27529367862542,1.6363427157731136,1.5141505379974765,,
2018,10823,"Hicks, Akiem",DT,16,10.88125,9.05,2.0,24.1,6.452055752820181,0.5929517061753182,6.6,16.05,1.3320702599572354,-0.7723221747495185,6.830872497777044,1.4601675511998233,137.77293900781805,180.53936431201765,1.3631187658996768,1.9060948523721233,,
2018,12305,"Jarrett, Grady",DT,14,10.799999999999999,8.0,2.0,27.3,7.316419889536139,0.677446286068161,6.5,11.0,1.8381790985644322,-0.5013392315782801,6.438358169616618,1.298635728288412,122.53173332049212,160.5670997587995,1.2026892658301767,1.3475336599491208,,
2018,9904,"Joseph, Linval",DT,15,10.74,9.5,1.5,36.1,8.912523024748193,0.8298438570529043,4.25,16.0,2.772741130636493,-0.012584303511094408,5.869353255800496,1.0834779372704486,102.23069239226639,133.9643644869175,1.1130744704924092,1.35376942152825,,
2018,9815,"Suh, Ndamukong",DT,16,10.43125,10.0,1.5,20.5,6.144582853009633,0.5890552765018222,5.375,15.4,1.1520364690857843,-0.7848184316943161,6.564434953429411,1.4600222594669567,137.7592301228109,180.52140001944727,1.4094833114568321,2.5340585244289358,,
2018,10762,"Cox, Fletcher",DT,16,10.35,10.649999999999999,4.5,26.0,5.49647614385799,0.5310604969911101,6.125,11.925,0.7725522680076221,-0.9708137471371591,6.760020273751531,1.593171401050287,150.32241066139355,196.98434727532396,1.4615985793816266,1.7868965463278965,,
2018,12696,"Nkemdiche, Robert",DT,10,10.23,9.85,0.0,27.4,6.954574034403544,0.6798215087393493,6.375,11.925,1.6263084554905796,-0.49372164437988303,6.089932737959331,1.2860525222036072,121.34445499546696,159.0112755482895,1.286052522203607,0.8513576558042593,,
2018,12698,"Reed, Jarran",DT,16,10.181249999999999,10.3,3.0,19.2,5.134469148558593,0.5043063620438152,4.875,13.575,0.5605872729596315,-1.0566170523812695,6.76806949494471,1.6596790616172992,156.5976876700645,205.20754792841433,1.5877408952751577,2.3167774804285606,,
2018,13723,"Payne, Da'Ron",DT,16,10.0,11.95,1.5,18.7,5.224820571081843,0.5224820571081843,5.875,14.15,0.6134905015612794,-0.998325699859344,6.568221906663444,1.6064720076360448,151.57737873570863,198.62887297101125,1.5711933133419314,2.067883130448584,,
2018,10335,"Casey, Jurrell",DT,15,9.853333333333332,11.0,3.0,18.3,4.1049346997106895,0.41660365693951523,5.85,12.4,-0.04223330008288399,-1.3378887881941783,6.9556034851843105,1.930158545199755,182.1185625613407,238.65041822456212,1.7770631898317295,2.216542802932819,,
2018,12697,"Robinson, A'Shawn",DT,13,9.738461538461538,10.5,2.5,20.1,5.573776300545323,0.5723466975283508,4.5,14.0,0.8178136235675842,-0.8384045896725262,6.1935841209638465,1.481410545967877,139.77730475345976,183.16590999053005,1.3740587111849891,1.2771813673567642,,
2018,13265,"Ogunjobi, Larry",DT,16,9.5125,8.95,0.0,20.0,5.420778887761426,0.569858490172029,5.75,12.525,0.7282294545758412,-0.846384530557391,6.059463358992055,1.4815180784579995,139.78745089538083,183.179205620469,1.5406573532994394,1.3153784047695127,,
2018,11333,"Short, Kawann",DT,14,9.392857142857142,8.75,0.5,24.0,5.520023846443611,0.5876831471498902,6.625,11.625,0.7863400917976701,-0.7892189938448082,5.916077877200254,1.4406169922186,135.92826168440024,178.122076318243,1.5541393247083244,1.9451116018338592,,
2018,9919,"Peters, Corey",DT,15,8.866666666666667,8.5,0.0,20.0,6.196845075430633,0.6988923017402969,3.25,14.4,1.1826374294553548,-0.43255961928241304,5.219086964832265,1.2320213334780057,116.24638548783037,152.3307021733181,1.1156506506022854,1.0828002232317313,,
2018,12298,"Gunter, Rodney",DT,16,8.6375,6.75,0.0,19.5,6.5900374619572535,0.7629565802555431,2.5,14.575,1.412862323850266,-0.2270987865731439,4.899440007052234,1.1380049233344147,107.37554246039593,140.70623968730095,1.7073886775517753,1.3776202804050872,,
2018,13328,"Taylor, Vincent",DT,8,8.5875,7.1,5.0,18.5,4.0563029657558864,0.47234969033547436,6.25,9.25,-0.07070851017759398,-1.159105436422774,5.832513876539303,1.69837528687647,160.24883899039332,209.99206180411636,,2.5257633484492654,,
2018,10266,"Heyward, Cameron",DT,16,8.50625,9.0,0.0,18.4,5.040767395694826,0.5925957261654461,5.625,11.25,0.5057223343268019,-0.7734638398232737,5.341123211777557,1.408140628964176,132.86398045847457,174.10660427717346,1.4747445425583878,2.6544662726859625,,
2018,12735,"Rankins, Sheldon",DT,16,8.45,9.15,0.5,14.8,4.356891093428891,0.5156084134235375,6.25,11.75,0.10529405833906862,-1.0203701931077658,5.575318746689118,1.5774074650062075,148.8350171103319,195.03524835848057,1.6477063764304656,1.5959112007236376,,
2018,13208,"Allen, Jonathan",DT,16,8.325,7.199999999999999,2.0,20.4,5.352394324038541,0.6429302491337587,4.75,10.15,0.688188422498845,-0.6120357672253409,5.06716581814072,1.3105294752400338,123.65395828158906,162.03767723613717,1.4490255601320725,1.3452429372573451,,
2018,9868,"Atkins, Geno",DT,16,8.3125,6.25,0.5,26.0,7.060088083728134,0.8493339048093996,2.375,14.45,1.6880898167156106,0.0499223153785566,4.4948616247084505,1.0313162726821112,97.30902033622726,127.51494451556084,0.7715156135854491,0.7361372169154694,,
2018,8721,"Mebane, Brandon",DT,12,8.275,5.75,0.5,27.3,7.09214647808875,0.8570569762040786,4.0,9.375,1.706860883269931,0.07469101201573564,4.45597529102986,1.0225964177003426,96.48626540815542,126.43679627564967,1.1139243014030686,1.5430677497730592,,
2018,11707,"Tuitt, Stephon",DT,14,8.171428571428573,7.5,3.0,15.1,3.220343497966942,0.39409798052042994,6.125,9.7,-0.5601856383851761,-1.4100668431870271,5.861444952655409,1.936199879314321,182.6885877997512,239.39738635143496,1.8221836884686822,2.213565686204794,,
2018,10457,"Guy, Lawrence",DT,16,8.01875,7.25,0.0,17.0,4.078789457363544,0.5086565184553133,5.625,10.625,-0.05754205443459984,-1.0426656463959625,5.315159482564167,1.5788703326486433,148.9730448142842,195.2161215699288,1.4995087417280184,2.2234941797916616,,
2018,12764,"Hargrave, Javon",DT,16,8.01875,7.25,0.0,20.1,4.957345402279329,0.618219223978716,4.875,10.575,0.4568764759571729,-0.691286605962977,4.955292757111301,1.3460273760410066,127.00333426103698,166.42674097046861,1.3240058665199168,1.297647148290039,,
2018,11283,"Richardson, Sheldon",DT,16,7.731249999999999,6.6,1.5,20.7,5.5281912446567905,0.7150449467623982,3.625,9.525,0.7911223267939295,-0.38075639955352236,4.507899349573773,1.1842866898741502,111.74242144864188,146.42865195667042,1.1452106764133119,1.4716017212098689,,
2018,11274,"Hunt, Margus",DT,15,7.713333333333334,7.0,0.0,26.7,6.854377352385035,0.8886401061864782,2.25,9.1,1.5676405582298834,0.17598140872573056,4.084067318102237,0.9820426225117803,92.65984456593202,121.42260704937446,1.2332585934148133,1.1528870373687619,,
2018,13691,"Hurst, Maurice",DT,13,7.546153846153846,6.5,1.5,17.8,4.91162128717586,0.6508774386675452,5.0,8.5,0.4301037562105148,-0.5865483003069151,4.57099580465797,1.2764948022844078,120.44264399275042,157.82953124978985,1.3151279876406914,1.109427219057192,,
2018,13317,"Godchaux, Davon",DT,16,7.38125,6.0,0.0,17.0,4.797684174422073,0.6499826146549802,4.0,9.625,0.3633904610139256,-0.5894180943795371,4.473531984180001,1.2731376490917221,120.12588249392397,157.41444306158328,1.0748780545981065,1.665916799942685,,
2018,10275,"Bailey, Allen",DT,16,7.35625,6.5,0.0,18.0,5.559560318721257,0.7557601112960077,2.75,9.9,0.8094897774649737,-0.25017861419721793,4.189780797884747,1.121454738209352,105.81396300745594,138.65992664653393,1.1173821597837637,1.251484611244458,,
2018,8375,"Williams, Kyle",DT,16,7.1000000000000005,5.5,2.0,18.0,5.176630178021219,0.7291028419748196,3.0,8.575,0.5852737086288449,-0.3356712612607939,4.106175658060364,1.149494108496973,108.45959531813133,142.1267959679873,1.0285141297404614,1.1537659998173575,,
2018,10806,"Wolfe, Derek",DT,16,7.08125,5.5,1.0,18.5,4.654865565996508,0.6573508301495511,4.0,9.125,0.27976626031954727,-0.5657874576786867,4.272631884077932,1.2522402022393846,118.15412064492217,154.83062193272377,1.394267944584591,1.5910176829323988,,
2018,12225,"Williams, Leonard",DT,16,7.075,5.5,0.0,16.2,5.341757669531631,0.7550187518772623,3.0,10.125,0.6819603704192997,-0.2525562312880909,4.0312959576256375,1.1156213101599832,105.26355457919591,137.93866463045396,1.3571277245895836,1.2282086510006462,,
2018,12751,"Gotsis, Adam",DT,16,6.9,5.75,0.0,22.8,5.339943819929195,0.7739049014390137,3.375,8.625,0.6808983118762588,-0.1919863769861217,3.8897237356989285,1.0883377196987623,102.68923326830294,134.56524212563886,1.0625337079225334,1.177978949815927,,
2018,12428,"Williams, Xavier",DT,16,6.85625,7.25,0.0,12.6,3.410822618885362,0.4974764074946745,5.0,8.75,-0.4486549043206961,-1.0785214300087949,4.578536239826793,1.5544152627322407,146.6656062924133,192.19242557470866,1.5919844455097703,1.814447728040696,,
2018,12791,"Lowry, Dean",DT,16,6.85,4.5,2.0,16.0,4.558097190714564,0.6654156482794985,4.0,10.725,0.2231057304022306,-0.5399227435660714,4.113087328725759,1.2324361674430067,116.28552681411959,152.3819934516887,1.5285843319006889,1.8880855891550714,,
2018,13683,"Hand, Da'Shawn",DT,13,6.830769230769231,4.0,0.0,21.2,6.675256793145704,0.9772335395370962,2.5,9.0,1.4627605726352475,0.460109803061105,3.4547103790118947,0.889972728582758,83.97266351584199,110.03881749141446,0.7738383488156538,0.7755696971710628,,
2018,10861,"Crawford, Jack",DT,16,6.731249999999999,7.25,0.0,15.8,4.525582662762885,0.6723242581634741,2.875,8.325,0.20406758515709364,-0.5177661100641846,4.025086622490411,1.2181973215896584,114.94203192568497,150.62146112319803,1.5264712016166624,1.3287760458660094,,
2018,11282,"Spence, Akeem",DT,16,6.71875,6.0,0.0,24.5,5.910712599805543,0.8797339683431507,2.375,8.625,1.0150990405112932,0.14741849441650087,3.574308978372132,0.9722224594015175,91.73327094626396,120.20841351116691,1.026512359638807,1.0411366314742914,,
2018,12271,"Goldman, Eddie",DT,16,6.7,8.0,0.0,12.5,3.886032681283059,0.5800048778034417,5.050000000000001,8.625,-0.1704064178803266,-0.8138440056337404,4.2404932377895515,1.3712556663130215,129.38372936984607,169.5460401801011,1.3196539262094507,1.1776941644979342,,
2018,12288,"Anderson, Henry",DT,16,6.65625,5.85,0.0,18.7,5.246661885189477,0.7882308935495927,3.0,9.6,0.6262791882352406,-0.14604142393829322,3.722254225676368,1.0655691187290985,100.54092017224133,131.75006605768735,1.1576453818189802,1.2407681345024644,,
2018,13742,"Hill, B.J.",DT,16,6.65,5.75,0.0,14.0,3.831938151901724,0.5762313010378532,4.75,8.5,-0.2020802440807153,-0.825946260470898,4.218923958445297,1.3762593375461014,129.8558467587333,170.16470864928075,1.5264238102873688,1.1203638367148498,,
2018,10819,"Crawford, Tyrone",DT,15,6.533333333333333,7.5,0.0,13.5,3.566261659247989,0.5458563764155085,4.4,8.85,-0.3576410956138246,-0.9233618163942041,4.226352093900635,1.430783827313413,135.0004612907927,176.90627520028298,1.524006453673859,1.4425723223256284,,
2018,13707,"Ward, Denzel",CB,13,9.984615384615385,6.5,1.0,27.4,8.284911786712605,0.829767744431925,3.5,15.9,2.182095058900334,-0.4115601159167046,5.4567665295221595,1.0753592079252823,122.85823689919802,200.49043758137213,1.0125024117545967,1.420477709433908,,
2018,12742,"Howard, Xavien",CB,12,9.658333333333333,6.5,0.5,26.4,8.987533804603402,0.9305470720900847,3.0,12.625,2.525344427087592,-0.20889200674431638,5.002899682149086,0.9670388628754042,110.48279387042967,180.29514542414512,0.9868843347469345,1.1954918836652582,,
2018,11764,"Fuller, Kyle",CB,16,9.53125,5.75,2.0,28.8,7.925884710081267,0.8315682318773788,2.875,16.275,2.006700872441778,-0.40793931991976684,5.203873835609366,1.0678213207521052,121.99704417288255,199.0850706243113,1.271331447451193,1.2250590662212395,,
2018,10264,"Amukamara, Prince",CB,15,9.486666666666668,6.0,1.5,31.0,9.068323378050039,0.9559019723875655,4.5,9.0,2.564812262332667,-0.15790308053342791,4.850277161429678,0.9422290395785816,107.64830737925149,175.66959119776416,0.9829539690743406,1.084077710273352,,
2018,13470,"Moore, Kenny",CB,15,9.346666666666666,7.5,2.5,21.5,5.974709662866937,0.63923427206137,4.25,14.2,1.0535004529764784,-0.7947245949492592,5.701849226781383,1.3400796762090226,153.1021681965531,249.84503661377332,1.4560908069344984,1.5129576569467018,,
2018,10810,"Johnson, Trumaine",CB,10,9.26,6.5,2.5,22.2,6.738427116174813,0.7276919131938243,3.95,11.600000000000001,1.4265965510868759,-0.6168355051254626,5.359751891691091,1.1966256011696232,136.71274724264757,223.09939658436411,1.1966256011696232,1.4172960385743703,,
2018,11965,"Butler, Malcolm",CB,16,9.2375,6.0,1.0,29.9,8.281974024953229,0.8965601109556945,2.75,12.75,2.180659884877724,-0.2772400827801719,4.87066027943883,0.995208559641121,113.70114105443542,185.54711591872012,0.8790017672588997,1.2645326078853716,,
2018,13224,"Lattimore, Marshon",CB,16,9.23125,8.25,0.5,22.0,7.296893067429452,0.7904555794100965,1.875,15.125,1.6994218825470189,-0.4906172235357572,5.155810680900237,1.112615279596466,127.11468929722297,207.43647575807555,1.165747444319692,1.091813656894809,,
2018,12269,"Randall, Damarious",CB,15,9.16,7.5,1.5,25.5,6.266929072520289,0.6841625625022149,5.0,12.0,1.1962573338904439,-0.7043734100030806,5.438904891930795,1.2605049407511506,144.0108695606897,235.00908838848113,1.3533389483356268,0.9609844701373604,,
2018,11883,"Mitchell, Terrance",CB,8,9.125,8.5,1.0,21.0,5.71046189025021,0.6258040427671463,5.25,11.5,0.9244084537421489,-0.8217329034988504,5.612607522164291,1.3598169767207724,155.35712628325754,253.5248674899234,,1.3781049229789957,,
2018,12276,"Darby, Ronald",CB,9,9.044444444444444,10.5,2.0,18.9,5.585121327859724,0.6175195571343676,4.0,12.0,0.8631762865835948,-0.8383930765489843,5.591551832898871,1.3734666370048556,156.91658026330103,256.06971607914295,,1.4327023346677747,,
2018,10592,"Harris, Chris",CB,12,8.966666666666667,6.25,1.0,28.0,7.6744525682436935,0.8558869035216015,3.375,11.350000000000001,1.8838696465049756,-0.35903425859174826,4.831472569611945,1.0336867480828402,118.09721852899888,192.72100607669122,1.0285235751884318,0.9994768136577609,,
2018,12715,"Apple, Eli",CB,15,8.946666666666665,8.5,1.0,18.4,4.865232665442516,0.5438039491925317,5.75,12.25,0.5114917076094667,-0.9866358087166398,5.795209081662288,1.5253728499774124,174.27164577285225,284.3911763742159,1.4895179785236397,1.72267458703314,,
2018,13730,"Alexander, Jaire",CB,13,8.923076923076923,6.5,3.0,22.5,6.035427949412069,0.676384166744456,3.5,10.4,1.0831629357386807,-0.7200158318891119,5.32281150114032,1.2683062050010192,144.90215273775271,236.4635594820627,1.2771638779167283,0.9730653319537855,,
2018,13232,"King, Desmond",CB,16,8.6125,6.25,0.5,27.0,8.170210753095663,0.9486456607367968,2.0,13.0,2.1260605818743663,-0.17249558671500484,4.419736319194919,0.9391823407212979,107.30022643363813,175.10156334012024,1.0230867517898883,1.4921708592444318,,
2018,13738,"Jackson, Donte",CB,16,8.6,7.75,0.5,24.0,6.701678894127949,0.7792649876892964,4.0,12.0,1.4086440763872408,-0.5131216013409717,4.8334565449796685,1.1166396467862305,127.57446743826235,208.18678052407154,1.299698570998178,1.641259263044458,,
2018,12291,"Nelson, Steven",CB,16,8.53125,5.75,3.0,19.2,5.263758014717242,0.6169972764503726,5.0,9.75,0.7061818409414637,-0.8394433875715143,5.275982912431228,1.362001849361851,155.60674482797629,253.93221609366537,1.4499106323922653,1.4997270549604127,,
2018,11348,"Slay, Darius",CB,15,8.413333333333332,5.5,1.0,32.1,7.455187604763693,0.8861158008831649,4.25,9.5,1.7767529347257984,-0.2982436816649511,4.460666375518315,0.995049870755466,113.68301107836476,185.51752989398554,0.9753308147797606,0.9675026499262428,,
2018,12714,"Fuller, Kendall",CB,15,8.2,7.5,2.5,16.0,3.9191835884530852,0.47794921810403485,4.5,11.0,0.049321807318594535,-1.1190702487938071,5.5482285179725235,1.6669432747434048,190.44586240263993,310.78562782888434,1.6553819828088012,2.9117047751468883,,
2018,8265,"Joseph, Johnathan",CB,14,8.064285714285715,8.0,0.0,26.7,6.269382191350635,0.7774256038875897,4.5,9.875,1.1974557470730145,-0.5168206182504582,4.5370594958503405,1.1093495295763764,126.74158207252563,206.82760790653938,1.1657398835927766,1.8356450549278733,,
2018,10851,"Norman, Josh",CB,16,8.056249999999999,6.75,1.0,20.1,5.501700731364803,0.6829108743354295,3.875,11.75,0.822423127258126,-0.7068905658517116,4.7870924853233,1.2390988654915946,141.56525636842946,231.0181304238692,1.3334813949470943,1.2686178722615322,,
2018,10779,"Jenkins, Janoris",CB,16,8.025,6.0,1.5,18.9,5.18742469824864,0.6464080620870579,5.25,10.125,0.6688910046421125,-0.7802980404773193,4.874247268825424,1.2969854812570871,148.17871864279897,241.81053619804723,1.4656129979903785,1.533289382343791,,
2018,10789,"Gilmore, Stephon",CB,16,7.74375,7.0,1.5,18.5,5.0950918477982325,0.6579618205389162,3.5,10.475,0.6237839744423318,-0.7570633312002822,4.670644344200227,1.270489468144327,145.15158739967495,236.8706080103415,1.4288433286561066,1.4919241502274978,,
2018,9103,"Talib, Aqib",CB,8,7.575,6.25,0.0,15.1,4.837548449369783,0.6386202573425456,5.0,9.75,0.4979672386435624,-0.7959593839179876,4.622791623658345,1.2976337696722313,148.2527846582288,241.93140337161427,,1.2248792919974025,,
2018,13226,"Jackson, Adoree",CB,16,7.50625,7.0,2.0,19.0,4.8128043734916135,0.6411729390163682,3.0,9.0,0.4858791056285231,-0.7908259187503347,4.573710558802442,1.2913302285263686,147.53261418338218,240.75616842376414,1.4575176979820756,3.9589803375031547,,
2018,12938,"Poole, Brian",CB,16,7.45,4.75,0.5,21.6,6.629856710367125,0.8899136523982718,1.875,12.175,1.37355704727344,-0.2906061690582485,3.9419790372676884,0.9764272492663272,111.5554034606173,182.04552025873707,0.7553621444020908,1.0140671636910443,,
2018,12711,"Ramsey, Jalen",CB,16,7.375,6.0,3.0,27.5,5.8322915736441026,0.790819196426319,3.875,7.75,0.9839254640074132,-0.48988598653653154,4.118227018516011,1.0794328550686305,123.3236452037838,201.24993012330862,1.1750080956003321,1.9590290622280606,,
2018,10777,"Claiborne, Morris",CB,15,7.34,5.0,2.0,23.1,5.915944556873399,0.8059869968492369,3.25,9.5,1.0247921503754711,-0.4593834072531697,4.064259605858469,1.0613156221307696,121.25377749833861,197.8721453489695,0.9316339122903109,1.8992786786086333,,
2018,9820,"Haden, Joe",CB,15,7.266666666666667,5.0,1.0,21.0,5.6298805986943945,0.7747542108295038,3.5,9.5,0.8850423696884808,-0.5221928130499209,4.09446368535184,1.0960478938485971,125.2218893955612,204.34764516668827,0.9317306369560774,0.9795488653366404,,
2018,11858,"Carrie, T.J.",CB,16,7.2375,6.75,0.0,20.0,4.835012280232595,0.6680500559906868,3.875,10.2,0.49672825319791836,-0.736775801491498,4.338898568425461,1.2403572867393347,141.70902917907208,231.2527510276281,1.4406258165990535,1.664666719361731,,
2018,11801,"Desir, Pierre",CB,16,7.23125,5.5,0.0,16.5,4.934156304526642,0.6823379504963377,3.875,9.8,0.5451627212788246,-0.7080427207019838,4.298333755038086,1.2185809791501314,139.221117477692,227.1927667867443,1.4508566409460442,1.5815339607252075,,
2018,11737,"Dennard, Darqueze",CB,13,7.230769230769231,6.0,2.5,20.0,5.112636624525341,0.7070667672215897,4.0,7.5,0.6323550601373754,-0.6583128540295545,4.235785834281094,1.1829214911545172,135.14707245944942,220.54439636365387,1.1542534142032765,1.3055952465896972,,
2018,13778,"Flowers, Tre",CB,15,6.966666666666667,6.5,2.0,19.5,4.533088228668055,0.6506825208614433,3.5,9.25,0.34923039901571035,-0.7717020665045771,4.220476426339673,1.2590919173439075,143.84943367653884,234.74564369098562,1.098605015114925,1.541825517945125,,
2018,13223,"Humphrey, Marlon",CB,14,6.821428571428571,5.25,1.0,20.0,5.153387037588354,0.7554703510600729,2.875,9.125,0.6522627105967765,-0.5609728236714705,3.8858124646248378,1.1085648488806965,126.65193343596812,206.681311696976,1.066701021616324,1.3335615773845022,,
2018,13248,"Conley, Gareon",CB,15,6.7733333333333325,5.0,0.0,20.9,5.8442526373257415,0.8628325744083281,1.75,10.75,0.9897687587619597,-0.3450664537030181,3.636039774258658,0.9896381229989022,113.06472671067205,184.50856129279893,1.110302612173649,1.428945363765148,,
2018,13970,"Brown, Tony",CB,8,6.75,7.75,1.0,11.5,4.0697051490249265,0.6029192813370261,2.75,10.5,0.12285555554917556,-0.867754358847666,4.211066694743165,1.3314383778903296,152.11491233997015,248.23394920370828,,1.4830478199892347,,
2018,12770,"Young, Tavon",CB,15,6.733333333333333,4.5,1.0,22.3,5.646670602123776,0.8386144458599667,2.25,10.45,0.893244728741073,-0.3937693219860735,3.662177977821762,1.0130385175371661,115.73818800112159,188.8713410095457,0.8141633519971156,0.9300593694144739,,
2018,10379,"Skrine, Buster",CB,14,6.728571428571429,6.0,2.0,14.5,3.9434264599327777,0.5860718730261029,3.2750000000000004,9.25,0.0611650887794136,-0.9016346442809212,4.242286584235198,1.3611149034192218,155.50541253460563,253.76685350706342,1.3268885270768873,1.5417771267777367,,
2018,12506,"Callahan, Bryce",CB,13,6.6692307692307695,4.0,1.0,21.1,5.670759631028229,0.8502869112268394,3.0,9.0,0.9050128540504954,-0.3702958920649249,3.604430604121126,0.9997708114394727,114.22237173540677,186.397704124658,0.9318100370448328,0.7960967275026553,,
2018,13414,"Hilton, Mike",CB,15,6.666666666666667,6.0,1.0,17.3,5.086015685736287,0.7629023528604431,2.25,8.75,0.619350030139419,-0.5460270030627451,3.7816426167050565,1.0954074078861222,125.14871479908365,204.22823268578426,1.059900138986278,1.2903932074173927,,
2018,11346,"Hayden, D.J.",CB,10,6.57,6.5,0.5,16.5,4.4915587494766225,0.6836466894180552,3.5,8.774999999999999,0.328942154226005,-0.7054108352863113,3.902243886020345,1.1963816285542168,136.68487372358567,223.05391022402966,1.1963816285542168,1.0691973223466706,,
2018,12523,"Coleman, Justin",CB,16,6.55,5.25,1.0,15.4,4.274780696129334,0.652638274218219,3.0,9.375,0.2230403635709259,-0.7677690294022683,3.9633597395040847,1.241757786215914,141.86903422222667,231.51386075805348,1.2410717059134435,1.3553337217236954,,
2018,11735,"Roby, Bradley",CB,15,6.5,5.5,2.0,18.0,4.396968652757639,0.6764567158088676,3.75,7.25,0.2827323997508629,-0.7198699350861842,3.877225065643188,1.204379795068618,137.59865270008353,224.54509186129363,1.4527538422221287,1.7268583158763626,,
2018,13263,"Awuzie, Chidobe",CB,16,6.46875,6.25,0.0,14.5,3.194080217762228,0.4937708549197647,5.375,8.125,-0.3049102940425834,-1.0872527988071123,4.3304834732148105,1.5423524739952241,176.2115433016644,287.55686484762026,1.7081280250562523,1.3684294944812698,,
2018,10294,"Smith, Jimmy",CB,12,6.383333333333333,4.5,0.5,20.1,5.551251110235322,0.8696476935094499,2.5,8.125,0.8466297928730205,-0.3313611895967323,3.4141904678048745,0.9743685940171575,111.32020507069116,181.66170368033855,1.1702108099423134,1.1800236632209038,,
2018,12988,"Jones, Jonathan",CB,16,6.35,5.25,1.0,20.2,4.610178955311822,0.7260124339073736,3.0,8.1,0.3868912501416172,-0.620212952656505,3.679000148118732,1.1318712024306643,129.31465067928144,211.0265583710379,1.262918648920306,1.8775684537979167,,
2018,12268,"Jones, Byron",CB,16,6.28125,5.25,2.0,14.0,3.566198737801919,0.5677530328838876,3.375,8.5,-0.12312059255011801,-0.9384739919936504,4.006530281396182,1.3755971565582084,157.15998904622222,256.4669310696125,1.29705651796017,1.2833839852055142,,
2018,11537,"Melvin, Rashaan",CB,14,6.2,4.5,1.0,18.3,5.133781674917067,0.8280293024059785,2.125,6.875,0.6426849743763792,-0.4150561380324651,3.3916305344995346,1.0107956768910964,115.48194669552696,188.45318482578702,0.9850675999029048,1.1629424056259205,,
2018,12245,"Peters, Marcus",CB,16,6.1625,5.0,0.0,24.0,6.601976503290511,1.0713146455643832,1.375,7.5,1.359936831538235,0.07419281443638363,2.9751636301112847,0.8106444419201461,92.6149570789405,151.13690168426947,0.9612093960885376,0.9220815986310427,,
2018,13273,"Griffin, Shaq",CB,16,6.10625,4.0,2.5,24.7,5.465856377320941,0.89512489290824,3.0,6.125,0.8049122158927664,-0.280126318823682,3.2220831581339255,0.9443837975457877,107.89448536595994,176.0713252086354,1.3082448953713475,1.4103546834709577,,
2018,11512,"Bouye, A.J.",CB,13,5.953846153846154,4.5,1.5,16.9,3.995500427811146,0.6710788832240943,3.0,8.0,0.08660459411531317,-0.7306848034399266,3.5628755851184635,1.191841786400351,136.16620331214173,222.2075000819386,1.2853689772419836,1.3203773276864255,,
2018,13281,"Douglas, Rasul",CB,16,5.95,3.25,0.0,22.1,6.696454285664915,1.1254545017924227,0.0,9.375,1.4060917174968297,0.1830685387299593,2.799401255111455,0.7730832639495065,88.32364672671595,144.13397935663684,1.1140822953743355,2.4898113095440877,,
2018,11312,"Trufant, Desmond",CB,16,5.90625,5.75,1.5,11.5,2.8406576593282056,0.4809579105740877,3.375,7.625,-0.477566525695798,-1.1130197419274075,3.9881281958313486,1.5378225616268806,175.69400735387975,286.7123060190529,1.4985924455566841,1.5071105181716296,,
2018,9191,"Scandrick, Orlando",CB,15,5.7,4.5,0.0,19.0,4.607240678178933,0.8082878382770057,3.5,7.75,0.3854558243454672,-0.4547563950225157,3.1521530363391386,1.0165427751624874,116.13854437535878,189.52467632254684,1.2448824002963983,1.2211383293057505,,
2018,12713,"Alexander, Mackensie",CB,15,5.693333333333333,4.5,0.0,15.1,4.749100499626803,0.8341511416206329,1.75,8.75,0.45475808479741187,-0.40274506584016195,3.104069890501377,0.990299844941467,113.1403274872143,184.63193301905025,1.0326367348797663,1.2997030322587568,,
2018,11363,"Webb, B.W.",CB,16,5.5875,4.75,0.0,17.5,4.88644489890145,0.8745315255304609,2.375,5.925000000000001,0.5218544425469184,-0.3215397606964402,2.980744748167856,0.9492146951112649,108.44640843795395,176.9719998480258,0.9877786681777806,0.8767697551627517,,
2018,10260,"Peterson, Patrick",CB,16,5.5875,3.5,0.5,19.4,5.784340390226011,1.035228705185863,2.0,5.125,0.9605000475060911,0.0016236727863295543,2.7453917025456525,0.8235878034730891,94.09371744870705,153.55006763142316,0.77359635134031,0.9406853791314559,,
2018,13022,"Williams, Trevor",CB,9,5.544444444444444,2.0,0.0,28.9,8.596137519078763,1.550405564563304,1.0,4.5,2.334137029231676,1.0376488418919467,2.1739461838861684,0.5777787608213346,66.01038922544357,107.72132300404407,,0.6761281351044867,,
2018,13249,"White, Tre'Davious",CB,16,5.5375,3.75,1.0,16.6,4.322452284294183,0.7805782906174598,2.375,7.25,0.2463291904243575,-0.5104805376684272,3.109944689980318,1.040403878554326,118.86464098715666,193.9733507979659,1.0763944956937497,1.3176455934109763,,
2018,13764,"Johnson, Taron",CB,11,5.5181818181818185,4.5,1.5,12.5,3.9592970408711747,0.7175002874725357,2.0,8.75,0.06891828572052652,-0.6373309535703303,3.212914640207918,1.1126943542007453,127.12372345659378,207.4512184616268,1.1774770307341629,1.2504901728366846,,
2018,13270,"Moreau, Fabian",CB,16,5.4,4.0,0.5,19.0,4.755917366817889,0.880725438299609,1.875,6.875,0.45808830402877154,-0.3090837479558121,2.871232498924573,0.938164962396836,107.18399242896169,174.91188288362355,0.9224127855238735,1.0323502039863655,,
2018,12817,"Brown, Anthony",CB,15,5.38,3.5,1.0,16.1,3.907292327601473,0.7262625144240656,3.0,6.0,0.043512613085657556,-0.6197100385506404,3.116559593368065,1.0963275959208183,125.25384495347794,204.39979294246288,1.0430761850872674,1.361948940349458,,
2018,9188,"Carr, Brandon",CB,16,5.36875,4.25,2.0,21.3,4.552295952319006,0.8479247408277543,2.5,5.5,0.35861387809781464,-0.3750462373931795,2.9052860657058672,0.9669423327043032,110.47176543775188,180.27714829713753,1.301289689764297,1.3196305764776473,,
2018,11815,"Benwikere, Bene",CB,15,5.233333333333333,3.5,0.0,16.2,4.73013976772592,0.9038483632597298,1.25,8.5,0.4454952676928704,-0.26258334366557495,2.748818358817678,0.91329942121294,104.34314024963098,170.2759405901873,0.8432589612113386,0.43749999999999994,,
2018,12221,"Hunter, Danielle",DE,16,12.51875,11.4,5.0,39.0,8.014847062639436,0.6402274238753418,6.300000000000001,15.475,2.031780379667916,-0.9199246522936916,7.632325748110058,1.3886813512213556,153.46353158766433,206.81676842092776,1.105751909602039,1.806387754666169,,
2018,12083,"Autry, Denico",DE,12,12.383333333333333,7.95,2.5,38.6,10.483783774106668,0.8466043424581428,6.0,12.775,3.301491971952789,-0.32832673007711444,6.706002497995331,1.0783321574945486,119.16676274806592,160.59636136198142,1.0992311807121975,1.2022991396933682,,
2018,11769,"Lawrence, Demarcus",DE,16,11.625,10.95,1.0,25.2,6.786429473589187,0.5837788794485321,8.100000000000001,14.2,1.400036339515173,-1.0817394609669413,7.3400397939690905,1.4929821222205726,164.98983648891354,222.35031640362175,2.3443038053051883,2.508617671653926,,
2018,9833,"Pierre-Paul, Jason",DE,16,10.9125,10.0,0.0,27.0,7.344374973406518,0.6730240525458436,7.199999999999999,14.700000000000001,1.6869735727341808,-0.8259101786286387,6.522619912962059,1.3077672126166529,144.5216894186669,194.766199259709,1.2473434318661791,1.4221941372593034,,
2018,11721,"Mack, Khalil",DE,14,10.607142857142858,10.75,0.0,32.5,8.286517818180348,0.7812205350473055,3.0,13.875,2.1714937655935094,-0.5157552704220508,5.954985723798179,1.1422088521035412,126.22579261998084,170.10953840927405,1.080200890313539,1.5004997624982357,,
2018,10292,"Jordan, Cameron",DE,16,10.36875,9.1,1.5,26.0,6.4911207381699505,0.6260273165203086,5.225,13.075,1.2481665394821206,-0.960630531924894,6.376737890350501,1.3841386839712109,152.9615202670531,206.14022749967162,1.2739044116150495,1.310489798231716,,
2018,10753,"Jones, Chandler",DE,16,10.2375,9.649999999999999,1.0,30.9,7.258002049462372,0.7089623491538336,5.0,12.25,1.642554166484497,-0.7228898324228213,5.9904772068670455,1.2397066431663697,137.00029846708418,184.6299163621129,1.436579928051105,1.3607911553015841,,
2018,12222,"Flowers, Trey",DE,15,9.96,8.2,2.0,22.4,5.943825928361854,0.5967696715222744,6.15,11.45,0.9667066862655035,-1.0445001919074506,6.237593422290312,1.4343677538514714,158.51234763677965,213.62085932661157,1.4161745354815902,1.4171655815229536,,
2018,13198,"Garrett, Myles",DE,16,9.95,8.8,2.5,30.4,7.22521625973922,0.7261523879134895,4.65,14.299999999999999,1.6256932655629168,-0.6736130466132946,5.764265119157411,1.2096946372952222,133.68366401601648,180.1602184989987,1.6175305557589803,1.6800571543982974,,
2018,12280,"Clark, Frank",DE,16,9.59375,9.5,1.7,24.9,6.108443822897939,0.63671075678415,4.9,10.375,1.0513654983035738,-0.9300054934970734,5.861603805213598,1.3496273219598804,149.1476608172225,201.000439053092,1.9415681307158847,6.465494727613597,,
2018,13214,"Watt, T.J.",DE,16,9.431249999999999,6.2,1.0,25.0,8.076564767120981,0.8563620694097794,3.5,12.65,2.063520231266972,-0.30035533177450385,5.080501350148042,1.0390770343163123,114.82866903740828,154.7500830112655,1.192199049728717,1.2249573753703202,,
2018,10277,"Houston, Justin",DE,12,9.333333333333332,8.3,0.5,21.6,6.879114930150696,0.7370480282304318,3.9749999999999996,14.55,1.4477021213417263,-0.6423797177265852,5.373100329782705,1.1845662128391903,130.90671539719557,176.41783401537677,1.440440285990883,1.699225122499885,,
2018,9825,"Dunlap, Carlos",DE,16,9.18125,7.75,2.0,21.6,5.455870548088545,0.59424049536703,5.375,11.625,0.7157635981040406,-1.0517503018937666,5.759011909860106,1.4221552200606602,157.1627374014847,211.80204266962573,1.222585047726898,1.2605308822310737,,
2018,10267,"Miller, Von",DE,16,9.049999999999999,7.1,2.0,32.8,8.047903453695254,0.8892710998558292,4.525,7.575,2.0487804439983344,-0.20601864835206024,4.790207186618483,1.0002317162550944,110.53586299513118,148.96483707083553,1.1656316553234258,2.0364673603567964,,
2018,11711,"Ford, Dee",DE,16,8.774999999999999,8.6,0.5,20.3,5.424308711716176,0.6181548389420144,4.475,13.6,0.699532145377988,-0.9831976940377777,5.422843221689025,1.3659057174504716,150.94659046970878,203.42478582456755,1.6451735832406207,2.0402561222893216,,
2018,10320,"Sheard, Jabaal",DE,16,8.700000000000001,8.7,2.0,17.0,4.406954730877094,0.5065465207904705,5.0,11.799999999999999,0.1763327709554295,-1.3031329347320957,5.77479678187116,1.609038808909858,177.81529064226297,239.6346767600187,1.4203818181530863,1.5876931235170508,,
2018,11723,"Van Noy, Kyle",DE,16,8.45625,7.0,1.0,18.9,5.0452909665845835,0.596634556284947,5.0,10.5,0.5046129226858583,-1.044887511837468,5.2962964923395015,1.3988160448755935,154.5835191775967,208.32613166589545,1.5578544246037338,1.2308756565973016,,
2018,11491,"Mayowa, Benson",DE,15,8.433333333333334,7.5,0.0,23.4,6.3385241885543735,0.7516036587218624,4.5,9.8,1.1696900005373745,-0.6006546991808328,4.814635600548529,1.149186555314009,126.99690038786954,171.14873003355854,1.1417838874306356,1.336494047352951,,
2018,10749,"Ingram, Melvin",DE,16,8.3,6.2,0.0,27.1,7.529276193632427,0.9071417100761959,2.375,12.775,1.7820635852314777,-0.15479094349188913,4.352062542677225,0.9731189155530462,107.53962044941731,144.92691878302492,1.1127676623703369,1.0495515138804743,,
2018,9749,"Bennett, Michael",DE,16,8.100000000000001,5.75,1.0,26.1,6.8237636242765625,0.8424399536143903,3.75,9.15,1.419236347233354,-0.34026432370039267,4.396344089320197,1.0353073519330642,114.41208047230064,154.1886629793835,1.0022729338146692,0.9695257527519108,,
2018,11706,"Clowney, Jadeveon",DE,15,8.1,5.0,1.0,26.8,8.096171934933203,0.9995273993744695,2.75,9.2,2.073603700862374,0.1100409098312654,4.050957242463392,0.8904844870942384,98.40766860829591,132.6201462904513,0.9443240493212469,0.8194173927004123,,
2018,9853,"Hughes, Jerry",DE,16,8.00625,6.4,0.0,16.6,5.3336747123817,0.6661888789860047,4.375,12.525,0.652921376023056,-0.8455038158617096,4.805127498433657,1.2640766006420543,139.69342870576025,188.259342109959,1.0825938210447477,1.1844198455803756,,
2018,12691,"Ogbah, Emmanuel",DE,14,7.378571428571428,6.25,1.9,18.8,4.436887353512043,0.601320648104246,4.0,9.625,0.19172636033767737,-1.0314544099060563,4.607803838229832,1.357131562382863,149.97695634724522,202.11804803687357,1.2236652389698106,1.3439237641047201,,
2018,13681,"Chubb, Bradley",DE,16,7.3625,5.550000000000001,2.5,16.8,4.7555066764751786,0.6459092260068154,3.375,11.875,0.3555842048961283,-0.9036372575670526,4.4732114527739535,1.2792097053927813,141.36579198542128,190.51312035647186,1.5243258974418987,1.3552845179731083,,
2018,9828,"Griffen, Everson",DE,11,7.127272727272726,6.3,2.0,12.2,3.195192669988323,0.44830509400346374,4.75,9.65,-0.44684575308503993,-1.4700872012786141,4.921112793694062,1.698914278302399,187.74745177047836,253.019859850244,1.6982169283631587,2.255089566009549,,
2018,12753,"Nassib, Carl",DE,15,7.066666666666666,7.0,0.0,14.2,4.641503587799492,0.6568165454433244,4.0,10.55,0.29695530502377093,-0.8723704494380116,4.265207687659708,1.2526211419858495,138.42748303738105,186.553276900707,1.8530374606810704,1.5309150226772257,,
2018,13684,"Hubbard, Sam",DE,16,7.050000000000001,4.5,0.0,23.9,6.64210057135542,0.9421419250149531,2.0,13.3,1.3258116421315536,-0.054459692414531774,3.630012775686165,0.9225212275307176,101.94805699445473,137.3913885354669,1.0642761505425662,0.9947521542999246,,
2018,9826,"Graham, Brandon",DE,16,7.0,6.25,0.0,15.9,4.651209520114096,0.6644585028734423,3.0,10.375,0.30194682008227636,-0.8504640939774737,4.205571955032542,1.2386728849966038,136.88605758712973,184.47595841934103,1.071676549575226,1.1295190976973726,,
2018,12278,"Golden, Markus",DE,11,6.836363636363637,6.5,0.0,22.6,5.802236673320312,0.8487314282782371,3.25,8.3,0.893890920015105,-0.32222924805157827,3.697867376404418,1.0050170208245146,111.06468822800402,149.67751404751343,1.1312923733813822,1.2835956788603156,,
2018,13245,"Reddick, Haason",DE,16,6.70625,5.5,0.5,23.1,5.646621639307879,0.8419939070729363,3.75,7.425,0.81386205102803,-0.3415429560636828,3.6407557995980153,1.0089712283815706,111.50166871730254,150.2664154739614,1.3633574872224836,1.9804212185283678,,
2018,10269,"Quinn, Robert",DE,16,6.68125,6.65,0.0,12.9,3.650208684102869,0.5463361921950037,4.625,9.274999999999999,-0.2128425463146406,-1.1890722777058695,4.320696905189845,1.4367634774844442,158.77709966869878,213.97765523185313,1.2145436603855884,1.448091544337644,,
2018,12756,"Ngakoue, Yannick",DE,16,6.64375,6.55,0.0,16.5,4.7351041105238645,0.7127155763723597,3.125,8.225,0.3450916821917512,-0.7121308704258387,3.879073730427491,1.1584358142354867,128.0190383588377,172.5262251938025,1.243981691038706,1.3663361939355103,,
2018,12687,"Lawson, Shaq",DE,14,6.614285714285715,6.7,0.0,14.7,4.4345811757235465,0.6704550373664109,2.75,9.75,0.19054035153545737,-0.8332744907461563,3.9595712343826976,1.217073680642024,134.4991239851035,181.2591818412235,1.0571545274400251,1.1931211830521598,,
2018,10280,"Kerrigan, Ryan",DE,16,6.55625,4.449999999999999,0.0,17.5,5.3029436106279695,0.8088379196382032,3.5999999999999996,8.65,0.6371171490620462,-0.43658756381402714,3.6245646604486024,1.0401885856863622,114.95150686383904,154.91562672083242,1.470790598896439,1.288243339456246,,
2018,6938,"Suggs, Terrell",DE,16,6.487500000000001,6.05,0.0,18.5,4.985713965923035,0.7685108232636663,2.375,9.2,0.4739739808198366,-0.5521887976537107,3.6683405691732,1.083830606830473,119.77439779163059,161.41524722228476,0.8669910605748892,0.8768979997367504,,
2018,12008,"Wynn, Kerry",DE,14,6.364285714285714,5.5,0.0,21.0,5.165490869062431,0.8116371735900566,3.0,8.075,0.566428686880533,-0.4285632516329699,3.5130023864954345,1.032243149725646,114.07345470200745,153.7323103411277,1.2025380338967835,1.449489742783178,,
2018,10815,"Vernon, Olivier",DE,11,6.363636363636363,3.0,0.0,17.4,5.5309497338773275,0.8691492438950087,2.25,10.35,0.7543749209834654,-0.2636997507704327,3.4045630034205083,0.9743814640965499,107.67914501213758,145.11495055108483,0.9428036502338893,1.3251341306636186,,
2018,10554,"Addison, Mario",DE,16,6.3375,5.0,0.0,22.8,5.780989859012036,0.9121877489565342,1.95,9.4,0.8829642217724795,-0.14032602106969258,3.314266605597868,0.934598064849982,103.2826713779445,139.1899958725056,0.6797630021107496,1.0032799193262993,,
2018,12217,"Fowler, Dante",DE,15,6.253333333333334,4.0,0.0,19.0,5.613182895846369,0.8976305270543233,2.0,8.05,0.7966653525434876,-0.18205560153698866,3.295337656187653,0.9455860259453809,104.49695377121253,140.82643651692456,1.1258044930635667,1.0088145007534473,,
2018,13294,"Ebukam, Samson",DE,16,6.23125,3.5,0.0,35.1,8.106534304960412,1.3009483337950511,1.875,7.625,2.0789328052035194,0.9740910165017508,2.7081225199535606,0.6842614095908892,75.61790352597075,101.9072758212469,0.6558078552579072,0.7692372333413688,,
2018,12215,"Gregory, Randy",DE,14,6.0,5.2,0.0,17.3,5.104339890160697,0.8507233150267828,2.125,9.25,0.5349802878873657,-0.3165193262743638,3.241975692035398,0.9829072607295545,108.62133298042012,146.3847002357776,1.2203630222172668,1.5283571117943422,,
2018,12734,"Floyd, Leonard",DE,16,5.95625,4.75,0.5,19.9,4.920869937063974,0.8261691394860816,2.75,7.125,0.4406263398088701,-0.38690606976957603,3.261609163801882,1.00597548389208,111.17060822694083,149.82025826605596,1.0830897057978057,1.4016053511537974,,
2018,12794,"Blair, Ronald",DE,16,5.80625,5.45,1.5,11.7,3.458227282510506,0.5956042682472346,2.0,8.424999999999999,-0.3115737166896234,-1.0478409247800629,3.6389035273627997,1.3023674281429631,143.9249578542833,193.96200758965034,1.5427684725674178,1.7514788647177968,,
2018,11790,"Marsh, Cassius",DE,16,5.793749999999999,4.5,1.0,13.9,3.8089481405632184,0.6574236272816775,2.5,8.825,-0.13120686602985648,-0.8706301949722922,3.4956361817420607,1.204785294133249,133.14113124653016,179.42906841411013,1.3432961304717248,1.255489113929611,,
2018,11262,"Okafor, Alex",DE,16,5.71875,5.75,0.0,12.5,3.325323057614102,0.5814772559762365,3.0,8.274999999999999,-0.37992299199944524,-1.088337270805781,3.6160810902524485,1.3221555763176978,146.11175117429434,196.90906297779514,1.5398558455741254,1.5893210765188697,,
2018,6510,"Peppers, Julius",DE,16,5.625,4.75,0.0,18.2,4.776832109253998,0.8492145972007107,1.875,9.2,0.366551334626103,-0.32084420105805844,3.0418319261133715,0.973717063888567,107.60572197508525,145.01600121052348,0.9751075836624659,0.8241962362814579,,
2018,11709,"Murphy, Trent",DE,13,5.6000000000000005,4.0,2.0,15.0,3.8880487492986857,0.6942944195176224,3.0,7.7,-0.09052742722458765,-0.7649367665256773,3.3052106738298535,1.1456514219101155,126.60623189050845,170.62224145798496,1.2600973763342913,1.584806247805268,,
2018,12234,"Dupree, Bud",DE,16,5.574999999999999,3.5,0.0,21.8,5.969976968129777,1.07084788666005,2.0,6.425000000000001,0.9801555033977587,0.3144874747832215,2.6921339978242402,0.7998591710548958,88.39264173520237,119.12328829354821,0.9761344538619097,1.0403719493713721,,
2018,13116,"Mahomes, Patrick",QB,16,43.26875,43.45,20.2,71.6,13.276469727962324,0.3068373763504221,34.75,52.375,-0.6789343867939098,-0.16806583008124468,33.109513687797744,3.0307737714214125,263.1281271040009,353.18928122100647,3.3197876095238152,3.183502954326811,,
2018,4925,"Brees, Drew",QB,15,36.053333333333335,27.6,-2.9,72.9,25.837746719781034,0.7166534778045774,14.75,62.8,1.43603339688883,-0.16575284577870045,21.00210310320859,1.3433815330986731,116.63076608471997,156.55010695772646,1.1600787660918843,0.9668670582142097,,
2018,9099,"Ryan, Matt",QB,16,35.5375,33.349999999999994,-2.9,71.2,20.811171128747176,0.5856115688708315,23.85,48.65,0.5896986297941511,-0.1664924406293266,22.41248783603886,1.6293256235636742,141.4560874894336,189.87241848524218,1.9544364618389543,1.4381003373834937,,
2018,7401,"Roethlisberger, Ben",QB,16,33.75,33.25,3.8,73.3,19.462592324764962,0.5766694022152582,19.1,46.375,0.3626356706668704,-0.1665429098301015,21.405882522094004,1.6493511410650488,143.19467879047744,192.20607934738965,1.6633609324333505,1.7639435263178873,,
2018,8062,"Fitzpatrick, Ryan",QB,8,33.3,34.7,-4.1,87.1,29.89736610472568,0.8978188019437142,7.5,47.15,2.11955977870208,-0.164730356546549,17.546459106577874,1.077761770603056,93.56997834585076,125.59627797895601,,0.8136910296635465,,
2018,12611,"Goff, Jared",QB,16,30.53125,30.05,-41.5,90.6,28.17575905698904,0.9228498360528652,21.65,44.974999999999994,1.829689294634603,-0.1645890824756536,15.878124972396753,1.0464594919488908,90.85235222871066,121.94848697499094,0.9004331823664309,0.26584423161403964,,
2018,7394,"Rivers, Philip",QB,16,30.243750000000002,29.95,-16.4,55.7,17.116474839682965,0.5659508109835243,23.5,38.95,-0.03238490732969577,-0.16660340509413926,19.313346107598907,1.6694059008518052,144.93580887150458,194.54314794054383,1.383150349193494,0.7921662384584583,,
2018,10695,"Luck, Andrew",QB,16,30.13125,30.95,0.5,57.1,16.082394051803977,0.5337446688007957,20.925,39.875,-0.20649519512239164,-0.16678517516381158,19.645545059047556,1.7638774699040505,153.13771666933908,205.55233176152385,2.214954088740699,1.6240942059903578,,
2018,7836,"Rodgers, Aaron",QB,16,29.25625,23.4,-1.7,64.0,17.495426857824874,0.5980064723888014,19.925,42.875,0.03142001556577909,-0.1664224843314484,18.30796714875998,1.581809937391228,137.33083286683157,184.33520841558448,1.3354696206116798,0.949290041663925,,
2018,5848,"Brady, Tom",QB,16,28.456249999999997,29.6,-6.1,49.4,14.948702650648316,0.5253222982876633,25.299999999999997,39.349999999999994,-0.3973771246940449,-0.16683271065770253,18.655893270520707,1.7842360362046907,154.90522286585,207.92480425228356,1.7972618638506936,1.455855958056528,,
2018,13113,"Watson, Deshaun",QB,16,27.9,33.75,-20.7,58.1,20.308557309666288,0.7279052799163545,20.0,40.425000000000004,0.505072517681332,-0.16568934109558156,16.146718413494632,1.3093331282143446,113.67472459704062,152.5822978915361,1.7987780460939162,2.670830387470694,,
2018,12610,"Wentz, Carson",QB,11,27.345454545454547,32.8,-22.2,44.0,17.6661136147126,0.6460347398997294,25.6,38.099999999999994,0.06015889236580102,-0.1661514148726424,16.612926740003275,1.4649784689996157,127.18766554943804,170.72032803938407,1.5172787699055121,0.8962347456233903,,
2018,13115,"Trubisky, Mitchell",QB,14,25.078571428571433,21.65,-21.4,84.4,27.52280038107181,1.0974628462973663,5.8,35.05,1.719749312852454,-0.1636035742189442,11.956622484561489,0.8792464657577583,76.33511876709535,102.46242401373678,0.9946760724479115,0.6069674872425704,,
2018,10700,"Cousins, Kirk",QB,16,24.7125,20.5,-5.4,59.9,20.137306020170623,0.8148631672299697,9.774999999999999,40.575,0.4762385893766417,-0.16519855455101895,13.616729043941506,1.169141421163969,101.5034495056709,136.24514705792365,1.0382657906537391,0.7893131598546698,,
2018,13590,"Mayfield, Baker",QB,14,24.29285714285714,25.2,-6.6,48.3,15.899931009990231,0.6545105384882778,10.399999999999999,34.275,-0.2372168689936208,-0.166103577833011,14.682805928243567,1.4374530362577604,124.79794064374347,167.51266935596024,1.9443193263533778,2.1527871929187548,,
2018,10273,"Newton, Cam",QB,14,23.964285714285715,29.25,-12.7,42.5,16.768065189641938,0.6997106189418394,12.25,38.175,-0.09104734951936208,-0.16584847053929597,14.099038652358812,1.3487279261140894,117.09493348453503,157.17314544514028,1.2163095890991522,0.8156044008990311,,
2018,7578,"Lee, Andy",PN,16,6.175000000000001,5.800000000000001,2.1,10.1,2.5148310082389234,0.4072600823058985,4.275,8.375,-0.48780927242814076,-1.5254117054992595,4.387959324392838,1.7568412209649684,200.29028545433854,261.6579860530398,1.685087393426008,2.990254066362719,,
2018,9310,"Kern, Brett",PN,16,5.64375,6.199999999999999,-2.4,12.2,3.4483635158579204,0.6110057170955341,3.45,7.9,0.5801670037140726,-0.9430303830959536,3.5032464131629895,1.2687249996275394,144.6421505290503,188.95960790090385,1.0873323719470644,1.0392425344243086,,
2018,11985,"Way, Tress",PN,16,5.40625,5.25,-0.5,10.9,3.4540680273410946,0.638902756502399,2.225,8.5,0.5866930570451445,-0.8632901976550158,3.298700901289311,1.2137780489238108,138.37787330811258,180.77599501129032,1.656132823208357,1.5183961487714785,,
2018,13782,"Dickson, Michael",PN,16,4.8875,3.75,-2.2,16.4,4.990475303014733,1.0210691157063392,2.25,5.9,2.34436781129314,0.22908436968746587,2.418274546881034,0.8158784992470204,93.01497230380703,121.51418263039989,0.9145436069848932,0.6858645075456258,,
2018,13844,"Cooke, Logan",PN,16,4.65625,4.35,1.1,9.7,2.4864554967865398,0.534003865081673,2.825,6.425000000000001,-0.5202713161247653,-1.1631305116196264,3.0353574107533903,1.3355254367341438,152.2577952765065,198.9086389414986,1.747058021590323,2.30006558815765,,
2018,8444,"Koch, Sam",PN,16,4.30625,3.5,1.2,12.6,2.7983184124577387,0.6498272075373558,2.85,4.225,-0.16349510037747939,-0.8320640256350009,2.6101218238653012,1.13372538381099,129.25139622214078,168.85322197885085,1.5156775878639772,1.4246439102261603,,
2018,13848,"Johnston, Cam",PN,16,4.2625,4.25,-0.7,11.5,3.049769458500101,0.7154884360117538,2.0,6.1499999999999995,0.12416896015889684,-0.644379645996499,2.484715087855477,1.0525290497841542,119.9945341187185,156.76011476869428,1.0657067016259403,0.916293609374106,,
2018,13869,"Bojorquez, Corey",PN,8,4.225,4.0,0.5,8.9,2.78735986194822,0.6597301448398154,1.675,6.575,-0.17603185926863185,-0.8037577223964648,2.545594543267011,1.1155528267722248,127.17961728543625,166.14666283198295,,0.9126188527219551,,
2018,13430,"Haack, Matt",PN,16,3.99375,4.35,-9.5,13.7,5.693139374501559,1.4255122064479648,1.3250000000000002,7.275,3.1482268652851824,1.3851341779014181,1.6465594316050203,0.5966930877332008,68.02653958965628,88.86944919375406,0.475983373375669,0.09470197201984194,,
2018,11383,"Martin, Sam",PN,16,3.9375,2.9000000000000004,-0.4,8.3,2.5546220366230306,0.648792898189976,2.075,5.9750000000000005,-0.44228769286803,-0.8350204690754853,2.3881107228946328,1.1077127074080462,126.28579732794178,164.97898198594748,1.0976903785373555,1.8837363018358555,,
2018,13908,"Daniel, Trevor",PN,16,3.91875,3.9,-1.5,11.7,3.225720607476723,0.8231503942524333,1.95,6.05,0.32545991824912024,-0.3366414523538545,2.1494386926904343,0.9273566248242753,105.72413766680953,138.11735739623947,0.8583002827208238,1.1160637226351804,,
2018,9712,"Colquitt, Britton",PN,16,3.7,2.05,-4.2,12.0,4.7519732743356204,1.2843171011717893,0.25,7.275,2.0715176358978136,0.9815456926191997,1.6197400956732346,0.643257508950677,73.33515889251035,95.80459650934246,0.39916242972485144,0.1036571442511401,,
2018,13732,"Wadman, Colby",PN,12,3.6583333333333337,3.1500000000000004,-1.1,7.0,2.1069165199936664,0.5759225111599998,2.9,5.625,-0.9544700395520912,-1.0433113235341598,2.321391634059799,1.1774804085630184,134.2397277190713,175.36994729226777,1.1623239681697577,1.1168394282524758,,
2018,13431,"Sanchez, Rigoberto",PN,16,3.4625,3.4,-1.2,8.8,2.6023727154272116,0.7515877878490143,2.1500000000000004,4.875,-0.38766014458626685,-0.5411941800472899,1.9767778834836598,0.9611720589520888,109.57929707074364,143.15371371905673,1.071027310818367,1.850126431757328,,
2018,12844,"Edwards, Lachlan",PN,16,3.3312500000000003,3.4000000000000004,-0.3,8.9,2.5262914395413683,0.7583614077422494,1.7,4.175,-0.474698353798659,-0.5218326378235628,1.8945195142091709,0.9446893590942854,107.7001718429303,140.6988361820072,0.981857220161123,1.062510526825036,,
2018,11840,"O'Donnell, Pat",PN,16,3.25625,3.85,-2.7,8.4,2.7310640668977357,0.8387144927133161,0.825,4.55,-0.2404351586393476,-0.29215343054655113,1.770938344644733,0.8727403072195089,99.49755457382233,129.98298788147653,1.1693572607232616,1.1806633613735975,,
2018,13733,"Leonard, Shaquille",LB,15,15.786666666666667,13.5,8.5,29.0,6.174988978847564,0.3911521734911886,11.75,19.35,1.5313673557076952,-1.2999375774856947,11.34790784752827,2.2002356677072274,247.32011383695166,531.8300813377704,2.5358027944503596,2.459545176918808,,
2018,10775,"Wagner, Bobby",LB,15,13.313333333333333,9.5,5.5,58.7,12.528679987222208,0.9410625929310623,7.75,12.5,4.685229967894922,-0.191666868556376,6.8587862039161775,0.9840822124484968,110.61693453106365,237.86748427495183,1.0375267210020245,0.9580028529209583,,
2018,12985,"Littleton, Cory",LB,16,12.962499999999999,10.5,3.0,31.7,7.487729545730134,0.5776454808663556,8.375,13.875,2.182989127672259,-0.9240853247028243,8.216357956973775,1.5272046464441082,171.66725935520915,369.148352269084,1.4654884571555202,1.3849051333363216,,
2018,11293,"Ogletree, Alec",LB,13,12.138461538461538,8.6,4.0,33.7,8.43860528592241,0.695195619245826,6.0,12.5,2.654987442018276,-0.6871787839443264,7.160507849744095,1.286043983274302,144.55930744644675,310.85618975600227,1.3064166375872714,1.7924652121550553,,
2018,10773,"Kuechly, Luke",LB,16,11.787500000000001,12.0,0.0,22.5,5.6134743029606895,0.4762226343975134,8.5,13.75,1.2526411570084182,-1.1284894712402647,7.984906697227822,1.7823460801417235,200.3467364461213,430.8198774732167,1.6252551111908322,1.4976021622493452,,
2018,13230,"Adams, Jamal",LB,16,11.50625,10.55,5.0,25.2,4.8751241971359045,0.4236935749819363,8.100000000000001,13.75,0.8861369013881921,-1.2343547464921678,8.081970869430938,1.9584692363795888,220.14406983607714,473.3914955422283,2.4805904445984504,2.33059392703692,,
2018,10768,"David, Lavonte",LB,14,11.121428571428572,9.5,7.0,18.1,3.773058359972067,0.3392602250456579,8.274999999999999,14.25,0.33909043101081243,-1.4045188410122718,8.304158044452802,2.3300424450485155,261.9111994283916,563.2063334205983,2.1791496291645966,2.321346993624231,,
2018,11308,"Alonso, Kiko",LB,15,11.073333333333332,11.0,3.0,25.0,6.038815189164915,0.5453475486903897,6.75,14.25,1.4637730355756848,-0.9891774759409634,7.165594136230046,1.5731814283714802,176.83533435145878,380.2616325558105,1.4240524032965154,1.6268790170499583,,
2018,13697,"Edmunds, Tremaine",LB,15,10.98,10.0,4.5,24.9,5.048722610720458,0.45981080243355715,7.25,13.5,0.9723081592314968,-1.1615653177827783,7.521522639574899,1.8152593045909544,204.04638668677367,438.77549926993237,1.6205038261766551,1.4447091230367601,,
2018,13307,"Milano, Matt",LB,13,10.907692307692308,11.5,2.5,23.6,5.784257353895544,0.5302915768733574,6.0,14.5,1.3374149173988361,-1.0195207681744118,7.127852281575355,1.6077945954436816,180.72606866969429,388.6281560739704,1.825164465714762,2.2586800941635023,,
2018,11813,"Smith, Telvin",LB,16,10.35,9.0,5.0,24.5,5.061002865045623,0.488985784062379,7.375,11.925,0.9784038656379367,-1.1027670545934598,6.951040171627589,1.707638196261122,191.94910767523515,412.76185735112864,1.692414157269005,1.6645822161312762,,
2018,12768,"Schobert, Joe",LB,13,10.26923076923077,9.5,5.5,18.9,4.561609806161488,0.4442017039707815,6.0,13.3,0.7305137659896381,-1.1930233625979836,7.110662410240815,1.846449342392538,207.5523400775324,446.3146009145438,2.0140379756052895,2.543347357057287,,
2018,13216,"Cunningham, Zach",LB,14,10.049999999999999,8.75,2.0,23.2,5.126646077115135,0.5101140375238941,7.125,12.125,1.0109880237307727,-1.0601858929815695,6.655126533674767,1.6403754800754315,184.38836185687353,396.5034463340434,1.575925673062569,1.6289891628707505,,
2018,12701,"Smith, Jaylon",LB,16,10.00625,8.25,1.0,31.9,6.987262406515157,0.6982898095205654,5.875,11.875,1.9345658730761577,-0.6809428583678651,5.8919566871951075,1.2527759187976557,140.8197709893939,302.81479778320414,1.1340460760429223,1.1663278027044006,,
2018,13727,"Vander Esch, Leighton",LB,16,9.99375,8.5,2.5,27.2,6.391544096499686,0.6395541309818322,5.875,11.375,1.6388615804253608,-0.7993167421721958,6.095407166590672,1.3520517322940149,151.97898718406685,326.8112563178758,1.3258876260650225,2.09880036724619,,
2018,11816,"Williamson, Avery",LB,16,9.756250000000001,8.0,2.5,22.4,5.6462342262343315,0.5787299655333075,5.25,13.325,1.2689026177962779,-0.9218996912829485,6.179809221968028,1.4679365288526347,165.00515592476174,354.8223560760234,1.5569036548593,1.5745164039226427,,
2018,12705,"Lee, Darron",LB,12,9.658333333333333,5.75,2.5,39.1,9.814314234264607,1.0161498775770086,4.5,9.25,3.3378656323031044,-0.04033851534767811,4.790483803188597,0.8931064073144271,100.39069067346229,215.87726270262363,1.3920316459083983,2.0093029768425428,,
2018,12788,"Martinez, Blake",LB,16,9.425,8.75,5.0,15.5,2.914296656141924,0.3092091942856153,7.875,10.75,-0.08718406469856199,-1.4650826637498235,7.199002299355878,2.4078399845375107,270.65612462211107,582.0111698122498,2.1944278037503793,2.8184297503567306,,
2018,10816,"Davis, Demario",LB,16,9.35,8.5,2.5,17.4,4.187779841395677,0.44789089212787986,6.625,11.600000000000001,0.5449510202350621,-1.1855882985771824,6.4576689105757525,1.8023124122176615,202.5910758114008,435.64604049193935,1.6837472683076524,1.8401282732395252,,
2018,10653,"Bynes, Josh",LB,11,9.263636363636364,7.9,2.0,30.5,7.137897924239286,0.7705287258747021,6.0,9.25,2.0093387455358664,-0.5353550094930748,5.232129944155415,1.1383328286834353,127.95565898070349,275.15218017487507,1.0888676194456326,1.6285831593898334,,
2018,10847,"Whitehead, Tahir",LB,16,9.25,9.25,2.5,18.0,4.227883631321941,0.45706850068345306,5.875,12.0,0.5648578497438851,-1.1670920592251057,6.348363165946688,1.7693584349468416,198.88684470124323,427.6805681247878,2.045328946275139,1.7495525665974796,,
2018,13304,"Brown, Jayon",LB,16,9.25,7.0,2.0,37.9,8.166853739353975,0.8829031069571865,5.175000000000001,9.5,2.5200946621527516,-0.3088795135120507,4.912626659238035,1.0090703160550136,113.42575211330622,243.9074850660393,0.9562348756680921,0.963304620067055,,
2018,13696,"Smith, Roquan",LB,16,9.23125,8.75,3.5,16.3,3.7213436333534156,0.40312456420890086,6.375,12.425,0.3134201328223943,-1.2758088294583105,6.579066631339814,1.9552167172892998,219.77846654935954,472.6053127174841,2.2340866378216804,2.159978769610815,,
2018,12239,"Kendricks, Eric",LB,14,9.171428571428573,9.0,3.5,20.0,4.288261148002694,0.4675674148912594,5.625,11.725,0.594828207481639,-1.1459329055143515,6.249408700661385,1.7342994823340938,194.94600132775835,419.20629153100623,1.6198705996320453,1.9716177110375825,,
2018,12287,"Hicks, Jordan",LB,12,9.0,9.0,0.5,15.2,4.019535628237007,0.44661506980411186,6.0,12.2,0.461437495120512,-1.1881595473865258,6.221420050061211,1.7929945450274725,201.54368983906244,433.3937717289224,1.6664708266701125,1.1307106246908165,,
2018,10339,"Foster, Mason",LB,16,9.0,7.75,4.0,22.1,4.720434302053149,0.5244927002281277,5.0,12.175,0.8093515059477123,-1.031207626439706,5.903603210860389,1.5733071170435025,176.8494625365113,380.2920133998473,1.4773214827003116,1.830524427237265,,
2018,8951,"Alexander, Lorenzo",LB,16,8.987499999999999,8.75,0.0,20.7,6.2158944448888445,0.6916155154257407,3.0,13.975,1.5516721234106956,-0.6943940031117826,5.312968530995089,1.2455143390250139,140.00352445618623,301.05956464258827,1.0799119488613562,1.4277895176767565,,
2018,11349,"Collins, Jamie",LB,16,8.962499999999999,7.9,2.5,16.0,3.9049447819399448,0.4356981625595476,5.875,11.7,0.4045565757684631,-1.2101611100111667,6.242607418276379,1.8272376955190226,205.39283200233407,441.67085666962794,1.9175395705230434,2.237532423305288,,
2018,10879,"Trevathan, Danny",LB,16,8.9375,8.0,3.5,17.0,4.376196265022856,0.4896443373452147,5.625,11.75,0.6384776826453902,-1.101439828762061,5.999754287609391,1.6624207077681907,186.86638196288166,401.832109717256,1.5153337919926841,1.4238071888305148,,
2018,13221,"Davis, Jarrad",LB,16,8.78125,8.95,1.0,17.0,4.446799235124069,0.5063970659216022,5.5,11.35,0.6735237790668386,-1.0676769508104758,5.82930636195026,1.6121853626205809,181.2196180898588,389.68947059545474,1.5045398443179476,1.5627533565288538,,
2018,12087,"Davis, Todd",LB,16,8.76875,7.0,3.0,29.0,6.072141174042317,0.6924751160703996,5.5,8.5,1.480315479578803,-0.6926615932825189,5.18102152093045,1.239900305184085,139.37247228800194,299.702568154405,1.2369066150092922,1.315368564163596,,
2018,11795,"Hitchens, Anthony",LB,15,8.566666666666666,8.5,2.0,14.0,3.290727714182516,0.38413163978784237,7.0,10.5,0.09966981888744629,-1.3140865217308226,6.189199365444571,1.9965533208622204,224.4249567646286,482.5969920466908,2.2625580119020268,3.590909090909091,,
2018,13306,"Walker, Anthony",LB,15,8.56,8.5,1.5,17.7,4.745355624186663,0.5543639747881616,5.25,12.0,0.8217220203494304,-0.9710060782184676,5.50707565206316,1.4898990697746042,167.47388152570176,360.1310328220407,1.596016174594848,1.5496295902766308,,
2018,12762,"Vigil, Nick",LB,11,8.5,9.5,1.0,17.0,4.776838056516237,0.5619809478254396,4.75,11.25,0.8373493566700168,-0.9556550904766493,5.441807732567762,1.4713931595177838,165.39370261643856,355.6578757409312,1.421472079764017,1.1905022485031316,,
2018,13743,"Warner, Fred",LB,16,8.34375,7.0,3.0,22.0,4.820913911023511,0.577787435029035,5.125,9.375,0.8592278505167384,-0.9237992351236008,5.288259885176773,1.4334089332946156,161.12404037461522,346.4765164809613,2.096535566501289,1.6076456009478028,,
2018,9330,"Woodyard, Wesley",LB,14,8.3,7.25,1.0,17.8,4.745223161995952,0.5717136339754159,4.125,11.8,0.8216562684030008,-0.9360401666674086,5.280860215614714,1.4446784338863683,162.390802026626,349.2005244153447,1.5861645222682166,1.5416374946558475,,
2018,12702,"Jack, Myles",LB,16,7.85,7.5,1.0,27.3,5.861313845888139,0.7466641841895719,4.375,9.325,1.3756644307606636,-0.5834507930910511,4.494281196727172,1.1440957484701508,128.6034468511587,276.54516463735575,1.6598157206512802,2.646208075317156,,
2018,11728,"Mosley, C.J.",LB,15,7.760000000000001,7.5,0.0,16.5,3.754961162693076,0.4838867477697263,6.5,9.25,0.3301072944672891,-1.1130434784747725,5.229509604869266,1.631979680693113,183.4446220159723,394.4740552402035,2.137227474218114,1.9443739914708937,,
2018,12272,"McKinney, Benardrick",LB,16,7.70625,7.0,3.0,13.0,3.249128488918221,0.4216225127550003,5.375,10.350000000000001,0.07902068107383742,-1.2385286946868959,5.420742799764652,1.813607195004339,203.86067933867915,438.3761595134125,1.8121277528345205,1.3916558420910372,,
2018,11403,"Williams, Vince",LB,14,7.607142857142857,6.5,1.0,23.7,5.46841114110518,0.7188521687837796,4.625,8.725000000000001,1.1806343058759463,-0.6395021806278184,4.425710945534948,1.1760450427774007,132.19474537479067,284.26779000858033,1.1336155707374957,1.5387939057766522,,
2018,7826,"Davis, Thomas",LB,12,7.458333333333333,7.0,4.0,12.5,2.6883880961564226,0.3604542698757215,5.375,8.625,-0.1993211768389258,-1.3618050857195108,5.48223743971538,2.0221118653716177,227.29789543676543,488.7748769909305,1.9033382882461314,2.027342109817177,,
2018,10770,"Brown, Zach",LB,16,7.375,5.25,1.5,18.5,4.922842166878804,0.6675040226276345,4.5,8.75,0.9098232784095562,-0.7429874835625072,4.4227779363185915,1.2451792217665067,139.96585520114272,300.9785617566405,1.1084834616339057,1.0545238279069333,,
2018,13222,"McMillan, Raekwon",LB,16,7.1875,6.75,3.0,12.5,2.822205476218909,0.392654674952196,4.875,8.5,-0.13289653779311106,-1.2969094872722848,5.161006622296167,1.8804588201025199,211.3752159731554,454.5352036264354,2.190946319561593,2.434518815175367,,
2018,10827,"Bradham, Nigel",LB,15,6.986666666666666,7.5,2.0,11.4,2.6697981613264745,0.3821275994264992,5.0,8.75,-0.20854889980277336,-1.3181253963428932,5.055008430166446,1.903828592072019,214.0021230580056,460.1840292998849,2.248425188464613,2.005742199458505,,
2018,12805,"Brown, Jatavis",LB,15,6.973333333333333,7.5,1.0,12.0,3.192170978433886,0.4577683047467332,5.0,9.25,0.05074795541515619,-1.1656816979773355,4.783567670271753,1.6634181595184927,186.97850171625726,402.07320882008366,1.9315068493150684,1.5778542795105805,,
2018,13026,"Onwuasor, Patrick",LB,16,6.5625,5.75,0.5,21.7,5.485990680816,0.8359604846957714,2.875,7.825,1.1893604861324838,-0.40348607380536416,3.574423335743765,1.0117960883616894,113.73214579970762,244.56634526399174,1.0655159345447882,1.2036882541767073,,
2018,9425,"Wake, Cameron",LB,14,6.514285714285714,6.05,0.0,13.4,3.4694291714214613,0.5325878114024173,4.925000000000001,8.325,0.18837413957071786,-1.0148930153997302,4.2505138471150445,1.4575207402188017,163.8343567833654,352.3047031729138,1.4347361981231037,1.927815000329719,,
2018,13706,"Baker, Jerome",LB,16,6.49375,5.0,1.0,22.3,5.503234134352272,0.8474662767048735,2.375,8.0,1.197919839009631,-0.38029769290560006,3.514949139738671,0.9985416280336312,112.24226238162873,241.36254268146882,0.9141318141983044,1.2930631130039532,,
2018,13299,"Kittle, George",TE,16,13.05625,11.6,1.1,40.5,10.534406055279055,0.806847759140569,5.3500000000000005,19.475,3.3410715408366007,-0.6858291494728233,7.225982340764689,1.131939515344566,237.15638841121716,473.37093617390184,1.12672623867371,1.1103604630076795,,
2018,11244,"Kelce, Travis",TE,16,12.66875,13.850000000000001,-4.3,30.6,8.79330133894546,0.6940938402719653,5.8500000000000005,17.45,2.5309476834294125,-0.7422644176782723,7.478186685317379,1.2936138245455202,271.02930719284063,540.9822511463525,1.3901650082491712,1.144012751736474,,
2018,13188,"Howard, O.J.",TE,10,10.4,11.95,-3.0,20.7,6.72933874908969,0.6470518027970855,7.525,14.55,1.5706003136519588,-0.7658097634051859,6.314312629595698,1.3455226038870198,281.9048870878649,562.6902197607801,1.3455226038870198,1.628470635708963,,
2018,11247,"Ertz, Zach",TE,16,10.162500000000001,9.1,-1.1,28.0,8.350439733930184,0.8216914867335973,2.1,16.425,2.3248872733996153,-0.6783996094950828,5.578606517079342,1.086847280895579,227.70896536224058,454.51360948291483,0.9576609147684348,0.7471611577919053,,
2018,9474,"Cook, Jared",TE,16,8.6375,4.55,0.0,28.5,8.743703091368097,1.0122955822133832,2.075,16.025,2.5078699654317136,-0.5829989940894751,4.292361458399347,0.8864699507984722,185.7272487765742,370.71690210564753,0.9691781056523905,0.887021906306662,,
2018,13189,"Engram, Evan",TE,11,8.50909090909091,7.0,-0.4,18.6,6.176856297422522,0.7259125990560655,2.9,13.05,1.3135340897220764,-0.7263385837563687,4.930198037690143,1.1856292722688127,248.40510680493324,495.82369990699186,1.3894553729090187,2.6233569690471543,,
2018,11695,"Ebron, Eric",TE,16,7.61875,8.3,-1.9,24.2,7.511592603269961,0.985935042266771,0.29999999999999993,12.125,1.9345775654939097,-0.5961928959676097,3.8363540789853148,0.895102756336464,187.5359363923814,374.32709433228996,0.7804878048780489,0.6855131006559781,,
2018,9902,"Gronkowski, Rob",TE,13,7.415384615384616,3.8,-3.0,21.4,7.594212994505564,1.0241158602548996,2.1,11.0,1.973020256172058,-0.577082742412996,3.6635178652524303,0.8628346330403266,180.77533524896222,360.83274103319366,0.8336668193031554,0.5410572315283199,,
2018,12677,"Hooper, Austin",TE,16,6.093750000000001,6.45,-1.0,13.3,4.205126150010247,0.690071983591425,3.125,9.375,0.3961018308793373,-0.7442774258533114,3.6056156537490804,1.1707209055803585,245.28160563458346,489.589102209438,1.1335872353603071,1.1025977726923344,,
2018,10312,"Rudolph, Kyle",TE,16,5.9875,5.15,-2.6,27.9,6.795483334539199,1.134945024557695,2.3,8.2,1.601376927033258,-0.5216108468445336,2.804521864088961,0.768072965209402,160.92150507698122,321.20392800348833,0.562204081324914,0.5982055806182627,,
2018,8687,"Olsen, Greg",TE,9,5.966666666666666,4.0,1.0,16.2,4.886261920482318,0.8189265788517852,3.2,5.6,0.7130295450003105,-0.6797834932610677,3.2803229861169996,1.0136597295992835,212.37519963818895,423.90697440766803,,0.9433142694509264,,
2018,13671,"Andrews, Mark",TE,16,5.65,4.300000000000001,-2.0,19.6,5.359337645642417,0.9485553355119322,2.75,7.825,0.9331483739926567,-0.6149020796245316,2.8995840646812376,0.8884573071649258,186.14362637622952,371.5480037068783,0.9861556082282598,0.896340279986329,,
2018,11257,"McDonald, Vance",TE,15,5.599999999999999,4.9,-0.3,23.4,5.61628584267812,1.0029081861925215,1.7999999999999998,6.6,1.052704574480544,-0.5876975466320742,2.7959344510171777,0.84639632161558,177.33129030113207,353.95832878521963,1.1329301311713205,1.354557576699258,,
2018,11705,"Burton, Trey",TE,16,5.418749999999999,5.2,-3.4,22.7,6.759365609101197,1.247403111252816,0.925,7.699999999999999,1.5845716017830784,-0.465323647710402,2.4111161779870076,0.6983496168351936,146.3135359547698,292.04600371012947,0.6065579705791062,0.7270633371175425,,
2018,13192,"Njoku, David",TE,16,5.300000000000001,5.85,-2.9,16.1,5.326701606059795,1.0050380388792064,1.875,7.675,0.9179630528404386,-0.5866315188716447,2.6433413716991825,0.8377192935610546,175.5133374797504,350.3296429431784,0.9383146559347583,0.7695986684141324,,
2018,13679,"Herndon, Chris",TE,16,5.2749999999999995,3.95,-1.2,16.4,4.927283734472778,0.9340822245446025,1.9250000000000003,7.575,0.7321167083834369,-0.6221461196313389,2.727391800129928,0.8899523350503487,186.4568546088997,372.173216220564,1.2302928957854673,0.8932443432790019,,
2018,12205,"Funchess, Devin",TE,14,4.985714285714286,4.3,-3.0,14.3,4.743244390387109,0.9513670697051508,1.925,7.75,0.6464844876751196,-0.6134947584874131,2.5549853551990203,0.8681006669434514,181.87863941388127,363.03496771125685,0.6544964144538257,0.11787073954130992,,
2018,11248,"Reed, Jordan",TE,13,4.584615384615385,3.7,-1.0,10.7,4.082579530309455,0.8904955351346125,1.2,8.0,0.3390817451068538,-0.6439620044513328,2.4250865973555116,0.9020253116110608,188.98630382389615,377.2220692197547,0.7850047219357174,0.957924108049092,,
2018,9925,"Graham, Jimmy",TE,16,4.54375,3.75,-1.4,14.3,4.668239597267904,1.0273979856435553,1.75,5.175,0.6115852815815809,-0.5754399824233538,2.2411731846313745,0.8016157260166086,167.94915973744858,335.2313277628573,0.7349557299895794,0.6667897526638074,,
2018,12211,"James, Jesse",TE,16,4.475,2.15,-1.1,29.1,7.134554996634338,1.5943139657283438,0.5249999999999999,5.025,1.7591446019221189,-0.29168882142535785,1.724926149693551,0.5501222871873783,115.25793829554848,230.0581422998977,0.5676656270451955,0.24470333906560915,,
2018,8247,"Davis, Vernon",TE,14,4.278571428571429,1.5,-2.0,15.6,5.478292039812169,1.280402146199839,0.925,7.4750000000000005,0.9884970223285624,-0.44880706534729636,1.8762354857898316,0.660447445449755,138.37252677816429,276.195522206012,0.6626764059959752,0.6488018796592682,,
2018,12378,"Swaim, Geoff",TE,9,3.877777777777777,3.2,0.0,10.0,3.143168174444299,0.8105591280801919,1.8,4.9,-0.0980197940287062,-0.6839715457316967,2.1417570504253787,0.9359450581071048,196.09294200180017,391.40712233959925,,0.9410203317523818,,
2018,13674,"Goedert, Dallas",TE,16,3.8625000000000003,2.3,-3.0,15.1,5.1039047551849945,1.3213992893682833,0.75,8.775,0.8142972350664517,-0.4282872927878647,1.663867141551117,0.6327916563113111,132.57827100581497,264.6300219141451,0.7237560981121359,0.7251448272217985,,
2018,7422,"Watson, Ben",TE,16,3.78125,2.9,-1.3,13.9,4.3055514672919655,1.1386582392838256,0.0,5.3,0.44282902922322986,-0.5197523192556363,1.768047802376424,0.71269688425622,149.31947936341984,298.0459527520721,0.5160763030892347,0.7624057265567511,,
2018,11676,"Matthews, Jordan",TE,14,3.642857142857143,1.9500000000000002,-1.0,15.6,4.872915566932078,1.3376630968048842,0.075,4.5,0.706819579959719,-0.4201469785182032,1.558332827273612,0.6202808641364678,129.9570935947181,259.3980768112481,0.5389578067739845,0.4134092165035342,,
2018,13722,"Jarwin, Blake",TE,16,3.6187499999999995,1.2999999999999998,-1.0,32.3,7.806265011995173,2.1571716786169737,0.0,4.0,2.0716865780584346,-0.009968892689288645,1.1461999436106762,0.41092903689257987,86.09510045514986,171.84828363878378,0.5369222080376727,0.7217535340325364,,
2018,9912,"Dickson, Ed",TE,10,3.59,1.7000000000000002,-1.0,13.8,4.296149438741628,1.1966990080060245,0.55,5.8,0.43845433104155385,-0.49070192009829205,1.6342703242073637,0.6778509635205816,142.01879535998881,283.4735786129383,0.6778509635205818,0.5922561335102481,,
2018,12317,"Uzomah, C.J.",TE,16,3.58125,3.9000000000000004,-4.0,10.8,3.7543672486186,1.048339894902227,0.7,6.575,0.18636686403311536,-0.5649581980418763,1.7483670600337269,0.7532548103095205,157.8169044765647,315.0070563842555,0.5780158152809647,0.8987580440286507,,
2018,12208,"Heuerman, Jeff",TE,11,3.427272727272727,1.1,-1.6,15.6,4.742667241329869,1.3838021128548692,0.15,5.699999999999999,0.6462159442519905,-0.39705361048590615,1.437733740057888,0.5968085182799221,125.03932484875916,249.58206969983593,0.5901450869344737,0.6798164611012972,,
2018,10838,"Ellison, Rhett",TE,14,3.35,2.0999999999999996,-1.0,11.4,4.268949352174206,1.274313239454987,0.175,3.9750000000000005,0.4257983208400475,-0.4518546674942704,1.4729721226979224,0.6358003799405737,133.20863863586118,265.88825373816536,0.5850325496131488,0.75638369096447,,
2018,13919,"Firkser, Anthony",TE,12,3.2916666666666665,1.45,0.0,10.9,3.5401173081630444,1.0754786758976338,0.75,4.825,0.08667786395010169,-0.5513747731852242,1.5859795163845938,0.7250179771232591,151.90091224566774,303.1985666383189,0.7521165023147224,0.7543817703826273,,
2018,13193,"Smith, Jonnu",TE,13,3.1230769230769226,0.3,-2.0,15.6,4.892718899022513,1.5666341302288835,0.0,4.8,0.7160339319927214,-0.3055430533311699,1.2167986415728127,0.5299891232882296,111.03977259597949,221.63856288431245,0.6473290017326992,1.0197009793040226,,
2018,12437,"Myers, Jason",PK,16,6.6375,5.55,-0.3,22.5,5.718268422346052,0.8615093668317968,3.375,7.8999999999999995,1.571468774353,-0.38620315409289346,3.5656549025572297,0.9879777917063566,127.00070750344265,158.9927115171289,1.025521401956956,0.720576727687126,,
2018,12860,"Fairbairn, Ka'imi",PK,16,6.1,4.6,-0.4,19.1,5.635601121442149,0.9238690363019917,2.675,8.45,1.4912008009547497,-0.3252182193070124,3.1706939947041572,0.9192837074381371,118.1703498004651,147.93795015035062,0.9347757042580521,0.9199960352183572,,
2018,10976,"Tucker, Justin",PK,16,6.0,5.800000000000001,0.3,13.3,3.9624802838626216,0.6604133806437703,3.5999999999999996,8.45,-0.13335954412059833,-0.5828659284079626,3.6135579669164666,1.2090728137522815,155.4216137839629,194.57296175464523,1.147256400800529,1.3063133290994482,,
2018,10868,"Zuerlein, Greg",PK,12,5.574999999999999,6.3,-1.5,10.7,3.3620740126693622,0.6030626031693924,4.075,7.675,-0.7163396835146016,-0.6389523934888298,3.477718205750509,1.2780617623194315,164.28987514722112,205.67517487065325,1.433472751982881,1.0975533563492645,,
2018,13241,"Rosas, Aldrick",PK,16,5.55,4.85,0.0,13.2,3.5142566781611158,0.6331994014704714,3.35,7.625,-0.5685739525447858,-0.6094799685279345,3.3982378361166363,1.2294382875589596,158.03951633582477,197.85032479765704,1.2563776791358097,1.066153001657125,,
2018,8153,"Gould, Robbie",PK,16,5.375,4.949999999999999,-3.0,11.9,3.896232154274178,0.7248804007951959,3.475,7.825,-0.19768489459587926,-0.5198201000195702,3.1161580811759726,1.0977829136038577,141.11572940530053,176.66336587343798,1.2432831468767562,1.443195652487067,,
2018,12956,"Lutz, Wil",PK,16,5.25,4.0,0.2,12.5,3.601041516006168,0.6859126697154606,2.825,7.325,-0.4843079491873537,-0.5579287776126618,3.114040302506338,1.1410459961589623,146.67703062016747,183.62558188858287,1.0871719390011574,0.9039204558096614,,
2018,6789,"Bryant, Matt",PK,13,5.1692307692307695,4.2,-3.8,14.0,4.504422547364657,0.8713912666032817,3.2,7.9,0.39285344111689674,-0.37653910330101653,2.7622394426438244,0.9391050059748108,120.718300735118,151.12774047417287,0.9764864623609603,0.6301765239727618,,
2018,11387,"Hopkins, Dustin",PK,16,5.13125,4.3,-2.7,14.1,4.773195830625431,0.9302208683313873,1.025,8.525,0.6538258753810199,-0.31900641502109156,2.658374533291518,0.888805810601459,114.25253454796851,143.03322101566675,0.7337076850753106,0.9860944150489186,,
2018,8742,"Crosby, Mason",PK,16,4.93125,3.45,-9.8,12.5,5.966229834451569,1.2098818422208504,1.5750000000000002,10.2,1.8122333791368808,-0.045510638027653975,2.231454146455303,0.7078793145199498,90.99513625282556,113.91718780239988,0.8690010069458085,0.9566309642671763,,
2018,8930,"Prater, Matt",PK,16,4.699999999999999,5.55,-4.7,11.5,4.70943202520219,1.0020068138728067,0.9000000000000001,8.325,0.5919127442938734,-0.24880300880389392,2.347644357367609,0.8231992217883628,105.81906239293136,132.47532230949446,0.9803213998344105,0.967226370867798,,
2018,13909,"Maher, Brett",PK,16,4.63125,5.35,-3.0,17.8,5.775240119466895,1.2470154104112054,0.025000000000000022,8.225,1.6267869306124498,-0.009195688739184067,2.0610673066779177,0.6835551092415609,87.86835414724912,110.00275633928884,0.4937775576968334,0.5441559886933187,,
2018,13980,"Badgley, Mike",PK,10,4.47,3.5999999999999996,-0.9,15.3,4.544458163521808,1.0166573072755725,1.2750000000000001,5.05,0.43172706753927687,-0.23447548923332134,2.2165392126234873,0.8062104299765662,103.63521919540315,129.7413599692151,0.8062104299765662,0.5303751730926,,
2018,12417,"Lambo, Josh",PK,13,4.407692307692307,4.0,-2.7,15.1,4.979258755224445,1.1296747612202058,0.1,7.0,0.8539080501856225,-0.12394953364316184,2.0696551360579125,0.7371636666235654,94.75952596599484,118.62984286920528,0.6429568350024067,0.6058161571074894,,
2018,13718,"Carlson, Daniel",PK,12,4.341666666666667,4.95,-8.7,10.3,5.094352810274878,1.1733634111957492,2.8,8.075,0.96566162684859,-0.08122401100524705,1.9976717397105497,0.7124081591316407,91.57730163618353,114.64600305603918,1.2307684089042508,2.1057517879947927,,
2018,9686,"Succop, Ryan",PK,16,3.825,3.25,-2.6,15.2,4.19173293519518,1.0958778915542953,1.5,5.025,0.08923930109912523,-0.15700134277001412,1.8250109013571372,0.7367482202464641,94.70612194794452,118.56298615791097,0.5958350669096228,0.6838343023993295,,
2018,12801,"Hill, Tyreek",WR,16,17.65625,12.35,2.2,42.0,11.713078627649521,0.6633956036898844,10.2,27.5,2.3067966619219757,-0.45783127698838866,10.614582580856544,1.3888256744986722,198.8804395305299,367.4833115225499,1.388671579223865,1.3346722198280991,,
2018,10271,"Jones, Julio",WR,16,15.70625,18.25,-3.4,27.1,8.0224270602792,0.5107792796039284,8.8,21.75,1.0087620490020994,-0.5425944131152353,10.3961248423513,1.740800994573401,249.28345817117355,460.61599085752897,1.6635411621346785,1.1596193067679725,,
2018,11671,"Evans, Mike",WR,16,15.5125,14.45,-6.3,32.0,10.216767774105467,0.6586151667433017,7.7,23.599999999999998,1.780530975732646,-0.46048633259974503,9.352681870417756,1.382974160864012,198.04250023768083,365.9350008545026,1.2813306358907373,2.145775474486141,,
2018,11232,"Hopkins, DeAndre",WR,16,15.375,12.7,3.2,36.0,8.709872272312609,0.5664957575487876,9.2,19.65,1.2505425756697015,-0.5116494704111466,9.814900503821605,1.5834399844621359,226.74929320681,418.9782632708069,1.4809371971460021,1.3429566220704094,,
2018,11679,"Beckham, Odell",WR,12,15.366666666666667,14.7,3.2,35.1,8.639380121796291,0.5622156261472641,9.375,19.175,1.225749866404401,-0.5140266562253181,9.836456894599076,1.5941550672869513,228.28369771915064,421.8134744798184,1.7925528811099423,3.4032110819023087,,
2018,11675,"Adams, Davante",WR,15,14.58,13.6,5.7,26.2,6.619889223645161,0.4540390414022744,8.850000000000001,19.450000000000003,0.5154771575275223,-0.5741079524653754,10.02724107458563,1.913413643174369,274.00166438858184,506.2893024064814,2.0250672443952418,2.6433469568665067,,
2018,12652,"Thomas, Michael",WR,16,14.34375,13.0,1.3,37.2,9.02240050859526,0.629012671623199,7.175000000000001,18.825,1.3604615048355706,-0.4769275641559864,8.805180125276399,1.4311691084085825,204.9440376493325,378.6873852952118,1.2117622002283648,1.207181976861038,,
2018,10729,"Hilton, T.Y.",WR,14,14.14285714285714,11.25,2.3,34.5,9.944899215586013,0.7031746920111324,6.6000000000000005,19.375,1.684912412809262,-0.43573796358584105,8.303820629319626,1.2921870603172934,185.04174802523957,341.9127315625111,1.3671666806146812,1.4558506109710212,,
2018,9988,"Brown, Antonio",WR,15,13.693333333333335,12.1,0.9,33.0,9.123410668287503,0.6662666018710445,6.4,19.2,1.395987666312396,-0.45623672403930476,8.217972632925093,1.3526403088861085,193.69867946536024,357.90866279008094,1.4727155194809374,1.133823526957498,,
2018,11938,"Thielen, Adam",WR,16,13.475000000000001,12.0,2.1,24.0,7.865788263104976,0.5837319675773637,6.125,20.8,0.9536708065082566,-0.502076476003679,8.508384168447847,1.5198874144193455,217.6485375860821,402.16225149630986,1.2311221941886599,1.231671221739506,,
2018,13156,"Smith-Schuster, JuJu",WR,16,13.1125,12.899999999999999,1.0,31.3,8.775525269179047,0.6692488289173725,3.875,18.875,1.2736333120393986,-0.4545803945568394,7.85532975841858,1.3413601457654658,192.08335520933412,354.9239313193118,1.1480867734207405,0.882851162131892,,
2018,11228,"Woods, Robert",WR,16,13.04375,12.45,0.6,23.9,7.407341691693451,0.5678843654388847,9.175,18.325,0.7924311156287914,-0.5108782373184872,8.31933163409584,1.5514713780322946,222.17137488726252,410.5193691336145,1.5941263109526043,1.2446236448504324,,
2018,13164,"Kupp, Cooper",WR,8,13.025,11.6,0.9,33.9,9.713231954401172,0.7457375780730267,7.7749999999999995,16.575,1.6034329997004984,-0.41209852837585753,7.461029746737311,1.215786240365039,174.10111743956,321.6970725099614,,1.0938387323262404,,
2018,9662,"Edelman, Julian",WR,12,12.833333333333334,12.85,5.5,18.7,4.33730587141629,0.3379718860843862,10.45,17.125,-0.287327481160945,-0.6385716731386957,9.59163153337284,2.4044590365453278,344.3195779008811,636.2199269458002,2.7149657347452494,2.3728712371965295,,
2018,12187,"Lockett, Tyler",WR,16,12.26875,12.600000000000001,1.9,22.0,5.663448458095121,0.46161576836231244,7.4,16.425,0.17908852906208023,-0.5698998368358313,8.393963903212875,1.8412013054734826,263.6608262796785,487.1819158723972,1.892386760952019,2.3204878158221383,,
2018,11674,"Cooks, Brandin",WR,16,12.0875,12.75,-2.1,26.3,7.243089378849332,0.5992214584363459,8.25,15.6,0.7346621327183499,-0.493473609763263,7.558365313468636,1.466379829753504,209.9862282322455,388.00414312775996,1.5786065690074456,1.1974735477769685,,
2018,9918,"Sanders, Emmanuel",WR,12,12.066666666666668,10.25,-0.2,29.5,8.914438974059008,0.7387656608336194,4.6000000000000005,18.025,1.3224904836936722,-0.4159707325687468,6.939788919503693,1.2170801291166282,174.28640287051414,322.03943550908104,1.0767757347720543,1.0145145634872499,,
2018,12650,"Boyd, Tyler",WR,14,12.014285714285716,10.5,2.9,26.9,7.244491221695591,0.6029897568593238,6.1000000000000005,15.875,0.7351551731755976,-0.49138069608508034,7.494923571953975,1.4572501069162176,208.6788479583844,385.5884182148834,1.3996327070665846,1.7642987938329546,,
2018,11222,"Allen, Keenan",WR,16,11.3125,11.350000000000001,-2.1,23.6,6.780383009093218,0.5993708737319972,7.825,14.225,0.5719242332991733,-0.4933906244789523,7.07309366813917,1.45397726394429,208.21017542393813,384.722423874844,1.6369788274237722,1.1680688486095419,,
2018,10261,"Green, A.J.",WR,9,11.200000000000001,12.9,0.9,19.3,5.236410984634419,0.46753669505664447,8.5,14.7,0.028895694152768187,-0.5666113529964089,7.631836422030797,1.7959047323204198,257.1743373391858,475.1964413750888,,1.648185585075707,,
2018,13277,"Golladay, Kenny",WR,15,10.779999999999998,10.6,-2.0,25.3,7.92567137009015,0.7352199786725558,4.95,15.7,0.9747322218646036,-0.4179400051316968,6.212468812309724,1.2077522858531053,172.9506516656043,319.57128792599434,0.9255088969705697,0.7031942644153809,,
2018,9075,"Jackson, DeSean",WR,12,10.591666666666667,7.25,-2.0,34.7,10.45804780486726,0.987384529177082,3.825,12.775,1.8653912844391478,-0.27788776466008175,5.329450094417495,0.9243866710145368,132.37257260087483,244.5927384762303,1.0517707365248954,0.7271657065089641,,
2018,12186,"Diggs, Stefon",WR,15,10.44,10.1,-4.6,26.8,8.389501375727482,0.8035920857976516,6.35,15.649999999999999,1.1378653139047894,-0.3799661235156008,5.788448553422674,1.1118801289052611,159.2217171689045,294.2035125709477,1.1691163879793856,1.5581293822038862,,
2018,12175,"Cooper, Amari",WR,15,10.299999999999999,3.7,-6.3,47.4,14.777054284712273,1.4346654645351722,0.8,14.149999999999999,3.3844238460143465,-0.029467846032321342,4.230560686893582,0.6528468378270424,93.48795060260309,172.74329117533608,0.640016323978404,0.5355543544855765,,
2018,10722,"Jeffery, Alshon",WR,13,9.930769230769233,8.0,0.8,28.0,7.347567322735476,0.7398789713056636,3.6,14.8,0.7714079443928846,-0.41535239971570165,5.707735649748586,1.189660274283951,170.35986775446753,314.78414116912217,1.1515075113255107,1.374965485526351,,
2018,10960,"Gordon, Josh",WR,12,9.491666666666665,8.6,1.9,23.5,6.056464636146147,0.6380823146071447,5.15,13.049999999999999,0.31731577518252796,-0.47189028267594557,5.794377109152184,1.3451022794114775,192.6192303720463,355.91409998457124,1.3938311839028912,1.7244201658478007,,
2018,13629,"Ridley, Calvin",WR,16,8.9125,6.5,-2.0,38.0,9.38009028474673,1.0524645480781745,3.9,13.15,1.4862641447371725,-0.24174230948489264,4.342340533163031,0.8586148824829283,122.95402392910064,227.1895214287912,1.0684886264455795,0.7405037152137985,,
2018,13154,"Williams, Mike",WR,16,8.7125,8.65,-0.5,27.0,7.225205446905991,0.8292918733894968,3.5,11.4,0.7283721965773178,-0.3656924564807971,4.762771937458291,1.0592440585514262,151.6842090429049,280.276006913232,1.0975316454278803,1.014847554352842,,
2018,10738,"Jones, Marvin",WR,9,8.677777777777777,6.7,2.1,24.9,6.539415158657841,0.7535817724445656,5.5,8.2,0.4871737211588775,-0.4077418612938636,4.948601721424485,1.1509881861078715,164.82200793862103,304.5515055782172,,0.9448300955917405,,
2018,11670,"Watkins, Sammy",WR,10,8.569999999999999,9.15,-1.0,24.4,8.547988067375854,0.997431513112702,0.39999999999999997,10.75,1.1936064771361177,-0.272307667825096,4.2905100594137116,0.8975712935044918,128.53259889985586,237.497388852401,0.897571293504492,0.9095447686780064,,
2018,13635,"Moore, D.J.",WR,16,8.5,6.7,-1.2,30.9,9.089623204511835,1.0693674358249217,1.4,13.075,1.3841043181655959,-0.23235444233768368,4.107535400841758,0.8424496958616855,120.63916218701316,222.9122126059264,0.8718137620621071,0.8535320285990983,,
2018,10723,"Sanu, Mohamed",WR,16,8.149999999999999,6.65,-0.4,19.5,6.063105639851576,0.743939342313077,3.2,13.675,0.3196514745886678,-0.4130972688672281,4.673327679614265,1.1538833504083428,165.23659672335003,305.3175661314418,1.130849856207581,1.2518263263878766,,
2018,11680,"Landry, Jarvis",WR,16,8.08125,7.800000000000001,-6.8,21.7,7.446997612293158,0.9215155591391379,2.35,13.7,0.8063784516495417,-0.3144714034503651,4.205664617995858,0.9567008741945334,136.9999805250813,253.14307752298228,1.0782539086953555,1.8757347621913099,,
2018,12505,"Humphries, Adam",WR,16,7.9625,8.7,0.1,21.3,6.159431284623606,0.7735549494032786,2.275,12.8,0.3535300509710514,-0.39664875492023954,4.48957051072989,1.1121693446658472,159.26313299138005,294.2800390691225,1.5619592495083199,1.1947515133617044,,
2018,13163,"Godwin, Chris",WR,16,7.86875,8.85,-10.9,24.8,8.105917495108127,1.0301404282901512,3.4,10.2,1.0381263691708809,-0.2541411299638769,3.8759634015206093,0.8641358769423557,123.74463273256539,228.65037671401657,0.6649986053162042,0.4747879694863229,,
2018,13153,"Davis, Corey",WR,16,7.85625,4.8,-3.5,28.5,9.048547449038436,1.1517641939905725,2.325,8.925,1.3696576137333227,-0.18659126680167545,3.6510738592736436,0.7818294176191385,111.95831202510014,206.87208532211096,0.8168722110819665,1.2845456820713685,,
2018,13157,"Samuel, Curtis",WR,13,7.853846153846154,8.5,-1.3,17.1,5.484890488299566,0.6983699936130691,3.3,11.5,0.11628812079366257,-0.4384064940120759,4.624343448943113,1.211099272688805,173.42994163353146,320.45690073441915,1.2323215391153584,1.0190816275802779,,
2018,12658,"Shepard, Sterling",WR,16,7.84375,4.75,-0.6,27.9,7.716700132666812,0.9838024073519441,1.825,12.25,0.901235199908271,-0.279877275819557,3.953896804909185,0.8998531417416399,128.85936055805303,238.10116595846705,0.7803609049787869,0.7636417134265934,,
2018,11678,"Robinson, Allen",WR,13,7.584615384615385,5.6,-3.7,29.6,7.495829215056983,0.9882939127357077,4.4,9.3,0.8235529557810609,-0.27738269285447403,3.814634916917117,0.8927457453091604,127.84157830332946,236.22054866770887,0.8259303604471095,1.726855994436293,,
2018,13633,"Kirk, Christian",WR,12,7.583333333333335,6.9,-3.4,19.0,6.580379083980564,0.8677422967886456,3.225,12.175,0.5015810939436908,-0.34433708383480605,4.060160412050394,1.0003897231682006,143.25624266511002,264.70314815837514,1.2113696563557477,0.9067968841868991,,
2018,10527,"Baldwin, Doug",WR,13,7.353846153846154,5.3,-1.0,20.7,6.867718844724026,0.9338948219813005,3.2,13.2,0.6026410147475625,-0.30759595845636006,3.80260915446893,0.934685936162746,133.84743184140314,247.31792431661947,1.229783248544195,1.0818120810885996,,
2018,9118,"Nelson, Jordy",WR,15,7.293333333333333,5.6,-1.9,37.6,9.534391549659697,1.3072748925493187,0.25,10.35,1.5405332565777845,-0.10022059452881987,3.1610162087253055,0.6923355087906276,99.1427454281302,183.1919945941873,0.6830948460956638,2.4536188565484904,,
2018,12656,"Higgins, Rashard",WR,13,7.1461538461538465,8.9,-2.2,14.7,5.400230106865872,0.7556834379898422,2.3,12.0,0.08651232011512962,-0.40657459584061467,4.070297464522299,1.1165463939316465,159.88992834648693,295.4382064247727,1.1586426339973135,1.1216511070072344,,
2018,13653,"Foster, Robert",WR,13,7.130769230769231,4.0,-2.0,22.6,9.046579006230827,1.2686680375512485,0.0,18.3,1.3689652950868216,-0.12166284931532469,3.1431523311211413,0.7097708808487717,101.639498276218,187.80539451845596,0.9111469176354399,1.2517693104343033,,
2018,12930,"Chosen, Robbie",WR,14,7.128571428571428,3.7,-2.1,29.1,9.580667183107312,1.3439813683717674,-0.375,13.0,1.5568088038228467,-0.07983381070664723,3.04122358853187,0.6737355315317575,96.47922060969879,178.2704401018994,0.8558435354844435,1.144619535891579,,
2018,13634,"Pettis, Dante",WR,12,7.083333333333333,4.5,-1.6,28.4,8.768678476385267,1.2379310790190965,0.0,12.674999999999999,1.2712252348011157,-0.13873416207161055,3.1651257716292207,0.7251066099121322,103.83558133591748,191.8632288487801,0.6082244118395587,1.3056638472842983,,
2018,12391,"Williams, Tyrell",WR,16,6.94375,4.95,0.0,28.8,8.293293129842935,1.1943536460619888,1.2,6.975,1.1040280277435737,-0.16293707682482836,3.1643714368745117,0.7471786268854467,106.99630374880252,197.70348514463484,0.5916009284247258,0.7267822532266645,,
2018,9831,"Tate, Golden",WR,15,6.919999999999999,3.9,-1.1,30.4,7.931557224152139,1.1461787896173614,1.2000000000000002,9.05,0.9768023285001376,-0.18969340147858804,3.224335285334617,0.7747809062105522,110.94896213136232,205.0070490102882,0.6512611553583039,0.6879679656778441,,
2018,7393,"Fitzgerald, Larry",WR,16,6.762499999999999,5.05,0.1,18.4,5.056045267795771,0.7476591893228497,3.2249999999999996,9.15,-0.03454051464856482,-0.41103126511337784,3.869461529636225,1.1166528156519804,159.90516798304046,295.4663656148888,1.4795154817267735,1.4766188235022033,,
2018,11227,"Stills, Kenny",WR,15,6.746666666666668,3.3,-2.3,26.2,8.62197708700788,1.2779610306829858,1.15,9.95,1.2196290660219082,-0.11650151911969202,2.9617129423166033,0.7011725974463592,100.40822036014899,185.53028849460708,0.6465791997311313,0.7924039497313309,,
2018,13158,"Westbrook, Dede",WR,16,6.65625,5.65,-3.5,18.4,6.124129402413048,0.9200569994235565,2.25,9.25,0.34111406854245946,-0.315281487800525,3.4666939585639143,0.9343246906415582,133.79570132593855,247.22233874181597,0.6796622812130846,0.5974133119535476,,
2018,12181,"Agholor, Nelson",WR,16,6.4750000000000005,6.4,-9.1,23.7,7.544990059635599,1.165249430059552,1.375,12.2,0.8408432571542912,-0.17910156406205383,2.9904175981341403,0.7577539534640638,108.51069510601405,200.50171684707328,0.8470008869726041,1.095963583004538,,
2018,9884,"Thomas, Demaryius",WR,15,6.459999999999999,5.6,-4.9,21.5,6.4427530347411786,0.9973301911364055,2.2,10.399999999999999,0.4531768021022301,-0.2723639420704685,3.234317504770958,0.8679583979000918,124.2920193932157,229.66181586416064,1.114560600038406,1.446112062563644,,
2018,12184,"Crowder, Jamison",WR,9,6.011111111111111,5.0,-6.1,15.4,5.77281838435659,0.96035795673215,3.7,10.5,0.217554893959549,-0.2928983282607462,3.0663334165416547,0.8875346672509601,127.09534966306697,234.84169727073913,,0.7533198069823208,,
2018,13630,"Sutton, Courtland",WR,16,5.9437500000000005,6.050000000000001,-3.7,16.0,5.276477133230087,0.8877353746759347,3.325,9.325,0.042987310967363704,-0.3332329244815742,3.1486139846377337,0.9469882346151631,135.60912632068732,250.57311282417993,1.027432803547311,0.8177588547618619,,
2018,12197,"Perriman, Breshad",WR,10,5.839999999999999,5.4,-2.2,15.2,5.5609711382095846,0.9522210853098605,1.275,10.425,0.14304635444263555,-0.2974175482337401,2.991464462680497,0.8901121308077679,127.4644435633773,235.52369419848623,0.890112130807768,2.3973814101969966,,
2018,11975,"Gabriel, Taylor",WR,16,5.737500000000001,5.15,-6.1,26.8,7.965619483128729,1.3883432650333296,1.625,6.875,0.9887823245357314,-0.05519520465916266,2.4022928713808374,0.6399446252204524,91.64034815599565,169.32936536614537,0.6281186951701812,0.43736440088306344,,
2018,10973,"Beasley, Cole",WR,16,5.68125,5.050000000000001,-1.5,21.7,6.648422627774199,1.170239406428902,0.39999999999999997,7.525,0.525512606690856,-0.17633013021447447,2.6177987475346867,0.7428002186188456,106.36931378419081,196.5449581973352,0.6691779799268368,0.7489552137909942,,
2018,11239,"Goodwin, Marquise",WR,11,5.663636363636363,0.9,-1.4,31.7,9.424366168923532,1.6640132882529513,-0.35000000000000003,9.05,1.501836362577306,0.09791197993725893,2.125979021429939,0.5433075039632089,77.80187043808962,143.75918043387367,0.5952542566210102,0.35860593103363775,,
2018,11783,"Brown, John",WR,16,5.45625,2.0,-4.0,27.3,8.86446337560825,1.6246439176372507,-0.8,10.175,1.3049136262184238,0.07604622382818498,2.07885342591989,0.5531218265244524,79.20728568963231,146.35605045246552,0.27537445962671236,-0.10415155090595689,,
2018,10983,"Hogan, Chris",WR,16,5.43125,4.65,-2.0,15.6,5.4133768054237645,0.9967091931735355,1.275,9.0,0.09113612961387543,-0.2727088444600163,2.720100662915096,0.8468627627503215,121.27111528134688,224.07991022556604,0.6787687185900656,0.6461133608437472,,
2018,11957,"Inman, Dontrelle",WR,9,5.311111111111111,6.2,-2.2,15.9,5.423292244147654,1.021121970655416,0.0,6.8,0.0946234766123528,-0.2591499830909953,2.6278033627969553,0.8268518555963469,118.4055446893979,218.7850236443777,,0.7276182567480846,,
2018,9308,"Amendola, Danny",WR,15,5.246666666666666,4.4,-0.5,16.8,4.563896970304605,0.8698660045053251,2.2,6.25,-0.207633398973134,-0.3431575761552661,2.805905157923162,0.9429841520554663,135.03573995981344,249.5136324691827,0.9422955142643777,0.7347167402811392,,
2018,13176,"Jones, Zay",WR,16,5.18125,2.75,-3.3,20.6,6.771282997888952,1.306882122632367,0.29999999999999993,10.675,0.568723679330457,-0.10043873901720603,2.245996858343031,0.6667174521127943,95.4742285900867,176.41345609536467,0.6480328789028532,0.7627910134177811,,
2018,12150,"Gurley, Todd",RB,14,19.550000000000004,19.75,0.6,35.0,8.258307505605664,0.42241982125860167,16.825,24.8,1.1970265731899588,-0.556776065243891,13.744184176723262,2.111617051838361,310.63248583723595,607.5435427157242,1.8317579473756982,1.5577381240882744,,
2018,12151,"Gordon, Melvin",RB,12,16.874999999999996,16.9,6.7,30.0,6.398193104306871,0.37915218395892575,13.975,19.35,0.5575750058630193,-0.5798143081447276,12.235778035430043,2.28096235960321,335.54427269275027,656.2666992805807,2.0912142264277818,1.8552026978107654,,
2018,13130,"McCaffrey, Christian",RB,16,16.78125,16.0,4.0,34.1,9.283804362302126,0.5532248409565512,9.175,24.525,1.5495616494441569,-0.4871277552245997,10.804134441775533,1.6318134232031773,240.05027788105488,469.4969229012557,1.9445897742165885,2.1794599622170954,,
2018,13138,"Hunt, Kareem",RB,11,16.718181818181815,10.5,0.8,32.5,10.512747083406383,0.628821195853563,9.95,28.1,1.9720353148361593,-0.4468757956717204,10.263976095559627,1.4521453217953653,213.6199415104631,417.803745510365,1.7144650815628344,1.9340244529442456,,
2018,13604,"Barkley, Saquon",RB,16,16.4125,15.149999999999999,-3.8,36.8,10.465710379615901,0.6376670452165057,9.424999999999999,24.575,1.955865506172931,-0.44216574356334676,10.021878408031473,1.4314420525725695,210.5743570954122,411.8471079095915,1.2624396419360722,0.9765962351748239,,
2018,13132,"Kamara, Alvin",RB,15,15.66,12.3,1.9,32.2,8.551865293607005,0.546096123474266,11.0,20.45,1.2979429402195442,-0.49092350500845855,10.128736345842507,1.6394703566936948,241.17666217596252,471.69993622467894,1.9611898010599558,1.5857607690762752,,
2018,13146,"Conner, James",RB,13,14.30769230769231,12.5,0.3,30.9,9.093570132323128,0.6355721060225841,8.0,19.3,1.4841648241551497,-0.4432812127921787,8.747821178294629,1.4175056120008613,208.52421681323193,407.8373872689993,1.322766946315479,1.5559972507511215,,
2018,12625,"Elliott, Ezekiel",RB,15,13.979999999999999,12.1,-4.1,33.5,9.148202009138188,0.6543778261186115,9.75,16.95,1.5029456256107,-0.43326793787040085,8.450306682844586,1.3775839293907806,202.65147985215353,396.35132711288065,1.4734630575429923,2.4616998525109763,,
2018,13131,"Mixon, Joe",RB,14,12.700000000000001,12.75,0.2,22.6,6.196888620221326,0.4879439858441989,7.75,16.9,0.4883725590841746,-0.5218871340748046,8.535267537503797,1.7646514584533666,259.59160951956227,507.7163957327689,1.6847757867745297,2.668653022527696,,
2018,13614,"Lindsay, Phillip",RB,15,11.833333333333336,12.8,-2.2,29.8,8.242545453654202,0.6965531369285239,6.75,16.4,1.19160805225511,-0.4108113140402774,6.974926441005353,1.280311078010963,188.34201611568542,368.3644851398513,1.2456137860521892,0.9511697036830385,,
2018,13319,"Jones, Aaron",RB,12,10.858333333333333,8.75,-0.4,31.4,8.412238934367526,0.7747265327122818,5.2250000000000005,14.6,1.2499435837318478,-0.3691871858731741,6.118313516583732,1.1536397884764258,169.7078525403983,331.91927650830394,1.0988651571146224,1.3174144142945303,,
2018,13364,"Carson, Chris",RB,14,10.735714285714284,11.4,0.8,20.8,6.256722914805566,0.5827952149519491,4.8,15.375,0.5089417958069691,-0.47138274344925923,6.78275634415549,1.4794163166697032,217.6316807231651,425.6500151855,1.6383357324345744,3.3554586960411354,,
2018,13378,"Breida, Matt",RB,14,10.428571428571427,9.2,-3.5,27.8,8.514729135145636,0.8164808759728693,4.125,15.724999999999998,1.285176642234838,-0.34695471000351225,5.741085175469355,1.0960450140456681,161.2352898012949,315.3484057298584,0.9953650057937429,1.3883887377499713,,
2018,13290,"Cohen, Tarik",RB,16,10.243749999999999,9.1,-1.9,32.9,10.063049286250168,0.9823599059182594,3.0250000000000004,12.525,1.8174426935359693,-0.25863092755224193,5.1674521712317105,0.9259427247360775,136.21214607888496,266.40745434796247,0.8157066484133088,0.9577376969006716,,
2018,13404,"Ekeler, Austin",RB,14,10.15,10.399999999999999,-3.4,24.2,6.467252673497235,0.6371677510834715,6.85,13.2,0.5813156154335207,-0.44243159721826525,6.199731208535453,1.359268320466022,199.9571356646186,391.08165479068765,1.2932216149118505,1.1807643712520406,,
2018,13612,"Johnson, Kerryon",RB,10,10.08,10.1,-0.7,24.3,6.425698405620979,0.6374700799227162,6.575,11.95,0.5670305038812194,-0.44227061950676677,6.1558376690924,1.3574480741595716,199.68936569443554,390.55794293267184,1.3574480741595718,1.3063284718925128,,
2018,12626,"Henry, Derrick",RB,16,10.05625,5.550000000000001,0.7,55.6,13.402563595726752,1.332759586896383,1.3499999999999999,11.425,2.96546759878615,-0.07205746372203332,4.310881436941955,0.6982263909588773,102.71360487068104,200.89008791222923,0.9272018012361501,1.1836542841067572,,
2018,13610,"Chubb, Nick",RB,16,9.90625,9.0,-2.5,39.3,10.949056394845174,1.1052675225080302,3.075,11.725,2.122025376116297,-0.19318766089669834,4.705458994683282,0.8290403587243558,121.9571831292701,238.52720650991662,1.065260961044539,1.2604585813828693,,
2018,11747,"White, James",RB,16,9.85625,10.55,-0.8,20.4,5.906243386239683,0.5992383904872222,6.375,13.375,0.388457440811934,-0.46262742664240525,6.163089917443267,1.4271506879757592,209.94306968883416,410.61241867085795,1.1951863637580622,1.1333144060367368,,
2018,13234,"Mack, Marlon",RB,13,9.630769230769229,8.3,0.0,30.3,9.02060757082058,0.9366445560756196,2.6,12.1,1.4590824828344138,-0.28297247702666506,4.97291524175445,0.9610963369939226,141.383469142556,276.52166994959936,1.0979185293614302,1.0022075529003234,,
2018,13128,"Cook, Dalvin",RB,11,8.863636363636363,10.5,-8.0,29.6,9.253232627011318,1.043954450226918,3.25,12.399999999999999,1.539052003352518,-0.22583435806727378,4.336513645229388,0.8644723753058938,127.16946126434546,248.72152316442984,0.8993128455010904,1.342634049119855,,
2018,12152,"Coleman, Tevin",RB,16,8.73125,6.800000000000001,-3.3,28.2,8.168668706558003,0.935566924158397,3.825,11.125,1.1662114413333866,-0.28354627183997355,4.5109522646944535,0.9522920152796954,140.08829664060062,273.98853601756673,0.9675007147157733,0.8166202601970737,,
2018,10708,"Miller, Lamar",RB,14,8.55,5.85,0.1,30.9,7.953503271245589,0.9302343007304782,3.0749999999999997,10.3,1.0922440150562511,-0.286385675179245,4.429514073376655,0.9549334758673234,140.47687252743654,274.74852340351543,1.0070207685230705,0.898848384827249,,
2018,13850,"Edwards, Gus",RB,11,8.463636363636365,5.9,-1.0,20.5,6.203704571723507,0.732983354338975,4.4,12.8,0.49071567887715645,-0.39141371689811627,4.883853236354202,1.1749005361572478,172.83544563172248,338.036308929285,1.2311241052142663,1.9143084114599145,,
2018,13129,"Fournette, Leonard",RB,8,8.4125,5.35,-0.8,19.1,7.165444420969296,0.8517615953603918,3.8499999999999996,15.775,0.8213330073229717,-0.3281691734294575,4.542971417636918,1.0302562317852844,151.55733566848653,296.4199973754034,,1.061968319638662,,
2018,12171,"Johnson, David",RB,16,8.325,7.15,-5.3,29.6,7.565092530828688,0.9087198235229655,4.175,11.45,0.9587200465558273,-0.29784125220459146,4.361562078102363,0.9719684837070337,142.98283203695044,279.649747801243,0.9168906352127028,0.6584107466218128,,
2018,11668,"Crowell, Isaiah",RB,13,8.261538461538462,6.5,-1.9,42.2,11.573347262737144,1.4008707115044958,0.6,7.9,2.3366378610595233,-0.035791082405607605,3.4410592881785806,0.6570675484341927,96.65887370789973,189.0480785006479,0.5853475651551866,1.3688094369776616,,
2018,13607,"Michel, Sony",RB,13,8.169230769230769,5.0,0.7,21.5,7.468846540065827,0.914265584000525,1.5,16.2,0.925633560262687,-0.2948883621249468,4.2675534876191605,0.9646214192903856,141.9020314811097,277.5358884059682,1.0229155707238105,0.9426798592449845,,
2018,10276,"Ingram, Mark",RB,12,8.124999999999998,6.15,-2.8,28.4,8.568948301862953,1.0546397909985175,1.55,10.95,1.3038155663313027,-0.22014485220243274,3.9544644446175146,0.8491006267029537,124.90817791467781,244.2988431165323,0.8325227150738453,1.063437796780063,,
2018,8658,"Peterson, Adrian",RB,16,8.09375,5.300000000000001,-2.0,22.5,8.051200900331578,0.9947429683807355,2.475,12.950000000000001,1.125829531086631,-0.2520374544931319,4.057540308850032,0.8942183572241222,131.54528703203584,257.27988331805005,0.7005652885214675,0.6360267538821304,,
2018,12630,"Drake, Kenyan",RB,16,7.80625,5.55,-3.5,20.0,7.015203912752644,0.8986650328586253,2.325,13.375,0.7696848246154706,-0.3031950159896981,4.111441389030549,0.9739303060749104,143.27142875877274,280.2141931918128,1.248312215118582,1.4748398745359075,,
2018,12153,"Yeldon, T.J.",RB,14,6.9071428571428575,5.9,-0.8,17.4,4.871266231061237,0.7052505401743259,2.925,10.15,0.03266332214679646,-0.4061803034030312,4.050514979714798,1.1764315541682369,173.06066825445188,338.4768055172189,1.0107584481724694,0.7511359463026727,,
