season,player_id,player_name,position,games_played,mean_score,median_score,min_score,max_score,std_dev,coefficient_variation,floor_score,ceiling_score,std_dev_vs_position,cv_vs_position,value_score,consistency_score_std,consistency_index_vs_avg,consistency_index_vs_replacement,consistency_score_trailing_10,consistency_score_trailing_5,consistency_score_last_season,consistency_score_2seasons_ago
2020,11381,"Willson, Luke",TE,8,-0.012500000000000011,0.0,-2.0,1.9,0.9752403549894764,-78.01922839915804,0.0,0.0,-1.099726926982095,-8.913051936324589,,-0.006328343772657788,-1.2957749859433003,-3.206195554488969,-0.005341036328661046,-0.008954429279476312,0.5116256821766487,0.21025135747190374
2020,15018,"Russell, Chapelle",LB,12,0.0,0.0,0.0,0.0,0.0,,0.0,0.0,-1.565149776862644,,,0.0,0.0,0.0,0.0,0.0,,
2020,12807,"Hemingway, Temarrick",TE,8,-0.125,0.0,-2.0,2.0,1.0532687216470449,-8.426149773176359,-0.25,0.0,-1.0675805178514959,-1.0892341552851728,,-0.060878539025194085,-12.465329141954836,-30.843536349856816,0.04892294543450558,-0.2222222222222222,,
2020,15097,"McKeon, Sean",TE,15,0.0,0.0,0.0,0.0,0.0,,0.0,0.0,-1.501509980954577,,,0.0,0.0,0.0,0.0,0.0,,
2020,14517,"Baugh, Marcus",TE,9,-0.011111111111111112,0.0,-0.1,0.0,0.03142696805273545,-2.8284271247461903,0.0,0.0,-1.4885625848211799,-0.4599249932995655,,-0.010772562144742192,-2.2057614224415305,-5.457816784252043,,0.0,,
2020,13818,"Armstrong, Cornell",CB,11,0.0,0.0,0.0,0.0,0.0,,0.0,0.0,-1.8845858668877036,,,0.0,0.0,0.0,0.0,0.0,,0.3363575640604662
2020,15181,"Holder, Alijah",S,8,-0.3125,-0.75,-1.0,1.0,0.8267972847076845,-2.6457513110645907,-1.0,0.25,-1.446121240237712,-2.659170668413751,,-0.17106441016524981,-20.122864851610604,-32.20149823271589,,-0.2817541634481458,,
2020,13366,"Schreck, Mason",TE,15,0.0,0.0,-1.0,1.0,0.3651483716701107,,0.0,0.0,-1.3510748321503838,,,0.0,0.0,0.0,0.0,0.14285714285714288,,
2020,12627,"Prosise, C.J.",RB,10,-0.16,0.0,-1.7,1.4,0.7418894796396563,-4.636809247747852,-0.25,0.0,-1.2313313073091732,-1.1997075333261598,,-0.09185427770830736,-13.568423548439506,-28.1412040361049,-0.09185427770830737,-0.12791080396464136,0.3917102401127283,
2020,14958,"Quarterman, Shaquille",LB,13,-0.34615384615384615,0.0,-3.0,2.0,1.5858098560067926,-4.581228472908512,0.0,0.0,-0.8075393981963794,-2.3779727476581067,,-0.13386670537655218,-15.670060481587697,-37.66022721368587,-0.24873465043282939,-0.7288352777636485,,
2020,10368,"Jones, Taiwan",RB,15,-0.58,0.0,-2.4,2.5,1.4715977711317723,-2.5372375364340902,-2.0,0.0,-1.0093531278787498,-0.8018816846700438,,-0.2346660151479306,-34.66412197005035,-71.89413903605654,-0.292666466342884,-0.9519117450427742,0.4895712605597104,
2020,14231,"Wesco, Trevon",TE,13,-0.38461538461538464,0.0,-3.0,0.0,0.8355984993230934,-2.1725560982400425,0.0,0.0,-1.15725708449145,-0.3861904280157755,,-0.20953132439213573,-42.9030815443317,-106.15706493297989,-0.2601518475690376,-0.2727272727272727,0.2758088119757276,
2020,14713,"Jackson, Robert",CB,11,0.0,0.0,-1.0,1.0,0.4264014327112209,,0.0,0.0,-1.6871759511374305,,,0.0,0.0,0.0,-0.07692307692307693,-0.14285714285714288,,
2020,15131,"Moffatt, Jovante",S,10,-0.85,0.0,-3.0,0.5,1.4150971698084907,-1.664820199774695,-2.25,0.0,-1.1533631885090518,-1.9617146067806597,,-0.3519527125558274,-41.401346206829956,-66.25226509954855,-0.3519527125558274,-0.7288352777636485,,
2020,13846,"Woodside, Logan",QB,8,-0.7,-2.0,-2.5,3.6,2.0512191496766015,-2.930313070966574,-2.025,0.35,-2.5270835690610696,-0.8965368770451274,,-0.22941649408374779,-18.382052032526314,-34.92547635202438,,-0.27689467957211356,,
2020,14962,"Gipson, Trevis",DE,8,-0.25,0.0,-2.0,3.0,1.6393596310755,-6.557438524302,-2.0,0.25,-1.0495482352312178,-8.837179234924136,,-0.09471994534451854,-10.41257108357107,-14.527460491451812,,-0.1307562997774568,,
2020,14863,"Gandy-Golden, Antonio",WR,8,-0.9375,-0.5,-3.0,2.4,1.8282077972703212,-1.9500883170883427,-3.0,0.025,-1.2604997154095645,-1.7189399199876427,,-0.3314820081129963,-44.23151339620679,-77.42221849570726,,-0.8830368802245057,,
2020,13910,"Powell, Brandon",WR,17,-0.3823529411764705,0.0,-7.1,6.1,3.707581309904096,-9.696751118210715,-1.0,1.3,-0.6179327665253185,-5.562209625614569,,-0.08122067703260974,-10.837732897383196,-18.97021512384594,-0.16582126426123597,-0.9848767725236468,,
2020,14284,"Thompson, Darwin",RB,15,-0.13999999999999999,0.0,-6.8,4.2,2.2053873431516133,-15.75276673679724,0.0,0.0,-0.7861334177820971,-3.3059538681747433,,-0.04367646871106337,-6.45174989513065,-13.381068886935733,0.025423357349802937,0.0,0.4531059599642129,
2020,13455,"Ricard, Patrick",RB,16,-0.23124999999999998,0.0,-7.9,4.2,2.386870008504862,-10.321600036777783,-0.025,0.5,-0.7309261628790189,-2.2768589865923987,,-0.06827838075252424,-10.085866574378189,-20.918305515540144,0.21438716845579564,0.08333333333333334,0.4918973246087502,0.3480649449730592
2020,14936,"Asiasi, Devin",TE,10,-0.8,-0.5,-2.0,0.0,0.8717797887081347,-1.0897247358851683,-1.75,0.0,-1.1423509858344263,-0.2644559763443656,,-0.4274007043062177,-87.51344135370096,-216.53852688166086,-0.4274007043062176,-1.073899055670241,,
2020,13873,"Boyle, Tim",QB,10,-1.5699999999999998,-1.2999999999999998,-3.2,-0.7,0.751065909225016,-0.47838592944268543,-2.1,-1.05,-2.743117111201395,-0.41172425086500747,,-0.8965967481457325,-71.84003112955035,-136.49440790963635,-0.8965967481457326,-0.9878510769008138,,
2020,13826,"Adams, Matthew",LB,10,-0.15,0.0,-3.0,1.0,1.0012492197250396,-6.674994798166931,0.0,0.0,-1.0868094527551238,-3.206792724171185,,-0.07495318350235718,-8.773809107094115,-21.086303074000135,-0.07495318350235718,0.08333333333333334,0.32652267132714285,0.7196152629733586
2020,14195,"Warring, Kahale",TE,8,-0.16249999999999998,-1.0,-1.9,6.4,2.587922670792155,-15.925677974105572,-1.9,0.0,-0.4353282250460921,-1.9323487759671636,,-0.04529083118843323,-9.27363118295091,-22.94617151534404,,0.03321204421015516,,
2020,14994,"Maluia, Cassh",LB,10,0.0,0.0,0.0,0.0,0.0,,0.0,0.0,-1.565149776862644,,,0.0,0.0,0.0,0.0,0.0,,
2020,14359,"Johnson, Jakob",RB,17,-0.13529411764705887,0.0,-6.3,4.2,2.1660322023760643,-16.009803234953512,-1.0,0.0,-0.7981053010708575,-3.354657021519589,,-0.04273302007020727,-6.312386644178022,-13.09202648888619,0.004068838773142158,-0.14285714285714288,,
2020,13065,"Tomlinson, Eric",TE,8,-0.125,0.0,-2.0,1.0,0.7806247497997998,-6.244997998398398,0.0,0.0,-1.17990536894644,-0.8440239364591512,,-0.07020008006406407,-14.373983308436511,-35.56620700642571,-0.05882352941176471,-0.22222222222222224,0.05807746577641846,0.28772452258107195
2020,14319,"Beck, Andrew",RB,11,0.0,0.0,0.0,0.0,0.0,,0.0,0.0,-1.4570150194844163,,,0.0,0.0,0.0,0.0,0.0,0.4573760796886513,
2020,15094,"Locke, P.J.",S,16,-0.13125,0.0,-3.0,1.0,0.8865091299586261,-6.754355275875246,0.0,0.0,-1.4164065931274317,-5.580446899869802,,-0.06957294715180017,-8.184092830948892,-13.096547274733108,0.044935032067273256,0.14285714285714288,,
2020,12845,"Washington, Dwayne",RB,13,-0.15384615384615385,0.0,-2.0,1.0,0.6368376011021293,-4.13944440716384,0.0,0.0,-1.2632882207982918,-1.1054670800323596,,-0.09398987031002029,-13.883886536880539,-28.79548110019164,0.0,0.0,0.23548023558281034,0.3881686209868798
2020,13315,"Saubert, Eric",TE,9,-0.5666666666666667,0.0,-2.0,0.5,1.0252370999486466,-1.8092419410858471,-2.0,0.1,-1.0791290868951806,-0.3453457949147888,,-0.27980262986542936,-57.291648779773254,-141.75935761974193,-0.149714115458964,-0.554058537634193,,0.18938160884343405
2020,11177,"Barner, Kenjon",RB,8,0.0,0.0,-1.0,1.0,0.5,,0.0,0.0,-1.3049143910425223,,,0.0,0.0,0.0,0.0,0.14285714285714288,0.3099147992138856,0.3599495840274119
2020,9200,"Slater, Matt",WR,17,-0.17647058823529413,0.0,-2.0,1.5,0.9226110083151837,-5.228129047119374,0.0,0.0,-1.5701276641310418,-3.3452395221484754,,-0.09178694362617754,-12.247649426614464,-21.438113172213725,-0.1872850609104203,-0.6061230866018628,0.44965194035513645,0.38669726492471856
2020,13116,"Mahomes, Patrick",QB,17,47.9,43.2,24.3,86.2,19.61931821085594,0.4095891066984539,31.8,51.8,0.39203284797025445,-0.23614745579498228,33.98153388982382,2.3230642017436325,186.13608058957684,353.6542747995001,2.195294616207929,7.656521168961965,1.7949674902214723,3.0853938151994957
2020,13113,"Watson, Deshaun",QB,17,45.41764705882353,50.8,21.3,71.5,16.635264997062457,0.3662731575573912,28.2,56.0,-0.10379761697333797,-0.2447121960366158,33.241996161309885,2.5753878417131153,206.35357322226565,392.0670461043998,2.540896324541066,3.4415119505879526,1.0831253571828945,1.334511839264987
2020,13589,"Allen, Josh",QB,17,46.088235294117645,44.1,8.4,84.0,25.23559303264622,0.5475495616528216,19.7,72.0,1.3252334166689559,-0.20886892482123492,29.781427642869325,1.756706442151615,140.75652822816267,267.4341683576513,1.774230401174326,2.566817143381758,0.8204811584544919,0.6325692951013308
2020,7836,"Rodgers, Aaron",QB,17,43.93529411764706,45.5,-21.6,67.5,21.09357139806485,0.4801053872902697,42.3,57.6,0.6369948479371073,-0.2222044708656157,29.683895819123,1.9886008163214075,159.3371210014232,302.73686755362996,2.99401078108389,2.283064976349991,1.1601524615415533,1.4091102191324574
2020,4925,"Brees, Drew",QB,13,32.5923076923077,31.5,11.5,46.8,9.855452340121298,0.30238584003204355,30.1,39.9,-1.2303317036922872,-0.2573444548278851,25.025078352745147,3.002390565692771,240.56726967671142,457.07228296918,3.0518001283075264,2.9952697074852597,1.8842459379666383,1.3433815330986731
2020,5848,"Brady, Tom",QB,17,41.10588235294117,38.8,-20.6,75.7,28.27088443212194,0.6877576350115526,23.2,64.7,1.8295776216867046,-0.1811459786106658,24.355323003862345,1.4043266252601332,112.52201023859418,213.78923314527074,1.3864857625563796,3.609907341769085,1.4364025513201184,1.8439374734053962
2020,10703,"Wilson, Russell",QB,17,33.41764705882353,30.4,-1.0,59.9,17.986407786211874,0.5382308262024323,26.2,50.4,0.12070835170457246,-0.21071149205329925,21.724728493008204,1.7600826567673205,141.0270482401903,267.9481501626262,1.7137945808580899,2.767036602526202,1.4155866681118663,1.175843540469284
2020,14056,"Murray, Kyler",QB,17,34.61176470588235,35.5,-6.2,73.5,20.57479561339242,0.5944451485854371,16.0,44.4,0.5507950317519898,-0.19959639291275044,21.707717406640974,1.6042684865295924,128.54240019361495,244.2276058326203,1.2229383472074598,1.5357510416081928,1.0899504051742124,
2020,14779,"Herbert, Justin",QB,16,34.2,28.65,-19.4,73.2,20.203743465011627,0.5907527328950768,25.15,45.975,0.489140984029401,-0.20032648383489737,21.499255850881365,1.612922739630082,129.23582431480207,245.54509572458616,1.3400367271715556,2.8913872468522053,,
2020,11644,"Carr, Derek",QB,17,32.95294117647059,36.1,-10.2,56.4,18.409592053730446,0.5586630933834659,21.8,50.9,0.1910246755390939,-0.20667147759157495,21.14179858133295,1.6977657791698495,136.03389336230643,258.46127066185255,1.4620308813593959,2.1391466588708505,1.5468933713094435,0.8109331859885209
2020,10697,"Tannehill, Ryan",QB,17,32.84117647058823,34.1,2.8,68.3,19.27247530802076,0.5868387609463603,18.8,52.6,0.334401409971691,-0.2011003824500386,20.695975721567564,1.6199884805184444,129.80196851108994,246.62075668476083,1.2276186098414,0.8390561282421861,1.504318627977854,0.3084491707288358
2020,13593,"Jackson, Lamar",QB,16,31.55625,37.349999999999994,-2.4,56.2,16.941774137837513,0.5368753935539715,20.85,44.800000000000004,-0.05286803935137714,-0.2109794979213293,20.532731627010605,1.7588143601390476,140.9254256663353,267.7550696080871,2.1483713109114215,6.223035341702383,1.7833085489206364,0.9136129539688315
2020,14067,"Minshew, Gardner",QB,9,27.811111111111114,27.5,12.6,45.3,10.182822621611841,0.3661422436856035,21.5,34.6,-1.1759358376501328,-0.24473808126660895,20.357405123555647,2.486949140851395,199.26740094236098,378.60348164759915,2.6280564193990164,3.0112772089636497,1.453755170330179,
2020,7394,"Rivers, Philip",QB,17,29.841176470588234,37.2,8.0,54.0,14.964863114231338,0.501483684096063,12.1,42.0,-0.38135169622982307,-0.21797740063903745,19.874459367537845,1.8691783485438922,149.7683669094109,284.5564547157395,1.8842524723777083,1.5515534939826643,1.1302097617812248,1.5870898362842938
2020,10700,"Cousins, Kirk",QB,17,31.50588235294117,38.0,-32.0,55.3,18.906533902898577,0.6000953628627257,26.4,41.1,0.27359656366227114,-0.19847919200744532,19.690002911185303,1.582690512905093,126.8134598421107,240.9426589042972,3.2766365419231254,3.2042851859784394,1.3017381200568106,1.0758543857482847
2020,9099,"Ryan, Matt",QB,17,33.09411764705882,40.2,-11.3,69.7,22.702901358720787,0.6860101725884348,14.7,45.7,0.9044012128609034,-0.1814914994184237,19.628658346854053,1.3962053482909516,111.87129095873473,212.55288147026064,1.2684254524906688,1.6961122754540192,1.2144434746824175,1.6946508445057726
2020,8062,"Fitzpatrick, Ryan",QB,11,30.83636363636363,34.9,-5.0,69.6,19.512805712579095,0.6327855626131194,21.55,38.099999999999994,0.37433472472674345,-0.19201545117153654,18.885740015371603,1.5032738119024744,120.45017748130186,228.85256867822034,1.9490307481070448,2.1436570506361687,0.9708316496549567,1.077761770603056
2020,7401,"Roethlisberger, Ben",QB,17,30.835294117647063,28.7,-13.6,58.1,19.72651071308595,0.639738042965397,21.5,53.2,0.40984396071231133,-0.19064075687456059,18.805012331044498,1.4877223930499215,119.20411628736309,226.48508105033864,1.3828558495212664,0.9875892034660974,,1.6354814446603412
2020,13115,"Trubisky, Mitchell",QB,11,26.654545454545453,32.5,0.1,47.3,15.869373799661675,0.5953721411878528,11.05,41.1,-0.2310581452869982,-0.19941310128453862,16.707415634511143,1.580055417058814,126.6023221505927,240.54150214339342,1.4849875113721118,5.539207400904418,0.9086985451089208,0.8937600801643744
2020,13132,"Kamara, Alvin",RB,17,24.7,22.1,6.9,48.9,14.389048122872929,0.5825525555819,14.3,36.8,2.920151504854843,-0.2107453427688706,15.607696510854819,1.6050375437638726,237.0910723841622,491.73201435541625,1.36755767932449,1.9911327618246362,1.1251968908503358,1.6394703566936948
2020,9431,"Stafford, Matthew",QB,17,25.947058823529414,25.9,1.9,60.0,18.15648053635748,0.6997510068421608,7.6,37.3,0.14896765029520673,-0.17877456308388223,15.26521162163304,1.3544794292607116,108.52799161235531,206.20068955756778,0.9977072567976298,0.8376065876323175,3.0541725644670503,1.0236630356417094
2020,11640,"Bridgewater, Teddy",QB,16,26.3375,27.4,-1.2,56.2,19.181008673946216,0.728277500671902,12.05,44.525,0.3192033084464329,-0.17313410005580368,15.239161529187747,1.305063608341928,104.56853701870486,198.67781683733162,1.1136276183454064,0.6880049064895112,0.7047817859933224,
2020,11675,"Adams, Davante",WR,15,23.159999999999993,22.2,-0.1,42.7,13.89579312837762,0.5999910677192412,9.7,36.5,2.8654664294165566,-0.45379606408690903,14.475080809678621,1.5548013993211565,207.46591742340334,363.14542180111295,1.6376566628370484,1.6972810785033325,1.4697616022539315,1.913413643174369
2020,14777,"Burrow, Joe",QB,10,25.79,28.2,-17.0,58.0,20.349862407397257,0.7890601941604211,14.75,36.25,0.513420116454131,-0.1611157098037363,14.415389758365764,1.2079703141817126,96.78891335916563,183.89671069814153,1.2079703141817126,1.9593453338674913,,
2020,12611,"Goff, Jared",QB,17,23.93529411764706,20.8,-9.4,56.0,18.971152750378682,0.792601614048753,7.8,40.0,0.2843336353210733,-0.16041547485491084,13.35226629835897,1.1984933677498018,96.02957073597457,182.45397716749886,0.8621711362988902,2.3472854827393275,0.9383892804769572,1.0801009445899892
2020,11244,"Kelce, Travis",TE,17,17.18823529411765,16.6,5.2,28.2,6.334116991521686,0.36851467780926983,13.0,18.3,1.1080424807050255,-0.1005172675082309,12.559774164521732,2.3435998244897682,479.86932106243023,1187.36269847497,2.9621248390330024,3.077726472502559,1.6682847983198559,1.267864879381977
2020,12186,"Diggs, Stefon",WR,17,19.470588235294116,18.1,3.1,38.5,10.992230662977232,0.5645556533855376,10.8,24.2,1.8727242939415876,-0.4713762606065419,12.444803860547731,1.6236002110436627,216.64613079205716,379.2143380712508,1.9321516031784476,4.049674851980354,1.0424300174265602,1.1194401649406327
2020,10313,"Dalton, Andy",QB,12,24.366666666666664,26.05,-19.8,59.9,24.742417469241403,1.0154206895721507,6.9,37.7,1.2432873348191058,-0.1163580885900048,12.090114382937793,0.9465570471686053,75.84311216287732,144.10016986250815,1.0910208384158044,2.808188432444975,0.7096205113177805,1.2964462271393897
2020,13128,"Cook, Dalvin",RB,16,19.7875,16.05,1.9,51.4,13.896261862457832,0.7022747624741797,8.5,26.925,2.7702453050615086,-0.18806043598371408,11.62415165648098,1.3283533938047416,196.22016436061665,406.9648667405593,1.1499524763588131,1.669216304900158,1.4369395975317936,0.8431449112629907
2020,13629,"Ridley, Calvin",WR,16,17.21875,17.35,-5.0,31.6,8.772985434702374,0.5095018764255462,13.3,23.525,1.1139535516850012,-0.49868950743329427,11.406908642454601,1.7618720620271118,235.09652351143492,411.5096458002821,2.273977137063808,3.64854329664869,1.396607780289657,0.8762562214827492
2020,12801,"Hill, Tyreek",WR,17,18.470588235294116,15.5,3.0,60.3,11.937768276302114,0.6463122952138087,11.2,21.2,2.1960082048646505,-0.430815204466747,11.219370886673307,1.427648713505433,190.49921760751266,333.4471492475535,1.4663940167970266,2.5399818886369006,1.3805980793507187,1.4477853552694075
2020,13610,"Chubb, Nick",RB,13,16.59230769230769,14.8,3.2,33.2,8.180790025650762,0.4930471503637456,11.7,22.5,1.0315915886209037,-0.2277047843532408,11.11305003881851,1.8072853911209648,266.96648508312876,553.6942667440624,1.9337907842313022,2.5731542235187135,1.1561210550680072,0.7636906465057239
2020,13590,"Mayfield, Baker",QB,17,21.64117647058824,19.0,-9.7,63.5,22.740584575846132,1.0508016792318136,1.7,40.4,0.9106626585286491,-0.10936230546771673,10.552544738843084,0.9115688116882409,73.0396713392565,138.77369673445813,0.8761602733844636,0.6094564197941073,0.7851710793449214,1.505962872122725
2020,12626,"Henry, Derrick",RB,17,18.347058823529412,11.7,1.3,49.8,13.571168298880526,0.7396917636452995,10.6,24.5,2.6713514344164624,-0.18097068040887193,10.54615490337525,1.2591343705047302,185.99534904252812,385.7583785239594,1.2869254967455594,1.4675356238437838,1.245703490980704,0.7285131813970609
2020,13696,"Smith, Roquan",LB,17,15.241176470588233,14.5,2.5,29.4,8.13272682897566,0.5336023006275038,9.0,18.7,2.3202077451321905,-0.35326069147043054,9.938154412230604,1.668852770481662,195.3512172780596,469.4922037988478,1.6909626757393177,2.1352979056026333,1.348522038261978,1.8737948658661103
2020,10271,"Jones, Julio",WR,9,15.744444444444447,14.3,2.3,32.4,9.75945252461668,0.6198664271104454,7.8,24.4,1.4512314498142789,-0.44393551269882026,9.719594270825,1.4633127855179011,195.25807582718727,341.77698769493827,1.4077878557596883,2.2929092536519757,1.3905377765514035,1.798466756583836
2020,12647,"Fuller, Will",WR,11,16.254545454545454,13.8,-0.5,41.2,11.036168936428458,0.6789589390420193,9.8,23.1,1.8877470034354709,-0.4146185710987404,9.681323989864799,1.3504750174575675,180.20149620173325,315.42216263801663,1.2749641243289545,1.2093624911288527,0.6875899764464545,
2020,11678,"Robinson, Allen",WR,17,13.947058823529412,15.6,1.1,24.1,6.3216823567836125,0.45326275860532017,9.6,16.8,0.2758411014560841,-0.5265908248571458,9.597066147153077,1.9048981018149909,254.18129444937213,444.91536023428597,2.5824726812022796,4.340341059302698,1.2692112006092182,0.8927457453091604
2020,13214,"Watt, T.J.",DE,17,12.635294117647058,13.6,4.0,20.4,4.278391833177589,0.33860643000008855,11.7,14.3,0.21194937756180487,-0.7170222535861993,9.43914046315034,2.3937772179449244,263.1481189038393,367.1402451991046,2.373147628778674,3.1464378461692175,2.394265040207002,1.0927815392843074
2020,14081,"Gaskin, Myles",RB,11,16.281818181818178,12.7,-1.4,34.8,12.085439637831525,0.7422659744061798,8.35,25.5,2.2193909083370884,-0.18048292017898862,9.345196669737836,1.2442698627217348,183.7996109400607,381.20437018756036,1.2694268134548643,1.449835824451644,,
2020,13319,"Jones, Aaron",RB,15,16.066666666666666,13.2,3.2,48.7,11.813871319578338,0.7353031941646269,7.65,17.65,2.136779484594652,-0.1818022244655131,9.258708634142256,1.2538495405458283,185.2146906665342,384.1392761600841,1.6219245281141839,2.3767290041798668,0.9521653824750589,1.1536397884764258
2020,14102,"Metcalf, DK",WR,17,14.85294117647059,13.0,3.1,35.2,9.059224590052418,0.6099279922015488,7.3,19.2,1.211820111721129,-0.44886616306883165,9.225841931078824,1.4765493148605795,197.02430057124752,344.86856262754924,1.321520897706839,3.192868263626351,1.1054302580357966,
2020,14836,"Jefferson, Justin",WR,17,15.317647058823528,12.0,2.7,39.7,10.422726034636025,0.6804391036436729,8.3,19.6,1.6780078903375872,-0.4138842327237627,9.115264591028907,1.3409799913240774,178.93452132725486,313.20446765024246,2.3745331505223417,2.473336133728725,,
2020,14802,"Taylor, Jonathan",RB,16,14.274999999999999,14.4,1.2,33.5,8.086910720417285,0.5665086319031373,10.55,17.8,1.0030333859735032,-0.21378533779208603,9.11262134742113,1.5709409324255437,232.05442873786274,481.285906448948,1.3849505998845262,2.705179523070503,,
2020,11938,"Thielen, Adam",WR,16,14.524999999999999,14.05,0.7,30.5,9.06590453291893,0.6241586597534547,6.275,20.9,1.2141040166913764,-0.44180605281268825,8.9430918049625,1.4429900415306256,192.54629750763985,337.0303290923428,1.4873687732447494,1.755879742590734,0.7426222337883925,1.4501452057600548
2020,13198,"Garrett, Myles",DE,15,12.433333333333335,14.3,2.2,22.0,5.067499931480567,0.40757372103060857,8.75,15.0,0.5891550749579673,-0.635812627857749,8.833166709186498,2.049169093323649,225.26532050753718,314.28674219865553,1.8423584879568076,2.385271547391497,1.449592995758739,1.1967150336791255
2020,11671,"Evans, Mike",WR,17,15.93529411764706,12.0,-0.6,40.7,12.99569798394705,0.815529220107419,7.4,20.8,2.557719519728689,-0.34686340511532376,8.777217100754907,1.1385851663793196,151.92783863630373,265.9323503836791,1.460950099544979,2.1131728068143874,0.9993055984562255,1.4409250362029604
2020,13299,"Kittle, George",TE,9,15.100000000000001,17.4,3.8,39.7,10.903923860498823,0.7221141629469419,5.3,17.4,2.990728067379577,-0.06076478071202722,8.76829209403885,1.268489296214908,259.7325238672654,642.6681116808235,1.337780357518526,1.7852043123207413,1.806699078607091,1.1857703974687315
2020,12171,"Johnson, David",RB,13,14.853846153846156,12.6,1.7,31.3,10.398270224832546,0.7000389069022427,7.3,21.3,1.7061518523269157,-0.18848408483342247,8.737356594333695,1.3031666964242705,192.49966503961772,399.24847064379526,1.4211595102730783,2.012826702750955,0.755393948275851,0.9659786724917564
2020,13364,"Carson, Chris",RB,13,12.084615384615388,11.8,5.7,19.0,4.644574362190486,0.38433778936012924,7.8,16.1,-0.04412966081585125,-0.2483029823405182,8.729527921217233,2.140925889038287,316.25080478602115,655.9110122332041,2.0856123391826906,2.139155144407518,1.2791666426182076,1.5117833280673039
2020,14059,"Jones, Daniel",QB,15,15.906666666666666,17.9,-15.5,45.5,13.171811653004388,0.8280686286465458,8.4,20.450000000000003,-0.679285236951686,-0.15340268226465553,8.701350932565122,1.1224158954507764,89.93384488204683,170.87223815473436,1.1901888713855675,0.8961731404552029,0.6307137823132829,
2020,14071,"Montgomery, David",RB,16,14.6,14.3,-5.1,30.0,9.951193395769174,0.6815885887513133,7.425,23.0,1.5701505190022194,-0.1919800423360009,8.682266338903638,1.333188034615523,196.93432221871407,408.44604559136394,1.5245955484286113,3.7591659229016967,0.9427100020520462,
2020,13138,"Hunt, Kareem",RB,17,13.07058823529412,13.1,4.4,26.1,6.612089169346629,0.5058754089959167,7.7,16.4,0.5543908164585118,-0.22527409201269183,8.67972752407803,1.7170829117357818,253.64205996158807,526.0591207250392,1.7265766946460495,2.418896256883035,1.3912327291390854,1.4521453217953653
2020,12239,"Kendricks, Eric",LB,11,12.090909090909092,12.5,2.5,22.0,4.7521200140673185,0.3930324823664699,10.25,13.5,0.7051447541543545,-0.40890542701902527,8.679560056179863,2.1019917980396277,246.0532550975267,591.3456112392099,2.0432377893541314,1.7149776869286744,1.8123909835809178,1.7342994823340938
2020,13223,"Humphrey, Marlon",CB,16,12.70625,14.45,2.0,23.0,6.0410542074624685,0.47543958346974663,6.775,15.75,0.9122246282253827,-0.9065358094855976,8.61184025585046,1.8045948270833179,207.65171907880875,362.7294453210454,1.4002063302566485,2.475392839188663,1.6568156939109018,1.1241811783616578
2020,13163,"Godwin, Chris",WR,13,12.53846153846154,14.8,3.7,20.6,5.7533319391781035,0.4588546945356769,6.1,16.8,0.08151932811893667,-0.5238165569551232,8.594729540526497,1.856633385029124,247.74106114913675,433.64246651103133,1.783703430708518,1.5820527781147493,1.4269051229779355,0.903140417381145
2020,11283,"Richardson, Sheldon",DT,17,13.505882352941176,13.5,1.5,26.0,7.750026230561705,0.573825983970161,6.5,18.1,2.634121657134821,-0.6706243178009533,8.581560153728686,1.5435247846193223,152.32419322694207,206.0970099426696,1.679320324321004,1.802378471342236,1.564540597961988,1.1416301720242432
2020,14168,"White, Devin",LB,17,13.076470588235294,10.7,2.0,31.3,6.98885915218893,0.5344606639100846,8.0,15.7,1.773732377690167,-0.3529209073086901,8.521867582394762,1.6368382943204562,191.6036926316488,460.4856891246671,1.7904223485164998,2.0051105406805894,1.3685568822565333,
2020,12688,"Buckner, DeForest",DT,16,12.381250000000001,12.0,1.5,25.3,5.712619665048602,0.46139280484996276,7.375,15.125,1.3001894813581314,-0.8925049951013952,8.47222591962272,1.8444736358991012,182.0236133014135,246.2807886629709,1.4794726635651614,1.3874677068087946,1.490332277771872,1.5844266971935963
2020,12184,"Crowder, Jamison",WR,13,15.161538461538463,13.4,-1.6,33.8,12.588611364827916,0.8302990753057478,3.2,23.2,2.4185346237936582,-0.3395357934072204,8.283639906776306,1.1157533359723446,148.88125876834968,260.5996598630425,0.912039217158083,1.368225620696593,0.984781768000232,0.6338964863722256
2020,12788,"Martinez, Blake",LB,17,11.076470588235296,11.0,3.0,18.8,3.766497735338682,0.34004493627592985,9.5,12.8,0.23427009980593927,-0.4298806123472288,8.265745639110815,2.323817444853619,272.0195421751454,653.7510035086234,1.8466821113792582,3.3121656147503162,1.7232427220478999,2.4718118114711576
2020,14813,"Robinson, James",RB,14,13.5,12.4,-2.8,28.8,8.68381088166776,0.6432452504939081,9.175,18.4,1.184611165260034,-0.1992453198211009,8.215450490997812,1.3940792695111999,205.928982958149,427.10116659347113,1.197449963231029,1.8484613155722986,,
2020,13813,"Oluokun, Foyesade",LB,16,11.931249999999999,11.75,4.5,23.5,5.40089329995511,0.4526678512272486,6.5,15.2,1.0150919858027247,-0.3852986928661876,8.213336579260147,1.8639976392175877,218.1943274237962,524.3915910326441,2.0655632038327294,3.0018256113383397,0.9381478809037421,1.3853014701591662
2020,12175,"Cooper, Amari",WR,17,13.488235294117647,14.7,-3.5,28.8,8.686289558699839,0.6439900675878641,9.2,21.7,1.0843118098229876,-0.43196730664461247,8.204572253838606,1.3925079580140212,185.81018846195084,325.23953862866017,1.2750753276873508,1.421427816456103,1.0290227144207458,0.5839665377641854
2020,13968,"Mullens, Nick",QB,10,17.689999999999998,13.05,-14.1,51.9,20.498412133626353,1.1587570454282847,4.05,33.775,0.5381031480713122,-0.08801659591966743,8.194530291152057,0.8228514687524529,65.93117279582653,125.26771289012648,0.8228514687524532,1.1202400155184764,,1.3583780976370252
2020,13414,"Hilton, Mike",CB,13,13.384615384615383,13.3,0.0,22.8,8.741487829165903,0.6530996653974526,3.0,22.7,2.1624370638639734,-0.6533037377490026,8.09667781367395,1.3739806094652192,158.10165875158492,276.17458327679253,1.162755645868605,2.075206189331384,1.7873091432108188,1.0328076290715578
2020,11674,"Cooks, Brandin",WR,16,13.700000000000001,14.8,-3.0,31.2,9.681425514871247,0.7066733952460763,7.825,19.175,1.424553635507733,-0.40086889169852896,8.027312102105318,1.2826003402753814,171.1445953155057,299.56909080151,1.8267745990968844,2.259564967939605,1.0023806128414599,1.5167268450064364
2020,13404,"Ekeler, Austin",RB,11,13.009090909090908,12.6,1.8,30.1,8.077629551641603,0.6209219082324084,8.600000000000001,13.899999999999999,1.0002100427665905,-0.20347513608894588,8.025735751376901,1.4330933901943967,211.69202554045077,439.05384161119406,1.4335225475882178,3.805856681617556,1.213949653400394,1.404337847769785
2020,13447,"Wilson, Eric",LB,17,11.623529411764705,10.5,3.5,23.4,5.366401950673633,0.4616843783474279,8.0,13.5,0.9986139672742927,-0.38172948950962193,7.952147251451233,1.8257611602005137,213.71847260153015,513.6346632096744,1.9991641599500738,3.514032817811791,0.8444972424584887,0.5933264405984924
2020,13635,"Moore, D.J.",WR,16,12.73125,9.3,2.6,24.6,7.762869858338474,0.609749227950003,7.15,21.3,0.7685901209665417,-0.4489548514821592,7.9088405690450925,1.4528630694983262,193.86371129821157,339.33631164892546,1.4212229096259013,1.425581030861249,1.4579723373461988,0.8751134512947905
2020,13157,"Samuel, Curtis",WR,16,13.231250000000001,13.5,-2.1,28.1,9.06612642960046,0.6852055874993263,6.75,17.125,1.2141798842465272,-0.4115194876102748,7.85141593295678,1.3144331230623305,175.39222301118298,307.0040785351955,1.4939927925414156,1.7605110140036597,0.9963466122269762,1.2656334498059174
2020,10768,"David, Lavonte",LB,17,10.858823529411765,9.5,4.0,19.0,4.180073011398585,0.3849471353942359,7.5,14.3,0.43185300693437495,-0.41210602156808507,7.840605068525389,2.0962684320312226,245.38329395029672,589.7354777583171,2.289979131998231,3.6136645316769616,1.6818633927602544,2.3274399764406817
2020,13230,"Adams, Jamal",LB,13,10.707692307692309,10.0,3.0,18.7,4.068350930037972,0.3799465667420519,9.5,12.8,0.3784785068047483,-0.4140855028229208,7.759497770245083,2.1126580332534486,247.3018146287504,594.3463039098572,2.2164008971455176,5.329048238850482,1.1263722057896703,1.9699019935105986
2020,12768,"Schobert, Joe",LB,17,12.805882352941177,9.5,3.5,35.9,8.614725463396299,0.6727162741283284,7.0,18.8,2.550479468161814,-0.2981922538617764,7.6557408754897605,1.3319030690677294,155.90883176810684,374.69938523251443,1.5517558735179495,2.4209868569734763,1.1780497286561642,1.9154742012097805
2020,13733,"Leonard, Shaquille",LB,15,10.926666666666668,9.0,1.0,19.5,5.16816752394459,0.4729866556386141,8.35,14.75,0.9039087549627377,-0.37725546913494185,7.418035068301013,1.771460749768836,207.36221909363985,498.3585287227522,2.065235491561944,2.518319574337607,1.3234987124672806,2.2707679737080886
2020,14075,"Harris, Damien",RB,10,10.66,10.25,3.4,18.9,4.670588827974477,0.43814154108578585,9.225,12.5,-0.03621602762720091,-0.2381082730691931,7.412344122923939,1.8798753221907876,277.6892402414147,575.9334929637675,1.8798753221907876,1.961616032408342,,
2020,12181,"Agholor, Nelson",WR,17,13.605882352941178,12.8,-2.0,34.0,11.617657483241787,0.8538701998059246,4.8,19.0,2.0865607670780926,-0.3278417012484698,7.339177443148681,1.078320787437122,143.8864227547297,251.85676920649365,1.168899678071991,1.9778282239274954,0.42504858548675856,0.8076664143619822
2020,13684,"Hubbard, Sam",DE,14,10.671428571428573,13.0,4.0,17.0,4.868327458675922,0.45620203762692707,5.25,14.9,0.4939475974679205,-0.5785523334256529,7.3282609800622645,1.8184787141780223,199.90550888166607,278.9051194938862,1.887803009475749,2.5506300461897817,1.727996699078417,0.9425881026303571
2020,10457,"Guy, Lawrence",DT,13,10.169230769230769,10.8,0.0,16.0,3.9674414571580425,0.39014174692174397,9.0,13.0,0.15758524940247115,-1.0331150277909906,7.315247378009454,2.047176772375846,202.0275627268229,273.3464443298874,1.9501017317825389,3.646648389681553,1.6636441750538622,1.6290951755730134
2020,12263,"Waller, Darren",TE,17,13.505882352941176,10.5,-1.2,42.0,11.442411849227225,0.8472169052128172,4.4,21.4,3.212576299491682,-0.04670043582714478,7.3114761535734045,1.0854714115398778,222.25826433560266,549.9438303653325,1.282442388508457,2.8665219729845655,1.3520247502694158,
2020,14832,"Lamb, CeeDee",WR,17,12.147058823529411,11.7,-6.3,22.3,8.122671079585091,0.6686944714428404,7.3,20.8,0.8916079092811502,-0.41971097261163415,7.279378598903387,1.3315243657871607,177.67280389653666,310.99597521802815,1.445069964663716,3.4383308587668333,,
2020,14840,"Aiyuk, Brandon",WR,14,11.72142857142857,10.5,3.2,24.4,7.186413626860517,0.6131004922367291,5.2,18.2,0.5714969304240175,-0.4472922242529402,7.266396996243928,1.43181484660991,191.0551282382889,334.4202073912916,1.4423738898932301,1.593130627193967,,
2020,13304,"Brown, Jayon",LB,10,11.32,9.75,4.5,25.5,6.403249175223467,0.5656580543483628,7.5,10.75,1.4939610074221503,-0.3405713819111357,7.2301866736229705,1.5290583542540708,178.9872756159957,430.1643555222604,1.529058354254071,1.5498104733726472,1.4682358862172573,0.9590034903428858
2020,14171,"Burns, Brian",DE,17,10.405882352941177,8.0,4.0,18.5,4.579425932200685,0.4400805022465328,7.0,14.5,0.35584826480707826,-0.5975355910662992,7.225903230206886,1.8650453432646967,205.02458210033896,286.047172435494,1.8334100878043864,1.9151141167805759,0.7631250425959706,
2020,12701,"Smith, Jaylon",LB,17,10.617647058823529,10.5,1.5,18.6,4.984120111634273,0.46941851466915596,6.0,14.5,0.8159812968221521,-0.3786679221287766,7.225747431945298,1.774303800851322,207.69501866683834,499.1583538132807,2.0597996537688594,3.528467134767462,1.6726795935108614,1.2324221170591902
2020,13273,"Griffin, Shaq",CB,13,10.76923076923077,12.0,3.0,20.6,5.303465429521548,0.4924646470270009,6.1,14.0,0.5707451505748559,-0.8822687255730447,7.215735924253313,1.7084619388557807,196.5898678527787,343.40642128232315,1.9441905039246938,2.761904761904762,1.829820865302169,0.9678363386252217
2020,13216,"Cunningham, Zach",LB,17,9.776470588235293,11.0,2.0,17.1,3.478594951610527,0.35581296135607077,7.5,11.5,0.09672641121479901,-0.42363882021459104,7.21078118213073,2.1829325254608305,255.52794927593524,614.1163679927218,3.424038308736182,9.5,1.5437890893531558,1.6815819060068324
2020,11316,"Ryan, Logan",S,17,11.0,9.0,3.0,26.3,5.796246249792644,0.5269314772538768,7.0,13.0,1.0268457516460092,-0.4033477906563964,7.203990594118242,1.6185405289479635,190.39420467069453,304.67722615212034,1.4872164590910697,3.4706021074440647,1.816215768305529,1.9809933113945162
2020,11965,"Butler, Malcolm",CB,17,12.18235294117647,10.0,3.0,41.6,8.561901609429425,0.7028118172877847,8.0,15.5,2.0792945183929827,-0.5824453261290207,7.154256751976479,1.2740512754453466,146.60295683567338,256.0884612529836,1.9538456081544402,3.841017795446147,1.6620774949844703,1.0300414402298825
2020,12745,"Jones, Deion",LB,17,11.176470588235293,9.5,4.0,27.1,6.295425922306814,0.5632749509432413,8.0,11.2,1.4424491473074001,-0.34151473632678053,7.149395300866101,1.5319832875091812,179.3296600863034,430.9872162228542,1.8473410412680678,3.2500952882432066,1.3023653205585948,
2020,12481,"Hewitt, Neville",LB,17,9.876470588235295,9.5,4.5,21.8,3.921213709429429,0.3970258073871369,7.0,11.5,0.3081846534787022,-0.40732466439527365,7.069640758252919,2.0069176368649075,234.92414086667003,564.5987476190218,2.0256260964053645,4.201206388795275,1.674751473372722,0.612020276725263
2020,13743,"Warner, Fred",LB,17,12.394117647058822,10.0,1.8,31.0,9.37082271410042,0.7560701762681877,6.0,14.5,2.9117000282716488,-0.26519650912158677,7.0578714988471996,1.195094930145463,139.89445533854493,336.2116553522472,1.111104462452504,1.4589878893978583,1.2357757468226322,1.4871084377092483
2020,13723,"Payne, Da'Ron",DT,17,11.147058823529411,12.5,0.0,23.4,6.558704826148207,0.5883798524776757,8.0,14.3,1.8541389183246968,-0.6419030610771114,7.017879763547354,1.4747313302892622,145.53524656762082,196.91145919393333,1.7102525229085916,3.070708227626864,1.7522308920930467,1.6626785439568867
2020,12742,"Howard, Xavien",CB,17,10.947058823529414,10.5,-0.2,22.5,6.160989000730972,0.5627985653542532,8.0,13.0,0.9677505144404427,-0.7820165830652515,7.004779161060945,1.5287076718609638,175.90584394168636,307.2752274084583,1.5537674357254583,4.366510754065235,,0.9670388628754042
2020,14109,"McLaurin, Terry",WR,14,11.792857142857146,13.0,-1.7,25.0,8.07363117860627,0.684620451244626,7.85,15.475,0.8748409285113797,-0.41180978505823235,7.000305103825841,1.2996844274056725,173.4242213895334,303.5593161960365,1.1107562181051813,0.8710386388863887,1.1991357423386757,
2020,14835,"Higgins, Tee",WR,17,11.429411764705883,11.5,-1.3,21.9,7.292846188994539,0.6380771241014265,6.3,17.1,0.6078867413118749,-0.43490083262294954,6.977334337035889,1.3782254613469005,183.90439440012747,321.9036635266574,1.3776909767959702,1.547545763699486,,
2020,14778,"Tagovailoa, Tua",QB,12,14.916666666666666,4.9,-4.0,44.8,16.985132387538883,1.1386680930193664,1.1,33.125,-0.04566362992288676,-0.09198872772148027,6.974745971735779,0.8293887609635711,66.45497491413775,126.26292487537431,0.9741666275489511,1.0509859524454925,,
2020,10272,"Watt, J.J.",DT,17,10.952941176470588,10.0,5.0,22.9,6.273390831595904,0.572758561423901,5.2,15.0,1.6673379508718194,-0.6727308173181175,6.964159309076859,1.5058920151644497,148.6103680242436,201.07214650166955,1.418943963732581,4.663110360135304,1.4271162188104694,1.6901682037965395
2020,14877,"Young, Chase",DE,16,12.725,11.25,0.0,40.2,10.623470478144137,0.8348503322706591,4.75,16.725,3.244993672070056,-0.13269044975204575,6.935170556528495,1.0947676964403268,120.34789946003637,167.9075552620654,1.1524329501291855,1.8979456741958631,,
2020,13208,"Allen, Jonathan",DT,17,10.558823529411764,9.0,1.0,23.0,5.538959216689743,0.524581095731062,7.0,16.5,1.1864903976078296,-0.7678063884457292,6.92572114332077,1.614755984784536,159.35371112381796,215.60805732912215,1.6322878314389753,2.141921681804656,1.4118816711693152,1.356987768908518
2020,10775,"Wagner, Bobby",LB,17,9.782352941176471,9.5,5.5,21.3,4.039399386647016,0.412927177227897,6.0,12.0,0.3646470946286213,-0.40103008757504616,6.923465765850036,1.9411743723065376,227.2284189992435,546.103437122859,2.1821609294948208,1.9074367495609685,2.000454181656109,1.0123882170269796
2020,9833,"Pierre-Paul, Jason",DE,17,11.170588235294119,9.3,0.0,24.3,6.9942635912146605,0.6261320750429132,7.0,16.7,1.5101774691655239,-0.37845813612758955,6.869422482180193,1.3973254831839792,153.6081008874914,214.3116814185199,1.4787194463979993,1.2485656935487617,1.5186404053512712,1.340736973898269
2020,14104,"Brown, A.J.",WR,15,11.933333333333334,11.8,1.2,32.1,8.97490328019689,0.7520868670556053,4.449999999999999,18.049999999999997,1.1829902455792687,-0.3783383872847293,6.810925621163627,1.1963357436281614,159.63382378392018,279.42079832529083,1.1943662808548032,1.1880099886877624,1.0520738067119486,
2020,13710,"Davis, Carlton",CB,14,10.557142857142855,9.05,3.0,22.2,5.820985960386815,0.5513789137037579,6.0,15.0,0.810340228263863,-0.7982938582673529,6.805006026502423,1.5477444050543339,178.096369102194,311.1016728622095,1.6652231815373566,2.1761363410110675,1.6128616639495565,1.234083203162251
2020,11232,"Hopkins, DeAndre",WR,17,12.605882352941176,9.0,-3.4,28.7,10.866704169874641,0.8620343951837093,5.0,24.2,1.8298061751456947,-0.32379128553117364,6.769951395928685,1.0622900994652793,141.74735766998077,248.1125797892224,0.7658605517397057,0.5435561314931228,1.2303192240673941,1.6428724107683343
2020,12718,"Bell, Vonn",S,17,10.370588235294118,10.5,3.5,25.7,5.675620174030464,0.5472804478645371,5.5,13.0,0.9668181095842425,-0.3888793812675496,6.702461890219692,1.5535018417671276,182.74349163808964,292.43421681845064,2.0571862699537347,2.4151442010937125,1.4014731738504442,1.2745947606750911
2020,9430,"Jenkins, Malcolm",S,17,9.894117647058822,12.5,1.5,16.8,4.835344210417496,0.4887089867841703,6.5,13.3,0.5486681825625791,-0.4305245285149344,6.646105944743148,1.6955499607710265,199.45307546315124,319.1736318063256,1.8275501509235248,9.32525957252823,1.5173278377881465,1.5594688199967561
2020,14197,"Savage, Darnell",S,16,10.612499999999999,10.75,1.0,19.9,6.3444734809123435,0.5978302455512221,4.0,14.375,1.2996622864643008,-0.35293775151890816,6.641819448309968,1.4449640301079412,169.97583462984628,272.00284744740577,2.360126176640936,3.3142483884137057,1.1971848730514407,
2020,12702,"Jack, Myles",LB,15,9.26,8.0,3.0,18.5,3.711387880564358,0.4007978272747687,7.0,12.0,0.20794172393813304,-0.4058315056807796,6.610518534294982,1.9654505709877537,230.07012262172114,552.932970692446,1.7665000547859644,2.8978349949177176,1.3478816333420696,1.1836920709274954
2020,10273,"Newton, Cam",QB,16,16.425,13.45,-18.2,68.8,24.48878569876424,1.4909458568501819,0.9500000000000001,27.875,1.2011438642875303,-0.02233384078159699,6.593880776184163,0.6444010395048488,51.63278902548325,98.1011123735104,0.6117182858542387,0.21236167184127935,,1.3487279261140894
2020,13164,"Kupp, Cooper",WR,17,10.752941176470587,10.5,-4.8,25.5,6.806235691676966,0.6329650260312277,6.5,11.6,0.441512244462547,-0.43743704365340025,6.584918234657253,1.3774809781794581,183.8050538133444,321.72977916175864,1.6366913800183218,3.116147467370406,0.9715674016956821,1.215786240365039
2020,14017,"Wilson, Jeffery",RB,13,13.776923076923074,7.0,-3.0,36.8,15.053502216895668,1.0926606857601548,0.3,29.5,3.1222792753981388,-0.1140902970273908,6.583448129297959,0.8581880072513658,126.76881966842457,262.9212750449267,0.9707554540138228,1.3546064480348594,0.7732588452827555,
2020,14956,"Sneed, L'Jarius",CB,11,10.727272727272727,12.5,0.6,20.9,6.76435724408608,0.63057567529616,4.5,14.25,1.2470902749327333,-0.6854088488985398,6.578825435577739,1.3816047343060402,158.97895409007748,277.70705723330894,1.3409925259829283,3.0453608923054936,,
2020,13810,"Joseph-Day, Sebastian",DT,17,9.529411764705882,10.0,0.0,20.5,4.377316490040357,0.4593480267326301,7.5,11.0,0.4259389023571308,-0.896540251928189,6.529910336769711,1.7721500645081731,174.8862937240468,236.62388392093163,2.5311206188313706,4.873509191757895,1.021341259143271,
2020,14803,"Edwards-Helaire, Clyde",RB,13,10.653846153846153,9.6,0.7,23.8,6.76422892127464,0.6349095738380529,6.0,15.8,0.6006719202170003,-0.20082475986683462,6.5164742590842994,1.372170535138875,202.69269397095604,420.3890332064742,1.279698897893232,1.429600511076162,,
2020,9904,"Joseph, Linval",DT,17,9.029411764705882,9.5,0.0,14.5,3.54994029873285,0.393152997253801,6.5,12.5,-0.11576138551776666,-1.0271724913580067,6.481277923174813,1.984512141229756,195.8434447403105,264.97923621177824,3.0277360860276894,5.2727272727272725,1.5483597930448536,1.106673251503163
2020,12447,"Mostert, Raheem",RB,8,11.487499999999999,7.65,-0.9,26.7,8.981987182689586,0.781892246588865,5.65,19.45,1.2753167708038322,-0.17297455298428546,6.446798352701124,1.1508229563669667,169.99592932232167,352.5752358251606,1.3564173225434613,1.1850260026089368,1.1096270865555187,0.6040652449885816
2020,11872,"Harris, Shelby",DT,13,9.76923076923077,12.0,2.0,19.4,5.052247727555698,0.5171592162064887,4.6,12.0,0.8678303291336792,-0.7824530583045802,6.4391598883456655,1.6141491903498535,159.29382904505985,215.52703594230408,1.5217110490468808,1.4475454927834859,1.495020189794519,1.2875849890688464
2020,11222,"Allen, Keenan",WR,14,10.442857142857141,9.75,-0.3,21.1,6.549450826019612,0.6271703937364882,7.050000000000001,14.775,0.3537162493950938,-0.4403118731542265,6.417801837505844,1.3832605024547269,184.5762483251084,323.07966718068417,1.361135663695178,0.9774606418117787,1.2686471355196367,1.4681806693650405
2020,11707,"Tuitt, Stephon",DT,16,10.387500000000001,11.3,0.0,28.0,6.4504723664240275,0.6209841026641663,4.525,12.4,1.783276890620777,-0.5775603717494556,6.408144276632719,1.3942069024793453,137.58861777135448,186.15954645217505,1.3767467846907526,1.6361212554222198,,1.998499349319354
2020,12948,"Okwara, Romeo",DE,17,10.18235294117647,10.9,-2.0,19.5,6.009035871978685,0.5901421711359771,6.9,14.0,1.039223604000972,-0.42083658223752585,6.403422993242377,1.4527465869998384,159.70054721348583,222.81176968555917,1.468172236207048,1.7066909422397074,0.8974483324515643,1.0148396241996203
2020,12736,"Neal, Keanu",S,16,9.175,9.25,1.5,16.8,4.01053300697052,0.4371153141112283,6.75,11.375,0.13821404670339568,-0.4672083683213186,6.384317187291405,1.8311425126300906,215.40326985665007,344.6978382431948,1.9193146267431402,2.2999340735156864,,
2020,13737,"Bates, Jessie",S,17,9.882352941176471,8.0,1.5,22.0,5.584351591631918,0.5650831967722775,6.5,14.0,0.9213997557077047,-0.3762213719572853,6.3142668463613765,1.50088475738993,176.55397228227906,282.52947422502496,1.4058783972648459,1.6839043956151702,1.3885737809210017,1.4452516339986432
2020,14163,"Simmons, Jeffery",DT,16,9.8,9.5,2.5,21.5,5.416410250341087,0.5526949235041926,5.125,13.399999999999999,1.106255057206108,-0.7123253000639674,6.311606904647383,1.527333761035471,150.72636685608998,203.93512593420127,1.2339068014878405,1.355336111987942,1.675774925741175,
2020,13707,"Ward, Denzel",CB,14,9.442857142857141,8.0,3.0,18.7,4.702539478943309,0.49799964224815685,6.5,11.5,0.29253609175083445,-0.8743792869794283,6.3036444579422986,1.6559038613805301,190.54209747495244,332.84207630935714,1.8545823908157042,1.9892632731427993,1.1544780658600178,1.0753592079252823
2020,10350,"Wright, K.J.",LB,17,9.74705882352941,8.5,2.0,22.0,5.34559936077813,0.5484320406350526,6.0,12.0,0.9886756648048803,-0.3473903206384636,6.294792776008359,1.5360343868816477,179.80387039875495,432.12689708975205,2.350703347549978,3.6448013034437863,1.7441281032152147,
2020,12215,"Gregory, Randy",DE,11,12.863636363636363,6.0,0.0,34.1,13.500388730246568,1.049500183976765,3.5,24.15,4.620204442267205,0.1200617442119925,6.27647485187159,0.8871235525433825,97.52156229788856,136.0605975197195,0.9757760851036485,1.54661636651809,,1.0375143144425891
2020,13146,"Conner, James",RB,14,11.121428571428568,13.25,-6.9,25.8,8.587464166814703,0.7721547741516113,5.05,15.2,1.15530237350511,-0.1748196046275523,6.275653082701403,1.1599968852998073,171.35107310516594,355.38583335368963,1.0544142567986994,1.0916848422626602,1.049642219448777,1.4273556513212609
2020,14852,"Gibson, Antonio",RB,15,10.786666666666669,7.8,2.3,27.2,7.775248477630082,0.7208203162203412,5.5,16.65,0.9082253399944158,-0.18454643328587447,6.268328287963737,1.2292149554698202,181.57574762990396,376.5920295618341,1.3766150272669069,1.104537336194052,,
2020,11680,"Landry, Jarvis",WR,14,10.628571428571428,10.7,0.4,29.6,7.424902940339988,0.6985795777201602,5.075,13.975,0.6530375871768322,-0.40488439159813977,6.257329104849557,1.2615660386637653,168.33786985004122,294.6562380510705,1.1365666900632698,1.6284099141126962,1.206049998135309,1.0085930474958356
2020,9918,"Sanders, Emmanuel",WR,15,10.2,11.2,-0.4,18.5,6.433246976967903,0.6307104879380298,4.65,14.649999999999999,0.3139855879636039,-0.43855556374085186,6.254942293832613,1.3722132510334917,183.10215127829957,320.49942845768135,1.4169525658148896,3.6575589349969917,0.7419922801282791,1.2170801291166282
2020,13251,"Baker, Budda",S,16,11.225000000000001,10.0,1.0,37.0,8.936547152004515,0.7961289222275736,4.375,13.0,2.5895663933741115,-0.2119445538621682,6.249551388593345,1.1296680656052203,132.88654132905117,212.65092010080622,1.4791027673618735,1.9292338290814899,1.6054933165338003,1.241615332955461
2020,12930,"Chosen, Robbie",WR,17,10.194117647058825,10.0,0.0,25.3,6.48958174925602,0.6366006332218831,5.6,13.9,0.33324672073041345,-0.43563334839311596,6.228836430907546,1.361106399308808,181.62010142694663,317.9052692575393,1.0718555325382946,1.3102652886990174,0.7118162076588537,0.6220167745188946
2020,14903,"Diggs, Trevon",CB,13,10.823076923076922,8.0,3.0,36.0,8.083616274354313,0.7468870758109885,6.0,11.0,1.85786405297118,-0.5196215960763761,6.195636268046881,1.1914942899595629,137.1032621115148,239.49423793858125,1.176691121952626,3.9228095605926194,,
2020,13790,"Phillips, Darius",CB,13,11.46923076923077,8.0,0.0,27.0,9.817283394831682,0.8559670297304619,4.0,17.2,2.660495221483785,-0.3641418596255011,6.179652216610993,1.0602690482076653,122.0033922529963,213.11753639958906,1.2198690973340842,2.394050799880366,0.7878379347387408,0.6187965365478142
2020,10266,"Heyward, Cameron",DT,17,8.705882352941176,9.0,3.0,17.0,3.5828793199678506,0.41154694891522614,6.0,10.6,-0.0941955277220284,-0.9908730423447801,6.1676179879327755,1.8996534154868927,187.46908168125802,253.64859233911608,2.2405373095133396,3.9564471500714755,2.533599348181551,1.4603285181608259
2020,12625,"Elliott, Ezekiel",RB,16,11.05,11.55,-6.5,24.4,8.913893649803098,0.8066872081269771,5.3,18.8,1.2546026325141049,-0.16827641547217212,6.1161666226970866,1.114597391330647,164.6448033654532,341.47688480173224,1.2568901936801213,2.11257399319146,1.8450484582022737,1.3775839293907806
2020,14159,"Lawrence, Dexter",DT,17,9.158823529411764,8.7,2.5,18.7,4.558387075881557,0.49770443346169857,5.5,12.5,0.5444895562269845,-0.8208459989465258,6.115240981321423,1.647748421327635,162.60960071438134,220.01332674235866,1.598790666813984,3.151358959906234,1.165047970826716,
2020,12305,"Jarrett, Grady",DT,17,9.211764705882354,8.5,0.0,17.2,4.7399283133002035,0.5145516048921037,5.6,11.5,0.6633483554092975,-0.7875990354004828,6.08217288610552,1.604857099789457,158.37683035990227,214.28632241460613,1.5497027133155015,3.3893452959643326,1.775189032163226,1.2900977541994632
2020,11772,"Kirksey, Christian",LB,12,9.458333333333334,8.0,1.5,18.7,5.343291484552278,0.5649294961641175,5.875,15.4,0.9875730918988288,-0.34085978256495747,6.043935753346819,1.4910765737893443,174.54123509078457,419.47908110500805,1.4400926330060877,1.6249358211628955,,
2020,11757,"Donald, Aaron",DT,17,11.123529411764707,7.5,0.0,34.6,9.366745270104088,0.8420659417861951,5.0,13.9,3.6926210173218013,-0.14126755687866496,6.038616294582028,1.0730011321724142,105.89012461505011,143.27099066334324,1.1659602396843998,4.656196299576773,1.3509145418267892,1.1835451328389959
2020,12782,"Onyemata, David",DT,16,9.03125,7.65,2.5,17.6,4.527239604604555,0.5012860461845874,5.800000000000001,13.575,0.5240966632061408,-0.8137778837958114,6.015675708804651,1.633953048186363,161.24819135772682,218.1713186425919,1.6376709317847162,2.628526485824,1.3384983019407886,0.8816426518405219
2020,14162,"Wilkins, Christian",DT,15,9.5,8.5,4.0,20.7,5.545809228597753,0.5837693924839741,5.0,10.35,1.1909752419404322,-0.6510015495666654,5.998348020288648,1.4513102457211535,143.22391483722882,193.78419130215661,1.4759897472459358,2.03663920906871,1.6139184965098563,
2020,11317,"Poyer, Jordan",S,17,9.158823529411764,8.5,-0.7,18.5,4.902347435731461,0.5352595144986182,6.0,11.5,0.582011268630141,-0.39742643696397134,5.965651697916904,1.5517255853097263,182.53454479403507,292.09985083829963,1.5159401771022305,1.3916558420910372,1.5629184265392193,1.5984744808032598
2020,10816,"Davis, Demario",LB,17,9.005882352941176,9.0,1.4,22.3,4.612192357122624,0.512131091254635,7.5,11.4,0.6382952231325856,-0.3617600961238759,5.955755030120357,1.6046995148894896,187.84161739366462,451.4442046693939,1.7787067954473978,2.427550726560314,1.4270646340872204,1.6658787643154227
2020,12658,"Shepard, Sterling",WR,13,8.96923076923077,7.9,0.4,14.9,4.543869008029411,0.5066063216499344,5.6,12.8,-0.3320019332122877,-0.5001260483330067,5.953267711905171,1.6178648442523205,215.88082846235443,377.87476364487367,1.5930683056820152,1.8179470935969375,0.953622650883324,0.9232792520933506
2020,11349,"Collins, Jamie",LB,14,9.921428571428573,8.75,-1.5,28.0,6.6291756190159195,0.6681674490008845,6.375,12.55,1.6018959013717498,-0.2999929118864128,5.947501599657046,1.300458800122408,152.2280539765978,365.8532848543955,1.3817333558523652,2.287325311639149,1.0912958450288572,1.8848659986844811
2020,13706,"Baker, Jerome",LB,17,9.682352941176472,10.5,1.5,21.3,6.103445053614503,0.6303679581497359,3.5,12.8,1.3507315318090911,-0.3149558868571697,5.938753207689836,1.3630503041970772,159.55483961552642,383.461922181114,1.4076038639709503,3.270105553454727,1.5350900379333159,1.0498101132005362
2020,12938,"Poole, Brian",CB,9,9.366666666666667,8.0,2.0,21.0,5.585497093167069,0.5963164156406123,5.0,13.3,0.7013165855842638,-0.7342411088221087,5.867675465147529,1.4223173337036719,163.66368504807812,285.8904224826426,1.3826960037560592,1.1065877403165532,1.443412233488715,0.9498858701716956
2020,14157,"Williams, Quinnen",DT,13,10.330769230769231,9.0,0.0,28.5,8.004939303607358,0.7748638194109877,5.7,12.0,2.801018513126878,-0.27388723858932396,5.820598244093812,1.1472336328386743,113.2158286710399,153.18278254406553,1.288536982174279,1.4996271556564948,1.0844724916016453,
2020,14079,"Sanders, Miles",RB,14,10.164285714285716,8.05,0.7,27.2,7.598741168571197,0.7475922442726405,6.3,13.875,0.8545315947295279,-0.17947370109950772,5.8161654971844765,1.182066713606482,174.6111583791174,362.14732075433324,1.0020023655050063,1.2034110291145785,0.9309080281235961,
2020,10973,"Beasley, Cole",WR,17,10.276470588235293,9.5,-0.1,26.0,7.924610171281739,0.7711412301762426,4.8,18.0,0.8238899209801588,-0.3688851480742979,5.802174560191737,1.1514755704740662,153.6478779369132,268.94308296612815,0.8553707560074733,0.48082350389303186,1.0933712752186076,0.7888103801605802
2020,12301,"Smith, Za'Darius",DE,17,8.711764705882352,8.9,1.5,19.5,4.402390039772003,0.5053384920737614,5.5,10.8,0.27122241010944564,-0.520693701955198,5.787246358047342,1.6125760342639042,177.27061099289097,247.32525490827487,2.01304660971835,1.9614097633630692,1.1213232263879025,0.9532230864020402
2020,13917,"Jackson, J.C.",CB,17,9.376470588235293,10.0,1.0,20.0,5.83655109801355,0.6224678084456109,5.0,13.0,0.8175463778492379,-0.6969655919645736,5.779141218967129,1.371520588935516,157.8185882892875,275.68011112779504,1.2949496793030968,1.2337782425304962,0.7195290318988989,0.9485431070673873
2020,13850,"Edwards, Gus",RB,17,9.982352941176472,11.6,-0.5,20.4,7.268160645551952,0.7281009485821047,2.7,15.6,0.7539685841257735,-0.18316690253088092,5.776487160294035,1.2073245028864685,178.34215917078873,369.88549712850505,1.5346327832940057,3.874330402671853,1.0040606777629753,1.227841120573474
2020,12817,"Brown, Anthony",CB,11,8.9,7.7,3.0,18.1,4.824558387703856,0.5420852121015569,4.85,12.0,0.34902685526727245,-0.8115408594242293,5.771406100101993,1.5280128393576868,175.82589072359445,307.13556380933784,1.5399345167531773,1.9596445728532206,0.8415708904213431,1.1033384718277408
2020,14800,"Dobbins, J.K.",RB,16,9.83125,11.05,-1.2,20.7,7.003277692445159,0.712348652759838,4.824999999999999,14.6,0.6733908568635973,-0.1861516400466356,5.741383324099746,1.2284029591126633,181.45580209477404,376.34325992656585,1.4945232908317339,2.922460689751971,,
2020,12767,"Simmons, Justin",S,17,9.776470588235293,7.0,2.5,27.1,6.871555129386199,0.7028666498168796,5.5,15.7,1.561956059448288,-0.27825536454588795,5.741183896746478,1.241999887892246,146.10050018953743,233.79648143269932,1.3910340357886308,3.6249999999999996,1.5626894181103979,1.3134946750264596
2020,9826,"Graham, Brandon",DE,17,9.317647058823528,9.7,1.0,21.2,5.844176115045458,0.6272158709329091,6.0,11.0,0.9604181276406427,-0.37718195640126617,5.726128429095011,1.3613979100188076,149.65857992776253,208.80136996497788,1.4222415992763329,1.4098933540333038,1.3357101671561862,1.289234568035733
2020,14226,"Willis, Khari",S,16,9.825000000000001,9.25,-4.4,29.0,7.232003525994716,0.736081783816256,6.3,12.100000000000001,1.7413274532090515,-0.2546389288153934,5.6592955997745,1.1935126083188592,140.39678325078327,224.6691413507774,1.5434524352530898,2.0514275412167327,1.0309574137686683,
2020,12691,"Ogbah, Emmanuel",DE,17,9.335294117647058,8.0,3.0,22.3,6.07191617942519,0.6504258037191446,4.0,14.9,1.0692813492881548,-0.34985204498110367,5.656294331202579,1.3200515787795772,145.11337446435718,202.45996856995308,1.2696637556076333,1.3927278994018417,2.0346246433989963,1.407468812288706
2020,12287,"Hicks, Jordan",LB,17,7.976470588235294,7.5,1.6,16.0,3.276032286662114,0.41071201233964555,6.0,10.5,-0.00004658884817799826,-0.4019069633221172,5.6542161110590055,1.865390636341934,218.35738775405366,524.7834777834485,3.0,3.158286203642477,1.6546641557980954,1.5238396314254832
2020,13713,"Fitzpatrick, Minkah",S,17,9.75294117647059,8.5,2.0,27.6,7.118585256591602,0.729891130048596,5.0,10.0,1.6848866609841773,-0.25904057226010846,5.6378930483310885,1.2013104338039722,141.3140669114921,226.13701922984836,1.3858221612874497,2.9601180810901537,0.9762564606314551,0.8679942352646319
2020,12774,"Goodson, B.J.",LB,14,8.507142857142856,7.5,2.0,18.0,4.3318528344799345,0.5092018445232501,6.0,10.125,0.5043648334960501,-0.3629196420473245,5.636848966236339,1.5955321951365593,186.76851669563524,448.86519636509047,1.5738943602749982,1.7705059621249797,0.7334999337344065,0.8863009863009101
2020,13298,"Stewart, Grover",DT,17,8.058823529411764,8.0,2.5,16.0,3.5099956131243593,0.4355469008986431,5.5,9.5,-0.1419139965313818,-0.9435104609170528,5.613765404924766,1.7868805694533498,176.33998744115343,238.5907542001772,1.680195890110335,2.066929689775747,0.9726667309172679,0.6386917527824119
2020,12741,"Jones, Chris",DT,16,9.30625,10.05,-1.0,24.3,6.15654821612728,0.6615498418941336,4.5,11.6,1.590838676297111,-0.49750612294167373,5.600945433807187,1.3003824915241076,128.32946764551156,173.63177187401965,1.294919650758918,1.4239806032472444,1.4504198121737777,1.274097677686205
2020,13260,"Tomlinson, Dalvin",DT,17,8.729411764705882,9.0,1.5,18.5,4.900511942750273,0.5613794004498291,4.5,13.5,0.768485775623953,-0.6951869638381641,5.5908331839083845,1.4794329457177637,145.99922990248285,197.53923588490073,1.4258741964095323,2.3260750132370167,1.203595064605277,1.468704330683375
2020,14260,"Holcomb, Cole",LB,12,8.700000000000001,8.0,1.0,18.6,4.843552415324934,0.5567301626810268,6.125,12.4,0.7488259911429909,-0.34410549881461555,5.58863713735508,1.4888203924010208,174.27713283538796,418.8443579041902,1.7082985435716231,2.997916813171133,1.872495501904769,
2020,11769,"Lawrence, Demarcus",DE,17,9.105882352941178,8.0,2.0,25.3,5.735695310251542,0.6298890198596653,5.0,12.7,0.9085626496467075,-0.374034298712896,5.586811274871463,1.3518845395340666,148.61277435791752,207.3422779716819,1.3806306331171228,1.731220601418532,1.1565061216906936,1.5326775204816343
2020,14927,"Chinn, Jeremy",S,16,10.58125,6.75,2.5,41.8,9.472078622852536,0.8951757706180777,5.425,13.125,2.8560650856490315,-0.14152082685368172,5.583255212549027,1.0104249959419926,118.85958988423357,190.2043720823449,0.9426591353824916,1.4353741496598642,,
2020,13153,"Davis, Corey",WR,15,11.433333333333335,11.8,-3.0,37.9,12.060219272006995,1.0548296739364718,-1.1,20.4,2.2378747961350873,-0.2281418073957582,5.564127031234811,0.8754319583162977,116.81382230113479,204.46927041598295,0.6869416750739876,0.309828355226549,0.8535405047325801,0.7849295165284443
2020,12088,"Phillips, Adrian",S,17,8.505882352941176,7.5,1.5,20.3,4.50835441326111,0.530027835583948,6.0,11.0,0.38594692700046057,-0.4011462355609968,5.559299089284107,1.544178481410647,181.64675433174352,290.67916927961915,2.11541184683083,2.34025897675854,1.7685715547591692,1.3385951360047024
2020,13470,"Moore, Kenny",CB,17,9.723529411764705,6.6,1.0,24.4,7.308699845089106,0.7516509217575004,4.0,16.0,1.4991030937453476,-0.5128313336528786,5.551065735180104,1.1702829074409087,134.6625036775811,235.23068087856274,1.143905486336327,1.684897287418039,1.3603765830227448,1.389371558776074
2020,10292,"Jordan, Cameron",DE,17,8.98235294117647,10.1,1.0,20.6,5.643865518691918,0.6283281847921585,4.0,13.7,0.8646666097486446,-0.3758721965012835,5.516303792483324,1.3519769350998194,148.6229314097687,207.35644893563438,1.398319838612149,1.88595934793178,1.4625179095545977,1.2898852375704863
2020,14208,"Johnson, Diontae",WR,16,10.012500000000001,11.2,-3.3,21.9,8.186488487135373,0.817626815194544,2.825,16.5,0.9134273914541321,-0.34582274749797515,5.508556495920943,1.0899159144455863,145.43362593032643,254.56497186836722,1.4924148505284016,2.017631462479438,0.7477962323219488,
2020,12650,"Boyd, Tyler",WR,14,9.842857142857142,8.9,-1.5,22.9,7.747692217291388,0.7871385416696621,4.05,16.525,0.7634008116390845,-0.36094857148479814,5.507607224262142,1.1251947254615295,150.14107660294943,262.80482726894763,0.9242265482699257,0.6901008112954858,0.9395008427211213,1.4572501069162176
2020,11228,"Woods, Robert",WR,17,9.858823529411765,6.6,-1.5,22.8,7.798873133044846,0.7910551507265058,3.3,15.8,0.7808998157783481,-0.35900546574708997,5.504477919293959,1.1204643345050849,149.50987386543025,261.6999788812936,1.1404668274086316,0.8041077486728652,1.2483410470251695,1.4441996929673875
2020,11802,"Boston, Tre",S,17,8.176470588235293,8.5,2.0,14.5,3.9739637068363614,0.48602433824617375,4.5,11.5,0.12001591794033739,-0.43243335205476274,5.502245405943536,1.6438540910536426,193.37192159424023,309.4423004573036,1.5227275314201294,1.8341888890237052,1.3029586889787275,1.237657229625543
2020,13646,"Gallup, Michael",WR,17,11.070588235294117,6.0,-2.0,30.2,11.218984157949961,1.013404520112377,2.8,16.7,1.9502524172411835,-0.24869362988117893,5.498442128597298,0.9060154340319142,120.89474791009494,211.61246516338977,1.0046692530712729,1.4337402791000207,1.347743822937898,0.618822767948433
2020,13606,"Jones, Ronald",RB,13,10.307692307692308,8.4,-1.8,28.1,9.03748276206136,0.8767707157223708,4.7,15.0,1.29219859580022,-0.1549970258063203,5.492249117775087,1.0269200507772982,151.69338377009757,314.6153603151955,1.0218268912578656,0.964855973442426,1.090359583149172,0.10636794596503145
2020,10879,"Trevathan, Danny",LB,17,7.929411764705883,8.0,1.5,12.6,3.5263319896229373,0.44471545863197276,4.5,10.5,0.11953247166901848,-0.3884466572615104,5.488562967419472,1.7518405152085268,205.06552955191881,492.8388403921207,2.5862090289739554,3.318085596259775,1.3295977141366317,1.6642609230304186
2020,12698,"Reed, Jarran",DT,17,8.417647058823528,7.0,1.5,16.5,4.528762367503386,0.5380081079493891,5.0,11.9,0.5250936475396624,-0.7413089204524176,5.4730836692705696,1.52251923654745,150.25124098463206,203.2922732173778,1.5267723983443737,2.122457282177325,1.0528043305038666,1.7169047430581401
2020,14184,"Abram, Johnathan",S,14,8.25,7.45,1.0,15.3,4.223869248517457,0.5119841513354493,5.5,11.375,0.24437742361395587,-0.41397555334740127,5.456406399970031,1.5792891451755544,185.77693629717436,297.28846911050135,1.399535396681095,1.6849160089568567,,
2020,13307,"Milano, Matt",LB,11,8.02727272727273,10.4,2.0,12.5,3.8694822085110387,0.4820419512301406,4.25,10.9,0.2834702642653287,-0.3736709192312836,5.416359989411801,1.6484858930673165,192.96712782126644,463.76246518385767,1.5865997513165826,3.116515728693652,1.5619106909697011,1.6077945954436816
2020,12187,"Lockett, Tyler",WR,17,10.700000000000003,6.8,2.1,45.0,10.453876286419536,0.9769977837775264,5.1,11.9,1.6886583129975599,-0.2667557180898209,5.412246835985369,0.9341815584900827,124.65311271059423,218.19105401166973,1.3506440592928064,1.9021646782813653,1.067231053830741,1.9018540791351666
2020,13774,"Reed, D.J.",CB,11,9.827272727272726,6.0,0.0,29.0,8.107918790135853,0.8250426150924551,5.5,14.7,1.8691153228425053,-0.40822071797709514,5.384681237580244,1.0789811540607888,124.1565630865101,216.8787306992881,0.9947475881215729,0.8914195469840763,0.3663751472040236,0.4812582108233745
2020,10815,"Vernon, Olivier",DE,15,9.106666666666667,9.4,0.0,23.7,6.3398703106258845,0.6961790238608219,3.0,12.9,1.1973675077588457,-0.29597720332706867,5.368930129756106,1.2407122035225886,136.39159066703024,190.29146873319644,1.4492562896029182,3.5980298461244478,1.1196960028811773,1.0479133680358506
2020,12245,"Peters, Marcus",CB,13,9.299999999999999,6.1,-1.9,23.3,6.812432074467295,0.7325195778997092,4.6,14.4,1.2693473488710654,-0.5401006548624965,5.367904708629128,1.1904103499849163,136.97853494520822,239.27636246877267,1.1570500557551395,1.5429001279959071,1.0428063515144905,0.8176992885832042
2020,13426,"Morrow, Nicholas",LB,13,9.23076923076923,8.1,-1.0,19.8,6.718560355793335,0.727844038544278,4.5,16.5,1.6445988799289926,-0.2763698604756345,5.342362519331446,1.1959185139805084,139.99086174871627,336.4433511594316,1.2933399539061374,2.547682101957731,1.2849823329661685,0.879550691711662
2020,12778,"Kwiatkoski, Nick",LB,12,8.241666666666667,7.65,2.7,20.4,4.569547449024781,0.5544445843103879,4.875,10.55,0.6179218947352265,-0.34501024782534284,5.302000952528643,1.4797731309587407,173.21808582594315,416.2991251622662,1.5675904205301867,1.9208559162036989,0.9123431964046078,0.45291132710080856
2020,14148,"Sweat, Montez",DE,17,8.888235294117647,7.0,0.0,18.0,6.037907930726569,0.6793145918090779,4.0,15.3,1.0530248881072686,-0.31583522869794983,5.292775598729601,1.26290871969393,138.83165544537317,193.69580992611176,1.2735754455679853,1.6323641429579745,1.0518714587055542,
2020,11299,"Bostic, Jon",LB,17,7.864705882352941,8.5,2.0,16.0,3.8381890914505634,0.4880270348142078,4.5,11.0,0.26852018044788206,-0.37130171652908467,5.28532459313477,1.6255474380384296,190.2820167128265,457.30927410928217,1.774536313783517,2.691353743940682,1.484804669657263,0.9128220673554982
2020,14057,"Lock, Drew",QB,14,12.900000000000004,6.8,-16.2,49.8,18.717028152384206,1.4509324149135039,4.15,29.85,0.24210827653900807,-0.030245585604393794,5.263303027658255,0.6542568129589104,52.422485255376884,99.60151705921308,0.8125989823997655,0.847716493356874,,
2020,14073,"Jacobs, Josh",RB,16,9.806249999999999,7.4,-4.7,28.8,8.489218806079862,0.8656947157251613,6.625,13.7,1.12541601128657,-0.15709570101463113,5.256084994692441,1.0334096199485896,152.65200241432228,316.60355612612625,1.1714843925286336,1.9318181818181817,1.7454268076233566,
2020,13479,"Davis, Michael",CB,17,9.205882352941176,7.0,0.1,30.7,6.92000260015552,0.7516935731798329,6.0,12.0,1.3191489836317694,-0.5127705394219936,5.255418238607694,1.1623585013419573,133.75065547518685,233.63784940989612,1.753963510639192,3.6078890055644006,1.2281719095670278,1.0165304622651208
2020,13231,"Peppers, Jabrill",S,16,8.98125,6.0,1.5,22.9,6.383985701542571,0.7108126042079411,4.5,12.9,1.3193249126590962,-0.2726056772317417,5.249698288351149,1.2163146521429136,143.07906208229886,228.96144255588075,1.43710292249047,0.9326281054181376,1.7657745321071463,1.2699673639412679
2020,14247,"Greenlaw, Dre",LB,15,7.1066666666666665,8.0,1.0,10.5,2.5283635462927836,0.35577348212375004,6.0,8.55,-0.357240482783537,-0.4236544481172896,5.241780253390438,2.014153749585575,235.77117989452603,566.6344565612686,2.4212155066330214,2.370677474709719,1.0394083664854108,
2020,11723,"Van Noy, Kyle",DE,15,9.16,7.5,1.5,26.1,6.86175876385445,0.7491003017308351,4.0,11.85,1.4468381422466208,-0.2336619071239274,5.236978114368658,1.165133690201027,128.08323871972917,178.69978271302298,1.0798999350723413,0.9020443127180156,1.2368772236056385,1.4004568387634935
2020,14896,"Queen, Patrick",LB,17,9.641176470588235,7.0,1.0,37.2,8.122594400337096,0.8424899622070204,5.0,13.0,2.3153670430337683,-0.23098713050659342,5.232688735541107,1.0568458979423634,123.71141198919398,297.3185642718652,1.7404393521093207,1.5810169718854372,,
2020,12686,"Bosa, Joey",DE,12,10.525,7.3,1.8,43.9,10.706783285998336,1.0172715711162315,5.75,8.924999999999999,3.2848184639537776,0.08211225324252931,5.217443278683655,0.8990514083051504,98.8327924252102,137.8900058106191,0.7835884320342874,0.7730551955689887,1.5109623620936237,1.5888871102531648
2020,11956,"Sorensen, Daniel",S,17,8.847058823529412,6.0,2.0,28.5,6.167478047559475,0.6971218537799938,4.8,12.0,1.2115833329483112,-0.2823399967618068,5.212977962557248,1.2343335779789146,145.19868713475,232.35336030138325,1.649342134675724,2.1194937301549337,0.9419365375922037,0.9385885400796126
2020,11265,"Gholston, William",DT,17,7.711764705882352,8.0,1.0,15.0,3.711331194969579,0.4812557613614252,5.0,9.9,-0.010095431057964151,-0.8533065460453482,5.2062344039725135,1.6368547204060755,161.53454560631488,218.5587604085263,1.8656788649815903,1.955759481413403,1.2286276466991148,0.5208692937436173
2020,12015,"Williams, K'Waun",CB,10,9.48,6.3,0.0,20.9,7.78290434221056,0.8209814706973164,4.25,17.674999999999997,1.7186442646788553,-0.4140093678394819,5.205983779928185,1.0793696060697375,124.20126161175646,216.95681081989198,1.0793696060697373,1.3337611083619507,0.9828094770729455,1.423016276390846
2020,13245,"Reddick, Haason",DE,17,9.882352941176473,8.0,-1.6,39.1,8.878078441679202,0.898376985169919,5.5,10.8,2.4106696779806147,-0.05788722595357739,5.205685181803828,1.0004327258102381,109.97764867727204,153.4391394093509,1.0234859523125177,1.3514881286445892,1.1749017687335859,1.0231164389714977
2020,12506,"Callahan, Bryce",CB,10,7.6,7.5,2.0,13.0,3.49857113690718,0.46033830748778687,5.25,10.0,-0.2648618687956845,-0.92806077649723,5.204273531024632,1.6894253238874173,194.39935629622556,339.5799995921839,1.6894253238874173,1.5291492667794615,,0.9997708114394727
2020,12231,"Thompson, Shaq",LB,17,8.676470588235293,8.0,1.5,27.0,5.818179360647484,0.6705698246169982,5.5,10.0,1.2144476962340953,-0.29904192854232964,5.193719209087532,1.2725494782835014,148.96106716321825,358.0016581270733,1.6024921367225085,1.8587865013407914,1.7329474241828835,1.3652581499595562
2020,13224,"Lattimore, Marshon",CB,15,7.92,6.0,1.3,19.0,4.197808952298806,0.5300263828660109,5.65,10.6,0.05886236765487826,-0.8287292017738503,5.176381328251631,1.523718950173662,175.3318000517079,306.27247808027766,1.7452527204574786,2.771647615852902,1.4003125404441197,1.0562579838944621
2020,12750,"Bradberry, James",S,16,8.81875,9.5,0.0,21.0,6.209389940847652,0.7041122541003716,3.0,13.55,1.2324401179555085,-0.2773697220701638,5.174981858607407,1.2232311017099908,143.89266661732066,230.26340851300628,1.077525495336772,1.1193605827961786,0.8902755413005448,1.3624602612933745
2020,13700,"Landry, Harold",DE,17,7.5,7.5,2.0,16.5,3.410019837789459,0.4546693117052612,6.0,8.6,-0.20314567066302294,-0.5803571324337464,5.155810973428728,1.7006726218627184,186.95507583560408,260.8368726685945,1.557651813552114,1.6593239520436351,1.177630237650332,1.093591073192217
2020,13274,"Johnson, John",S,17,7.647058823529412,7.5,1.0,16.0,3.6972354770842473,0.48348463931101693,5.5,9.0,-0.01769347050645453,-0.4342391143520957,5.154794745351039,1.6279913708469718,191.50593804693548,306.4562710651715,1.6316841075781359,2.6770436324915607,,1.9165785436047387
2020,13265,"Ogunjobi, Larry",DT,16,7.56875,7.75,0.5,15.5,3.5518866025677114,0.46928311842347964,5.975,8.5,-0.1144871001821319,-0.8769338964852725,5.15132169225572,1.6627720900890812,164.09222557806987,222.0193413143027,2.7731541385687937,4.666666666666667,1.5942294442797478,1.5334240419406018
2020,11816,"Williamson, Avery",LB,16,8.65625,7.75,0.0,22.2,5.954406850182476,0.687873715544546,4.75,12.15,1.279529496262281,-0.29219216202390746,5.1284938679238214,1.244714349689344,145.7027652026501,350.17090391205437,1.2121358345806246,2.532607917101352,,1.4280108766458486
2020,13839,"Sieler, Zach",DT,17,7.235294117647059,7.0,1.0,12.0,2.9982232339426687,0.41438857704898674,5.7,9.0,-0.4769819475332582,-0.985265245963956,5.115492471483999,1.8096273505249725,178.58477489761097,241.62798665112106,2.4973777960284997,2.6217439329135557,0.4813025822020503,
2020,11765,"Verrett, Jason",CB,14,7.9071428571428575,7.0,2.0,15.0,4.3766367200844805,0.5535041922419397,4.125,12.0,0.14165377468161727,-0.7952645413752212,5.089875454878344,1.4706485241239464,169.22507457733667,295.6051493729921,1.7377029331830258,5.298221281347034,,
2020,13779,"Kiser, Micah",LB,9,8.322222222222223,5.5,3.0,20.7,5.383055261709402,0.6468290701653487,4.0,11.0,1.0065699786662425,-0.3084397354081891,5.05348270381615,1.3037991809573501,152.61906957355183,366.7930218925956,1.1389421970474602,1.6552849381491075,,0.15301436063723464
2020,12630,"Drake, Kenyan",RB,16,9.16875,9.350000000000001,0.7,31.8,7.480534635806454,0.8158728982474661,5.375,10.0,0.8185730188906184,-0.16653591527968808,5.049224540356837,1.0811523558064096,159.70440843875707,331.230398822373,1.1811779523119006,1.2968980650403181,0.8544355431442233,0.9936520358534754
2020,11883,"Mitchell, Terrance",CB,17,7.429411764705883,6.8,0.5,12.0,3.5075992637637086,0.4721234163419085,5.0,10.0,-0.26068214137122925,-0.9112625880781515,5.046731600239937,1.6481970401473864,189.65528640042336,331.2929801082975,1.897352824350858,1.849834486616944,0.5994400520009309,1.417709076080447
2020,12714,"Fuller, Kendall",CB,15,8.146666666666667,8.0,1.0,19.0,5.026578248559241,0.6170104233092358,4.0,11.0,0.44255544277169717,-0.704744407156785,5.038103990693141,1.3517897438093116,155.54819282552785,271.71414691193223,1.7698898430619732,4.415184401122528,1.1278663728726206,1.7255707356009256
2020,13764,"Johnson, Taron",CB,17,8.788235294117648,7.0,3.0,27.7,6.561104852523936,0.7465781960703274,5.0,8.0,1.152991066027171,-0.5200618652454341,5.031687280816016,1.162295122938824,133.74336262796956,233.62511014417905,1.0437159804180134,0.8240814103880584,1.597628942414592,1.1126943542007453
2020,9815,"Suh, Ndamukong",DT,17,8.152941176470588,7.5,0.0,18.3,5.1006478996829205,0.6256205937562024,4.0,11.7,0.8995189218802,-0.5684105123231856,5.015279215694594,1.3364057900955626,131.884460702279,178.44173294353365,1.5686771301273095,1.2860816795576024,1.5622256168305773,1.4423056874210038
2020,13392,"Adams, Tyrell",LB,17,9.0,8.5,0.0,30.5,7.233581815556726,0.8037313128396363,5.0,10.0,1.8906470436950547,-0.24632978955637497,4.9896566833067775,1.0930844195894411,127.95339153426238,307.51341410609496,1.3423568668409114,4.29433895524135,,
2020,11706,"Clowney, Jadeveon",DE,8,7.5,7.0,2.0,16.0,3.774917217635375,0.5033222956847166,5.75,8.25,-0.02871916187567584,-0.5230677919289062,4.988950154952623,1.5707078590388914,172.66803917885346,240.90381685509348,1.4607529903071206,1.3666370114996331,1.0938591762838556,0.8760597478291505
2020,10762,"Cox, Fletcher",DT,17,7.911764705882353,8.0,0.0,14.8,4.638570057671955,0.5862876652819571,2.5,11.5,0.5969870111632759,-0.6460318771050658,4.987597696837708,1.4031509097093584,138.47126552609313,187.35378263508542,1.4702349106334462,1.2086188576353545,1.4257528063384433,1.5067096547908974
2020,15001,"Curl, Kamren",S,17,9.5,7.0,1.0,35.4,8.636379960581252,0.9090926274296054,2.0,13.4,2.440192979611026,-0.13162574244829867,4.976185997214165,0.9858473865560377,115.96844548095595,185.57783495260716,1.5374551600894084,1.8906605533790672,,
2020,13762,"White, Kyzir",LB,11,7.290909090909091,7.0,2.0,15.5,3.460282317818629,0.47460231291776706,6.1,7.5,0.08797766913269846,-0.37661590921270677,4.9443222942480745,1.6346295080430746,191.34513831479975,459.86429941586175,1.741431049533266,1.9745072228689564,0.6479190016680105,
2020,11390,"Murray, Latavius",RB,17,8.605882352941178,7.4,-1.1,19.6,6.3799751602167465,0.7413504970860196,3.9,15.7,0.48378144314086635,-0.1806563843859293,4.942073618919502,1.1661126448409926,172.2544737724569,357.25950588564064,1.2399277377331717,1.3357190321555676,0.8056933809622683,0.6952541312658679
2020,14964,"Hall, Bryce",CB,9,7.333333333333333,8.0,2.0,15.0,3.552463933666322,0.48442690004540756,6.5,8.0,-0.2399112667301093,-0.8937255215969917,4.94017814761307,1.6108492983551086,185.35774399894564,323.78596221098803,,1.670058210062567,,
2020,12349,"Diggs, Quandre",S,17,8.641176470588235,5.5,-0.8,18.8,6.491900729871429,0.7512751014827387,4.0,15.5,1.3730271047653997,-0.2438362624702806,4.934219908266882,1.1534024251194968,135.67849149790248,217.11872222993006,1.3083277958380046,1.4369438787632007,0.8433541998402707,1.2577363775464496
2020,12151,"Gordon, Melvin",RB,16,8.9625,9.8,-3.5,21.9,7.35984672055064,0.8211823398103921,2.625,12.9,0.7818596033791154,-0.1655298848191522,4.92125351980577,1.0720890345953218,158.3656032789352,328.4536879515312,1.4065489656911825,2.5679791157033995,0.9751319798261953,2.0848822304407797
2020,12987,"Hyder, Kerry",DE,17,8.058823529411764,6.5,1.0,24.3,5.141075513882905,0.6379436769051781,5.9,8.5,0.6243253246754487,-0.3645498652334419,4.920085863171165,1.312282109411206,144.2592760821681,201.26834352331673,1.3017007543331598,4.183607895435986,0.7539345307169388,0.672182212907126
2020,13377,"Patrick, Tim",WR,16,8.8,7.550000000000001,-2.0,24.6,6.952517529643489,0.79005881018676,3.8,11.4,0.49152671666163716,-0.35949976961847285,4.9160396015602865,1.1065678217240602,147.65558380988995,258.4542556669762,1.0737116157128987,1.619495421139979,0.5900593147328034,0.5148354341451835
2020,13139,"Williams, Jamaal",RB,13,8.0,5.5,0.9,17.3,5.01934718403162,0.6274183980039525,4.2,12.6,0.06987670263410574,-0.20224418429876714,4.915761066614518,1.3290477780086751,196.3227366002486,407.1776037850375,1.4423082796056241,1.3046791293776623,1.106640685946549,0.5007395026262578
2020,13252,"Maye, Marcus",S,17,8.217647058823529,7.5,2.5,26.7,5.522066460400453,0.6719765914588955,5.5,10.5,0.8904045538849756,-0.30021863821313416,4.914929491718039,1.2599759767426486,148.21508618757034,237.18033546047872,1.6674778867357947,2.1441556176478724,1.2785968358628519,
2020,11324,"Vaccaro, Kenny",S,14,8.414285714285715,8.0,0.5,21.8,6.050602938415919,0.7190869366538443,4.875,9.125,1.1534222995791157,-0.2667225084200462,4.894624893528592,1.1934136396250075,140.3851412403324,224.65051129080712,1.1619854806493717,1.671875,1.355862500900954,1.3296836034849637
2020,12752,"Byard, Kevin",S,17,7.9529411764705875,7.5,1.6,22.5,4.984578293220568,0.6267591049167874,5.0,9.0,0.6229321428988192,-0.33236891840878985,4.888825365988899,1.3289058621690713,156.3235335690741,250.15583154172708,1.3086172995013914,1.5908935419707935,1.530044611227764,1.2179469073398934
2020,13690,"Sweat, Josh",DE,14,8.6,7.9,0.0,20.4,6.542389253388791,0.7607429364405571,2.25,14.225000000000001,1.2941746488908394,-0.21995259662119668,4.884301860318914,1.140222244050322,125.34472147401814,174.87904518595855,0.9783143777916427,0.8953507893776926,0.8468171898594047,0.17056866074018467
2020,13622,"Hines, Nyheim",RB,17,8.476470588235296,7.7,0.3,26.0,6.29168727129084,0.742253182595033,5.1,9.0,0.45692415636198935,-0.18048534396527696,4.86523467020439,1.1624841100370882,171.7184780811514,356.14783922387613,1.4447458553952581,4.096145534519012,0.8208215344659258,0.8814331573064434
2020,13668,"Chark, D.J.",WR,15,9.466666666666667,9.0,-5.3,26.7,8.999975308608105,0.95070161710649,2.2,14.4,1.1915624940919958,-0.2798017565370176,4.852954743898116,0.9466690041242042,126.31938299173046,221.10767005922503,0.9263654073056875,1.0766629481366776,0.9605848792152655,0.2936728782342931
2020,14272,"Austin, Blessuan",CB,13,7.638461538461541,8.0,1.0,16.0,4.38731360972283,0.574371368845889,5.4,8.9,0.14659682534300905,-0.7655210092020132,4.851753334450564,1.4178609399452669,163.15089524565997,284.99467280417815,1.475477414351381,2.795077971599832,,
2020,12308,"Amos, Adrian",S,17,7.670588235294118,7.5,1.5,16.0,4.4649965029802985,0.5820931023824009,4.5,10.5,0.36437055470750745,-0.36412708558075585,4.848379797461561,1.4035852046951933,165.1083083530786,264.2136166418087,1.8997557666928302,2.2734711747192597,1.3943046658820166,1.1852611745767456
2020,13697,"Edmunds, Tremaine",LB,16,7.24375,6.5,2.5,17.4,3.579100576611392,0.4940949890058867,4.375,9.25,0.14474232202943624,-0.36889970939487926,4.848252656827203,1.5819154610839519,185.17458005869588,445.03445072234797,1.4839986612452476,1.9614047802963097,1.5259682217112824,1.7081891055678733
2020,14412,"Singleton, Alex",LB,17,8.217647058823529,7.5,-2.0,19.5,5.722939936998408,0.6964207511021685,6.0,10.5,1.16894767897703,-0.28880880748015203,4.844109018051391,1.222329388010636,143.08244447094398,343.8734250832562,2.1128027324597234,2.2734711747192597,0.2020253873928561,
2020,10729,"Hilton, T.Y.",WR,16,8.75,8.0,-1.8,23.2,7.073718965296826,0.8084250246053516,3.475,10.6,0.5329660772701693,-0.3503879343296315,4.838464343806287,1.0837632617149573,144.61264278488747,253.12793452582585,1.3170924121746654,1.694761585398098,1.160024038259157,1.2710769511672249
2020,13154,"Williams, Mike",WR,16,8.93125,7.35,-1.7,25.8,7.564449645380686,0.8469642710013364,3.5500000000000003,13.4,0.7007492846558444,-0.33126786650766304,4.835637667835286,1.042828245807616,139.15045280122388,243.5669940580612,1.293237677186478,1.3083469170860307,1.6334051988276352,1.1007425836125224
2020,13933,"Ford, Poona",DT,17,7.282352941176471,6.5,0.0,16.6,3.7096432830121593,0.5094017432246098,5.5,8.0,-0.011200541892488945,-0.7977620033404496,4.824661806484216,1.546264229277016,152.59453789618945,206.46279049798042,1.420517676685935,3.6666666666666665,1.233443076049846,0.7594133477416151
2020,15127,"Costin, Doug",DT,13,7.346153846153846,7.0,1.5,14.0,3.874892630694208,0.5274722952777456,4.0,11.0,0.09699162045272279,-0.7621007656158074,4.809353249066994,1.5069365425403674,148.7134481894768,201.2116155734493,1.590379809450899,2.1331887166009165,,
2020,12739,"Clark, Kenny",DT,14,7.885714285714286,9.0,0.0,19.1,5.050580892030022,0.6404722145690246,4.375,10.5,0.8667390174745031,-0.5391016578485163,4.806978268623694,1.3032987123767814,128.6172576396092,174.02115622602844,1.36039567103924,2.8540971244679536,1.6047757151131246,1.8043415284680726
2020,13798,"Fatukasi, Foley",DT,16,7.8625,8.25,1.5,20.5,5.012593515337145,0.6375317666565526,2.875,9.75,0.8418678970502805,-0.5449044696118344,4.801433572219085,1.3076719688340888,129.0488365609662,174.60508923996176,2.2284603340135436,4.728543562841304,1.1464233039436127,
2020,12225,"Williams, Leonard",DT,17,7.947058823529411,8.0,1.0,17.9,5.2136830887081125,0.6560519060550549,3.0,11.1,0.9735253956925246,-0.508355996059866,4.798798150270788,1.2789610783290986,126.21547536289626,170.771507333903,1.2598307118049525,0.9780883454085048,1.4850844450606677,1.151651609954822
2020,9988,"Brown, Antonio",WR,9,7.844444444444445,7.5,0.7,20.1,5.014005077139457,0.639179117482367,5.2,8.3,-0.17126012353065748,-0.43435411232732024,4.7855932038060685,1.3043627904909636,174.04848175484656,304.6520127530942,1.3937392771717467,1.7052874640910547,,1.3526403088861085
2020,13281,"Douglas, Rasul",CB,15,6.52,7.0,1.0,11.0,2.3633873994755916,0.36248272998091896,6.0,7.0,-0.7904148073553886,-1.0675415780040578,4.785381756795779,1.9385218607337877,223.0624796280861,389.64921584263345,1.9130611776321809,1.7058823529411764,0.8638087941702621,0.8271626673347932
2020,14918,"Terrell, A.J.",CB,15,8.34,6.0,2.2,22.0,6.209433683248953,0.7445364128595867,4.0,10.15,0.9901788178202302,-0.522972170063954,4.780639680847559,1.1568176317895684,133.11307685062403,232.52411656018896,1.1751687113100369,0.8605878881145838,,
2020,12241,"Johnson, Alexander",LB,17,7.305882352941176,6.0,2.5,15.5,3.860428288984846,0.5284000073489725,4.5,9.0,0.27914481290388665,-0.3553200256668549,4.780085264206007,1.5031355095801837,175.95282023926865,422.871577099892,1.335028986201553,2.7894736842105265,1.131973558892547,
2020,14838,"Shenault, Laviska",WR,15,8.08,10.6,-2.8,16.1,5.578195646144608,0.6903707482852237,4.0,11.4,0.021639377328462835,-0.4089569511371169,4.780016459819042,1.228300347791507,163.89904114912184,286.8865747689394,0.9823581076124374,1.6608918273134519,,
2020,11403,"Williams, Vince",LB,15,7.206666666666666,6.5,1.5,14.1,3.668690350641341,0.5090689663239604,5.0,9.75,0.18754325580491915,-0.36297224204603773,4.775571446692629,1.5436163303648271,180.69139140418494,434.25989732677647,1.5513763154321643,3.3124999999999996,1.264606025734543,1.1760450427774007
2020,13702,"Jewell, Josey",LB,17,7.923529411764705,5.5,2.5,20.2,5.263585158399471,0.6642980526562066,4.0,12.5,0.9494939112770215,-0.3015246171912634,4.760883664508778,1.2650150371371973,148.07910664790234,355.88202154753844,1.491457960112214,1.8034986959216297,0.736701205848397,1.0880528416362258
2020,11017,"McLeod, Rodney",S,13,8.576923076923077,5.5,1.5,24.0,6.921333113714866,0.8069715737963521,3.5,13.0,1.586727279161416,-0.20423527338998915,4.746573328158901,1.082762579706834,127.36889594261127,203.82133994557415,1.1068366824092197,1.4342806945451487,1.0695555116048743,
2020,14889,"Murray, Kenneth",LB,17,7.105882352941176,7.0,3.0,18.3,3.55419728477477,0.5001767702083699,4.5,8.0,0.1328449357905283,-0.366492228821431,4.736696697385996,1.5602930458671602,182.6435208737249,438.9514962813427,1.3947037709999837,2.6972259180786247,,
2020,11793,"Jones, DaQuan",DT,17,7.658823529411764,5.5,2.5,19.4,4.747018732974526,0.6198104336449074,4.0,10.0,0.667990599673862,-0.5798765428206418,4.728222124225878,1.3326602687873494,131.5148304137517,177.94161739631897,1.3152500287476545,1.4022412834036766,1.091923606170401,0.7834039484132133
2020,12234,"Dupree, Bud",DE,11,7.3,9.0,0.0,11.6,3.9854280025658926,0.5459490414473825,3.8499999999999996,10.65,0.07190820161216102,-0.4728744028935734,4.722018516965755,1.4642674603349695,160.9670377304571,224.5787579539157,1.3924264273662028,1.9340790504601908,1.5276394312295225,0.8004586680715058
2020,13263,"Awuzie, Chidobe",CB,9,7.055555555555555,5.0,4.0,14.0,3.515398226568083,0.49824541793878346,4.0,9.0,-0.2570714766969532,-0.8740289646861785,4.70921216983414,1.562554441830065,179.80053535045454,314.0785385520706,1.6414339506217004,1.2603717443181843,1.6466309375751285,1.499347693469559
2020,14164,"Jones, Dre'Mont",DE,14,7.250000000000001,8.399999999999999,1.0,16.0,3.924237869592369,0.5412741889092922,5.275,8.7,0.042658385482179,-0.4783790851752946,4.703900222406619,1.4723090541115877,161.8510507703684,225.81211947511602,1.4939813263954298,1.7549019607843135,0.6396890602307287,
2020,12753,"Nassib, Carl",DE,15,7.046666666666666,6.0,0.0,15.0,3.5109099801744974,0.49823698867187766,5.4,8.1,-0.15491864498607333,-0.5290557881667773,4.70330576534039,1.5621386145227567,171.72602145141272,239.58952807782546,1.8630520834307944,2.2209417455935614,1.0163469243358876,1.2526211419858495
2020,13717,"Reid, Justin",S,13,7.592307692307693,6.5,0.0,17.3,4.697701817576751,0.6187449202482042,4.5,11.0,0.48017264179526664,-0.3380671184269341,4.690243408543672,1.3325210647012629,156.74880164146984,250.83636431788327,1.2088945939883409,1.3773825466359286,1.1101341090667498,1.1087348001697388
2020,11273,"Simon, John",DE,17,6.917647058823529,6.0,1.0,13.0,3.298348123837258,0.47680202470436556,5.0,10.0,-0.25652645186569084,-0.554295657317708,4.684207458483368,1.6093733824071812,176.91854322096853,246.83405531829212,1.651141951651791,2.9295949185756704,1.2791030849729739,0.6936719114844502
2020,12589,"Hill, Troy",CB,17,8.658823529411764,6.0,1.0,25.3,7.349754603628886,0.8488167680821405,3.0,10.0,1.5181101040477136,-0.3743336570794726,4.683440608554165,1.0370153304443885,119.32762570637362,208.44346329501394,0.8724179527011219,1.414287202071013,0.7773777924825003,0.7351483202682705
2020,10779,"Jenkins, Janoris",CB,14,8.764285714285714,6.8,1.1,27.4,7.7761179391828685,0.8872506206076622,4.8,7.15,1.7155023820603437,-0.3195510407806852,4.643943744717787,0.9986517700674548,114.9131947533993,200.73226254943899,1.0528303927601659,2.1790827470680534,1.3024858101340333,1.3497643230451035
2020,13424,"Hill, Taysom",TE,17,10.376470588235295,11.5,-7.1,38.8,12.912717370723863,1.2444228758634108,0.7,15.5,3.8183180939910457,-0.002045605242441677,4.623224393149866,0.7458263049366767,152.7134277962251,377.8658475603989,1.1385731417965825,1.37844082575039,0.9636839639337746,0.42354738870412884
2020,10308,"Cobb, Randall",WR,10,8.07,5.300000000000001,3.1,23.0,6.018313717313181,0.7457637815753632,4.25,9.575000000000001,0.17211788744819048,-0.38147539266319797,4.622618526727424,1.149848856156495,153.43081627332836,268.563141285305,1.1498488561564946,1.2920248233734786,1.172121687441127,0.46541605651533624
2020,13748,"Jones, Justin",DT,14,6.607142857142857,7.5,1.5,11.0,2.848424197370059,0.4311128514938468,4.25,9.0,-0.5750584719574493,-0.9522608128400207,4.616786754619724,1.7168437049268255,169.4283336786396,229.23917882638983,2.146515553260565,3.831611515119997,1.169280714301102,0.8404770824998041
2020,13671,"Andrews, Mark",TE,15,8.793333333333333,9.2,-6.6,20.4,8.035128430142786,0.9137750299631675,2.5999999999999996,15.649999999999999,1.8088313346062626,-0.03921781470769312,4.5947581067052425,0.9732383331704748,199.27771511594338,493.08200207949875,1.0712960422915374,2.785614274516932,1.1167701639594418,0.9281149836637697
2020,12275,"Rowe, Eric",S,17,8.141176470588235,7.0,0.5,24.6,6.307610606013456,0.7747787594091673,4.0,10.0,1.2813180649034441,-0.2271248252422552,4.587150047535205,1.11406818309241,131.05147623746933,209.7143677888345,1.202563001593313,1.1493101550096678,1.195812947415011,
2020,12276,"Darby, Ronald",CB,17,7.776470588235293,7.0,1.0,23.0,5.434046202553663,0.6987805252905619,4.0,8.0,0.6311997771903658,-0.5881914251578801,4.577678206491798,1.2086438834009032,139.07663724600562,242.94136214790473,1.413477855030554,2.1100953765077595,1.2488294686618877,1.3734666370048556
2020,13760,"Whitehead, Jordan",S,17,7.764705882352941,6.0,0.4,16.8,5.405872751703693,0.696210884689112,3.0,12.0,0.8325826085766536,-0.28298770882546076,4.577677193585564,1.2121230288703215,142.5859877570096,228.17240321523596,1.4634879511871497,2.1574777474376647,1.2947302131349743,1.3565231612366424
2020,13156,"Smith-Schuster, JuJu",WR,17,8.94705882352941,11.4,-7.0,27.3,8.581520340212506,0.9591442852308523,1.9,12.9,1.0484907042216602,-0.27561318508760296,4.566819754408823,0.9337827929018387,124.59990316972423,218.0979167802485,0.8693500431491904,0.9728209984071559,0.7034189476268857,1.2846620828178295
2020,14920,"Gladney, Jeff",CB,17,6.576470588235294,6.0,0.0,12.5,2.9040599191202703,0.44158335085013056,5.0,8.0,-0.5401011161632924,-0.9547936051278976,4.56197734550487,1.6845209152725342,193.83501417096778,338.5941974665181,2.4153017968622517,2.40219242290491,,
2020,13730,"Alexander, Jaire",CB,16,7.29375,6.0,1.0,18.7,4.405319050591001,0.6039854739456385,4.5,11.0,0.15493275550682578,-0.7233098320728343,4.547266866487343,1.3493653069752698,155.2692169197837,271.22682720180694,1.6244893019977789,2.609081537009721,1.0796469840397336,1.2683062050010192
2020,13607,"Michel, Sony",RB,10,8.4,9.350000000000001,-0.7,24.5,7.1295161126124125,0.8487519181681443,2.1999999999999997,10.3,0.7117927429454997,-0.16030601423251664,4.543605833455055,1.0332718311447775,152.63164868777847,316.56134205685584,1.0332718311447777,1.6559023658952012,1.0100032744575262,0.9375844561750661
2020,14105,"Brown, Marquise",WR,17,8.076470588235296,8.0,-3.0,18.7,6.284577706975808,0.7781341661951109,5.9,12.7,0.2631548411378749,-0.3654158168481072,4.542104157144395,1.108708138359367,147.94117832666515,258.95415628943243,1.0483367235355605,2.1581890123699474,0.6698815427064088,
2020,10738,"Jones, Marvin",WR,17,8.452941176470588,6.5,-2.4,22.9,7.401837422683228,0.875652304701565,2.8,11.8,0.6451513744546099,-0.3170351764236028,4.506667443258113,1.0060824497328869,134.24725404064554,234.98450395945355,1.0985290763652438,0.8216114410338341,1.154991701639922,1.1509881861078715
2020,11721,"Mack, Khalil",DE,17,7.9,5.0,0.0,21.8,5.971796458451718,0.7559236023356605,3.7,12.6,1.0214225967875468,-0.22562740728971806,4.499056786691477,1.1331369249059253,124.56583178006323,173.79235015498946,0.9547758799927728,1.029423892822889,1.1765607402895875,1.0496796337357581
2020,12716,"Mills, Jalen",S,17,6.46470588235294,6.5,3.0,14.3,2.841901015884094,0.4396025229302057,4.5,7.8,-0.44333701860001334,-0.4654399272479573,4.490618611305644,1.6826841336164122,197.93962622618614,316.75174340778887,2.122134690145214,2.395575363695963,1.4476193286278203,1.444207979652517
2020,12164,"Davis, Mike",RB,17,8.294117647058824,6.7,-2.2,24.3,7.03875578813349,0.8486443148813427,3.6,12.2,0.684183338163831,-0.16032640285209052,4.486594625203059,1.0317663411671605,152.40926246719212,316.100108223316,1.2237143204586476,1.0295229439449514,-0.02430450471495154,0.8656344016318265
2020,13832,"Sanders, Jason",PK,17,7.405882352941177,9.6,-2.6,13.6,4.900236559504076,0.6616681613309714,2.6,10.2,0.6265120286172504,-0.8426586720106567,4.456896103136005,1.2551839707192438,162.67510428162802,219.03170490490686,1.4683339156482234,0.9728271043674069,0.5275293279957263,0.5425198924589523
2020,14249,"Van Ginkel, Andrew",DE,17,8.529411764705882,6.5,0.0,26.2,7.808348827933158,0.9154615867231979,3.0,13.1,1.8993226193885526,-0.037769948949794546,4.452927599188896,0.9683326502303465,106.44888482982789,148.5158618666609,1.1570549448363976,1.5210666613539185,,
2020,13249,"White, Tre'Davious",CB,16,8.25,5.0,1.5,24.7,7.058239865575553,0.8555442261303701,3.0,11.5,1.3831483157789446,-0.36474451290826,4.446134931100454,1.023796776668766,117.80658875445013,205.78649087825957,1.0145787388954701,0.8030396546167776,1.1050978537937388,1.0890142233923732
2020,12656,"Higgins, Rashard",WR,12,8.075000000000001,7.35,0.0,21.0,6.633265284408074,0.8214570011650865,2.2,12.05,0.38237282055405647,-0.3439225179300417,4.43326413680634,1.0578696926064166,141.15751785844017,247.08013248502323,1.3125267000472756,1.4257426719763895,0.16729929796354814,1.1781992612225978
2020,12176,"Parker, DeVante",WR,13,7.761538461538461,8.9,-2.0,17.5,5.832869522276778,0.7515094528205959,2.0,12.7,0.10871361480531162,-0.3786248536889063,4.431342605110943,1.13591199659733,151.57114251968645,265.30799452160545,0.9529822785796853,0.669647110492424,1.3327046483840774,0.31554039208147555
2020,13135,"Gallman, Wayne",RB,16,7.65,8.6,-1.2,21.0,5.556752648804876,0.7263728952686112,2.3,10.100000000000001,0.23335612047434662,-0.18349433325032677,4.4312558549581,1.166736097844776,172.3465682794187,357.45051188584137,1.7869508340487452,1.816059166701329,0.45166197008757664,0.2864844195762082
2020,14902,"Okudah, Jeff",CB,9,7.822222222222223,5.5,2.0,23.9,5.9979214506689775,0.7667797309093862,5.0,8.0,0.8922555727028918,-0.4912671215751279,4.42738960911444,1.1177922297876672,128.6224888849398,224.67988348962234,,1.6423384972726378,,
2020,14244,"Gay, Matt",PK,8,6.875,8.0,0.8,10.8,3.8326720444097484,0.5574795700959634,3.0500000000000003,10.8,-0.4565447183698815,-0.9866628822049421,4.414183101982134,1.422608432110087,184.37374954113065,248.24755379772597,0.4680624033774244,2.038823560107203,0.5466274246349877,
2020,11737,"Dennard, Darqueze",CB,8,7.325,6.0,2.0,18.0,4.923349977403597,0.6721296897479313,4.199999999999999,8.25,0.39476412982439,-0.6261788347365715,4.380641074021132,1.2366313028849247,142.2971029600905,248.5669247357209,0.9317453354512041,1.8705765203455724,1.20723970968133,1.213821079852719
2020,13672,"Gesicki, Mike",TE,16,8.3625,6.8,-2.0,27.0,7.607962522909797,0.9097713031880175,4.5,10.05,1.6328459768604295,-0.03966792309996862,4.378796553304745,0.9714842481880577,198.91855329966293,492.1933115034399,1.2631454862742735,1.6822755851092848,0.652671349541819,0.32718673136839704
2020,14909,"Winfield, Antoine",S,17,7.347058823529412,6.5,0.5,19.9,4.986348144691584,0.6786862967154277,4.0,8.5,0.6238128812460906,-0.29544794172988564,4.376671709243656,1.2273022961493552,144.37157450592716,231.0297780951864,1.0496083026166019,0.9954914663901954,,
2020,13938,"Greene, Raven",S,10,7.26,7.0,0.5,13.5,4.807951746846051,0.6622523067281062,2.45,12.175,0.5350367601021608,-0.3071327438546778,4.3675680103523025,1.2500103851486832,147.04280112478028,235.30439306082326,1.250010385148683,1.831757009569695,,0.5203939724638521
2020,10783,"Smith, Harrison",S,17,7.711764705882354,6.5,0.0,20.9,5.930567114330454,0.7690285350390367,3.0,9.5,1.0936883868470348,-0.23121331708081477,4.35932182728312,1.1127177009709066,130.89261461809875,209.46015040015092,1.3423137876386688,2.1864195845386174,1.4859660175828,1.2400777907140887
2020,14218,"Okereke, Bobby",LB,15,7.62,6.5,1.0,18.2,5.711882351729594,0.7495908598070333,3.0,11.75,1.16366498929585,-0.2677613545164003,4.355303959944343,1.1352999949464835,132.89502819626205,319.3897664480057,1.25780110333065,1.1863509961627012,1.1373182586100687,
2020,14797,"Swift, D'Andre",RB,14,8.57857142857143,6.5,-0.4,27.3,8.335481695861423,0.9716631452294747,1.825,11.275,1.0786489891284397,-0.13701685342340958,4.350931572326469,0.9189211342328971,135.74012520656663,281.5279568541873,0.861503592688252,0.941537238609615,,
2020,13488,"Pascal, Zach",WR,17,7.452941176470588,5.6,2.1,22.8,5.333370818784068,0.7156061872085963,4.3,8.5,-0.0620674224485064,-0.3964371603043024,4.344202785020851,1.1767732207256838,157.0234860502065,274.8516998963751,1.3122967044345593,1.9676130544483104,0.6575620899219476,0.38737767035761644
2020,11313,"Mathieu, Tyrann",S,17,8.341176470588236,4.8,0.0,25.0,7.695839886399237,0.922632426437144,3.0,14.8,1.9721482176388663,-0.12199875153893323,4.33841453826168,0.9592145876138181,112.83554242288156,180.564424932126,0.9094338653894777,0.6868578520883996,1.3206095112290273,1.4947862169548454
2020,13284,"Hendrickson, Trey",DE,14,7.357142857142857,6.4,0.0,18.2,5.126083757984993,0.6967492486581545,3.25,11.85,0.6171590368742893,-0.2953057583321947,4.336022463520245,1.2009536839180903,132.02093346221852,184.1935944085003,1.0622371020531172,0.9527033523333999,0.790753079013761,
2020,13674,"Goedert, Dallas",TE,13,7.846153846153844,7.1,0.9,21.7,6.378644102919992,0.8129644444898031,3.1,10.2,1.1263869213453817,-0.05055117812135079,4.3278034878184695,1.0633598445341526,217.73075817359228,538.7412139488783,1.3247337405555224,2.427568803421553,1.0635846870702432,0.6493642088432425
2020,14236,"Amadi, Ugo",CB,15,6.566666666666666,8.0,1.0,13.0,3.4296096311711954,0.5222755783509435,4.0,9.0,-0.2967887902199202,-0.8397769974501721,4.313717410996128,1.4824481643838285,170.58283951587202,297.97691554577483,1.6761458278984098,5.857142857142857,0.5382306085330469,
2020,12075,"Barrett, Shaq",DE,17,7.023529411764706,6.0,-0.5,16.9,4.413819129502078,0.6284332093930931,5.0,9.5,0.27668568918554104,-0.3757485290582574,4.3130595539637335,1.2973335909008614,142.6159842599769,198.97564781625215,1.7528435892792715,1.5911989242253093,1.2746632366796244,1.2387501636704767
2020,11348,"Slay, Darius",CB,16,7.043750000000001,6.5,1.0,14.8,4.469755131715831,0.6345703824973673,3.0,9.55,0.1847645533627802,-0.6797148968887998,4.309236283382461,1.2877633148799508,148.1807783598955,258.8446258965303,1.1796253389339026,1.990295637357317,1.415280464810256,1.0119664976752607
2020,14905,"Henderson, CJ",CB,8,7.975,7.0,1.5,23.3,6.79462103431825,0.851990098347116,2.0,9.75,1.2611014198813544,-0.36981047444562015,4.306178530391503,1.0231414670306067,117.73118336657555,205.65477150391823,,1.2513730711352486,,
2020,13129,"Fournette, Leonard",RB,14,8.000000000000002,5.800000000000001,0.0,24.7,6.8693938181306375,0.8586742272663295,2.3,13.2,0.6326632140206488,-0.15842593982670183,4.304143180468,1.0165967271288996,150.16845503314855,311.45262511800763,1.2841020034291535,1.9962250543124924,1.1747033707071894,1.0302562317852844
2020,14841,"Claypool, Chase",WR,17,8.688235294117648,7.8,-3.7,32.2,8.898504986988558,1.024201657270179,3.6,11.3,1.156869297381991,-0.24333696066613736,4.292178727802509,0.8777320722208262,117.12073946855546,205.00649390601535,1.4617843837837916,1.0899461306085843,,
2020,12226,"Shelton, Danny",DT,11,6.990909090909091,6.5,1.0,17.5,4.422145621847662,0.6325565909014861,4.0,9.0,0.45528946122059355,-0.5547227045391131,4.282184844231807,1.2893252189207811,127.23827031238454,172.15536485783517,1.2493064150613893,1.6032166328697666,1.5305808286735885,0.8290676640854163
2020,14186,"Rapp, Taylor",S,9,6.777777777777778,7.0,1.0,13.5,3.9798877085716255,0.5871965471663054,4.0,7.5,0.12296390288878926,-0.360498463286308,4.270282587168208,1.3610302429332966,160.10242931913527,256.2029876357796,1.1857881709025604,1.52172494755128,1.3237773977962164,
2020,13108,"McKissic, J.D.",RB,17,7.829411764705882,8.4,-6.2,17.4,6.538192294320246,0.8350809091167858,4.1,12.3,0.5319112941957018,-0.1628963905214213,4.266521288412364,1.038632534036716,153.42351477360353,318.2036894534358,1.4844082488362407,4.531987698841799,0.5531742940731164,
2020,10379,"Skrine, Buster",CB,12,6.616666666666667,6.0,1.5,16.0,3.6468784216398307,0.5511655045299492,4.75,7.475,-0.19620044709719708,-0.7985980461672165,4.265609728519409,1.4238949389882511,163.84521745881887,286.20752628967045,1.3107683421081089,1.4671367901453014,1.2558299477917718,1.3894895402616636
2020,13775,"Bentley, Ja'Whaun",LB,12,6.666666666666667,6.25,2.5,17.0,3.815174380753199,0.5722761571129799,3.75,7.625,0.25752505160549327,-0.33795159778730127,4.240137228124116,1.3845119905343604,162.06708432937143,389.49965935838617,1.4976588948325023,1.4949654195528284,0.9819523569851691,
2020,10823,"Hicks, Akiem",DT,16,6.825,8.0,1.0,12.3,4.188451384461803,0.613692510543854,1.8,10.25,0.30228501536317814,-0.5919499266025106,4.229430300633798,1.3154214030874947,129.81359675942744,175.63982171999004,0.9961527537080228,0.6453184519286199,,1.4870475280260482
2020,12988,"Jones, Jonathan",CB,17,7.323529411764706,6.0,1.0,19.0,5.3768052412260685,0.7341822417738407,3.0,14.0,0.6046990844480927,-0.5377307369108699,4.223044865384907,1.1484637110159899,132.15180511048197,230.84495124120502,1.0387257810235448,1.4002383622832564,1.363222888208276,1.1709521174292261
2020,13740,"Hall, P.J.",DT,10,7.49,5.5,0.0,18.5,5.808691763211403,0.7755262701216826,3.25,11.75,1.363089869087795,-0.27257992865183645,4.218467575524347,1.1000644852906736,108.56089703855312,146.884587420762,1.1000644852906736,0.7560571027619669,0.9668011920900357,0.944348836612767
2020,11281,"Hankins, Johnathan",DT,17,7.0,6.5,0.0,14.3,4.641880957492276,0.6631258510703252,2.5,10.5,0.5991547256861687,-0.4943959557634312,4.20894185217256,1.2407209674823387,122.44171410445419,165.66554947438138,1.5361124879523589,2.3668540148495203,1.3008859463748204,1.0409294983147617
2020,10806,"Wolfe, Derek",DT,15,6.633333333333334,6.0,0.0,13.0,3.84042821686448,0.578959027668012,4.0,10.0,0.07442705660722468,-0.6604945391964157,4.201080089538613,1.370402170250602,135.23942541120653,182.98105253765078,1.4699207933964427,1.045479616685087,1.2120169973334374,1.270612274923544
2020,14798,"Moss, Zack",RB,14,7.4142857142857155,8.5,-1.1,19.2,5.673982872079636,0.7652770733055384,2.675,11.7,0.2690177017392957,-0.17612278811071122,4.200069114590734,1.11092369524997,164.10213659309926,340.3513821735229,1.2556128458896436,2.1166873442199257,,
2020,12218,"Armstead, Arik",DT,17,7.4941176470588236,5.0,0.0,21.4,5.890118403707058,0.7859655640739402,3.0,12.0,1.4164015730751636,-0.25197855785728585,4.196115422272813,1.0876616638440928,107.33691295393464,145.228517858119,1.1665245336382253,1.771412741623748,1.8021292607428065,1.3630782310370615
2020,9902,"Gronkowski, Rob",TE,17,8.235294117647058,6.4,-4.1,19.6,7.948876441246316,0.965220710722767,1.3,16.1,1.7732969277980066,-0.033434170129360535,4.190518689688696,0.9202601211130503,188.43003609436275,466.24109171094733,1.057358514123569,1.3401159597478163,,0.8543839039760727
2020,14991,"Fuller, Jordan",S,13,7.292307692307692,6.0,0.0,23.5,5.448565307062534,0.7471661286056217,6.0,7.0,0.8538278776081625,-0.2467578010036672,4.173791818026793,1.1308418764591068,133.02462053062965,212.8718805454741,1.2132406540277731,5.083333333333333,,
2020,14123,"Renfrow, Hunter",WR,17,6.588235294117647,6.4,-0.9,16.8,3.8177422266756778,0.5794787308347011,5.5,7.4,-0.5802682130449373,-0.4639726323671941,4.171145306044094,1.3674943540230955,182.47248224280997,319.3972646404732,1.2518435306242306,0.7725196652521946,0.9273032156992215,
2020,14897,"Brown, Derrick",DT,17,7.123529411764705,7.0,-2.0,17.5,5.072130241852177,0.7120248894425022,5.0,9.5,0.8808478220603961,-0.397896400754319,4.160879585158593,1.1731516169837328,115.77356928155973,156.64344549503687,1.6188956573637172,2.2577218950236744,,
2020,12734,"Floyd, Leonard",DE,17,7.282352941176471,6.0,-1.5,19.5,5.490230392049633,0.7539088583589963,4.4,13.2,0.7912266777364401,-0.22799978703435872,4.152070335051523,1.1220484484028745,123.34687468104286,172.09167978696348,1.1331828697222108,1.9578374518612718,0.9531050053543584,1.0368055191506447
2020,13427,"Tonyan, Robert",TE,17,7.935294117647059,5.6,0.0,31.1,7.235609749213025,0.9118262841854813,2.4,10.8,1.479442732413446,-0.039436897297042674,4.1506355380127165,0.963534499483215,197.29078371470817,488.16564646619963,1.1627395734131116,1.1324399686995479,0.3541420174744934,0.21899374294727297
2020,12687,"Lawson, Shaq",DE,13,7.507692307692308,5.0,2.0,23.4,6.107430724877,0.8134897481905841,4.0,8.0,1.0862578432737915,-0.15784273589470926,4.139914391676674,1.0563159316367778,116.12089391385044,162.01010154227728,1.0837584483313476,0.9605235536116751,1.239969483949311,1.2472598382126039
2020,13709,"Oliver, Isaiah",S,17,6.417647058823529,5.0,1.0,15.0,3.5500182756973895,0.5531650842058261,4.0,8.0,-0.09095376198446017,-0.3846953205934607,4.131979996257152,1.4104662157296244,165.91774413784844,265.5089115804256,1.3250095718402042,1.4063674940757347,1.3111700464945186,0.7040221665449079
2020,9820,"Haden, Joe",CB,16,7.0625,5.0,2.0,19.1,5.010223922141605,0.709412236763413,2.75,11.625,0.434983924590508,-0.5730372594434268,4.131537055901787,1.175081010539694,135.21461340427828,236.19511524881335,1.0362726875709942,1.1768066979971112,1.2044410058121882,1.0325559020183277
2020,10763,"Brockers, Michael",DT,17,6.382352941176471,6.0,1.0,15.2,3.4819256494608988,0.5455551708832744,5.0,8.5,-0.16029198172951167,-0.7264152080402716,4.129488912083933,1.4240202627957834,140.5307772383342,190.14033411349968,1.365730302724346,1.6752136752136755,1.4958197336174963,1.3455872171418115
2020,12233,"Alexander, Kwon",LB,14,6.707142857142857,6.25,1.0,17.0,4.214848630685547,0.6284119364174404,3.0,8.875,0.44846683361514206,-0.3157301804670452,4.118824424671556,1.2861625201690912,150.5545716054583,361.83136506606644,1.4775257700352524,1.2499430514432373,1.0975501895792772,
2020,11742,"Joyner, Lamarcus",S,15,6.266666666666667,6.0,1.0,12.0,3.2754982657435323,0.5226858934697126,4.5,8.0,-0.22756426507992217,-0.40636646150020594,4.115534722914484,1.4657161053898495,172.41696897149507,275.909258575647,1.4049637206467276,1.2525149955804273,0.9755845203737405,1.292659320828024
2020,13632,"Lazard, Allen",WR,11,8.299999999999999,5.6,1.1,29.8,8.445439866901815,1.0175228755303392,2.8,8.6,1.0019641282376055,-0.24665043385971722,4.113955832009194,0.8787309132192348,117.25402045491515,205.23978706862619,0.7952334022713288,1.1352439643204324,0.7534185744858412,
2020,12779,"Campbell, De'Vondre",LB,17,6.617647058823529,6.0,1.0,19.0,4.053645460877326,0.6125508696436849,3.5,8.5,0.3714530642417188,-0.32200880326860065,4.103837704224357,1.309479881415086,153.2840364112738,368.3911524312493,1.2805825832014337,1.371429015940148,1.33291160819682,1.6242045771828428
2020,10778,"Kirkpatrick, Dre",CB,13,6.8538461538461535,5.5,0.8,14.0,4.592906802821965,0.6701210823421497,3.0,11.5,0.2417797487925571,-0.6290418516233841,4.103801949637349,1.2254533099653955,141.01086994492528,246.3201117056422,1.3867194603688457,1.2470678735499763,,1.3210183500940318
2020,14899,"Kinlaw, Javon",DT,14,6.957142857142857,5.75,1.5,20.1,4.866608423843078,0.6995125044538305,4.0,10.25,0.7462884412735696,-0.4225889023597602,4.093610867181388,1.1858883965849207,117.0305103403577,158.34410635792736,1.1683889441966626,1.636796725034825,,
2020,11788,"Breeland, Bashaud",CB,13,7.038461538461538,6.5,1.0,15.4,5.087169148045739,0.7227672013616897,1.6,12.0,0.4706070473050323,-0.554001439373465,4.08555580399852,1.1562782908244316,133.05101578467202,232.41570726731783,1.02809463032272,0.7995432734258419,0.8087153613375748,0.9777788301853223
2020,14087,"Henderson, Darrell",RB,17,7.964705882352941,7.9,-4.2,22.7,7.5989891879249765,0.9540828374795022,0.2,13.9,0.854607042528679,-0.1403479617692599,4.075930523306941,0.9262374574836401,136.82086935000893,283.7694435930748,0.7006136207131579,0.9375901162209094,0.3675771429364399,
2020,12280,"Clark, Frank",DE,17,6.723529411764706,7.3,-2.4,15.1,4.3811802615766755,0.6516191115205904,3.0,10.3,0.2610838128843102,-0.3484469139619461,4.070871646414032,1.2494525522166255,137.3524178902812,191.632000232368,1.1487995734960739,1.699920616989225,1.6126547761292511,1.3899712702420413
2020,13201,"Barnett, Derek",DE,13,6.6230769230769235,6.0,2.0,15.2,4.165638531929796,0.6289581987815022,3.0,9.3,0.1580515811479051,-0.3751303491775188,4.065836022085241,1.2821409942136723,140.94586090449994,196.64551716285146,1.2872593780860617,1.412663011700029,1.3174626916337084,
2020,10274,"Smith, Aldon",DE,17,7.800000000000002,6.0,0.0,24.7,7.167902310258683,0.918961834648549,3.2,9.0,1.5931794232106453,-0.03364837450882141,4.0646978273168966,0.9549575525901424,104.97855928834055,146.464486078482,0.7699709010812452,0.6616649270140368,,
2020,12252,"Harris, Anthony",S,17,5.841176470588235,5.0,1.8,11.5,2.5605741138243867,0.43836616248755866,4.5,7.5,-0.583334862950683,-0.46631899722051995,4.060980175233202,1.640515344957746,192.979173994686,308.81380837994726,1.980341958865918,2.1719410603233418,1.173645380923243,0.6759538003289214
2020,14924,"Johnson, Jaylon",CB,13,6.415384615384616,7.0,0.4,15.0,3.731332233490659,0.5816225304002226,3.0,8.0,-0.1571010946952728,-0.7551853916396626,4.056204620302943,1.3559361927647817,156.02531779604965,272.5475966742263,1.4268690280616665,2.2598011395241535,,
2020,12712,"Hargreaves, Vernon",CB,17,5.911764705882353,5.3,2.0,12.0,2.7191872386347957,0.4599620204655873,4.0,6.6,-0.6256911200408856,-0.9285971262566428,4.049259243056932,1.5895313482663993,182.90472301233922,319.50098472185425,1.5465242780088355,1.47972490818025,1.0250238919774,
2020,14225,"Crosby, Maxx",DE,17,6.047058823529412,6.2,0.0,11.7,3.0378238432177307,0.5023638651235547,6.0,7.9,-0.38106102852389556,-0.5241963528161858,4.02502946450466,1.497603426580028,164.63166313647554,229.69158747264055,1.35242989135982,1.3707714048736903,1.23547409440871,
2020,13959,"Williams, Darious",CB,17,7.329411764705882,5.0,0.0,24.9,6.073158370663135,0.8286010618079719,4.0,9.0,0.9270878056598,-0.40314860034573397,4.008207103116934,1.0362289914369218,119.23714298735626,208.2854065901337,1.0347811230060113,1.7632242074911386,0.696681569353405,
2020,9828,"Griffen, Everson",DE,15,6.200000000000001,6.0,1.0,12.7,3.4090076757516004,0.549839947701871,4.0,7.0,-0.2036294995429817,-0.4682928246417662,4.000413080843262,1.406212113010915,154.58500880725202,215.67464846039687,1.4714889548807928,2.9941225620339256,1.4972064181335945,1.7752786866853263
2020,14181,"Mullen, Trayvon",CB,17,6.7823529411764705,7.0,0.0,18.0,4.744313660660164,0.6995085189178039,2.0,9.0,0.31187617145184704,-0.5871537619279795,3.990773135691764,1.1807072771156808,135.8620185220174,237.32601317875725,1.0265365601898815,1.164556713521354,0.9124490875847346,
2020,13633,"Kirk, Christian",WR,16,8.04375,8.75,-4.5,25.6,8.185961210358867,1.0176797153515298,1.875,10.5,0.9132471129585488,-0.2465726225816362,3.986633725263268,0.8756568654926592,116.84383293381066,204.5218006050229,0.7975030521225381,1.447112702010877,0.7807103403992045,1.0003897231682006
2020,13229,"Jackson, Eddie",S,17,6.770588235294118,5.5,1.5,18.7,4.7375551781213,0.6997257865166125,4.5,8.0,0.5000050308256725,-0.28048856331216176,3.9833414830810083,1.180047603047379,138.8128507364603,222.13446249481768,1.0976062815109295,0.9138476032491268,1.2121272517665802,1.2976702637779378
2020,9846,"McCourty, Devin",S,17,6.905882352941177,6.0,1.5,20.5,5.080003541943565,0.7356052829049455,3.5,7.0,0.6704189954537547,-0.2549777277841917,3.9789475296955485,1.1358352516244763,133.6120075476547,213.8118432262422,1.7471332776652373,2.0628864905721946,1.2603546351276267,0.9231051480927449
2020,12979,"Williams, DeShawn",DT,15,6.906666666666666,7.0,1.0,14.7,5.107310664353816,0.7394754822906106,1.5,11.75,0.9038811715777206,-0.3437241699137631,3.9705455678925072,1.1308851057763287,111.60245892146715,150.99986810168602,1.0175127377756443,0.6309152681916911,,
2020,12083,"Autry, Denico",DE,15,7.0,5.5,-1.0,15.5,5.356989204145677,0.765284172020811,3.0,12.15,0.7275353592551185,-0.2146052495483076,3.965367225825597,1.101150210454186,121.04952973040311,168.88645912265383,1.2621495279039026,1.1403673521404125,1.1088778901161143,1.0603829407516037
2020,14384,"Reed, Malik",DE,17,7.0588235294117645,5.6,0.0,15.5,5.511705065908735,0.7808248843370709,2.0,12.2,0.8014918991260039,-0.19630591646012688,3.9637943020093633,1.0840207684416487,119.16648881511635,166.25926913460395,1.022350101706884,1.2586040272938148,0.7329097537836139,
2020,11806,"Lawson, Nevin",CB,15,6.166666666666667,6.0,0.5,15.0,3.4864818306647685,0.5653754319996922,4.25,8.25,-0.27045882214459593,-0.7783435842006051,3.9394170501251864,1.3744994183455643,158.16135722476028,276.27886555366206,1.4127719341055829,2.4005276962197573,0.7746512837829004,1.2890950294885424
2020,13782,"Dickson, Michael",PN,17,6.223529411764706,5.6,0.8,12.8,3.617690100174372,0.5812923601414397,3.8,9.8,0.8408772888454299,-0.46561409223011596,3.9357234428224506,1.34775813810669,174.1525379529914,239.529507207672,1.2410995374301146,1.8404506554662183,1.3824603839670204,0.7611714977627116
2020,13777,"Nichols, Bilal",DT,17,6.452941176470588,5.0,1.0,19.0,4.140065024646895,0.6415779892342499,4.0,7.5,0.27060546582292244,-0.5369194725400357,3.9309379260626565,1.2554201445951325,123.89231620499541,167.62823674817963,1.2773044555631454,1.8510389350683978,1.1051793809018051,1.0286005008053425
2020,11947,"McManus, Brandon",PK,16,7.03125,7.0,-1.6,21.6,5.569079675987766,0.7920468872515933,3.25,9.0,1.3050612307884688,-0.6624557800261855,3.923585956382876,1.0703554145798573,138.72084311705268,186.77881233241453,1.3858316757021738,1.0926514345943772,0.9040727248611671,0.6069496233988807
2020,11010,"Gipson, Tashaun",S,17,6.329411764705882,6.0,0.0,14.4,3.884019250252524,0.6136461640733542,3.5,7.0,0.07525649414958605,-0.34169240705322923,3.9224285383162574,1.2959432468204595,152.44603354919863,243.95088453452286,1.5632000516875162,2.109638979141176,0.9050084036191997,1.0852109531553222
2020,14783,"Hurts, Jalen",QB,16,9.46875,2.45,-6.7,43.1,13.414857376711092,1.4167506140420956,0.5,22.0,-0.6389007446004759,-0.037004256515689275,3.917967350451274,0.6568743451668059,52.63221565612473,100.0,0.8945982209932873,3.0028675001634135,,
2020,12379,"Roberts, Darryl",CB,12,5.983333333333333,7.0,0.0,10.0,3.1585422094518365,0.5278900628610311,3.475,8.125,-0.4222841398579756,-0.8317742568863066,3.9160758216656752,1.438805483261413,165.5609489372954,289.2045943142865,1.5954413866406516,2.38491887281817,1.1683184115855407,0.7338083643797001
2020,13738,"Jackson, Donte",CB,15,7.319999999999999,7.6,-0.5,22.9,6.36984562868939,0.8701974902581134,1.75,10.0,1.0644443014828529,-0.34385813037083696,3.9140251434032973,0.9932365437214382,114.29007368318729,199.64378439395557,1.2367739059630702,2.9058061374465725,0.8216292034088807,1.1370184353133728
2020,13592,"Darnold, Sam",QB,13,9.915384615384616,17.2,-28.3,23.5,15.235931526081878,1.536595111241772,5.3,20.3,-0.33631095229868097,-0.013307742685143608,3.9089346862813317,0.610706235084587,48.93298467814217,92.971546168317,0.6626630987721669,2.4419856837759784,0.5181044695936505,0.5455992293114249
2020,13747,"Walker, Tracy",S,16,6.40625,7.0,1.0,15.5,4.097326681813399,0.6395827015513599,3.125,9.5,0.18140553423023456,-0.3232511576386586,3.9072441993553952,1.2567862332341126,147.83986624865045,236.57989192079847,1.0724519882288686,1.566582539404182,1.9635362165732069,0.6105779890412811
2020,14224,"Gardner-Johnson, Chauncey",S,17,6.729411764705882,6.5,-2.8,14.7,4.86485169423698,0.7229237657519987,5.0,11.0,0.563352111105123,-0.2639944680090951,3.9058093564393537,1.1474137992813103,134.97402989614514,215.99141162126242,1.181405379755794,2.6428571428571432,0.805556186072821,
2020,14127,"Meyers, Jakobi",WR,15,7.560000000000001,6.9,-1.5,26.8,7.143276559114872,0.9448778517347712,3.45,9.649999999999999,0.5567481570594895,-0.2826910395225327,3.8871335766699766,0.9283732346702628,123.87807531321519,216.8344394598518,1.085476622589702,2.0634925685319376,0.6888722117015216,
2020,11193,"Bernard, Giovani",RB,17,7.541176470588234,5.1,-4.4,16.9,7.09059516489184,0.9402505288858136,1.4,16.2,0.6999529417297934,-0.14296890101868145,3.88670244296686,0.9320916838494475,137.68563716334873,285.5629907499845,1.0111858824733475,1.3119441057057968,0.31288431250068727,0.5356386717016713
2020,11783,"Brown, John",WR,8,7.65,9.15,-4.0,17.4,7.413501197140255,0.9690851238091837,1.9000000000000001,13.825,0.6491392756966694,-0.27068134221055234,3.885052965714921,0.9092528568962741,121.32673549702095,212.36861015537386,1.0792262023803767,0.863209069853832,1.4445164646288866,0.520751534934551
2020,10465,"Smith, Malcolm",LB,17,5.711764705882352,5.0,2.5,13.8,2.696595315871081,0.4721124651885519,4.0,6.5,-0.27686884543298457,-0.3776015185004073,3.879978494136843,1.5451420071218718,180.86998283953096,434.6891103500097,1.2959007089818257,2.1764300575150837,,0.8239726758195832
2020,13806,"Elliott, DeShon",S,17,6.18235294117647,5.5,2.0,18.0,3.6955036740401557,0.5977503564099206,3.5,7.5,-0.018555274661114774,-0.352994553841944,3.8694110856391624,1.3166538395777643,154.88228816609643,247.8494869114206,1.5282518327076378,1.3810806857494131,,
2020,13348,"Moore, David",WR,17,7.329411764705882,9.0,-3.0,22.0,6.569337392129156,0.8962980390545398,1.1,12.7,0.36051556311474203,-0.30679242707123483,3.8651159331263116,0.9683029550680676,129.2061230487057,226.1605792244496,0.9859837028377104,1.5069969281141076,0.726217314577882,0.4327606453789557
2020,13250,"King, Kevin",CB,12,6.825,5.0,3.0,22.2,5.2556517198155355,0.7700588600462323,4.375,5.5,0.5486089669678826,-0.486593135974056,3.855803981468581,1.0910134236503264,125.54109629429139,219.29725612597366,1.1093877308184925,1.0592876502053645,1.3376202278530227,
2020,14126,"Williams, Preston",WR,8,7.574999999999999,4.45,-0.5,23.7,7.343321796026645,0.969415418617379,3.2,9.325,0.62514459696732,-0.27051747654828556,3.8463190286780633,0.9079117628673337,121.14778575901155,212.05537905265737,0.989078902201185,1.0396964763105716,1.0260391600264736,
2020,11182,"Burkhead, Rex",RB,10,7.7700000000000005,4.4,-0.6,26.6,7.944690050593541,1.0224826319940208,3.975,10.4,0.9597696794582664,-0.12738760125667922,3.841812966442805,0.868671799251938,128.31745228311053,266.1331725974508,0.868671799251938,1.080913154583318,1.0683172761133033,0.7123590733803129
2020,12676,"Henry, Hunter",TE,14,6.507142857142858,6.4,-0.4,15.0,4.527765813876213,0.6958147244156638,3.35,9.675,0.3638553795580278,-0.0637214255231902,3.8371779437078892,1.1771741199325303,241.03506912801157,596.4041407633624,0.9640896205171751,1.2324982564141975,1.3403986586188799,
2020,12764,"Hargrave, Javon",DT,16,6.85,8.2,-1.0,21.6,5.380752735445107,0.7855113482401617,2.975,8.525,1.0829093454404222,-0.25287492775119086,3.8364359917126856,1.0735410513477857,105.94340704602612,143.34308262374685,1.7027528490699961,1.3976048568635793,1.2917643530302159,1.3801320027321051
2020,10699,"Foles, Nick",QB,11,9.736363636363635,5.9,-8.6,46.5,15.020305815024523,1.5427018110669448,-2.4,17.3,-0.3721393336670703,-0.012100282182179518,3.8291409531336877,0.6077514217757604,48.69622954767006,92.5217168622149,0.5317054048254124,0.28796059182283923,,
2020,9474,"Cook, Jared",TE,16,7.3125,8.25,-2.0,16.4,6.6538405263426625,0.9099269095853214,1.5999999999999999,13.225,1.2397633406858817,-0.03965042946235254,3.8286805444233845,0.9554027125117317,195.62574045422764,484.0457534618613,0.7444321431417206,1.8636950662812575,1.3798448820528146,0.8578066106784231
2020,12150,"Gurley, Todd",RB,16,7.3375,5.800000000000001,0.5,28.0,6.7494328465434785,0.919854561709503,2.35,8.5,0.5961709356868347,-0.14683351917263862,3.821904089165194,0.9468434845877508,139.86472653744522,290.08246926349324,1.1049555652618244,1.4091746437210362,1.3808562929435833,2.111617051838361
2020,13322,"Clark, Chuck",S,17,7.311764705882353,4.5,1.0,29.8,6.704334186614892,0.9169242250398485,3.9,11.0,1.478741225222085,-0.12605736444227064,3.814321197662551,0.9490456318192209,111.63933496547409,178.65020085867926,0.8209543162235747,2.241459505013257,1.3684512484690885,0.4084445275976679
2020,12985,"Littleton, Cory",LB,15,5.433333333333334,5.5,1.0,8.5,2.3442601296689656,0.43145891957097526,4.0,7.75,-0.44519469662184874,-0.3936942745627508,3.7956613766895706,1.6246742545924968,190.17980431153674,457.06362462623434,1.591868587746094,1.6246179613317813,1.326208122753868,1.4809005965468194
2020,14930,"Hamilton, Davon",DT,11,7.045454545454546,4.5,1.5,20.0,6.035706426435575,0.8566809121392429,3.25,8.5,1.511721059726748,-0.1124257190329754,3.794650173538364,1.001385521002176,98.82267075706018,133.70861532964028,0.9939886035918163,1.1038603124105841,,
2020,13745,"Nnadi, Derrick",DT,17,6.147058823529412,5.5,0.0,15.5,3.8262433806939797,0.622451076285145,4.0,9.0,0.0651399512762443,-0.5746653802251417,3.7887483409386142,1.2736736087779952,125.6936764636434,170.06550528229744,1.8200717611552721,2.302843484423509,1.0642558483521416,0.9849926326096163
2020,13286,"Johnson, Jaleel",DT,17,6.352941176470588,6.5,0.0,16.4,4.302546119937222,0.6772526299901184,3.0,8.0,0.37698519612904435,-0.46651753678315505,3.7877067907820283,1.1980925828412787,118.23489192464794,159.97365343179516,0.9991978458884893,1.7972760913549621,0.9165101039944474,0.5428913692061637
2020,11801,"Desir, Pierre",CB,14,8.1,4.85,0.0,35.3,9.225353264625852,1.1389325018056609,2.0,10.875,2.3864509332388173,0.03918978328505871,3.786935769671123,0.7921486710900819,91.15122732769245,159.2244662147878,0.8832269814850646,0.6061230866018628,0.9501850250756981,1.2208671490637464
2020,11859,"Stephen, Shamar",DT,17,5.541176470588235,5.5,1.5,10.5,2.569746799962392,0.4637547303541472,4.0,7.5,-0.7575143221329275,-0.8878438654001585,3.785590820429034,1.5522603649778781,153.18627218009235,207.26341621612394,1.4057758197431092,2.4159869895027666,0.9898156926173216,0.9824662790680128
2020,10755,"Curry, Vinny",DE,12,5.891666666666667,5.15,0.0,10.3,3.3064226220426747,0.5612032738969179,3.75,9.325,-0.25266671866405693,-0.45491240250916865,3.7737985598508796,1.3681115821075778,150.39661443149708,209.8310644571719,1.392143019547571,1.9038962712952683,1.0668175425549147,1.161198194499635
2020,12437,"Myers, Jason",PK,17,6.176470588235294,7.0,0.6,15.0,3.9591338048150213,0.6410026160176701,3.5,9.6,-0.32824777621205886,-0.8712215453137776,3.7638395746279465,1.2454736716799841,161.4166242933023,217.3372414610447,1.6442359107687594,2.4557949930258456,0.5672721275034901,0.971323744487848
2020,12906,"Wilson, Jarrod",S,13,6.461538461538462,4.0,2.5,19.2,4.640215257198323,0.7181285517092642,3.5,8.0,0.4515653721982536,-0.2674039338344123,3.76080035170259,1.1456191238963664,134.76291637353194,215.65357842626446,1.370295473181193,1.5272558443449196,1.3144490513711005,0.559395712221443
2020,10592,"Harris, Chris",CB,10,6.840000000000001,5.45,2.0,20.7,5.6077089796101225,0.8198404940950471,3.0,6.9,0.7115999624563755,-0.41563568628795144,3.7585711617002624,1.0351545476816058,119.11350853518093,208.0694398913793,1.0351545476816058,1.1886328188317918,0.8721148981965954,1.0336867480828402
2020,14080,"Singletary, Devin",RB,17,6.758823529411765,5.9,-5.0,17.7,5.4132798390547805,0.8009204287548414,4.0,9.9,0.18971151141971895,-0.1693691020831462,3.752982875587026,1.0538794032115573,155.67573409221654,322.87484105427416,1.00613878335734,1.34821188126923,1.0813795296890452,
2020,13711,"Wallace, Levi",CB,13,6.730769230769231,4.0,1.0,18.0,5.351546809515719,0.7950869545566212,3.0,8.5,0.5930052567697486,-0.4509187393638815,3.7495505238250155,1.0597055225485186,121.93854829461259,213.0042659043517,1.0708709579485227,1.1546676536504807,1.7171328394395626,1.8052030252457114
2020,11491,"Mayowa, Benson",DE,14,6.142857142857143,4.35,0.0,14.0,3.9260511396338695,0.6391246041264438,4.0,9.100000000000001,0.04352515619717067,-0.3631593124624321,3.747645009654969,1.247014488630281,137.0844013673964,191.2580676641276,1.200620942068303,1.7660737604490113,0.6610083000568593,1.149186555314009
2020,15032,"Fox, Jack",PN,17,6.264705882352941,6.7,-0.1,12.2,4.270134475974565,0.6816177097799776,1.7,9.7,1.6131234855010588,-0.4251253069938548,3.725404321040728,1.1887184114394838,153.6019871892226,211.26426711900623,0.9869018876218115,1.1150067566516297,,
2020,14176,"Winovich, Chase",DE,17,6.547058823529412,5.0,-3.0,14.0,4.95925962774317,0.7574790087298642,2.0,11.9,0.537414560134406,-0.22379590181456427,3.7252557731890024,1.0986362790857036,120.77317305622712,168.50089050243332,1.26722994983143,1.5691238242370478,1.1824608106268581,
2020,13225,"Jones, Sidney",CB,9,7.911111111111111,3.0,0.0,27.2,9.132170782999875,1.1543474304353774,1.0,8.0,2.3433104922458727,0.06116182264369927,3.6721612305181135,0.7807913309539415,89.84435712722532,156.9416038092898,0.8774337759871775,0.8938262158330825,0.7652189845833295,0.9473334866328095
2020,14219,"Dean, Jamel",CB,15,6.553333333333333,6.0,1.5,19.8,5.154915669102217,0.7866097155293312,2.0,8.5,0.5019714705648174,-0.46300197594800335,3.668027368468514,1.0647316203260395,122.51689298899878,214.01452794855592,0.8954926046138503,0.8613762900030648,0.7878927717767297,
2020,9051,"Campbell, Calais",DT,13,6.730769230769231,5.0,1.0,21.1,5.637973533294581,0.8376417820894806,2.0,11.0,1.251317116544249,-0.14999839200823914,3.6627210462727104,1.0139795220648602,100.06552158167182,135.390211885846,0.8057693859526409,1.111225658770082,1.6129272533852341,2.0105501086832196
2020,14210,"Pratt, Germaine",LB,17,5.470588235294118,5.5,1.5,11.0,2.735768459819644,0.5000867077089671,3.5,6.5,-0.25815412985217057,-0.36652788017265353,3.646848016971744,1.464380968503125,171.41632252756762,411.9689047855273,1.525148788506709,2.534511002273595,0.9482496669827548,
2020,14137,"Fant, Noah",TE,16,6.7625,7.55,-3.9,18.7,5.777637384779353,0.8543641234424181,2.725,8.625,0.8787819966341495,-0.045896928723079926,3.6468026503048283,0.9977665690977586,204.3000520346822,505.50900096178066,1.011018545758168,1.3897413450288107,0.4849582967410075,
2020,14799,"Akers, Cam",RB,12,7.45,4.85,0.0,26.3,7.782726600191822,1.044661288616352,1.1,10.1,0.9105001942768282,-0.1231851999548868,3.6436352766484417,0.8482559390881286,125.3016859549711,259.87840797705053,0.97563893643916,1.4810648959730996,,
2020,14256,"Bailey, Jake",PN,17,6.0588235294117645,4.4,1.3,12.7,4.0361686584490455,0.666163759161493,3.3,8.2,1.3361968700943236,-0.4313621323814362,3.6363913787567346,1.2030620776067613,155.45542498043562,213.8134865905546,1.3508517835312555,2.0553148446205314,1.02171790797673,
2020,14205,"Johnson, Lonnie",S,17,5.776470588235294,6.0,1.0,11.0,3.4023399234963727,0.5889997830900034,3.0,8.0,-0.1644435378076534,-0.35921633673219766,3.63528721004747,1.3121364294031108,154.35089046428325,246.99912080888043,1.986882617432719,3.243690572033383,1.1204650534085252,
2020,14935,"Dantzler, Cameron",CB,13,6.923076923076923,4.0,2.0,24.0,6.318002830271098,0.9126004088169364,2.0,9.0,1.0404427815936255,-0.2834181103178331,3.6197194621323345,0.9460336492956037,108.8585152935059,190.1558486780453,0.9788541702559957,0.9757716730205298,,
2020,11735,"Roby, Bradley",CB,10,6.529999999999999,5.5,0.0,17.4,5.251675922979254,0.8042382730442962,2.2,9.325,0.5467683030810374,-0.43787468740459917,3.6192558918406674,1.0445199144117039,120.19116567578769,209.95190914611345,1.0445199144117039,1.0248364143813475,1.1726614690629507,1.214961256136435
2020,11764,"Fuller, Kyle",CB,17,5.611764705882353,5.0,1.4,12.3,3.093424212163826,0.5512391153751052,4.0,7.0,-0.45243164259199825,-0.7984931231782204,3.617601342218199,1.3709218529578975,157.7496927382414,275.5597632437183,1.9575158450092471,3.0000000000000004,1.349332182989265,1.0284755765677487
2020,13809,"Gage, Russell",WR,17,7.094117647058823,4.3,-3.3,25.2,6.85955500085017,0.9669356137185149,3.1,9.7,0.45974237571731136,-0.2717477558683418,3.606685240523613,0.9026105989832058,120.44042157146156,210.81721873483224,0.7860245220765365,0.9705614637900188,0.8100231891437751,0.36879878715087205
2020,14158,"Oliver, Ed",DT,17,6.31764705882353,6.0,0.0,15.5,4.814467815451752,0.7620666002111711,2.5,8.4,0.7121509076192368,-0.2991418447993108,3.5853622434398362,1.086539174236135,107.22613901260141,145.07863898724045,1.1989599175163277,1.659090909090909,1.2500552294652318,
2020,9925,"Graham, Jimmy",TE,17,7.176470588235295,5.1,-2.9,20.8,7.340101731284489,1.0228010609166909,3.3,9.5,1.522491717678995,-0.02696085156693801,3.5477886218742,0.8604775840222302,176.18912141883484,435.9528343813112,0.8342151316239016,1.664073175803501,0.6368534681974312,0.7684997715290367
2020,13193,"Smith, Jonnu",TE,16,6.65,6.5,-3.1,23.3,5.831487803296857,0.8769154591423844,3.2,8.625,0.9009674871124351,-0.04336165445846771,3.543047166886554,0.9734336342942351,199.31770445912488,493.180949547791,1.38961923836937,2.2029401967384814,0.722568909078941,0.5299891232882296
2020,15082,"Barnes, Krys",LB,14,5.785714285714286,6.0,0.0,14.0,3.667980593276505,0.63397195439347,2.625,8.0,0.18720417382488355,-0.3135292405088881,3.5408895912549134,1.239446945012518,145.08617760803736,348.6890443533411,1.1642996680312954,1.4932321016206416,,
2020,12717,"Joseph, Karl",S,15,6.153333333333333,4.5,0.0,17.0,4.559366427720219,0.7409587910704581,3.5,7.0,0.4113322421195412,-0.2511713068458965,3.5344508812582816,1.1068407548477943,130.2012902657022,208.35386259888153,1.054446794132438,1.0736785456393823,1.701181645861891,0.9055262882572231
2020,9861,"Jackson, Kareem",S,17,5.517647058823529,5.5,1.0,12.0,3.133168907806327,0.567845111222895,3.0,8.0,-0.29839219924881544,-0.37425761124756307,3.519255198952561,1.3349677165146419,157.0366092791428,251.29692682745775,1.1571799314421218,1.131181504976486,0.9804651684753338,1.4665160287674233
2020,9853,"Hughes, Jerry",DE,17,6.858823529411765,4.0,0.0,29.6,6.510268705354408,0.9491815436623063,3.0,9.0,1.2788205373969734,0.0019356135231848714,3.5188223240226053,0.9132594050225928,100.39467862813626,140.06912563828132,1.1814913892189944,1.1478227485315438,0.8488618006121987,1.2703166818979836
2020,10220,"Sendejo, Andrew",S,16,4.8125,5.0,2.0,9.0,1.7929985359726315,0.3725711243579494,3.5,6.0,-0.9653066029041513,-0.513100211151571,3.5061935331410625,1.7230585472985573,202.68900027309624,324.3519017901001,1.7794094223271641,1.968245940219537,0.9307356511905602,
2020,13755,"Holmes, Jalyn",DT,14,5.928571428571429,5.5,0.0,15.5,4.105123727286004,0.6924305082169162,2.625,7.75,0.24772867647610108,-0.4365648312980129,3.50299253043929,1.161298284874907,114.60381206838144,155.0607457354804,1.156347332005249,0.883653594091992,,
2020,9875,"Alualu, Tyson",DT,16,6.0375,5.5,0.0,16.5,4.386324628889203,0.726513396089309,3.0,6.25,0.43183671698958404,-0.369304132057294,3.4969320328909235,1.1208941933462866,110.61649634368933,149.66584535132338,1.1333995533402512,1.8780942972525339,1.2259628843512074,0.644389983041651
2020,13306,"Walker, Anthony",LB,17,6.276470588235294,5.5,1.0,21.7,5.0362835751310655,0.8024069426169458,2.5,7.0,0.8409020533571521,-0.2468540431388417,3.4822716445612323,1.0397905449793274,121.71496028214828,292.52044463494127,1.1266522846831881,1.4981614042919444,1.3634808509163916,1.3755473905884792
2020,14151,"Ferrell, Clelin",DE,11,7.0,6.0,1.0,26.4,7.101344302953555,1.0144777575647936,1.5,9.0,1.561363681341031,0.0788225118379128,3.4748460109393156,0.8640541295656289,94.98553880527442,132.52237619103394,0.8411759668972826,0.782435626261134,1.1558578106240192,
2020,14185,"Adderley, Nasir",S,16,5.85,6.0,-1.0,18.4,4.0135707294128995,0.6860804665663076,3.375,7.25,0.139725720811187,-0.29019058112231005,3.469585299160418,1.1668330448955386,137.25837913417692,219.64692829315914,2.046211517641906,2.4283514206173904,,
2020,13296,"Wise, Deatrich",DE,17,6.117647058823529,5.0,0.0,18.4,4.672728802709164,0.7638114389043826,2.0,8.0,0.4004484588931638,-0.2163394064710453,3.4684246421622005,1.0784310816871558,118.55201410808023,165.40196338775067,1.3680209468981956,2.313655511656672,1.2256891185460055,0.9476838639423112
2020,14138,"Hockenson, T.J.",TE,17,6.399999999999999,6.1,-5.4,14.3,5.424454431770346,0.8475710049641166,1.1,11.4,0.7332764043511991,-0.04666062709924862,3.4640075985194945,0.9961935395401958,203.97796264983464,504.71204040531916,0.6757154141913991,0.11774300923215854,0.4219990967440439,
2020,14117,"Johnson, Tyron",WR,13,6.492307692307692,3.2,-0.3,14.6,5.677683918162072,0.8745247741244897,0.9,11.8,0.0556549016349847,-0.31759456621767174,3.4634419250820367,0.9722394428777633,129.7313908129495,227.08000052590393,1.0978873267753642,1.2047698161351739,,
2020,13726,"Edmonds, Chase",RB,17,7.070588235294117,4.6,-0.9,27.5,7.4061790343788845,1.0474629249953498,2.3,10.2,0.7959539514800016,-0.12265434722711632,3.453341278602237,0.8411179688628354,124.24728755666801,257.691562883657,0.8496818219187954,0.5219123539230369,0.509046244803673,0.35499822792982966
2020,13168,"Reynolds, Josh",WR,17,6.082352941176471,6.6,-2.5,16.1,4.637600202705965,0.7624681184332823,2.9,8.0,-0.2999547816622036,-0.373188047073646,3.4510428174912353,1.0788904360860907,143.9624341859124,251.98981854578452,1.0931918005017438,1.1054972244789567,0.5303824587960315,0.6876390470000978
2020,13418,"Bourne, Kendrick",WR,16,6.225,4.199999999999999,-1.0,20.2,5.0286056715554865,0.8078081400089135,3.325,8.375,-0.16626810925423147,-0.3506939827458624,3.4433963772114153,1.032577073231237,137.7825810433565,241.17269058571384,0.7996918719182128,0.7916636034233456,0.8958577924915172,0.9925830934865794
2020,12910,"Harris, Erik",S,14,5.464285714285714,5.5,0.0,12.5,3.231896202111771,0.5914581284910431,3.125,7.875,-0.2492621363926051,-0.3574684179621545,3.433508941555837,1.2912144942399495,151.88977495044986,243.06073492527833,1.1609800237552896,1.1067546125095598,0.7619492143526713,0.8475960750357305
2020,13680,"Hurst, Hayden",TE,17,6.4941176470588236,7.7,-3.4,14.9,5.792030080787513,0.8918886899763381,2.2,11.4,0.8847115516689374,-0.04167832858826316,3.4326108515084184,0.956137939587254,195.7762836117543,484.4182493100269,0.9186501622557444,1.3295300900952465,0.7151470683077298,0.5042426605078597
2020,14989,"Penisini, John",DT,17,5.852941176470588,7.0,0.0,13.0,4.132954739516601,0.7061329705706755,1.5,9.0,0.26595021523386897,-0.4095237776559592,3.43053049054721,1.1402674431183066,112.5283636950353,152.25263170595298,1.658195841055469,3.176113685116021,,
2020,12737,"Jackson, William",CB,16,5.8625,5.0,1.0,18.5,4.19268335913887,0.7151698693627071,3.75,6.0,0.05648938568003019,-0.5648304793069036,3.418028793951636,1.1289923907419244,129.91127273891428,226.93115236697489,1.3402894072891482,2.5573037078583156,0.8728706748876451,1.751844854124131
2020,14322,"Edwards, T.J.",LB,13,6.253846153846154,4.0,1.0,20.8,5.199499293144321,0.8314082510562875,3.5,7.0,0.9188773045891502,-0.23537383950313895,3.4147744776399094,1.0087663306554342,118.08335290463303,283.79251667647407,1.0394519411444212,1.5234118072163843,0.5972519506227052,
2020,13716,"Edmunds, Terrell",S,17,5.905882352941176,4.5,2.0,21.3,4.338401791421148,0.7345899447625451,3.0,7.3,0.30137271626859985,-0.2556996477374627,3.404771468192533,1.1063015830752891,130.13786573046752,208.25236785276405,0.9312241597619679,1.644332897790327,1.5794900579637365,1.3693753334310372
2020,13691,"Hurst, Maurice",DT,13,5.7153846153846155,5.5,0.0,17.0,3.8892052092636242,0.6804800500730432,4.0,6.5,0.10636236137171462,-0.4601484012705244,3.4010428241240898,1.1689803088149422,115.36191981674813,156.08647734674165,1.3653524718763612,2.3650411278960024,1.0241317417537479,1.2764948022844078
2020,13778,"Flowers, Tre",CB,11,5.545454545454546,5.0,1.0,13.0,3.532025850920438,0.6369226944282756,2.75,7.5,-0.2493734305115676,-0.6763619724886129,3.387731481963108,1.2236149412802408,140.79933192428825,245.9505936047068,1.3686803041939097,1.4478123829992477,1.568884283981005,1.2231606661632184
2020,9308,"Amendola, Danny",WR,15,5.9733333333333345,6.2,-1.3,13.7,4.570553090770914,0.7651595576067376,2.7,10.100000000000001,-0.32287851547987895,-0.3718527718841309,3.384018916359142,1.072305251561058,143.08373588432562,250.45175740625555,1.2376873495910616,1.0871624577913093,0.9060295707855675,0.9226581194092359
2020,12763,"Fackrell, Kyler",DE,11,6.7,3.0,1.5,24.4,6.588005630068797,0.9832844223983279,2.75,9.149999999999999,1.3159799721605814,0.04209206996845065,3.3782345710646413,0.8829724603063129,97.06523239993801,135.42393300042468,0.9387767465446804,1.8544250489108378,0.8805050882120452,0.8054506156311367
2020,11647,"Thomas, Logan",TE,17,6.917647058823529,6.1,-2.7,25.8,7.255848374941307,1.048889646037434,1.1,11.2,1.4877807147495061,-0.02402791139271748,3.3762907007716607,0.8379086854138971,171.56797324364862,424.51851523126925,1.0252787013859619,1.8207547169811322,0.5324907914588931,0.3756326615507538
2020,14805,"Dillon, AJ",RB,12,7.925,2.7,-0.3,26.3,10.748885601152645,1.3563262588205232,0.07500000000000001,10.625,1.8128094904862724,-0.06413106972454835,3.363286374428861,0.6745320593829345,99.63974359226889,206.65498423784814,0.7435611363424373,1.2637511818071596,,
2020,12756,"Ngakoue, Yannick",DE,17,6.211764705882352,5.0,0.0,15.8,5.338636348571022,0.8594395636904109,2.0,11.1,0.7187624145836133,-0.10373640138055584,3.3406650192781346,0.9799843947953771,107.72976203145323,150.30292221819823,0.8442872006170078,0.8443940566958306,1.6469756299726444,1.1862976293716099
2020,12796,"Jefferson, Quinton",DT,17,5.717647058823529,6.5,0.0,14.4,4.070443724058428,0.7119088817797664,2.5,9.2,0.22502296179727757,-0.3981253354778701,3.33992487548709,1.1276423465059333,111.28244417689406,150.56688315952508,0.9985068103840448,1.3773015926226024,0.916350985086671,1.0878085053386015
2020,14228,"Sheffield, Kendall",CB,14,5.807142857142857,5.75,-1.0,12.0,4.304227869318771,0.7411954510512029,2.25,9.0,0.10813084527130835,-0.5277342903509082,3.335147041440374,1.0948139861662234,125.9784206886919,220.06118158592162,0.8859526818976858,1.1629079490356973,1.0082582629007462,
2020,12266,"Berry, Jordan",PN,12,5.208333333333333,4.65,-0.2,11.0,2.9264478847610156,0.5618779938741151,3.475,7.8,0.022709194184359578,-0.47344924166271635,3.334660808181613,1.32647458624052,171.40235268654988,235.74690071026717,1.3614705921509989,1.4373294145355127,0.4420583913516076,1.0526407302074507
2020,12744,"Ward, Jihad",DE,11,5.154545454545455,6.3,0.0,9.1,2.819852877001544,0.5470614047092941,3.0,7.1,-0.4852544723632259,-0.47156458482149716,3.3318299059461305,1.349409419818179,148.34068425178106,206.96266200216894,1.2765001762031858,2.6108920668963433,0.6629988733220584,
2020,10554,"Addison, Mario",DE,17,5.547058823529412,6.0,-1.0,11.3,3.7208660672829166,0.6707817936777263,2.0,8.3,-0.054556435511075474,-0.3258826777467582,3.3200378676135927,1.1750087260412385,129.16880219070688,180.21434432408122,1.019882126189899,1.2045116171174877,0.9897244573326068,0.9391339028618972
2020,14141,"Smith, Irv",TE,14,6.907142857142857,6.95,-7.9,16.1,7.481258897664052,1.0831191785656333,1.45,14.825,1.5806461583847373,-0.020179746740165212,3.3157694135862577,0.8144006615627846,166.75453225979436,412.6083971539444,1.7055016181229776,2.788378242186401,0.711107159432684,
2020,13727,"Vander Esch, Leighton",LB,10,5.25,4.5,1.5,10.0,3.076117683054405,0.5859271777246485,2.5,7.875,-0.09555449477173893,-0.33254782447876535,3.310366373525578,1.2879902908166174,150.76852530300127,362.34556505094486,1.2879902908166174,1.642338497272638,1.549921453214124,1.3420629185405346
2020,12302,"Wilson, Damien",LB,12,5.166666666666667,4.25,1.5,11.0,2.9035418983640575,0.5619758512962691,3.125,6.875,-0.17800145718191696,-0.34202898652075037,3.30777627732138,1.3235842732550085,154.93505689889918,372.3590890433307,1.4968002949933452,1.37487514750348,1.1683892787777836,0.751199359854365
2020,14238,"Cominsky, John",DT,14,4.5928571428571425,4.0,1.0,9.0,1.8702422630367914,0.4072067135694414,4.0,5.5,-1.215494395772202,-0.9994382573969715,3.2638112784490345,1.6001635827067013,157.9136462178971,213.65962704404276,1.6233259946824874,2.12143080310652,0.7059482719648877,
2020,10793,"Hayward, Casey",CB,16,5.918749999999999,5.0,0.0,18.0,4.82587022592817,0.8153529420786771,1.875,8.85,0.34963419345488844,-0.42203212651133,3.260385274294216,1.0159426438403083,116.9028267801689,204.20778456613476,1.0411916536638415,2.6360155184592218,0.6666860636480808,1.3538115409745743
2020,11725,"Attaochu, Jeremiah",DE,14,5.742857142857143,4.0,0.0,14.1,4.378146099127589,0.7623637486043066,3.25,7.625,0.2596334369914734,-0.21804407524494074,3.258610571969132,1.0678135247736604,117.38482523678691,163.77351926211782,1.0493961787290278,1.3560729323066918,0.8804420006640991,0.6278618622878738
2020,13998,"Moseley, Emmanuel",CB,13,6.361538461538462,4.0,0.0,17.7,6.091423789803353,0.9575394107308777,1.0,13.0,0.9355440972596828,-0.21936322284416326,3.249762649306398,0.8970749245991501,103.22491644098332,180.31498535169237,0.8470348172148485,0.5406150953388972,0.8749460694200313,
2020,11993,"Kerr, Zach",DT,14,6.471428571428571,6.0,0.0,26.5,6.417323493196094,0.9916393918846063,2.625,7.824999999999999,1.7615736383892584,0.15390739657986713,3.2492973365549496,0.8724748997889613,86.10100501488701,116.49600310168175,1.0319239023838591,1.164839284587923,0.9714928623594654,0.9924192869871162
2020,14557,"Hall, Terez",LB,10,5.07,4.0,0.0,9.5,2.8555384781158177,0.5632225795100232,3.625,7.15,-0.20093478002247636,-0.34153546762306997,3.2433001329785953,1.3149914152789584,153.92920108273006,369.94169195506515,1.3149914152789584,1.0890502458033504,,
2020,13412,"Cole, Keelan",WR,17,6.358823529411765,4.9,-2.3,23.6,6.1263230334381324,0.9634365547497525,2.7,10.4,0.20904679819793356,-0.2734837069066261,3.238619304519479,0.8923007699166728,119.06472294737964,208.40921522602517,0.7867346292475659,1.0655760593393244,0.7758864021225131,0.4003938725782608
2020,13699,"Evans, Rashaan",LB,17,5.464705882352941,4.0,-2.1,14.3,3.7657810964574114,0.6891095655519482,3.5,7.0,0.23392773022603663,-0.29170294927759854,3.2352583833525603,1.1466548235744751,134.224192538196,322.58417856788094,1.2981079252340462,1.4040188777280462,1.304887912698224,1.0261158697708808
2020,11318,"Taylor, Jamar",CB,8,6.3875,4.95,0.0,22.2,6.249487478985777,0.9783933430897498,3.75,6.0,1.0087224150863303,-0.18963856867429227,3.228629949807828,0.881096769739318,101.38633679165889,177.10332411750386,0.7595768356613013,0.7719935097463525,0.674618028314439,0.543548384699282
2020,11768,"Ward, Jimmie",S,13,5.746153846153846,5.0,0.1,19.5,4.486152263374207,0.7807226161159931,3.5,6.0,0.3748983813357544,-0.2228986580405616,3.2268663261474244,1.04739233807188,123.20817898517144,197.16317667012459,0.9735392314608273,1.252224825749491,1.55092715747374,0.7911735244317926
2020,12795,"Judon, Matt",DE,15,5.966666666666666,7.3,-3.0,18.4,5.0874573435285155,0.8526464821556172,1.75,7.8,0.5986950220779607,-0.11173531797914041,3.2206180316302153,0.9801574499753563,107.7487860010761,150.32946417069667,1.2627485335581676,1.8421497796441941,1.3264599539884812,0.93499882992911
2020,11709,"Murphy, Trent",DE,9,5.022222222222222,5.0,0.0,9.9,2.834226438761173,0.5643371227621804,3.0,7.3,-0.47838369078175746,-0.4512222663644146,3.2104475110546415,1.3098397557982744,143.9907879563212,200.89375298181076,1.2719141545421992,1.2808662743540185,1.1450646359911496,1.1502355917563982
2020,14900,"Madubuike, Nnamdi",DT,11,5.154545454545454,6.4,0.0,10.5,3.131471810902876,0.6075165770711047,3.25,6.45,-0.38974135098648427,-0.6041377906531314,3.2065270915818713,1.2476293414232444,123.12347347595531,166.58798054058397,1.301598270336513,3.33136541712173,,
2020,12831,"Roberts, Elandon",LB,15,5.4399999999999995,5.5,1.0,14.5,3.8240990224278097,0.7029593791227592,2.5,6.25,0.26178874131138796,-0.28622048353154483,3.194439084508458,1.1276717112788923,132.00208273902066,317.2437294975643,0.9830245286439396,0.5925925925925926,0.7000414207342182,1.1239947701470872
2020,14253,"Cowart, Byron",DT,15,4.8,4.0,2.5,11.0,2.44131112314674,0.5086064839889042,2.5,6.25,-0.841603813509877,-0.7993314035764704,3.181744246059666,1.3948172159484589,137.64884712933085,186.24103771319363,1.3238284759101402,1.1666666666666667,,
2020,14746,"Tuioti-Mariner, Jacob",DE,17,6.547058823529412,4.5,0.0,31.3,6.947290427976754,1.061131511910196,4.0,8.0,1.487723581242991,0.13375774088062783,3.1764391479618834,0.8238101882475412,90.56151915309351,126.35005139299543,0.8337465626778217,2.2642863081711075,0.8823530977536076,
2020,14283,"Wilson, Donovan",S,15,6.633333333333334,2.5,-1.4,23.2,7.2211417995278895,1.0886143416373701,1.75,10.1,1.7359222883273808,-0.00398323388893263,3.1759493368857794,0.8068627807531872,94.91390216823358,151.88542364463154,1.0392443514451433,1.0270992373734673,0.15100980142855683,
2020,13771,"Haynes, Marquis",DE,16,5.25,5.35,0.0,9.5,3.4331108342143573,0.6539258731836871,2.0,8.399999999999999,-0.19210782245343344,-0.3457306806793901,3.1742655974624374,1.1842699621856878,130.1868906125811,181.63476577492912,1.2546945079467486,1.2773928144318982,0.7207433913520684,
2020,9694,"Gano, Graham",PK,17,5.917647058823529,4.8,0.2,19.9,5.153894620360942,0.8709364666613919,2.4,6.4,0.8838511124424813,-0.5534185865983294,3.1629331964346834,0.9616100736018848,124.62716434453291,167.80256821959162,1.2262795208812354,1.3719644431084628,,0.5090095061201572
2020,13403,"Koo, Younghoe",PK,16,6.18125,8.05,-2.6,14.8,5.908703194229678,0.9559074935053068,0.2,10.15,1.6496132814295574,-0.43597592358683496,3.160297723959423,0.8947048130773276,115.9560687229204,156.12748821406583,0.776889185028692,0.1630948221758486,1.1047521085646337,
2020,11375,"Klein, A.J.",LB,17,6.835294117647059,3.0,0.0,27.8,8.039384025018963,1.1761577317153387,2.0,6.2,2.2756138256382883,-0.09890433332390268,3.140992042088417,0.7561681303425672,88.51491715872616,212.72999526166848,0.8422609334751494,1.4444444444444444,1.1243667391173695,1.3244233408650363
2020,12610,"Wentz, Carson",QB,12,8.783333333333333,10.9,-20.3,43.3,15.910941378672588,1.811492377078473,0.45,15.3,-0.2241512738102127,0.0410469170121242,3.1240822151758505,0.5193876045487643,41.6160573370951,79.06955239922966,0.649565192096017,0.11213890477727366,1.6070422121624355,1.4649784689996157
2020,12291,"Nelson, Steven",CB,16,6.1125,4.0,1.0,24.5,5.8522298100809405,0.9574200098291927,3.0,5.824999999999999,0.824805108685615,-0.21953341379180225,3.1227329695752855,0.8920453880585475,102.64617605386064,179.30403210489442,1.198633620412221,1.5832922328860393,1.3328052626639972,1.3858137342409242
2020,13761,"Averett, Anthony",CB,11,5.590909090909091,6.0,0.0,11.0,4.435487991079253,0.79333931547759,1.0,10.0,0.16889998812654866,-0.45340977876805666,3.1175969001829182,1.0285937711728765,118.35857091700576,206.75070241736523,1.1677720444929494,3.243690572033383,0.690744424663303,0.3081894666582735
2020,11795,"Hitchens, Anthony",LB,14,4.914285714285714,5.25,-1.2,9.0,2.8326809973332794,0.5764176448061906,4.5,6.75,-0.2118547932923028,-0.33631218478728925,3.117375481349608,1.2822057765060537,150.0914063072945,360.7182289434051,1.079472656836288,0.9612979685503926,1.2001628578102064,2.0121902823564772
2020,13770,"Franklin-Myers, John",DT,16,6.1312500000000005,4.5,0.0,17.3,5.932613120497577,0.9676025476856394,1.75,7.175,1.4442237421929487,0.10647201039968694,3.116101881048987,0.8844067732370359,87.27851315390416,118.08918998482531,0.8702368404769306,1.4547941686423116,,0.573920272844798
2020,13547,"Maulet, Art",CB,12,5.991666666666667,5.0,-0.6,14.0,5.55884555360993,0.9277628184049952,1.0,12.125,0.6889777945414274,-0.261806005050059,3.108093282774325,0.9135245856443299,105.11775152120802,183.62142086679418,1.09781428043233,1.5728623511395419,0.8334075607409152,
2020,10653,"Bynes, Josh",LB,17,5.352941176470588,4.0,-0.5,15.5,3.868290038255819,0.7226475895642739,3.5,7.5,0.2829007126541626,-0.2784268811992947,3.1073919058654123,1.09955264259243,128.7105435488737,309.3330954620837,1.1318271886358788,1.339106046241412,1.2765986802932758,1.1383328286834353
2020,14180,"Murphy, Byron",CB,16,5.85625,5.0,-0.3,21.5,5.223979415876369,0.8920349055925496,3.5,6.625,0.5339457262454192,-0.31273164508213813,3.095212452312519,0.9409173149033317,108.26978722225545,189.12744877999984,1.239649270755508,1.4585721421358004,1.6083988846840678,
2020,14198,"Ya-Sin, Rock",CB,15,5.453333333333333,4.0,0.0,16.5,4.1687514784271915,0.7644409801516855,2.15,7.0,0.04540970772257434,-0.49460071623084295,3.0906861689783023,1.0550581423954897,121.40378200607738,212.0701273377302,1.172243470030838,1.4736842105263155,1.0851273852940828,
2020,9825,"Dunlap, Carlos",DE,16,6.20625,4.35,0.0,24.0,6.3217351998877644,1.0186078871923891,2.9749999999999996,5.0,1.1886986484377458,0.08368577783336259,3.07451984081567,0.8476474265410658,93.18194864410052,130.0060346843175,0.9020382551485866,1.5897666218435198,1.5477383796151138,1.3359732477247255
2020,14265,"Fulgham, Travis",WR,14,7.114285714285716,3.9,-4.9,30.9,9.387671028904816,1.319552152657303,0.55,13.5,1.3241175473647306,-0.09680784992457021,3.067094527767145,0.6848778416730226,91.3871120824123,159.96271472689392,0.4373386013903946,0.9611256738741303,,
2020,12799,"Sims, LeShaun",CB,14,4.957142857142857,4.5,0.0,11.0,3.0698334728483903,0.6192747639751796,3.225,5.75,-0.46335338324173186,-0.7015168747154362,3.061335214644796,1.2180210542308645,140.15565266471,244.82620406520647,1.264926714908839,1.0963490314419189,0.6636436245406911,0.5565840095673663
2020,12781,"Burris, Juston",S,14,5.285714285714286,3.0,1.0,13.5,3.880879344916036,0.7342204166057366,3.0,8.75,0.07369397035482933,-0.25596238754655215,3.047890703570212,1.0829430338653894,127.39012335421027,203.85530898835862,1.1081800537762236,1.5416666666666665,0.770128612523349,0.22654091966098638
2020,13202,"Lawson, Carl",DE,17,6.241176470588235,4.0,-0.6,23.6,6.555111056943134,1.0503005463528112,2.0,9.0,1.300255864876549,0.12100417834322555,3.0440300480290015,0.8260866615392245,90.8117720421053,126.69920040996843,0.9662409161344868,0.8478734950596065,1.0551377886559277,0.6704570699910548
2020,11314,"Rhodes, Xavier",CB,17,6.276470588235294,6.0,-1.0,29.6,6.669644087141003,1.0626424506222778,3.0,7.2,1.20324118133545,-0.069552076475652,3.0429270891529208,0.8183522621028118,94.16643087264872,164.49147346251954,1.3520661191337418,1.6519698340668785,1.0769007316761972,1.323908058457199
2020,13264,"Jones, Josh",S,14,5.071428571428571,5.75,-1.0,11.0,3.384297473295618,0.667326262339981,2.8,7.125,-0.17342207528990913,-0.30352508878366485,3.041653386009263,1.1567254736518702,136.06939254182916,217.74425936731055,1.141203742777118,1.6076456009478028,,0.9844192015316267
2020,13914,"Herndon, Tre",CB,17,5.329411764705882,4.5,0.9,14.0,4.010539747433498,0.752529533182886,1.5,8.0,-0.027837148620242197,-0.5115789837209881,3.040982570505834,1.0636402530157987,122.39131117156434,213.79515956007117,1.1080026700130388,0.6669829669478656,1.0187296965763173,0.5540933831219498
2020,10260,"Peterson, Patrick",CB,17,5.6,4.5,0.4,16.0,4.765686173667162,0.8510153881548504,3.0,6.0,0.3217709458789783,-0.371199801066727,3.025366529006684,0.9712634075673632,111.76166152802169,195.22711236901498,1.0771114371573678,1.769171997181904,1.485749359833472,0.7848502505325141
2020,10789,"Gilmore, Stephon",CB,11,4.972727272727273,4.0,0.2,12.1,3.202865452596786,0.644086288456392,2.8,6.0,-0.40176392809557954,-0.6661511714063642,3.024614527620744,1.1831754617923396,136.14602841909803,237.82212634791745,1.2578567247440817,1.7756257180371031,0.9983869450032482,1.2820842725818897
2020,12270,"Smith, Preston",DE,17,5.4411764705882355,4.5,0.0,18.3,4.352289299360593,0.799880195558163,2.0,6.5,0.24727349263211668,-0.17386811051934783,3.023077027024494,1.0166073181504336,111.75572289255469,155.91988145721493,1.4052238332976381,1.6478827783445016,1.1846436717689415,0.9033375401212936
2020,14675,"Tuttle, Shy",DT,14,5.178571428571429,4.75,0.0,12.5,3.7158307226222878,0.717539725747752,3.0,6.875,-0.0071494973335219265,-0.38701317549834935,3.015110131625558,1.098124961044367,108.36949326648116,146.6256151309366,1.1423951464971747,1.6145591083961146,0.9808654522381871,
2020,9831,"Tate, Golden",WR,12,5.266666666666667,4.9,0.7,13.8,3.9623926553984474,0.7523530358351482,1.9250000000000003,6.5,-0.5308115276046224,-0.37820633578936114,3.0054826618636485,1.061315988555885,141.61737655883832,247.88506268174646,1.0100718587847999,1.0854452511693644,1.3942519717724229,0.7599509726905167
2020,14245,"Oruwariye, Amani",CB,17,4.952941176470588,4.0,-1.8,14.0,3.224012415510108,0.6509288724901643,4.0,6.0,-0.3919735759840744,-0.6563979296420774,3.0000936194179357,1.1725678547449183,134.9254287555882,235.68996273825354,0.9895271388205921,2.079384980312813,0.7235153282194605,
2020,12720,"Kearse, Jayron",S,11,5.0,5.5,-2.5,9.0,3.3507122716331117,0.6701424543266223,4.0,7.25,-0.19013521505865938,-0.3015227359688758,2.993756602646167,1.1492371105761878,135.18851195429968,216.33463529580098,1.3033327173721028,1.9601490897771878,0.6784523478326716,0.7741723001659492
2020,13689,"Mata'afa, Hercules",DT,14,5.178571428571429,4.75,0.0,12.0,3.7898696870602238,0.7318369050874914,1.75,8.0,0.04132534249309675,-0.3587984806884133,2.9902188903347167,1.0811507967662,106.69438192059431,144.35916334547423,1.443162365651048,1.7700832253022178,,
2020,12677,"Hooper, Austin",TE,14,4.714285714285715,4.2,-0.8,10.7,2.727337043150108,0.5785260394560834,3.125,6.325,-0.37789178693413605,-0.07690729568469366,2.9865112113767402,1.2647865378714187,258.9743568313316,640.7921441659842,1.2625354703164717,1.3177497136101881,1.1941230727433145,1.2203959494412215
2020,14672,"Reeder, Troy",LB,17,5.876470588235295,2.0,0.0,17.4,5.690294049237,0.9683183066769669,1.0,9.5,1.1533513177265733,-0.18117782549955597,2.9855285947913095,0.8783575945971286,102.81807259753293,247.1051072359365,1.2732657271577343,4.194425181066402,0.7734951987098824,
2020,14947,"Wonnum, D.J.",DE,15,4.913333333333333,5.0,0.0,10.3,3.173193274220081,0.645833095160125,2.5,6.5,-0.3163523774060384,-0.3552600019645494,2.985316887709874,1.1773558065679515,129.42681693865012,180.5743225683471,1.2208103097144591,1.7660737604490113,,
2020,14161,"Tillery, Jerry",DT,17,5.647058823529412,5.5,-0.5,17.0,5.041372087631656,0.892742973851439,1.0,7.5,0.8607098229605836,-0.041259229388505694,2.9835317851100096,0.9347311739150266,92.24482390530221,124.8086859140395,0.8640707963053547,0.8593781575431845,0.8456786999172465,
2020,14898,"Davis, Raekwon",DT,17,5.117647058823529,5.0,0.0,15.5,3.68035089345594,0.7191490251580573,3.0,6.5,-0.030378874580636216,-0.38383731187933695,2.9768490014139504,1.0934323462753648,107.90639817015628,145.99904024056792,1.4143854001267364,1.3889225346660958,,
2020,14839,"Reagor, Jalen",WR,12,5.533333333333334,5.65,-3.3,15.0,4.7730726185783325,0.8626034852852407,1.5,8.925,-0.2536361034750815,-0.32350894889110837,2.9707521633279637,0.9584728443440166,127.89443594794203,223.86462058510457,0.8284909215680393,0.8150849513756897,,
2020,12693,"Calhoun, Shilique",DE,9,5.566666666666666,5.0,0.0,17.4,4.8848973604592985,0.8775264719387962,2.0,6.7,0.5018682630540753,-0.08243889893427016,2.964893837644985,0.9459241726234975,103.98551911411455,145.07901156102545,0.8454352731874067,1.0234499330739635,0.47610261383199587,
2020,13227,"Lewis, Jourdan",CB,16,5.0375000000000005,4.2,0.0,13.3,3.5346278092608276,0.7016630886870129,2.875,7.0,-0.24816880891004992,-0.5840826940750453,2.960339231361531,1.1108960232000042,127.82895388663478,223.29372347585053,1.1938263729912577,1.2902325736288216,0.9114571017974764,0.4446346594431513
2020,13645,"Smith, Tre'Quan",WR,14,6.192857142857143,4.9,-1.0,24.8,6.764662834562127,1.0923330990065718,0.775,8.875,0.4272982823240435,-0.20953563062912756,2.95978548816987,0.7975693568162998,106.42417635649977,186.28338038745966,0.8564241728347031,1.0499935165831897,0.9870610109795107,0.5181625578336326
2020,13987,"Spillane, Robert",LB,12,7.166666666666667,4.75,0.0,38.5,10.230455621438482,1.4275054355495556,0.75,7.275,3.3223840771665887,0.0005919645558428034,2.952276259288469,0.6381456735366812,74.69953990617037,179.527172146507,0.7253726075362827,1.6344221861443868,0.646977386247649,
2020,10277,"Houston, Justin",DE,17,6.029411764705882,4.0,0.0,26.5,6.293578866439737,1.0438130802875663,2.0,7.7,1.1752394919327973,0.11336512679846611,2.950079839912532,0.8266739655684369,90.87633442048926,126.78927685637915,0.7036273633325131,1.2163839645125187,1.8876435506273261,1.2544553602705193
2020,13253,"Williams, Marcus",S,14,5.357142857142857,4.75,-2.3,14.5,4.397680279048795,0.8209003187557751,3.025,8.75,0.3308717098716968,-0.19433173634127998,2.9420297212114295,0.9924898438198934,116.74981940715163,186.8282240641489,1.39698276515862,1.2613236987318026,0.9361985320728202,0.85184449511464
2020,13288,"Jenkins, Rayshawn",S,17,5.811764705882353,4.5,0.0,22.0,5.708083262608559,0.9821600755500558,2.0,8.0,0.9829728476794055,-0.07967374091308699,2.932036003333166,0.8663823149419799,101.91537922213918,163.08949685390408,0.7764384367751566,0.5285900997247475,0.9279280438212242,0.47632876162941024
2020,14113,"Hardman, Mecole",WR,17,5.876470588235294,3.8,-1.0,19.7,5.914143507356373,1.0064108070576412,1.0,8.1,0.13650158577818755,-0.25216334660993844,2.928847157104887,0.8499202514357654,113.40965140489206,198.51065759247882,0.7197290350363322,1.01166172601043,0.8415842983207035,
2020,15029,"Crowder, Tae",LB,12,5.891666666666667,4.5,0.0,23.5,5.969709419691678,1.0132462947142875,3.625,5.375,1.2868401996461192,-0.1633930261450836,2.9264510170141853,0.8453245769501965,98.95132034602463,237.81205003670357,1.013619910009385,2.564404225837306,,
2020,14931,"Ojemudia, Michael",CB,17,5.552941176470589,6.0,-1.0,22.0,4.992007452749294,0.8989843929739194,2.8,7.0,0.42655029512275966,-0.30282602605958403,2.9241636724430164,0.9267246778744826,106.6366641338637,186.274682452703,1.1472779646922273,2.254002231445069,,
2020,13269,"Basham, Tarell",DE,17,6.064705882352941,4.4,-1.0,19.2,6.576065440535145,1.08431728893402,1.5,7.5,1.310272379588956,0.16105920866620188,2.9096845833172575,0.8005086452796734,87.99997869160664,122.77622917820932,0.8712393643155243,1.1772908366533863,0.9080319684068293,0.47167444528155816
2020,9919,"Peters, Corey",DT,9,5.2555555555555555,2.5,1.0,12.5,4.246596313156407,0.8080204401354686,2.5,10.0,0.3403537015826317,-0.20845447647310925,2.9068009624724023,1.0017076294542964,98.85445833221915,133.75162441476854,1.049839045157334,1.0108128978114654,1.4479927126948096,1.2849404034842815
2020,10276,"Ingram, Mark",RB,10,5.3,5.35,-0.6,14.4,4.3847462868448845,0.8273106201594123,2.125,7.75,-0.12316968790967886,-0.1643687011751194,2.900437364906047,0.9842617864741515,145.39203981152414,301.54623659519734,0.9842617864741515,0.6396238144694348,1.6609640818020022,0.8511845630987103
2020,12814,"Grant, Jakeem",WR,16,4.8625,5.300000000000001,-2.0,11.1,3.368210763892307,0.6926911596693691,3.2,6.1,-0.733965207562743,-0.4078057500320441,2.8726445295252705,1.1131559951716374,148.53468094026485,259.9930149108024,1.1193453876585884,3.1949321598125344,0.41689322524366834,0.5910726357742286
2020,13753,"Akins, Jordan",TE,14,5.421428571428571,6.75,-1.2,15.6,4.813697505397426,0.8879020431563105,0.7,8.225,0.4816545535351445,-0.042126516811762896,2.8716683638758576,0.9325267725737927,190.9417233059188,472.45587472444663,0.7304203975373716,1.460807476584677,0.7025550454405334,0.418065959514631
2020,12678,"Higbee, Tyler",TE,16,5.612500000000001,3.4,0.2,20.3,5.3658497696077925,0.9560534110659763,1.725,8.75,0.7091322433551642,-0.03446477954447756,2.869297928291947,0.8816576267312374,180.52589112185245,446.6835028179574,0.8144995420097281,0.8717057631459206,1.0164236536323663,0.7438838491881373
2020,11360,"Williams, Brandon",DT,14,5.535714285714286,4.75,0.0,19.5,5.149425369170143,0.9302187763662194,1.5,7.125,0.9314545390041126,0.032697199749441706,2.8679206489409874,0.9002002550461593,88.83710774130006,120.1979927781974,0.9741541292370638,0.9128434970063182,1.1335866475544227,0.7993734090830862
2020,14722,"Needham, Nik",CB,17,5.517647058823529,4.5,-0.5,14.2,5.106194081023515,0.9254296308891232,0.5,10.0,0.4794149689679997,-0.2651316700051987,2.8656705860891916,0.9036147534142357,103.97744364296393,181.62951227097022,0.9695662386053086,0.6902819970007905,1.2819583042903433,
2020,13662,"Coutee, Keke",WR,9,6.288888888888888,4.8,-4.3,25.7,7.5609294614476905,1.2022679355658874,3.9,5.1,0.6995457166401567,-0.15499482540907203,2.855642034888419,0.734603516733732,98.02228928283957,171.57683550923343,0.6523556333541656,2.3411332854602427,0.578736402792617,
2020,13715,"Harrison, Ronnie",LB,10,6.3100000000000005,2.5,0.0,24.6,7.637074047041837,1.2103128442221611,1.0,9.0,2.0834128416414015,-0.08538399000564235,2.8547994988558165,0.7305714835409046,85.5186455885875,205.52898488535777,0.7305714835409045,1.000700079674268,1.2403441991169204,0.707709036909364
2020,14199,"Murphy-Bunting, Sean",CB,17,5.029411764705882,4.0,1.0,15.0,3.8442875429398833,0.7643612658476961,2.0,5.0,-0.1048064811895555,-0.49471433893171773,2.850556664362883,1.0382149532052038,119.46566429807899,208.6845913821028,1.0140121773017083,1.2957071604687087,0.7629825249506135,
2020,14928,"Wilson, Logan",LB,12,5.041666666666667,4.5,0.0,14.0,3.8915417538839567,0.7718760503571483,2.75,6.125,0.2940090690658397,-0.2589397344122294,2.845383380880645,1.03069071477587,120.64975972119288,289.96042291703776,1.1890759654411864,1.0130739361681227,,
2020,11657,"Hyde, Carlos",RB,12,6.2250000000000005,4.800000000000001,-6.3,23.5,7.406992754597959,1.1898783541522824,4.175,7.95,0.7962014861933959,-0.09566953948714632,2.842623649937735,0.7404550213981592,109.37767515633541,226.85166501330488,0.6943755070619998,1.5032427794659158,1.0288795581448755,0.40661426265840944
2020,14974,"Mooney, Darnell",WR,17,5.382352941176471,4.7,-0.5,15.8,4.839328501561013,0.8991102134047784,1.1,7.1,-0.23098289468629243,-0.30539725281818136,2.83414459212814,0.9217417618716981,122.99320050629565,215.28556705232194,0.9601477095507427,1.4735048386536456,,
2020,13343,"Odenigbo, Ifeadi",DE,17,4.717647058823529,3.0,-1.0,10.3,3.1378590104640094,0.6651322092006006,3.0,6.0,-0.3332426939935276,-0.33253511593960544,2.8331966871798033,1.1401178838847155,125.33324915275867,174.86303917817193,1.209098502237689,2.0,0.8483428971233676,
2020,11858,"Carrie, T.J.",CB,16,5.80625,4.0,0.0,24.1,6.105578263973038,1.0515527688220516,1.0,7.9,0.9420971558072585,-0.08535902121360184,2.8301733634342727,0.8171396872002749,94.02690189958247,164.2477419527056,1.130032307642427,2.10452200967835,0.8244057954058536,1.242264644024994
2020,11695,"Ebron, Eric",TE,17,5.2,4.5,-2.7,12.1,4.358898943540674,0.838249796834745,2.6,9.9,0.2942849946461769,-0.04770853926728598,2.828777682420421,0.9703485836895279,198.6860176311715,491.61793781999546,1.2244279587058116,1.2692394256705406,0.9031548592434263,0.9421762410965477
2020,12888,"Zimmer, Justin",DT,13,5.230769230769231,6.5,-3.0,14.0,4.4532416223180125,0.8513550160313847,1.0,7.0,0.47564865524082167,-0.12293608123113071,2.8253734078415986,0.959203643088491,94.65991251305563,128.07633847966324,1.1869496999654405,1.0476190476190477,,
2020,13189,"Engram, Evan",TE,17,5.211764705882352,5.1,-5.7,15.3,4.503839192738618,0.8641677909317892,2.5,8.5,0.35399800351455063,-0.04479477733766753,2.7957594435623703,0.9469325907556295,193.89142065528256,479.75444633696566,1.2341639776496995,1.620751035657583,0.8610984741680755,1.253571235096373
2020,14212,"Takitaki, Sione",LB,16,5.5125,4.5,2.0,25.5,5.378995607917895,0.9757815161755818,2.875,5.25,1.004630505384129,-0.17822350483505167,2.790035211317424,0.8641642570121287,101.1566403708495,243.1121478449656,0.7956445739119519,2.066137826789422,0.49323309496674117,
2020,13221,"Davis, Jarrad",LB,15,4.366666666666666,4.0,0.0,8.5,2.4796953217863056,0.5678691576609861,2.5,6.5,-0.3804914115488641,-0.33969611394377536,2.785096348971521,1.2548991399698273,146.89496814242167,353.0361534526913,1.3196961863945926,1.4564133843738487,1.3126603172813318,1.647675603276739
2020,14845,"Davis, Gabriel",WR,17,5.94705882352941,4.1,-2.0,18.8,6.7532229906353365,1.1355567837863576,0.6,9.2,0.42338694401990384,-0.18809152204398943,2.7847814062734644,0.7670434386722159,102.35093097884629,179.1536290088337,0.7553572456169291,1.3752845488203884,,
2020,11262,"Okafor, Alex",DE,12,4.866666666666667,3.6,0.0,10.7,3.645849999961905,0.7491472602661448,2.75,6.5,-0.09041525897340322,-0.23360661301246857,2.782308143641474,1.047529874340879,115.15504194038147,160.66255958817723,1.0129739889885145,1.47526919465022,0.975484639709587,1.2333361685931077
2020,13920,"Ward, Charvarius",CB,16,4.5125,4.0,1.0,13.3,2.8106660687459835,0.622862286702711,3.175,5.0,-0.5833394139728307,-0.6964033128908694,2.780580975338567,1.1841761830064992,136.26117974133402,238.02327457547818,1.5974906533731095,1.8762004790300397,1.3185507979555344,0.5980986145483009
2020,13448,"Butler, Adam",DT,16,5.481249999999999,3.5,0.0,20.8,5.353062061801638,0.9766133750151222,1.5,6.75,1.0647796892553534,0.12425438110687459,2.7730511536977054,0.8627729347957283,85.14355748632353,115.20056165778752,0.977414629606395,1.235859744467312,0.9224606389132938,0.8152322929017384
2020,11543,"Heath, Jeff",S,12,6.216666666666666,2.75,0.0,25.3,7.747992571556125,1.2463258828240418,0.375,8.5,1.9981011693317472,0.10815192945143524,2.7674820978562473,0.7106392256070266,83.59481134228555,133.77211393870553,0.8361098680347561,1.043413030617945,1.1424916284122546,1.3107845962348337
2020,13913,"Niemann, Ben",LB,17,4.976470588235294,3.5,0.0,11.1,4.104879365106376,0.8248575556360329,1.5,7.5,0.3959297298624395,-0.23796694034675367,2.7270460496303253,0.9748458743709401,114.11271957914764,274.24979963363194,0.9940421160625118,3.1491385193205637,1.1500482001538699,0.23841662351632134
2020,14887,"Simmons, Isaiah",LB,17,4.958823529411765,4.5,0.0,15.2,4.0586956501594,0.8184795498542088,1.0,8.0,0.3738657594332867,-0.24049168178447802,2.7269064036542634,0.9802573375323561,114.7461702552866,275.7721866352704,1.3931061011817576,2.0093029768425428,,
2020,14337,"Guyton, Jalen",WR,17,5.7294117647058815,5.1,-2.9,19.8,6.354874433515106,1.1091669955827188,1.3,6.1,0.28718963400116515,-0.20118400794982508,2.7164334434898385,0.7789951842818383,103.94571978518132,181.94512488898977,0.8124921148358383,1.3840237673111688,,
2020,8265,"Joseph, Johnathan",CB,11,5.872727272727272,4.0,0.0,24.8,6.8310908098848,1.163188837596483,1.0,7.5,1.2779857330419526,0.07376413503813244,2.7148472526570795,0.7499245526963393,86.2925683980207,150.73728071792652,0.7777912082895225,0.6781656525145019,1.167021619164292,1.1093495295763764
2020,11286,"Jenkins, John",DT,12,4.416666666666667,4.0,0.0,11.0,2.775137634224452,0.6283330492583664,2.875,6.5,-0.6230406991117018,-0.563057631005794,2.71238532478246,1.1699352698101053,115.45616103956549,156.21398719153078,1.3412531751975445,1.7882666253425155,1.127520017412505,0.05363152083909803
2020,13332,"Jones, D.J.",DT,15,4.526666666666667,6.0,0.0,9.5,3.030614165845303,0.6695023930438814,2.0,6.6,-0.4557749351481604,-0.48181220190181706,2.7113867494454604,1.1230711947139032,110.83133576854374,149.95652644499793,1.0489025849164502,1.1932822443931577,1.0597897531085214,0.9324736550145794
2020,14901,"Gallimore, Neville",DT,15,5.0,4.0,0.0,15.5,4.230839160261236,0.8461678320522472,1.5,7.5,0.3300371680044609,-0.13317270269446774,2.7083128159815635,0.9558695740417857,94.33088677743872,127.63116152603382,1.0869432484048027,1.4925060919466242,,
2020,14944,"Holmes, Darnay",CB,11,4.945454545454545,3.0,0.0,13.5,4.096198600557181,0.8282754523185477,2.25,7.15,0.011820098474102161,-0.4036127156646582,2.7049832885864724,0.9704202942392876,111.66464588255623,195.05764384054206,0.9795328695151254,1.4728379662212197,,
2020,14652,"Givens, Kevin",DT,13,4.953846153846154,3.5,0.0,14.5,4.128999764259431,0.8334937412324939,2.5,6.0,0.26336081121444566,-0.15818432183802883,2.7018615021375125,0.9658503375972435,95.31584780399517,128.96382916196808,1.014461905674672,0.9951927349827451,,
2020,12772,"Murray, Eric",S,14,5.257142857142857,4.25,-2.0,19.1,4.979488540246777,0.947185320155637,3.125,5.0,0.6203993085364058,-0.10454129264349907,2.6998677540988543,0.8791960753429074,103.42270367694366,165.50158410516994,0.7571630689936676,0.6880017855778818,0.7051956150889478,0.9024140819437636
2020,10989,"Fort, L.J.",LB,15,5.239999999999999,3.5,1.0,17.3,4.955912294085386,0.9457847889475929,2.0,6.0,0.8025051948458569,-0.1900977462232364,2.693000803461997,0.8797980462545872,102.98668782213032,247.51034419577377,0.902439024390244,1.2857142857142858,0.6977285503340731,0.7529521381305593
2020,10846,"Jackson, Malik",DT,16,5.20625,4.75,-4.0,15.7,4.865499556828672,0.934549734805027,2.25,6.625,0.7455624431275876,0.04124410733741777,2.691194703518289,0.8876055567916347,87.59418811365677,118.51630313041642,0.6921689814034016,1.3620146269244895,,1.3105468353846632
2020,11761,"McKinnon, Jerick",RB,17,5.500000000000001,4.4,-1.5,17.9,5.832767479557901,1.0605031781014365,0.0,11.3,0.3173201789079831,-0.12018348627453979,2.6692509181508486,0.8049447045365966,118.90388729536832,246.60923512000866,0.8025813508069088,1.2569231930629048,,
2020,12229,"Phillips, Jordan",DT,9,5.288888888888889,4.0,0.0,17.0,5.218651261356168,0.9867197763068386,1.0,8.1,0.9767781609786649,0.14419880659784823,2.6621212271418226,0.8504880988832751,83.93121691496607,113.56024595024456,0.8649121413913333,0.6628191292388907,1.2315567518634596,1.229093729348439
2020,13681,"Chubb, Bradley",DE,14,5.021428571428571,3.75,-0.5,16.6,4.5201419970471495,0.9001705257277396,2.125,6.449999999999999,0.3275096402864713,-0.05577531528907198,2.6426199667029526,0.9096556889505104,99.99852183529731,139.51641371821876,0.8957826573375508,1.332010754979188,,1.3014934279967842
2020,13752,"Moore, Tarvarius",S,17,5.0,3.0,-0.5,12.0,4.495095366390037,0.8990190732780073,1.0,9.0,0.3793487738679142,-0.13878818364764287,2.6329382734261904,0.9099023159055225,107.03477896686312,171.28178672157168,1.2305432362881532,2.1337989565287017,0.5072529812957104,0.4250252668019205
2020,13256,"Bowser, Tyus",DE,17,5.129411764705883,3.5,0.0,15.2,4.884159835738186,0.9521871239397838,1.0,8.3,0.5015157149971329,0.005474712214515836,2.6275205392985175,0.8717322282021903,95.82959279568873,133.69998745533954,0.7356697352075463,0.6828744139370493,0.713943774197382,0.3431655631752585
2020,13895,"Sims, Cam",WR,17,5.447058823529411,3.5,0.0,21.0,5.909724552858402,1.0849386328141777,1.2,6.1,0.1349907237329733,-0.21320416876433507,2.6125751318527586,0.7883177949946039,105.18968829791203,184.1225498649725,0.9813044347905404,1.276470043493639,0.36761673314586657,
2020,10312,"Rudolph, Kyle",TE,12,4.566666666666667,5.1,-2.0,10.6,3.4376186848198014,0.752763215653971,2.55,6.625,-0.08526738341084557,-0.05731914203249702,2.6054099183972235,1.029080457563493,210.7118012765342,521.3738865620829,1.1828243932941611,0.8801056742480551,0.732153927568437,0.7375245983900711
2020,13266,"Witherspoon, Ahkello",CB,12,5.816666666666666,1.2,0.0,17.8,7.208078030160945,1.239211122663773,0.75,9.7,1.4525184847741566,0.182124327923632,2.5976410208909377,0.7086514827579694,81.5433450290197,142.44125906211892,0.7314058765521272,1.5308295147692885,0.9607354597106295,1.092379775479434
2020,12111,"Dunn, Brandon",DT,13,4.384615384615385,4.0,-1.0,9.0,3.0265100881393847,0.6902566867686315,2.5,6.5,-0.4584619596215667,-0.440854748020549,2.5940529736922535,1.0889368929015841,107.46276013131562,145.39879105253732,1.0129417643509986,0.9513725803311119,0.8673966486726198,0.6620405435464862
2020,14268,"Long Jr., David",LB,15,4.9,4.5,0.0,12.0,4.359663595584718,0.8897272644050443,0.25,9.75,0.5176512443301001,-0.21228818629968665,2.5929667694891942,0.9142364838040604,107.01795457941432,257.19878300024936,1.1343179716915321,2.3460941780274958,0.4463942965005974,
2020,14153,"Allen, Zach",DT,14,5.471428571428571,4.0,0.0,25.3,6.076115837726383,1.110517254936937,3.0,6.0,1.5381779362468389,0.3885063021385365,2.592458582667242,0.7732248449435486,76.30642012535067,103.24377693459085,0.6714566082090118,0.9777193976538772,,
2020,14981,"Roy, Bravvion",DT,16,4.2625,4.0,0.0,11.2,2.747015425875872,0.6444610969796767,2.5,5.0,-0.6414528899846704,-0.5312298184335592,2.5920345624647383,1.1375720448238167,112.26236578251412,151.8927323803092,1.2255376198514663,2.030613040178152,,
2020,13772,"Schultz, Dalton",TE,17,4.9941176470588236,5.6,-2.8,14.1,4.637883719750191,0.9286692960630536,2.2,7.0,0.40922215329000566,-0.03754336623884329,2.58941108112894,0.8858142337281315,181.37698701146627,448.78940846309314,1.0671697814447978,1.2763489658830975,-2.5024565450237316e-18,0.5305954752917718
2020,12713,"Alexander, Mackensie",CB,15,5.213333333333334,4.0,0.0,21.2,5.321386619627965,1.0207263336882286,1.5,6.5,0.5790420753918238,-0.12929822212181882,2.57993041730592,0.8247135710930706,94.89841609592109,165.77011731482506,0.78976087563924,0.582909215177078,1.078558366740334,1.0020311179718981
2020,14269,"Watts, Armon",DT,17,4.2176470588235295,4.5,0.0,9.5,2.69077624796433,0.6379804214141368,1.5,5.5,-0.6782738417894187,-0.5440190741950561,2.5749068814768,1.1427533872176072,112.77369142356063,152.5845639501617,1.7196957428985906,2.1642578366521112,1.0796384207960763,
2020,11805,"Pierre-Louis, Kevin",LB,13,4.946153846153846,5.0,-1.0,19.0,4.61646141284982,0.9333436760038516,3.0,5.5,0.6403347368320228,-0.19502257609247006,2.5583417514145026,0.8806530451429103,103.0867715901892,247.75087788420004,1.1316938543564945,0.7835108173047023,0.670023223723844,0.551112563068084
2020,13325,"Woods, Xavier",S,14,4.242857142857143,4.5,-0.1,11.0,2.8250699828788783,0.665841410106133,2.0,5.0,-0.45171271364259086,-0.3045808399767991,2.54697543062447,1.1092234029307415,130.4815689356826,208.80237692139949,0.9026763273516738,0.7879808430918743,1.224780428419347,1.0551734712058383
2020,13767,"Maddox, Avonte",S,10,4.71,5.6,-1.8,10.0,4.011595692489461,0.851718830677168,1.175,8.0,0.13874287519717007,-0.17241933321459918,2.543582709194337,0.9398204262683356,110.55414392924708,176.91363017190517,0.9398204262683356,0.6124184540477323,1.3584676867545211,0.9122126069123639
2020,13638,"Berrios, Braxton",WR,17,5.552941176470588,2.5,-3.0,16.3,6.589842240998314,1.1867300645865608,0.0,12.3,0.36752627071842786,-0.1627034646461037,2.5393811821581496,0.7316280101943454,97.62525066796393,170.88186470602392,0.8600591160440945,1.4892772011726894,0.22901220616434528,
2020,13718,"Carlson, Daniel",PK,17,4.305882352941175,3.6,-0.8,10.6,3.0190513874852836,0.7011458140334677,2.0,6.0,-1.2819724367989482,-0.7880946537207435,2.531165945576293,1.0713678273308571,138.85205444040201,186.9554800529176,1.229813837018204,1.693181818181818,0.4229195231869398,0.7447570097925857
2020,13276,"Sutton, Cameron",CB,17,4.911764705882353,3.0,0.0,13.0,4.621673029509498,0.9409394191815744,1.0,10.0,0.25509757080532974,-0.2430244201442444,2.5306120620464654,0.8737193856880918,100.53743350458824,175.62044586435783,0.9741794324774534,0.6708137649484448,0.49332078808068175,0.5700350639842289
2020,14167,"Hines-Allen, Josh",DE,8,4.4,3.5,0.0,11.3,3.2752862470324637,0.7443832379619235,2.75,5.225,-0.26755038045307283,-0.23921629352198126,2.5223814952159294,1.0291708544788323,113.13683343484502,157.84678583812305,1.1974785365791651,1.0266449791120373,1.4213833297003735,
2020,10847,"Whitehead, Tahir",LB,15,4.446666666666667,3.0,0.2,11.0,3.3980124909848235,0.7641707251090307,1.75,7.0,0.05822866302812292,-0.26198989689413016,2.5205421467312075,1.011062764324016,118.35216697888255,284.4385639030542,1.1140884960539763,1.129887577761629,1.6898065476154756,1.826897782172317
2020,12173,"Brown, Malcom",DT,12,4.041666666666667,3.5,0.0,7.5,2.4448784336967666,0.6049183753476536,2.25,6.5,-0.8392682215842323,-0.6092651984403489,2.5183004498849804,1.1732392722867364,115.78221962747261,156.65514954801654,1.3060302605082719,1.432672999613218,1.1664562391216546,1.2095616302381442
2020,11985,"Way, Tress",PN,17,4.211764705882353,4.4,0.2,8.7,2.8408537144650055,0.6745043735461604,1.9,6.8,-0.07860177563727415,-0.4279960704063125,2.5152306392386077,1.0965699344446427,141.69488703273737,194.88723428170607,0.9206542088874767,0.7865142187684246,1.2807777969826417,1.233491393640178
2020,13759,"Armstrong, Dorance",DE,17,4.588235294117647,2.0,0.0,15.0,3.789440801977978,0.825903764533662,2.0,7.0,-0.021776667213125534,-0.14322511635442461,2.5128571303918026,0.9579897703762752,105.31189122940256,146.92954572277654,1.097475284062737,0.9205520797419883,0.5988255453651032,0.5791805993391466
2020,12835,"Parks, Will",S,11,4.427272727272728,3.0,0.5,11.7,3.3815249139702708,0.7637941284121761,1.5,6.0,-0.17480179520308178,-0.23493505512025334,2.5100847405917492,1.0104410711340686,118.86148086154027,190.2073981078561,1.0122174944149938,1.7077687659792455,0.8767774823572811,0.7826547719694912
2020,11359,"Harmon, Duron",S,17,4.758823529411765,3.0,1.0,19.2,4.2705639279813825,0.8973990948786589,2.0,5.5,0.2676142858540542,-0.13994001147870688,2.508077263374102,0.9029059498068523,106.21177358941536,169.96477712066098,1.0354229955011858,0.9207204571662754,0.7522353584702438,0.8110541351805234
2020,13262,"Kpassagnon, Tanoh",DE,17,4.3,4.0,0.0,11.0,3.0896411365951835,0.7185211945570195,2.0,5.0,-0.356291572567661,-0.2696690898273455,2.5021512761199345,1.0514369981078462,115.58455236511706,161.26180598716297,0.9878718230074469,1.239265962360449,0.9865484788183262,0.24182810623368478
2020,13133,"Perine, Samaje",RB,17,6.652941176470589,0.5,-0.5,30.2,11.230846055137025,1.688102413238987,0.0,6.8,1.959422466356602,-0.0012662818803653168,2.474958224695848,0.5439477487067474,80.35024200082289,166.64814054655713,0.8220565359526243,1.2752803806297277,0.4419766181329295,
2020,11945,"Santos, Cairo",PK,17,4.605882352941177,4.3,-0.8,14.0,3.966250353736147,0.8611271521521646,1.3,5.0,-0.32102795369518905,-0.56697652582857,2.4747811279928085,0.9274366020384248,120.198193627941,161.83924020260386,1.098161199620387,1.3669830810819974,,0.6679310371964978
2020,13929,"Obada, Efe",DE,17,4.394117647058824,4.0,-1.6,14.1,3.4118255572666656,0.7764529380660417,2.0,6.1,-0.20228250923283814,-0.20145392379911398,2.4735345096406194,0.9959862623809604,109.48884860079974,152.75717299181798,1.3693630704929651,1.3101665851140436,1.000878513022152,0.602884966643283
2020,13687,"Lewis, Tyquan",DE,17,5.229411764705882,2.5,0.0,17.5,5.830322834960478,1.1149098784513851,0.0,7.5,0.9537960486290132,0.19708226695436798,2.472640474181836,0.7656170712663161,84.16434520057878,117.42481178538932,0.844235829700047,1.6641209239392192,0.5568567028235858,0.7350277332261045
2020,13232,"King, Desmond",CB,16,4.8062499999999995,4.35,0.0,20.5,4.553771616748034,0.9474687369046626,2.0,5.25,0.22366143775264544,-0.23371770005212542,2.4679471916140376,0.8654028886434945,99.58046805056684,173.948802836944,0.8038373429548402,1.0462619461475882,1.0569516781904407,0.990317679985083
2020,11192,"Bell, Le'Veon",RB,13,4.6,4.5,-1.9,14.2,3.9791765673121557,0.8650383841982948,3.3,5.9,-0.24654450634554045,-0.15722006239998818,2.466437173075853,0.9238475353934191,136.46783761347004,283.03724813251193,0.7681046335280779,1.1103872060062208,1.4941327595089737,
2020,12278,"Golden, Markus",DE,17,4.91764705882353,3.0,0.5,20.2,4.905607271170608,0.9975517178217742,2.0,5.5,0.511767916003616,0.05889194283836772,2.461837165440686,0.8327081082465471,91.53966820236278,127.71475003984844,0.9842959201064767,0.8705293631124869,1.5770289754121534,1.0050170208245146
2020,10320,"Sheard, Jabaal",DE,11,4.70909090909091,3.0,0.0,16.1,4.316238797306274,0.91657580637778,2.7,6.0,0.23004080322223028,-0.03645794495810729,2.4570334726236713,0.8857937140590817,97.37537304812616,135.85663650632972,0.904487098999456,1.70061564811518,1.273149335612295,1.5816102190993326
2020,13704,"Nwosu, Uchenna",DE,13,4.346153846153846,2.5,0.0,10.0,3.3522932184528855,0.771324103360841,1.0,7.0,-0.23073987448883956,-0.2074931742990084,2.4536186448926105,0.9985893936849176,109.77501103093772,153.15642245332,0.9862720514176172,0.9913076987306134,0.6129325570232039,0.8980154558961815
2020,14293,"Moreland, Jimmy",CB,17,4.805882352941176,3.5,0.0,19.8,4.615507184957518,0.9603870519495448,2.0,6.0,0.2522429864625982,-0.21530426892755397,2.451496681822028,0.8558233824034425,98.47817023345073,172.02329084236533,1.1377474011486635,1.4129687279287106,0.92664991614216,
2020,11747,"White, James",RB,15,4.953333333333334,5.4,-4.7,15.0,5.100570774160695,1.029724920759225,0.8500000000000001,9.2,0.09458502083998402,-0.12601533582811372,2.4403963722732063,0.8119458845250106,119.93807947227842,248.75417207300626,0.6741804339084899,1.1151985542026834,0.9677678242688071,1.481096963358278
2020,14558,"Harty, Deonte",WR,9,4.377777777777777,4.3,-1.0,11.7,3.475878075402204,0.7939823014878131,2.0,4.7,-0.6971532298550601,-0.3575532494658927,2.440256949105424,0.9780824464000596,130.51105571857067,228.44471500301728,0.9315691422388098,1.2942687278789347,0.4548966890785687,
2020,10976,"Tucker, Justin",PK,17,4.488235294117647,4.2,0.4,16.0,3.767177497487722,0.8393449208032933,2.0,6.0,-0.5229897059390857,-0.5970828261871977,2.440127049230935,0.9414869273239613,122.01915229562199,164.2910454945374,0.8457071679158792,1.033920059450406,1.0574574168093738,1.2557157192949726
2020,11840,"O'Donnell, Pat",PN,17,3.5999999999999996,3.6,1.4,6.8,1.7221737290242167,0.4783815913956158,1.8,5.3,-1.4026937535501713,-0.5071462875253282,2.4350952561588257,1.322472537889948,170.88522215878191,235.0356390661116,1.0823918218371684,1.481663194646833,0.582395121245121,0.8960167137392975
2020,13841,"Crossen, Keion",CB,17,5.588235294117647,2.0,-1.0,20.0,7.268455807596935,1.3006710392541885,1.0,6.0,1.4804714207693312,0.2697276985743472,2.42895885538212,0.6758499318558682,77.76892523625041,135.848040359603,1.0215374513859983,2.323799835278596,0.45609863393618244,0.5442784503423287
2020,14933,"Blackmon, Julian",S,16,4.8375,2.75,0.5,18.3,4.800895098833133,0.9924330953660223,1.875,6.125,0.5315251318045577,-0.07236947677113215,2.427935980009066,0.8339230269778671,98.09708724515589,156.97929717530417,0.8044118209195201,1.0106783285223515,,
2020,8658,"Peterson, Adrian",RB,17,4.964705882352941,4.0,-0.9,16.8,5.216821341918354,1.0507815499124646,0.5,7.0,0.12994858966531775,-0.12202553575718256,2.4208848000240955,0.798592336710284,117.96553560012555,244.66307339980727,0.6948504099489222,0.6369912886951783,0.8841889484320709,0.818428022318705
2020,15055,"Charlton, Joseph",PN,17,4.288235294117648,3.1,0.4,11.0,3.329349407023607,0.7763914940932964,2.6,4.3,0.4995914844369982,-0.38687699375183754,2.414014764412303,0.990503396921658,127.9893443398453,176.03662247995163,1.2357006190139275,1.8031534229930721,,
2020,14613,"Sims, Steven",WR,13,4.853846153846154,6.0,-1.5,16.0,4.911621287175861,1.0119029593230775,0.3,8.4,-0.20626563951237226,-0.24943858331994687,2.4125647468997578,0.8210685221625498,109.55980248815402,191.77193623476202,0.6699595942223147,0.9441182205007398,0.6074317414453403,
2020,11951,"Snead, Willie",WR,15,5.3999999999999995,4.8,-3.0,18.3,6.747048737534558,1.2494534699138071,-0.30000000000000004,5.85,0.4212759368412157,-0.13158516639088108,2.4005831070632957,0.6970396318583779,93.00992832081891,162.80326942966548,0.7637656269608643,1.028825797319516,0.6598182249298568,1.1682114313032357
2020,14842,"Pittman, Michael",WR,14,5.142857142857143,4.55,-1.4,20.9,5.878011603268852,1.14294670063561,0.925,5.425,0.12414791195506333,-0.18442524092617457,2.3998996994800397,0.7477244063404812,99.7730835649028,174.64140117834663,0.9170748199885754,1.3724716294972215,,
2020,14960,"Robinson, Alton",DE,15,4.4,4.0,0.0,11.7,3.6706039466732627,0.8342281696984687,1.5,6.9,-0.078582495182681,-0.13342305195919163,2.3988291493327805,0.942062322182979,103.56098558973636,144.48670885757193,0.8184059940471996,1.691453703231742,,
2020,11274,"Hunt, Margus",DT,14,4.45,4.0,0.0,10.3,3.829910480117556,0.8606540404758553,0.25,8.5,0.06754087703926129,-0.10458496941415799,2.3916321375154346,0.9213421280411993,90.92351333670499,123.02093210012093,0.9892016560829712,3.244187757429476,0.7274792969054404,1.012329954824261
2020,13085,"Fox, Morgan",DT,17,5.0058823529411764,4.0,0.0,18.7,5.50662388168962,1.1000306226642014,0.0,8.0,1.1653197856635618,0.3678115117796532,2.383718741486955,0.7693517320139402,75.92419833781719,102.72662489277285,0.7006515899520614,0.6444866778320129,0.8880562431604911,
2020,12360,"Covington, Christian",DT,17,3.911764705882353,3.0,1.5,10.5,2.5393103169587503,0.6491469983202821,2.5,5.5,-0.7774417164406087,-0.5219824506071539,2.371992739195858,1.1052336064286232,109.07101661348739,147.57478716434798,0.9810252483594987,1.0184742760715817,0.8957796413122343,0.6689847730600814
2020,14122,"Slayton, Darius",WR,17,5.7058823529411775,3.1,-2.0,25.4,8.094040697308643,1.4185432149922361,-0.4,9.1,0.881819042267171,-0.04769646341313544,2.3592228237110473,0.62743092348705,83.72164587572915,146.54519056919284,0.43835197193257036,0.25852947623590694,0.8514653181943247,
2020,14910,"Jones, Brandon",S,17,3.988235294117647,3.5,-0.5,11.0,2.7848080201950296,0.6982556982789897,2.5,6.0,-0.47174843700853347,-0.28153381709264114,2.348430391347616,1.0537483731901771,123.95586013962101,198.35964911831653,1.26967555549583,1.142494520782128,,
2020,11337,"Fells, Darren",TE,17,4.923529411764706,3.7,-2.0,19.0,5.408112578423238,1.0984219095961176,0.0,7.4,0.7265438284156575,-0.018459377681940094,2.346300993736925,0.7683275459833098,157.32072258745967,389.2658886463307,0.9167014355155301,1.246875224710816,0.6614952146102341,0.40682123760704153
2020,10862,"Bullock, Randy",PK,12,4.366666666666668,4.05,-2.8,10.8,3.7789622326183094,0.8654111983095363,2.55,7.175,-0.5110339536504183,-0.5610553335366363,2.3408601120352484,0.9137269670939099,118.4213893137622,159.44688594572128,0.7860515856369021,0.3159979292909664,0.927491845115164,0.6623447539126893
2020,12785,"Robinson, Demarcus",WR,17,4.776470588235294,3.8,-3.6,15.6,4.975295369507306,1.0416258778525147,0.5,9.3,-0.18449516092912244,-0.2346924667947184,2.3395425381556327,0.7993697872426914,106.6644179399788,186.70389587381115,1.3871398733780789,1.5866102874470163,0.43615610835398294,0.5871938497982909
2020,11367,"Juszczyk, Kyle",RB,17,4.388235294117647,4.3,-0.6,10.2,3.868862479568529,0.8816442647810322,0.3,8.6,-0.28010219048914026,-0.1540735880500476,2.3321280096630312,0.9012855287107072,133.13504930560367,276.124973066364,0.9945367050851568,2.4276659350962393,0.8146922001887158,0.4327239924346428
2020,13001,"LeBlanc, Cre'von",CB,9,4.477777777777778,2.8,0.0,13.1,4.211829314305069,0.9406070428969137,1.0,7.9,0.06535333665759993,-0.2434981806775476,2.307410866186185,0.859156643040378,98.86172297947964,172.69328710069456,0.9184969060787254,0.8900418364879897,,0.766795134903222
2020,12735,"Rankins, Sheldon",DT,13,4.738461538461539,2.5,0.0,17.6,5.02417822772096,1.0602973532528,2.0,8.0,0.8494526476137979,0.28940009624067103,2.2998920670263696,0.7865739291472079,77.62378703899076,105.02619492182494,0.8365869964893071,0.6734419853147672,0.5617712627017942,1.4535446238227674
2020,11785,"Rodgers, Richard",TE,14,4.785714285714286,3.05,0.0,13.6,5.200804490359042,1.086735266642188,0.0,9.8,0.6411362913818482,-0.019773217603220407,2.293397903518008,0.7717892562416818,158.02953325301837,391.01973142732425,0.8925881929406668,0.6956108460303814,,0.14585173682047065
2020,12311,"McCain, Bobby",S,17,4.2,3.0,0.0,14.9,3.4968893740176634,0.8325927080994436,2.0,6.0,-0.11739251225478355,-0.1860182801476108,2.2918349404302507,0.9339789464839753,109.86699159802549,175.81401862341994,0.9897989789776432,1.0156078714775896,0.8262133855415126,1.5245384456131486
2020,14940,"Highsmith, Alex",DE,17,4.029411764705882,3.5,0.0,10.3,3.055518576547408,0.7583038803110357,1.5,6.7,-0.37260267631560606,-0.2228246078666647,2.291646972873141,0.9935626452329676,109.22242017602555,152.3854561138594,1.3165342900361248,2.405633926934989,,
2020,12751,"Gotsis, Adam",DT,17,4.352941176470588,4.0,0.0,16.0,3.924900545320536,0.9016663414925556,1.0,5.0,0.12973283543293118,-0.023649455552126396,2.289014156423522,0.8838637727632076,87.22492664209564,118.01668659831115,0.8134467875728184,0.6747622659238165,0.8562742476317069,1.0482798276208014
2020,14912,"Blankenship, Rodrigo",PK,17,4.0,4.0,-1.4,10.3,3.030239749784903,0.7575599374462257,1.5,5.1,-1.2706217117560983,-0.7101219007584451,2.275882554430599,0.9924967863793919,128.63016258161088,173.19235132420613,1.0625227214969104,0.9133250021165102,,
2020,12697,"Robinson, A'Shawn",DT,9,3.5,3.0,1.5,6.5,1.8856180831641267,0.538748023761179,1.5,5.5,-1.2054275286363136,-0.7398487374108109,2.2745764387368053,1.2129117225943475,119.69733265102747,161.95235855105457,0.9072544764392843,1.2804605870482348,1.4042057953447926,1.481410545967877
2020,11263,"Jordan, Dion",DE,12,4.608333333333333,2.0,0.0,14.9,4.761557576629264,1.0332493837170194,1.0,7.275,0.4429099666225046,0.10092627597535062,2.2664870183847086,0.7998415831208943,87.92664849573096,122.67392000645295,0.7439235376184192,0.9635092759861451,0.5989061649653964,0.7541431459090704
2020,14833,"Jeudy, Jerry",WR,17,4.682352941176471,2.0,-1.5,15.5,4.998144984611514,1.0674430243517052,1.4,7.4,-0.176682766340186,-0.2218840795480584,2.264803859658832,0.7806335047234167,104.16433011933333,182.32777734097633,0.5864662369855725,0.687672279211949,,
2020,12762,"Vigil, Nick",LB,16,4.60625,2.0,0.0,16.0,4.809426778473709,1.0441089342683763,1.0,8.625,0.7325226893573741,-0.15117601229699132,2.253426871131338,0.7928923413008718,92.81375013019942,223.06148228110874,1.0039698299219757,1.072348501269603,1.1866545828627912,1.4993446547483849
2020,13793,"Valdes-Scantling, Marquez",WR,17,5.935294117647059,2.0,-3.3,32.8,9.715538868314516,1.636909422808194,0.0,7.3,1.4362171570434452,0.06063924872217417,2.2508524814349626,0.5538960000600177,73.90946641788335,129.3700897513769,0.5346234704097409,0.4133306431391306,0.37919432392350755,0.7458476990666136
2020,11382,"Hyde, Micah",S,16,4.9625,3.25,-4.1,23.0,6.000195309321189,1.2091073671176198,1.0,7.625,1.128337747193889,0.08168903202095612,2.2463824411010536,0.7089087919292948,83.3912547813502,133.4463737279774,0.5944374805117211,0.6001319240549393,0.9585931157635866,1.1997183560912537
2020,13688,"Davenport, Marcus",DE,12,4.066666666666666,3.5,0.0,9.0,3.2995790977368946,0.8113719092795643,1.0,7.324999999999999,-0.2559380275809985,-0.16033651088205733,2.245075484406788,0.9458290158697574,103.97505852464953,145.06441710601996,0.824783572068647,0.7845619121185239,0.9082340862384284,0.9604743020326357
2020,14926,"Gay, Willie",LB,17,4.923529411764706,1.5,0.0,16.0,5.885628499775555,1.195408416919766,1.0,8.2,1.2466710852122707,-0.09128392589518691,2.242648508505123,0.7150443001572325,83.70107711966585,201.16077956818947,0.7883743633370535,1.419265087640885,,
2020,13354,"Butker, Harrison",PK,17,4.405882352941176,2.9,-3.2,16.4,4.273236903474694,0.9698935561958586,2.0,6.6,-0.00958649116282272,-0.4166450939095455,2.2366093533751914,0.8355176210721744,108.28525483732096,145.7992240903659,1.1596032347703247,1.6807807142871152,1.0693191235495185,0.7200666256062771
2020,14216,"Ferguson, Jaylon",DE,13,3.8846153846153846,4.0,-1.0,8.9,2.888930106417134,0.7436849778895592,2.0,5.0,-0.4522345039305891,-0.24003850124234438,2.227819493700672,0.9988905118673566,109.80811297655009,153.20260578337502,1.1040180259004104,0.8012340404374625,0.7835515121456041,
2020,14124,"Johnson, KeeSean",WR,9,4.166666666666667,4.4,-0.7,8.5,3.6432586146653567,0.8743820675196855,0.9,8.5,-0.6399250090176825,-0.3176653657329104,2.222954828083846,0.8973583020998632,119.73957798336178,209.59047198250818,0.6722260232800993,1.5267063641298415,0.21341422275029248,
2020,13801,"Harris, Marcell",LB,17,4.470588235294118,4.5,0.0,18.5,4.538950993849513,1.0152916696768646,1.0,6.5,0.6033046366173144,-0.16258336194904,2.2183331090784195,0.8071182143077792,94.4789908619749,227.06359474250212,1.2116655327906873,1.3630161034644146,0.8801655666883936,1.2289091034139012
2020,12238,"Perryman, Denzel",LB,14,4.078571428571428,3.25,-0.5,8.0,3.448846302218545,0.8456015452024453,0.75,8.0,0.08251418681393557,-0.22975540654863535,2.2098873070265266,0.9167705853397389,107.3145893865448,257.9116924525867,0.781453170059723,1.5062455433607533,1.3293125198053162,1.097309866152476
2020,14270,"Epps, Marcus",S,15,4.466666666666667,2.5,0.5,19.0,4.613265895460853,1.03282072286437,1.5,6.75,0.43815445229599903,-0.04365329549244783,2.1972752522774646,0.7957340254055345,93.60479035700924,149.79052503121696,0.776881115581568,1.3235663433121374,0.2744701843925111,
2020,13267,"Smoot, Dawuane",DE,17,4.523529411764706,2.0,-3.0,14.8,4.795405817552598,1.0601027164940724,2.0,7.0,0.45908994164820405,0.13254632472311084,2.1957785772269385,0.7805371278857214,85.8045082048478,119.71314221337113,0.9072298892194842,0.9994815792634453,0.7398390619275252,0.46998785138155946
2020,7877,"Gore, Frank",RB,17,4.152941176470588,3.6,-3.3,11.7,3.7132699474212947,0.8941301573110767,1.5,7.5,-0.3274336343300601,-0.15170776707559472,2.1925321026334,0.881116766660634,130.15578352973947,269.9459113811897,0.8278520430822046,0.6676425537457105,0.6446440159341049,0.9881942259595092
2020,14182,"Hooker, Amani",S,17,4.511764705882352,2.5,-1.0,15.5,4.77430405805436,1.0581899476782808,1.5,6.0,0.5182925246105294,-0.02561541350282704,2.192103168598117,0.7813521180252122,91.91299965523183,147.08324673386014,0.8098300010199436,0.9594880616736908,0.5354569649215009,
2020,15081,"Wharton, Tershawn",DT,17,4.276470588235294,3.5,0.0,13.5,4.080589549644066,0.954195630590772,1.0,5.5,0.23166564344343793,0.08001419902409762,2.1883533671306368,0.8417272339063275,83.06664272549956,112.39046358312459,0.6717535944520812,0.7531020317847683,,
2020,14857,"Peoples-Jones, Donovan",WR,11,5.327272727272727,0.0,-2.0,21.4,7.676420911891746,1.4409663827783141,0.0,11.4,0.7390328055212025,-0.03657189485131069,2.182444119205448,0.613994270376079,81.92871748887232,143.40687395608123,0.6985130492260152,0.970478496315089,,
2020,14892,"Brooks, Jordyn",LB,15,4.1466666666666665,2.0,0.0,9.5,3.7435930453093973,0.9027957504765428,1.25,8.0,0.22332753262451446,-0.2071150100057638,2.1792494888787513,0.8741615537123301,102.32689583880823,245.92465050717095,1.0764904075446187,1.1704012198420715,,
2020,13240,"Hill, Brian",RB,17,4.411764705882353,3.6,-4.7,14.0,4.55384547942934,1.032204975337317,2.0,8.3,-0.07172950098745383,-0.1255454162669354,2.1709250589498548,0.7943621626173986,117.34066765485494,243.36708376028105,0.9535267575453109,1.0497658826448621,0.696554977988639,0.40614151997784254
2020,12249,"Johnson, Kevin",CB,15,3.8400000000000003,3.0,0.0,10.5,2.9605855276729747,0.7709858144981704,1.25,5.5,-0.5139316083565972,-0.48527187914628267,2.168283883791644,0.969553610992508,111.5649180858289,194.8834376815443,0.8513756586150654,0.741593664475367,1.027151876797942,
2020,11374,"Means, Steven",DE,17,4.594117647058823,2.0,0.0,17.0,5.146154542412662,1.1201616801666485,1.0,7.0,0.6267531777196412,0.20326631225067862,2.1668713711954823,0.7474783810521319,82.17035755065878,114.6428306039729,0.6345584449712762,0.40271214587634024,,0.79472951119529
2020,13844,"Cooke, Logan",PN,13,3.838461538461538,3.3,-1.4,8.5,2.976197486607692,0.7753620706593186,2.0,6.8,0.08159381674564468,-0.38729244313213546,2.1620725157409963,0.9653598824982751,124.74038836912413,171.5680064508454,1.034470610302947,1.5664273868261769,0.7591713229016873,1.380625367292271
2020,14254,"Omenihu, Charles",DE,16,3.76875,4.0,0.0,11.0,2.8099641345575925,0.7455957902640379,1.0,5.35,-0.4899814419608811,-0.23778850192455137,2.159004977566966,0.9891825400182203,108.74091486332516,151.7136672395711,1.1665419243168562,1.9868329805051377,0.7830667199454294,
2020,14963,"Thomas, Daniel",S,10,5.0,1.0,0.0,20.0,6.587867636800241,1.3175735273600482,0.25,6.75,1.4207835048845168,0.15881002458858895,2.1574288543481543,0.6589466552830474,77.51404559178863,124.04140367393357,0.6589466552830474,0.9420366986354861,,
2020,13869,"Bojorquez, Corey",PN,17,3.8764705882352937,3.8,-1.3,11.3,3.1183572997870126,0.8044320803699426,1.7,6.3,0.24985701145915892,-0.3755605191046576,2.1483050708345557,0.9412662151571384,121.62708992378994,167.28597386512104,1.1215408603218995,2.554939632735099,0.43173818448900253,1.1155528267722248
2020,12316,"Davison, Tyeler",DT,17,4.5,3.5,0.0,19.5,4.9467755392067385,1.099283453157053,1.5,4.0,0.7987755081324402,0.36633701397036256,2.143588562674839,0.7567126033817431,74.67689405661915,101.03900274032452,0.9526085766394687,1.0813476880087343,1.5988831610022738,0.8411217724529857
2020,14085,"Pollard, Tony",RB,17,4.958823529411766,2.4,-1.5,24.4,6.541906434089954,1.319245662865115,0.3,8.1,0.5330411401818891,-0.07115708339921549,2.138119134514542,0.6575026583461087,97.12421430165,201.43772205750844,0.7893845352125038,0.5799591760809385,0.5075343283832878,
2020,13754,"Yiadom, Isaac",CB,17,4.141176470588236,3.0,0.0,11.0,3.890873004039584,0.9395574015436494,1.0,8.0,-0.08323893651128103,-0.24499431223159962,2.1351141591851666,0.846715191166865,97.43010584825534,170.19251470051995,1.1217380682921045,0.8461538461538461,0.8550233390319987,0.6803002635114203
2020,14806,"Perine, Lamical",RB,12,3.8833333333333324,3.65,0.0,12.2,3.195526386824069,0.8228823313710051,2.05,4.8,-0.484931876207224,-0.16520777122728736,2.130325839744491,0.9255890620849937,136.72509043132177,283.5707960432315,1.046700838327711,2.935707417811831,,
2020,11970,"Pennel, Mike",DT,15,4.6,2.5,0.0,20.0,5.339163480046913,1.160687713053677,0.75,8.5,1.0556800006050318,0.4875149338833975,2.1289518018774074,0.7256477947727509,71.61123423938392,96.89111717829668,0.8360787544012197,1.8595183470844678,1.4999375361025364,0.8871912772538232
2020,14978,"Danna, Michael",DE,14,4.164285714285714,3.0,0.0,15.9,4.002964462719588,0.9612607629172255,2.0,4.775,0.08029089683016785,0.01615900638270404,2.123269782898046,0.8323636406607668,91.50180085341239,127.66191809167948,0.7955676873225181,0.6863237574658109,,
2020,15171,"Niswander, Hunter",PN,9,3.2555555555555555,3.8,-1.1,5.2,1.7487208729119765,0.5371497561845662,2.9,4.0,-1.3712720237295275,-0.4834289358146993,2.117916970976418,1.1843892872638762,153.04259308060693,210.49487611990543,,2.244522213431182,,
2020,14921,"Dugger, Kyle",S,15,3.56,4.0,-0.1,9.5,2.4448040139583105,0.6867427005500872,1.75,4.5,-0.6409460060829264,-0.28971972328031625,2.11057679327084,1.0334405050548352,121.5669793343322,194.53685640977636,1.3418459338266577,2.2642863081711075,,
2020,8851,"Folk, Nick",PK,17,4.129411764705883,3.3,-2.4,13.6,3.9503930863057386,0.9566478983931275,2.6,6.0,-0.33711533786397224,-0.4349525733348471,2.1104521503828617,0.8341583572684491,108.10909071622359,145.56203028030242,0.9626739264797001,0.857081461670706,0.7302706018467015,
2020,13220,"Riley, Duke",LB,13,4.569230769230769,3.0,0.0,18.0,5.336288628940618,1.1678746157614148,1.5,4.0,0.9842275230264961,-0.10218321496774559,2.107700664978696,0.7211209963449394,84.41239810513234,202.87031412716624,0.786743698496068,0.669890370873524,0.40179769533621534,0.8457794985418475
2020,14280,"Miller, Scotty",WR,17,5.141176470588236,0.0,-0.3,22.3,7.430466601098117,1.4452852656598167,-0.1,12.6,0.654939829862464,-0.0344292132648313,2.1024853593926105,0.6098329681916499,81.37345147499715,142.43494414069374,0.4134634901306727,0.516998406084323,0.4880769146218391,
2020,11412,"Williams, Nick",DT,15,3.2733333333333334,3.0,0.0,7.3,1.844077607429314,0.563363831190218,3.0,4.0,-1.2326249364181927,-0.6912707992310726,2.0937757852829972,1.1509296809562142,113.58057665127468,153.6762922519884,1.0839987019203383,0.7288352777636485,1.0437309071822074,
2020,12711,"Ramsey, Jalen",CB,16,3.9937500000000004,4.0,-1.5,13.3,3.6421952085933014,0.9119737611501223,2.125,5.25,-0.1983686215497957,-0.2843113176449625,2.088810046011099,0.8603149631896251,98.99500894850989,172.92611322816367,0.822137905671819,2.450296453108827,1.1856460887727265,1.1251756860563973
2020,12791,"Lowry, Dean",DT,17,3.7823529411764705,3.0,0.0,10.3,3.0715459403479253,0.8120727991588605,2.0,4.0,-0.4289760566401131,-0.20045736946421175,2.087307387943899,0.9289721881053509,91.67649298116962,124.0397253067959,1.1120853109699627,1.2748517734455862,1.2114648440340754,1.2685937831094805
2020,14155,"Collier, L.J.",DT,17,3.429411764705882,3.0,1.0,7.7,2.246766226715332,0.6551462410662203,1.0,5.0,-0.968976376932261,-0.5101432759598241,2.0719690379121465,1.0562546008048532,104.23747743676557,141.0349332471245,1.039574269467952,0.8399434149336058,0.23684970662751653,
2020,15079,"Bassey, Essang",CB,12,4.241666666666666,2.5,0.0,14.9,4.473152939730792,1.0545743669306387,1.0,6.25,0.18633762733137355,-0.08105211365907174,2.0644989711437702,0.7749950921114405,89.17739358406699,155.77654089946932,0.7511347630428953,0.9161801653158406,,
2020,14834,"Ruggs, Henry",WR,14,5.207142857142857,2.75,-1.7,26.6,7.968013221241387,1.5302083003755749,-1.1,9.149999999999999,0.8387296349579071,0.0077027518164020274,2.057989793318569,0.5806350558013634,77.47740939300279,135.61536691667533,0.46717512155166285,0.38313946377134483,,
2020,11724,"Jones, Christian",LB,17,3.323529411764706,2.5,1.0,8.5,2.0575626391050235,0.6190896436245203,1.5,4.0,-0.5821625642171209,-0.3194204215414509,2.0527148850909818,1.086986532755886,127.23959003132033,305.79791806076344,1.3245553203367586,1.9598270920894745,1.028736031110531,1.3826767027743316
2020,11936,"Boswell, Chris",PK,13,3.7,3.0,0.2,10.2,2.995894626882697,0.809701250508837,1.2,4.8,-1.305465242577324,-0.638054810522644,2.044536355909388,0.9259503429114365,120.00557058294321,161.57988549595623,0.9172546839950767,0.776290108869812,0.9931029918833257,0.3485058749922691
2020,11387,"Hopkins, Dustin",PK,17,3.9235294117647053,3.8,-1.6,14.2,3.6339136918373813,0.9261848989690479,1.0,5.6,-0.6581874029382504,-0.4770569930243185,2.0369432933799327,0.8466988538599639,109.73437166177224,147.75036793666982,1.424183545057914,2.777777777777778,0.6959918204714644,0.8347457281956896
2020,13246,"Alie-Cox, Mo",TE,16,4.612500000000001,3.9,-4.8,22.2,5.884181655081699,1.2757033398551108,1.675,5.725,0.9226764910388731,0.0014710181805959305,2.026845907030074,0.6700142778183649,137.19035700509667,339.45640062521056,0.6221532461088943,1.36613277839744,0.38590064308163957,0.6988767067593296
2020,13694,"Settle, Tim",DT,17,3.5588235294117645,4.0,-0.2,7.2,2.694669863775614,0.7571799617220734,1.5,6.4,-0.6757246110670388,-0.3087853563158204,2.02530395687192,0.9632318070700295,95.0574356592907,128.61419349853074,0.8811646327613296,0.6948413508591167,0.6833850586070253,0.4076859480478139
2020,11807,"Urban, Brent",DT,17,3.6588235294117646,4.0,0.0,10.3,2.969662057131083,0.8116439705985276,1.0,5.0,-0.49568154012901794,-0.20130363897430661,2.019615105832836,0.9216964761116303,90.95848250888011,123.06824593565015,0.9627362511711169,0.5753073226321531,0.7416202225543924,1.0527923615295598
2020,13631,"Washington, James",WR,17,4.405882352941177,2.5,-3.0,18.0,5.225781178669429,1.186091856306813,1.9,6.4,-0.09885284392820623,-0.16302009215531704,2.015415015718727,0.7076834579468467,94.43019405077226,165.28928257331347,0.7009285986942415,0.5537753371725601,0.7345886890450197,0.34040121363088893
2020,13864,"Ward, Greg",WR,17,4.211764705882352,4.4,-1.9,12.9,4.595123035278006,1.0910208323984096,-0.1,6.7,-0.3144779318970804,-0.21018667155221057,2.014214607824562,0.7527564057709915,100.44453162172901,175.8166944064679,0.6819374652186379,1.0666264075807983,0.8378287126791526,
2020,11532,"Banjo, Chris",S,15,3.6666666666666665,4.0,0.0,9.5,3.0147784145586702,0.8222122948796373,1.0,5.5,-0.35730733934006337,-0.19339890253697506,2.012206084312948,0.9132924131928039,107.43356717464916,171.91994524735546,0.92804430707341,1.4866915121819675,0.3612390653773406,0.32544404592416865
2020,10723,"Sanu, Mohamed",WR,11,3.872727272727272,2.9,0.0,11.9,3.591173753192657,0.9272983869746299,0.9,6.4,-0.6577330765968987,-0.291412553042393,2.0094072090240642,0.8435157284200397,112.55505978714784,197.01479245304935,0.9381859036687619,1.5010991040663841,0.7338229220299225,1.2022321726946759
2020,10143,"Mclendon, Steve",DT,17,3.7941176470588234,2.5,0.0,12.5,3.378386421013526,0.8904274287942627,1.5,7.0,-0.22808125394394602,-0.045828829835867384,2.007015762291789,0.8665561424294171,85.51690688527975,115.70570921943673,0.8784995299257078,0.7499999999999999,1.827687364270913,1.4722638241821617
2020,10861,"Crawford, Jack",DT,17,4.264705882352941,4.0,0.0,21.0,4.820659117305383,1.1303614481957451,2.0,4.0,0.7162044808688276,0.427667722950431,2.0018696291959395,0.7326843569439684,72.30564398680256,97.83066440048222,0.7960661637797211,4.0,0.985878740413659,1.1553654786450076
2020,13211,"Watkins, Carlos",DT,17,3.5470588235294116,3.0,-1.0,11.0,2.775972038988447,0.7826123493002256,2.0,4.0,-0.6224943970720626,-0.2585959422534902,1.9898094080419835,0.9393763478395991,92.7032372573326,125.42892633133489,1.097167540709727,1.0178942229816546,1.3356627362602198,
2020,13614,"Lindsay, Phillip",RB,11,4.6818181818181825,2.5,-2.4,16.7,6.346196882860872,1.3554983633295066,-0.55,10.3,0.4735060487138403,-0.06428793896818383,1.9876125811441503,0.6373118303895654,94.14168901983317,195.25190008645848,0.6279109448510334,0.44956511645013114,1.016803056324153,1.280311078010963
2020,12217,"Fowler, Dante",DE,15,3.5600000000000005,2.9,0.0,9.3,2.823661924995035,0.793163462077257,1.0,5.5,-0.4834336893705152,-0.18177712657539027,1.9853181683035102,0.9310446555770285,102.34981262830489,142.7968987996822,0.8295687628722671,0.5941099943750894,1.0681555117347814,0.9894257528062776
2020,13765,"Young, Kenny",LB,17,5.029411764705882,3.0,1.0,35.0,7.725950518783116,1.53615390431945,2.0,3.5,2.1258729998724677,0.04360059462487958,1.9830861826405883,0.5763740871415419,67.46873152754722,162.14919924094355,0.5624956153666308,0.6056338028169014,0.4006105387462217,0.9298860160974798
2020,13207,"Willis, Jordan",DE,11,3.5,3.0,0.0,8.5,2.6812480133495504,0.7660708609570144,1.0,5.65,-0.5515097095972459,-0.2136789160194828,1.9818004347251326,0.9507645198877449,104.51761887171922,145.82138903380059,0.8891222540632102,0.7426057321066789,0.44810785220907645,0.9612508733096792
2020,13204,"Harris, Charles",DE,14,3.5785714285714287,4.0,0.0,9.1,2.9049658398356843,0.811766901351289,1.0,4.0,-0.4445691789638178,-0.1598714040490765,1.975183135260052,0.9164155527470658,100.74163419712221,140.55319276063548,0.8147709405561951,1.13374376541012,0.8329931533516256,1.0086871588797335
2020,9310,"Kern, Brett",PN,14,3.764285714285714,2.5,0.2,13.2,3.4304533525587595,0.9113158811351545,1.4,5.825,0.6192601340604108,-0.33242490811491393,1.9694733620117557,0.8496389454392275,109.78733832748813,151.00157227868573,0.6839867402647126,0.8645131387481564,1.0667330940492097,1.2872493759761678
2020,13203,"Rochell, Isaac",DE,17,3.6,3.0,0.0,9.0,2.980525022838209,0.827923617455058,1.0,7.0,-0.4084507379283685,-0.1408467207799123,1.9694477196000841,0.90440330844425,99.4211272308085,138.71084156535028,0.8270897775637648,2.230037268272951,0.5005753882967164,1.135681035504584
2020,14846,"Mims, Denzel",WR,10,4.19,5.65,-2.0,10.2,4.728942799400306,1.128625966443987,-1.225,8.525,-0.2687243033850074,-0.19153003498962937,1.9684059416975344,0.7313740329958611,97.59136105832556,170.82254481030495,0.731374032995861,0.15581706793217634,,
2020,10294,"Smith, Jimmy",CB,11,3.627272727272727,3.0,-0.1,10.8,3.0579526451803156,0.843044588896829,1.5,4.1,-0.4688538178300615,-0.3825611715423224,1.968087342609472,0.8938676826554117,102.85586445594836,179.67031926166322,0.9518990779725994,0.7304268748203381,1.2175504302710813,0.9963497928433421
2020,10868,"Zuerlein, Greg",PK,17,4.358823529411765,4.0,-7.4,15.2,5.299951034571746,1.2159131928167297,0.4,6.6,1.0320270611698341,-0.07660917400769675,1.967055182279547,0.6918821282089641,89.66972171616689,120.73459004420457,0.7441411253619564,1.675361148544019,0.6858659901021058,1.3405508212094246
2020,14878,"Gross-Matos, Yetur",DE,13,3.66923076923077,3.1,0.0,11.5,3.1853956680654565,0.8681371841687825,1.0,3.7,-0.3105194471772824,-0.09349487248732882,1.964112057896527,0.8766747663134882,96.3729264011924,134.45803822150302,1.0894279316650395,1.5291058360461969,,
2020,13802,"Martin, Jake",DE,15,3.48,3.0,0.0,9.4,2.688295618664981,0.7724987409956843,1.5,5.5,-0.5481408468473933,-0.20611002757442617,1.9633300264265028,0.9435252376162906,103.72180399902919,144.71108025139475,1.0376613487945556,1.066708254885194,0.6467798594085181,0.6017233012605622
2020,14286,"Boyd, Kris",CB,10,4.470000000000001,2.1,0.0,21.0,5.747007917168725,1.2856840978006094,2.0,4.75,0.7760908140764025,0.24836570103328323,1.9556508286955494,0.6625158966577537,76.23460002951082,133.16785580032405,0.6625158966577537,1.1075961220339272,0.5111925290484735,
2020,13434,"Robertson-Harris, Roy",DT,8,3.45,2.3,1.0,10.0,2.658477007611689,0.7705730456845475,2.0,4.0,-0.699420821822185,-0.2823548438639884,1.9485216994626418,0.9430153566148046,93.06235625649117,125.91481994004035,1.087548961600916,0.8941985747956757,1.179670400199702,0.8692559178493793
2020,10870,"Morris, Alfred",RB,10,4.12,2.1,-0.4,14.0,4.591688142720496,1.1144874132816738,1.6,5.175,-0.060217715250453996,-0.10995457908413431,1.9484627688588514,0.736807900376847,108.83893396774616,225.7343041307661,0.736807900376847,0.7085809068980682,,0.5434170746999307
2020,15089,"Roach, Malcolm",DT,11,3.709090909090909,3.5,-3.0,10.0,3.3724699730328607,0.9092443554745457,2.5,5.5,-0.23195487468381593,-0.008694662953772123,1.9427009950064815,0.848282762824369,83.71358125448653,113.2657815061434,0.7744369234052179,1.7937460064857254,,
2020,10103,"McManis, Sherrick",S,12,3.8333333333333335,2.0,0.0,9.0,3.7601713908928263,0.9809142758850851,0.0,8.0,0.01362558288279662,-0.08055952230783932,1.9351333775514217,0.8052931330723255,94.72925938884941,151.5899501035693,0.9858423277682871,5.857142857142857,0.6736692141543056,0.6747348759380437
2020,13683,"Hand, Da'Shawn",DT,10,3.9,2.5,0.0,13.0,3.9610604640676716,1.015656529248121,1.0,5.75,0.15340748138074553,0.2013038924072903,1.9348534551443526,0.7861222470976121,77.57921237165444,104.96588470148116,0.7861222470976119,0.9725344291843584,,0.889972728582758
2020,10402,"McPhee, Pernell",DE,16,3.7562499999999996,2.75,0.0,14.9,3.537295709648827,0.9417093403391221,1.875,5.1,-0.1423058641654542,-0.006862975288635227,1.9345068399083696,0.8278609639684961,91.00682124849308,126.97133009023138,1.1700314418843627,1.5129793514509737,,0.6593662288081557
2020,12288,"Anderson, Henry",DT,17,4.041176470588235,3.0,-3.0,16.7,4.414289473640511,1.0923278173491804,1.0,6.0,0.4501458786639379,0.35261045036891825,1.9314260590905383,0.7463909143134512,73.65828847559203,99.66081349728132,0.9207185763124991,0.7802229663601604,0.84720420394819,0.9903867334042014
2020,14028,"Neal, Ryan",S,14,4.728571428571429,1.5,-2.5,17.7,6.868710481121576,1.4525973827145326,-0.75,11.625,1.5605404656246347,0.2548139185401427,1.9279851890479673,0.600933461704571,70.68976429995068,113.12088695928264,0.2132558032525595,0.19617542551370853,,
2020,12386,"Brown, Malcolm",RB,17,4.623529411764705,2.0,-2.2,23.0,6.4660679397974254,1.3985134220935909,1.4,5.4,0.5099709748979279,-0.056137466104788876,1.9276645980696514,0.6192723464407899,91.47695347436901,189.72518090501072,0.5652931014404947,0.5319900551674589,0.6333614303327578,0.8655342273270789
2020,15110,"Thurman, Nick",DT,9,2.888888888888889,4.0,0.0,4.0,1.4487116456005884,0.5014771080925113,2.0,4.0,-1.4914792007645021,-0.8134008336592928,1.9240312578318004,1.1797587086577275,116.42559632955162,157.52564826365855,,1.5454545454545452,,
2020,14013,"Sullivan, Chandon",CB,17,3.9764705882352938,3.0,-0.5,18.1,4.253376432043649,1.069636084981391,1.0,5.5,0.08458829316393618,-0.05958353149632932,1.9213380637741675,0.7569361609003111,87.09938246797736,152.14663683291988,0.9240442616697235,1.2748739228302037,0.714775798556523,
2020,13621,"Ballage, Kalen",RB,12,4.083333333333335,2.3,-0.5,13.8,4.617147989349655,1.1307301198407314,1.2,4.45,-0.05247279790579552,-0.10687691877536304,1.9164010004413687,0.7269406718632844,107.38137816238218,222.7113018515165,0.6689184923828727,0.5800175472411506,0.05982422403897854,0.29271215739642154
2020,15051,"Townsend, Tommy",PN,17,3.076470588235294,3.3,-0.1,8.3,1.9046473849244785,0.6191014444305188,1.7,3.9,-1.186714289268638,-0.45035529772528055,1.9001098410590147,1.0591545824813715,136.86020763546685,188.23761328193694,1.1118323147485794,2.762267531800033,,
2020,8742,"Crosby, Mason",PK,17,3.7588235294117642,3.0,-0.2,13.0,3.7308032290063244,0.9925454599860333,0.4,6.0,-0.5598918287976915,-0.3853367762133849,1.8864430472959506,0.794542353054342,102.97475362533606,138.6489712013503,0.6859073664046647,0.5904144674921641,1.154282166259436,0.6723180622391592
2020,10814,"Anger, Bryan",PN,17,3.105882352941176,4.0,-0.8,6.5,2.024691868564142,0.6518894273786064,2.0,4.5,-1.0446272403818697,-0.4371228933060751,1.8801999101537445,1.0268425637734715,132.68496290478367,182.4949791258851,0.8746707114916092,1.0538699078622846,0.9046272594191741,0.6196468433130969
2020,14200,"Tavai, Jahlani",LB,17,2.9411764705882355,3.0,0.0,6.5,1.6705260966074031,0.567978872846517,1.5,4.0,-0.7670667634239947,-0.3396526830525637,1.8757755742262068,1.1013472118189231,128.9206107813378,309.8379550134584,1.194948167348249,1.9598270920894745,0.9896428981288485,
2020,14328,"Wingard, Andrew",S,14,4.1571428571428575,5.0,-5.2,12.8,5.061721091502698,1.2175961388494463,0.125,7.25,0.661321025681116,0.08772467023452718,1.8746167457252632,0.6858023974363201,80.67317418737413,129.09678095931682,0.4598582351395266,0.36307478011218586,0.521925556270615,
2020,12110,"Brate, Cameron",TE,17,3.617647058823529,3.3,-1.0,10.3,3.3892972192090807,0.9368789061228354,0.1,4.9,-0.10517503584357446,-0.03662042254344623,1.867771416884903,0.8241973323181343,168.76047273432283,417.57178779025975,1.1795827001461114,1.3556701030927834,0.6002096369042597,0.6630770059690849
2020,15147,"Guidry, Javelin",CB,9,4.277777777777778,1.0,0.0,17.5,5.563327896497798,1.3005182095709138,0.0,6.0,0.6910529726810305,0.26950985910867453,1.8594844239792636,0.6517696274264168,74.99804473960262,131.0078206394932,,1.123678938376068,,
2020,13693,"Phillips, Harrison",DT,13,3.230769230769231,2.5,0.0,7.5,2.3827536156513136,0.7375189762730257,1.5,4.5,-0.8799426235950218,-0.34758522662069863,1.859415220718466,0.9550708085333552,94.25205985294642,127.52450746736675,0.9776007687718734,1.3203773276864257,,1.195000020244872
2020,13313,"McKenzie, Isaiah",WR,17,3.5294117647058822,4.2,-0.7,10.2,3.1785614033955216,0.9005923976287311,0.3,5.3,-0.7988072467386003,-0.3046619124693991,1.8570061466673986,0.8446475769957247,112.7060887245037,197.27915137928363,0.924695579954427,1.419314949794611,0.6018131742921476,0.6362242687732976
2020,12157,"Johnson, Duke",RB,11,3.8909090909090907,4.5,-1.5,14.5,4.26773402627299,1.09684753011689,1.0499999999999998,5.35,-0.15876496464646256,-0.11329697575123061,1.8555994344005493,0.7386305138989665,109.10816467588762,226.29269444512693,0.8166455095223829,0.8639275982510831,1.1362345437014452,0.6140074121812208
2020,13742,"Hill, B.J.",DT,17,3.429411764705882,3.0,0.0,11.3,2.9180502567704454,0.8508894402246582,1.0,5.0,-0.529472852239313,-0.1238548694050447,1.852845280855687,0.8752852924180364,86.3783512513327,116.87125688664779,1.117915668206845,1.6153846153846154,1.087454313989927,1.3869637097310497
2020,14179,"Love, Julian",S,17,3.9705882352941178,3.0,0.0,17.5,4.564796845667344,1.1496525389088124,1.0,4.5,0.41403460297075934,0.03941579810032047,1.8470837325690004,0.7135189918721921,83.93356764642955,134.31420675747935,0.7865601341184643,0.8271788681251218,0.7464991248552221,
2020,12464,"Byrd, Damiere",WR,17,4.81764705882353,2.2,-1.1,31.6,7.748186527418388,1.6082926857889204,0.0,6.3,0.763569818676788,0.04644193030473484,1.8470500205257274,0.550702370568364,73.48332242760546,128.6241733087178,0.4566688787946572,0.2398066513762456,0.7245470180976766,0.04510318673202106
2020,14237,"Gaines, Greg",DT,17,3.2588235294117647,4.0,0.0,7.5,2.492119066065337,0.764729677312468,0.0,5.4,-0.8083388034763624,-0.2938864090323709,1.846641766899208,0.9331937049567922,92.09309733699041,124.60339749993092,1.0636674501907832,1.3689359315880696,0.6463990405686207,
2020,14143,"Knox, Dawson",TE,13,3.9384615384615387,3.7,-3.7,9.2,4.4620689339809205,1.132947190268593,0.7,9.2,0.33678934101096747,-0.014577964326563057,1.8464880689172547,0.7210567252198827,147.6416739594593,365.31657412843555,0.8411042109445485,1.0746753246753245,0.6057943120769548,
2020,14223,"Mattison, Alexander",RB,12,4.4,1.5499999999999998,0.0,19.7,6.114872579757216,1.3897437681266398,0.2,5.875,0.4031369049619415,-0.0577991359648956,1.8412015793012129,0.6184228811797138,91.35147315119269,189.4649319995712,0.568240215287686,0.5927749166890591,1.0351156448553702,
2020,13162,"Ford, Isaiah",WR,11,3.736363636363636,3.1,-1.4,13.2,3.846904948910281,1.0295852661317055,1.05,5.9,-0.5702973364089318,-0.2406660478646338,1.8409493302466517,0.7708761933125333,102.86235704140284,180.0488219904749,0.9125283047182167,1.1475613864135492,0.6990539927284357,
2020,11498,"Addae, Jahleel",S,13,3.9384615384615382,2.0,0.0,11.5,4.581155121639161,1.1631839176036933,0.0,10.4,0.42217503801831735,0.04903680204685399,1.820678078461512,0.7056713982364334,83.0104295957375,132.83696042465746,0.8386602776352362,1.9884098749042305,0.8430904357483882,1.155638040913595
2020,12841,"Weatherly, Stephen",DE,9,3.2222222222222223,3.0,0.0,9.0,2.4845199749997664,0.7710579232757896,2.0,4.0,-0.6455487101634491,-0.2078066038213283,1.8193770965222447,0.9247248531621456,101.65507624897376,141.8276131908059,0.8663225287482138,1.0448154998549657,0.8734473571691401,0.9748475510193608
2020,14983,"Bass, Tyler",PK,17,4.317647058823529,2.4,-4.3,22.4,5.931990569001829,1.373894273474538,1.6,3.8,1.6732385968179837,0.1417442990175079,1.8188034349583846,0.6228581842178196,80.72403921174917,108.6897962256713,0.6938402189014825,1.257628098949771,,
2020,12246,"Williams, P.J.",S,16,3.46875,3.0,0.0,12.0,3.1596516323006245,0.9108905606632431,1.0,4.0,-0.2852134939256129,-0.13034738618272637,1.8152530926711186,0.8339039675977625,98.09484522807222,156.9757094004177,1.0277705816194522,1.4772478130583122,1.2065289265840662,0.8628504534512079
2020,14149,"Gary, Rashan",DE,16,3.33125,3.75,-0.5,8.8,2.799490746100083,0.8403724566154096,0.375,5.1000000000000005,-0.4949878812633186,-0.12618809704886788,1.8100955532264549,0.8767622354178122,96.38254188674908,134.4714536004147,1.3169342801205848,2.4854311036388355,0.4741233540035762,
2020,12474,"McGill, T.Y.",DT,8,3.1,3.4,0.0,5.5,2.2237355957937086,0.7173340631592608,1.125,5.5,-0.9840550068605266,-0.38741903927260946,1.8051234564678371,0.9616173249583008,94.89810897558665,128.3986220097222,0.8154200745554411,1.066708254885194,,
2020,10851,"Norman, Josh",CB,10,4.540000000000001,0.0,0.0,18.1,6.893359123098114,1.5183610403299808,0.0,8.725000000000001,1.3068139252625848,0.5800173785667082,1.8027597819751553,0.5751670396846289,66.18351263979785,115.61045068989367,0.5751670396846289,0.14285714285714288,0.9118086970802975,1.2173050402957313
2020,11830,"Kennard, Devon",DE,14,3.4214285714285717,2.25,0.0,7.8,3.0731971652216736,0.8982204658267939,1.0,7.2,-0.36415204149865626,-0.05807152893379489,1.8024400395126525,0.8399859944521908,92.33972680859162,128.83097961461445,0.7234332503298213,1.412489870920873,1.134063074338635,1.0448635763910354
2020,13926,"Board, Chris",LB,17,3.6176470588235294,2.5,0.0,10.5,3.6482445890201607,1.0084578538754916,1.0,4.0,0.17777542573041852,-0.16528853634393795,1.801206359318404,0.7782824224372671,91.103554069276,218.95132761323083,0.8342199967369771,1.3062384780435952,0.4414833808957804,0.4212875273272462
2020,14945,"Pride, Troy",CB,14,3.1999999999999997,3.5,-0.6,7.0,2.5461455462830758,0.7956704832134612,1.125,5.5,-0.7058037634042876,-0.4500869927549307,1.7820641537045292,0.9023882292011698,103.83630954598407,181.38297690424898,0.8160546036339205,0.786810065323001,,
2020,12257,"Conley, Chris",WR,16,3.6625,4.4,-4.6,11.1,3.8930828080070428,1.0629577632783733,0.575,6.3999999999999995,-0.5545089016851553,-0.22410930458334286,1.7753635412194264,0.7485056238996577,99.87732582870099,174.82386536970216,0.6886414632211042,1.2798000193782013,0.9332763528520063,0.45458689490206416
2020,13347,"Gonzalez, Zane",PK,12,3.65,1.9,-2.2,11.0,3.90971013418301,1.0711534614200027,0.6,6.475,-0.37838867091399625,-0.2766887656464998,1.7623030200270746,0.7434247440775585,96.34977866954473,129.72886282996032,0.6746889987578276,0.3935971628833124,0.7558459267045962,0.4424808947641069
2020,14906,"Arnette, Damon",CB,10,3.17,3.0,0.0,8.0,2.5416726775885206,0.8017894881982714,1.0,4.275,-0.7078745553022882,-0.44136512179519205,1.7593620235679654,0.8950573044368437,102.99275225162448,179.90943711928122,0.8950573044368437,1.111225658770082,,
2020,14227,"Wishnowsky, Mitch",PN,17,3.270588235294117,2.0,-1.2,8.6,2.8321192866790126,0.865935753121281,1.0,5.9,-0.0889400188467794,-0.35073918525192543,1.7527871631288354,0.8534672306948125,110.28201580293242,151.68195198094364,0.9519963995100167,0.7453313554958789,0.8444729728966248,
2020,12740,"Butler, Vernon",DT,15,3.8,2.5,0.0,14.0,4.460194315647395,1.1737353462229987,0.0,5.75,0.48020072722162216,0.5132637182496373,1.7481428944893123,0.695945927988361,68.68007761634199,92.92521653648225,0.6056743535215118,0.2727272727272727,1.1549957164669775,1.0199357028999045
2020,14434,"Reaves, Jeremy",S,10,3.13,4.15,0.0,8.0,2.5004199647259258,0.7988562187622766,0.625,4.5,-0.6132696155138986,-0.21000540698619824,1.739994540616277,0.8941784218868924,105.18512599712918,168.32189024185854,0.8941784218868924,2.070751585567697,0.6619718309859155,
2020,13695,"Bryan, Taven",DT,17,3.0588235294117645,3.5,0.0,8.5,2.3192440004372146,0.7582143847583201,1.5,4.0,-0.9215236809251027,-0.30674397951144977,1.7397329676791509,0.9215422334148538,90.94326092346617,123.04765089310345,1.111958178254689,1.3637769448541914,0.9308822732517711,0.8311230930423692
2020,14683,"Jones, Chris",CB,10,2.2800000000000002,2.5,1.0,3.0,0.7110555533852472,0.3118664707830031,2.075,2.875,-1.5553904043044195,-1.1396886807249749,1.737981761694965,1.3325107974952197,153.3297966049094,267.8390158310196,1.3325107974952197,2.1687635845197257,0.8208523846306905,
2020,11250,"Eifert, Tyler",TE,16,3.4124999999999996,2.25,-0.1,9.2,3.326573875626393,0.9748201833337417,0.5249999999999999,6.2,-0.13101602612979932,-0.032354974813027675,1.7280054299623755,0.7887303205948252,161.49834092413505,399.6027615484183,0.8272369180060605,0.5489251669887533,1.0256749890598353,
2020,13388,"Langi, Harvey",LB,14,3.6785714285714284,2.25,-1.0,10.5,4.1559215191662835,1.1297650731714168,0.0,7.875,0.42031478808287653,-0.11726892430088612,1.7272193421285176,0.7134653649976922,83.51625140533379,200.7165835547244,0.7982582536268366,1.773735470953524,0.4762328792720389,
2020,12292,"Blackson, Angelo",DT,17,3.347058823529412,2.3,0.0,10.0,3.23112030235714,0.9653610745179504,1.0,4.0,-0.3244994246726876,0.10204858674050261,1.7030248878569831,0.7910573522725834,78.06623786146736,105.62483778759247,0.8320164040632725,0.8157773089960896,0.6976274919596175,0.9615610887147453
2020,12703,"Ragland, Reggie",LB,17,3.2294117647058824,2.0,-0.5,9.0,2.899445120522272,0.8978245364094467,1.0,5.0,-0.17995866623839368,-0.20908287121196767,1.7016387462329408,0.828172128313823,96.94350289221302,232.98661483158764,0.8503544128140383,0.8586743726859724,0.7620945551652025,0.9229418400996159
2020,14169,"Wilson, Mack",LB,14,3.0357142857142856,3.5,-1.0,7.0,2.3864519817554446,0.7861253586959112,1.125,4.625,-0.4250378127969752,-0.25329912817065015,1.699608748587908,0.8964291541912411,104.93347859814972,252.18911254185295,1.0751716039602703,1.0891231454903922,1.3233686922826349,
2020,13814,"Scott, Boston",RB,17,4.011764705882353,2.9,-2.2,17.8,5.482472859077283,1.366598806514865,0.1,5.9,0.21076011507814923,-0.06218463227621521,1.6951604534062177,0.6188633247055952,91.41653407657827,189.59986976662404,0.7376194863018689,1.2777777777777777,0.6666277584474897,
2020,13787,"Carter, Jermaine",LB,17,3.4647058823529413,3.0,0.0,9.9,3.636245830114381,1.049510681017733,0.0,4.1,0.17204309644535318,-0.1490377241986865,1.6905039404978655,0.7473084925411436,87.47783284561969,210.2375459876385,1.2199365055742708,1.9554703909870657,0.5925435042637542,0.39174171220795584
2020,13302,"Elder, Corn",CB,17,3.235294117647059,3.0,0.0,9.0,2.961108929094875,0.9152518508111432,0.0,6.0,-0.5136892906187229,-0.2796388136857645,1.6892264671494006,0.8167647432978655,93.98375772964198,164.17237700556828,0.6677276355306954,0.0,,0.13755000720207433
2020,7911,"Colquitt, Dustin",PN,8,2.5875,2.3499999999999996,0.4,4.2,1.376079121998441,0.5318180181636487,1.6,4.2,-1.8123382441335796,-0.48558069104348955,1.6891693199312985,1.0889788879689073,140.71399886586974,193.5381200971108,1.2061668191228694,1.072907828992744,0.48679165364846183,0.6638576473578771
2020,13100,"Woods, Antwaun",DT,14,3.357142857142857,2.0,0.0,12.0,3.329674863087618,0.9918180443239714,1.5,5.125,-0.25997371740678693,0.15425995731467768,1.6854666352228378,0.7753798987919338,76.51909363865408,103.53152751614512,0.8465659410559496,1.0207082573558741,1.2392860655801574,1.3940042735178297
2020,14970,"Hand, Harrison",CB,15,4.12,1.0,0.0,15.6,6.079824558872292,1.4756855725418183,0.0,5.5,0.9301740327495582,0.5191888739129602,1.664185486919465,0.581935324207561,66.96232785931886,116.9708979514799,0.6577171912692806,1.197177303851924,,
2020,13955,"Moore, A.J.",S,12,2.875,2.5,0.0,7.5,2.112709555681203,0.7348554976282445,1.625,4.125,-0.8062075148089249,-0.25551083584870266,1.657198541279357,0.9236325935880062,108.64991634063247,173.86640097359574,0.8715831171114304,0.9685647168069826,0.45847494360615815,0.5544427024036548
2020,14911,"Davis, Ashtyn",S,10,3.75,2.5,0.0,17.0,4.75,1.2666666666666666,1.0,4.25,0.5061979978814012,0.12261451793101961,1.6544117647058822,0.6521739130434783,76.71734581870321,122.7664894644411,0.6521739130434783,1.048404366067553,,
2020,13387,"Johnson, Marcus",WR,11,3.954545454545455,1.0,-1.0,18.1,5.580218900294738,1.4110898368561404,0.0,5.6,0.022331137767421187,-0.05139422890654099,1.640148531214354,0.6009747569899726,80.19145040753693,140.3659861087284,0.5575950931036612,0.09363285984991189,0.6627255838747197,
2020,11966,"Parkey, Cody",PK,16,3.0875,3.0,-3.2,7.7,2.736757890278203,0.8863993166892966,2.125,5.225,-1.5683625073360035,-0.5320466160281686,1.6367160296785312,0.8262510150932295,107.08427862257706,144.1821858285665,0.7136004301223238,0.29400122354339087,,0.5029523882992731
2020,14952,"Lawrence, Rashard",DT,10,3.15,3.25,0.0,7.0,2.933001875212493,0.9311117064166645,0.0,6.25,-0.5196837187117292,0.03445934795093364,1.631184767578817,0.8009149499400661,79.03904414667736,106.94105986885114,0.8009149499400661,1.3309164775894275,,
2020,11790,"Marsh, Cassius",DE,10,2.6,2.0,1.0,7.0,1.5459624833740306,0.5946009551438579,2.0,2.5,-1.094193495252385,-0.41558632265688256,1.6305019707989823,1.0212247890449493,112.26332183320639,156.62807576356212,1.0212247890449493,1.0,1.1894945369932264,1.2383771681571545
2020,13952,"Luvu, Frankie",LB,14,3.5071428571428567,2.25,-2.0,10.2,4.03705413915258,1.1510948665608172,0.5,5.625,0.3635266678412634,-0.10882549933852809,1.6303989710830822,0.696268644381275,81.50325159790427,195.87869347650943,0.9303931313318067,1.995316381873178,0.4485623252817612,0.7630863290225197
2020,12525,"Thomas, Joe",LB,16,3.3125,2.5,0.0,12.0,3.427257467713799,1.0346437638381278,0.75,4.875,0.072200261079302,-0.15492281165996347,1.6280491252932352,0.7482058642752821,87.58287665997862,210.49000027272555,0.5957900442460448,0.9545454545454545,0.6172989042960426,0.5172973244920649
2020,12219,"Edwards, Mario",DT,16,3.5749999999999997,3.0,-3.0,14.4,4.279091609208665,1.1969487018765497,0.0,5.275,0.3616290433328827,0.5590739952081819,1.6272569300076836,0.6771998413067682,66.83010244367887,90.42217126522979,0.8593883203502938,0.7803955206719995,0.5543408843254918,0.6676855538102358
2020,14411,"Campbell, Tevaughn",CB,15,3.8266666666666667,2.0,0.0,20.9,5.173067003453775,1.3518467779060386,0.0,6.0,0.5103749446392649,0.34267226879430246,1.6270901244994078,0.6198971539634482,71.33053233928388,124.60134953211562,0.6627571319183464,0.9138476032491268,,
2020,10261,"Green, A.J.",WR,17,4.158823529411765,4.7,-5.0,15.7,6.533898829185727,1.5710930706670063,-1.0,9.3,0.348398946002538,0.027986479547497844,1.6175313048208175,0.5520147832754021,73.65844505511446,128.9307054910805,0.6446564691169823,2.747041383970468,,1.7959047323204198
2020,7393,"Fitzgerald, Larry",WR,15,3.5000000000000004,1.1,-1.5,10.0,4.0738188472243095,1.1639482420640883,0.7,7.2,-0.49271437042643296,-0.17400596878077473,1.6174139158991692,0.6898157197541089,92.04600099688382,161.11602460900588,0.753291951624385,0.5964406888949281,1.1834732500433587,1.1127165375125732
2020,12544,"Everett, Deshazor",S,11,3.5454545454545454,2.0,-2.0,13.0,4.250425355476713,1.1988379207754831,0.5,5.5,0.25759264655005676,0.07438730867004666,1.6124219579604755,0.6752699648908037,79.43420977351742,127.11413531331121,0.7066856914901906,1.4762770544167378,,0.4790601245159678
2020,13430,"Haack, Matt",PN,17,3.076470588235294,2.8,-1.8,9.7,2.7969583083318765,0.9091451480237458,1.7,3.4,-0.13055725520653025,-0.3333009613464225,1.6114388114596245,0.8102460807864083,104.69713173733204,144.00049902154814,0.9232512007246041,2.4303335217313418,0.8645890327893611,0.5296916654998461
2020,14850,"Cephus, Quintez",WR,14,3.514285714285714,1.3,0.0,14.6,4.172162362074396,1.187200672134991,0.425,5.3500000000000005,-0.4590902441657545,-0.1624699871112536,1.606750472902569,0.6794616000562367,90.6643924241306,158.69767640922632,0.6994637160193524,0.5955813470145062,,
2020,13623,"Williams, Darrel",RB,17,3.4000000000000004,2.4,-0.6,10.7,3.824379995887069,1.1248176458491377,0.0,7.6,-0.293633817934353,-0.10799721153349473,1.6001373137322865,0.7047537720699041,104.1039994584817,215.9139475029595,0.8728093786265979,0.9654421651619264,0.5987436185420768,
2020,13682,"Key, Arden",DE,15,2.56,2.0,0.0,5.0,1.5512575543732252,0.6059599821770411,1.9,3.5,-1.0916623706152044,-0.40221096282730856,1.594062136299101,1.0034267201332885,110.30677871001413,153.89833661519327,1.13374376541012,1.5714285714285716,,1.0688490427379764
2020,13639,"Miller, Anthony",WR,17,3.929411764705883,1.8,-3.0,17.5,5.8080840929216775,1.4781052332285705,0.1,4.1,0.10023935590444331,-0.018146590626554833,1.5856516955038649,0.577168511885931,77.01484889233839,134.80570752679347,0.6530607314070536,0.4611473269921681,0.7129712180534845,0.6231802709448097
2020,9633,"McCourty, Jason",S,17,2.8705882352941177,2.5,-1.2,7.0,2.330807662562828,0.811961685728854,1.0,4.0,-0.6976744715882336,-0.20068723237518796,1.584243341293078,0.8618294798461575,101.37981437123653,162.23246229510636,0.6949333938006068,0.6742346141747672,0.84916063193286,1.1866346113676054
2020,15034,"Callaway, Marquez",WR,12,3.1500000000000004,3.2,0.0,10.0,3.1592456905618045,1.0029351398608901,0.75,3.35,-0.8054113829455068,-0.25388769253631327,1.5726919645629551,0.7573488642779644,101.05732925478623,176.8893267583213,0.9224739813233196,0.8983050847457626,,
2020,14341,"Parham, Donald",TE,14,4.021428571428571,0.85,-3.0,14.4,6.271725505498988,1.559576502255521,-1.0,8.25,1.0823382102984227,0.03338470757899895,1.5711304459487159,0.5530226035605313,113.23545023756179,280.1836747125737,0.5204111961620207,1.0160930324016615,,
2020,14248,"Keke, Kingsley",DT,17,3.729411764705883,1.0,0.0,18.6,5.125227651286199,1.374272398609864,1.0,4.0,0.915611793127012,0.9090125297269287,1.5707598533721123,0.6088609235483299,60.08601215288137,81.2973118829389,0.5542320494418991,0.8309518948453005,0.5754102361008007,
2020,7578,"Lee, Andy",PN,17,2.7529411764705882,3.1,-0.3,8.0,2.1107895503700878,0.7667397939378524,1.1,3.8,-0.9427203042787532,-0.3907721769350163,1.5582040920324833,0.8849654185520436,114.35210019059774,157.27994853689543,0.9725277468544737,1.745024873237101,0.820995020453682,1.805626800089326
2020,12244,"Hager, Bryce",LB,11,3.772727272727273,1.0,0.0,12.5,5.378254348272378,1.4255613935179796,0.0,7.25,1.0042763733937121,-0.0001775868747602956,1.555403743978376,0.5914984048494646,69.23914167217013,166.40406784124383,0.6168801961827023,1.052820073347523,,0.40930969077128126
2020,12197,"Perriman, Breshad",WR,13,4.4846153846153864,2.4,-5.3,26.2,8.543179569677985,1.904997159619447,0.2,7.9,1.0353818082120998,0.1936427760200829,1.5437589567911552,0.4699288483331673,62.70525591611313,109.75839738693831,0.45576497027637575,-0.4707450528194117,0.7514587527292005,0.9697678319630268
2020,12850,"Fejedelem, Clayton",S,14,4.0285714285714285,0.75,0.0,16.4,6.490149521877483,1.6110300231610775,0.275,2.125,1.3721556440470428,0.3674617937764319,1.5429050577113572,0.5378492668009685,63.26896457257566,101.24579506414031,0.6420478681924446,1.1151709492007233,0.4610163001637704,0.37965908349747746
2020,15132,"Vickers, Kendal",DT,14,3.085714285714286,2.0,0.0,9.1,3.0888872575404753,1.0010282779066355,0.0,6.2,-0.41762233796410286,0.17243584526348404,1.542064307528122,0.7546586861801583,74.47420130830444,100.76475628951624,0.9254045624823315,2.095285273695061,,
2020,14888,"Chaisson, K'Lavon",DE,17,2.7705882352941176,3.0,-1.0,7.1,2.2217546605388945,0.8019072023176477,1.0,4.0,-0.7711545351523079,-0.17148129123404432,1.5375865259490242,0.8599625133562121,94.53574711174797,131.8948336749114,0.9297965126421078,2.0,,
2020,13649,"Hamilton, DaeSean",WR,17,3.752941176470588,1.6,-1.5,16.9,5.416870992508588,1.4433668788815988,0.0,7.9,-0.033518306745435024,-0.03538096216338052,1.5359712079703804,0.5848553260384977,78.04054384664043,136.6010695382757,0.7459751820498957,1.2226488340436286,0.378862561607415,0.5326303801881632
2020,11492,"Square, Damion",DT,17,2.7764705882352945,3.5,0.0,9.2,2.2503671365212714,0.81051358730639,1.5,4.0,-0.9666187868795348,-0.20353438805061308,1.5335265129747062,0.8542021475170438,84.29774129305305,114.05615915217619,1.0901564380686808,1.177486195714965,0.8298233163795895,1.0560149227895312
2020,13034,"Bausby, DeVante",CB,12,3.266666666666667,2.25,0.0,12.0,3.725885427951619,1.140577171821924,0.75,3.55,-0.15962278749478603,0.041534053258495095,1.526068160339338,0.6912284938914751,79.53851073861783,138.93918148075255,0.8244513625862772,1.2473118279569892,,
2020,13192,"Njoku, David",TE,14,3.350000000000001,3.0,-1.1,14.0,4.004952291493977,1.1955081467146196,0.125,4.3500000000000005,0.14846477086740187,-0.007544714280652323,1.5258426642656622,0.6693370495645677,137.05168953339012,339.11328933184495,0.7154834363049843,1.9984023425218436,,0.8789757128709097
2020,13258,"Walker, DeMarcus",DE,14,3.3214285714285716,2.0,0.0,15.0,3.9346770735943997,1.1846339576413245,1.0,3.925,0.04764848409390926,0.27918301776927396,1.5203593077050794,0.6730792150922362,73.99165135210578,103.23202435669185,0.7368315316415563,0.7453961505716468,0.9459348807387088,
2020,12629,"Booker, Devontae",RB,17,3.929411764705882,0.9,-5.0,19.1,6.323045125094335,1.6091581905180194,0.8,4.7,0.4664632549021907,-0.016224595631322978,1.5060074850907146,0.5365816675416517,79.26214777555893,164.3914095789288,0.45369194911302346,0.7884615384615385,0.3195570321925995,0.5435104970952289
2020,13763,"Dissly, Will",TE,17,2.852941176470588,2.0,-0.5,8.6,2.560128132606515,0.8973645000888816,1.3,4.1,-0.446779119565425,-0.0410627251206488,1.503633685745118,0.8013591281563884,164.08418226405527,406.0010275271604,0.7768966515097558,0.6790710381734107,,
2020,12860,"Fairbairn, Ka'imi",PK,17,3.2294117647058824,2.2,-2.7,10.0,3.7117880114864494,1.1493696939029079,1.0,7.0,-0.5791829904456682,-0.16858223834287714,1.5024924627283607,0.6853898683118141,88.82830796294063,119.60167981978249,0.6837883348736364,0.8032938772704704,0.5768918820983177,0.906859983900481
2020,15168,"Jacquet, Michael",CB,9,3.9444444444444446,1.4,0.0,21.3,6.442413473072392,1.6332879227507473,1.0,2.0,1.0980408397372854,0.7438311752162085,1.4979161262107854,0.5299953380332807,60.98568021733772,106.53079134570518,,0.6177403586490338,,
2020,13637,"St. Brown, Equanimeous",WR,13,3.3615384615384616,1.4,-2.0,9.2,4.18597263057289,1.2452550159598987,0.0,9.2,-0.45436844616621086,-0.13366810084998623,1.4971744579763588,0.6481982650122693,86.4927493516174,151.39569109045317,0.8596795034948364,1.2516159932192616,,0.4794435792782518
2020,14680,"Mone, Bryan",DT,11,2.7818181818181817,2.5,0.0,8.0,2.4052284646041735,0.8646246114590166,0.75,4.0,-0.8652278756053928,-0.09674926659131526,1.4918918074568839,0.8169255633605608,80.61906657109652,109.07885486002505,0.9140194233670901,0.8109226430083456,,
2020,13888,"Gardeck, Dennis",DE,14,3.478571428571428,1.5,0.0,14.0,4.646224053915574,1.3356701592365103,0.125,4.175000000000001,0.3877787850240236,0.45702954791011946,1.489324772513475,0.6160880962842927,67.72661315385162,94.49113853972227,0.7513808417606052,1.0108034882701538,0.4185903669267603,0.37046309578895015
2020,14976,"Martin, Kamal",LB,11,2.690909090909091,2.0,0.0,8.0,2.174419272714837,0.8080612162115948,1.0,3.75,-0.5263350650352666,-0.2446157919780599,1.488284283066098,0.847685469288297,99.22767977105484,238.47623118338842,0.881893376321585,0.8452624903444373,,
2020,14948,"Walker, Mykal",LB,17,3.1470588235294117,2.5,0.0,16.0,3.5428665109183624,1.125770667020788,1.0,4.0,0.12743173203257543,-0.11885011489126358,1.4804319545625928,0.6927473690819982,81.0910610031124,194.8880660648638,0.9404462788252856,1.2829175487371551,,
2020,11186,"Thompson, Chris",RB,8,2.9625000000000004,1.8,0.0,6.9,2.99622157892236,1.0113828114505856,0.15000000000000002,6.45,-0.5455606492739058,-0.12949078997075253,1.4728673145334676,0.7413252597467036,109.50622401432808,227.11827812635116,0.49052674189334494,0.657142565371352,0.6760945997125654,0.43626304261580595
2020,13236,"Everett, Gerald",TE,17,3.3823529411764706,2.1,-2.7,18.0,4.401769068710449,1.301392594227437,1.6,4.4,0.3119467840981531,0.004359064651711719,1.4696983685705765,0.6261565235671823,128.21015887744923,317.23628399413275,0.7279308823706239,0.30209723353506035,0.5832857500626522,0.6214828025290988
2020,14217,"Barton, Cody",LB,17,3.088235294117647,1.5,0.0,11.5,3.413792500834567,1.1054185240797645,1.0,7.0,0.06576746043963959,-0.12690653572050203,1.466803516164299,0.6996784043503899,81.90238852140911,196.83794869101393,0.779893706895078,1.299250134488048,0.47128009290372525,
2020,12707,"Jenkins, Jordan",DE,12,3.275,1.65,-2.0,10.8,4.043126883984721,1.2345425599953346,0.0,6.0,0.09948914629055566,0.33795086057182255,1.4656243557996218,0.6493986915935629,71.3884495308921,99.60007684772107,0.6103785094842139,1.2830047693236315,1.026183778328078,0.9725250644260168
2020,12700,"Johnson, Austin",DT,17,3.152941176470588,2.5,0.0,15.1,3.660298548906636,1.160915584541284,0.5,3.0,-0.04350755888294702,0.48796462569504356,1.4590765132270958,0.6765534747146847,66.76631514939693,90.33586606088019,0.9838032686174246,1.2812499999999998,0.801013605102096,0.8922783336205347
2020,13848,"Johnston, Cam",PN,17,3.28235294117647,4.0,-8.0,10.3,4.1137124058185535,1.2532815573282334,1.8,5.1,1.4279791985220673,-0.19441617082728596,1.456698977764869,0.6418728079900815,82.94053316681727,114.0764600418967,0.2802533554917768,-0.004000640166449665,0.9956672054007625,0.9975407529095202
2020,13612,"Johnson, Kerryon",RB,17,3.111764705882353,2.4,-1.3,11.5,3.5376765976192,1.136871496399365,0.1,6.1,-0.38084935204029197,-0.10571325366776527,1.4562245371917246,0.6857616753725937,101.29854696904668,210.09537833485084,0.6923085941842968,0.9001399903741968,1.3775632960526814,1.3574480741595716
2020,15078,"Claybrooks, Chris",CB,14,3.15,2.0,0.0,11.0,3.6693226311444143,1.164864327347433,0.25,3.0,-0.18580951224688663,0.07615233466183395,1.455056541053376,0.6746160522276782,77.62694476391131,135.6000265304546,0.7052211585529506,0.993421052631579,,
2020,10754,"Mercilus, Whitney",DE,13,2.946153846153846,1.0,0.0,10.0,3.0312768024801757,1.0288929094580233,0.5,4.5,-0.3841906137766657,0.09579648707423022,1.4520992371848989,0.7308240020485008,80.33954034951607,112.08850234602362,0.7047316259853535,0.5303566848888317,1.0069942421486389,0.6913222822522327
2020,13505,"Hall, Marvin",WR,14,3.7785714285714285,0.9,-1.0,19.6,6.06467271186507,1.6050173528565403,0.175,4.05,0.18796825326546865,0.0448169740935216,1.4504976039518598,0.534854420393084,71.36864107741475,124.92266483721922,0.538517024373008,0.7562771473213582,1.0005804748895035,0.2612889966247638
2020,13744,"Shepherd, Nathan",DT,15,3.4066666666666667,1.0,-2.0,11.9,4.655959144532472,1.3667199054400603,0.0,6.75,0.6083720056279317,0.8941081010437237,1.4394042399509215,0.6023145817734271,59.43998026574467,80.4232206604886,0.9107969929957489,2.216663893629665,0.7864535281046776,0.5277001897895077
2020,10841,"Daniels, Mike",DT,13,2.8461538461538463,1.5,0.0,9.5,2.7830850023270064,0.9778406764932724,1.5,4.0,-0.6178373930047203,0.1266763928773741,1.4390207866490539,0.7523367422099038,74.24505808656188,100.45472193548942,0.7923900152169957,1.020291571394056,0.5387816603859144,1.1647726184583904
2020,12719,"Thompson, Darian",S,17,3.3000000000000003,2.0,-1.0,15.5,4.294182110716777,1.3012673062778113,0.6,3.5,0.27936749767356844,0.14721606798425574,1.4339924749279087,0.6233257434269133,73.32384147814692,117.33605374711375,0.592928249771999,0.9022244249155574,0.7079414589924495,0.0
2020,13919,"Firkser, Anthony",TE,17,3.7176470588235295,2.2,-1.0,24.6,5.941403606607533,1.5981623625368364,0.4,5.1,0.9462509978983263,0.03772262085609533,1.430875572838963,0.5355756947031138,109.66306717943036,271.34436325482505,0.6125111618869113,1.0535966513750588,0.425069882534685,0.7016558452532209
2020,13446,"Nickerson, Hardy",LB,15,3.5933333333333337,0.5,0.0,13.8,5.461314453092365,1.5198463227529773,0.0,4.75,1.043957800032834,0.037145218393130834,1.4260128885191508,0.556130391024937,65.09906132743453,156.45411476678953,0.6213613926956244,1.1577789610064642,0.39344364447685504,0.8257674660086077
2020,15009,"Davis, Carlos",DT,8,2.6875,3.25,0.0,7.0,2.3840288903450815,0.8870805173377048,0.0,4.0,-0.8791076749030104,-0.05243377498334727,1.4241575678983365,0.7941717068869191,78.3735808719447,106.04067767582208,,0.8109226430083456,,
2020,10819,"Crawford, Tyrone",DT,17,2.929411764705882,2.5,0.0,12.8,3.1055481103573244,1.060126864981416,0.0,5.0,-0.40671413337476625,0.2890636470410445,1.4219569748352892,0.7135251337855891,70.41489805286227,95.27245565313117,0.9007766376116361,1.5922330097087378,,1.430783827313413
2020,11516,"Doyle, Jack",TE,15,3.0866666666666664,3.3,-4.0,7.8,3.6269117564243123,1.1750254070489135,0.2,6.8,-0.007281738112243466,-0.009847432107840448,1.4191405105720916,0.6671116349649273,136.59601950736752,337.98580406040793,0.9420415972970617,2.0842138461292765,0.6655190042896048,
2020,14292,"Summers, Ty",LB,17,2.6470588235294117,2.5,0.0,7.5,2.299390621846125,0.8686586793640917,0.5,4.5,-0.4666308131168174,-0.22062821161585988,1.4165555501180191,0.8022871878226681,93.91348447263859,225.70449985335213,0.8424288715190562,1.2003118329596345,0.13164870702862883,
2020,14864,"Johnson, Tyler",WR,15,3.0733333333333333,2.2,-1.0,9.2,3.6004567611469644,1.1715152151237411,0.0,7.0,-0.654559171006781,-0.1702518466419816,1.4152944045378024,0.6680496074409585,89.14162590321577,156.03224732376512,0.5908478791186802,0.8532754866403667,,
2020,13746,"Green, Rasheem",DE,11,2.481818181818182,2.0,0.0,6.3,1.881400919923131,0.7580736307382578,1.0,4.0,-0.9338488103301416,-0.22309572887707455,1.411669078260395,0.8613234502210095,94.68535500893807,132.10356433309323,0.8193594291306542,0.9476739712168141,1.0145315781311384,0.6714549123961823
2020,14807,"Kelley, Joshua",RB,13,3.4538461538461545,1.5,-3.9,13.1,5.017908756048048,1.4528466331542231,-0.1,6.3,0.06943913103356647,-0.04584243513064669,1.4080970685903431,0.573927969641449,84.77882546875466,175.8331184857461,0.43401260538801706,0.34341162029667305,,
2020,13724,"James, Richie",WR,12,4.341666666666667,0.0,-1.0,32.8,9.077303044162155,2.0907415840680588,-0.25,5.25,1.2180012231498827,0.2857941885443289,1.4047329899875132,0.43083617190432927,57.48889967705506,100.62776084565203,0.4863004181610424,0.4512966622937756,0.30773368983430915,0.5387003199082819
2020,12428,"Williams, Xavier",DT,13,3.076923076923077,2.5,0.0,14.5,3.7357223266424864,1.214109756158808,0.0,4.0,0.005873946823128044,0.5929403892489163,1.3896885953210998,0.6497262433679345,64.11884462470816,86.75379713610482,0.6563652938549495,0.2727272727272727,,1.599588908374512
2020,14946,"Fotu, Leki",DT,12,3.0500000000000003,3.5,-4.0,9.6,3.663218075226571,1.2010551066316624,0.0,4.5,-0.041596084677401335,0.5671777584875259,1.3856990635129998,0.6540547644990441,64.54600879837878,87.33175692754112,0.6995376364347955,0.9800407142524828,,
2020,14870,"Trautman, Adam",TE,16,3.1687499999999997,1.3499999999999999,-1.0,12.3,4.146190834669818,1.3084625908228225,0.0,5.1,0.20665273748043875,0.005153890317812006,1.3726668184259112,0.6157466953328224,126.0786698941343,311.9622429168761,0.8154412779659765,1.201018674779333,,
2020,14815,"Dallas, DeeJay",RB,12,2.983333333333334,1.05,-0.1,10.1,3.5262901500333492,1.1819966983352006,0.0,5.0,-0.3843131237073492,-0.09716295188042151,1.3672492426819571,0.6591122606913199,97.36197967207447,201.93085258059006,0.6709666647555143,0.35799304715129543,,
2020,13963,"Hodge, KhaDarel",WR,8,3.375,0.2,-1.0,12.6,4.98842409985358,1.4780515851418015,-0.25,7.6000000000000005,-0.18000638414014505,-0.018173206483206587,1.361957119955141,0.5635873384589646,75.20263634484382,131.6336361903237,0.5883923962713659,0.5960014178239207,0.4753113408323261,0.23770781696685495
2020,11261,"Moore, Damontre",DE,11,2.8636363636363638,2.0,0.0,11.5,3.1629309558390557,1.104515571880305,1.0,3.5,-0.32125792199510145,0.18484287442884972,1.3607104655813087,0.6878894687455095,75.61974370762307,105.50351399948816,0.6248885687179547,1.0184742760715817,,
2020,14276,"Fenton, Rashad",CB,17,3.6882352941176473,2.0,0.0,27.7,6.320078401686185,1.7135778760552653,1.0,4.0,1.0414037032668495,0.858274391690752,1.3591779792512324,0.5038518840546926,57.977396540671236,101.2758718379526,0.5483870967741936,0.4082921491158833,0.7323322569047074,
2020,14891,"Harrison, Malik",LB,17,2.6176470588235294,2.0,0.0,8.5,2.470588235294118,0.9438202247191013,1.0,3.0,-0.38484226308365427,-0.19087542139074387,1.346650799047943,0.7542372881355931,88.28889819397628,212.18679853456686,0.752257137244473,0.8830368802245057,,
2020,12842,"Dixon, Riley",PN,17,2.923529411764706,2.9,-4.9,11.3,3.430062495017137,1.173260813184936,1.6,4.8,0.6187975072662385,-0.2267105284919934,1.3452271324398675,0.6599296093572145,85.27376915069847,117.28559424107286,0.5038784576746432,0.5908318592943298,0.6145350840806528,0.8876695628323674
2020,14183,"Thompson, Deionte",S,14,2.6,3.5,0.0,8.5,2.4439429500004994,0.9399780576924998,0.0,3.875,-0.6413745008235966,-0.10966575942290994,1.3402213440973458,0.7549486265443576,88.80707078220304,142.11300199717328,0.696184486683523,0.7735824339645732,0.6424883235049593,
2020,14083,"Homer, Travis",RB,9,3.066666666666667,2.7,-1.9,13.0,3.962042122160967,1.2919702572264022,0.8,3.8,-0.25175682609653843,-0.0763252142790467,1.3380045648488275,0.6180251177172867,91.29271678986738,189.34307003479898,0.7033581280080596,0.6426050455418214,0.48631728424235116,
2020,15173,"Tart, Teair",DT,9,2.1444444444444444,2.0,-0.2,4.5,1.3081888337282803,0.6100362437074882,1.5,3.0,-1.5834823892100442,-0.599165367528331,1.3319230873376833,0.9290593616557145,91.68509578487073,124.0513650344213,,0.8279456514980794,,
2020,13989,"Lancaster, Tyler",DT,16,2.375,2.0,0.0,5.0,1.8666480653835098,0.7859570801614778,0.75,4.0,-1.2178475912398952,-0.25199530039056695,1.3298191912793693,0.8284937480395818,81.7606837423211,110.62348070378745,1.0148123829662918,1.3245553203367586,0.7680583943444468,
2020,11705,"Burton, Trey",TE,14,3.3785714285714294,1.1,-2.3,19.3,5.2218194108168525,1.545570227303085,0.3,3.775,0.6497940944324808,0.03181008916603963,1.327235600233615,0.5430198476506187,111.18731231013723,275.11587298069486,0.49187472237827257,0.5433908681016721,0.17559061568330955,0.6968614712381151
2020,14592,"Zaccheaus, Olamide",WR,11,3.936363636363637,0.2,-2.0,23.6,7.75620252997241,1.9703978713555772,-0.45,3.85,0.7663105289553787,0.22608933792613245,1.3251974337590102,0.4495514605663239,59.9861861689503,104.99897597207075,0.4660505990700791,0.4657138675910104,0.4776008616345431,
2020,14146,"Sample, Drew",TE,17,2.764705882352941,3.3,-2.0,8.4,3.004103306845604,1.0865905577952184,0.3,3.9,-0.26386861911174875,-0.019789486112565688,1.3249872487078869,0.6904681698961836,141.378442019399,349.81917170841893,0.7098292843966868,1.2113569745285508,0.20884111096091368,
2020,15177,"Bryant, Myles",CB,9,2.5555555555555554,2.0,0.0,9.0,2.4088314876309775,0.9425862342903826,2.0,2.0,-0.7693756810160116,-0.24067709261154457,1.3155429141034183,0.749686678508001,86.26519661162766,150.6894672303241,,0.8947368421052632,,
2020,11501,"Robey, Nickell",CB,17,3.2411764705882353,2.5,-1.4,20.0,4.76124783736975,1.4689875360305944,2.0,3.0,0.3197161413513003,0.5096416664373112,1.312755298797131,0.5625823714030618,64.73541583519402,113.08089132464816,0.5151359840042632,0.4862706567457588,1.0769837670316216,0.8208281774429598
2020,13953,"Thomas, Tavierre",S,17,2.9058823529411764,2.0,-0.5,11.0,3.5389381239268225,1.2178532005416192,0.0,6.4,-0.09646762273364802,0.08790744477736319,1.3102230356055733,0.6402119336289118,75.31021914118718,120.514743127457,0.5642591792072106,0.9186573355107375,0.3845865523636619,
2020,14837,"Hamler, KJ",WR,15,3.6933333333333334,1.8,-2.7,24.2,6.762491322647954,1.8309994555906013,0.05,5.2,0.4265558318341457,0.15693107945071547,1.3046040422366783,0.4757922656296712,63.48764474672941,111.12787978402423,0.4650094162610798,0.3971182275803059,,
2020,10945,"Hekker, Johnny",PN,17,3.0588235294117645,2.6,-6.1,10.1,4.1810579611792615,1.366884333462451,0.9,5.5,1.5076907431655218,-0.14856895054135202,1.2923417871193958,0.590385892675006,76.28757614139188,104.92597888035246,0.27796381139462406,-0.29752856777527137,0.5639249127966947,0.702013443895446
2020,11789,"Ellis, Justin",DT,15,2.5,1.5,0.0,8.0,2.3380903889000244,0.9352361555600097,0.75,3.5,-0.9091845609903452,0.042598720835145355,1.2918320034572535,0.7489311878171777,73.90897775242561,100.0,1.0012730151795077,1.1332488737835011,,
2020,12760,"Worley, Daryl",S,9,2.8444444444444446,2.0,-0.9,10.0,3.419587730547877,1.2021988115207378,0.0,5.0,-0.1558604418104054,0.07677695009928226,1.291638352343039,0.6435994979314126,75.70870938570684,121.15242483924507,0.6488038468386947,0.35652534436652245,1.2761740783413695,0.8912649899087971
2020,13620,"Jackson, Justin",RB,10,3.6399999999999992,-0.1,-1.8,19.9,6.622265473385977,1.8193037014796645,-0.2,5.2,0.557486460937713,0.02359367577569546,1.2910989327221492,0.47754831063146264,70.54192689932202,146.30548279148658,0.4775483106314628,0.08831974225268302,0.8747225668947881,0.5014778301963398
2020,14250,"Hollins, Justin",DE,17,3.0176470588235293,2.0,-3.0,15.3,4.03590288668182,1.3374337051382248,0.0,4.5,0.0960359654823888,0.45910613958848184,1.2910086186359153,0.5992266186872145,65.87302958795085,91.90504699661489,0.7575227870444201,1.159141148269881,0.6304725962016267,
2020,14985,"Mann, Braden",PN,17,2.5647058823529414,2.2,-2.8,8.9,2.5319002806472986,0.9872088250230292,0.8,4.5,-0.4442852316664618,-0.3017964267082225,1.2906071320024557,0.7261546698829511,93.83113715357267,129.05540342568798,0.7844526411806859,0.7248897152849343,,
2020,14207,"Thornhill, Juan",S,17,3.0294117647058822,1.5,0.0,18.0,4.096162437306749,1.352131289984752,1.0,3.0,0.18082616652656006,0.1833810884907044,1.2879433123503583,0.5944496083030831,69.92704746370312,111.90035374815177,0.7143230134677249,0.5102859845013613,0.8466002141756407,
2020,11295,"Mingo, Barkevious",DE,17,2.4764705882352938,2.0,0.0,8.5,2.293348287282594,0.9260551278813327,1.0,4.0,-0.7369316904456642,-0.025295955847609932,1.2857734715825189,0.7519613391023025,82.66316948369237,115.3303943026407,0.6524685361568214,0.3062870566386034,0.3104132078777498,1.00799469481646
2020,13330,"Muhammad, Al-Quadin",DE,17,3.0823529411764707,2.0,-3.0,15.1,4.3803351059180855,1.4211010839810583,0.0,3.0,0.26067981559890363,0.5576252552443394,1.2731203011598775,0.5728923720357204,62.97810377065207,87.86609061408919,0.5260382444671861,0.473038208421535,0.9613804596485319,1.1991618383789382
2020,12323,"Pinion, Bradley",PN,17,2.5588235294117645,1.7,-1.9,8.6,2.604760082331037,1.0179522160833938,1.1,4.4,-0.3580469149205431,-0.28938916809848675,1.2680297922901949,0.7098457237012811,91.72375283247592,126.15690574163052,0.7066124424752607,1.215881076048051,0.4558071472387286,0.6432185144814073
2020,10269,"Quinn, Robert",DE,16,2.74375,2.0,-2.0,9.4,3.193346354140121,1.1638619969531192,0.75,3.875,-0.30671889806110764,0.2547238411374305,1.2679875167008834,0.6543103689231575,71.92839060822222,100.35339441027786,0.7305626978575354,0.7241007206743661,1.4751346807747212,1.290030963052347
2020,9577,"Huber, Kevin",PN,17,2.8294117647058825,2.0,-0.5,12.0,3.490283100919963,1.2335719899301323,-0.4,3.8,0.6900758194008452,-0.20237045600402848,1.266765422140877,0.630118792315388,81.42172084952517,111.98748465182733,0.6989799957858984,0.24905971162867216,0.968338132507101,0.7121490751633625
2020,10280,"Kerrigan, Ryan",DE,17,3.164705882352941,1.0,0.0,18.9,4.742168922546455,1.498454864001668,0.0,4.0,0.4336418944780073,0.6487100496489028,1.2666652209534683,0.5511342360422066,60.58623015993129,84.52898500382186,0.5357649648648091,0.5941099943750894,1.0033486313222388,1.040765140274101
2020,8687,"Olsen, Greg",TE,13,2.8307692307692305,2.6,-4.0,10.7,3.5201364954708168,1.2435264793782779,2.0,4.0,-0.05127139688212392,-0.0021463802461878993,1.2617498642377016,0.6262574666950135,128.2308277261631,317.2874258756953,0.6360795229641366,1.3670563708356243,0.6399012256456075,1.0136597295992835
2020,12956,"Lutz, Wil",PK,17,3.0352941176470587,2.4,-5.4,13.6,4.296639066344296,1.4155593823227333,1.0,5.7,0.014155278099501309,0.19933170874464182,1.2565595115812909,0.5730604029513375,74.27011735687023,100.0,0.2665628016353618,0.11935777179000591,0.9220841090271836,1.0560486869441637
2020,13391,"Hollister, Jacob",TE,17,2.5823529411764703,1.8,-1.3,9.5,2.7613371215702616,1.069310502658188,0.0,3.4,-0.3638843114712276,-0.021732150603168732,1.2479291715086935,0.6865518451848859,140.57654569706946,347.8350028120404,0.8515127460271186,1.788135593220339,0.6995144283287376,0.3744434359335766
2020,13378,"Breida, Matt",RB,13,2.9615384615384617,1.4,-0.7,13.2,4.119659892896025,1.3910539898090473,0.0,3.8,-0.20380930213171294,-0.05755087578405842,1.2385912129800858,0.5784639064887601,85.44885972158211,177.2227840244641,0.5969225808559104,0.4807252193938015,0.5803144230545902,1.0960450140456681
2020,14154,"Nelson, Anthony",DE,17,2.323529411764706,2.0,0.0,6.0,2.0504029479921617,0.8824519016675125,1.0,3.0,-0.8530632652365866,-0.07663915968332828,1.2343101089098099,0.761712288959759,83.73509217277127,116.825924502675,0.8293856498109287,1.8076923076923077,0.3746534686214364,
2020,14853,"Johnson, Collin",WR,14,3.385714285714286,0.7000000000000001,-3.0,19.2,5.920407459778079,1.7486435535209512,0.0,4.5249999999999995,0.13864326159117205,0.11607271867915774,1.2317764089044072,0.4892362632391674,65.28155315143624,114.26791180658688,0.6851068266448618,0.912835605280271,,
2020,14291,"Johnson, Darryl",DE,16,2.36875,2.0,0.0,7.0,2.191380486702389,0.9251210497952039,0.0,3.25,-0.7856738531639604,-0.026395841469362087,1.2304421066155762,0.7422336540158512,81.59380429273018,113.83843228500335,0.772416802723638,0.8830368802245057,0.5325145619129363,
2020,12523,"Coleman, Justin",CB,12,2.783333333333333,1.45,0.0,12.0,3.5130312963150336,1.2621669328077965,0.0,3.5,-0.2581672879818035,0.21484494415935185,1.2303837055378872,0.6167325574732823,70.96638749551536,123.9652553173283,0.6148783890882745,0.3333333333333333,0.9957465090203351,1.2123623127720164
2020,13294,"Ebukam, Samson",DE,17,2.4411764705882355,1.5,0.0,9.1,2.4598084151913877,1.007632362849484,1.0,3.0,-0.6573612123685494,0.07076199598340732,1.2159479572860696,0.7055814015219672,77.56461927707765,108.2169747546921,0.895849555448771,0.7128798317482422,1.1979791241770674,0.6701219466052944
2020,13617,"Freeman, Royce",RB,17,2.3823529411764706,1.9,0.0,7.0,2.29070636270527,0.9615310658269034,0.0,4.1,-0.7601792647977823,-0.13893667500666804,1.2145374512190892,0.7239640000021006,106.94167360441351,221.79934508386205,0.6940438494302592,0.857895422228186,0.976418688559884,0.8612309893772668
2020,12326,"Mayo, David",LB,12,2.4583333333333335,1.75,0.0,8.0,2.5368807399814615,1.031951487450086,0.0,4.125,-0.3531714487116328,-0.1559885525813761,1.2098385953191817,0.6950568916683967,81.36140722931299,195.53779554848893,0.6780314417609734,0.5874385727135263,1.230071086793024,0.4237267025134339
2020,14953,"Dye, Troy",LB,10,2.2,1.5,0.0,5.5,1.8193405398660252,0.826972972666375,1.0,3.875,-0.6959716278494993,-0.23712954991198912,1.2041776385937506,0.7803243236819288,91.34257329299766,219.5257681703923,0.7803243236819288,1.022676927255827,,
2020,14222,"Edwards, Mike",S,17,3.2529411764705887,0.0,0.0,17.0,5.5363098399203245,1.701939733791058,0.0,3.0,0.8974925444555587,0.43209989935839654,1.2039281023882895,0.4976724262065032,58.54283169276662,93.68282822522272,0.39569441930232574,0.14285714285714288,1.23145541875787,
2020,14121,"Isabella, Andy",WR,12,3.216666666666667,1.4,-2.1,15.2,5.3863768486391255,1.674521300095065,-0.575,4.875,-0.043944402917013785,0.07929923073758412,1.2027074402257825,0.5036763008045958,67.20836878361153,117.64058276945771,0.43672781369736646,0.5162593864021991,0.3288607586312627,
2020,14809,"Smith, Rodney",RB,8,2.4875,3.6999999999999997,-3.2,5.9,2.7186566075913303,1.0929272794337006,1.15,4.1,-0.6299962624197177,-0.1140397829850015,1.1885267225687182,0.6689243623414902,98.8113923114361,204.9369657573471,,2.314435525004995,,
2020,13980,"Badgley, Mike",PK,17,3.0588235294117645,3.4,-6.0,12.4,4.838699244696124,1.5818824453814253,0.6,6.0,0.5640816995346701,0.4292150486473463,1.184726103577454,0.5238878389206981,67.89722528042374,91.41930522901353,0.4695746168270593,0.8620411595983534,0.9394028375471277,0.7443773431425899
2020,14925,"Uche, Josh",DE,11,1.9909090909090907,1.5,0.0,5.0,1.3687781847356657,0.6875141567165445,1.25,2.5,-1.1788902903800318,-0.30618016486520017,1.1797880823606675,0.8404793254760822,92.39395872706787,128.90664316079497,0.8170526676116069,0.9166666666666666,,
2020,13789,"Wilkins, Jordan",RB,17,3.0941176470588236,2.0,-1.7,21.1,5.030316396110955,1.625767656537761,0.0,4.5,0.07321355073566421,-0.013077441914485177,1.1783668822924767,0.5130937489539137,75.7925866879225,157.1954648080172,0.6875622445429352,0.5885907562912887,0.5499179392245284,0.592641387826475
2020,10398,"Smith, Lee",TE,11,2.9909090909090907,0.0,-1.0,10.2,4.606014752562832,1.5400049324678162,0.0,7.199999999999999,0.3960926607521129,0.031184425615172574,1.1775209774900655,0.5335178773016561,109.24171391383051,270.3017895196544,0.4936227884273143,0.9469821337556528,0.24606584214903046,0.4597895413476241
2020,12268,"Jones, Byron",CB,15,2.8066666666666666,2.0,-0.9,15.3,3.8953761763859927,1.3879012504938215,0.75,3.5,-0.08115411501370509,0.39406337865819313,1.175369654036675,0.5733301314422553,65.97214266987757,115.24122614271997,0.5485423161438484,0.3558262671149617,1.1855277996363462,1.353141843338952
2020,12912,"Richard, Jalen",RB,15,2.433333333333333,3.0,-4.6,7.3,2.6188207693964514,1.0762277134505966,1.35,3.35,-0.6603664498806464,-0.11720400880001788,1.1719973284092442,0.6724105691863722,99.3263637665385,206.00502769829924,0.5585385821780421,1.2613780528029424,0.8500236960477191,1.0942443698053328
2020,8444,"Koch, Sam",PN,17,2.5823529411764703,1.8,-1.1,9.6,3.1359838111297416,1.2143900863144788,-0.2,3.2,0.27072010239780825,-0.2101117893630953,1.1661689406650164,0.6243624392889251,80.6779052786393,110.9644402607328,0.4316432139087351,0.07764340525977774,0.663270271312937,1.1464728906506287
2020,13611,"Adams, Josh",RB,9,2.822222222222222,0.5,-0.3,12.3,4.02016521987116,1.4244679912929308,0.5,3.0,-0.23407570671911848,-0.051219606684893,1.1640583552176225,0.562177159239921,83.04303290096965,172.23304714068476,0.5038505976384028,0.5585071894734603,,0.7955835409773089
2020,12328,"Boyle, Nick",TE,9,3.088888888888889,1.8,-1.4,14.4,5.109782435995673,1.6542461123727,-1.0,3.0,0.6036366957243673,0.04402768808198148,1.1637537583610325,0.5055644650602868,103.51804692364182,256.13945743391895,0.4830299629284887,0.6019713242575017,0.6190825274481768,0.39189648602342464
2020,11712,"Lynch, Aaron",DE,9,2.3555555555555556,1.0,-0.8,5.0,2.4198765400606295,1.0273060783276258,0.0,5.0,-0.6764492572630664,0.09392797868034815,1.1619141188086957,0.688783799053107,75.71805750907409,105.64067991700084,0.6663790380800921,0.9916006021268758,0.5548473534774033,0.5251209977561667
2020,14600,"Slye, Joey",PK,17,2.6705882352941175,2.9,-1.8,10.2,3.4880914562150487,1.3061135408734765,-0.6,4.6,-0.8061257747354433,0.0480611927492828,1.1580471594137514,0.595038728900215,77.1185655119407,103.83525468444273,0.4740815945202445,0.3774438235235417,0.7232458971714939,
2020,10722,"Jeffery, Alshon",WR,9,2.9222222222222225,4.4,-3.0,11.6,4.4601389559264675,1.5262832929025933,-1.0,4.4,-0.36062964545151593,0.0057554794615134654,1.1567278422146838,0.5351919146765349,71.41367484260938,125.00149130597129,0.4433069874691158,1.6706731445107836,0.9518949257131131,1.2505959890089882
2020,13431,"Sanchez, Rigoberto",PN,15,2.2066666666666666,2.1,-1.6,6.7,2.0859743260378085,0.945305585817738,0.7,2.65,-0.9720920995160954,-0.3187075190592527,1.1343547680911332,0.7150631967505329,92.39793623937783,127.0841780117963,0.6291908728582158,0.6913142925151087,0.7532365542828253,1.0013844534854246
2020,9841,"Robinson, Patrick",CB,12,3.0583333333333336,0.5,-1.8,16.0,5.190128182959988,1.697044637480105,0.0,3.25,0.5182737126792938,0.8347083423482388,1.1339572548531442,0.4940662362618319,56.85137835864445,99.30892471899821,0.6082725453937046,0.7001135432814013,0.5809592234967482,
2020,13339,"Ford, Rudy",S,9,2.0555555555555554,2.0,-0.5,4.0,1.6740576859243737,0.8144064418010467,1.0,4.0,-1.0244956192764936,-0.19894897581247892,1.1329079902930321,0.7687027719617001,90.4250157955183,144.7021091581615,0.8227376898932048,1.0769230769230769,0.25735931288071484,0.33060530198386345
2020,13275,"Adams, Montravius",DT,8,2.5,1.0,0.0,9.0,3.0413812651491097,1.2165525060596438,0.75,3.0,-0.44872549276182294,0.597761021438758,1.1278776357273121,0.6186003833785182,61.04715989464927,82.59775977302807,0.5130473916859156,0.8214851396750182,0.5130829156354558,0.6094337654680249
2020,13676,"Smythe, Durham",TE,16,2.3062500000000004,2.25,-1.0,7.5,2.4278253515234574,1.0527155995765667,0.2,3.8,-0.5012856985442831,-0.023597788686266004,1.1235117034603979,0.6728026557639566,137.76129792155962,340.8691059545288,0.6734779171857694,0.543163633979008,0.23225471772044815,0.15730439150413206
2020,15121,"Huff, Bryce",DE,15,2.4466666666666668,1.0,0.0,9.0,2.9016929924136057,1.1859780622943892,0.0,4.85,-0.4461336499114248,0.2807657134817523,1.119254904186303,0.6270782123103815,68.93475747785978,96.17672308883452,0.44039102080875714,0.0,,
2020,12486,"Marlowe, Dean",S,16,2.55625,1.0,-1.0,13.0,3.316807341028418,1.2975285441675963,0.5,4.9,-0.20700746283434063,0.1445577546055062,1.112608592606687,0.5921621694126867,69.65796856176613,111.46976178974622,0.8169724092725182,0.9950718673920792,0.6649651444295495,
2020,14843,"Bowden, Lynn",WR,11,2.827272727272727,1.2,-1.0,12.8,4.423715203123626,1.5646581104295785,-0.1,3.95,-0.3730831037705258,0.024793970931550714,1.1023975148091614,0.5212797172027845,69.55729189008093,121.75210471422311,0.5792643479289789,0.8233145610366994,,
2020,14405,"Granderson, Carl",DE,16,2.5062499999999996,1.0,0.0,9.9,3.2117885885437727,1.2815116562768172,0.0,3.25,-0.2979032289471632,0.393257407673039,1.098504140053324,0.5950559832981875,65.41455130975984,91.26538508994923,0.5601280234641811,0.37745098039215685,0.8582506375339307,
2020,9866,"Lee, Sean",LB,10,1.9,1.5,0.0,3.5,1.392838827718412,0.7330730672202169,0.625,3.5,-0.8997300560229834,-0.2742999430392449,1.0963184622374447,0.7940359283670027,92.94761521966902,223.3832034187731,0.7940359283670027,1.1818181818181817,0.8660929844087977,0.9890550543404301
2020,13708,"Jackson, Josh",CB,14,2.0714285714285716,1.25,0.0,6.0,1.8789923482808437,0.9070997543424761,1.0,3.0,-1.0146738714917087,-0.2912586005020128,1.086166870249927,0.7194977689556906,82.79140910455392,144.62139795936463,0.807453253147351,0.5714285714285715,0.4139098249374452,1.3229549665079623
2020,13829,"Downs, Devante",LB,17,2.176470588235294,2.0,0.0,6.0,2.1891522430503993,1.0058267062663997,0.0,3.5,-0.5192964839641975,-0.16633007936297606,1.0850740901174492,0.6824605482469902,79.8869146532459,191.99411264408485,0.6686378820818245,0.4258232721225164,0.04347826086956522,0.15100980142855683
2020,12206,"Williams, Maxx",TE,8,2.425,1.95,-2.0,7.4,3.0053078045351693,1.2393021874371832,0.0,4.925,-0.26337238579065975,-0.0026212850938188087,1.0829266427749717,0.6054466019450981,123.96964992869587,306.7437979624116,0.705026232764079,0.8911007129399253,0.6567046703527638,0.5855382175204418
2020,13880,"Arnold, Dan",TE,17,3.1117647058823534,2.8,-4.5,19.2,5.875060185217746,1.8880155604669504,0.0,6.3,0.9189185948444561,0.07030859993088977,1.077475048430565,0.452616358555383,92.67653223562074,229.31379975898287,0.4053529574161129,0.006087157395056292,,0.3703715264037512
2020,14125,"Boykin, Miles",WR,17,2.429411764705882,1.2,-2.0,9.6,3.1127375327992053,1.2812721079318763,0.0,4.6,-0.821312748390346,-0.11579932276910414,1.0649373024195277,0.5907043046951698,78.82100604813202,137.9671795908588,0.4824281498450758,0.4247773422343899,0.4167957999067523,
2020,10263,"Clayborn, Adrian",DE,16,2.7437500000000004,1.0,0.0,15.3,4.32968947356505,1.5780189425294031,0.0,3.25,0.23647043146904853,0.7423974910739556,1.0642862062557197,0.5148048518790523,56.59253808541305,78.95704668407978,0.486708399223944,0.5714285714285715,0.7455765024321754,0.628846331191235
2020,13222,"McMillan, Raekwon",LB,17,2.6294117647058823,0.5,-0.8,9.5,3.9171965824737396,1.4897615638043304,0.0,3.5,0.3062654971167196,0.025236129539988862,1.0560897890511924,0.5347379793758581,62.59492571398867,150.4358663824222,0.6754753633346241,1.4531250000000002,1.6061976327282934,1.8645028215880328
2020,14072,"Snell, Benny",RB,17,2.9588235294117644,2.5,-6.8,16.9,5.440378319839143,1.8386964500450385,-1.3,5.9,0.1979549033339631,0.027268204544692413,1.0423176910531664,0.45941765878835283,67.86372432069176,140.75083269184958,0.5607385903568912,0.3863788707679879,0.5913387835557038,
2020,12637,"Barber, Peyton",RB,17,2.264705882352941,2.6,-1.5,9.4,2.656831632840048,1.1731464352800212,0.0,3.0,-0.6488034974458663,-0.09883989551220322,1.0421322031440197,0.6193082180800531,91.48225231952945,189.7361708245311,0.8819207770749741,1.2857142857142858,0.70193611027539,0.7372312522747655
2020,14095,"Johnson, Ty",RB,14,2.942857142857143,0.8,-1.7,18.4,5.48396549506107,1.8634834206518198,-0.07500000000000001,2.4250000000000003,0.2112141768204873,0.03196482793894016,1.0277192882043142,0.45386687284174476,67.04377976689018,139.05024994511797,0.49469972161575093,0.5821240421502559,0.5123267282653043,
2020,14478,"Vaughters, James",DE,15,1.8599999999999999,1.5,0.0,5.7,1.521753374674534,0.81814697563147,1.0,2.0,-1.1057658181698302,-0.15235880732864093,1.023019604536643,0.7375820406069875,81.08245206277573,113.1250014466199,0.6520846787469998,0.6948413508591167,,
2020,14922,"Blacklock, Ross",DT,16,2.00625,2.5,-1.0,6.0,1.9301776958352823,0.9620823406032559,0.0,3.5,-1.1762534295201503,0.09557818621129044,1.0225106044138619,0.6846854383102846,67.56882561530831,91.42167524173446,0.7831701983611994,0.6365279985860712,,
2020,14728,"Roberson, Derick",DE,8,2.125,1.5,0.0,6.5,2.301494079940246,1.0830560376189393,0.0,3.125,-0.7330378774092983,0.1595740735287076,1.0201357820546226,0.6436479813522672,70.75627349921561,98.71807448249224,0.8101011310758842,0.7447377119325604,,
2020,14865,"Swain, Freddie",WR,17,2.429411764705882,0.1,-2.0,8.9,3.3602809241599663,1.383166482099744,0.0,5.0,-0.7366764583533377,-0.06524754693132752,1.0194049735733917,0.5571686336182393,74.34615236622602,130.13445868905583,0.41325164938951237,0.39558602812609034,,
2020,12964,"Scarlett, Brennan",DE,12,1.9166666666666667,1.75,0.0,5.0,1.6935334527417978,0.8835826709957205,0.5,2.625,-1.02365232283823,-0.07530766829723998,1.017564397984962,0.7115807916607295,78.22413270955191,109.13711784490047,0.6842105263157895,0.4274007043062177,1.0267219312334466,0.6265265287500843
2020,14934,"Elliott, Jordan",DT,17,2.0294117647058822,1.5,0.0,8.0,2.0253582706690376,0.9980026261267723,0.0,3.0,-1.1139367405348606,0.16646488836762283,1.0157202689167621,0.6708004748994874,66.19857495875218,89.56770472526203,0.8836054975373429,0.9545454545454545,,
2020,13289,"Hollins, Mack",WR,17,2.2588235294117647,0.5,-0.3,7.7,2.7808290815191854,1.2310962079642227,0.0,5.9,-0.9347938629288892,-0.14069256018616463,1.0124276673271935,0.5974413232412349,79.71996441925782,139.5407036709509,0.9603521391616235,2.109954355647828,0.20571070006737102,
2020,14847,"Duvernay, Devin",WR,17,2.4176470588235297,0.9,-0.7,10.8,3.385824305597339,1.400462608154617,0.0,3.8,-0.7279430519473928,-0.05666660324009484,1.0071588078941682,0.551241201280691,73.55522164773583,128.75002469166148,0.3790950016241421,0.37476365069696516,,
2020,8930,"Prater, Matt",PK,17,2.864705882352941,1.4,-3.0,17.8,5.340405489833871,1.864207255178148,0.2,3.5,1.0730685814693934,0.8194301458197921,1.0001740890691104,0.45181745661948214,58.55671645465457,78.84290282360497,0.4068641810329507,0.5291786046021211,0.7432140034330837,0.8723180805991911
2020,11781,"Gaines, Phillip",CB,12,2.25,1.0,0.0,9.0,2.832107577994405,1.2587144791086244,0.0,3.5,-0.5734126965427881,0.20992390622370707,0.9961418412157772,0.5871442683186816,67.56171237656689,118.01791270502926,0.6543821107915335,0.687413171909233,,0.9072162504569845
2020,12330,"O'Shaughnessy, James",TE,16,2.19375,2.1,-3.0,7.5,2.6479871482882995,1.2070596687354072,0.85,3.425,-0.4105826440411686,-0.006246064972866633,0.9939695020828172,0.6013590264508872,123.132688747567,304.67286647559814,0.6136363636363636,1.129602465066363,,0.555630979089309
2020,14890,"Phillips, Jacob",LB,8,1.75,1.5,0.0,5.0,1.346291201783626,0.769309258162072,1.375,1.625,-0.9219678825675032,-0.2599558022614315,0.9890865556301164,0.7458579730724252,87.30803911131808,209.82947668753766,,0.7746242633216948,,
2020,8359,"Gostkowski, Stephen",PK,17,3.152941176470588,2.4,-9.0,24.2,6.902183597116531,2.189125394607855,0.4,6.0,2.657510825917562,1.2685155926210931,0.9886538741316202,0.3989961936117355,51.71094350939563,69.62550397075977,0.8912341049492775,0.682273170458265,,0.7635709613947272
2020,14472,"Dodson, Tyrel",LB,11,2.6363636363636362,1.0,0.0,15.0,4.395715419540576,1.6673403315498736,0.0,3.0,0.5348747695184124,0.09553090328648939,0.9883866731140986,0.4886031659149497,57.1945140492236,137.45692921868476,0.4329686366566459,0.40271214587634024,,
2020,15020,"Jackson, Chris",CB,13,2.230769230769231,1.0,0.0,8.0,2.832608098387995,1.2697898372084115,0.0,3.0,-0.5731809719725829,0.22571043433065144,0.9828087139172447,0.582049918359119,66.9755140173474,116.99393174965323,0.43356676492567386,0.2727272727272727,,
2020,13756,"Apke, Troy",CB,17,2.0,1.0,0.0,7.0,2.072225288683357,1.0361126443416786,0.5,3.5,-0.9252133407367098,-0.10736697408411117,0.9822639260936593,0.6509939252720384,74.90878598554194,130.8519019767722,0.45113066040420413,0.3798734633239789,0.4750251646998724,
2020,13776,"Watson, Justin",WR,10,2.28,0.75,0.0,8.6,3.0152280179117463,1.3224684289086608,0.0,4.425,-0.8546517260056099,-0.09536102869873107,0.9817140985082767,0.5678382372879013,75.76985774418425,132.62649254415902,0.5678382372879014,0.4572681607850985,0.4709753191332021,0.23789284310486364
2020,9686,"Succop, Ryan",PK,17,2.605882352941176,2.4,-4.0,11.8,4.362200010010504,1.673981945150758,0.0,4.8,0.08066762594599727,0.5565103270109448,0.9745325160728627,0.4859726134937797,62.98331353993913,84.80303489666288,0.3456670859034937,-0.2588995571268359,,0.7446884545380926
2020,11227,"Stills, Kenny",WR,10,2.33,1.45,-2.0,9.8,3.2551651263799197,1.397066577845459,0.0,4.3,-0.7726160611012775,-0.05835143976153048,0.972021395456717,0.5475698194542797,73.06532846963569,127.89252256790012,0.5475698194542797,0.4197224785893616,1.1064774940668443,0.701361248830787
2020,11957,"Inman, Dontrelle",WR,9,2.233333333333333,1.2,-0.9,8.5,2.912043955712207,1.3039002786771077,0.0,3.8,-0.8899308589588689,-0.10457304826206076,0.9693706598341599,0.5708865643169246,76.17661320758879,133.33847158227007,0.4748690324764537,0.45573159353735815,0.5623256043545711,0.903974334987273
2020,13148,"Ogunbowale, Dare",RB,15,2.14,1.5,-1.0,6.6,2.608396697845888,1.218876961610228,0.0,3.7,-0.6635374655481743,-0.09017489714669294,0.9644518542600997,0.5930611790210096,87.6051226775495,181.69492005284977,0.7563821021541649,2.2420748919902826,0.7040800790743804,
2020,14549,"Webster, Nsimba",WR,17,2.1470588235294117,1.0,0.0,7.0,2.633297563011693,1.2264673581150352,0.0,2.0,-0.9852356069858047,-0.14298902239886102,0.9643342920361285,0.5909394389788662,78.8523813414049,138.02209846260033,0.765819711165195,1.148088640311328,,
2020,14810,"Vaughn, Ke'Shawn",RB,11,2.563636363636364,4.8,-7.0,6.7,4.261086657665182,1.6621260012169146,0.0,6.3,-0.16078710253192768,-0.006188280067917374,0.9630033899464079,0.48728267189844776,71.97985597501965,149.28777880872053,0.5234400336459352,1.1681322071170872,,
2020,11247,"Ertz, Zach",TE,12,2.4166666666666674,0.7,-2.8,10.5,3.7170403399598566,1.5380856579144229,0.475,3.5500000000000003,0.02984976219725276,0.030968656250258613,0.9521611924841311,0.5123269025694264,104.90270579856062,259.56558247677617,0.42194656676937753,0.4634133998627392,1.141604940958068,1.0191224814866586
2020,11776,"Brooks, Terrence",S,15,1.7,1.0,0.0,4.5,1.351542328847553,0.79502489932209,0.75,3.0,-1.1849902411209365,-0.21272952995146646,0.9470620717528893,0.7229297891623062,85.04059044463716,136.0857135952448,0.6988368850582033,0.7288352777636485,0.4937153523408598,0.38858068794902717
2020,11350,"Swearinger, D.J.",S,13,1.6846153846153844,1.0,0.0,4.0,1.316081686643029,0.7812357043999716,1.0,3.0,-1.2026366639535107,-0.22253384492606765,0.9457565781182593,0.7273557726096856,85.56123332214187,136.91886935231398,0.7031346231572577,0.7288352777636485,2.0930131244058914,0.9695561128264554
2020,13328,"Taylor, Vincent",DT,16,2.0625,1.5,-0.5,7.5,2.4486922530199666,1.1872447287369534,0.0,2.125,-0.8367712352713732,0.5399237394779132,0.9429671828222952,0.598052783107539,59.01940066122787,79.85416989384747,0.550626759273829,0.7746242633216948,,1.69837528687647
2020,13537,"Bower, Tashawn",DE,9,1.8888888888888888,1.0,0.0,6.5,1.8970412309959857,1.0043159458214042,1.0,2.5,-0.9263725032710497,0.0668568841313172,0.9424107475804112,0.6520062154032582,71.6750948295333,100.0,0.5888881191012677,0.7949729576060567,,
2020,13303,"Elliott, Jake",PK,17,2.2470588235294118,2.4,-2.4,11.3,3.1179023202936835,1.387548153010278,0.2,3.0,-1.1816870037310934,0.16061600191055445,0.9411574885709703,0.5456804578524228,70.72160532349957,95.22215372796579,1.1172938045399918,1.234863296632813,0.6375323967027375,0.8365092267877554
2020,11814,"Allen, Ricardo",S,13,2.6692307692307695,1.5,-8.2,15.9,4.914090355667938,1.8410136779159418,1.5,4.0,0.5878549453828898,0.5309834644005661,0.9395346421523793,0.4513341204996362,53.09190556329798,84.96001517553411,0.6417544541277473,1.0909090909090908,1.204600444915545,
2020,14879,"Epenesa, A.J.",DE,15,1.9266666666666665,1.0,0.0,7.0,2.0351794897638773,1.0563215344795212,0.5,2.5,-0.8603403102829252,0.12809394778290353,0.9369481544404136,0.6347784943738376,69.78125009414721,97.3577366867944,0.6504761395303805,0.6061230866018628,,
2020,10808,"Wilson, Tavon",S,16,2.15625,1.0,-1.0,11.0,2.8379060832768936,1.3161303574617478,0.75,3.0,-0.4453250330744185,0.15778391013268955,0.9309709158007148,0.5618297981275622,66.0898727351134,105.75993705537586,0.7558215818209341,0.6923076923076923,1.5692779102228214,0.8653712719586283
2020,14590,"Al-Shaair, Azeez",LB,17,2.264705882352941,1.0,0.0,11.5,3.2454386409726403,1.4330508284814256,0.0,2.5,-0.014662504752464252,0.002787115172271342,0.9308091125109968,0.5334444974651881,62.44351435509233,150.0719758801827,0.6405764746872633,0.8648076346038434,0.5544163152083399,
2020,14670,"Ekuale, Daniel",DT,10,2.2800000000000002,0.75,0.0,9.3,3.3053895383146603,1.4497322536467807,0.0,2.25,-0.2758738213242771,1.0579283913578164,0.9307139572522224,0.5295688066572726,52.26099511717145,70.70994175055587,0.5295688066572726,0.51159182551264,,
2020,11225,"Patterson, Cordarrelle",RB,17,2.511764705882353,1.3,-4.0,13.1,4.308798433976308,1.7154466833160944,0.0,4.2,-0.14627312020992497,0.003914897400479748,0.924991354577065,0.4731324304586627,69.88962703894997,144.95259876646188,0.5124155169470087,0.25324346003355813,0.40750430240457597,0.7688466370920367
2020,14278,"Shelley, Duke",CB,12,2.0,1.0,0.0,7.0,2.345207879911715,1.1726039399558574,0.0,3.0,-0.7988313302612012,0.08718417768477882,0.9205543464312393,0.597870168849651,68.79592387407179,120.17385369066062,0.7111388365901293,1.603755951289993,0.0,
2020,14559,"Gustin, Porter",DE,15,1.88,1.0,0.0,7.5,1.9616999430765825,1.0434574165300972,0.5,3.0,-0.8954646534649832,0.11294632942078663,0.9200093844834522,0.6347705831560627,69.78038041335147,97.35652332140185,0.701661356992634,0.8062921352233355,,
2020,14535,"Bledsoe, Amani",DT,15,1.8666666666666667,2.0,0.0,6.0,1.9275776393067945,1.0326308782000684,0.0,3.0,-1.1779557402522818,0.23480183377712152,0.9183500490357768,0.6376147438770111,62.92360992092695,85.13662593427206,0.6186443415408863,0.48013721006779103,,
2020,14043,"Leavitt, Dallin",S,10,2.08,0.5,-1.2,5.5,2.649075310367752,1.2735938992152653,0.0,5.25,-0.5392936544924302,0.1275398794327147,0.9148511529336507,0.5700074191646044,67.05183298609212,107.29930838993782,0.5700074191646044,1.0086984950313584,0.3101020514433644,
2020,11248,"Reed, Jordan",TE,12,2.766666666666666,-0.4,-2.0,15.0,5.625290115975254,2.0332373913163573,-1.5499999999999998,6.55,0.8160174169986626,0.08663478013195514,0.9121167616445591,0.4175917760937791,85.50499107457628,211.5689261205736,0.28839899534017965,-0.09024712662264542,,0.9020253116110608
2020,12639,"Ervin, Tyler",RB,8,2.4000000000000004,0.44999999999999996,-0.6,9.9,3.9210967853395307,1.6337903272248042,-0.1,2.9000000000000004,-0.2642124490211494,-0.011557310090759844,0.911234267660499,0.48769615894364343,72.04093497428873,149.4144579748459,0.44022743307486,0.3784148080689383,0.240804271530418,0.225482652148595
2020,11355,"Wreh-Wilson, Blidi",CB,16,2.6875,0.0,0.0,15.5,5.30882225639548,1.975375723309946,0.0,1.25,0.573225186195627,1.2314342513347474,0.9032472702339255,0.42599076194856883,49.0180469891305,85.62553237683625,0.4578566969857367,0.391304347826087,0.6743629497769099,
2020,15114,"Hartsfield, Myles",S,15,1.8933333333333333,0.5,0.0,5.5,2.079893159649205,1.0985351195330308,0.0,3.5,-0.8225380707216422,0.0030705812055294613,0.9022166537554257,0.6147399390792442,72.31386529219674,115.7198451899929,0.9325566878605381,1.400164741739556,,
2020,12813,"Houston-Carson, DeAndre",S,17,2.0294117647058822,1.0,0.0,10.0,2.5464542143427487,1.2547745404007749,0.0,3.0,-0.5903614056503141,0.11415904592652214,0.9000508602271002,0.5722368433514334,67.31408742911236,107.71897954738547,0.7183493250450707,1.111225658770082,0.1712744668486174,0.49386116786882356
2020,12212,"Kroft, Tyler",TE,12,2.525,0.0,-1.0,12.3,4.561820725689835,1.806661673540529,0.0,2.7,0.37788544548099545,0.061162604385666425,0.8996453059533818,0.45398802380255127,92.95739079517745,230.00874099095566,0.5186842525247487,0.4757579526127374,0.14260398844000702,
2020,15149,"Harris, De'Michael",WR,9,2.2222222222222223,0.0,-1.1,9.5,3.280507338059424,1.4762283021267408,0.0,4.2,-0.7639514356144272,-0.019077772559782342,0.897422188541193,0.5191492612251124,69.27301313645303,121.2545071850607,,-0.2099440397828881,,
2020,13268,"Anzalone, Alex",LB,17,1.7705882352941178,1.0,-1.4,5.5,1.7475242002472604,0.9869738008041005,1.0,3.0,-0.7302814185516479,-0.17379302519124923,0.891097927198429,0.644430442190382,75.43521727000224,181.2952429660439,0.5,0.75,,1.1233350449981487
2020,13912,"Batson, Cameron",WR,13,1.9461538461538457,2.4,-2.0,6.9,2.3063842446616887,1.1850986237392078,0.7,2.6,-1.0970088612695692,-0.16351285410142447,0.8906480581748423,0.5886048632417729,78.54086573735285,137.47682593381074,0.663354853152332,0.5049944702674327,,0.4117848979713128
2020,15125,"Jackson, Lamar",CB,14,2.0,0.5,0.0,7.0,2.5071326821120348,1.2535663410560174,0.0,4.0,-0.7238654434043121,0.2025858838018882,0.8874821936960611,0.5702664202586079,65.61960653018708,114.62541020354627,0.43297274793524987,0.0,,
2020,14844,"Edwards, Bryan",WR,13,2.1384615384615384,2.0,-1.3,8.6,3.015482729957935,1.4101178233616243,0.0,2.2,-0.854564638717605,-0.051876463658825964,0.8872850603954371,0.5325540370295505,71.06168795455972,124.38537841130054,0.38038069821153647,0.6352948181217194,,
2020,14756,"Larkin, Austin",DE,8,1.75,1.0,0.0,6.0,1.713913650100261,0.9793792286287205,1.0,2.0,-1.0139102778963482,0.037493668034894186,0.8841155725436047,0.6448252323486229,70.88568879435934,98.89863273002788,0.7097150509063962,0.7485356067124528,,
2020,12990,"Farley, Matthias",S,17,2.2411764705882353,1.0,-2.0,9.0,3.464281408133653,1.5457423605845695,0.0,2.0,-0.1336193462297754,0.3210413311264464,0.8803626420678338,0.5020240136531148,59.05472312590307,94.50197953399704,0.7142577884490906,1.61214769453122,0.28813817516882295,
2020,13781,"Avery, Genard",DE,12,1.9333333333333333,1.4,0.0,8.9,2.346036847299908,1.2134673348102971,0.75,1.875,-0.711745755757031,0.31313458717836257,0.8734410953026454,0.5777979805851334,63.517377706496816,88.61847739101262,0.5903528059527322,0.7570191504400292,0.3310870663892782,1.0652931355115316
2020,14630,"Cole, A.J.",PN,17,1.9823529411764704,2.6,-3.4,7.8,2.5231248818776635,1.2727929671192961,0.3,3.1,-0.4546719689506567,-0.18654185707175672,0.8722100824207712,0.5626689395466355,72.70608952658229,100.0,0.5915004153427853,0.3025275152023402,1.066172575586989,
2020,12361,"Nunez-Roches, Rakeem",DT,17,2.0,1.5,0.0,10.5,2.623423896585619,1.3117119482928095,0.0,1.5,-0.7223708178859172,0.7855529317933946,0.8651596932208584,0.5519641248391103,54.47109812821602,73.70024560572189,0.5906470833462758,0.5989038972657592,0.5267865805711318,
2020,15077,"Wright, Isaiah",WR,15,2.3399999999999994,0.9,-2.5,12.0,4.031509229391229,1.7228671920475342,-0.5,2.9,-0.507180234639535,0.1032845656750384,0.8593882238671995,0.4650692055439437,62.056806377762776,108.62336044185592,0.3670268494264556,0.024946640740149243,,
2020,13287,"Thompson, Tedric",S,8,1.5,1.5,0.0,3.5,1.14564392373896,0.7637626158259733,0.75,2.125,-1.2874522973956903,-0.2349574610201294,0.850454583026496,0.6990908339470081,82.2363363421173,131.59822216734548,0.6961714058481702,0.45757913208220313,,0.9182347335360841
2020,14959,"Reid, John",CB,14,2.107142857142857,0.0,-0.5,7.0,3.117797823032488,1.4796328651679602,0.0,5.5,-0.4411474580208569,0.5248152424174802,0.849780177841016,0.5117159578250213,58.88230240256526,102.85657631181253,0.5293619295475649,0.9482341717067926,,
2020,11383,"Martin, Sam",PN,17,2.2588235294117647,1.7,-7.9,8.0,3.7890024798603053,1.6774229728548227,0.7,4.6,1.0436460436381014,-0.023243374072205076,0.8436558408264037,0.47166889950695,60.94738633002957,83.82707243214672,0.8195204846158581,0.8060802736023064,1.0957197256003182,1.0892077457673432
2020,14230,"Redwine, Sheldrick",S,16,2.0125,1.5,-1.5,10.7,2.816663584810937,1.3995843899681675,0.0,2.0,-0.45589602352034875,0.21712092184474432,0.8386869027876521,0.527293002194138,62.027196715568536,99.25866322442825,0.7559858376589889,1.0769230769230769,0.8570218886363655,
2020,13679,"Herndon, Chris",TE,17,2.5294117647058822,0.2,-6.9,10.3,5.120979307295036,2.024573214511991,0.0,8.6,0.6082496233196812,0.0856607329726912,0.8362871669198452,0.4132364508553897,84.61320616176292,209.36234175674517,0.6103679667522602,1.9225298207184014,,0.8553329365493152
2020,14737,"Giles-Harris, Joe",LB,10,1.95,0.75,-1.4,7.4,2.625737991498771,1.3465323033327032,0.5,3.375,-0.31072047281797305,-0.03146134948046863,0.8310134905155487,0.537821542696175,62.955878974116,151.30335389505106,0.537821542696175,0.6852466222232309,,
2020,14674,"Perry, Jamal",CB,14,1.8928571428571428,1.0,-0.5,8.0,2.436175071621873,1.2870358868945744,0.0,2.75,-0.7567164960371261,0.2502925061382982,0.8276464543926932,0.5508616713070197,63.38673440974409,110.72499238223399,0.3693168768529816,0.14285714285714288,1.0503964873451395,
2020,12755,"Redmond, Will",S,12,1.7916666666666667,1.75,-3.0,5.0,2.125816836470683,1.18650242035573,0.75,3.625,-0.7996848856455161,0.06561659129548905,0.8194213049968516,0.5731835102307572,67.42544694365851,107.89718196723462,0.45947602779442653,0.24131511569872388,0.6901055049284917,
2020,13502,"Hamilton, Justin",DT,12,1.75,1.5,0.0,5.5,1.9947848672643038,1.1398770670081737,0.0,2.25,-1.1339537794582157,0.4464462718054565,0.8178039883602882,0.5843491527986121,57.66704503215882,78.02441162875675,0.5659962871993202,0.9545454545454545,,
2020,13474,"Barrett, Alex",DE,8,1.25,1.0,0.0,2.0,0.6614378277661477,0.5291502622129182,1.0,2.0,-1.5170097612369824,-0.49265512146235135,0.8174474614359061,0.7523603827418941,82.70703638255492,115.39159673141582,,1.073899055670241,,
2020,13634,"Pettis, Dante",WR,8,1.9749999999999996,0.0,-1.0,5.6,2.8256636388643286,1.4307157665135843,0.0,5.6,-0.919464709610414,-0.0416574244484599,0.8125178711589034,0.5162502996699131,68.88618835041463,120.57741452408955,0.3231220828699729,0.8975729039043968,0.3615468544145253,0.7251066099121322
2020,9596,"Morstead, Thomas",PN,17,2.0,1.4,-2.0,9.4,2.925747767665559,1.4628738838327795,0.0,3.4,0.021880521604391613,-0.10982998472790437,0.8120594453206654,0.5094570813930049,65.83024149077116,90.54295440645693,0.693515795709927,0.5530581734179699,0.9424031143655456,0.7411593387539024
2020,10275,"Bailey, Allen",DT,17,1.9529411764705884,1.0,0.0,10.5,2.8023346668046423,1.4349304016770756,0.0,3.0,-0.6052342399304799,1.0287177529498428,0.8020521552178601,0.5136163298618257,50.68670996020376,68.5799093717546,0.486358643936393,0.2727272727272727,0.8635648835978451,1.1653014181211303
2020,13847,"Izzo, Ryan",TE,12,2.025,0.9,-2.0,10.3,3.1321252103537196,1.5467284989401084,0.0,3.4749999999999996,-0.21112569158244626,0.03194030479104052,0.795137762365623,0.49006259416486925,100.3439247104346,248.28558107437408,0.39226846801030485,0.6074060515818609,,
2020,14160,"Buggs, Isaiah",DT,9,2.0,0.0,0.0,9.0,3.0912061651652345,1.5456030825826172,0.0,2.0,-0.416104101228402,1.2471241841308485,0.785668438918969,0.4888533892594055,48.24295590663951,65.27347201072095,0.5085725420323779,0.6256865355676243,0.3684210526315789,
2020,13994,"Brown, Pharaoh",TE,14,2.042857142857143,0.6,-4.0,7.7,3.2790927067699434,1.6051502760412308,0.0,5.625,-0.15057749006197355,0.038508218547812265,0.7841609605575058,0.4774042730191714,97.75204024684079,241.87236231720388,0.5364244366699406,1.1511374725249681,0.24083811499424324,
2020,15148,"Franklin, Sam",S,11,1.9545454545454546,0.5,-2.0,9.0,2.926792733091863,1.4974288401865345,0.25,2.75,-0.40109200994530614,0.28668972654115243,0.7826230814246016,0.4977460200723383,58.55148877938491,93.69668167807325,0.5374440201351233,-0.05077338086122366,,
2020,11330,"Williams, Shawn",S,14,1.7285714285714284,1.0,0.0,8.3,2.125837170027231,1.2298231562141009,0.5,1.875,-0.7996747669755137,0.09641825460403258,0.7752056138417177,0.552994712951209,65.05057283173504,104.09680338883823,0.5743715889114109,0.5,1.6506685101900527,1.1921119597625809
2020,15160,"Black, Henry",S,9,1.7777777777777777,1.5,0.0,8.0,2.3465235646603197,1.3199195051214299,0.0,1.5,-0.6898537036504127,0.16047804835835247,0.7663101128522668,0.5312312145509205,62.490461487802115,100.0,,0.5187777596707432,,
2020,13941,"Stallworth, Taylor",DT,17,1.7823529411764707,0.5,0.0,8.0,2.3649985186210127,1.3268968586322514,0.0,2.8,-0.8915672524804161,0.8155195147649561,0.7659784895769454,0.5296742127265139,52.27139721412409,70.72401595002252,0.57631180432203,0.44231649487554026,,0.49292658958884417
2020,12828,"Grugier-Hill, Kamu",LB,17,1.9411764705882353,1.0,-1.0,11.5,3.023838391170559,1.5577349287848334,0.5,1.5,-0.1205305875677942,0.05214346971783894,0.7589435671156425,0.48241909388004406,56.4706239487174,135.7171870080638,0.3698661680584876,0.48799690161998455,0.799553039328416,0.8487739746749438
2020,12913,"Erickson, Alex",WR,17,2.552941176470588,0.0,-4.7,15.6,6.197069292824568,2.4274234557146928,0.0,1.4,0.23323528852905903,0.4528285969021842,0.744857240272998,0.3547195493887844,47.332229552978006,82.8496684143279,0.48989790676215006,0.8127321603213573,0.576830183273286,0.4105891971608902
2020,13750,"Burks, Oren",LB,17,1.911764705882353,0.5,0.0,10.0,3.0060492643885257,1.5723949998339979,0.0,1.5,-0.12902922756957555,0.05794667688382909,0.7431847387379167,0.4772194697845685,55.86197055855266,134.2543959106767,0.43849466838129547,0.33333333333333337,0.3547592567701978,0.6261088021811737
2020,13927,"Dickerson, Matt",DT,11,1.5454545454545454,1.0,0.0,6.0,1.6713433009863854,1.0814574300500142,0.5,2.0,-1.3457176559199897,0.33115834063288896,0.7424867418102375,0.578530863062,57.0928616442914,77.24753254677194,0.6352040245418982,0.574086564812155,,
2020,10389,"Lewis, Dion",RB,17,1.8823529411764706,1.7,-2.8,9.7,2.95520185318695,1.5699509845055672,0.5,3.0,-0.5580389013996457,-0.023653558367527437,0.7324470204005141,0.4759182997600344,70.30114684591686,145.8060997506706,0.8901375299249057,1.4189913655855273,0.5503603762442183,0.6698932796935999
2020,11632,"Compton, Will",LB,13,1.5,1.0,0.0,5.0,1.5811388300841898,1.0540925533894598,0.5,2.0,-0.8097709505508932,-0.14722398438173162,0.730249470757707,0.5811388300841895,68.02647895160226,163.4896468252041,0.6611340677956823,0.45452836622194137,0.9189009807980333,0.569250936534389
2020,13812,"Hamilton, Shaun Dion",LB,14,1.3642857142857143,1.25,0.0,4.0,1.1908023362765259,0.8728394087890765,0.125,2.0,-0.9962516801041464,-0.21897326472803286,0.7284584614587013,0.6227333665365932,72.8954185440077,175.19128457926087,0.5123666117082195,0.6143164388923723,1.1119189324184002,0.5956230742685273
2020,13783,"Harris, Davontae",CB,11,1.9181818181818182,0.0,0.0,11.0,3.2098762881338536,1.673395221302009,0.0,2.3,-0.39851814056641593,0.8009990780658031,0.7175077605052412,0.45563852400805493,52.42956555612213,91.58482923696806,0.4900266017496789,0.7334357960908819,0.5285794458296018,
2020,13868,"Boone, Mike",RB,17,1.6823529411764706,0.5,0.0,7.0,2.268774039021605,1.3485719812366184,0.0,3.8,-0.7668511052287352,-0.06560034655082152,0.7163301591849203,0.5146739790187592,76.02601327793815,157.67959660664746,0.5053727168924661,0.9714357433813013,0.44726973783288426,0.0970300286299962
2020,14950,"Wallace, K'Von",S,16,1.40625,1.0,0.0,5.0,1.394394469832694,0.9915694007699157,0.0,2.5,-1.163665556848625,-0.07298357599229167,0.7061014290821909,0.5873092415295549,69.08710281691283,110.55623717933072,0.5370641461455625,0.8376187327965009,,
2020,13642,"Tate, Auden",WR,9,2.0555555555555554,1.4,-2.0,12.0,3.9421119864331917,1.9177842096161475,-0.5,3.0,-0.5377455870083186,0.19998667960002645,0.7044919733203903,0.4159265433884038,55.49942387657716,97.14541040611832,0.38619576759163615,0.3363866814377104,1.0807607453158108,-0.08433982182947071
2020,14305,"Johnson, Olabisi",WR,17,2.0882352941176476,0.0,-1.7,15.3,4.203763349378489,2.013069772941811,0.0,2.6,-0.44828571283804414,0.24725969616401855,0.6930590565378109,0.4012932860152174,53.54682583598728,93.72761027844274,0.36077440039367326,0.6860958858382296,0.8278064070441283,
2020,14213,"Harris, Will",S,17,1.4411764705882353,1.0,-1.5,5.0,1.5707094026845516,1.0898799936994847,0.5,2.0,-1.0759252435498479,-0.003083337155634535,0.6895977161047793,0.5606143071181976,65.94689056081916,105.5311306569431,0.684921236083078,0.5685065597938227,0.8154382510810361,
2020,13327,"Evans, Jordan",LB,14,1.9714285714285715,0.25,0.0,13.6,3.689256326808692,1.8713619049029595,0.0,1.625,0.19736851759955978,0.1762930941741451,0.6865831047149724,0.4204139066055793,49.21247090737705,118.2734960274348,0.4242852046845209,0.7426260398042643,0.3714285714285714,0.8762260315740722
2020,14821,"Hasty, JaMycal",RB,8,1.9625,0.0,-1.3,10.6,3.678633407938334,1.8744628830259027,-0.25,3.3,-0.3379701131748818,0.03404521124436405,0.682736246687627,0.4194600920581181,61.96131887058798,128.50911607073988,,0.4648941976051096,,
2020,14919,"Igbinoghene, Noah",CB,17,1.711764705882353,1.0,0.0,9.0,2.5940843001724874,1.5154444365268824,0.0,1.0,-0.6836096884305973,0.5758601271713498,0.6805018950232969,0.47627283138578635,54.80392091538674,95.73239231172518,0.36581780329766983,0.40271214587634024,,
2020,14932,"Lewis, Terrell",DE,9,1.511111111111111,1.0,0.0,5.6,1.8501918485776574,1.2243916644999204,0.0,1.0,-0.9487672220753419,0.32599808684860354,0.6793367981132196,0.5301787358156984,58.28259036256169,81.31498186528621,,0.676056338028169,,
2020,13585,"Zylstra, Brandon",WR,17,1.9235294117647062,0.0,-0.4,9.0,3.534290745349675,1.8373988584386687,0.0,0.8,-0.6771816537675966,0.1601059473559658,0.6779199921237594,0.42421836617721514,56.60584854454061,99.08208057213288,0.6185153710847354,0.9425416951169252,0.5861960332889238,0.08031088082901554
2020,14937,"Agim, McTelvin",DT,11,1.5454545454545454,1.5,0.0,7.0,2.0164611829835306,1.3047690007540493,0.0,2.0,-1.1197618476761126,0.7718514077911726,0.6705463952998848,0.5123402728245826,50.560781072863236,68.40952562248623,0.5570431058804182,0.3941735213160005,,
2020,15006,"Hofrichter, Sterling",PN,17,1.6294117647058826,1.4,-3.6,5.3,2.3438943727160204,1.4384911312697597,-0.2,3.7,-0.6668127799661201,-0.11967024978105283,0.6682049172995856,0.48727967545889345,62.964555564314885,86.60148823063058,0.6864856911897418,3.388888888888889,,
2020,12743,"Correa, Kamalei",DE,9,1.3333333333333333,1.0,0.0,4.0,1.3743685418725535,1.0307764064044151,0.5,1.5,-1.1762180144687235,0.09801432222175654,0.6565633366275228,0.5615528128088303,61.73154512794071,86.12691099294452,0.6274378516064713,0.6549428316166805,0.8749608625578553,0.5913726677387561
2020,14239,"Moreau, Foster",TE,17,1.9176470588235295,0.0,-1.0,12.4,3.692637395447332,1.9256084577486088,0.0,0.5,0.019796148724429547,0.07453488196927657,0.655469481483263,0.40865016774660196,83.67413092433699,207.03874477098162,0.3855273249336708,0.6508196018110866,0.8984540789442104,
2020,12369,"Robinson, Edmond",LB,14,1.1428571428571428,1.0,0.0,3.0,0.8541614816500999,0.7473912964438374,0.625,1.875,-1.1570796661215124,-0.26863205438057836,0.6540361882212654,0.616374115290144,72.15102245710044,173.4022598462137,0.7315679517085731,1.073899055670241,,
2020,13685,"Okoronkwo, Ogbonnia",DE,11,1.6272727272727272,1.0,0.0,8.9,2.42302999984839,1.489012849068843,0.0,1.75,-0.6749418554241915,0.6375919893719255,0.653782373153076,0.47538956051942316,52.259611988707334,72.91181422640278,0.4783787946874157,0.3458518397804955,0.4050710215343795,
2020,13736,"Stewart, M.J.",S,17,2.0588235294117645,0.0,0.0,17.7,4.427727982442597,2.1506107343292613,0.0,1.0,0.3458244700664105,0.7511114032272689,0.6534680742938784,0.37931590088367856,44.62016735202671,71.40316504261436,0.3079678891829853,0.0967741935483871,0.8894404570130351,0.9458428450045214
2020,13652,"Wilson, Cedrick",WR,17,2.4352941176470586,0.0,-5.2,25.9,6.674264989404371,2.7406402130404426,0.0,1.9,0.3963908191943079,0.6082215068078982,0.651036715361518,0.3173325551058501,42.34347210009747,74.11741758494234,0.04175716283574528,0.2159090909090909,,
2020,11803,"Johnson, Dontae",CB,15,1.8066666666666669,0.0,-0.4,12.0,3.219206251374535,1.7818484786205913,0.0,2.0,-0.394198672769169,0.9555855374401849,0.6494482645447754,0.42820060433833734,49.27232986983138,86.06971790383524,0.373539664733161,0.2727272727272727,0.2,
2020,6254,"Peterson, Kevin",CB,13,1.4384615384615385,1.0,-0.3,6.0,1.7582939552691679,1.2223433913635926,0.0,3.0,-1.0705532794105022,0.1580815013286345,0.6472723990593203,0.5215040752685717,60.00860476318077,104.82401983860944,0.6179239400352468,1.111225658770082,0.6006133180838767,
2020,8153,"Gould, Robbie",PK,17,2.076470588235294,4.2,-6.6,8.8,4.6165341483901745,2.2232600714626907,0.4,5.0,0.3386925983636333,1.315694819467824,0.6442144109373735,0.36970675035074024,47.91495555226533,64.51444707167013,0.08015713867580052,-0.5073146728930411,0.5549265435043286,1.0712779737659899
2020,13988,"Dwelley, Ross",TE,17,1.8235294117647058,0.0,-2.9,9.4,3.36163990298935,1.8434799468006111,0.0,4.2,-0.11656939716034549,0.06530180136741708,0.6413020122812825,0.41808343933090586,85.60566274271942,211.81802265227475,0.5149819486286399,0.3976511534029051,0.34051568650846487,0.2680535490769979
2020,12087,"Davis, Todd",LB,10,2.0100000000000002,1.0,-4.2,12.3,4.289860137580246,2.134258774915545,0.0,1.5,0.48430309477063854,0.28036114369839166,0.6412999513909509,0.3799722389105432,44.47848289314384,106.89619059505495,0.3799722389105432,0.4395450208132896,2.1250383625737967,1.235653356210936
2020,14140,"Sternberger, Jace",TE,12,1.7333333333333334,0.0,-1.0,7.7,2.9522119767312707,1.7031992173449637,-0.075,3.85,-0.28524699725346947,0.04953111142063658,0.6412155353595373,0.43857296712280847,89.80104443188246,222.19884823318122,0.5781315475679596,0.311086256151963,,
2020,15013,"Scott, Vernon",S,16,1.35625,1.0,0.0,5.7,1.5219102921985908,1.1221458375657813,0.0,2.5,-1.1002093423126984,0.019858139701658072,0.639093683380259,0.5377867738576961,63.26161332370728,101.23403127060548,0.5381523997795613,1.0951974926382357,,
2020,11670,"Watkins, Sammy",WR,12,2.8249999999999993,4.05,-10.7,18.0,9.66489567110444,3.421202007470599,-4.0249999999999995,9.200000000000001,1.4189020014906686,0.9458614163392078,0.638966506218566,0.2648877295306394,35.345463314652584,61.86820150299709,0.17245609126589334,-0.13175283535868634,0.4610256125236616,0.8975712935044918
2020,13939,"Odum, George",S,17,1.4411764705882353,1.0,0.0,7.0,1.8381764696470289,1.27546938710202,0.5,1.0,-0.942824525007133,0.1288733781668066,0.6333534868705402,0.5077825448843454,59.732117948110044,95.58597668504898,0.5310268680587384,1.0,0.6998270831458231,0.5870355010947966
2020,14875,"Bryant, Harrison",TE,17,2.0823529411764703,1.2,-4.9,18.2,4.817643467642129,2.31355759745526,0.0,3.4,0.4832802253538155,0.11814903782072746,0.6284342070213815,0.35793753136619094,73.2903452050955,181.3456669041004,0.12572674490421726,0.7458954641828012,,
2020,14301,"Broughton, Cortez",DT,10,1.2,1.5,0.0,3.0,1.1224972160321824,0.9354143466934854,0.0,1.5,-1.7050585281160597,0.042950371208228366,0.6200222717425407,0.5653717663023804,55.79424382002453,75.49048236997626,0.5653717663023804,1.125,,
2020,14493,"Hall, Nate",LB,11,1.8636363636363635,1.0,0.0,14.0,3.8735167782526725,2.078472417598995,0.0,1.0,0.2853977538052231,0.25827804550206046,0.6053769892438655,0.3824007279409722,44.76275499708971,107.5793884702446,0.4087505882158823,0.40271214587634024,,
2020,12754,"Collins, Maliek",DT,13,1.5384615384615385,1.5,-3.0,6.5,2.4609374266225217,1.599609327304639,0.0,2.5,-0.8287540671013541,1.3537025291633684,0.5918049001834697,0.444521627761095,43.86803438166717,59.35413493150023,0.3719393055879323,-0.36931195326457805,0.8936029416300081,1.010316987346628
2020,12327,"Smith, Tye",CB,13,1.4153846153846152,1.0,0.0,6.5,1.9701019707487042,1.3919198706376716,0.0,2.0,-0.9724930964857286,0.3997914155560016,0.5917357988281112,0.47654411509239347,54.83513707936416,95.7869212214535,0.5230410244273381,0.48269344634184463,0.6718063022800723,
2020,14880,"Kareem, Khalid",DE,17,1.4411764705882353,1.0,-1.0,8.0,2.071390219018707,1.4372911723803272,0.0,2.0,-0.8430310298292513,0.5766892347014029,0.5913025439552805,0.4692261053851645,51.582062878301485,71.96650803320236,0.5427069451462748,0.22222222222222224,,
2020,14955,"Scott, Josiah",CB,8,1.3125,0.5,-0.5,4.0,1.6381678027601445,1.248127849722015,0.0,3.0,-1.1261677586945598,0.19483399934541604,0.583819109826113,0.4975043659568644,57.24699821240592,100.0,,0.4858901851757657,,
2020,13934,"Facyson, Brandon",CB,14,1.7,1.0,-0.5,13.0,3.2566415654342875,1.9156715090789926,0.0,2.0,-0.3768673468689916,1.1463334132789476,0.5830560797766271,0.39937588680351005,45.955517664544246,80.27585567724194,0.48642893399681936,0.7777777777777777,0.6934392498051091,0.2843796286411588
2020,11613,"Thomas, Michael",S,9,1.1555555555555557,1.0,0.0,4.0,1.137356692912817,0.9842509842514761,0.4,1.5,-1.2915763055968337,-0.07818707489613368,0.5823636045676291,0.5406470335004073,63.59807500019038,101.77245212472059,0.48385300678211113,0.7538169371624625,0.7886343872749723,0.9211259752946754
2020,13705,"Griffin, Shaquem",DE,15,1.2533333333333334,1.0,0.0,5.3,1.4555029676674964,1.1613055593091726,0.25,1.0,-1.1374345224089728,0.25171361206853526,0.5798964093415563,0.5104181708743303,56.11030989560062,78.28424926266119,0.4368442271738349,0.5802668980089404,0.23500411977839875,0.301175794369479
2020,14967,"Vildor, Kindle",CB,17,1.4764705882352942,0.0,0.0,6.0,2.306902535426774,1.5624439482970183,0.0,2.0,-0.8165654517895372,0.6428520119381435,0.5761962478112139,0.4464814346409963,51.37587454454958,89.74422441143119,0.6535062479172787,1.8155113974345078,,
2020,12072,"Taylor, Adarius",LB,14,1.3928571428571428,0.75,0.0,8.0,1.9836705824284024,1.4241737514870583,0.125,1.875,-0.617464015287787,-0.0007268866803796443,0.5745698475625867,0.46682671708466544,54.64542412215856,131.33064106847715,0.5046007520118808,0.6061230866018628,0.2865781166906243,1.173258842625183
2020,14263,"Ballentine, Corey",CB,16,1.46875,0.5,-0.5,9.0,2.314821469897841,1.5760486603559767,0.0,3.0,-0.8128992441578571,0.662243815559352,0.5701561552789293,0.4430857026050532,50.98513331875639,89.06167119817205,0.39806540841939786,0.7288352777636485,0.5644550527666687,
2020,12358,"Chickillo, Anthony",DE,13,1.330769230769231,0.5,0.0,6.3,1.7795352095786634,1.3372229898567989,0.5,1.5,-0.9825421723598483,0.4588580203875654,0.5693805154855023,0.47877401451264795,52.631665283874995,73.43089731384413,0.3976924350383106,0.3798734633239789,0.7513476519851813,0.8972671858405228
2020,12309,"Pruitt, MyCole",TE,12,1.9916666666666665,0.0,-1.0,18.0,5.01937219403206,2.520186875664633,0.0,0.675,0.5663891567554498,0.1413787878598971,0.5657843566303927,0.3308761449643063,67.74932707393582,167.63527127817008,0.30697844580640865,0.0,0.4079041363515827,0.43746510457262283
2020,14420,"Ingold, Alec",RB,17,1.5764705882352938,0.2,-0.6,11.0,2.816449456896501,1.7865537599716614,0.0,2.2,-0.6002475547468379,0.01738823244472822,0.5657420326429755,0.4130725707336536,61.017774411719685,126.55218444641696,0.013719106131316196,-0.17305213314820558,0.41520321552066103,
2020,13758,"Iyiegbuniwe, Joel",LB,17,1.3235294117647058,1.0,0.0,5.0,1.7817801448071717,1.346233887187641,0.0,1.5,-0.7139158631029284,-0.03157947787873253,0.5641080452346464,0.4757850523289469,55.694061680671425,133.85085653061927,0.5925860405926466,0.9916006021268758,0.15691717746771164,0.3171862060137649
2020,15002,"Coughlin, Carter",LB,15,1.4733333333333334,0.0,0.0,8.0,2.4076175406866893,1.6341295525022779,0.0,2.25,-0.41492610422369036,0.08238437553019261,0.5593245525580729,0.43236464061528257,50.611390259314874,121.63555201372174,0.5846508141464118,0.5534238354360904,,
2020,13893,"Sherfield, Trent",WR,16,1.325,0.85,0.0,6.5,1.8140079933671736,1.3690626365035272,0.0,1.5,-1.2653546974594143,-0.07224473835483007,0.5592929370392471,0.470858648277874,62.82932436539098,109.97556505430637,0.574086564812155,0.7155515045269547,0.29755839268241857,0.4857998715791287
2020,15007,"Smith-Williams, James",DE,15,1.4866666666666668,0.0,-2.0,6.0,2.4757131408052016,1.6652778974026017,0.0,3.0,-0.6497585111290675,0.8451457208626584,0.5577904908585596,0.42772996689889603,47.02038909238028,65.60213028557558,0.32891000052902625,0.35294117647058826,,
2020,13176,"Jones, Zay",WR,17,1.4823529411764707,0.0,-1.0,7.0,2.4622408001220077,1.661035460399767,0.0,2.9,-1.0437207465693696,0.07260864403121937,0.5570586950967489,0.4281484237388206,57.130258284524935,100.0,0.31889736366850274,0.3704889511656951,0.3539228787655243,0.715897240148169
2020,12155,"Abdullah, Ameer",RB,17,1.4000000000000001,1.0,0.0,8.4,2.183628927752526,1.5597349483946612,0.0,1.6,-0.7927523550942991,-0.02558928802792548,0.5469316269944319,0.4397497421247288,64.95844184212379,134.72521396613513,0.6110786355203245,0.8057259227701681,0.5349216425922452,0.1987924153207165
2020,12859,"Anderson, Stephen",TE,17,1.5,0.0,0.0,7.1,2.629247264231835,1.75283150948789,0.0,1.0,-0.4183031693545185,0.055110890580407745,0.5448935014112235,0.4133088463779525,84.62802967808902,209.39902026394145,0.5533816460403547,0.9512590420280402,,
2020,14565,"Spencer, Diontae",WR,12,1.3,0.15,0.0,6.0,1.8289341158171883,1.4068723967824526,0.0,2.8,-1.2602513835641698,-0.05348658274801103,0.5401200336743492,0.4595370364871406,61.31861786750537,107.3312456634122,0.5380091569921466,0.9931394978951074,-0.015190973361783754,
2020,14555,"Olszewski, Gunner",WR,14,1.657142857142857,0.0,-0.3,12.1,3.42922612796746,2.069360594463123,0.0,1.3,-0.713103757688477,0.275186664797062,0.5398983945165023,0.3741382375307417,49.923374603586474,87.38517224087079,0.287864157960871,0.0,0.20628283320180554,
2020,11555,"Davis, Cody",S,14,1.1785714285714286,0.5,0.0,5.0,1.3965153425726538,1.1849221088495243,0.125,2.125,-1.1626101383672691,0.06449296719326002,0.5394111871530323,0.4917854718619222,57.85033004061601,92.57465645682285,0.5671953956834026,0.6742346141747672,0.5698417941289422,0.3121514355987041
2020,14882,"Greenard, Jonathan",DE,14,1.2428571428571427,1.0,0.0,5.0,1.6395619126175507,1.3191877457842365,0.0,1.375,-1.0494515415712447,0.43762135298814697,0.5359019101046815,0.4708573558801845,51.76138637424235,72.21669744190471,0.6438557228972998,0.40271214587634024,,
2020,13780,"Allen, Marcus",LB,13,1.4615384615384615,1.0,-2.0,8.5,2.545444939657584,1.7416202218709786,0.0,1.5,-0.349079957833944,0.1249346892814398,0.5330929681212578,0.41222991370996037,48.25447568896559,115.97112344646152,0.44590488821195073,0.5492612399806123,,
2020,11791,"Cockrell, Ross",CB,13,1.1538461538461537,0.0,0.0,4.0,1.3499945211372493,1.169995251652283,0.0,2.0,-1.2595825619351082,0.0834658210541767,0.5317275016927292,0.4909995080702421,56.49849505687842,98.69250235138915,0.6355536191886078,0.888888888888889,1.0939568563070126,
2020,13308,"Agnew, Jamal",WR,15,1.4933333333333332,2.0,-2.5,7.2,2.7399432273112687,1.8347834111459391,-1.0,3.45,-0.9487729354306025,0.15880837321276764,0.5267892169333899,0.39929304873617694,53.27992289755296,93.26042713163272,0.5002101387731933,1.3796073246060014,0.17404157233677145,
2020,13768,"Smith, Ito",RB,15,1.62,0.5,-2.0,12.0,3.391597460391391,2.093578679253945,-0.8,3.0,-0.42528680918949086,0.07556316803462619,0.5236653623403829,0.3688862685187046,54.490713522996835,113.01491892917458,0.4575565208734928,0.2924580300496992,,0.706590040222203
2020,13143,"McNichols, Jeremy",RB,17,1.5705882352941176,0.7,-4.2,8.9,3.1854013886668064,2.0281581875406633,-0.1,1.7,-0.4880119133726093,0.06316732439894894,0.5186612250827227,0.3752539098273688,55.43132136877256,114.9657599544004,0.24237996566597414,-0.10878634037225372,,
2020,13218,"Anderson, Ryan",LB,9,1.0555555555555556,1.0,0.0,3.0,1.11665284679121,1.0578816443285148,0.0,1.0,-1.0316761180303535,-0.14572406807052346,0.5129330729318898,0.49869092003242294,58.375358208341,140.2948799329509,0.5602266832636753,0.40271214587634024,0.8298365728798498,0.6427338169869453
2020,14980,"Brown, Cam",LB,16,1.3125,1.0,-3.0,7.0,2.060605190229317,1.5699849068413845,0.0,2.25,-0.5807090051408822,0.056992638606761264,0.5107033883763604,0.42883675561618595,50.198425951629645,120.64306511956826,0.5784322819984763,0.42012005880931713,,
2020,12776,"Killebrew, Miles",S,16,1.25,1.0,0.0,8.0,1.8200274723201295,1.4560219778561037,0.75,1.0,-0.9518560839667974,0.25724885470705366,0.5089531002858301,0.44325809314601605,52.14189610886021,83.43976803409923,0.5714285714285715,0.5714285714285715,0.6161144079253038,0.26787495836316716
2020,15028,"Tuszka, Derrek",DE,10,1.1,0.5,0.0,4.0,1.3,1.1818181818181817,0.0,2.0,-1.2117673108980722,0.2758674155857482,0.5041666666666668,0.47826086956521746,52.57525521921691,73.35219485130501,0.47826086956521746,0.3333333333333333,,
2020,13329,"Vallejo, Tanner",LB,17,1.0294117647058822,1.0,0.0,3.5,1.0774505343537766,1.0466662333722403,0.0,1.5,-1.0504047686676405,-0.1501637022996281,0.5029700240912005,0.49551685957523744,58.003811607590606,139.40193319409343,0.4880884817015155,0.6742346141747672,0.34255571354882586,0.5614544308684047
2020,14495,"Gifford, Luke",LB,9,0.9444444444444444,1.0,0.0,2.0,0.8314794192830981,0.8803899733585745,0.0,2.0,-1.1679158743804692,-0.21598436445121738,0.5022598811019862,0.5156729769937198,60.363230091321554,145.07237947564315,0.4624207693942557,0.7777777777777777,,
2020,10437,"Miller, Bruce",TE,10,1.24,0.2,-1.0,4.0,1.8650469162999626,1.5040700937902924,0.0,3.25,-0.7331411967884983,0.027144546429557256,0.49519380590623585,0.43280268568913566,88.61953681911476,219.27538968772012,0.43280268568913566,0.9476739712168141,,
2020,13970,"Brown, Tony",CB,10,1.8,0.0,0.0,16.0,4.749736834815167,2.6387426860084258,0.0,0.75,0.3143869236935338,2.1769803102074774,0.4946763636025436,0.31305780624616425,36.02303999902537,62.92563998791271,0.31305780624616425,0.0,0.4804943310550255,1.4293697312061349
2020,13930,"Turner, Zeke",LB,17,1.5411764705882351,0.5,0.0,12.7,3.335735005614454,2.1644082097498365,0.0,1.0,0.028475998107350513,0.2922958345804584,0.4870346581201903,0.35545910176533535,41.609043919663705,100.0,0.3206208533905196,0.45704467785366365,0.28787756814814547,0.3262482297038854
2020,14456,"Watson, Brandon",CB,17,1.2470588235294118,0.0,0.0,6.5,1.9867554534551832,1.593152957959345,0.0,1.0,-0.9647830787282106,0.6866238376256639,0.4809044602254284,0.4175296046038086,48.04443571547111,83.9248121573289,0.2727272727272727,0.14285714285714288,0.4355653328045701,
2020,13791,"Scott, J.K.",PN,17,1.3235294117647058,1.3,-3.3,5.3,2.345842232237009,1.772414131023518,0.0,3.1,-0.6645072545259506,0.015092665785049789,0.47739239132938854,0.3955743636124177,51.114719640289465,70.30321665367694,0.5044637216861529,0.5217037749200353,0.6285022935343977,0.5430953481295099
2020,13270,"Moreau, Fabian",CB,17,1.5294117647058822,0.0,0.0,11.0,3.380178329072622,2.210116599778253,0.0,0.0,-0.31967386619318605,1.5660278067600042,0.476434957163715,0.3491665520909719,40.1780132018317,70.18361565921334,0.2558139534883721,0.0,0.8938479920943786,0.9629326613504059
2020,13254,"Shaheen, Adam",TE,17,1.5588235294117647,0.1,-1.0,13.7,3.5494918979431427,2.277032538303148,-0.7,2.8,-0.039177451840186304,0.11404280465947281,0.47568143165857174,0.34263684041651327,70.15741606715856,173.59371646243483,0.4186930100465285,0.49504231685796585,0.36774634147616736,
2020,14943,"Davis-Gaither, Akeem",LB,17,1.2529411764705882,1.0,-2.0,6.5,2.05229216102066,1.6379796590305737,0.0,2.0,-0.5846805009559564,0.08390844493748963,0.4749624100327708,0.4104918894957996,48.05102745680246,115.48217149515993,0.3261865979339784,0.2142857142857143,,
2020,14234,"Johnson, Isaiah",CB,16,1.4375,0.25,0.0,12.0,2.9201615965559165,2.031416762821507,0.0,1.0,-0.5326465661966141,1.3113136951794246,0.4742007161898911,0.3666940672198118,42.194875155030346,73.70670336018831,0.421021504999569,0.40271214587634024,,
2020,14201,"Williams, Joejuan",CB,16,1.03125,1.0,-0.5,5.0,1.230710541719701,1.1934162828797101,0.0,1.0,-1.3148071426253032,0.11684955135292964,0.47015699119643817,0.4622966452675603,53.195704472527,92.9231333233452,0.7149744665002882,0.6125741132772068,0.44151844011225283,
2020,14026,"Kalu, Joshua",S,16,1.25,0.25,-0.5,7.0,2.0766559657295187,1.6613247725836149,0.0,1.5,-0.8241490086276267,0.40322208055838454,0.4696908896190447,0.40628527008661086,47.79266226829563,76.47993170545647,0.41861710066282926,0.2546116009308316,0.6741574765566783,
2020,13878,"Board, C.J.",WR,15,1.18,0.5,-0.9,5.9,1.7974797170853787,1.5232878958350669,0.0,2.2,-1.2710057955457255,0.004269404863780829,0.46764382373795127,0.4218082414657902,56.28425201486236,98.51916253301493,0.41795194046102513,0.7214356661378332,,
2020,13082,"Middleton, Doug",S,11,0.8636363636363636,1.0,0.0,2.0,0.7413412013772769,0.8583950752789522,0.0,1.5,-1.488647096689112,-0.1676724277358479,0.4647216165845298,0.4959604487353132,58.341446195640245,93.36056224681307,0.5514145884752971,0.7746242633216948,,
2020,13923,"Adeniyi, Ola",DE,14,1.2142857142857142,0.75,-1.0,7.0,1.9613614596779971,1.615238849146586,0.0,2.0,-0.8956264536881655,0.78622427679897,0.46431159229756935,0.4100430598626583,45.076066002945595,62.8894403420758,0.34375,0.047313696902501826,0.3221718724625176,
2020,15133,"Harper, Madre",CB,9,1.1,0.9,0.0,5.0,1.5246128834705694,1.386011712245972,0.0,1.0,-1.1787399719431157,0.3913700798600807,0.46102036899247284,0.4357103646274026,50.136465469961955,87.57920421248733,,0.4082921491158833,,
2020,14533,"Taylor, Malik",WR,16,1.21875,0.0,-1.0,6.2,2.0084878484820363,1.6479900295237222,0.0,1.675,-1.1988610886687496,0.0661365526842862,0.4602547541386359,0.40510384664340027,54.05529042636431,94.61761954086325,0.4099039789794122,0.26415094339622636,,
2020,14214,"Layne, Justin",CB,17,1.1176470588235294,1.0,0.0,7.0,1.6044919643512774,1.4355980733669325,0.0,1.0,-1.1417585703408626,0.46204919258079546,0.45887992400918254,0.4291228670010165,49.37845309731345,86.25509570668233,0.4730382084215351,0.6125741132772068,0.26847476391756026,
2020,12783,"Bush, Deon",S,13,1.4230769230769231,0.0,0.0,11.5,3.0245543463596154,2.125362513658108,0.0,1.0,-0.35244250285044454,0.7331595569152585,0.45533179490633563,0.3535986349306373,41.59496142739248,66.56209673777435,0.31306822878311996,0.2727272727272727,0.3396488577939941,0.34933948630475586
2020,14995,"Metellus, Josh",S,16,1.21875,0.0,0.0,7.0,2.068882171004429,1.6975443454395316,0.0,1.25,-0.8280175135447504,0.42897471532282,0.4517998015715362,0.3971315717218004,46.71588285573663,74.75682167086472,0.4782608695652174,0.14285714285714288,,
2020,13999,"Beebe, Chad",WR,15,1.5933333333333333,0.0,-3.0,15.6,4.114278659605945,2.582183259166911,0.0,1.9500000000000002,-0.4788809636982184,0.5296079378295463,0.4447939198129931,0.31154605358482745,41.57134657509149,72.76589993354196,0.3404946423896577,0.07282138495869685,,
2020,14894,"Jennings, Anfernee",DE,16,1.0625,1.0,-3.0,4.0,1.4776988021921111,1.390775343239634,0.375,2.0,-1.1268245752304398,0.5219164138682258,0.4444164956797042,0.428825327380377,47.140802156746716,65.77012875792197,0.37886622869133735,1.2142857142857144,,
2020,14308,"Webster, Ken",CB,9,1.2777777777777777,0.5,0.0,8.0,2.416507018992394,1.8911794061679608,0.0,1.0,-0.7658221610623814,1.1114230051892433,0.4419572770378077,0.37400121547375703,43.035696525968135,75.17546398903048,0.3794762314929303,0.46654866923935323,0.8534942633408171,
2020,10831,"Wilber, Kyle",LB,17,1.0294117647058822,0.5,-1.0,5.0,1.4086976488032996,1.368449144551777,0.0,1.5,-0.892153607054772,-0.02278554091229348,0.4346353676513902,0.4273727610509021,50.027054860377476,120.23120492017736,0.4993208305120163,0.9091846299027943,0.3075653991305251,0.32463047889642427
2020,13087,"Neasman, Sharrod",S,17,1.3647058823529414,1.0,-6.1,9.8,2.923925881508222,2.1425318959327484,0.0,2.0,-0.402518652896423,0.745367233483083,0.4342695404680617,0.3477909429391147,40.911783664511844,65.46884546931638,0.6146728812733433,0.8193627603613339,0.22474487139158905,1.176825243243592
2020,14302,"Scott, Nick",S,16,0.90625,1.0,0.0,3.5,0.9877175393299442,1.0898952158123523,0.0,1.0,-1.3660418429438979,-0.0030725140154892897,0.4336341808638173,0.4559249400724688,53.631938652197064,85.82420000637345,0.771720009822402,0.75,0.3602372969937635,
2020,10874,"Bethel, Justin",CB,17,0.888235294117647,1.0,-0.5,3.0,0.9392627602923328,1.0574481407264675,0.0,1.0,-1.4497379321664021,-0.07695591104493461,0.4317169782000039,0.45802730414095644,52.704438504694195,92.06498183388187,0.5537705898159049,0.8571428571428572,0.524474108526545,0.4711593442505577
2020,13066,"Raymond, Kalif",WR,16,1.8,0.0,-2.0,22.5,5.730401382102303,3.1835563233901683,-1.0,0.925,0.07367925907605435,0.8279607819954776,0.4302559499285909,0.2674431876806957,35.68645250450668,62.46506418153756,-0.11629061291751056,-0.5714285714285715,0.6818488429042419,
2020,14804,"McFarland, Anthony",RB,10,1.2,-0.15,-0.9,6.3,2.258760722166029,1.8823006018050241,-0.3,1.875,-0.769897168801777,0.03553029846859651,0.41633409063874416,0.3682381439783604,54.39497461464187,112.81635436162607,0.3682381439783604,0.5071211241106006,,
2020,15103,"Gilliam, Reggie",RB,13,1.169230769230769,0.0,0.0,7.0,2.127976509190982,1.819979909176498,0.0,1.0,-0.8096818907693434,0.02372180328827864,0.41462379410079286,0.3737978101162845,55.21623092223405,114.51965771410342,0.20871215252208,0.0,,
2020,14266,"Hollman, Ka'dar",CB,15,1.2,0.0,-1.0,7.0,2.372059583287626,1.976716319406355,0.0,1.0,-0.7863998699176338,1.2333451022314266,0.4031287738696293,0.35586559797085404,40.94886124609528,71.53014572774804,0.2843026299440906,0.14285714285714288,,
2020,12923,"Ham, C.J.",RB,14,1.157142857142857,0.15,-2.0,6.4,2.1800112338223943,1.8839603255255262,0.0,2.5,-0.7938528621348659,0.03584478212928094,0.4012339722225541,0.3638801161566853,53.751220520704635,111.4811944411024,0.3499115598286816,0.7712015656043132,0.33381703352522174,0.20233419465742714
2020,13293,"Reeves-Maybin, Jalen",LB,17,0.7941176470588235,1.0,0.0,2.0,0.7870051858976266,0.9910435674266409,0.0,1.0,-1.1891631510753586,-0.17218200306532436,0.39884493742404376,0.4443846348772245,52.01841702181827,125.01709273169644,0.4631063464991423,0.6061230866018628,0.5932820483852919,0.6834175105647226
2020,15096,"Nabers, Gabe",RB,17,1.0882352941176467,0.5,-0.6,5.8,1.8985698496627514,1.7446317537441505,0.0,0.6,-0.8794676849353424,0.009444870655770396,0.39649592067610023,0.3754386992758732,55.45861788197962,115.02237351344003,0.4896696401529872,0.508884159616097,,
2020,11462,"Reynolds, LaRoy",LB,17,1.2352941176470589,0.5,0.0,11.5,2.635267857012014,2.133312074724011,0.0,1.0,-0.30616764134654617,0.2799863912625317,0.39424547832691265,0.3398082799495279,39.77700268319347,95.59701193805984,0.33051386686918927,0.2142857142857143,0.3145292026221749,0.24665425243142763
2020,13396,"Daniels, Darrell",TE,13,1.3230769230769228,0.0,-3.0,8.2,3.1945034154005714,2.4144502558260137,-0.1,3.0,-0.18542689272037885,0.12949162806277978,0.3874933954065903,0.31543112307862314,64.58684511407702,159.8101969320486,0.2759010514183285,-0.07692307692307693,0.2380612494362807,0.0
2020,13510,"Mickens, Jaydon",WR,9,1.011111111111111,0.0,0.0,4.2,1.6549215788365215,1.6367356274207356,0.0,1.0,-1.3197471166920542,0.06055302545871942,0.38347079646364984,0.38084405926378245,50.81817020804793,88.95140987278403,0.3501304967942823,0.6364833023755477,,
2020,15142,"Hall, Tyler",CB,10,0.8,1.0,0.0,3.0,0.8717797887081348,1.0897247358851685,0.0,1.0,-1.4809803406412272,-0.030949689658820553,0.3828255397767185,0.4274007043062176,49.18028670630901,85.90893538877505,0.4274007043062176,0.6061230866018628,,
2020,13785,"Neal, Siran",CB,17,1.0411764705882351,0.0,-1.6,4.6,1.796420893800131,1.7253759996950413,0.0,1.0,-1.0529017540031973,0.8750911310476589,0.38203039533067684,0.3723246643223841,42.84277857924609,74.83847174009848,0.5471793028039748,1.0578268638675463,0.7350846054471448,0.5570419533720588
2020,12213,"Bell, Blake",TE,17,1.0705882352941178,0.9,-2.3,5.3,1.962820511371733,1.833403774358212,0.0,2.4,-0.6928600769344818,0.06416901433347444,0.37784527746548036,0.361340901747185,73.98721035117784,183.06995233767125,0.3131301430335218,0.8645360713641596,0.07834421358447112,0.2918926306619365
2020,13338,"Wilson, Brandon",S,16,1.0625,0.5,0.0,8.0,1.9515618744994994,1.8367641171759994,0.0,1.0,-0.8864000873015456,0.5279619658842702,0.37454647482559095,0.35997890106239755,42.34549295503574,67.76313047920345,0.3997040785709962,0.16064915440886857,0.7526193389790895,0.25577230641735776
2020,13468,"Washington, Charles",S,16,1.15625,0.0,0.0,9.0,2.4794073762695796,2.1443523254223393,0.0,0.625,-0.6237261949116694,0.7466615849086599,0.3677227868682611,0.3323123379820114,39.09098484760788,62.55512268098433,0.31539479935890474,0.0,0.3294705073401263,0.28699025178374526
2020,13871,"Hilliard, Dontrell",RB,8,0.9375,0.0,0.0,4.3,1.470490989431761,1.568523722060545,0.0,1.3,-1.0096898122629892,-0.023923995376364197,0.36499565565542447,0.37947922255552724,56.05547120861264,116.2602602277252,0.3777616542017534,0.14285714285714288,0.58463901964535,0.1577378639923437
2020,14951,"Lynch, James",DT,10,1.06,0.0,0.0,6.6,2.020494988857928,1.9061273479791774,0.0,1.125,-1.1171208316227748,1.9585989357601252,0.36474657613923495,0.35093585783461073,34.63243476990602,46.858224566323976,0.35093585783461073,0.18749999999999997,,
2020,14969,"Hightower, John",WR,12,1.4083333333333332,0.0,-3.9,10.8,4.05533770343345,2.8795297302486036,-0.725,2.825,-0.49903316341662546,0.6771272908363365,0.3630165074783654,0.2785834331852511,37.17295827619793,65.0670229619233,0.41324684252847266,-0.4769497083061962,,
2020,14988,"Bradley, Shaun",LB,17,0.8823529411764706,0.5,-1.0,5.0,1.2664147142124107,1.4352700094407322,0.0,1.5,-0.9601283567038806,0.003665580686011884,0.36232242739239656,0.3893166310840389,45.57231119130408,109.5250140313063,0.3944487245360107,1.1396203899719368,,
2020,14342,"Blake, Christian",WR,17,1.0411764705882354,0.0,-1.0,5.4,1.9541987446429328,1.8769140485271105,0.0,1.8,-1.2174227974387457,0.17971019977766597,0.36190739557244855,0.35243954810971256,47.027996126576596,82.31714250680227,0.4435773326606696,-0.10937499999999999,0.01339194582130034,
2020,13675,"Conklin, Tyler",TE,17,1.3058823529411763,0.0,-2.0,13.9,3.579594224166837,2.7411307121998303,0.0,0.7,-0.026775786445646443,0.16621781425482632,0.34906087314262846,0.2851524150436614,58.38705668793307,144.46977571207555,0.3867258728874471,0.7247284074986063,0.28703442156200126,0.23128354622576655
2020,14867,"Kmet, Cole",TE,17,1.2823529411764707,0.0,-2.0,8.5,3.5566400691263205,2.7735266594104333,-1.0,2.4,-0.036232522383974196,0.16985984292813902,0.33982877475597917,0.28142511186369523,57.623863915995734,142.5813727878423,0.1723356675178839,-0.02277458301605395,,
2020,13365,"O'Connor, Pat",DT,17,1.0294117647058822,0.0,0.0,7.0,2.185988726595535,2.1235319058356628,0.0,0.0,-1.0087686620585492,2.3876348388882462,0.3295665918387588,0.32310590307891174,31.88600954373147,43.14226838658312,0.2856687106069819,0.3611111111111111,0.6189004568553866,
2020,14954,"Hawkins, Jaylinn",S,13,0.8076923076923077,0.0,0.0,4.0,1.1854642313401877,1.467717619754518,0.0,1.0,-1.267636356635182,0.26556462351370574,0.3273033758913853,0.36957470916694357,43.474279179144176,69.56946411354343,0.3880831570872469,0.14285714285714288,,
2020,13564,"Ficken, Sam",PK,11,1.4,0.2,-3.0,13.8,4.598023290699841,3.2843023504998863,-1.8,2.9000000000000004,0.31991311569015446,2.7822138842169792,0.32677432297387926,0.25008827711129045,32.412090584123426,43.64082317035036,0.23703230239984507,-0.1355480059703584,0.4544906265157908,
2020,13799,"Fitts, Kylie",DE,15,0.9333333333333333,0.5,0.0,7.0,1.7499206331208919,1.8749149640580984,0.0,1.0,-0.9966983912478171,1.0919953138729053,0.3246472834855201,0.33940373481764485,37.31067941354919,52.055291314627674,0.329255517062329,0.3684210526315789,,
2020,12325,"Burton, Michael",RB,17,0.7529411764705882,0.0,-0.1,2.6,0.9983030584646089,1.3258712495233087,0.0,1.3,-1.1533299743485523,-0.06990167039239267,0.3237243577540695,0.3767902837766303,55.65826967202489,115.43645564610485,0.508237951584112,0.8600514234425227,0.26279329812801494,0.1186169143376679
2020,12823,"Watt, Derek",RB,13,0.8846153846153846,0.5,0.0,6.0,1.5461347109416752,1.747804455847111,0.0,1.0,-0.9866788971043061,0.01004603274032409,0.32193534832254633,0.3474346352586403,51.321946067194176,106.44282665932741,0.291085702940747,0.3798734633239789,0.48692768204964487,0.22660687772283453
2020,13172,"Brown, Noah",WR,17,1.0941176470588234,0.0,-2.1,7.1,2.634716323213228,2.4080740588508,0.0,1.0,-0.9847505259693009,0.4432289857278889,0.32103693410575684,0.3010187177665578,40.16662479871854,70.30709470746189,0.07618009602795203,-0.2282608695652174,,0.643129490908833
2020,13460,"Ankou, Eli",DT,8,0.875,0.0,0.0,4.0,1.5360257159305635,1.755457961063501,0.0,0.75,-1.4343128748172553,1.6612612114434167,0.31755156941762364,0.345028047035765,34.049416911923565,46.06939230844131,0.4762153423118165,0.2727272727272727,0.7895866247045764,
2020,14669,"Nixon, Keisean",CB,16,0.75,0.5,-1.0,3.0,1.0307764064044151,1.3743685418725535,0.0,1.25,-1.4073701074287646,0.3747742068690803,0.31587345720496707,0.3693168768529816,42.4966774881471,74.23389664986433,0.33333333333333337,0.3333333333333333,0.3686367295631124,
2020,14370,"Hudson, Tanner",TE,13,0.9384615384615385,0.0,-1.2,4.0,1.8553616531300106,1.9770247123516507,0.0,2.4,-0.7371313665912979,0.08031521838979448,0.3152347155762159,0.3286664361527756,67.29687292367757,166.5157431958217,0.40229058197478684,0.8109226430083456,0.024668352451104707,
2020,13916,"Howell, Buddy",RB,15,0.9266666666666666,0.0,0.0,7.0,1.8390093951787077,1.984542512782778,0.0,1.0,-0.8975860500499583,0.05490304710288671,0.3104886804921554,0.326404931325821,48.21550467787856,100.0,0.3463123017216585,0.4356252656377554,0.23396806028735548,0.37847353806775946
2020,14331,"Johnson, D'Ernest",RB,17,1.2352941176470589,0.0,-2.8,15.0,3.69800282767534,2.9936213366895608,0.0,0.5,-0.3320779113457748,0.24610282242775056,0.3093167863208166,0.2629402669513303,38.840705070535186,80.55646276031916,0.2272668712390331,0.28448275862068967,0.41871707509441974,
2020,13766,"Watts, Armani",S,17,1.0,0.0,0.0,8.0,2.2491828581535485,2.2491828581535485,0.0,1.0,-0.7382937532110727,0.821197594273746,0.3077696896900046,0.3077696896900046,36.203953031910025,57.93516669576346,0.4250734921004941,0.14285714285714288,0.5117094053777235,
2020,14999,"Glasgow, Jordan",LB,12,0.625,0.5,0.0,2.0,0.649519052838329,1.0392304845413265,0.0,1.0,-1.2548462598881018,-0.1531071526250289,0.3064881604791123,0.37889832125586054,44.35277310926751,106.59406929633191,0.38859765930612683,0.37900437319588176,,
2020,13212,"Wormley, Chris",DT,14,0.7142857142857143,0.0,0.0,3.0,0.9583148474999097,1.3416407864998736,0.0,1.0,-1.8125521171657593,0.8446158431525005,0.3050364165177445,0.3647450843757887,35.99521126234296,48.70208242213395,0.34912934784623184,0.0,0.9277063661449572,0.9403007512663591
2020,15109,"Westbrook-Ikhine, Nick",WR,14,0.9071428571428571,0.0,-1.5,3.8,1.8199153377931332,2.0062058841814068,-0.44999999999999996,2.0,-1.2633349476554077,0.24385438778634738,0.30175672994195907,0.3216915220769669,42.92511364098874,75.13551475158656,0.44629671394020504,0.8627707698518621,,
2020,13786,"Brown, Andrew",DT,8,0.9125,0.0,0.0,5.8,1.9114376134208515,2.094726151694084,0.0,0.375,-1.1885229486885154,2.3307882719842663,0.29485646072447746,0.3134190462449374,30.930052978055755,41.848844238737506,0.26563126537266235,0.0,0.534141286770828,
2020,12211,"James, Jesse",TE,17,1.052941176470588,0.0,-2.0,8.1,2.715991346919167,2.579433122772394,-0.9,2.2,-0.38256602796383654,0.148039390476326,0.29416422666811803,0.2833540442292888,58.01882702146288,143.5586481378631,0.11264531939818603,-0.07136695448401235,0.29709339532750023,0.5165094345678912
2020,13641,"McCloud, Ray-Ray",WR,17,1.1176470588235294,0.0,-1.2,13.0,3.151887444638184,2.820109818886796,0.0,1.2,-0.8079272030315603,0.6476479200271689,0.29256935318922817,0.2691901150323517,35.91955487104789,62.87308328304467,0.18022166836460468,-0.1323529411764706,,0.1925441466410179
2020,13491,"Hardee, Justin",CB,11,0.6363636363636364,0.0,0.0,2.0,0.7713892158398701,1.212183053462653,0.0,1.0,-1.5274578921026163,0.1435992192747189,0.287663191058063,0.3592455179659185,41.33778300669809,72.20952066922494,0.3333333333333333,0.14285714285714288,0.32186129511072475,0.41979876615315526
2020,13863,"Pringle, Byron",WR,14,1.0071428571428571,0.0,-0.6,9.7,2.5350300887800934,2.5170511519802345,0.0,0.75,-1.0188337345890135,0.49729463585157296,0.2863600253797267,0.2849036166168568,38.01629598768621,66.54318942223968,0.36123680176723016,0.29975048486096517,0.36428913769212495,
2020,13369,"Carter, Cethan",TE,16,0.775,0.6,-1.5,4.8,1.3306483382171264,1.7169655976995177,0.30000000000000004,1.0,-0.9533046586901449,0.05107876031798397,0.2852446864458646,0.3325254982881077,68.08704431192757,168.47090054935498,0.30759672322379894,0.6125741132772068,0.2673852041312939,
2020,15162,"Ramsey, Randy",DE,11,0.6363636363636364,0.5,0.0,2.5,0.8003098573481368,1.2576297758327863,0.0,0.5,-1.4506268146166803,0.3651362716450473,0.2818724501137025,0.35347450538375785,38.857480334805736,54.21336438719959,0.38622738728083167,0.5,,
2020,8269,"Lewis, Marcedes",TE,16,1.06875,0.0,-4.0,7.2,2.989924486922705,2.7975901632025306,-0.1,1.575,-0.2697100607022268,0.17256511869061164,0.2814284728130633,0.26786221230574997,54.846760361669396,135.70985792852844,0.466936995901648,0.10937499999999999,0.5157006264550189,0.13397473161588316
2020,13239,"Penny, Elijhaa",RB,14,0.6428571428571429,0.45,-0.5,2.2,0.8269688936232175,1.286396056747227,0.0,1.0750000000000002,-1.2054500426404378,-0.07738141113303253,0.28116613521968387,0.35187087481398666,51.97725335119927,107.80194814604233,0.45021777235143545,0.4580012018392241,0.23022005409825277,0.2638898143752491
2020,15124,"Pierre, James",CB,15,0.7,1.0,-1.0,4.0,1.0614455552060436,1.5163507931514908,0.0,1.0,-1.393171294721767,0.5771520243904177,0.27818061055124843,0.33956754192813704,39.07347110082767,68.25418331254984,0.3557137138281138,0.40271214587634024,,
2020,14997,"Rodgers, Isaiah",CB,12,0.5833333333333334,0.5,0.0,2.0,0.6400954789890506,1.097306535409801,0.0,1.0,-1.5882425976451329,-0.0201427893113609,0.27813451371301506,0.3556703501755264,40.92639440770161,71.49090028415236,0.36072325920955717,0.45757913208220313,,
2020,14307,"Allen, Dakota",LB,14,1.0714285714285714,0.0,-2.0,9.0,3.0581106612296636,2.854236617147686,0.0,1.0,-0.10415723271766554,0.5653652585750263,0.27798723271470505,0.26402152648639543,30.905618218102454,74.27620369690109,0.18963208443471935,-0.44151844011225283,,
2020,13136,"Clement, Corey",RB,16,0.7875000000000001,0.0,-1.9,3.6,1.4559683203971163,1.8488486608217347,0.0,2.05,-1.0141076264366353,0.02919184061113939,0.2764274602684054,0.32064745846260173,47.36502898609986,98.2360950124641,0.5046319396938674,0.22222222222222224,,0.6598985819247124
2020,14861,"Johnson, Juwan",TE,8,1.0125,1.1,-4.0,3.8,2.6974235392314645,2.6641220140557675,-0.375,3.8,-0.3902156606314873,0.15756031506482385,0.2763281343022956,0.2738393341354816,56.07062006859065,138.73811020551813,,0.47711710251731926,,
2020,13739,"Dawson, Duke",CB,12,0.6083333333333333,0.15,0.0,2.0,0.7443770699196894,1.2236335395940101,0.0,1.0,-1.5399636320961032,0.1599204451459005,0.27357625368629873,0.34873958378812026,40.12888267084009,70.09779363792705,0.3534623205709462,0.25861338682839213,0.5543727455451929,
2020,12585,"Brown, Daniel",TE,17,0.6647058823529411,0.0,0.0,2.6,0.9707130044581775,1.4603646969724795,0.0,1.0,-1.1015921212529873,0.02223108279923974,0.27016559096741755,0.33729207695348495,69.0630363921639,170.885842574642,0.43560842521311466,0.6860958858382296,0.38527276656240983,0.05680026625429514
2020,12976,"Hamilton, Antonio",CB,17,0.7058823529411765,0.0,-0.5,4.0,1.163903466906434,1.648863244784115,0.0,1.0,-1.3457366330037772,0.7660318351713205,0.2664850117616044,0.3262078755991468,37.536196562576976,65.56884681237759,0.2870097777697235,0.2684747639175602,0.4265122727651059,0.3398113794914796
2020,10514,"Bellore, Nick",LB,17,0.9,0.0,-2.0,8.3,2.177694409502047,2.4196604550022744,0.0,1.0,-0.5247703896663102,0.3933377499856672,0.26318402421605375,0.28322421353947386,33.15343082157485,79.6784249250849,0.12029681944983266,-0.22222222222222224,0.46094068622796885,0.48370728545991143
2020,14975,"Murchison, Larrell",DT,9,0.7777777777777778,0.0,0.0,5.0,1.547598697464902,1.9897697538834456,0.0,1.0,-1.4267358046832757,2.1236626101870235,0.26014637975633864,0.3052983888521136,30.128658275385423,40.76454470295611,,0.14285714285714285,,
2020,9448,"McCoy, LeSean",RB,12,0.8666666666666667,0.0,-0.6,5.5,2.034835510687671,2.347887127716543,-0.5,0.6000000000000001,-0.8380154995814617,0.12374941182181647,0.2588697389143417,0.28557286337745746,42.18392067216218,87.49036425935473,0.3226993230169946,0.4685620023056405,0.7642029278881302,0.6262225096763047
2020,14242,"Connelly, Ryan",LB,15,0.6,0.0,0.0,2.0,0.8,1.3333333333333335,0.0,1.0,-1.1829549628770661,-0.036686177997817274,0.2571428571428571,0.3333333333333333,39.01906362130787,93.77543905272994,0.4274007043062176,0.6061230866018628,,
2020,14858,"Jefferson, Van",WR,17,1.0647058823529412,0.5,-8.2,6.3,3.352600601898137,3.148851394047974,-1.0,3.0,-0.7393023979066282,0.8107429932519874,0.25662666150934926,0.24461373319863777,32.64018966961091,57.132928591104005,0.34756097560975613,-0.43749999999999994,,
2020,12851,"Matakevich, Tyler",LB,17,0.7352941176470589,0.5,-0.5,6.0,1.3945023048387881,1.8965231345807516,0.0,0.5,-0.8989353406122442,0.1862531979063579,0.2538540462075359,0.307075969883672,35.94545041639745,86.38855169515264,0.34332472059923097,0.5381955285893152,0.5287835978448238,0.38540288904305275
2020,14264,"Johnson, Jaquan",S,15,0.6533333333333332,0.0,0.0,2.6,1.0288288919392228,1.574738099906974,0.0,1.0,-1.345583434233245,0.3416577168432283,0.2537474911941289,0.32202485676791365,37.88083485828634,60.61858715138554,0.46098612440562586,0.847665819621076,0.37252191822221503,
2020,14204,"Banogu, Ben",DE,11,0.6363636363636364,0.0,0.0,3.0,0.9791208740244554,1.5386185163241441,0.0,1.0,-1.3651524234748844,0.6960031232822069,0.25067320366238993,0.32153854002338866,35.34675713677392,49.31525688363582,0.29705854077835453,0.0,0.543431631031749,
2020,10506,"Bailey, Dan",PK,17,1.1411764705882355,0.6,-10.0,10.4,4.14275538082189,3.630249560514027,-0.4,1.9,-0.14196152936253958,3.2603646505963195,0.24646111525391468,0.2218998155821011,28.75879272040714,38.72188942723794,0.09964347537115108,-0.3600226706997183,0.7631465817956095,0.6552512767968183
2020,12494,"Dzubnar, Nick",LB,17,0.5705882352941176,0.5,-1.3,2.5,0.772897303795616,1.3545622850026262,0.0,1.0,-1.195903100294994,-0.028282671354463062,0.24233303953285787,0.32183941736080185,37.67361810553736,90.54189800245196,0.24426497392918087,0.5714285714285715,0.24407234270276762,0.32972310782031145
2020,14977,"Osborn, K.J.",WR,11,0.7727272727272727,0.0,0.0,6.0,1.6971049729631336,2.1962534944228786,0.0,0.75,-1.3053244089783904,0.33814069426686416,0.2417603216001482,0.2865024833936395,38.22964179688592,66.9166269238473,0.3078158245297149,0.35294117647058826,,
2020,14012,"Ford, Mike",CB,10,0.8099999999999999,1.0,-1.5,5.0,1.9429101883514845,2.3986545535203514,-1.125,1.9,-0.9850820022921739,1.8347649147757372,0.2383296058026833,0.2752377572397932,31.671149993604704,55.32368680029984,0.2752377572397932,0.08470620908943774,0.45094109731534915,
2020,14101,"Harry, N'Keal",TE,15,1.106666666666667,0.0,-4.9,8.4,4.03674236097486,3.6476587599170416,-1.95,4.45,0.1615617588423965,0.26813183212517483,0.2381127195074925,0.21971873630885339,44.98902914885626,111.31842088526727,0.020471489775356615,0.03718134893158021,0.8027961226453015,
2020,15117,"Flannigan-Fowles, Demetrius",LB,12,0.5416666666666666,0.0,0.0,2.0,0.6909634979907083,1.2756249193674616,0.0,1.0,-1.2350464448809155,-0.05953012468413033,0.23802985371474555,0.32033019477375085,37.49695274910878,90.11731397026495,0.2057249736092719,0.14285714285714288,,
2020,14671,"Moore, C.J.",S,13,0.4461538461538461,0.5,0.0,1.2,0.40309453866381234,0.9034877590740622,0.0,0.5,-1.6569701517968776,-0.13561088407979272,0.2343875572758474,0.3179784639306807,37.404844463080785,59.856886271166445,0.34943886535822155,0.2617136112750166,0.22284216689879416,
2020,13857,"Yelder, Deon",TE,15,0.5866666666666667,0.0,-0.1,2.4,0.9351411064052787,1.593990522281725,0.0,0.6,-1.1162471606616524,0.03725361275051899,0.22616376645456018,0.3031648000886404,62.075225159327694,153.59558033515478,0.40379285926998404,0.7789402900670231,0.2804426923809298,
2020,15057,"Chisena, Dan",WR,15,0.6666666666666666,0.0,-1.0,5.0,1.2995725793078614,1.9493588689617922,0.0,1.0,-1.441242668737059,0.21565148066907835,0.22603782594328403,0.2899089477172857,38.68418553886089,67.71225389215402,0.4027121458763403,0.40271214587634024,,
2020,15022,"Perry, Malcolm",WR,10,0.6900000000000001,0.25,-1.0,4.4,1.432096365472659,2.0755019789458826,0.0,1.0250000000000001,-1.3959321413948043,0.27823352478556934,0.224353619254212,0.2837058637131362,37.85647306424053,66.26343762652802,0.2837058637131361,0.04232469038107399,,
2020,12378,"Swaim, Geoff",TE,11,0.9272727272727274,0.0,-2.4,8.8,2.9183092580499133,3.1471962586812787,-0.5,0.9,-0.29921436209853136,0.21186865921748843,0.22359026904783635,0.23665123557251266,48.45608305483242,119.89711158473473,0.32685752984716726,0.3361591329064655,,0.9359450581071048
2020,14966,"Hudson, Khaleke",LB,17,0.8235294117647058,0.0,-2.0,8.0,2.2290935672348726,2.7067564744994885,0.0,2.0,-0.5002147752554195,0.5069850626136944,0.22216981812270373,0.2550342362701828,29.853591271913775,71.74784243914216,0.4522692670852659,0.7541210033176572,,
2020,14401,"Eguavoen, Sam",LB,17,0.7058823529411765,0.0,0.0,6.5,1.5440476174596103,2.187400791401114,0.0,0.5,-0.8274910369378315,0.301397476322564,0.22146017998285228,0.2774642849044012,32.47918975597657,78.05800541508592,0.17817525748808136,0.08333333333333334,0.9216984142386329,
2020,14315,"Dulin, Ashton",WR,14,0.8571428571428571,0.0,-3.4,7.9,2.505056111636819,2.922565463576289,-0.375,2.2,-1.0290819832258096,0.6984781530597146,0.21851588331718524,0.2445446891127177,32.630976727923105,57.11680238764467,0.3647809968164744,0.6860958858382296,0.3784680088497533,
2020,13837,"Franklin, Zaire",LB,17,0.6823529411764706,0.0,-0.8,5.5,1.504985946433367,2.2055828525316583,0.0,1.0,-0.8461524970526326,0.30859486759654814,0.21286392290174994,0.27239791191164725,31.88613436557595,76.63270135968473,0.1472723658423494,-0.1636416768853779,0.24665425243142763,0.5210734480933474
2020,14893,"Baun, Zack",LB,16,0.5,0.0,0.0,2.5,0.6846531968814576,1.3693063937629153,0.0,1.0,-1.2380611503292192,-0.02244619775710457,0.21103222500738014,0.29679699117039277,34.74222204327092,83.49680446959837,0.17817525748808136,0.08333333333333334,,
2020,13849,"Nall, Ryan",RB,17,0.8764705882352941,0.0,-1.0,11.5,2.777753940689726,3.169249462531902,-0.1,0.9,-0.6120187794127059,0.27938075612947355,0.2102226302628174,0.2320083843457713,34.27154514882067,71.07992621415943,0.336100808144802,-0.24097373161330282,0.3619515589734873,
2020,11012,"Robertson, Craig",LB,17,0.7058823529411765,0.0,0.0,7.0,1.6720788710061052,2.368778400591982,0.0,1.0,-0.7663249355209029,0.3731960261301788,0.20953659427914126,0.2641697296440183,30.92296646341095,74.31789714542634,0.32282873421773617,0.4292264197260053,0.4660983329972543,0.4811602446253418
2020,13943,"Davis, Tae",LB,14,0.6428571428571429,0.0,0.0,5.0,1.3420210162897095,2.08758824756177,0.0,0.75,-0.9240079360056673,0.2618865580110731,0.2082068887795512,0.27448820415607283,32.130818103793054,77.2207555785933,0.31542891151395386,0.22222222222222224,0.430780618346945,0.688663958183454
2020,14096,"Ozigbo, Devine",RB,9,0.6888888888888888,0.0,-0.5,5.0,1.5982243233208284,2.3200030499818483,-0.2,0.8,-0.9708331715479783,0.11846595004291066,0.2074964626591699,0.2651383418689614,39.16539774917483,81.22988240159196,0.333254042077954,0.3446535185740089,0.3254013194571206,
2020,14885,"Zuniga, Jabari",DE,10,0.5,0.75,-1.0,1.5,0.7071067811865476,1.4142135623730951,0.0,1.0,-1.495179305484036,0.5495151345824769,0.20710678118654754,0.2928932188134525,32.19777471047179,44.9218445919724,0.2928932188134525,0.22222222222222224,,
2020,14957,"Robertson, Amik",CB,8,0.5,0.0,0.0,2.0,0.7071067811865476,1.4142135623730951,0.0,1.0,-1.5572185566680403,0.43156826538946946,0.20710678118654754,0.2928932188134525,33.70273453096353,58.87249215393769,,0.14285714285714288,,
2020,14379,"Woods, Josh",LB,16,0.75,0.25,-3.0,7.0,1.976423537605237,2.6352313834736494,0.0,1.0,-0.6209262439729556,0.47867176730992395,0.20631423997097448,0.25198026776909344,29.496102298189353,70.88868072801358,0.38325350132569325,0.6073504772870423,0.2785728916770038,
2020,10981,"Levine, Anthony",S,16,0.65625,0.5,-2.2,5.2,1.441339979845144,2.196327588335458,0.0,1.0,-1.1403038727879555,0.7836167408380704,0.20531374893953014,0.2688072965739194,31.62067957243987,50.60080981897068,0.4959177576630712,0.3798734633239789,0.48686403040606757,0.5938699018776058
2020,15159,"Mondeaux, Henry",DT,12,0.7666666666666666,0.5,-3.0,5.0,2.1753671465346307,2.8374354085234317,0.0,2.0,-1.0157228299898082,3.796484023292957,0.19978620746652895,0.24144189672786404,23.82692036870981,32.238194997803014,0.39478777421662553,0.20273066075208643,,
2020,14316,"Hart, Penny",WR,14,0.5285714285714286,0.0,0.0,2.9,0.8762163557254661,1.6577066189400709,0.0,0.875,-1.5859902216049635,0.0709571412015065,0.198882534590003,0.28172200234713807,37.59175525621865,65.80007930123651,0.3480817003929054,0.2685185185185185,,
2020,14552,"Blasingame, Khari",RB,16,0.58125,0.25,-1.0,3.6,1.146853712336495,1.9730816556326796,0.0,0.5,-1.108140678729816,0.05273144934440316,0.19550421660931763,0.27074504269198935,39.99360187177224,82.94759567272857,0.4084763326282692,0.24097373161330282,,
2020,12748,"Davis, Sean",S,17,0.6764705882352942,0.0,0.0,7.0,1.6710438483931518,2.470238732407268,0.0,0.5,-1.0259954074393214,0.9783714851651472,0.19493488500315181,0.2532607574534,29.79188943818411,47.674298971210774,0.3770491803278688,0.14285714285714288,,1.193936853014435
2020,12230,"Beasley, Vic",DE,11,0.8636363636363636,0.0,-2.0,10.0,2.970238045946281,3.439223000569378,0.0,0.25,-0.4133680696614514,2.933982555518671,0.19454674016727547,0.21752760253712228,23.912826552192023,33.36281118157501,0.23159347058936025,0.14285714285714288,1.107456774378785,0.6393101768130437
2020,14488,"Carlson, Stephen",TE,17,0.6294117647058823,0.0,-1.0,5.0,1.4298353281913079,2.2717009887151622,0.0,0.5,-0.9124412432846218,0.11344341929974246,0.19238058944777228,0.2590347409157132,53.03927059384728,131.2375029894054,0.2128255268275694,0.0,0.3261286149482317,
2020,13942,"Gray, J.T.",S,17,0.7058823529411765,0.0,-4.0,6.0,1.9024660739760269,2.6951602714660376,0.0,1.0,-0.9108318291279917,1.1382939190678703,0.1910288867284019,0.24320089708204695,28.60851523145544,45.78061123302747,0.39886293848668136,0.22222222222222224,0.584293665077979,
2020,13769,"Street, Kentavius",DT,16,0.6875,0.0,-3.0,5.0,1.7929985359726315,2.607997870505646,0.0,1.0,-1.2660674599077084,3.3437016975427567,0.1905488929525476,0.24615122104265105,24.291664462255984,32.86700100713916,0.13755733376271084,0.40271214587634024,,
2020,14502,"Marshall, Trey",S,14,0.4642857142857143,0.0,-0.5,2.0,0.6671979175810501,1.4370416686361078,0.0,1.0,-1.5255433189435652,0.24375358315862755,0.19051201309395424,0.2784826620701098,32.75882439217004,52.42211949189145,0.2258064516129032,0.3062870566386034,0.4922591165891047,
2020,13503,"Kemp, Marcus",WR,10,0.47000000000000003,0.0,0.0,2.2,0.6986415389883428,1.4864713595496655,0.0,0.875,-1.6467039155154124,-0.013995993050698815,0.1890228890813058,0.2766916911027133,36.92053246358063,64.62518037237969,0.2766916911027133,0.34208836481300753,,0.19718415974904277
2020,13698,"Jefferson, Malik",LB,15,0.4,0.0,0.0,1.0,0.4546060565661952,1.136515141415488,0.0,1.0,-1.3479646803301013,-0.11459690147960869,0.18722076536981214,0.2749885429078008,32.189386352550684,77.36151403694845,0.3333333333333333,0.40271214587634024,0.08454209418155904,0.3434670180233332
2020,10884,"Ebner, Nate",S,17,0.5294117647058824,0.0,0.0,4.0,0.992183987849,1.8741253103814444,0.0,1.0,-1.3638191860988074,0.5545263090589071,0.184199263265811,0.26574441313399905,31.26038259741032,50.02424666604873,0.14285714285714285,0.14285714285714288,0.3685162097077254,0.412087292589513
2020,12040,"Smith, Keith",RB,17,0.8176470588235293,0.3,-4.0,7.7,2.866692148702495,3.5060263689167206,-0.8,2.8,-0.5849636647502298,0.34319308407634214,0.18145634132631522,0.2114590526938894,31.236062834371296,64.78427021153324,0.2171368546986241,0.8647574048485038,0.3882418660148503,0.1857025827379925
2020,10354,"Stocker, Luke",TE,17,0.6235294117647058,0.0,-2.0,2.8,1.547494906107631,2.481831453191484,0.0,2.4,-0.8639674241871301,0.13706678094384342,0.17908087170422107,0.24476178942293117,50.11677867742572,124.0062470289892,0.4570691998993731,1.0517959920379802,0.04871686754016012,0.5387647983826328
2020,15151,"Welch, Kristian",LB,11,0.36363636363636365,0.5,0.0,1.0,0.37482778414706003,1.0307764064044151,0.0,0.5,-1.386078232814254,-0.15645370985939927,0.1790627281711426,0.26449593747624384,30.961151435889082,74.40966799349451,0.22528231043745842,0.33333333333333337,,
2020,15087,"Cottrell, Nathan",RB,9,0.3888888888888889,0.0,0.0,1.0,0.45812284729085123,1.178030178747903,0.0,1.0,-1.3176534735313596,-0.09791452612412303,0.17855073482611322,0.2667051610990342,39.396843333069995,81.70990555066282,,0.14285714285714288,,
2020,6997,"Witten, Jason",TE,17,0.723529411764706,0.0,-1.1,7.6,2.2267172914839843,3.0775767443274575,-0.5,0.7,-0.5841389255746726,0.20404186946967287,0.1774410286136853,0.22423080375657917,45.91290818319586,113.60441720786861,-0.06155146127990708,-0.42888118566499794,1.080438778324065,
2020,13735,"Turay, Kemoko",DE,8,0.55,0.0,-0.2,3.0,1.156503350622038,2.1027333647673414,-0.2,0.5,-1.280360896262399,1.3602535965922389,0.1772630565827695,0.25504249730998746,28.036841901803427,39.11657454864087,0.42154785530790684,0.15025640242477784,,0.6265000202090195
2020,12978,"Goodwin, C.J.",CB,17,0.4411764705882353,1.0,-1.0,1.0,0.6616012870118818,1.499629583893599,0.0,1.0,-1.578286111985752,0.5533180465132705,0.17649673912925443,0.26551283634452344,30.552119554471695,53.36894598580155,0.2462296394492854,0.5714285714285715,0.3531450121283542,
2020,11000,"Stanford, Julian",LB,17,0.38235294117647056,0.0,0.0,1.5,0.47058823529411764,1.2307692307692308,0.0,0.5,-1.3403292980475983,-0.07728630421666485,0.17139959432048682,0.25999999999999995,30.434869624620138,73.14484246112933,0.2258064516129032,0.2684747639175602,0.3381948014589559,0.3945518324262747
2020,15019,"Garvin, Jonathan",DE,8,0.4375,0.0,0.0,2.0,0.6817945071647321,1.558387444947959,0.0,0.625,-1.5072789582383483,0.7192812203424789,0.17100615501531252,0.2601387970624088,28.597078536677532,39.89820816378506,,0.2817541634481458,,
2020,14076,"Williams, Trayveon",RB,11,0.49090909090909096,0.2,-0.4,2.9,0.918946576204164,1.8719282107862598,0.0,0.4,-1.1774703159940558,0.033564942754668085,0.1709336219009084,0.2558221771239458,37.789243341768504,78.37570838308852,0.2769305516389547,0.12121212121212123,0.0,
2020,14241,"Burr-Kirven, Ben",LB,17,0.6176470588235294,0.0,0.0,7.0,1.6317566478447294,2.6418917155581334,0.0,0.5,-0.7855886162467115,0.4813082679619965,0.1695951189830675,0.23469003463118446,27.472156177683406,66.02448311651915,0.3122257936966027,0.46485351268966724,0.2566799417614265,
2020,15126,"Bernard, Francis",LB,14,0.35714285714285715,0.25,0.0,1.0,0.39769745448785865,1.1135528725660042,0.0,0.5,-1.3751523960619878,-0.12368654386182015,0.16897748893750653,0.2555222920354539,29.910721708781356,71.88514537015371,0.2910857029407469,0.56227204043104,,
2020,14612,"Laird, Patrick",RB,17,0.6823529411764706,0.0,-4.7,5.4,2.110822336023583,3.0934465269311127,0.0,1.3,-0.8149002118076684,0.26501765196708266,0.16669399164914359,0.21934809110593248,32.40140665106791,67.20121850333713,0.2972455377714588,0.5303471171243634,0.6818710454763005,
2020,14584,"Watson, Josh",LB,8,0.5,0.0,0.0,3.0,1.0,2.0,0.0,0.25,-1.087406259380672,0.2272146424246917,0.16666666666666666,0.25,29.264297715980902,70.33157928954745,0.20871215252208,0.14285714285714285,0.15696545114107638,
2020,14653,"Mack, Isaiah",DT,8,0.5,0.0,0.0,3.0,1.0,2.0,0.0,0.25,-1.7852599865163101,2.143851436608667,0.16666666666666666,0.25,24.671484828879766,33.380903889000244,0.3464895926167911,0.2727272727272727,0.572945837198323,
2020,14173,"Polite, Jachai",DE,11,0.6545454545454545,0.0,0.0,6.7,1.9170828389952919,2.9288765595761403,0.0,0.0,-0.9167923092031183,2.3330448813599607,0.16659863058056196,0.22438356765037726,24.666503339362826,34.41432954923576,0.2400880565095899,0.08333333333333334,,
2020,15042,"Ward, Jonathan",RB,15,0.3333333333333333,0.5,0.0,1.0,0.3496029493900505,1.0488088481701516,0.0,0.5,-1.3506653628696836,-0.12239932234449089,0.16269616056717182,0.24698622175061372,36.484023944788404,75.66865511111698,0.291085702940747,0.33333333333333337,,
2020,13701,"O'Daniel, Dorian",LB,11,0.6818181818181818,0.0,-2.0,7.0,2.197857709770288,3.2235246409964224,0.0,1.0,-0.5151375036721157,0.7115483772738592,0.16143345659688774,0.2132109192147761,24.957871264796648,59.98184268060529,0.025504106054885612,-0.10102051443364381,0.30753435906121146,0.7541882735014374
2020,14591,"Lovett, John",TE,8,0.4,0.0,0.0,1.7,0.5979130371550699,1.4947825928876748,0.0,0.625,-1.2551796021417372,0.026100423707327357,0.16033461237879082,0.25032651383341953,51.25619697608597,126.82556205165758,,0.3886234221162595,,
2020,14862,"Reed, Joe",WR,12,0.5666666666666668,0.0,-1.0,5.3,1.5358674711344367,2.710354360825476,0.0,0.625,-1.360452295425289,0.5931961079600212,0.15272575381198775,0.22346067888680504,29.81761836177215,52.1923395012008,0.258124135706982,0.2142857142857143,,
2020,12634,"Howard, Jordan",RB,9,0.7888888888888888,1.9,-7.7,3.8,3.3030102245088306,4.186914369095701,0.1,3.2,-0.4522351576888264,0.47220741831000085,0.152092136625426,0.18333418879545815,27.08154684298794,56.167714149040215,0.1713967601357536,0.5077244992414357,0.9204539909219108,1.03973395656931
2020,9921,"Roberts, Andre",WR,17,0.4411764705882353,0.0,-0.4,2.2,0.8582189652923916,1.945296321329421,0.0,0.0,-1.5921436169682155,0.21363597197275347,0.14979018151528506,0.23741899034962002,31.680154563874158,55.45249665439631,0.3047005053174143,0.5904269717539464,0.14834384753004154,0.3604194695189956
2020,11252,"Toilolo, Levine",TE,17,0.6882352941176472,0.0,-1.7,9.8,2.4868790630122013,3.613414023180121,0.0,0.0,-0.4769565365802938,0.26428195817967437,0.14918134176980552,0.19737859606840025,40.41472093394603,100.0,0.22018575510045907,0.5129727500685066,0.05552474693667917,0.6056525144193333
2020,12680,"Vannett, Nick",TE,16,0.6875,0.0,-3.0,7.0,2.51044692236263,3.651559159800189,-0.325,1.225,-0.4672469645174035,0.26857032426493105,0.1477999045871604,0.19584400938251278,40.10050301014644,99.22251616109598,0.35195550676829446,0.30567424883580296,0.48572311190754414,0.5416316148006943
2020,14330,"Shepherd, Darrius",WR,8,0.525,0.05,-1.0,2.7,1.3635890143294642,2.5973124082465984,-0.25,1.2,-1.4193551381031773,0.5371138022027123,0.14594228702418854,0.2221198342085455,29.638701896030057,51.87916663779269,0.18770293030099208,-0.025868870504566342,,
2020,13678,"Thomas, Ian",TE,17,0.6588235294117647,0.0,-5.9,5.6,2.442770563864249,3.707776748722521,0.0,1.5,-0.4951285158294484,0.2748904379960902,0.13994366440391204,0.19136434368495506,39.183258472742665,96.95293587894353,0.1579894815165336,0.43380102224128847,0.1674454132955595,0.6047854314450605
2020,9712,"Colquitt, Britton",PN,17,0.7941176470588234,1.0,-11.8,4.6,3.746287666514254,4.71754743190684,0.3,3.6,0.9930879372755678,1.203674316796015,0.13889130899504928,0.16731342532426727,21.619648830139614,29.735678222984596,0.16305204838529744,0.7870021495833966,0.8725787768380161,0.6118435852644791
2020,15000,"Bailey, Markus",LB,12,0.3333333333333333,0.0,0.0,1.0,0.47140452079103173,1.4142135623730954,0.0,1.0,-1.339939322943033,-0.0046696397984868744,0.1380711874576983,0.22654091966098638,26.518243671244868,63.73192261385465,0.26847476391756026,0.40271214587634024,,
2020,14971,"Washington, Broderick",DT,8,0.375,0.0,0.0,1.5,0.649519052838329,1.7320508075688774,0.0,0.375,-2.014727104336215,1.6150684851351957,0.13725952641916447,0.22733899275351632,22.435162042924738,30.355124269309,,0.18749999999999997,,
2020,12775,"Smith, Ryan",CB,17,0.3235294117647059,0.0,0.0,1.0,0.4518321028158005,1.3965719541579287,0.0,1.0,-1.6754023827164772,0.4064223747165729,0.1349967444972387,0.22284216689879416,25.642076739503462,44.79200227121533,0.30576903476363526,0.5714285714285715,0.4748288529343762,0.8186186158956026
2020,14303,"Elliss, Kaden",LB,14,0.32142857142857145,0.0,0.0,1.0,0.4474987173622024,1.3922182317935186,0.0,0.875,-1.3513601655613545,-0.013376518476608807,0.13436423448189622,0.2220579317778708,25.993477702970353,62.47074014283296,0.24137931034482757,0.14285714285714285,,
2020,11399,"Griffin, Ryan",TE,14,0.6214285714285713,0.0,-2.0,6.2,2.280406784334939,3.6696201127228907,-0.07500000000000001,0.875,-0.5620197338353982,0.27060077912350367,0.13307904206927265,0.1894364364798002,38.788505276424075,95.97617991676883,0.2973636067405649,0.2216537025311787,0.6009663885360664,0.3795883511741058
2020,14984,"Woerner, Charlie",TE,13,0.5461538461538461,0.0,-1.0,6.6,1.8172741144639109,3.3274033081733583,0.0,0.0,-0.7528228087319645,0.2321279600836296,0.12620821477912658,0.19385896578181278,39.69405071611855,98.21681258419339,0.23326515072472964,0.38272077799819954,,
2020,14275,"Egbule, Emeke",DE,15,0.4,0.0,0.0,3.5,0.8981462390204987,2.2453655975512468,0.0,0.25,-1.4038595331012511,1.5282043754051737,0.12325267769579347,0.21073191926793386,23.16577655290743,32.32053840738291,0.1136229172359372,0.0,0.14285714285714285,
2020,11511,"Bates, Daren",LB,14,0.35714285714285715,0.0,-1.0,1.5,0.6925256939166186,1.939071942966532,0.0,1.0,-1.234300115904275,0.20309619606786924,0.12151552057020337,0.2110117786846736,24.700446052027846,59.36316657435824,0.2462296394492854,0.14285714285714288,0.31904799894556063,0.245501838585
2020,12854,"Walker, Joe",LB,13,0.4230769230769231,0.0,0.0,4.0,1.071414482860317,2.5324342322152944,0.0,0.0,-1.053288453139828,0.437979388478659,0.1197692286012071,0.20424542098050624,23.90839522679755,57.459612080869896,0.1136229172359372,0.0,0.9045924081756304,0.3047627177908217
2020,10940,"Carrier, Derek",TE,17,0.39999999999999997,0.0,0.0,4.3,1.0151789178731587,2.537947294682897,0.0,0.5,-1.083272893179473,0.14337545598921778,0.11305990923074269,0.19849354141823014,40.64301420417661,100.56487652260103,0.23326996640273417,0.0,0.45774240850396913,0.32716416574349577
2020,9868,"Atkins, Geno",DT,8,0.3125,0.0,0.0,1.5,0.5555121510822243,1.7776388834631178,0.0,0.25,-2.0762753653068797,1.7050340383232303,0.11250562550102977,0.20089846278769524,19.825853507247558,26.82468911105579,0.45662717941886877,0.3062870566386034,1.0536681716503435,1.0170085911311801
2020,14142,"Smith, Kaden",TE,16,0.575,0.39999999999999997,-2.2,7.6,2.421130934088448,4.210662494066867,-1.25,1.675,-0.5040436888877341,0.3314260377128624,0.1103506513144394,0.16807307614878156,34.414199940448086,85.15263533971887,-0.1476429550640452,-0.5532925643369354,0.8274060325702879,
2020,15004,"Thomas-Oliver, Stantley",CB,11,0.3181818181818182,0.0,0.0,2.0,0.6132153437832746,1.927248223318863,0.0,0.25,-1.6006872209959224,1.1628345614212627,0.10869656206369448,0.1972345597926348,22.69545206936458,39.644789732304744,0.21414208040524416,0.0,,
2020,13906,"Cabinda, Jason",RB,17,0.32941176470588235,0.0,-1.5,1.8,0.6960093862470137,2.1128856368212916,0.0,1.0,-1.2452880893851606,0.07922144116614556,0.10582199384692449,0.19422755992808255,28.690681192366473,59.50509360846711,0.22944002146755654,0.5714285714285715,,0.6953714357963579
2020,12675,"Thomas, Mike",WR,15,0.6733333333333335,0.0,-5.6,9.8,3.917391422305863,5.817908052929498,-1.0,0.65,-0.5461976681721816,2.134913783052593,0.09875952097124831,0.13692896812708757,18.271204288039275,31.98165882087121,0.0657324329276299,-0.40271214587634024,0.16880508188205068,
2020,15130,"Hughes, Juju",S,13,0.23076923076923078,0.0,0.0,1.0,0.31716197120135853,1.3743685418725535,0.0,0.5,-1.6997331229744752,0.19919209289733858,0.09719183298614371,0.17520186265228302,20.60956689060341,32.980340359026336,0.16064915440886857,0.24097373161330282,,
2020,11954,"Elliott, Jayrone",LB,9,0.2777777777777778,0.0,0.0,1.5,0.5328701692569688,1.9183326093250876,0.0,0.0,-1.310574507840606,0.19488650532337928,0.09518372816387727,0.18121415847790004,21.212420336192846,50.980311821508174,0.16530591922102375,0.0,,
2020,13884,"Smith, Vyncint",WR,8,0.4,0.0,-1.4,3.6,1.3527749258468684,3.3819373146171707,0.0,0.25,-1.4230525275760595,0.9263814404555973,0.0912838252308377,0.17001201245632205,22.685661430874678,39.70866247075872,0.4562488115676964,0.0,0.8222167291629454,
2020,15010,"Toohill, Casey",DE,9,0.2222222222222222,0.0,0.0,1.0,0.3424674446093876,1.5411035007422442,0.0,0.5,-1.6694824656562077,0.6989292155140395,0.08745107082702934,0.16553267128714716,18.197019647357408,25.38820449507021,,0.2142857142857143,,
2020,13673,"Fumagalli, Troy",TE,9,0.5555555555555556,0.0,-2.0,9.1,3.124139387668266,5.623450897802878,-1.0,0.0,-0.2144157197387144,0.49025503697873846,0.08387705504691575,0.13470823930363307,27.58250391583949,68.24865612933574,0.13367600527879483,0.24601784971373936,0.3497912463942006,
2020,14257,"Speed, E.J.",LB,16,0.4375,0.0,-2.0,7.0,1.8864235340983213,4.311825220796163,-0.5,1.0,-0.6639231622217393,1.1423535010870252,0.0823634027503686,0.15157165773894957,17.742552469509523,42.64109625726032,0.23827124418507672,-0.06316739553264697,0.21130067711581568,
2020,14941,"Taylor, Davion",LB,12,0.375,0.0,-2.0,3.0,1.3559283412727483,3.6158089100606623,0.0,1.0,-0.9173638016495055,0.8668345879412049,0.08124253133240553,0.15917292280520423,18.632335205177373,44.77953216409295,0.2894042111031897,0.24361783359619962,,
2020,12660,"Cooper, Pharoh",WR,17,0.4882352941176471,0.0,-1.0,9.9,2.4700279476726044,5.05909338679931,0.0,0.0,-1.0410582829300443,1.7584511057173886,0.08057893532080965,0.14070068065161068,18.774485156900838,32.86259457011128,0.1425488184017929,0.2201492537313433,0.8425183904224531,0.30887515291593554
2020,13271,"Rivers, Derek",DE,14,0.45000000000000007,0.0,-2.0,6.3,2.0848946530426216,4.633099228983602,0.0,1.0,-0.8365757045514014,4.33978290271091,0.07988497658352008,0.14587208012311426,16.035729305646193,22.37280514770769,-0.1892547876100073,-0.6061230866018628,,
2020,14851,"Hill, K.J.",WR,16,0.40624999999999994,0.0,-0.7,6.8,1.661877232980824,4.090774727337413,0.0,0.0,-1.3173689446943362,1.2780494327848848,0.07980121332386625,0.15261785741526215,20.36466124720234,35.646016417045644,0.2086744351257211,0.3845624578626706,,
2020,13836,"Smith, Andre",LB,13,0.3076923076923077,0.0,-2.0,2.0,0.9101661204768638,2.958039891549807,0.0,1.0,-1.1303238129731068,0.6064559124909202,0.07773855648832986,0.16108143914493353,18.85574076662398,45.31644803718522,0.19803902718556965,0.09232798831614451,0.238815110189167,
2020,12315,"Emanuel, Kyle",LB,9,0.2222222222222222,0.0,0.0,1.0,0.41573970964154905,1.8708286933869709,0.0,0.0,-1.3665328256215565,0.17608202173935292,0.07740699496773072,0.15696545114107638,18.373934773262853,44.158512290592796,0.310830696884411,0.0,,0.6669231371108728
2020,13194,"Sprinkle, Jeremy",TE,17,0.21764705882352942,0.0,0.0,1.0,0.39739637068363615,1.8258752166545444,0.0,0.0,-1.337789184707815,0.06332263614773422,0.07701934520703792,0.15575184206114107,31.891336534117805,78.91019855423751,0.14285714285714285,0.0,0.6310494010327263,0.19939387241245748
2020,14211,"Long, David",CB,17,0.2823529411764706,0.0,-1.2,2.0,0.7702064613333135,2.727814550555485,0.0,0.0,-1.5280054687512403,2.3039410351376377,0.07574221768472814,0.15950283051379402,18.353724867790504,32.06058909795046,0.19502456850664304,0.22222222222222224,0.6764285466321499,
2020,12269,"Randall, Damarious",CB,10,0.2,0.0,0.0,1.0,0.33166247903554,1.6583123951777001,0.0,0.375,-1.7310369877771723,0.7795004090026211,0.07523570230602285,0.15018820695830562,17.28190665971369,30.188319386794593,0.15018820695830562,0.16064915440886857,1.9886326855927452,1.236599806669614
2020,12281,"Richards, Jordan",S,17,0.20588235294117646,0.0,0.0,1.0,0.3857316779001177,1.873553864086286,0.0,0.0,-1.665610502438361,0.5541200025631005,0.07164729205681397,0.14857302912578454,17.477130297321786,27.967676796135116,0.14285714285714285,0.14285714285714288,0.46226415094339623,0.8633434804943495
2020,14823,"Dowdle, Rico",RB,16,0.20625,0.0,0.0,1.6,0.4084555514373627,1.9803905524235768,0.0,0.275,-1.3327623273560099,0.05411633562997767,0.06920233988538274,0.14643699603407215,21.631210161611765,44.863597936238634,0.13890814845192234,0.2819441468685133,,
2020,13918,"Johnson, Danny",CB,15,0.23333333333333334,0.0,-0.5,2.0,0.6018490028422595,2.5793528693239693,0.0,0.0,-1.6059494650584896,2.092327606258025,0.06518869244020718,0.14566499896014895,16.761428654084963,29.279139828247995,0.07692307692307693,0.14285714285714288,,0.4001924714332579
2020,15027,"Cleveland, Tyrie",WR,9,0.2888888888888889,0.0,-1.0,2.2,1.0082376752911701,3.4900534913925116,0.0,0.9,-1.54085149003791,0.9800199732737124,0.06433974326646497,0.14385194165177861,19.194975680466023,33.5986152642083,,0.018442263722292223,,
2020,14884,"Strowbridge, Jason",DT,9,0.3333333333333333,0.0,-2.0,4.0,1.4907119849998596,4.472135954999579,0.0,0.0,-1.4639807107396998,7.02247538343916,0.06091466587718561,0.13383054136359812,13.207192683571108,17.86953775468456,,0.0,,
2020,10642,"Jones, Chris",PN,8,0.3375000000000001,0.44999999999999996,-2.3,2.4,1.547528271147251,4.58526895154741,-0.675,1.6500000000000001,-1.609407606272492,1.1502900524804824,0.06042681255420924,0.13248135607461214,17.1187720849223,23.54516959499445,-0.10110183452619233,-0.008210762766838823,0.11218048469111307,0.5964003178747759
2020,13915,"Calitro, Austin",LB,14,0.21428571428571427,0.0,-1.0,1.0,0.5578749768504754,2.6034165586355518,0.0,0.75,-1.298628623106924,0.4660778297453654,0.05946737236697786,0.13755000720207433,16.101217446387285,38.696436951242056,0.18289198792714328,0.40271214587634024,0.6287044362410911,0.5822956650156444
2020,14295,"Cox, Chandler",RB,8,0.16249999999999998,0.0,0.0,0.7,0.28256636388643286,1.7388699316088179,0.0,0.15,-1.3710579764370816,0.008353123339666582,0.0593310394643484,0.12669909688539815,18.715590091569332,38.81653882211899,0.10309607284921157,0.19696969696969696,0.0,
2020,13811,"Smith, Tremon",CB,11,0.18181818181818182,0.0,0.0,1.0,0.38569460791993493,2.121320343559642,0.0,0.0,-1.70602187949516,1.4394599267910952,0.05825040745764378,0.13121086044428576,15.098215025420581,26.373810849262426,0.14285714285714285,0.0,0.22111233065181618,0.2775869667956606
2020,13444,"Munson, Calvin",LB,17,0.17647058823529413,0.0,0.0,1.0,0.3812200410828153,2.1602468994692865,0.0,0.0,-1.3830243735011178,0.29064857478485373,0.055840759867505786,0.12776428301528917,14.955728062513057,35.94345520504796,0.07692307692307693,0.0,,
2020,13504,"McRae, Tony",CB,8,0.3125,0.0,-1.5,4.0,1.4776988021921111,4.728636167014756,0.0,0.0,-1.200459657014986,5.155860259837315,0.05455050572060445,0.12612509628834617,14.513004620314238,25.351555668414317,0.10740714909350012,-0.18749999999999997,0.4711710075403043,0.44325809314601605
2020,12616,"Brissett, Jacoby",QB,12,0.3333333333333333,0.05,-2.2,4.4,1.8024674446127704,5.407402333838312,-0.7,0.47500000000000003,-2.5684161676243895,0.7520560331151744,0.05202316258071658,0.11894280305525243,9.530320840218387,18.1073905428668,0.22703912706586668,-0.17073170731707313,1.0943580067391097,
2020,12958,"Norris, Jared",LB,12,0.16666666666666666,0.0,0.0,1.0,0.3726779962499649,2.2360679774997894,0.0,0.0,-1.3871052800460524,0.3206624418312069,0.05150283239582457,0.12141716201613581,14.212751908278745,34.15784302979874,0.14285714285714285,0.0,,
2020,15123,"Thompson, Colin",TE,15,0.29333333333333333,0.0,-1.0,5.4,1.3873075442100868,4.729457537079841,0.0,0.0,-0.9299619937737066,0.3897501981376989,0.051197400702412375,0.12287203382938733,25.158953689589453,62.25195450615468,0.16417910447761197,0.0,,
2020,14824,"Phillips, Scottie",RB,9,0.18888888888888888,0.0,0.0,1.7,0.5342584568965026,2.8284271247461907,0.0,0.0,-1.2944929253957072,0.21480190176601832,0.04933850971537338,0.12311412594131842,18.186029515930255,37.71821872949111,,0.20238095238095238,,
2020,14561,"Smith, Jeff",WR,13,0.4769230769230769,0.0,-8.6,12.7,4.289908345112685,8.994969110720145,0.0,0.9,-0.4188323196203251,3.71111541074765,0.04771631324118362,0.09015715316952577,12.03017729644736,21.05745301646223,0.17402619149107923,0.20930232558139533,,
2020,12830,"Frazier, Kavon",S,16,0.20625,0.0,-0.4,2.5,0.7092855119766652,3.43896005806868,0.0,0.0,-1.504599099083493,1.6671462144398135,0.046463585457386616,0.12066445222570614,14.194153314449965,22.71411184444622,-0.01444891003646245,-0.20067574556838916,,0.419387727089366
2020,14855,"Mack, Austin",WR,12,0.45,0.0,-3.0,12.9,4.023990556648959,8.942201236997688,-0.9750000000000001,0.0,-0.5097509054355116,3.684936244864957,0.045261606486642535,0.08957023205476594,11.95186110276373,20.920369453329023,0.10559978905918671,-0.7288352777636485,,
2020,10378,"Sherman, Anthony",RB,14,0.25,0.0,-1.4,4.5,1.2954591022931932,5.181836409172773,0.0,0.0,-1.062934732325283,0.6607247729721419,0.040441057228406005,0.10891067488427339,16.08794062339642,33.36673696745027,-0.08676711795863275,-0.14285714285714288,0.3374910840318645,0.38821068987021334
2020,12955,"Manhertz, Chris",TE,17,0.22941176470588237,0.0,-2.3,2.9,1.0963923223771106,4.779146020618174,0.0,0.3,-1.0498143006200498,0.3953362944664645,0.03969648177904026,0.10943169475346634,22.406945296426507,55.44253375656979,0.10718760374829545,0.0,0.08422482966923639,0.15328068090804847
2020,15141,"Gill, Cam",DE,13,0.19230769230769232,0.0,-2.0,1.0,0.7730673554708377,4.019950248448356,0.0,1.0,-1.4636491457035645,3.6177942834535113,0.03830868490522068,0.10846045510584962,11.923066408436053,16.634880549224228,0.027948782529407287,-0.22222222222222224,,
2020,12871,"Foster, D.J.",RB,11,0.1636363636363636,0.0,-0.5,1.3,0.5756778254177296,3.5180311553305703,-0.25,0.5,-1.281893101432217,0.3454677452928608,0.036218511561899765,0.10385140984831834,15.340601984801468,31.81674045992054,0.11240643182286193,-0.24097373161330282,,
2020,13940,"Mundt, Johnny",TE,17,0.3,0.0,-2.0,8.6,2.2710453669672757,7.5701512232242525,0.0,0.0,-0.5658764844715338,0.7091076717679229,0.03500521661590171,0.091713799823615,18.77907584456977,46.46592976668665,-0.24695076595959833,-0.6061230866018628,0.19391935681325978,0.07621184254455243
2020,14818,"Jones, Xavier",RB,14,0.17857142857142858,0.0,-2.0,1.0,0.746590891441674,4.180908992073374,0.0,0.875,-1.2299011319298714,0.4710695223298191,0.03446720041688383,0.10223998616186063,15.102567571605396,31.323051936309,0.1068501760765544,0.40271214587634024,,
2020,14356,"Keizer, Nick",TE,17,0.2117647058823529,0.0,-1.0,4.0,1.1044734454460647,5.215569047939751,-0.1,0.5,-1.046485010266589,0.44439999891276916,0.03407004318495113,0.10062598144946763,20.603910656935426,50.981202346072195,0.1531396239484834,-0.14285714285714288,,
2020,12974,"Dangerfield, Jordan",S,16,0.21875,0.25,-2.0,2.0,1.237042213305593,5.6550501179684245,0.0,1.0,-1.2419693968163805,3.242817969176458,0.03286977500130043,0.09778536976142321,11.502812176261864,18.407308735441436,-0.11315603364582835,-0.44151844011225283,0.4030820169259998,0.3437378969530646
2020,14489,"Gillan, Jamie",PN,17,0.28235294117647064,0.5,-4.7,4.4,2.3919559542761717,8.471510671394773,-0.2,1.4,-0.6099261319364534,2.7186793672250746,0.02981076102561065,0.08324192441842114,10.756226945825755,14.794121119515221,-0.06245849287476196,-0.6296719471860341,0.6616799854043041,
2020,13820,"Kalambayi, Peter",LB,11,0.09090909090909091,0.0,0.0,0.5,0.19284730395996746,2.121320343559642,0.0,0.0,-1.473018227531894,0.2752394497236869,0.02912520372882189,0.07621184254455243,8.92114419882897,21.44039698689878,0.08333333333333334,0.0,0.4102082806832798,0.3272227775997644
2020,14190,"Long, Ty",PN,17,0.3647058823529411,1.6,-12.1,4.9,4.597945983418682,12.607271244857678,0.2,3.6,2.001127734189982,4.387768209186237,0.02680227914841979,0.0651499466828035,8.418445596070395,11.5787352213359,-0.035358777532179766,0.7353579047193467,0.7752790573749124,
2020,11257,"McDonald, Vance",TE,15,0.24666666666666662,0.0,-2.9,6.5,2.0280916043304247,8.22199299052875,-0.5,0.5,-0.6659694556318513,0.782389258243925,0.026747652803466703,0.08145944670693338,16.679421536433896,41.27065868819137,0.03416539875257542,-0.14781507049350015,0.39862430571960605,0.8437885910087443
2020,14372,"Holtz, J.P.",TE,17,0.14705882352941177,0.0,-1.0,2.0,0.6809315825170721,4.63033476111609,0.0,0.0,-1.2209773211130177,0.37860658224366583,0.026119019519944248,0.0874865015678996,17.913505399180192,44.324209063469944,0.1143947830205508,-0.14285714285714288,0.27976158675875284,
2020,12152,"Coleman, Tevin",RB,9,0.23333333333333328,0.0,-3.2,3.5,1.8726095873584185,8.02546966010751,-0.9,1.7,-0.8873648293573533,1.1995350480505735,0.025852763581341857,0.08122695627006554,11.998589218922646,24.8853336682539,0.06100526119339335,-0.09940709378234491,0.6747075133983571,0.9877050870106807
2020,11310,"Minter, Kevin",LB,17,0.17647058823529413,0.0,-3.0,2.0,1.028150487820502,5.826186097649511,0.0,1.0,-1.073957546310472,1.7418151178130479,0.025852003697358763,0.08701059871791543,10.185216261307293,24.47837129104026,0.09325955756513529,0.5714285714285715,0.5384969440569525,
2020,13644,"Wims, Javon",WR,14,0.21428571428571425,0.0,-1.7,3.4,1.6097280794581168,7.512064370804547,-1.0,0.07500000000000001,-1.3351989940382911,2.975417600017787,0.025174353124101233,0.08211036083506772,10.956448423606851,19.178013110041654,-0.12039920802910417,-0.2771611402383142,0.2008697659326203,
2020,13862,"Cracraft, River",WR,10,0.12999999999999998,0.0,-0.9,1.2,0.5550675634551168,4.2697504881162835,0.0,0.0,-1.6957925563722682,1.3668427799463625,0.02466909966480587,0.083597653925184,11.154906326688998,19.525391030326507,0.08359765392518402,0.16216216216216217,,0.41848580212928504
2020,14762,"Stephens, Linden",CB,14,0.12142857142857141,0.0,-1.0,1.0,0.5226014206811528,4.3037764056094945,-0.07500000000000001,0.0,-1.6426385034098965,4.550276178085344,0.022894738039888618,0.07975072778682223,9.176783327859537,16.030156365248242,0.04527856625557436,0.09778307177263504,,
2020,14086,"Hill, Justice",RB,13,0.2538461538461539,1.0,-3.0,7.0,2.8340282243357002,11.164353611019424,-2.9,1.3,-0.5949000715973657,1.7942892852484205,0.020868034748365107,0.06620873373725264,9.780144859509933,20.284232063627236,-0.1422921617690724,-0.4315780176456142,0.5194142103723739,
2020,11448,"Harris, Demetrius",TE,14,0.14285714285714285,0.0,-1.5,2.0,0.9744700286487492,6.821290200541245,-0.22499999999999998,0.75,-1.1000442888182305,0.6249189521355756,0.018265163316310257,0.07235214552986086,14.814634559201407,36.65653063252496,0.12538664913040937,0.0,0.46739587010105305,0.40044135091815475
2020,13613,"Samuels, Jaylen",RB,15,0.15333333333333335,0.0,-2.0,2.6,1.137169976545088,7.416325933989704,-0.2,0.4,-1.1110864833288925,1.0841147847223305,0.018218559325761125,0.07174597014562659,10.598087918354134,21.98066366650845,0.09339521534123396,0.43985455404231,0.34920517628077585,0.5464288655290103
2020,14058,"Haskins, Dwayne",QB,9,0.5666666666666669,-3.8,-17.4,35.4,17.72393234521554,31.277527668027414,-17.4,11.4,0.07709541633736387,5.867282823696739,0.017556074074036962,0.03026429791664277,2.42493418467341,4.607319213990233,0.1496436842677372,-0.7168000802691049,0.2035756400525868,
2020,13075,"Milton, Chris",CB,14,0.10714285714285714,0.0,-1.5,1.0,0.6029265362905047,5.627314338711378,0.0,0.0,-1.6054506023180817,6.436812811327168,0.01616685910264068,0.06684202595510541,7.691400522698695,13.435465199696534,-0.03188997530774706,-0.18749999999999997,,0.4294398315387942
2020,14464,"Graham, Jaeden",TE,17,0.1176470588235294,0.0,-2.0,1.4,0.7830823667275268,6.656200117183979,0.0,0.5,-1.1788928710225541,0.606359136200638,0.015366246574390884,0.06597959859781792,13.509808650885905,33.4279399651587,0.15908464544444686,0.29975048486096517,0.5023598883442159,
2020,13316,"Taylor, Trent",WR,12,0.14166666666666666,0.0,-2.6,3.4,1.447099589600599,10.214820632474817,-0.25,0.525,-1.390802466060705,4.316307416554768,0.012632093843430873,0.057891663775640874,7.724811118400382,13.521400655898708,0.16517320825886192,0.17246396752290896,,0.38822658811161814
2020,14961,"Robinson, Kenny",S,10,0.05,0.0,0.0,0.5,0.15000000000000002,3.0000000000000004,0.0,0.0,-1.782918610939761,1.3550393296737377,0.0125,0.04347826086956522,5.114489721246882,8.18443263096274,0.04347826086956522,0.0,,
2020,12998,"Adams, Andrew",S,17,0.08823529411764706,0.0,-2.0,1.0,0.6470588235294118,7.333333333333333,0.0,0.0,-1.5355652177870907,4.436101359030531,0.01058823529411765,0.053571428571428575,6.301781977964907,10.084390206007662,0.24137931034482757,0.40271214587634024,1.0377418784540953,0.7964728646575399
2020,13543,"Jones, Joseph",LB,15,0.08000000000000002,0.0,-2.8,2.0,0.9744742172063865,12.180927715079829,0.0,0.0,-1.0996010366389737,4.257347407432432,0.006069375519636214,0.04051711554541805,4.742819727655647,11.398530898265301,0.13714998240618126,0.18749999999999997,0.34286500517833646,0.39476113134316304
2020,14982,"Gilman, Alohi",S,16,0.06875,0.0,-2.0,1.0,0.775982240453994,11.287014406603548,0.0,0.5,-1.4714085362766478,7.247225196962719,0.005595338112654195,0.038710972685416865,4.553698053677766,7.287029004525161,0.06878944076852177,0.3798734633239789,,
2020,13353,"Lee, Elijah",LB,13,0.07692307692307693,0.5,-2.0,1.0,1.053312610586858,13.693063937629153,0.0,1.0,-1.0619365052727598,4.855928392014473,0.005235332620181132,0.03746291554752178,4.385303655565308,10.539304060992592,0.10235733018456522,0.09232798831614451,0.3605212107635929,0.8537000877999533
2020,13326,"Armah, Alexander",RB,17,0.06470588235294117,0.0,-2.0,2.8,1.024374228762923,15.831238080881539,-0.5,0.6,-1.1453990915753738,2.6785683335888133,0.0038443923163584757,0.03196339956989195,4.7215323470240484,9.792560253320968,-0.021112070169578844,0.32961854017642855,0.15985559944561367,0.2322131353615882
2020,14848,"Proche, James",WR,14,0.05714285714285713,0.0,-1.0,2.8,0.8364160667602542,14.637281168304451,0.0,0.0,-1.599598134067903,6.510375886815548,0.0036542706195423053,0.031116509040169046,4.152051250951335,7.267692070063712,0.04022654448334993,0.15789473684210523,,
2020,11529,"Hill, Josh",TE,16,0.07500000000000007,0.0,-4.6,6.8,2.213453184506056,29.51270912674739,-0.35,0.0,-0.5896035204128007,3.1759417029179513,0.002457992166098919,0.023339378448585805,4.778909595873663,11.824675478235593,0.16896139409409103,-0.05357142857142856,0.678282911657041,0.3460555484296985
2020,12733,"March, Justin",LB,12,0.041666666666666664,0.0,-2.0,1.0,0.7204840194079409,17.291616465790582,0.0,0.125,-1.2209432071411448,6.280419838787416,0.0022779105796687056,0.024217991098228944,2.8348900063261886,6.8131582446345735,-0.029021820446068273,-0.2222222222222222,0.2745493914482849,0.15301436063723467
2020,13816,"Cannon, Trenton",RB,15,0.06000000000000001,0.0,-3.0,4.9,1.6800000000000002,27.999999999999996,-0.55,0.5,-0.945956907919652,4.984299550808513,0.0020689655172413802,0.02238805970149254,3.3070934096532314,6.858983291261778,-0.062870128127649,0.07764340525977775,,0.4586645647786483
2020,14673,"Patrick, Natrez",LB,14,0.03571428571428571,0.0,-2.0,1.5,0.7187361356249322,20.124611797498105,0.0,0.0,-1.2217782472877892,7.4018645272235455,0.0016906481433431849,0.02077938839710262,2.4323768336352414,5.845788810556502,0.02702702702702703,0.18749999999999997,0.11305556789355879,
2020,12394,"Carter, DeAndre",WR,14,0.0071428571428571435,0.0,0.0,0.1,0.025753937681885646,3.60555127546399,0.0,0.0,-1.8767674606313558,1.0373206646791313,0.0015509233782523748,0.006963519105760761,0.9291816179242072,1.6264264258995969,0.0,0.0,0.44104949071443605,0.5316410423479908
2020,12608,"Winchester, James",TE,17,0.029411764705882353,0.0,-2.0,1.5,0.6523845003770246,22.181073012818835,0.0,0.0,-1.2327382514165586,2.3517019060188127,0.0012687835757049738,0.017799588836116213,3.6445968807140905,9.017993435290158,0.16530591922102375,0.18749999999999997,-0.09251264342068141,0.22741944907896214
2020,12806,"Janovich, Andy",RB,15,0.02666666666666669,0.0,-1.0,3.6,1.1281055900146146,42.30395962554801,-0.75,0.0,-1.113843881104343,7.69460701328416,0.0006158020397500595,0.012530706555065042,1.8509963623060848,3.8390065077040005,-0.21414208040524413,-0.5714285714285715,,0.5513651007945137
