season,player_id,player_name,position,games_played,mean_score,median_score,min_score,max_score,std_dev,coefficient_variation,floor_score,ceiling_score,std_dev_vs_position,cv_vs_position,value_score,consistency_score_std,consistency_index_vs_avg,consistency_index_vs_replacement,consistency_score_trailing_10,consistency_score_trailing_5,consistency_score_last_season,consistency_score_2seasons_ago
2019,11677,"Moncrief, Donte",WR,8,-1.1375,0.0,-7.1,1.0,2.3994465507695724,-2.1094035611161077,-1.25,0.0,-1.0595747307117875,-1.032147254359424,,-0.33461329160845044,-48.20471265042781,-81.6829668008527,-0.007079983089616557,-0.1010205144336438,0.5734124214922135,
2019,13772,"Schultz, Dalton",TE,16,-3.469446951953614e-18,0.0,-1.0,0.7,0.3142451272494134,-9.057499123094094e+16,0.0,0.0,-1.4269818885071477,-9.747323185282745,,-2.639878117117183e-18,-4.993640598341362e-16,-9.020997183980626e-16,-0.052924241403212016,-0.14285714285714285,0.5066152019457485,
2019,14131,"Morgan, Stanley",WR,11,-0.0363636363636364,0.0,-1.7,2.0,1.0101959551337527,-27.780388766178174,-0.6499999999999999,0.05,-1.523223909453068,-8.174608932689019,,-0.01808959781794848,-2.6060048618642218,-4.415879628993634,-0.004864077603396441,0.13339264268554266,,
2019,14295,"Cox, Chandler",RB,13,0.0,0.0,0.0,0.0,0.0,,0.0,0.0,-1.4925733487301585,,,0.0,0.0,0.0,0.0,0.0,,
2019,12209,"Koyack, Ben",TE,11,-0.06363636363636363,0.0,-1.0,1.3,0.5756778254177296,-9.046365827992895,0.0,0.0,-1.3072226297966576,0.10153461651336067,,-0.04038665938545713,-7.639612625708605,-13.80093793816698,-0.04365703796771874,0.0,,
2019,14278,"Shelley, Duke",CB,9,0.0,0.0,0.0,0.0,0.0,,0.0,0.0,-1.9176111092650234,,,0.0,0.0,0.0,,0.0,,
2019,8910,"Harris, Clark",TE,16,0.0,0.0,0.0,0.0,0.0,,0.0,0.0,-1.5709339027595652,,,0.0,0.0,0.0,0.0,0.0,0.0976937630932239,
2019,14076,"Williams, Trayveon",RB,11,0.0,0.0,0.0,0.0,0.0,,0.0,0.0,-1.4925733487301585,,,0.0,0.0,0.0,0.0,0.0,,
2019,12608,"Winchester, James",TE,16,-0.21875,0.0,-5.0,1.0,1.262051281644292,-5.769377287516763,0.0,0.0,-0.9928029841587265,0.10153461651336101,,-0.09670426208949161,-18.29275094450479,-33.045801256191254,-0.1355575512043082,0.08333333333333334,0.23750398281588328,
2019,13529,"Natson, JoJo",WR,12,0.0,0.0,0.0,0.0,0.0,,0.0,0.0,-1.860367205584725,,,0.0,0.0,0.0,0.0,0.0,0.18518518518518523,
2019,14525,"Orzech, Matt",TE,16,0.0,0.0,0.0,0.0,0.0,,0.0,0.0,-1.5709339027595652,,,0.0,0.0,0.0,0.0,0.0,,
2019,9431,"Stafford, Matthew",QB,8,37.8,41.75,22.7,51.4,11.376510888668811,0.30096589652562994,24.5,47.949999999999996,-1.7908029269570824,-0.7806225504970984,29.055335040640944,3.0541725644670503,279.61068212574185,431.8476060112828,1.9558087561901292,4.020232624454374,0.9670067086815531,
2019,13116,"Mahomes, Patrick",QB,14,41.07142857142857,39.849999999999994,14.1,71.8,20.63583667075413,0.5024377624183615,23.775,60.375,0.22421979112857895,-0.6287490510433512,27.336525744213837,1.8983055380033518,173.79060781944136,268.4126992699111,1.8151895938371558,2.2575906609057173,3.0307737714214125,
2019,13593,"Jackson, Lamar",QB,15,41.36,51.3,-8.2,75.6,22.192845694051943,0.5365775071095731,23.95,58.15,0.563057480615607,-0.6030138325117853,26.916963061499914,1.7833085489206364,163.26258889414677,252.15259170046798,2.5329050193340708,2.1973891156010965,0.8581160110362808,
2019,12620,"Prescott, Dak",QB,16,39.75625,35.6,12.5,82.9,19.07655526916482,0.47983789389504344,27.4,53.199999999999996,-0.1151124153448058,-0.6457852814104158,26.865273665454392,1.9802326378699453,181.2910655685533,279.9968587101651,2.0492313242348654,2.8884606226585543,1.2540040967604726,
2019,4925,"Brees, Drew",QB,11,40.21818181818181,41.5,-4.4,73.0,21.44891682714657,0.5333139355755251,29.650000000000002,52.400000000000006,0.401163018455701,-0.6054739776412169,26.2295808347206,1.7915421990226088,164.016382752484,253.3167964106533,1.688981647274976,2.464353372874856,1.3433815330986731,
2019,10703,"Wilson, Russell",QB,16,32.49375,27.25,-1.0,76.2,22.572341170944146,0.6946671643298833,16.875,47.3,0.6456436240719745,-0.48384270475603625,19.17411907420115,1.3784693579801315,126.19940404104702,194.90997304126034,1.1099276664490925,1.1718501338122937,1.3205747219990736,
2019,10697,"Tannehill, Ryan",QB,12,30.91666666666667,34.099999999999994,-1.4,72.0,20.649569540845693,0.6679106050947393,15.549999999999999,39.575,0.2272083505410317,-0.5040123312514118,18.536165291011248,1.4280499484452558,130.73852631640202,201.92046732245888,2.08243774063179,1.9830327632362172,0.39722132976727825,
2019,11644,"Carr, Derek",QB,16,29.59375,31.85,-6.8,60.8,18.873674415372857,0.6377587975627576,20.6,43.45,-0.15926352732386323,-0.526741363438844,18.069663276448374,1.489093027362287,136.3270438525829,210.55171095308123,1.6635534667879255,1.9385078978232821,0.9627213289490668,
2019,10700,"Cousins, Kirk",QB,15,28.659999999999993,30.5,-16.1,64.3,21.01671715563589,0.7333118337625923,20.0,40.15,0.30710734125637923,-0.45471158435879117,16.53482047588991,1.3017381200568106,119.17462946684539,184.06048739366383,1.5900643599013142,1.0833376527147796,1.169141421163969,
2019,13113,"Watson, Deshaun",QB,15,30.326666666666668,34.7,-11.8,99.4,26.999221387950353,0.8902798874901193,11.15,41.400000000000006,1.6090252371015283,-0.33638594362274954,16.0434795224605,1.0831253571828945,99.16054628774538,153.1495299091489,1.339472838417565,1.4535048013397263,1.3093331282143446,
2019,12610,"Wentz, Carson",QB,16,25.6875,28.4,-1.5,51.6,15.635731314844216,0.6086902701642517,18.375,36.15,-0.8639075868359941,-0.5486537975170033,15.967958827386479,1.5441160664261757,141.3644244067396,218.33174537931282,1.3852298388343567,4.510206105954764,1.4649784689996157,
2019,5848,"Brady, Tom",QB,16,25.943749999999998,30.700000000000003,-9.6,57.3,17.796627796790602,0.6859697536705605,10.575,38.85,-0.3936513710996562,-0.49039898588821657,15.388028132484175,1.3802342782161021,126.36098317276299,195.1595256001341,1.5123639235558948,1.3987590380861141,1.7842360362046907,
2019,7836,"Rodgers, Aaron",QB,16,27.6625,22.2,-10.4,93.4,23.26934343186331,0.8411872908039153,13.875,34.8,0.7973258764695003,-0.37339291937575575,15.024272727801504,1.139812458365965,104.35027237393173,161.16485596584803,0.9599678312806291,1.355614682310801,1.581809937391228,
2019,9099,"Ryan, Matt",QB,15,26.433333333333334,26.6,-15.9,61.9,20.931401184716602,0.7918562869375764,15.7,43.0,0.2885408037282886,-0.41057961120267406,14.751927108233653,1.2052733480501012,110.34324219825899,170.42076011034612,0.9393146446550192,1.6554912444279617,1.6293256235636742,
2019,11760,"Garoppolo, Jimmy",QB,16,25.39375,17.1,-5.3,56.9,18.941603309580213,0.7459159560750268,11.15,43.775,-0.1444807809054267,-0.4452103462844307,14.544657726301667,1.273405633728583,116.58077936134674,180.0543888072444,1.4431661831870057,1.798366152621765,,
2019,13130,"McCaffrey, Christian",RB,16,22.20625,23.95,-1.4,46.7,11.9950233821156,0.5401642952824363,15.049999999999999,28.700000000000003,2.1375307601197338,-0.2620721746438038,14.418104658066888,1.7088272446328454,255.45964593961173,478.7962543242464,2.4053695095557157,2.0286754827157583,1.6318134232031773,
2019,14067,"Minshew, Gardner",QB,14,22.514285714285712,24.5,-1.8,43.5,15.250941757471763,0.6773895450653702,11.100000000000001,32.7,-0.9476458327985418,-0.4968669177810358,13.42221655102083,1.3854142147752282,126.83520837258173,195.8919476081025,1.2312782923601722,1.3653352041343174,,
2019,7394,"Rivers, Philip",QB,16,23.6875,28.200000000000003,-13.9,52.4,19.796113097019827,0.8357198141222091,10.475,38.975,0.041478399605185776,-0.37751441203753805,12.903657637604525,1.1390349672311852,104.27909275917395,161.05492187464577,0.9836085263628488,1.454484309892818,1.6694059008518052,
2019,12140,"Winston, Jameis",QB,16,25.025,22.5,-19.4,71.3,25.690720601026356,1.026602221819235,10.649999999999999,45.6,1.32426813120229,-0.233623456778608,12.348254497390032,0.937591771090575,85.83689006972166,132.57167144777804,1.241253645417469,1.2067844615631862,1.157098371876264,
2019,14056,"Murray, Kyler",QB,16,22.975,19.65,-10.6,62.7,20.19209313072818,0.8788723887150458,12.850000000000001,38.9,0.12765192698818653,-0.34498514307577477,12.228078999932785,1.0841307584991045,99.25259116795489,153.2916895750883,1.0351047216216056,0.6396344961374972,,
2019,12652,"Thomas, Michael",WR,16,17.89375,18.8,1.2,39.2,8.70024918824168,0.4862172092625458,11.175,22.4,1.0432582480553112,-0.3099653148735119,12.0397946467588,1.8446691062009222,265.7448058088177,450.3050211665988,2.0582735874919895,1.3660664125297062,1.4311691084085825,
2019,12611,"Goff, Jared",QB,16,24.56875,33.349999999999994,-23.5,68.1,26.865770944409913,1.0934936024181088,9.15,42.875,1.579983632798884,-0.18319940372371465,11.735765502995397,0.8816820481662891,80.71833326445199,124.66626352207355,1.018369024439301,2.2858735665240855,1.0464594919488908,
2019,13163,"Godwin, Chris",WR,14,17.914285714285715,13.45,6.4,41.8,11.554643911361671,0.6449960716071108,8.15,25.025,1.995885350275361,-0.26578812687056774,10.890169297963128,1.4269051229779355,205.56132454254742,348.3240107645199,1.3877145235526436,1.387013788349597,0.8641358769423557,
2019,12616,"Brissett, Jacoby",QB,15,19.386666666666667,14.7,0.0,51.1,15.37391152425288,0.793014693479344,7.9,27.15,-0.9208850427007294,-0.40970638131269016,10.812330059073219,1.1839972774954426,108.39540969201632,167.41241007759027,1.0913918504273477,1.1455577289840746,,
2019,13214,"Watt, T.J.",DE,16,14.243749999999999,14.05,6.5,25.2,5.1287143552258785,0.3600677037455641,10.075000000000001,17.025,0.31048155603934163,-1.503363513165657,10.472824228362576,2.324100810450487,237.30501065666357,315.8298676263234,2.5043810209883253,2.7921665350608853,1.0390770343163123,
2019,8062,"Fitzpatrick, Ryan",QB,15,20.94,20.7,-31.6,55.0,22.03723515628341,1.0523990045980616,8.9,35.7,0.5291933768831528,-0.21417732886437849,10.202694482450722,0.9089632439806308,83.21593731590646,128.52371389623218,1.3966109742115453,2.883093748069848,1.077761770603056,
2019,10266,"Heyward, Cameron",DT,16,13.55,13.5,5.0,24.4,4.502360492008608,0.3322775270855061,10.75,16.475,0.41572698253002954,-1.633069110496783,10.170553600526475,2.462579472878856,229.55807568499154,323.52699787445346,3.4464818357891662,2.6999455240470764,1.408140628964176,
2019,11316,"Ryan, Logan",S,16,14.84375,13.25,7.0,28.9,6.979431276078302,0.4701932649147488,8.775,20.299999999999997,1.3479715234937142,-1.1904214403320719,10.096461706251073,1.8602516252631158,206.010011489639,338.3183549778002,1.8871678672394596,2.3406915519044333,1.9809933113945162,
2019,13128,"Cook, Dalvin",RB,14,16.364285714285714,16.15,0.8,32.5,10.388290602050612,0.6348147901733242,7.4,26.1,1.6512784969158079,-0.2471726121515694,10.00987133995207,1.4369395975317936,214.8140380925107,402.61606265309473,1.2853476711230551,0.9495428955244765,0.8644723753058938,
2019,12625,"Elliott, Ezekiel",RB,16,14.637500000000001,16.7,0.8,28.5,7.174858448081049,0.4901696634043415,9.275,18.8,0.6787840803540404,-0.2699421614072395,9.822707010797785,1.7905508814572781,267.67685010325005,501.69439767032856,1.805242824427419,2.268947079024813,1.3775839293907806,
2019,12626,"Henry, Derrick",RB,15,16.80666666666667,15.4,-3.1,41.2,12.785484825466035,0.7607388829115054,5.55,25.950000000000003,2.3767514137178045,-0.22735006509364505,9.545235145188402,1.2191567347431684,182.25677802164216,341.59548887261934,1.330454550272935,1.8929806945160825,0.6982263909588773,
2019,10276,"Ingram, Mark",RB,15,14.639999999999999,13.3,4.4,31.5,7.814158090713718,0.5337539679449261,8.649999999999999,19.35,0.8722580057960937,-0.26308126680830873,9.545207579554697,1.6609640818020022,248.30438395001005,465.38547616893726,1.8789084586544986,1.7284951355202298,0.8491006267029537,
2019,13299,"Kittle, George",TE,14,13.428571428571429,15.55,-0.4,27.8,6.722608823050401,0.5006198059718384,9.6,17.025,1.5086145044973533,0.1015346165133617,8.948683320806067,1.7388646422812328,328.92674159511006,594.2051998397685,1.723657584742917,1.6557095293151847,1.131939515344566,
2019,13733,"Leonard, Shaquille",LB,13,15.36153846153846,11.0,4.0,43.7,11.014852801945233,0.7170409936168655,9.0,15.5,3.3622088329583626,-0.6081199228641024,8.946518177868374,1.2785457062820937,146.3810091012182,315.9067811559395,1.212255574647784,1.3021577823198554,2.2002356677072274,
2019,13589,"Allen, Josh",QB,16,18.575000000000003,21.35,-23.4,56.7,20.10819173869197,1.082540605043982,8.600000000000001,32.2,0.1093932313756974,-0.19145599098142138,8.919393914822473,0.8799901114197031,80.56343579947881,124.42703053241333,0.9419475525457264,0.5499610587363369,0.5450554698640605,
2019,14073,"Jacobs, Josh",RB,13,13.146153846153847,14.0,1.7,24.4,6.5317703318961735,0.4968578953461103,9.3,17.8,0.4841636333113173,-0.2688893224348303,8.782499585983834,1.7454268076233566,260.9310658461391,489.0510847787586,1.8803257600651457,1.5972174202940872,,
2019,12287,"Hicks, Jordan",LB,16,13.41875,12.0,4.0,33.5,7.186725501749736,0.5355733955658862,9.875,16.525,1.6539183531202901,-0.8708883265619435,8.738592397307684,1.6390863474208377,187.6593948582348,404.99020841114736,1.5356283227313037,1.7651280226237058,1.7929945450274725,
2019,9825,"Dunlap, Carlos",DE,14,13.728571428571428,12.5,0.0,30.5,8.139974427077114,0.592922174709051,8.5,17.375,1.8517431742358887,-0.8873305221291922,8.618482212465256,1.5020360875300292,153.36713801537587,204.11673046257314,1.8073094017875644,2.880690816638456,1.4221552200606602,
2019,10271,"Jones, Julio",WR,15,14.086666666666668,12.9,-1.6,26.5,8.964884581273513,0.6364092225229658,7.25,23.75,1.1315777946011452,-0.2681772537401127,8.608278707295645,1.4136306900271585,203.6489969631088,345.0835684592954,1.834076716858592,1.5238901471714847,1.740800994573401,
2019,12305,"Jarrett, Grady",DT,16,12.475,12.25,1.0,23.5,5.840965245573714,0.4682136469397767,9.75,16.125,1.3147009837189856,-1.1777933606950026,8.49671982412223,1.8235730707843685,169.99082856434734,239.57607358184464,1.6139096322866624,3.191571622421648,1.298635728288412,
2019,13404,"Ekeler, Austin",RB,16,14.7,10.55,1.1,41.4,11.00568035152757,0.7486857381991544,7.375,22.45,1.8381217397292975,-0.2292474305863099,8.406313197898253,1.2244204051401062,183.0436658595836,343.07031652296655,1.240492121833614,1.0074173283552323,1.359268320466022,
2019,11244,"Kelce, Travis",TE,16,12.225,12.05,1.6,22.9,5.569167352486366,0.45555561165532643,8.0,15.45,0.9802364689703972,0.1015346165133617,8.398854638124856,1.8609664427825783,352.0237362692407,635.9298533887152,1.6637637732216624,1.4819473713755147,1.2936138245455202,
2019,12221,"Hunter, Danielle",DE,16,13.31875,10.8,0.0,29.5,8.522633010842364,0.6398973635545652,6.5,20.375,2.0476003815040245,-0.7630543337903279,8.121697306184393,1.3986415295890768,142.80991667467904,190.0660965998176,1.1744375579241988,1.2576249266988824,1.3886813512213556,
2019,12688,"Buckner, DeForest",DT,16,13.03125,11.25,2.5,35.3,8.000446764868821,0.6139431570163124,8.0,14.175,2.7649556139405034,-0.6897176966296467,8.074169120113746,1.4478447948677942,134.96598532588047,190.21391391853552,1.6569084881989904,1.5936406632998763,1.5478846579080292,
2019,12756,"Ngakoue, Yannick",DE,15,12.360000000000001,12.0,3.0,25.0,6.599171665191524,0.5339135651449453,6.0,16.7,1.0631098109789094,-1.0434419770489438,8.057820388877035,1.626493063265796,166.07496197054567,221.02960704479878,1.8469629905242804,1.3247709225677664,1.1584358142354867,
2019,13223,"Humphrey, Marlon",CB,16,11.8625,11.5,3.0,25.5,5.628596072734301,0.4744864971746513,9.25,14.625,0.6657634231428619,-1.21089912306315,8.045173708087813,1.7895946396243012,201.74698918740867,304.15046163856596,1.5005675629524975,2.109800278748482,1.1085648488806965,
2019,10775,"Wagner, Bobby",LB,16,11.11875,11.5,5.0,19.4,4.318162043914054,0.38836758124016224,7.875,13.475,0.3738303984742089,-1.084045040272039,8.008505924683254,2.090712901974088,239.3662290117453,516.5794073208547,2.3385493834155633,2.296911522311226,0.9840822124484968,
2019,10749,"Ingram, Melvin",DE,13,11.83076923076923,10.3,2.0,24.0,5.854831616232688,0.4948817360924899,8.0,13.3,0.6821321733876422,-1.1467034445969662,7.914184075654027,1.7259022384668352,176.2252511810555,234.5386538569724,1.5816141132195056,1.904697882632817,0.9731189155530462,
2019,11671,"Evans, Mike",WR,13,15.30769230769231,11.0,-3.0,43.1,14.318329379261316,0.935368250906518,5.8,17.6,2.9182391009350335,-0.1849976100075804,7.909446845850786,0.9993055984562255,143.96092573607024,243.94203120335547,1.0422768183363873,1.6344424220072897,1.382974160864012,
2019,11783,"Brown, John",WR,15,12.713333333333335,11.2,-1.0,32.4,7.801099637586714,0.6136155981321484,8.25,15.85,0.7431756337045377,-0.27451914468902533,7.8787868362512965,1.4445164646288866,208.09843136096399,352.62314254281296,1.3380065767992795,1.3598980482365306,0.5531218265244524,
2019,14168,"White, Devin",LB,13,13.169230769230769,10.5,1.0,32.9,8.954705219164401,0.6799717748197267,8.0,15.3,2.442874070358857,-0.661796830225348,7.838959538855303,1.3229151922929763,151.4608823538232,326.86972244022144,1.5848880597384107,1.7209349922083157,,
2019,12686,"Bosa, Joey",DE,16,12.25625,12.0,1.0,26.6,6.914836291446097,0.5641885806381313,6.0,16.875,1.2246773146350887,-0.9633472798298073,7.835532206097491,1.54851591981073,158.11301523597444,210.43303103374416,1.4889481233016801,1.4735997598979245,,
2019,13684,"Hubbard, Sam",DE,15,11.806666666666667,10.5,3.0,26.2,6.083909561750204,0.5152944292843199,7.25,15.1,0.7993817754070422,-1.092700219363449,7.791665064223198,1.6666879445239025,170.1791069725215,226.49182450538433,1.7994145684895837,3.3840072420134173,0.9225212275307176,
2019,13466,"Burgess, James",LB,10,11.2,9.65,5.5,21.5,4.934977203594765,0.4406229646066755,8.25,11.55,0.6490823382538888,-1.008378288635309,7.774414454831258,1.8871176106988676,216.05655455999155,466.27449228399615,1.8871176106988676,1.8133319337117784,,
2019,10768,"David, Lavonte",LB,16,11.60625,10.5,4.5,21.0,5.720955858726756,0.49292026784937054,6.0,15.850000000000001,0.9998229873042336,-0.9326508362505347,7.77419280181614,1.7268749035049802,197.71032801142186,426.68125945344013,1.9229993354213426,1.6586165925528382,2.3300424450485155,
2019,12801,"Hill, Tyreek",WR,12,12.691666666666665,12.1,-2.0,28.0,8.295225366973996,0.6535962206414181,7.9,17.575,0.9080853982531696,-0.2633952995437322,7.675190901043338,1.3653963368935893,196.7003096545254,333.3090061078385,1.4021439378906488,2.0111455225934347,1.3888256744986722,
2019,13610,"Chubb, Nick",RB,16,13.23125,11.55,0.7,37.6,9.641039800638726,0.7286567633926293,6.725,17.1,1.4251348606648686,-0.23240032442092984,7.6540642886402726,1.243417020130476,185.8835483314561,348.3929775062792,1.134338073611635,0.9874061090046858,0.8290403587243558,
2019,12718,"Bell, Vonn",S,13,12.484615384615385,10.8,2.0,27.5,7.908208603319052,0.6334363021758944,6.0,15.8,1.7586334054896475,-0.8336350908792572,7.6431602309711595,1.4014731738504442,155.20346856652492,254.8817011008043,1.3720564333262373,2.649349175050059,1.2430572992575122,
2019,13277,"Golladay, Kenny",WR,16,13.25625,11.55,-3.3,33.6,9.840221589857618,0.7423080878723334,5.925,20.3,1.4237131994206944,-0.23871291563643554,7.608441981227458,1.2228762936361814,176.1687351342011,298.51821849180664,1.3669336263423628,1.340929177668317,1.2077522858531053,
2019,13115,"Trubisky, Mitchell",QB,15,15.286666666666667,8.4,-4.4,47.5,15.431434008398426,1.0094701706322564,4.050000000000001,22.8,-0.90836694850231,-0.24653793769165255,7.607312061694799,0.9303306490993637,85.17213153689296,131.5449782656894,0.9669487735502488,1.0608966399407003,0.8792464657577583,
2019,11757,"Donald, Aaron",DT,16,12.3625,9.95,1.5,30.7,7.766263178002661,0.6282113794137643,7.0,16.075,2.607683681701235,-0.6419307239155335,7.592687384638661,1.4102360092292736,131.46014904522013,185.27297388174145,1.5770626469172464,1.9498731295682725,1.1608330965091214,
2019,12701,"Smith, Jaylon",LB,16,11.462499999999999,10.0,2.5,23.9,5.8495592782704575,0.5103214201326463,8.5,14.774999999999999,1.057211882723126,-0.9074536492205125,7.589444105873363,1.6734653332169318,191.59545330963158,413.4846679278365,1.6955986823545874,1.424789811764481,1.2527759187976557,
2019,13231,"Peppers, Jabrill",S,11,11.209090909090909,11.0,4.5,23.8,5.347974050636465,0.4771104181427503,7.25,11.75,0.6266174648344605,-1.1753032099301444,7.588526065089093,1.7657745321071463,195.54732634411948,321.1360908660346,1.8286659198588808,2.0952502243626405,1.2213196157974298,
2019,13646,"Gallup, Michael",WR,14,12.757142857142856,10.899999999999999,-1.0,29.4,8.6998123367046,0.6819561742097671,6.475,17.225,1.0431124530079416,-0.2555046837398169,7.584705863775875,1.3151948114366252,189.4682296088295,321.0542342858879,1.2585475994099768,1.1939247758763902,0.5761129552966437,
2019,13629,"Ridley, Calvin",WR,13,12.384615384615385,13.7,1.0,30.1,7.867640263357843,0.6352753007680245,6.2,16.1,0.7653829349564727,-0.2684927458264583,7.57341309979966,1.396607780289657,201.19666021215085,340.9280797031305,1.4299923629869036,1.877683003729097,0.8586148824829283,
2019,12985,"Littleton, Cory",LB,16,12.787500000000001,10.25,2.0,38.4,8.821484781486618,0.6898521823254441,7.85,14.125,2.3834248442599244,-0.647489819298625,7.567229923272242,1.301992548428552,149.06544376536172,321.7000949141922,1.5838887795795749,4.379870682408983,1.5272046464441082,
2019,13747,"Walker, Tracy",S,13,10.807692307692308,9.0,5.0,23.0,4.6967192376842295,0.43457188676081837,8.0,13.0,0.3386630549863942,-1.2682760409769231,7.533740489014784,1.8971783331357819,210.09938918984474,345.0341040154924,2.204203636746225,2.465628563791904,0.5953318138759982,
2019,10773,"Kuechly, Luke",LB,16,11.21875,9.75,2.5,22.0,5.524741934018276,0.49245610553923347,7.875,13.0,0.9122631040229111,-0.9333229517719906,7.5169714930722185,1.7194166625209206,196.8564321858738,424.8384556406528,1.7652226628002052,3.171175219263075,1.7823460801417235,
2019,13604,"Barkley, Saquon",RB,13,14.35384615384615,9.0,0.7,53.1,13.088845244042167,0.9118702474413087,8.0,18.0,2.4685586463387565,-0.20355947411000253,7.507751204903244,1.0188092711087195,152.30600781610738,285.4601390572273,1.0048265807034809,1.2888165996823333,1.4314420525725695,
2019,13635,"Moore, D.J.",WR,15,12.02,11.7,-1.3,29.6,7.244326515740899,0.6026893939884276,7.85,15.15,0.5573578975092298,-0.2775591524550982,7.499893644449233,1.4579723373461988,210.03689732769485,355.9078763893418,1.3902188063029821,1.263255578318942,0.8424496958616855,
2019,10272,"Watt, J.J.",DT,8,12.112499999999999,13.0,0.0,24.7,7.487395658705369,0.6181544403471925,7.0,16.7,2.420403120387935,-0.6756133130548501,7.485379453274639,1.4271162188104694,133.03369762356857,187.49064993623705,1.5220287941767443,1.8261000800845058,1.6392017067214677,
2019,12239,"Kendricks, Eric",LB,15,10.833333333333334,9.0,5.0,24.7,4.9773710151265815,0.4594496321655306,7.0,13.4,0.6680004512017402,-0.9811169293925392,7.422889488319539,1.8123909835809178,207.50108483332497,447.81082053297376,1.6230485539795896,2.520624136299627,1.7342994823340938,
2019,11283,"Richardson, Sheldon",DT,16,11.368749999999999,10.0,1.5,25.3,6.067198565853931,0.5336733208007857,7.5,13.625,1.4666337126241484,-0.9585565446758303,7.412758535868621,1.6086642952031318,149.95734517281528,211.34194276640733,1.4075508226752171,1.3098391935956284,1.1842866898741502,
2019,12176,"Parker, DeVante",WR,16,12.58125,11.0,-6.0,34.6,8.83976942219083,0.7026145591408508,7.574999999999999,17.2,1.0898217997223227,-0.24975688241751504,7.389370619706536,1.2786122784164569,184.19811471355655,312.12401571682364,1.651056916662106,1.8093047880823507,0.37792891022575037,
2019,13319,"Jones, Aaron",RB,16,14.774999999999999,12.55,-3.3,44.0,14.83768428697686,1.0042425913351514,0.9750000000000001,24.35,2.997817122394735,-0.18901853048380102,7.371862100863473,0.9329015361260425,139.46330552945,261.3896533739168,1.0406755360733717,1.193268643494933,1.1536397884764258,
2019,13590,"Mayfield, Baker",QB,16,16.40625,16.75,-37.1,50.3,20.218786707849212,1.2323831898117614,5.0,29.299999999999997,0.1334610070002455,-0.07850167046108716,7.349208717784425,0.7731945386835446,70.78625971971879,109.32656995095249,1.358286076214671,1.334708687766383,1.4374530362577604,
2019,12768,"Schobert, Joe",LB,16,12.9125,9.0,4.0,42.8,9.983165517509963,0.7731396334954473,6.375,16.525,2.9018214351618576,-0.526888065448026,7.282280400300553,1.175662879651061,134.601929239279,290.4861939704055,0.9662943526881177,2.3809059754209154,1.846449342392538,
2019,11675,"Adams, Davante",WR,12,11.733333333333333,10.149999999999999,1.5,27.8,7.3765770441912215,0.6286855435390246,6.5,16.675,0.601495254078819,-0.27032622000369194,7.204173561851348,1.4007312618786059,201.79069293619216,341.93466915483754,1.4756482591501918,2.2350379920639645,1.913413643174369,
2019,13317,"Godchaux, Davon",DT,16,10.03125,9.5,1.5,20.0,3.9742481600297683,0.39618673246402675,8.875,11.5,0.061059740469352586,-1.4190251063782715,7.184748119111967,2.0166364196715043,187.98791306209964,264.9402116139153,2.249409626815176,4.1594838707127,1.2731376490917221,
2019,11323,"Reid, Eric",S,16,10.46875,9.75,3.0,18.5,4.83395784399285,0.46175119703812295,6.0,14.3,0.3993435460968196,-1.2088725463030774,7.161786507315562,1.7944507450940077,198.7230187540466,326.35134727164893,1.9840016785995829,2.1787942932449775,1.568575915902069,
2019,11640,"Bridgewater, Teddy",QB,9,15.800000000000002,4.1,-2.1,52.0,19.323848247983918,1.2230283701255642,-1.1,29.3,-0.061296297187730615,-0.08555351959250891,7.1074216651169255,0.7774118270917186,71.17235410817922,109.92287741704581,0.7239968304155099,0.6492664491601917,,
2019,12218,"Armstead, Arik",DT,16,9.91875,10.25,2.0,15.7,3.9321143723828786,0.3964324509018656,8.675,12.3,0.032763725857651894,-1.4182021489027519,7.102921443564363,2.011054337170186,187.46755945263035,264.20685278695015,1.6742134455644018,1.6376310673764267,1.436957973021671,
2019,10313,"Dalton, Andy",QB,13,16.70769230769231,15.4,-30.0,52.5,22.623998882686212,1.3541067471221029,10.0,28.8,0.6568854212799287,0.013255967920655904,7.0972534818641835,0.7072338764770771,64.74753552725184,100.0,0.5537239019060973,0.6625742859444101,1.2964462271393897,
2019,10816,"Davis, Demario",LB,16,11.1,9.5,2.5,25.7,6.2843058486996,0.566153680063027,6.0,15.125,1.2512162533114366,-0.8266075148454511,7.0874270777522295,1.5238239896230579,174.4629794599244,376.51085076172524,1.5399147720049422,1.6341468571428046,1.8023124122176615,
2019,10783,"Smith, Harrison",S,15,11.22,11.0,3.0,21.5,6.550643734270193,0.5838363399527801,4.0,16.25,1.15838173299091,-0.9420414875715255,7.0840652641765445,1.4859660175828,164.56046708850332,270.2481598694581,1.3487688838747842,1.9165782007113765,1.2224549108867988,
2019,12741,"Jones, Chris",DT,13,11.407692307692308,11.0,3.5,28.8,6.963913746921067,0.6104577121373828,5.5,15.4,2.0688455545467574,-0.7013911100855305,7.083509378555577,1.432422885305939,133.52837735367206,188.18782535693248,1.582654810946825,2.4559225268749687,1.401417149208977,
2019,12691,"Ogbah, Emmanuel",DE,10,9.78,10.0,1.0,15.1,3.8067834191085788,0.38924165839556024,8.025,12.7,-0.36612603185713183,-1.4261817503717724,7.039811929693323,2.0346246433989963,207.74771064707878,276.4919787061235,2.0346246433989963,1.6956488785003812,1.357131562382863,
2019,11232,"Hopkins, DeAndre",WR,15,12.126666666666667,13.3,-6.8,23.7,8.856520510649515,0.7303342916973212,7.699999999999999,19.8,1.0954123162434528,-0.2420443958909327,7.008279686101213,1.2303192240673941,177.240970851405,300.335123721098,1.6003834814110445,1.515276443049591,1.5834399844621359,
2019,12788,"Martinez, Blake",LB,16,10.175,9.3,4.0,22.2,4.637820069817284,0.4558054122670549,6.375,11.75,0.5164768466282276,-0.9863938265120864,6.989258258186421,1.8047755824051621,206.62919569917793,445.92918512422506,1.7083391156382932,1.751178495144057,2.4078399845375107,
2019,13743,"Warner, Fred",LB,16,11.81875,9.0,1.5,29.4,8.173908088393214,0.6916051264637304,5.5,15.875,2.0944456612217874,-0.6449515240991724,6.986707367520741,1.2883004588800087,147.49783310039126,318.3170137186383,1.4767731707358034,1.3042312034809478,1.4334089332946156,
2019,12075,"Barrett, Shaq",DE,16,12.06875,12.05,1.0,31.6,8.899067279074814,0.7373644560600571,2.875,16.95,2.240271780040484,-0.5051982390572313,6.946585074826008,1.219180520725582,124.48584207803859,165.67853715378058,1.4668715164503363,1.8154962779143018,1.2174827898866052,
2019,13154,"Williams, Mike",WR,15,10.379999999999999,9.8,4.1,21.1,5.155476053026852,0.49667399354786634,6.0,13.45,-0.13977608580028253,-0.30705591422371786,6.93537807481655,1.6863033680223332,242.93048523632623,411.6461165192272,1.9582459327103625,2.004800378361342,1.0592440585514262,
2019,12280,"Clark, Frank",DE,14,10.714285714285714,10.15,3.0,23.8,5.8904107476058245,0.5497716697765437,6.0,13.575,0.7003427391593579,-1.0014882383556263,6.913460816992847,1.5549560260988144,158.7705897630569,211.30819871464647,1.6855535681602616,1.9753089000587283,1.3496273219598804,
2019,10277,"Houston, Justin",DE,16,9.856250000000001,9.5,4.0,22.1,4.237329458220119,0.4299129443977292,7.074999999999999,10.925,-0.14575845512331173,-1.3185829833756069,6.892902143879391,1.8819228537418764,192.15591718487929,255.7408194634387,1.848250330690573,2.4410656760089307,1.1845662128391903,
2019,13251,"Baker, Budda",S,16,10.69375,8.75,3.0,25.0,5.906084653770211,0.5522931295167935,6.75,14.2,0.8733878627787031,-1.0109827857138398,6.889001694756461,1.5484533619439496,171.48050863287054,281.61254480754695,1.9551321770403474,2.387375434164257,1.1995981625563663,
2019,9051,"Campbell, Calais",DT,16,10.649999999999999,9.95,3.0,27.9,5.845724933658785,0.5488943599679611,6.75,13.925,1.3178974730716877,-0.907578408570231,6.875872412770807,1.5557154433179907,145.02153023471985,204.38566652031622,1.9826276385396853,1.9874426604479254,1.9472835491788736,
2019,13230,"Adams, Jamal",LB,14,12.278571428571427,9.5,0.5,41.5,9.729717259981593,0.7924144365313689,7.0,12.0,2.7887209002227102,-0.4989777978314537,6.850297106696251,1.144351815715272,131.017117908379,282.74976548457033,1.074685083470263,1.4103250163028385,1.9584692363795888,
2019,9833,"Pierre-Paul, Jason",DE,10,10.819999999999999,12.05,2.0,21.4,6.329581344765228,0.5849890337121284,6.0,14.15,0.9251246474274544,-0.9083182083712765,6.8265456541733815,1.476209825780516,150.73011758488,200.60711298257644,1.476209825780516,1.258237617372637,1.3077672126166529,
2019,10350,"Wright, K.J.",LB,16,10.1875,10.0,3.5,22.5,5.0338696596157515,0.4941221751770063,6.5,12.0,0.6932128041189684,-0.9309104524394982,6.818384847807446,1.688385824470852,193.30370398483495,417.1712661793747,1.8375190724232466,1.618207387289415,,
2019,11228,"Woods, Robert",WR,15,11.813333333333333,11.0,-3.3,27.3,8.696349170133919,0.7361469387810881,5.300000000000001,16.15,1.041956654089169,-0.2404271377797297,6.804339580627445,1.2183279630358212,175.51349825291769,297.4079184925368,1.2930079138058435,1.307995364234564,1.5514713780322946,
2019,11222,"Allen, Keenan",WR,16,11.7625,10.7,0.4,36.2,8.688776884579324,0.7386845385402189,5.65,15.575000000000001,1.0394294757747515,-0.23972109907923775,6.76517202475135,1.2140335297349263,174.89483806081657,296.3595977547105,1.8538962224838305,2.858045757076825,1.45397726394429,
2019,10457,"Guy, Lawrence",DT,16,10.25,9.5,3.0,18.8,5.332096210684875,0.5202045083594999,5.0,14.625,0.9729570662879223,-1.0036661424024662,6.7425138812810745,1.6187372489230336,150.89633126356728,212.66530004791608,2.1108959484796137,1.6840733023876153,1.5788703326486433,
2019,14109,"McLaurin, Terry",WR,14,11.778571428571428,11.350000000000001,-1.1,28.3,8.822550535938214,0.7490340054768648,5.525,15.875,1.084075160134804,-0.23684155743345953,6.73432957374666,1.1991357423386757,172.74864847847397,292.7228758915573,1.0655494569789492,1.1341834736915777,,
2019,12186,"Diggs, Stefon",WR,15,12.639999999999997,11.7,-1.5,43.0,11.125514220325579,0.8801830870510745,5.25,17.25,1.8526673956115929,-0.20035182858942588,6.722749548728728,1.0424300174265602,150.17347101390146,254.46919964345983,1.2028074430455316,1.6618081972597791,1.1118801289052611,
2019,10292,"Jordan, Cameron",DE,16,10.75625,9.2,3.0,27.8,6.457550691825811,0.6003533472935095,5.75,14.024999999999999,0.9906235542717563,-0.8676708288659694,6.7211719325552615,1.4423301221123281,147.27079112026524,196.00308622236514,1.33915374036646,1.059192337332021,1.3841386839712109,
2019,14170,"Bush, Devin",LB,16,10.6125,9.75,1.0,25.8,6.223531453282774,0.586434059202146,6.375,12.649999999999999,1.2240958591951865,-0.7972411546246242,6.689531114414721,1.4691567509098462,168.2041139940296,363.00351087413287,1.6612312137007208,1.5537285735274584,,
2019,10753,"Jones, Chandler",DE,16,12.08125,9.55,0.0,32.2,9.785590091430358,0.8099815905995122,5.35,17.200000000000003,2.6940232168930507,-0.31308446771438847,6.674791645808055,1.1201287919887761,114.37205035362001,152.21806494257729,1.2742959901493307,1.4245806429942378,1.2397066431663697,
2019,14104,"Brown, A.J.",WR,16,12.83125,10.55,-3.7,37.5,11.877590178041167,0.9256767795843092,3.825,20.375,2.1036655965418616,-0.18769407693210877,6.663241794279645,0.9964014868154303,143.54255661966016,243.23310403073552,1.330593031429086,1.9706217152588086,,
2019,13216,"Cunningham, Zach",LB,16,9.9,9.75,1.5,18.5,4.838000620090907,0.4886869313223138,6.15,13.375,0.605806824830288,-0.9387807850319031,6.650155779366187,1.6957860480401665,194.15095738244784,418.99973488106434,1.7745274748388846,1.417316492667374,1.6403754800754315,
2019,12263,"Waller, Darren",TE,16,11.175,9.65,-0.5,30.5,7.607110160895529,0.6807257414671615,5.7,15.274999999999999,1.9137942134279138,0.10153461651336171,6.648913457019448,1.2983451810308064,245.59729347415552,443.6707947222933,1.3521061832549626,2.041941084238957,,
2019,12175,"Cooper, Amari",WR,16,12.86875,13.5,-4.9,42.5,12.057866661955588,0.9369881815992686,2.425,19.9,2.163831159166675,-0.18454689521022857,6.643690509962201,0.9855170322341716,141.97453162303162,240.57608303215937,0.9755197703577979,0.9008662944536271,0.6528468378270424,
2019,13304,"Brown, Jayon",LB,14,10.12857142857143,9.75,1.0,22.6,5.398866094101687,0.5330333238182201,7.125,12.649999999999999,0.8560913829413922,-0.8745663969479565,6.606882754084495,1.58286972717052,181.22314032304823,391.10004283983903,1.398483202771296,1.5602451837861602,1.0090703160550136,
2019,12797,"Ioannidis, Matt",DT,16,9.525,9.85,2.0,19.0,4.214039036364044,0.442418796468666,6.275,12.15,0.22209739028548658,-1.2641851887231201,6.603491318415381,1.8267987511351969,170.29152179364866,239.99985469896168,1.796448944651355,1.8373411024946045,0.9675399267082592,
2019,13307,"Milano, Matt",LB,15,9.586666666666668,10.0,0.5,17.5,4.376279495441558,0.4564964703172696,7.25,11.25,0.3997651392420555,-0.9853931618057269,6.582004736735406,1.7831414223897797,204.15229545341526,440.5837541240727,1.714863059958788,1.4604475626345483,1.6077945954436816,
2019,13129,"Fournette, Leonard",RB,15,11.599999999999998,7.2,1.6,35.0,8.87483333176836,0.7650718389455483,5.2,16.7,1.1932545914675008,-0.22666798573125238,6.571970468312395,1.1747033707071894,175.61126094370266,329.14010213918044,1.2912932866871107,1.0170035427999604,1.0302562317852844,
2019,13250,"King, Kevin",CB,15,10.813333333333333,9.0,2.0,26.3,6.981104656300621,0.6456015403483929,5.5,14.85,1.2865285632412762,-0.8418939984503178,6.571052024564844,1.3548667507820276,152.7386602911288,230.2663064500508,1.248599225428136,1.2375073480102496,,
2019,13198,"Garrett, Myles",DE,10,10.459999999999999,9.2,2.0,21.9,6.215818530169619,0.5942465134005372,5.25,15.575000000000001,0.8668971096092316,-0.8838268903462768,6.561093226221807,1.449592995758739,148.0123752633926,196.99006252391723,1.449592995758739,1.4940363479609764,1.2096946372952222,
2019,12739,"Clark, Kenny",DT,16,10.15,9.75,1.5,25.8,5.556302727533841,0.5474189879343685,8.25,12.875,1.1235286439007692,-0.9125197082744637,6.559309456031114,1.5481286361860738,144.3142991118355,203.38893242020936,1.9363963014769938,2.4038103666203257,1.8043415284680726,
2019,13710,"Davis, Carlton",CB,14,10.064285714285715,10.0,4.0,26.0,5.4586245183794295,0.5423757505841874,5.25,11.75,0.5877510415329574,-1.0644977199508474,6.525184093742257,1.558270756512565,175.66907416038876,264.8358234078487,1.4608644754426308,2.0996957250284662,1.2030944038222549,
2019,13630,"Sutton, Courtland",WR,16,11.05,11.05,-1.8,25.7,7.692691336586956,0.6961711616820774,4.75,16.025,0.7069953938794316,-0.25154963478209746,6.514672722676063,1.2711828330417405,183.1278216665627,310.31040234547606,1.0778107171658549,0.9809485950472349,0.9469882346151631,
2019,13265,"Ogunjobi, Larry",DT,15,10.02,10.0,0.0,21.1,5.426502864030695,0.5415671520988717,6.5,13.0,1.0363582507459328,-0.9321186121609278,6.499879026585113,1.5591683707296238,145.34340710441037,204.83930273862597,1.244136786777052,1.2426702241745642,1.4815180784579995,
2019,12087,"Davis, Todd",LB,14,8.714285714285714,9.0,2.0,14.5,3.0514299090419756,0.3501640879228497,7.25,10.0,-0.19144506830465677,-1.139364397901114,6.454241963798744,2.1509160740599715,246.25890483688434,531.4545816815217,2.5469251936696433,2.325163130538431,1.239900305184085,
2019,13249,"White, Tre'Davious",CB,15,11.733333333333333,8.3,0.0,31.4,9.617460972395756,0.8196699692382747,4.0,19.0,2.496545355589336,-0.46651997462207545,6.448055708829981,1.1050978537937388,124.58137715877325,187.81684686858287,1.2323543272830908,0.9482635476958532,1.040403878554326,
2019,13234,"Mack, Marlon",RB,14,11.299999999999999,12.899999999999999,-1.2,31.1,8.532040452653415,0.7550478276684439,3.575,16.05,1.0895137483429276,-0.22824593186474335,6.4385709733118155,1.185475455767127,177.22162445124044,332.1583323284284,1.4019681615403174,1.2908627380310693,0.9610963369939226,
2019,11317,"Poyer, Jordan",S,16,9.53125,10.5,2.0,17.5,4.614747927839613,0.48417027439628724,5.75,11.625,0.30241917673576113,-1.1598730857262463,6.421938347927771,1.6975383619166926,187.9906420687027,308.72618430538085,1.4724870743619998,1.446536265555934,1.5519630792287902,
2019,12779,"Campbell, De'Vondre",LB,16,10.493749999999999,7.75,4.5,28.0,6.654741613128191,0.6341623931509891,4.875,14.7,1.4165221170251603,-0.7281296534112135,6.421485431301578,1.3708823276285111,156.95265135325005,338.72158135356784,1.4981325290553398,1.4053449900362196,1.6139065227575666,
2019,11872,"Harris, Shelby",DT,16,10.00625,8.5,4.5,27.8,5.622440389857415,0.5618928559507723,6.375,12.05,1.1679450698621727,-0.8640439895268299,6.406489383619651,1.5109611277626676,140.8495980511593,198.50596618454887,1.254987749550162,1.3804752920445902,1.2608772598177924,
2019,11965,"Butler, Malcolm",CB,9,9.577777777777778,8.0,4.0,20.7,4.762533820883766,0.4972483107651264,7.0,9.0,0.2682640936477869,-1.161813866123822,6.396920075924697,1.6620774949844703,187.37155497943516,282.47829211464597,1.7497198026142442,1.7672876727038551,0.995208559641121,
2019,13208,"Allen, Jonathan",DT,15,10.493333333333334,12.0,0.0,25.0,6.722446644555008,0.6406397691761443,4.5,14.85,1.9066821925899216,-0.6003056983229071,6.395878931182203,1.358809431300123,126.66623827056436,178.51668985045927,1.5631349434648827,1.2501847248222915,1.3105294752400338,
2019,9474,"Cook, Jared",TE,14,10.578571428571427,10.399999999999999,-0.3,22.8,6.972412840353512,0.6591072232609668,8.850000000000001,13.05,1.6230468006283532,0.10153461651336171,6.376062547530412,1.3268970938166258,250.99822429452496,453.427560505079,2.2762062730801245,2.600554565353742,0.8864699507984722,
2019,9815,"Suh, Ndamukong",DT,16,9.95,9.05,1.5,20.6,5.604127942864974,0.5632289389814045,5.5,13.625,1.1556468812441276,-0.859569195011431,6.365030579899187,1.5066334398851053,140.44617728351315,197.93740631381763,1.6987566175856232,2.651393201382762,1.4600222594669567,
2019,13697,"Edmunds, Tremaine",LB,16,9.44375,9.0,1.0,20.0,4.575473848411769,0.484497561711372,6.5,12.025,0.48865502981574094,-0.9448470689139333,6.361580000921638,1.6938022232298962,193.92382879707105,418.50956569343924,1.4680145932926691,1.244547661445329,1.8152593045909544,
2019,11349,"Collins, Jamie",LB,16,11.6125,9.0,0.5,41.1,9.591068436310941,0.8259262377878097,5.75,17.725,2.7268492729376863,-0.4504520961867972,6.35978593202596,1.0964427309512168,125.53199513300999,270.9122498747839,1.157784213294525,1.8935909097818586,1.8272376955190226,
2019,11680,"Landry, Jarvis",WR,16,11.268749999999999,9.25,-0.6,31.9,8.777792913796725,0.7789500089891714,5.575,13.225,1.0691377292540805,-0.22851800043131965,6.334495035306297,1.1524840114070625,166.02795524661343,281.3346498872289,1.217614975789044,1.3687522517840018,0.9567008741945334,
2019,13364,"Carson, Chris",RB,15,10.673333333333336,8.8,-2.7,23.9,7.343974098235612,0.6880675295036487,5.800000000000001,15.600000000000001,0.7299642570773492,-0.23878974507359466,6.3228118228609445,1.2791666426182076,191.22790712013688,358.4096631568579,1.4287580377638955,1.6966791835347004,1.4794163166697032,
2019,12231,"Thompson, Shaq",LB,14,9.221428571428572,8.25,3.0,18.4,4.321239665292583,0.4686084842300245,6.0,11.375,0.37520377790733783,-0.967854743952604,6.2790244441923315,1.7329474241828835,198.40557238184363,428.1816754741061,1.563202726832207,2.644763027436539,1.3652581499595562,
2019,10269,"Quinn, Robert",DE,14,10.035714285714286,10.600000000000001,0.0,22.7,6.043249733954305,0.6021743507143079,6.225,11.325,0.7785707426536427,-0.8628532353735172,6.2638091049454125,1.4248698633151997,145.4879911310008,193.6303529915938,1.293471610719788,0.9860551375357655,1.4367634774844442,
2019,10260,"Peterson, Patrick",CB,10,10.11,8.5,3.0,22.0,6.2296789644411055,0.6161898085500599,5.0,15.0,0.9416443380700372,-0.905319630446351,6.255453379618841,1.3984023425833485,157.64657316365086,237.66539563533118,1.3984023425833485,1.5264345011584428,0.8235878034730891,
2019,12234,"Dupree, Bud",DE,16,9.700000000000001,9.0,2.0,23.0,5.400694399797122,0.5567726185357857,5.875,12.4,0.4496898587467649,-0.9829667326855669,6.230839291818534,1.5154605725759152,154.73786064175658,205.94102883892967,1.4670017163928635,1.5950108697016578,0.7998591710548958,
2019,11678,"Robinson, Allen",WR,16,10.5875,11.95,-3.3,24.5,7.424442319124043,0.701246027780311,7.0,13.524999999999999,0.6174698345343136,-0.25013765014887274,6.223379703530575,1.2567597472850722,181.05001805902927,306.7895606318529,1.063135934476321,1.7783684141230727,0.8927457453091604,
2019,12126,"Purcell, Mike",DT,13,9.076923076923077,9.5,0.0,16.5,4.164160982285691,0.4587634980484236,6.5,11.5,0.1886005169724969,-1.209443694887722,6.2223404198600045,1.7576762436452111,163.84802221092346,230.91872753937957,2.4871880779505324,4.542114902640176,,
2019,10738,"Jones, Marvin",WR,13,11.03076923076923,10.3,-0.3,28.4,8.550518168318547,0.7751515773231598,2.6,13.2,0.9932869436430343,-0.2295748415457344,6.2139872288557365,1.154991701639922,166.38921551368236,281.946806018424,1.0428937718551934,1.3600224079153074,1.1509881861078715,
2019,14225,"Crosby, Maxx",DE,16,10.875,6.55,2.0,31.4,8.174158978145703,0.7516468025881107,5.45,14.0,1.869239948091395,-0.4674132800040904,6.208443382496895,1.1853947621690413,121.03610798808349,161.087276910427,1.3700702398161895,1.4439545707361052,,
2019,12767,"Simmons, Justin",S,16,9.475000000000001,10.3,2.0,17.7,5.013918128569712,0.529173417263294,4.25,13.575,0.47891356463765916,-1.0615135640779405,6.196157932798141,1.5755119703056946,174.47706250966576,286.5336123365912,1.6317069934314807,1.4395878516063123,1.4046452151713376,
2019,12481,"Hewitt, Neville",LB,12,9.216666666666667,8.600000000000001,3.0,19.6,4.4945955200539345,0.48765955009626777,6.375,11.925,0.45256331511444287,-0.94026845185318,6.195413907752112,1.677405849625888,192.0466039923868,414.4583021504763,1.8303486834001514,1.8288622766958684,0.5741532299653462,
2019,11706,"Clowney, Jadeveon",DE,13,11.100000000000001,8.0,1.0,32.6,8.809697453986104,0.7936664372960452,4.0,18.1,2.1945293738890665,-0.35624736103211757,6.18844160162425,1.1315333680846185,115.53652783230307,153.7678711052394,1.2592234811160383,0.9769576667140965,0.8904844870942384,
2019,9430,"Jenkins, Malcolm",S,16,9.6,9.75,3.0,20.5,5.304125752657076,0.5525130992351122,4.25,11.899999999999999,0.607229798875786,-1.0105020167076646,6.183522705689054,1.5228122624225526,168.64093406388565,276.9492753379266,1.6001216950743062,1.7853957823464213,1.5714880490453682,
2019,14136,"Samuel, Deebo",WR,15,10.953333333333335,11.6,-1.9,28.8,8.487077759092871,0.7748397223760989,4.1,16.5,0.9721143101895043,-0.22966160923270812,6.171449283696085,1.1545529204538387,166.32600427395576,281.83969446620983,1.7280573668365125,1.6427129967862066,,
2019,13723,"Payne, Da'Ron",DT,15,8.879999999999999,7.0,2.5,17.5,3.988182543465131,0.4491196557956229,6.25,11.45,0.0704177293735655,-1.2417427447452642,6.127858361788995,1.7802075049625885,165.94835361047268,233.87882341145888,1.6358828757054957,1.803539118088915,1.6064720076360448,
2019,13778,"Flowers, Tre",CB,15,9.48,8.9,2.0,22.0,5.2002820436331465,0.5485529581891504,5.5,12.0,0.4691787792361956,-1.0511767329718458,6.121844235205065,1.5289627041619311,172.36507939544657,259.85477493195253,1.952977920220751,2.9887420690001525,1.2590919173439075,
2019,12187,"Lockett, Tyler",WR,16,11.275,10.350000000000001,-3.8,29.4,9.491278891698421,0.8417985713258023,5.875,15.0,1.3072568912949216,-0.21103158748527592,6.121733492215597,1.0747021517959765,154.82262573341598,262.3472001485154,0.842128468669692,0.514061531865157,1.8412013054734826,
2019,12677,"Hooper, Austin",TE,13,10.461538461538463,11.0,-0.2,24.9,7.492513028302983,0.7161960982936674,4.3,14.5,1.8612986084565906,0.10153461651336172,6.095771032191411,1.2318542728958215,233.01975452906083,420.94950728266616,1.1611382693475119,0.9000149615343846,1.1707209055803585,
2019,12245,"Peters, Marcus",CB,16,10.975,7.5,1.0,32.4,8.915190687809208,0.8123180581147342,3.75,14.825,2.174222143082385,-0.4823741790798916,6.0557803034952675,1.1068874362137922,124.78312277040754,188.1209952534449,1.1300566524255908,1.1025324437912838,0.8106444419201461,
2019,12697,"Robinson, A'Shawn",DT,13,9.692307692307692,8.0,0.0,21.5,5.90234132663426,0.6089717241765507,6.5,13.5,1.3559196489159735,-0.7063679645359114,6.023914247012687,1.4042057953447926,130.8980212801933,184.48074077167402,1.2530046184397388,1.66782845062783,1.481410545967877,
2019,14163,"Simmons, Jeffery",DT,9,8.822222222222223,9.0,4.0,15.8,4.155525846596119,0.4710293780776457,5.5,10.5,0.18280137240724034,-1.168362945096795,5.99731205487628,1.711216757461705,159.5171365022356,224.81500652112237,,2.324494801967458,,
2019,13713,"Fitzpatrick, Minkah",S,16,11.431249999999999,6.75,1.0,33.1,10.369348988123603,0.9071054336248096,3.375,17.1,2.846834541151143,-0.2354998686622111,5.99403147746938,1.0054445520091835,111.34603561080611,182.85716955577212,0.9124447284377332,1.635379959489943,0.9015822145692977,
2019,9904,"Joseph, Linval",DT,13,9.161538461538461,8.5,1.5,19.1,4.916931260222323,0.5366927488068027,6.0,12.0,0.6941425053230581,-0.9484439097787505,5.961854423177392,1.5483597930448536,144.33584721790368,203.41930118003324,1.6018947673296413,1.9187832988274733,1.0834779372704486,
2019,14147,"Bosa, Nick",DE,16,11.41875,9.45,0.0,36.4,10.454139057689064,0.9155239459388343,2.0,14.3,3.0362084938180214,-0.033864693356217834,5.961162753516744,0.9969103694733558,101.79069031250745,135.4734995187451,1.03792256406771,1.2729260143043528,,
2019,13706,"Baker, Jerome",LB,16,9.3125,7.5,3.0,23.1,5.292078396055751,0.5682768747442417,5.5,12.95,0.8084376886856187,-0.8235330900824926,5.938045857826415,1.4800355961612985,169.44963563470233,365.69148750976956,1.671631978388655,1.47116613322551,0.9985416280336312,
2019,12250,"Collins, Landon",S,15,9.586666666666668,9.0,3.0,27.3,5.899024401448843,0.6153363422929947,5.25,11.25,0.8702661495104939,-0.8731946256698981,5.934780525681882,1.389568453280641,153.88510303572247,252.7166254599879,1.2773967690762307,1.7321428571428572,2.4336835555391656,
2019,13470,"Moore, Kenny",CB,11,9.681818181818182,7.0,3.0,22.3,6.117013261361253,0.6318041866194721,5.0,13.75,0.8899338041729178,-0.8716476316647763,5.9331985180621,1.3603765830227448,153.3598021077615,231.20272969499135,1.437068268234455,2.4174062539068273,1.3400796762090226,
2019,10779,"Jenkins, Janoris",CB,15,10.106666666666666,8.0,2.0,26.8,7.11715923353943,0.7042044096509991,6.0,12.25,1.348973962647156,-0.7155184402960237,5.930431003130892,1.2450989780891273,140.3641721471268,211.6107304897922,1.213492563836357,1.249277286366672,1.2969854812570871,
2019,13737,"Bates, Jessie",S,16,9.15625,9.75,1.0,19.5,5.035370983105415,0.5499381278476904,4.375,10.625,0.4883990132585786,-1.0161299115121087,5.90749387700705,1.5170981246439934,168.00813279473056,275.9100623265765,1.5028228061363225,1.2528905425255634,1.4351662330968227,
2019,12802,"Reader, D.J.",DT,15,8.879999999999999,9.5,1.5,19.5,4.527869256062944,0.5098951864935748,5.75,12.35,0.4328580405411692,-1.0381940092232103,5.88120293344467,1.6064055766623735,149.74679071662777,211.04519846370243,1.4541994582801718,1.6893748062498006,1.0056782956663224,
2019,12752,"Byard, Kevin",S,16,9.1875,7.0,1.0,18.8,5.187710839088856,0.5646487988123925,5.75,14.45,0.5557565704752321,-0.9839780557297314,5.871924745651255,1.4847978903540464,164.43110507072635,270.035716091923,1.431632901087322,1.2886931999346112,1.1949263318676648,
2019,9820,"Haden, Joe",CB,16,10.40625,7.0,3.0,34.0,8.050346945163296,0.7736069136493258,5.0,13.1,1.7772820766088615,-0.5658537517838503,5.867280917725101,1.1498177984835518,129.6228060935913,195.41722268593176,1.203321407288098,1.5318837207754612,1.0960478938485971,
2019,13668,"Chark, D.J.",WR,15,11.280000000000001,10.3,-2.1,35.8,10.459776925600915,0.9272851884397973,4.35,14.3,1.630483902636185,-0.18724656786607005,5.8527923462803875,0.9843123538295675,141.80098449329574,240.28200712843187,1.040654186293818,0.9790276206846963,0.33577207978105045,
2019,12222,"Flowers, Trey",DE,15,9.38,9.0,2.0,20.9,5.710598334091913,0.6088057925471122,5.0,12.25,0.6083088514141851,-0.8453092864416226,5.830411627962433,1.3977889203033806,142.7228600140048,189.95023265939489,1.4714449041463389,2.2448163981456046,1.4343677538514714,
2019,14059,"Jones, Daniel",QB,13,15.023076923076925,10.5,-13.2,60.6,23.68960024490311,1.5768807126663615,-2.7,32.6,0.8887825381784875,0.18118741375542466,5.829946589779152,0.6084779329782088,55.70639062046159,86.03631036584414,0.5140661354166092,0.9521382635561948,,
2019,10789,"Gilmore, Stephon",CB,16,11.306249999999999,6.5,1.0,39.6,10.623409807472363,0.9396050686542722,4.0,14.0,2.958248872391857,-0.2078830629595714,5.829150574371538,0.9727137034032413,109.65726911438227,165.31750564159296,0.9551972728920034,0.9864597654680382,1.270489468144327,
2019,9831,"Tate, Golden",WR,11,9.60909090909091,11.0,-2.0,19.2,6.288005110085615,0.6543808534620792,7.25,12.8,0.2381947200827346,-0.2631769904368411,5.808270138633567,1.318480265030718,189.94153521384078,321.85625143099895,1.6154924894176481,1.1958790532699222,0.7747809062105522,
2019,13164,"Kupp, Cooper",WR,16,11.59375,10.6,-4.0,43.3,11.59592971423594,1.0001880076969005,2.875,18.125,2.0096640944821025,-0.16696274982688666,5.7963301226615815,0.9204362252749573,132.59892797188346,224.6891068493879,0.7590456460743801,1.894355208876692,1.215786240365039,
2019,13414,"Hilton, Mike",CB,16,8.34375,7.0,3.0,15.2,3.6979671358058335,0.4432020537295381,6.0,11.25,-0.22034344307037304,-1.278363208848909,5.781414998986451,1.7760341353619988,200.2182681875755,301.84578685908804,2.149628289730556,2.3129198303652947,1.0954074078861222,
2019,12272,"McKinney, Benardrick",LB,14,8.22857142857143,8.25,2.5,16.7,3.512310711000985,0.42684331557303634,6.0,9.25,0.014221625769624576,-1.0283314726691257,5.766976190561429,1.823582628853599,208.78241902456156,450.5760847050407,2.0534230422561905,2.612486080160912,1.813607195004339,
2019,12447,"Mostert, Raheem",RB,16,10.69375,8.85,-0.4,28.0,9.137728707808085,0.8544924566039122,2.875,15.425,1.2728157189749594,-0.21259169291914526,5.766402533436674,1.0548467322629838,157.69339679644216,295.55747421513234,1.2270253026047564,2.1629349090317467,0.6040652449885816,
2019,12676,"Henry, Hunter",TE,12,9.616666666666665,9.75,0.0,24.5,6.4315412011602815,0.6687911127722997,5.675000000000001,12.275,1.3752798341351036,0.10153461651336171,5.762654530614596,1.2940339569355037,244.78177462382465,442.1975622964832,1.346897557077514,0.9467075248291265,,
2019,13131,"Mixon, Joe",RB,16,10.9,9.25,-1.6,31.5,9.773305479723838,0.8966335302498933,2.725,15.675,1.4651629764768448,-0.20595798687247358,5.747024834346284,1.011760041568914,151.2521893636911,283.4850156442951,1.2559341901994419,1.4831516522186252,1.7646514584533666,
2019,14722,"Needham, Nik",CB,12,9.533333333333333,7.0,2.0,22.0,6.291837746018425,0.6599829803515831,4.0,13.8,0.970173550544569,-0.8108807984296692,5.743030769697519,1.3073978968523863,147.38733762372715,222.19873990929213,1.529404633616401,1.8285985681003467,,
2019,9662,"Edelman, Julian",WR,16,10.1125,11.399999999999999,-5.0,22.3,7.792133453040958,0.7705447172351998,7.375,16.65,0.7401832548535645,-0.23085661243893688,5.711519117004404,1.150175899172955,165.69544637801687,280.77121304918523,1.10955383432816,0.7704724032921284,2.4044590365453278,
2019,9826,"Graham, Brandon",DE,16,9.56875,7.5,2.0,26.9,6.467777704706617,0.6759271278596073,4.95,11.575,0.9958580747203,-0.6677350411036337,5.709526292005685,1.2813383550462718,130.83253989318516,174.1253740969841,1.0789145523148838,1.250904341228299,1.2386728849966038,
2019,14186,"Rapp, Taylor",S,15,9.413333333333332,6.5,2.0,22.7,6.1312170261883745,0.6513332534902665,5.0,12.25,0.9729308652226972,-0.7945192545598518,5.700444361207686,1.320017789216653,146.18284764814413,240.06765586136498,1.5799862306754124,1.2904973038645182,,
2019,9828,"Griffen, Everson",DE,15,8.82,8.3,0.0,19.9,4.890971273683786,0.5545318904403386,6.5,12.1,0.18879685334697946,-0.9888947375249252,5.673733716393323,1.4972064181335945,152.87399901622592,203.46041046160929,1.2882488553021028,1.0259680467499608,1.698914278302399,
2019,13132,"Kamara, Alvin",RB,14,10.421428571428573,9.25,-6.1,28.7,8.735655881127036,0.8382397692651027,6.5,14.025,1.1511347373131846,-0.21515013628439647,5.669243341196391,1.0704392902414448,160.0243927195124,299.92635256656854,0.9971341730068292,0.8814683887710625,1.6394703566936948,
2019,13696,"Smith, Roquan",LB,12,9.225,8.5,1.5,22.2,5.840822573348152,0.6331514984659243,5.0,10.25,1.0533131540044738,-0.7295934474193674,5.648588026686662,1.348522038261978,154.3926163813394,333.1967362074074,1.274199493936798,1.2589856237898522,1.9552167172892998,
2019,12764,"Hargrave, Javon",DT,16,9.5625,9.5,0.0,23.5,6.639830099482968,0.6943613175929901,4.0,12.25,1.8511989546214207,-0.42038208227286605,5.64371949519273,1.2516639605175448,116.67829336884823,164.44020911962284,1.4692138148195761,1.7234040128932029,1.3460273760410066,
2019,12248,"Waynes, Trae",CB,14,8.285714285714286,7.5,4.0,19.0,3.880879344916036,0.4683819899036595,5.25,9.75,-0.136391648239906,-1.2240633336693745,5.642751234137592,1.6975863774106106,191.3745900580312,288.513202335682,1.5337967016705345,1.3817202553579864,0.8365493603593228,
2019,14162,"Wilkins, Christian",DT,16,8.4875,8.25,0.0,17.8,4.288338110503881,0.5052533856263777,6.25,11.5,0.27199481952009436,-1.0537402773711408,5.638585557120749,1.6049465489246675,149.61078227364044,210.85351536514895,1.8430208986405672,1.5591264520017476,,
2019,13671,"Andrews, Mark",TE,15,10.113333333333333,10.2,-2.2,23.1,8.055877081705974,0.7965600278549084,3.7,16.2,2.119369086604055,0.10153461651336172,5.629276604472074,1.1167701639594418,211.2502389259609,381.6229408058125,1.2709742981829832,1.2918362177477358,0.8884573071649258,
2019,12226,"Shelton, Danny",DT,16,8.8,8.0,2.5,25.0,4.958452379523272,0.563460497673099,5.5,10.1,0.7220270669551655,-0.8587936612011577,5.628540032253489,1.4768935689142955,137.67386977978902,194.03026289841685,1.368554629910758,1.9074367495609685,0.8486696751946587,
2019,11735,"Roby, Bradley",CB,10,9.790000000000001,6.5,2.0,24.1,7.3485304653379515,0.7506159821591369,5.0,14.25,1.4551671483077107,-0.6154330954940829,5.592317275617136,1.1726614690629507,132.19804948074753,199.29961750228085,1.1726614690629507,1.2751186351126476,1.204379795068618,
2019,13263,"Awuzie, Chidobe",CB,16,8.4375,8.5,1.0,18.0,4.300708517209693,0.5097136020396673,5.0,11.25,0.056298674115814705,-1.13493279082627,5.588808359811218,1.591768340516396,179.44536884086676,270.52890351267104,1.8711072589735385,1.4762770544167378,1.5423524739952241,
2019,11313,"Mathieu, Tyrann",S,16,9.3375,9.9,1.5,20.3,6.277925115036019,0.6723346843412068,2.875,12.25,1.037798318489656,-0.7486182227467408,5.583511534760986,1.2829892932958253,142.08219762505126,233.3333949382145,1.236225457390441,2.391366096193282,1.5499513245230472,
2019,11764,"Fuller, Kyle",CB,16,8.975,8.5,2.0,20.4,5.470317632459746,0.6095061428924508,4.0,12.25,0.59311786706623,-0.9197327809976582,5.576244638539239,1.3871034638199173,156.37281277051827,235.74509529702817,1.3571982399421765,1.5116594468090094,1.0678213207521052,
2019,12717,"Joseph, Karl",S,9,8.166666666666666,7.0,4.0,16.0,3.80058475033046,0.46537772453026044,6.0,8.5,-0.05756569038086628,-1.2009463552273743,5.573079575291458,1.701181645861891,188.3941105872716,309.3887773730699,1.5818182373175589,1.590838133312375,0.8940238211263944,
2019,12745,"Jones, Deion",LB,16,8.99375,7.25,3.0,25.4,5.577350261324816,0.6201362347546703,5.5,10.5,0.9357394144092921,-0.7484397875144839,5.551230697190031,1.3673819460222072,156.55189181117618,337.85669691444946,1.2549787001342323,1.3190285630826721,,
2019,13146,"Conner, James",RB,10,10.260000000000002,7.5,-1.1,22.3,8.774759255956829,0.8552396935630436,4.3,19.875,1.1629687552319137,-0.21247406539081673,5.53028270988282,1.049642219448777,156.9153526699915,294.0992219261128,1.049642219448777,1.1761852335846066,1.4175056120008613,
2019,12278,"Golden, Markus",DE,16,8.26875,7.5,0.5,18.3,4.12897062686331,0.4993464099003247,5.55,10.875,-0.2012200571695968,-1.134891833900971,5.514902990663579,1.6121655984325385,164.61203954495602,219.08259971131253,2.1257523307190205,2.1072404465162426,1.0050170208245146,
2019,12252,"Harris, Anthony",S,14,9.635714285714284,7.5,1.0,27.0,7.210073027454333,0.7482655476972623,4.375,14.025,1.4499505155609567,-0.582662626709472,5.511585066928775,1.173645380923243,129.97311499435517,213.44734723458924,1.4537341257714642,1.4910212076081732,0.6575662220970603,
2019,13727,"Vander Esch, Leighton",LB,9,8.411111111111111,7.0,4.0,19.7,4.426798302371201,0.5263036290797993,6.5,9.0,0.4223090073433798,-0.8843111181146068,5.510771874520228,1.549921453214124,177.4508844184036,382.9590877538637,1.5527989020456354,2.727589845624675,1.3520517322940149,
2019,14167,"Hines-Allen, Josh",DE,16,8.7875,8.05,2.0,21.0,5.247722720380717,0.5971803949224145,4.0,11.35,0.37139393859044734,-0.8760650990360638,5.501883211149023,1.4065124835540903,143.61358956448953,191.1357069788877,1.4468239286285711,1.427109652523727,,
2019,10762,"Cox, Fletcher",DT,16,8.66875,8.2,0.0,19.8,5.018929012996697,0.5789680188027914,5.425,12.375,0.7626416852935867,-0.8068560428738399,5.490136530170407,1.4402479213962374,134.2578158334603,189.215857330087,1.457945047883206,1.5431669708882225,1.593171401050287,
2019,11720,"Barr, Anthony",LB,14,8.685714285714287,7.4,2.0,21.9,5.162482396076127,0.5943647495482383,5.5,10.75,0.7506058571843569,-0.7857573698341345,5.447758606162973,1.409450563500967,161.36833806552332,348.25113292881855,1.444989671213275,1.8261190752179521,1.2091963732207909,
2019,12795,"Judon, Matt",DE,16,9.11875,8.6,1.5,27.4,6.158045423468392,0.675316838762812,4.0,11.575,0.8373269397142636,-0.6693496041229312,5.443000266584805,1.273916196466599,130.07469177707728,173.11675203068688,1.237362259668392,1.686590605663278,0.9201514380922992,
2019,11330,"Williams, Shawn",S,16,7.9312499999999995,7.5,2.5,14.6,3.6552562752151867,0.460867615472364,5.875,11.5,-0.1218231429995039,-1.2108037149861657,5.429136710266159,1.7037193080489175,188.67513913696158,309.850294344723,1.5986813189914477,1.116505808525101,1.1804228073832663,
2019,14079,"Sanders, Miles",RB,16,10.4375,7.6,-1.3,31.7,9.845232031293117,0.9432557634771849,2.5,16.225,1.4869304096922182,-0.1986188717595696,5.371140637361884,0.9624044898148204,143.87382398717,269.656085081426,1.0726731359258066,1.268817187137027,,
2019,9861,"Jackson, Kareem",S,13,10.323076923076922,7.5,2.5,40.6,9.528754365776969,0.9230537016028362,5.5,12.0,2.475162925701545,-0.20064310290090853,5.368064820276622,0.9804651684753338,108.57974151439073,178.3142443779289,0.9286886276016152,0.8765991276317789,1.4367221304874815,
2019,10879,"Trevathan, Danny",LB,9,8.744444444444445,6.5,3.5,22.2,5.576759535212205,0.6377488667968214,4.5,11.5,0.9354758046295668,-0.7229363739225249,5.3393072782564035,1.3295977141366317,152.22596590618187,328.52085931805135,1.34527997401922,1.6743926106832476,1.6624207077681907,
2019,12269,"Randall, Damarious",CB,11,7.3999999999999995,7.4,1.0,12.5,2.874970355578392,0.38850950751059354,6.2,9.05,-0.5980768769176565,-1.3963062573301759,5.329455765317142,1.9096920288298436,215.2859695492258,324.5616070229311,1.8542636135964243,2.5405081778736935,1.2605049407511506,
2019,8448,"Bethea, Antoine",S,16,8.4125,7.5,2.5,23.1,4.889641474586864,0.5812352421499988,5.5,8.5,0.423964242431041,-0.9477264846482428,5.320207756412993,1.4283551955240372,158.18046668797976,259.77065334123097,1.4478504025597307,1.8101825473547926,2.8337335686002136,
2019,13707,"Ward, Denzel",CB,12,9.674999999999999,7.5,1.0,30.2,7.9298092663064725,0.8196185288172065,4.5,11.925,1.7219585171047935,-0.4666309045475475,5.317048516915778,1.0834497928757834,122.14091884757714,184.13765182854954,1.1853510363102124,0.9450170111783397,1.0753592079252823,
2019,10948,"Keenum, Case",QB,10,13.11,3.8,-9.7,59.8,19.271349200302502,1.4699732418232268,1.1,23.275000000000002,-0.07272118667164829,0.10059843602023572,5.307749807978797,0.6467255765987379,59.20797721935259,91.44437195518017,0.646725576598738,0.6310968755789709,1.3748246544366924,
2019,11293,"Ogletree, Alec",LB,13,7.638461538461538,7.5,3.5,16.8,3.37969922684036,0.44245810623287696,5.0,9.0,-0.04495585662424052,-1.0057209699687504,5.295447753702977,1.7440607545948177,199.67794028561195,430.9275893832503,1.6836518046709126,2.00609167791442,1.286043983274302,
2019,14260,"Holcomb, Cole",LB,16,7.45,7.25,3.0,14.7,3.0852471537949757,0.4141271347375806,5.0,8.625,-0.1763542229027931,-1.0467447352854473,5.268267482458355,1.823635075072349,208.78842360491126,450.5890432688743,1.6169051108503445,2.315780528813117,,
2019,11769,"Lawrence, Demarcus",DE,16,8.8375,11.3,0.0,16.2,6.011954237184444,0.680277707177872,2.0,14.225,0.7625526814955682,-0.656225275458669,5.259547253556744,1.2603476436190462,128.68925894059893,171.27287579672407,1.4900737503507413,0.9456070344264182,1.4929821222205726,
2019,11045,"Harrison, Damon",DT,15,8.073333333333332,8.5,1.5,16.9,4.331815118656637,0.5365584374884357,4.75,10.6,0.3011929079586074,-0.9488937437613739,5.254166152332943,1.5141810347256428,141.14975309364456,198.9289888096618,1.7936572576267935,1.7498650363845927,1.962282963153804,
2019,13273,"Griffin, Shaq",CB,14,7.5,7.0,3.0,12.0,3.2237954561133595,0.4298393941484479,4.25,10.75,-0.43797551783240773,-1.307179435478805,5.2453443587394535,1.7756541664783478,200.17543302448092,301.7812092677095,1.8157564325926645,1.6238901018223306,0.9443837975457877,
2019,13711,"Wallace, Levi",CB,16,7.70625,9.0,2.0,15.0,3.6186096691270806,0.4695681646880234,4.0,10.25,-0.2567663904137425,-1.2215053787052839,5.243887412079296,1.6685216011026291,188.09802061503612,283.57349982665465,1.6981863764976954,1.7529178497739484,,
2019,13592,"Darnold, Sam",QB,13,14.86153846153846,16.6,-53.1,60.3,27.325967882401883,1.8387038430187603,5.8,36.1,1.6801321000492109,0.3785548966461857,5.23532544548017,0.5246612762973409,48.03294321257874,74.18497526035098,0.9651911031218389,1.6940276136704917,0.5550003845361521,
2019,12150,"Gurley, Todd",RB,15,8.479999999999999,8.2,0.1,18.5,5.263990881451069,0.6207536416805507,5.35,13.100000000000001,0.10049023430502603,-0.24938607084422793,5.232133855461915,1.3537695313559566,202.38060122826033,379.31264431050715,1.314448332234571,2.2540926124074523,2.111617051838361,
2019,12316,"Davison, Tyeler",DT,16,7.7125,7.5,1.5,14.0,3.692369665946247,0.47875133432042094,4.875,11.125,-0.12824291739175006,-1.1425006546170098,5.21554897094607,1.6436258328007762,153.21640884255396,215.93509455079126,1.5411268103547489,1.5257176260971337,0.907127147296575,
2019,11537,"Melvin, Rashaan",CB,13,7.769230769230769,7.0,2.0,17.0,3.805943654416302,0.48987393571694976,5.0,10.0,-0.17078511899243945,-1.1777165134488223,5.214690037175594,1.616587985190261,182.2433703965178,274.74712490097716,1.7787007499952534,2.3540361850405875,1.0107956768910964,
2019,12658,"Shepard, Sterling",WR,10,9.65,6.75,0.8,24.7,8.259206983724285,0.8558763713703922,2.075,16.975,0.8960646052689677,-0.20711470831096818,5.1996998015952824,1.0422058840419752,150.1411821429264,254.41448609719274,1.0422058840419752,1.1021086364165513,0.8998531417416399,
2019,12217,"Fowler, Dante",DE,16,9.44375,6.5,0.0,28.4,7.755721174558817,0.821254393070424,4.875,12.275,1.6550697632244153,-0.28326147056606243,5.185299777961788,1.0785804860301358,110.1297123517799,146.57192605221138,1.1959450379904866,1.410543780439475,0.9455860259453809,
2019,13306,"Walker, Anthony",LB,16,8.525,7.5,1.0,18.5,5.491755183909785,0.6441941564703559,5.375,11.5,0.8975428643986293,-0.7136034764957949,5.184910776170674,1.3132041733689739,150.34906543362086,324.4702957205097,1.5678782330336472,1.980015709649264,1.4898990697746042,
2019,13221,"Davis, Jarrad",LB,11,8.5,6.5,0.5,17.7,5.475399528801528,0.6441646504472386,5.0,12.4,0.8902442017048566,-0.7136462017573695,5.16979853428175,1.3126603172813318,150.28679921777598,324.3359181810796,1.2380282348383436,1.243897017437853,1.6121853626205809,
2019,9064,"Flacco, Joe",QB,8,12.2,8.4,-16.0,39.9,16.792260121853758,1.3764147640863738,4.95,25.225,-0.6122227584704573,0.0300721947780635,5.133783960768464,0.6856914139320088,62.77531473102912,96.95398322088626,0.6172202479905049,0.5154441206731153,1.322052880408473,
2019,10766,"Irvin, Bruce",DE,13,8.623076923076923,8.3,1.0,21.6,5.864122184443537,0.6800498518980016,3.0,12.1,0.6868873907561027,-0.6568280827356828,5.132631578363689,1.2562534132361138,128.27121279549033,170.71649707422685,1.2037794310005245,1.2366737891359425,0.9980034422978157,
2019,10308,"Cobb, Randall",WR,15,9.106666666666666,8.9,-2.7,23.0,7.152758597601037,0.7854420129137303,4.699999999999999,13.2,0.5267979753627394,-0.2267117242453327,5.100511022368715,1.117004331435291,160.9167184223163,272.67365047710894,1.0432362545337583,1.147805472584217,0.4874753891413916,
2019,12762,"Vigil, Nick",LB,16,8.69375,6.5,1.0,20.1,6.127445302693449,0.7048103870819208,4.375,10.85,1.1812176988248013,-0.6258300650049652,5.099540726567758,1.2197568175955902,139.65025492670074,301.3810520393063,1.2326386811512375,1.0444308137643417,1.4713931595177838,
2019,13699,"Evans, Rashaan",LB,16,8.40625,7.5,2.0,27.5,5.501643930453879,0.6544706534368927,5.875,9.575,0.9019556882819795,-0.6987229207794848,5.080930255569894,1.2929422296759276,148.02927056859022,319.46391590899213,1.1844388427262929,1.7794186537143104,0.9997804955973109,
2019,12630,"Drake, Kenyan",RB,14,10.864285714285714,6.1,-0.1,36.5,12.465415421583554,1.147375515464627,1.875,14.05,2.2798874709694075,-0.16648702708044502,5.0593320246249585,0.8068288555636746,120.61617956029443,226.06535279556988,1.0268692711747958,1.2395516764949457,0.9739303060749104,
2019,12301,"Smith, Za'Darius",DE,16,8.806249999999999,7.85,0.0,26.2,6.547086064616838,0.7434590279195843,3.25,13.075,1.0364506931641113,-0.48907461765466026,5.051022053846728,1.1668410727799337,119.14166199916392,158.5659537228128,1.120816255722094,1.08863209445816,0.9527953349212944,
2019,11723,"Van Noy, Kyle",DE,15,8.406666666666668,6.5,2.5,25.4,5.650423779584049,0.6721360562550414,5.4,9.7,0.5775095418088774,-0.6777645894740422,5.027501581118019,1.2640798459301286,129.07033978925307,171.78005730819874,1.7728392635125698,1.9755380093103474,1.3988160448755935,
2019,13614,"Lindsay, Phillip",RB,16,9.1,6.45,0.6,25.4,7.405825409770337,0.8138269681066305,4.175,12.2,0.7486825782500054,-0.21899311731572085,5.017016595303501,1.0825825610680426,161.83974045326067,303.32877525457354,1.0486385587182276,1.0100340845520617,1.280311078010963,
2019,11348,"Slay, Darius",CB,14,7.9,6.5,3.0,18.0,4.624160155407374,0.5853367285325789,3.25,11.524999999999999,0.2047542949824895,-0.9718534922587257,4.983168470027441,1.404654167325678,158.35136227665194,238.72792417635438,1.4745098701656567,1.6908106359963604,0.995049870755466,
2019,14180,"Murphy, Byron",CB,16,7.5,7.0,2.0,14.0,3.7914377220257753,0.5055250296034367,5.0,11.25,-0.17744295263732435,-1.1439653379659847,4.981650821159406,1.5652921805752011,176.46062277876317,266.02914916035496,1.5123941933420437,1.6751195712271008,,
2019,11721,"Mack, Khalil",DE,16,8.274999999999999,8.65,0.0,21.1,5.504146164483643,0.6651536150433407,2.875,12.25,0.5026398632105151,-0.696237132116587,4.969511476443942,1.2722653813018887,129.90613337870994,172.8924172115596,1.030981884278946,1.0497531306865413,1.1422088521035412,
2019,13920,"Ward, Charvarius",CB,16,8.15625,7.0,1.0,23.5,5.284762145782911,0.6479401864561424,5.75,9.0,0.5079528787751767,-0.8368507691560985,4.949360460430198,1.297781811118001,146.30328411701376,220.5644385705916,1.629882311399022,1.5942031730866755,0.5341913375668148,
2019,10763,"Brockers, Michael",DT,16,7.35625,7.0,2.0,17.3,3.593739130418345,0.48852868382917175,4.0,9.0,-0.1944807571474977,-1.1097544637338017,4.941960527812191,1.6013643333138243,149.27685334611937,210.38289361463129,1.3402697391468312,1.2927788628302694,1.3405710869124492,
2019,12938,"Poole, Brian",CB,14,7.664285714285714,6.5,2.0,16.3,4.278786066641055,0.5582759080426353,4.25,10.5,0.04623685767790514,-1.0302094453754735,4.918439459102523,1.4519030734584357,163.67788949327544,246.75810950101118,1.3021274345974707,1.0838046315405159,0.9764272492663272,
2019,13201,"Barnett, Derek",DE,14,8.178571428571429,7.45,0.0,20.7,5.503009380775028,0.6728570421908331,4.0,11.5,0.5020580200430459,-0.6758571701288897,4.88898406875251,1.2576594849685896,128.41478138165442,170.90757288606088,1.1364318372863367,1.0725039947343487,,
2019,10808,"Wilson, Tavon",S,16,7.40625,7.5,1.0,14.9,3.83755598493364,0.51815101906277,4.375,9.25,-0.041218740109200694,-1.085604277422664,4.878467232181055,1.5309900336174809,169.5465657079857,278.4365419315852,2.1462484369644392,3.004301858948917,0.8216152952856226,
2019,11679,"Beckham, Odell",WR,16,8.993749999999999,6.550000000000001,-2.7,30.2,7.588434353507975,0.8437453068528674,4.45,13.6,0.6722006169439646,-0.21048994548015476,4.87797851827574,1.0471931937543975,150.8596587773433,255.6319459646927,1.2935970305049596,1.2112411769017124,1.5941550672869513,
2019,10393,"Sherman, Richard",CB,15,8.66,7.0,0.0,25.7,6.725057620570994,0.7765655451005767,4.0,10.5,1.1690098458462441,-0.5594735402775843,4.8745738787305655,1.1210272369929455,126.37714980409538,190.52412434158282,1.2111369039020423,1.2950067663526181,0.8577146740607622,
2019,10143,"Mclendon, Steve",DT,16,6.9,8.0,1.0,10.6,2.8857408061016154,0.41822330523211815,5.25,9.125,-0.6699550035603918,-1.3452204604842308,4.865242289098253,1.7757231746299755,165.5303308610639,233.28968428073605,1.6835771081898698,3.238569518459579,1.4447234611569213,
2019,12740,"Butler, Vernon",DT,14,8.214285714285714,7.3,0.0,18.8,5.666046384618913,0.6897795598666504,3.625,12.925,1.1972297825319627,-0.43572725459723183,4.86115817079356,1.2322575092245343,114.86925221352257,161.89064229533489,1.358840851847322,1.4480126857374513,1.0083265354516895,
2019,13715,"Harrison, Ronnie",LB,14,8.335714285714285,6.85,1.0,24.8,5.978486089167336,0.7172134125821997,5.0,9.5,1.1147450905764211,-0.6078702570462113,4.854209863862959,1.1944874832743118,136.75716268988035,295.13743162889364,1.0357059524257268,1.5101574971538265,0.707709036909364,
2019,12716,"Mills, Jalen",S,9,7.555555555555555,7.0,2.0,17.0,4.2192972324550055,0.5584363984131625,5.0,8.0,0.12756938008353488,-0.9975559681293559,4.848164200508154,1.4476193286278203,160.313836296775,263.2741631531487,1.2637777822630656,1.8340454930148178,1.444207979652517,
2019,12308,"Amos, Adrian",S,16,7.7625,7.0,1.5,21.3,4.6710377594277706,0.6017439947733038,5.75,8.0,0.32730790678896055,-0.9029022575138618,4.846280070554368,1.3687970931061595,151.58481844513915,248.93900080456635,1.3711563950672887,1.2389428852482816,1.155045383524706,
2019,11281,"Hankins, Johnathan",DT,16,7.925,7.5,0.0,16.5,5.0380427747290915,0.6357151766219674,4.275,12.2,0.7754780171656946,-0.6167990892625242,4.84497552707586,1.312511404054366,122.35040352914883,172.43418086859936,1.3783084302592277,1.2694267075852395,1.033511730603121,
2019,9846,"McCourty, Devin",S,16,7.9625,6.75,0.5,17.5,5.15423066519146,0.6473131133678443,3.375,12.075,0.5409532039211604,-0.8033057311081488,4.8336287348074904,1.2938254077859275,143.28222241755387,235.30412641284713,1.4484573345012062,1.0183911585342824,0.8892043921933785,
2019,13730,"Alexander, Jaire",CB,16,8.85,7.0,1.0,24.0,7.368005157435763,0.8325429556424592,3.0,10.25,1.4641055093025035,-0.4387597154180249,4.829354735042124,1.0575997305804643,119.22675486713383,179.74430586828362,1.0218602857720243,0.9973014440906633,1.2683062050010192,
2019,10806,"Wolfe, Derek",DT,12,8.225,7.0,0.0,16.5,5.786208459201356,0.7034903901764568,3.5,14.45,1.2779276738929846,-0.389807093300926,4.8283219250494325,1.2120169973334374,112.98246114270786,159.23149885664068,1.1736016126042823,1.3027702468171742,1.2522402022393846,
2019,10754,"Mercilus, Whitney",DE,16,8.7,7.3,0.0,23.9,7.041484218543701,0.8093660021314599,3.5,11.825,1.2894998754242966,-0.31471305059558763,4.808314066778789,1.0818898307277354,110.46761683303097,147.02164402187648,0.9034360174432952,0.7594790029838671,0.6894706710683353,
2019,13224,"Lattimore, Marshon",CB,14,7.642857142857143,6.0,2.0,18.0,4.513584936565594,0.5905625150646571,5.0,9.75,0.154003237244478,-0.9605842199919291,4.805128418700638,1.386186524881554,156.26944317721063,235.5892569886076,1.2646708953163375,1.4383184982917765,1.112615279596466,
2019,14080,"Singletary, Devin",RB,12,8.691666666666665,10.2,-2.9,21.3,7.037572774441168,0.8096919778839313,2.025,13.45,0.6372367425881627,-0.21964403356606807,4.8028431207557265,1.0813795296890452,161.65989432130192,302.99169792864274,0.9258893975632014,0.9680993634915954,,
2019,11247,"Ertz, Zach",TE,15,8.44,8.6,-0.7,20.1,6.3931004476179885,0.7574763563528423,2.6,12.5,1.3576705749232596,0.10153461651336172,4.802340566057397,1.141604940958068,215.9480297014882,390.109486147309,0.9711744294547218,1.1455492683242545,1.086847280895579,
2019,10774,"Hightower, Dont'a",LB,15,7.919999999999999,6.0,2.0,20.9,5.161162659711473,0.651661951983772,4.0,10.4,0.7500169287368835,-0.7027899718961972,4.795170095483204,1.2854716613456352,147.17396338217154,317.6180662197457,1.5903666865426531,1.4622242042485227,1.0375141454822112,
2019,12276,"Darby, Ronald",CB,11,8.036363636363637,7.0,1.0,20.0,5.43511691390062,0.6763154530871811,5.0,11.0,0.576961681993968,-0.7756602472422686,4.794064041802808,1.2488294686618877,140.7847228263602,212.24474581634772,1.1700652708382449,1.2855643323599846,1.3734666370048556,
2019,13260,"Tomlinson, Dalvin",DT,16,8.04375,6.25,0.0,19.0,5.468771428529446,0.6798783438731246,3.75,10.2,1.0647447781736552,-0.46888829774186747,4.788293169762724,1.243474141708636,115.91485037474902,163.36425298437393,1.5340212782872236,1.619445162283807,1.4202626315519313,
2019,12229,"Phillips, Jordan",DT,16,8.00625,5.95,0.0,19.6,5.386031557417762,0.6727283756337564,4.0,11.75,1.0091787174727422,-0.49283489232413885,4.786341952838951,1.253712877553863,116.86929043402947,164.70939027091333,1.245373901848593,1.1221899289756354,1.1849875147212343,
2019,11768,"Ward, Jimmie",S,13,7.115384615384615,8.0,2.0,12.0,3.47603800852154,0.4885242606570813,4.0,10.0,-0.20106507594710332,-1.1503569502167645,4.78016032620366,1.5896613482365995,176.0440083306133,289.1069170446927,1.670109482392892,1.277865772827806,0.7911735244317926,
2019,10335,"Casey, Jurrell",DT,14,7.992857142857143,8.0,0.0,20.9,5.410632955541508,0.6769335243751663,5.0,10.975000000000001,1.0257004108607606,-0.4787510546485761,4.766353004860655,1.2468124751937204,116.22604496532803,163.8028341640792,1.3610615998507294,1.7036760613960373,1.930158545199755,
2019,12275,"Rowe, Eric",S,16,8.01875,8.5,1.0,23.3,5.5288130224759815,0.6894856458270904,4.0,10.25,0.70657599777416,-0.7111328326142045,4.7462670190810705,1.2282094727471575,136.01571107700957,223.37075411999558,1.1336054024162805,1.2920426326266308,,
2019,11192,"Bell, Le'Veon",RB,15,7.320000000000002,6.4,-0.5,14.4,3.9806532127277805,0.5438050837059808,5.3,9.8,-0.2878916133885957,-0.2614990539781365,4.741531218713168,1.4696867433561027,219.7095442380768,411.79148445757204,1.4342295037211579,1.7859221329935269,,
2019,10847,"Whitehead, Tahir",LB,16,6.84375,6.75,1.0,13.0,3.0450715816709466,0.44494196627155386,4.875,8.5,-0.19428245307894784,-1.0021242951662952,4.736349389629276,1.6918736447113676,193.70302537308237,418.0330469198035,1.6552849381491075,1.3909130081905796,1.7693584349468416,
2019,13767,"Maddox, Avonte",S,12,7.641666666666667,6.5,1.0,18.5,4.695291672397881,0.6144329342287302,4.75,10.0,0.33803185240427935,-0.8751691274356275,4.73334413876867,1.3417515917054528,148.58971607369807,244.02031699901255,1.249571780814257,1.3086077964971197,0.9168240531864802,
2019,13760,"Whitehead, Jordan",S,14,7.728571428571429,7.0,1.5,18.7,4.969252397268135,0.6429716595356182,4.125,9.0,0.45916446790688203,-0.8127944755600174,4.70401992859444,1.2947302131349743,143.38242335694378,235.46868063395755,1.3291458924103294,1.5850976350492776,1.33423474139032,
2019,12270,"Smith, Preston",DE,16,7.9750000000000005,6.5,0.5,20.6,5.622888492581016,0.7050643877844534,3.575,11.350000000000001,0.5634160792745334,-0.5906503568034364,4.677242722993382,1.2041573716564344,122.95188600611601,163.63699095212522,1.047987978138734,1.3316062071803265,0.9349146815527463,
2019,12702,"Jack, Myles",LB,11,7.5181818181818185,6.5,2.0,18.1,4.577775994721809,0.6088940259001197,4.25,8.75,0.4896823557942774,-0.7647187117217582,4.67288814375183,1.3478816333420696,154.31929626618904,333.0385031024893,1.4838091691244621,1.5487770105675909,1.1440957484701508,
2019,14102,"Metcalf, DK",WR,16,8.5125,9.3,-2.3,26.5,7.063893667801066,0.829825981533165,2.875,12.25,0.49714014987748145,-0.21436273208690226,4.652081720288828,1.055631479119102,152.07528628368837,257.6918288222685,0.9091683687882358,1.3383380308761816,,
2019,12391,"Williams, Tyrell",WR,14,8.542857142857143,8.2,-1.7,22.3,7.16486609242971,0.838696699782742,2.75,14.274999999999999,0.5308387366563199,-0.21189462403998674,4.646148080793616,1.0462948254323359,150.73023897273526,255.41264388773945,0.8947544343957211,0.8001148978119696,0.7471786268854467,
2019,13700,"Landry, Harold",DE,16,7.7875,7.0,1.0,20.1,5.305053604818711,0.681226787135629,3.625,11.75,0.4007377646344126,-0.6537144172273854,4.632034214294113,1.2351203475967774,126.1133966008569,167.84465378180255,1.0747582964742168,1.039954657485387,1.045094563027752,
2019,12634,"Howard, Jordan",RB,10,8.63,6.1,0.0,26.8,7.449301980722758,0.8631867880327645,4.075,11.65,0.7618400748071529,-0.21122306051419354,4.631849074623344,1.0213861476000632,152.69123573085204,286.182154003903,1.021386147600063,1.123529839992555,1.0274990712374694,
2019,14122,"Slayton, Darius",WR,14,9.457142857142857,6.8,-2.3,34.6,9.955021294783444,1.0526457562459834,2.5,14.075,1.4620265095432934,-0.15236738249874096,4.607294185256163,0.8632701482420809,124.36352792702634,210.7342075984775,0.8399945933480373,0.7303153449675598,,
2019,12687,"Lawson, Shaq",DE,15,7.713333333333334,6.0,0.0,18.3,5.220583194326942,0.6768258246750573,4.5,10.6,0.3575030394835448,-0.6653574750428841,4.59996096185366,1.239969483949311,126.60852329615311,168.5036192128356,1.7637788982631963,2.086719979715206,1.217073680642024,
2019,13325,"Woods, Xavier",S,15,7.846666666666667,6.5,1.5,22.9,5.559240555647467,0.7084843528862532,3.75,9.7,0.7200296294146069,-0.6696089829622383,4.592764723546215,1.1962767030873314,132.47937752128087,217.56323756982496,1.0985516193306855,1.472996811141368,1.0745456249565046,
2019,11512,"Bouye, A.J.",CB,14,7.2,5.5,2.0,18.8,4.102960603550285,0.569855639381984,5.0,9.0,-0.034462310929669435,-1.005238056965625,4.586408978875583,1.410945637124994,159.06062070952362,239.79719059092565,1.4385657652097534,1.4876708616736247,1.191841786400351,
2019,11747,"White, James",RB,15,8.726666666666667,6.3,-3.7,31.9,7.9181198666237815,0.9073475782991346,4.6,12.45,0.9037203929771923,-0.20427141747166383,4.5752891428675095,0.9785321118329401,146.2848088444965,274.17488301005574,0.9067015710940722,1.1024703929911668,1.4271506879757592,
2019,11791,"Cockrell, Ross",CB,14,8.185714285714285,6.5,0.0,23.0,6.548048470766706,0.7999361133571893,4.5,10.5,1.0877673968059405,-0.5090755197888317,4.547780460077845,1.0844808850151444,122.25715731302904,184.31289103816428,1.3067501179025607,2.038825493698525,,
2019,10729,"Hilton, T.Y.",WR,10,8.209999999999999,8.15,-1.7,21.2,6.621548157342058,0.806522309055062,3.775,12.025,0.34951154112360405,-0.22084653418135297,4.544643572264771,1.07720896470241,155.18375961199604,262.9591421142033,1.0772089647024103,0.6369195137487651,1.2921870603172934,
2019,14158,"Oliver, Ed",DT,16,7.7375,7.65,0.0,23.0,5.45055903096187,0.7044341235491915,3.0,10.625,1.052513780286517,-0.3866463519222151,4.539629835553858,1.1995084399446585,111.81643162147317,157.58815858506725,1.2441787393877937,1.504969855672966,,
2019,13138,"Hunt, Kareem",RB,8,7.0875,6.5,1.5,12.9,3.983540353755689,0.562051549030785,3.9250000000000003,10.6,-0.2870178658205947,-0.2586267567895934,4.53730224485717,1.4221817216065538,212.6078222386123,398.4810538410688,1.4892664353960121,1.6815248975746018,1.4521453217953653,
2019,10973,"Beasley, Cole",WR,15,8.113333333333333,6.5,-4.3,23.0,6.420474195017754,0.7913485039052286,4.550000000000001,12.8,0.28240501780032196,-0.22506835585790297,4.52917638061263,1.0933712752186076,157.5121176113309,266.90454866686486,1.104628935646956,1.0877449038656728,0.7428002186188456,
2019,11517,"McDougald, Bradley",S,15,7.1,8.0,0.0,15.0,4.034021979778164,0.5681721098279104,4.5,9.5,0.045649331305447335,-0.9762774560820873,4.527564261284526,1.410403059128653,156.19239164756496,256.50575241538746,1.2398764396493451,1.875,1.3118831505113466,
2019,11970,"Pennel, Mike",DT,8,7.0125,5.5,1.5,13.6,3.886012577179853,0.5541550912199433,5.375,8.125,0.0018028950483489192,-0.8899592256200372,4.51209794930794,1.4352193919336018,133.78906363289946,188.55522279679099,1.2280710972541684,1.3558704286841896,0.8456510870353816,
2019,11709,"Murphy, Trent",DE,16,8.075,7.35,0.0,23.3,6.386460287201354,0.7908929148236972,2.0,13.100000000000001,0.954237154739557,-0.36358491112199903,4.508923974829022,1.0932164644534392,111.62413591554929,148.56085833399038,1.0532753263002872,1.5048912559941792,1.1456514219101155,
2019,13612,"Johnson, Kerryon",RB,8,7.3500000000000005,5.85,1.4,14.9,4.746050990033714,0.6457212231338386,3.7,11.0,-0.056256081902637395,-0.2454557581652286,4.4661270066165155,1.2791393624505367,191.22382889514586,358.40201952749794,1.4429174517480232,1.364737666839967,1.3574480741595716,
2019,7826,"Davis, Thomas",LB,16,6.45,6.0,2.0,12.0,2.9165476166179767,0.4521779250570506,3.875,8.625,-0.2516358921664665,-0.9916464943924393,4.441604495362787,1.646858568151334,188.5492383013729,406.91059125029074,1.630047923237095,2.4594878349418416,2.0221118653716177,
2019,13322,"Clark, Chuck",S,16,7.11875,6.0,1.0,14.1,4.301339725887738,0.6042268271659684,3.875,12.0,0.163844732386565,-0.897475743032482,4.437495919810794,1.3428209411363328,148.70813913300375,244.21479635623422,2.0081411557884974,3.1203845938221373,0.4271830414402583,
2019,10827,"Bradham, Nigel",LB,12,7.666666666666667,6.0,1.5,20.3,5.595732500953045,0.7298781522982233,5.0,8.5,0.9439424344482031,-0.5895314821124447,4.431911378544868,1.162367737860636,133.0797652197498,287.20119177815826,1.1896717156883643,1.4917085397125815,1.903828592072019,
2019,14169,"Wilson, Mack",LB,16,7.300000000000001,6.5,0.0,18.7,4.725991959366838,0.647396158817375,3.875,9.75,0.5558232914288341,-0.7089669184854411,4.431235292693951,1.2748882729495155,145.9622686687779,315.00309192081073,1.5214233398732757,2.0905319070481494,,
2019,11802,"Boston, Tre",S,16,7.34375,6.75,1.0,17.5,4.840321367171812,0.6591075904233957,3.625,11.375,0.4021571983341768,-0.7775275510218317,4.426325358517534,1.2574222441386347,139.25082362214772,228.68359278509246,1.5799789950843655,1.2983904552801075,1.3171991943143617,
2019,12225,"Williams, Leonard",DT,15,6.8533333333333335,6.0,2.0,15.0,3.77815945784305,0.5512878586346863,4.0,8.0,-0.07062860496888132,-0.8995621292964728,4.417834701139905,1.4343040230865496,133.7037342807362,188.43496412563084,1.6250669905165223,2.0618049546935584,1.1156213101599832,
2019,11299,"Bostic, Jon",LB,16,6.74375,5.75,1.0,18.4,3.5545690227508593,0.5270908652827966,5.375,8.0,0.033079272340743815,-0.8831711856825005,4.416076445294661,1.4806560107693623,169.5206670541841,365.844781350461,1.4603059082977439,4.500000000000001,0.9789761092134307,
2019,12241,"Johnson, Alexander",LB,15,7.866666666666666,8.5,0.0,20.5,6.152145064031641,0.78205233864809,2.25,10.75,1.1922398942325017,-0.5139823052421103,4.414385871873168,1.0999031194471118,125.92817585413908,271.7672527001941,1.5592340047845379,1.668420430136216,,
2019,9864,"Burnett, Morgan",S,8,8.225,7.25,0.5,24.5,7.109280905970729,0.8643502621241008,3.125,9.45,1.4053849549202944,-0.3289461914941233,4.41172464589838,1.0142699575179435,112.32338827942867,184.4622194496613,1.0151278044636034,0.9811556912281356,1.180194256715517,
2019,12230,"Beasley, Vic",DE,16,7.86875,7.15,0.0,27.6,6.1742123738579,0.7846497059708213,4.75,8.975,0.8456017148994297,-0.38010176221525355,4.409128566616676,1.0968102963710589,111.99108829458302,149.04923622780174,1.154481730408145,1.1244404267412842,0.6712910412949151,
2019,13253,"Williams, Marcus",S,15,8.6,6.0,0.0,28.3,8.186085755719885,0.9518704367116146,2.75,12.35,1.8814976820193192,-0.13766082877081942,4.406030153563228,0.9361985320728202,103.6775174549979,170.26360466622833,0.9342642169887327,0.9971566563410931,0.8496088744862106,
2019,13321,"Gerry, Nate",LB,16,7.68125,7.8,0.0,23.2,5.739797334183498,0.7472478221882504,3.25,10.25,1.008230939972686,-0.564379882164124,4.396199498695047,1.1396856046459378,130.4828822673282,281.5968245205793,1.7074021067371148,1.584261616088647,0.5633937096456904,
2019,12083,"Autry, Denico",DE,14,7.785714285714286,7.0,0.0,25.0,6.0212548695501695,0.7733721850798383,4.625,8.5,0.767313050028412,-0.4099372422779827,4.39034419915849,1.1088778901161143,113.22326395985269,150.6891420864165,1.2403056152424525,1.2542236749411997,1.0783321574945486,
2019,9749,"Bennett, Michael",DE,15,6.98,8.0,0.0,14.1,4.137664397539591,0.5927885956360445,4.0,9.1,-0.19677030034320758,-0.88768391502538,4.382251366643351,1.3585939952291741,138.72081669875857,184.62390260428387,1.6338458395044078,2.131709153807131,1.0353073519330642,
2019,11227,"Stills, Kenny",WR,13,7.776923076923077,6.1,-0.3,19.0,6.0285415822956265,0.7751833884257482,1.6,14.0,0.15160123439264142,-0.22956599071358408,4.3809124891709,1.1064774940668443,159.400212105354,270.10392796802523,0.945367272961704,0.9835574522338018,0.7011725974463592,
2019,12349,"Diggs, Quandre",S,10,9.09,5.0,0.0,34.8,9.778389437939154,1.0757304112144284,4.125,10.75,2.58553987563299,0.13304932761694016,4.379181396047379,0.8433541998402707,93.39564929790379,153.37828586131357,0.8433541998402707,1.1693578829870042,1.205553300305292,
2019,12151,"Gordon, Melvin",RB,12,8.691666666666665,9.45,-4.4,21.4,8.621625748984675,0.9919416010337117,2.8499999999999996,14.924999999999999,1.1166253213632449,-0.19095491099532344,4.363414400380088,0.9033469907706455,135.04507442030234,253.10876619888788,1.0703271729188049,1.1758989360351522,2.28096235960321,
2019,12448,"Dunbar, Quinton",CB,11,7.990909090909091,7.0,0.0,21.9,6.655203643555175,0.8328468723447886,3.0,13.0,1.1369487451955431,-0.4381043269814797,4.359834534723679,1.043853235391921,117.67706648812191,177.4080210108449,1.0012486389412372,0.8309495402624983,,
2019,12379,"Roberts, Darryl",CB,13,7.076923076923077,8.0,0.0,16.0,4.410852672871216,0.6232726602970197,4.0,10.0,0.10685188542332288,-0.8900456455118565,4.359663813735501,1.3079127273978755,147.44537619301786,222.2862379072237,1.1978831646995864,0.7569796137271605,0.7761553712955832,
2019,11350,"Swearinger, D.J.",S,9,5.611111111111111,6.0,3.0,8.0,1.6120686809496565,0.28729936888211705,4.0,6.5,-1.0252251082741497,-1.5901569916762686,4.3588237878060685,2.148148382174663,237.89258769262383,390.67727023367684,1.8266165282966922,2.1485339885690498,0.9695561128264554,
2019,11814,"Allen, Ricardo",S,16,7.36875,6.5,1.5,20.3,5.1288057515858405,0.6960211367716153,4.0,7.125,0.5297114966091544,-0.6968487688335929,4.344727692501788,1.202314169949557,133.1479852519579,218.66125346687988,1.1786266566798378,0.9761111405103935,,
2019,12298,"Gunter, Rodney",DT,13,6.1923076923076925,7.0,1.0,10.0,2.6624053723773744,0.42995366261994866,4.0,8.0,-0.8199415831893927,-1.3059332772034906,4.330425421591774,1.6907761601190763,157.61169375673097,222.1295763996367,1.4950062628818017,3.4984121565506183,1.1380049233344147,
2019,13716,"Edmunds, Terrell",S,16,6.4375,6.0,2.5,12.5,3.151760420780742,0.4895938517717658,3.875,9.0,-0.34444545417657596,-1.148019236366189,4.321647805100063,1.5505470806500492,171.71237351009577,281.99332311668223,1.5391421750577468,1.7219056721141925,1.3624214755163544,
2019,12650,"Boyd, Tyler",WR,16,8.53125,7.9,-3.7,24.9,8.31419860464615,0.9745580782002813,2.2,13.55,0.9144175359484072,-0.17409378853792898,4.320587018527124,0.9159403145799795,131.9512427525916,223.5916031540858,0.9309976203987196,1.2896898935710484,1.4572501069162176,
2019,11886,"Williams, Damien",RB,11,9.200000000000001,6.8,-5.3,29.6,10.460401521930216,1.1370001654271973,2.55,11.6,1.6731017262842633,-0.16812027977964855,4.305100275067538,0.8027641948142227,120.00853662904964,224.92647562232207,0.770210005182825,1.2297077631666296,0.5959008493059688,
2019,11801,"Desir, Pierre",CB,12,8.583333333333334,6.0,0.0,32.0,8.53871900358726,0.9948022140101662,3.75,9.5,2.0014317440869887,-0.08885185960918199,4.3028493116007684,0.8998413026010483,101.44211964355745,152.93248064545716,0.8862756595244549,1.1120216503455433,1.2185809791501314,
2019,12906,"Wilson, Jarrod",S,16,7.0375,6.75,0.0,16.6,4.507892384474146,0.6405530919323831,4.375,8.375,0.25517265461131866,-0.8180805319857054,4.289711826217482,1.2777119647140474,141.4977699556961,232.37362309863238,1.4344643163588688,1.30312485336895,0.5043025870924673,
2019,12523,"Coleman, Justin",CB,16,8.20625,6.5,0.0,28.3,7.510032352626718,0.9151600734350912,2.75,11.25,1.5292921800502937,-0.2605980571512579,4.284889870997057,0.9643030319934153,108.70910599609465,163.8880704302057,1.057085979105574,0.9609217440013498,1.241757786215914,
2019,13764,"Johnson, Taron",CB,12,6.408333333333334,6.0,2.0,12.9,3.1834096849482356,0.4967609391336648,4.0,7.25,-0.456511502890037,-1.1628648703269864,4.281467511466809,1.5318445516800079,172.68995970476132,260.3445591733598,1.6290369956437398,1.6751195712271008,1.1126943542007453,
2019,13717,"Reid, Justin",S,15,7.386666666666667,7.0,1.0,20.7,5.359461001091642,0.7255587997867746,3.0,9.25,0.631696456917882,-0.6322908242170203,4.280738893151267,1.1615240136544116,128.6307573388585,211.24287071174638,1.0139891410760897,1.2143522768641968,1.118241218409851,
2019,10815,"Vernon, Olivier",DE,10,7.409999999999999,5.5,2.0,19.3,5.447834432139068,0.7352003282238959,3.15,8.85,0.47381767261722835,-0.5109235924866902,4.270400298727856,1.149223057444689,117.34275409547917,156.17178242604777,1.1492230574446887,1.324156580285849,0.9743814640965499,
2019,10807,"Kendricks, Mychal",LB,14,7.464285714285714,5.5,0.0,17.2,5.6201940920801885,0.7529446630538051,3.25,12.875,0.954858347103996,-0.5561307523115212,4.258141099150376,1.127502549089206,129.0880412713684,278.58659982023374,1.0714379096836186,0.8295080319291681,,
2019,11273,"Simon, John",DE,16,7.04375,7.0,0.0,18.5,4.643405101593011,0.6592234394453254,4.25,8.25,0.06208437089680746,-0.7119258315686567,4.245208832364802,1.2481382911908454,127.44260884045823,169.61370587437702,1.4219051329093229,3.391759325861715,0.7551141334478643,
2019,13248,"Conley, Gareon",CB,14,6.821428571428571,5.5,2.0,17.0,4.164506242629246,0.6105035329508842,3.25,9.5,-0.006214514405852177,-0.9175819353678784,4.235587461847937,1.320828797750816,148.90144800288067,224.48138795596753,1.4291110653251788,1.4415184401122527,0.9896381229989022,
2019,8265,"Joseph, Johnathan",CB,14,6.857142857142857,7.0,0.0,15.0,4.290473547908916,0.6256940590700503,4.25,9.0,0.05160109790143921,-0.8848239622547492,4.217978665103423,1.2961302603720934,146.11709927766543,220.2837493515555,1.158872724473943,1.2144623335132825,1.1093495295763764,
2019,10782,"Barron, Mark",LB,15,7.206666666666667,5.0,1.0,20.5,5.205441597234785,0.7223091948059368,3.5,9.75,0.7697762735801323,-0.6004914711091921,4.184304820760529,1.1613463044883123,132.96282106434276,286.94881305815585,1.4051304938431728,1.2543989158480158,1.284562166000096,
2019,11010,"Gipson, Tashaun",S,14,8.057142857142859,5.0,1.0,28.4,7.491301077699033,0.9297714103527167,3.125,10.875,1.5742964023480908,-0.18596078124254045,4.1751799274869565,0.9488702359528368,105.08082108686342,172.5681692494452,0.9693672556682048,1.0840884209535269,1.1459653764343807,
2019,14151,"Ferrell, Clelin",DE,15,7.386666666666667,6.0,0.0,24.6,5.698054248796007,0.7713972358478348,4.5,9.5,0.6018883773466369,-0.41516211031466754,4.169966237488918,1.1028078293027321,112.60347335544813,149.86426112834712,1.1806253679765597,1.9425868988487613,,
2019,11830,"Kennard, Devon",DE,16,6.925,5.75,0.0,19.5,4.59599010007637,0.6636808808774541,5.0,7.75,0.03781581878885119,-0.7001333546347063,4.16245692283705,1.2374932543046302,126.3556849943131,168.16711604680455,1.2156236686387134,1.309794228237244,1.1057904941182417,
2019,12711,"Ramsey, Jalen",CB,12,7.083333333333333,7.0,0.0,18.0,4.97423919364113,0.7022455332199242,3.75,9.25,0.36543117781725154,-0.7197427061942357,4.161170169108731,1.1856460887727265,133.6618490888759,201.5064178533138,1.139800844426276,0.843114468812612,1.0794328550686305,
2019,12184,"Crowder, Jamison",WR,16,8.06875,8.05,-6.4,19.3,7.62993436652636,0.9456154133572561,1.225,14.625,0.6860508517498171,-0.18214653263242836,4.147145394000026,0.9349723482599042,134.69301583125213,228.2375422551814,0.9696082228228413,0.7549471961403159,0.8875346672509601,
2019,8658,"Peterson, Adrian",RB,15,8.126666666666669,5.4,-1.7,22.6,7.852342891703653,0.9662439981587758,1.45,14.3,0.8838140318706948,-0.19500014119065537,4.133091658144472,0.918024388129262,137.23925920072628,257.22122572374997,1.1965174129353235,1.3937151285695062,0.8942183572241222,
2019,13139,"Williams, Jamaal",RB,14,7.285714285714286,7.2,-0.2,22.5,5.583631325178105,0.7663807701224851,3.825,9.95,0.19722435904697097,-0.22646193818875104,4.124656704233185,1.106640685946549,165.43628895325529,310.06962054134726,1.2845936932030264,1.347250059952238,0.541778065316319,
2019,12291,"Nelson, Steven",CB,15,6.733333333333333,6.0,1.0,20.0,4.265624872812371,0.6335086444770848,4.5,7.0,0.04019622294168591,-0.8679720127800762,4.1220065508063435,1.278733957692102,144.1559558930284,217.32716165634739,1.2946273692444785,1.1611819125994396,1.362001849361851,
2019,13606,"Jones, Ronald",RB,16,7.481249999999999,7.1,-1.9,18.0,6.1022760866335775,0.8156760015550313,2.75,11.774999999999999,0.35418399302318404,-0.21870204869060234,4.1203661851523625,1.0533595017630542,157.47106456354038,295.1407671460476,0.9568157948766672,0.8576773027671472,0.11405716610247257,
2019,10761,"Poe, Dontari",DT,11,6.472727272727273,8.5,0.0,11.8,3.711429743885994,0.5733950447014878,3.25,9.25,-0.1154426382332953,-0.8255209861230433,4.113860212363456,1.3738350404411546,128.0669036941162,180.49071353991607,1.297043438800878,1.0763145989514997,0.6224298618014007,
2019,9918,"Sanders, Emmanuel",WR,17,9.094117647058825,5.0,-2.5,41.7,11.01995359167314,1.2117672125384433,2.6,15.3,1.8174375393596927,-0.10809487426852384,4.111697467755439,0.7565850880954152,108.994375542962,184.69115298992293,0.7107234498700634,0.6879881467011945,1.2170801291166282,
2019,7393,"Fitzgerald, Larry",WR,16,6.999999999999999,7.45,-1.2,18.4,4.961854492022111,0.7088363560031588,5.075,9.45,-0.20439544103285448,-0.24802578618944263,4.096354794541286,1.174131305849059,169.14648530625226,286.61900432734774,0.9383559717563915,1.1726029667357567,1.1166528156519804,
2019,14159,"Lawrence, Dexter",DT,16,6.893750000000001,6.5,1.5,21.2,4.721025941201764,0.6848269724318061,3.875,8.05,0.5625773155050278,-0.45231440568168857,4.0916664516890195,1.2049849224336664,112.32694135143105,158.30764396943516,1.6607366323382045,1.5238095238095237,,
2019,12910,"Harris, Erik",S,16,8.9625,5.75,0.0,43.8,10.684034525870834,1.1920819554667597,3.5,8.4,2.985973763629904,0.38734894996823016,4.088578886226731,0.7670723652994348,84.94796329844355,139.50513858055572,0.759349179009287,1.0447099121030656,0.8556849639911344,
2019,12233,"Alexander, Kwon",LB,8,7.2125,6.6,0.0,19.5,5.571453468350965,0.7724718846933747,3.375,8.625,0.9331079879940077,-0.5278549779364058,4.0691759696079535,1.0975501895792772,125.65878834088421,271.18588396446484,1.2322247089960165,1.1936886306353929,,
2019,11737,"Dennard, Darqueze",CB,9,6.222222222222222,5.0,0.0,11.0,3.2923405311175675,0.5291261567867519,4.0,9.0,-0.40651516807562776,-1.093070123169236,4.069135953633392,1.4496105742575334,163.41944839088495,246.36848792145233,1.3283466693265993,1.1884646528804885,1.1829214911545172,
2019,14197,"Savage, Darnell",S,14,6.864285714285715,5.75,0.5,16.2,4.768139370994151,0.6946300852644964,3.75,8.225,0.3702416966018028,-0.6998890711794247,4.0506100853357285,1.190034649440629,131.78811321810133,216.42801409104595,1.1135198104176263,1.2694585029598433,,
2019,12750,"Bradberry, James",S,15,8.139999999999999,5.0,2.0,35.0,8.237782873241237,1.012012637990324,4.0,7.0,1.9043557287786583,-0.006213161523853548,4.045700233836774,0.8811638151378133,97.58280289373191,160.2546066106632,0.7759583694248146,2.386127875258306,1.342239868738998,
2019,12678,"Higbee, Tyler",TE,15,7.706666666666666,4.0,0.0,22.2,7.021630073486418,0.9111111687049851,1.8,14.75,1.6455926389916298,0.10153461651336174,4.032558018008387,0.9607357352639849,181.7344876941003,328.3028222465942,0.994565046135456,4.3836485112929235,0.6961302450984355,
2019,11657,"Hyde, Carlos",RB,16,7.168749999999999,7.15,-0.8,18.5,5.578274682865662,0.7781377064154368,2.6500000000000004,11.975000000000001,0.1956032559737555,-0.22461120082899408,4.031605636692528,1.0897614261490691,162.91293865840825,305.34022124590496,1.0019135654979208,0.795589139114181,0.47895479770108007,
2019,12760,"Worley, Daryl",S,15,6.3933333333333335,5.0,2.0,12.9,3.7619971055573957,0.5884249904417198,3.5,10.0,-0.07462734160718824,-0.932012466522103,4.024951364908602,1.3425739645813977,148.68078818637434,244.16987947474945,1.3997742534719317,1.1664976250158146,0.8912649899087971,
2019,11375,"Klein, A.J.",LB,15,6.886666666666668,5.9,0.0,21.6,4.9133649931137375,0.7134605507909589,3.75,8.5,0.6394379532797762,-0.6133044696151457,4.019156824758923,1.1645935393276694,133.33459777145475,287.7511492599188,1.0818454330764569,1.0406603594231914,1.301246983802643,
2019,13292,"Nicholson, Montae",S,13,7.0,4.5,2.5,20.5,5.203549084703927,0.7433641549577039,3.5,8.0,0.5627595017064689,-0.5933751817569747,4.015225379100345,1.1283863324721455,124.96098815903956,205.21622053544166,1.2530963527978256,1.8453696695695152,0.7687178165890866,
2019,11660,"Freeman, Devonta",RB,14,7.885714285714287,5.75,-4.0,23.2,7.630096155812112,0.9675846574399415,3.275,10.675,0.8165545723900859,-0.19478909911672274,4.007814482541517,0.9137458196689378,136.59963832188333,256.0224137554206,0.9839016090019634,1.0367668197076187,,
2019,13731,"Hughes, Mike",CB,14,7.285714285714286,5.0,0.0,19.0,5.969309261650337,0.8193169574814189,2.25,12.75,0.8221416325093013,-0.4672812352623579,4.004642652152434,1.0453997680666884,117.85141228906808,177.67086188919507,1.179970271597565,1.1570846149734308,,
2019,10722,"Jeffery, Alshon",WR,10,7.69,5.65,-2.0,22.2,7.0786227473993835,0.920497106293808,2.875,12.95,0.5020558401646246,-0.1891352221662378,4.004171615150324,0.9518949257131131,137.13089861682627,232.3685387426515,0.9518949257131131,0.8010906745989299,1.189660274283951,
2019,13189,"Engram, Evan",TE,8,8.137500000000001,5.8,-3.3,22.6,8.450138682293918,1.0384195001282848,4.05,10.8,2.2999757106233063,0.10153461651336175,3.992063458717835,0.8610984741680755,162.8869254187854,294.25475593862063,1.059915920708264,0.6681603825528053,1.1856292722688127,
2019,13479,"Davis, Michael",CB,12,6.691666666666666,5.0,0.0,16.3,4.5309046803284465,0.6770965898373769,3.75,10.25,0.16195253478983346,-0.7739757462276325,3.990030572607352,1.209868376590661,136.39250860824342,205.62311548899376,1.3231965951719864,1.5716151119597528,1.0012831139452796,
2019,11324,"Vaccaro, Kenny",S,16,6.34375,5.5,2.0,16.8,3.7486612193555184,0.5909219656126926,3.5,8.0,-0.0805238465768094,-0.9265550413793662,3.987467730736188,1.335902838076321,147.9420070294084,242.95662180874578,1.3036523750673379,1.0552150477133964,1.2824732759702775,
2019,10264,"Amukamara, Prince",CB,15,6.0,6.0,0.0,11.0,3.03315017762062,0.5055250296034367,5.0,8.5,-0.5254765839628642,-1.1439653379659847,3.9853206569275255,1.4876708616736247,167.71011188740493,252.83702204163214,1.2561015144366738,0.8446934263294673,0.9422290395785816,
2019,8713,"Weddle, Eric",S,16,6.46875,5.75,0.5,18.5,4.032945379930157,0.6234504935157731,4.375,7.25,0.04517330922052819,-0.8554602190927164,3.984568686163728,1.2852811846111805,142.33600874920094,233.75021430236328,1.3836843641666075,1.3959982027566276,1.1260049915225663,
2019,13155,"Ross, John",WR,8,9.025,3.95,-5.3,33.6,11.540661809445767,1.2787436907973149,3.45,11.45,1.9912189566882352,-0.08945994750228761,3.9605156281715135,0.7196589890656543,103.6747661978743,175.6770659922599,0.5632170576340741,1.6041183689821383,0.34906789911596786,
2019,13709,"Oliver, Isaiah",S,16,6.375,6.5,1.0,13.0,3.9031237489989987,0.6122547057253331,2.75,9.0,-0.012227742375288574,-0.8799298952395117,3.954089870143668,1.3001915363244694,143.98722715753576,236.46191501815585,1.4468265339414643,1.2857142857142858,0.7261725852437351,
2019,13748,"Jones, Justin",DT,12,6.583333333333333,5.75,1.5,15.5,4.396178896369993,0.6677740095751888,2.5,8.75,0.3444180366820115,-0.5094280003555065,3.9473773398172955,1.2199990881996032,113.72654004020542,160.280164259375,1.257343355684289,1.3792778137495108,0.8178409444210699,
2019,10653,"Bynes, Josh",LB,12,6.091666666666666,5.25,1.0,13.2,3.3184982379919314,0.5447603126662542,3.875,7.5,-0.07226661679700361,-0.8575855024363388,3.943438096329946,1.4105983911433164,161.49975313166902,348.5347415116285,1.419889710617934,1.3286213781872132,1.1383328286834353,
2019,13879,"Allen, Kyle",QB,13,11.107692307692306,9.8,-38.5,43.3,20.19392374485498,1.8180125255063353,5.6,23.0,0.1280503068638242,0.36295736998907063,3.9416759887170825,0.5240979651249712,47.981371856399385,74.10532534663704,0.40514478073710775,1.421889759708768,,
2019,10294,"Smith, Jimmy",CB,9,6.577777777777778,6.0,0.0,17.2,4.402468443391926,0.6692941890291778,4.0,8.0,0.10300374911530394,-0.7908014199329271,3.9404544872963694,1.2175504302710813,137.25853221296666,206.92871851299626,1.162351098124483,1.3266954523404595,0.9743685940171575,
2019,12647,"Fuller, Will",WR,11,9.218181818181819,3.5,0.1,43.2,12.406509888091245,1.3458738537377088,0.95,10.65,2.2801875213516603,-0.07078226090663495,3.92953005699534,0.6875899764464545,99.05487339307686,167.84864985099247,0.6377108123649171,0.7086482577135892,,
2019,12257,"Conley, Chris",WR,16,7.55,5.699999999999999,-3.0,20.7,6.9859680789422445,0.9252937852903635,2.725,12.65,0.47113322543143676,-0.18780063778459158,3.921479442609505,0.9454082367181226,136.19641996072406,230.78506308548822,1.15821524761875,1.1596749305003524,0.5214051787735245,
2019,13157,"Samuel, Curtis",WR,16,7.0125,5.75,-0.5,20.1,5.528321965117445,0.7883525083946445,2.375,9.75,-0.01534230727184552,-0.22590193442732126,3.921206790653891,1.0741657714600548,154.74535426628398,262.2162635172743,0.9616290013557653,0.8760648065480408,1.211099272688805,
2019,9919,"Peters, Corey",DT,16,6.01875,4.75,1.5,12.4,3.2295933857840367,0.5365887245331733,3.875,8.0,-0.4390320753749166,-0.9487923067259709,3.916955724003857,1.4230091290168565,132.65084068836273,186.95107164219115,1.5052346112150665,1.4874009031903137,1.2320213334780057,
2019,13692,"Vea, Vita",DT,16,6.60625,6.75,0.0,17.7,4.568980842321404,0.6916148862548955,3.25,9.625,0.4604675698630705,-0.42958039974779905,3.9052919513056112,1.1862583454760487,110.58127709250985,155.8473971874378,1.1524834844778409,0.7281982642160454,0.7555908376613353,
2019,13229,"Jackson, Eddie",S,16,6.6499999999999995,5.0,0.0,15.0,4.693080012102926,0.7057263176094626,2.5250000000000004,10.775,0.33705395969262153,-0.6756369848579272,3.8986324660334875,1.1680847600706044,129.35731466380602,212.43605388374812,1.2300922026685701,1.2286286644489752,1.2976702637779378,
2019,13745,"Nnadi, Derrick",DT,16,6.98125,5.0,0.0,24.2,5.557002198802876,0.7959895718965624,3.625,10.5,1.1239983915867584,-0.08000985648985028,3.887132814823535,1.0647014883226027,99.24992372025132,139.87758768523585,1.2054559210402902,0.9843686036367552,1.0177889716795918,
2019,13914,"Herndon, Tre",CB,16,6.9375,6.0,0.0,21.0,5.448265205549378,0.7853355251242347,3.25,9.0,0.5829963949758806,-0.5405613072473411,3.8858242063587713,1.0758707619577412,121.28650934342579,182.84955803263864,1.133922764746755,0.9485362280565603,0.5036755269100616,
2019,13933,"Ford, Poona",DT,15,6.02,6.5,0.0,13.8,3.3722791501693137,0.5601792608254674,3.5,8.5,-0.3432078283890057,-0.8697831433761984,3.858530972149256,1.376856278668044,128.3485391260643,180.88763560646214,1.3273634652236421,1.1746226305270808,0.7042546076944737,
2019,12157,"Johnson, Duke",RB,16,6.84375,6.15,-5.3,14.8,5.303768559948671,0.7749798809057419,3.175,11.0,0.11252831956378002,-0.2251082950974975,3.8556775057685453,1.0856600991797398,162.29981434244348,304.1910705656114,0.9173995617914527,0.6549188832693087,0.6524881480928743,
2019,9819,"McCoy, Gerald",DT,16,6.59375,5.25,0.0,18.6,4.709759647529798,0.7142763446490689,3.875,8.85,0.5550111500077943,-0.35368289382318086,3.8463751894971248,1.1548209394160123,107.65072783749108,151.71723622590196,1.3548582030685037,1.4862821039045466,1.1746983954550096,
2019,12782,"Onyemata, David",DT,15,6.1,5.0,1.0,12.0,3.574539597393395,0.5859900979333434,3.25,8.95,-0.2073746909083263,-0.7833377730809634,3.8461778594637686,1.3334675261037905,124.30390273779035,175.1873392248716,1.1032212870237126,1.675493500499982,0.8724862226284561,
2019,12015,"Williams, K'Waun",CB,15,7.38,4.0,1.0,24.0,6.863449084340419,0.9300066509946368,2.0,10.8,1.2325278134503581,-0.22858180013011667,3.823821019578708,0.9385194614786558,105.80243785646164,159.50602507696252,0.9134407257392053,1.2305432362881532,1.3801506223685027,
2019,13531,"Whitehead, Jermaine",S,8,7.25,6.0,0.0,22.5,6.557438524302,0.904474279214069,3.0,9.125,1.161386071254118,-0.2412505578971402,3.806824843542598,0.9593197452664168,106.23803202785493,174.46859000612406,0.8022565563924575,1.0272151415420958,0.6535992500740482,
2019,12952,"Pierce, Michael",DT,14,6.021428571428571,5.5,0.0,13.8,3.511039441416697,0.5830907731890126,3.125,8.5,-0.2500198325324392,-0.7930481594617809,3.803590213149227,1.334820643806549,124.43003840140709,175.3651081508964,1.1068351513661794,1.484268612566635,1.2088017569117013,
2019,12698,"Reed, Jarran",DT,10,7.040000000000001,5.0,0.0,20.4,6.004531622033478,0.8529164235843008,2.625,11.25,1.4245481357736878,0.11064892583948521,3.7994158346234266,1.0050636330707614,93.69056962006134,132.0425283574882,1.0050636330707612,1.4006479915584051,1.6596790616172992,
2019,12988,"Jones, Jonathan",CB,15,5.933333333333334,6.0,1.0,12.0,3.335998934185814,0.5622470113796315,3.0,9.0,-0.3864771328081021,-1.0216458646724556,3.797948269456802,1.3683890202448716,154.26307095413927,232.56448303622372,1.2682784958972355,1.3859318638629823,1.1318712024306643,
2019,13227,"Lewis, Jourdan",CB,16,7.44375,5.0,0.0,24.5,7.20051810201877,0.9673240103467702,1.0,14.125,1.387233446024021,-0.1481078886460505,3.783692955939641,0.9077170378012492,102.32997761379107,154.27100080183578,1.150724566196375,1.824665729488584,0.4666154681326719,
2019,13461,"Payne, Donald",LB,9,7.199999999999999,6.0,0.0,16.5,6.509650954971054,0.9041181881904242,1.0,13.8,1.3517758401626796,-0.33722872071927307,3.7812778873996833,0.9587662653260762,109.76938307410975,236.89474945781535,0.8713094751467388,1.7543577313195138,0.2992339109273922,
2019,11938,"Thielen, Adam",WR,10,8.379999999999999,8.9,-4.1,32.3,10.284337606282671,1.2272479243774073,0.32499999999999996,11.375,1.5719326977086068,-0.10378766166332706,3.7624908786669984,0.7426222337883925,106.98287332075674,181.2826590854421,0.7426222337883925,0.5481212795314337,1.5198874144193455,
2019,12238,"Perryman, Denzel",LB,14,6.0,5.75,0.0,12.5,3.575711717366808,0.595951952894468,4.625,7.25,0.042514137249417064,-0.7834590703354245,3.759511675221935,1.3112714197503748,150.12778400140888,323.9927453510398,1.9219877287345186,2.003533895226163,1.097309866152476,
2019,13688,"Davenport, Marcus",DE,13,7.384615384615385,5.0,0.0,26.2,7.1307401874771585,0.9656210670541985,2.0,10.0,1.3351840062630884,0.09867078786223421,3.756886568011009,0.9082340862384284,92.73629549304225,123.4229814561259,0.7804004173064587,0.7944086645543613,0.9077228540937226,
2019,13200,"Charlton, Taco",DE,10,6.43,5.75,0.0,14.7,4.57690943760088,0.7118055112909611,2.25,10.25,0.028049710242419045,-0.5728162372373518,3.75626784560987,1.1529683370232582,117.72517021370783,156.68074105133815,1.1529683370232582,0.7515428984479388,0.9614768299985565,
2019,11985,"Way, Tress",PN,16,6.1499999999999995,6.15,-1.3,14.0,3.942556277340883,0.6410660613562412,3.625,8.975,0.7875044819207637,-0.7063791206437762,3.747563943231754,1.244295391879428,158.9579944217198,204.58305143337859,1.215960135129795,2.0117820457349374,1.2137780489238108,
2019,14123,"Renfrow, Hunter",WR,13,7.56923076923077,3.9,-1.8,20.9,7.75920144735215,1.0250977521908327,1.3,11.6,0.7291925110382409,-0.1600320888474316,3.737711308524277,0.8641462140956809,124.48973481657528,210.94806538545004,1.0312637870969663,1.4988795809647013,,
2019,14157,"Williams, Quinnen",DT,13,6.230769230769231,7.0,0.0,12.3,4.179139516765589,0.6707260952833661,2.5,10.0,0.19865973201523326,-0.4995409075378626,3.729378052069302,1.2030510494261395,112.14666852323758,158.0535769899585,1.2359816275689528,0.9004093912175754,,
2019,13633,"Kirk, Christian",WR,13,8.138461538461538,5.9,-3.9,33.4,9.63595338475317,1.1840018336653235,1.6,12.9,1.355540627937083,-0.11582006101151082,3.726398674676514,0.7651840172718478,110.23314555134635,186.79025085619458,0.7113937507552471,0.6895946779557999,1.0003897231682006,
2019,11795,"Hitchens, Anthony",LB,15,6.38,4.5,1.0,20.7,4.556489877087405,0.7141833663146403,4.0,7.25,0.480183488788024,-0.6122578195058936,3.721888874535342,1.14820689700316,131.45848710332885,283.70229014971716,1.1185192366069145,1.2371751698886442,1.9965533208622204,
2019,12712,"Hargreaves, Vernon",CB,15,6.573333333333333,5.0,1.0,18.3,5.050738119874714,0.7683678681350984,3.0,8.5,0.4005421318161919,-0.577151616699601,3.717175284498637,1.0863688368435684,122.46999243707444,184.63375779058543,1.3157256701955924,1.1311815049764857,,
2019,13738,"Jackson, Donte",CB,13,7.507692307692308,4.0,0.0,28.8,7.6627431860982185,1.0206522686401316,2.0,10.8,1.5993823540324192,-0.03310689146927582,3.715479612306016,0.8666645364415846,97.7019918316795,147.29392512028303,0.8760720193855469,0.8461538461538464,1.1166396467862305,
2019,12753,"Nassib, Carl",DE,14,7.0,4.0,0.0,22.7,6.208404441906609,0.8869149202723727,3.125,10.575,0.8631023361917785,-0.10955189652232289,3.7097592078977053,0.971088686326334,99.15413738553298,131.9645042404241,0.9417946076354262,1.1254860858056683,1.2526211419858495,
2019,12794,"Blair, Ronald",DE,9,6.655555555555555,6.0,0.0,16.5,5.300337748381096,0.7963779588552565,3.0,7.5,0.3983240347171049,-0.34907383874813824,3.704986204460454,1.0563807562960787,107.86298318175982,143.55513019218654,1.1453031974279246,1.0973263291324968,1.3023674281429631,
2019,11017,"McLeod, Rodney",S,16,6.75625,4.25,0.0,20.1,5.630049816609086,0.8333098710984771,2.875,9.5,0.7513381718567741,-0.39678852024167943,3.685274435331442,1.0190345754378447,112.85103678627182,185.328746146839,0.9331271236946517,0.9075502115732664,,
2019,11262,"Okafor, Alex",DE,10,6.910000000000001,7.4,0.0,22.6,6.083658438801443,0.8804136669756066,3.0,7.925,0.799253242449696,-0.12675142246365861,3.6747233448445464,0.975484639709587,99.60299130777605,132.56188511516126,0.9754846397095869,0.8877968750347185,1.3221555763176978,
2019,13301,"Kazee, Damontae",S,16,7.4375,6.0,1.0,33.5,7.621669354544318,1.0247622661572193,3.5,8.25,1.6319391551927391,0.021652610682224224,3.673270746059276,0.8626519638078947,95.53274329244995,156.88791201705095,1.0031556255470575,0.78543149534101,1.5136493004724425,
2019,9868,"Atkins, Geno",DT,16,6.75,4.75,0.0,20.2,5.691880181451468,0.8432415083631805,2.625,8.75,1.2145791245558963,0.07824580673996782,3.6620269071490674,1.0086851254016216,94.0281598662792,132.51831017672785,0.9768613196134671,1.0832356849358586,1.0313162726821112,
2019,12791,"Lowry, Dean",DT,16,6.06875,5.0,0.0,15.0,3.997924266103599,0.6587722786576476,3.75,10.0,0.07696003049378247,-0.539576498027729,3.658579346955993,1.2142540936762174,113.1910000090577,159.5254024937442,1.1633528456559465,2.0499352657639975,1.2324361674430067,
2019,13332,"Jones, D.J.",DT,11,6.536363636363637,6.4,0.0,16.0,5.167604109391988,0.7905931182658117,2.0,9.5,0.8624882202230831,-0.09808359933056429,3.6503902364452854,1.0597897531085214,98.79205890961819,139.232297262869,1.1100634472111104,1.3959003592353925,0.8614903696737544,
2019,11314,"Rhodes, Xavier",CB,15,6.466666666666667,4.0,0.0,18.0,5.004886501099589,0.7739515207885963,3.0,10.0,0.37949746940257,-0.5651106154820357,3.6453457667163085,1.0769007316761972,121.40262127461506,183.02460648126825,0.9623865753002182,1.0045573663739458,1.323908058457199,
2019,14247,"Greenlaw, Dre",LB,16,6.775,6.0,0.5,21.6,5.8362552206016485,0.8614398849596528,2.125,10.475000000000001,1.0512749863566748,-0.3990276850133381,3.6396555455492723,0.991039652759445,113.46437105647036,244.8689516243702,1.6349512406154731,2.1419973769355156,,
2019,11543,"Heath, Jeff",S,13,6.230769230769231,5.0,0.5,17.0,4.4747814068458425,0.718174793691308,4.0,7.0,0.2405325293748854,-0.6484294150159917,3.626388452238386,1.1380854809980316,126.03510182846045,206.98017543777866,1.0275075384741768,0.9480656224806787,1.2809443695532126,
2019,13403,"Koo, Younghoe",PK,8,6.675,5.3,-1.7,16.7,5.642639010250434,0.8453391775656082,3.125,10.925,1.742770233161233,-0.5484206871645618,3.6172212030992235,1.004871706817069,141.17924769197313,187.51739813914946,,0.9143002617582139,,
2019,13245,"Reddick, Haason",DE,16,6.09375,5.5,0.0,15.5,4.176641705664971,0.6853976132373286,3.125,8.75,-0.17682043631258693,-0.64268020144492,3.615615657776484,1.177162791338525,120.19557305221625,159.9686067365623,0.9613410886991739,0.7228743544501139,1.0089712283815706,
2019,11312,"Trufant, Desmond",CB,9,7.655555555555556,2.0,0.0,22.5,8.582554801082265,1.1210884355550128,1.0,15.0,2.021551198635336,0.18348108116402817,3.609258071105541,0.7989054813118238,90.06328692055912,135.7779385154973,0.8300069980466519,1.034002073976104,1.5378225616268806,
2019,11412,"Williams, Nick",DT,16,6.5874999999999995,5.5,0.0,22.8,5.438965319801184,0.825649384410047,3.0,9.799999999999999,1.04472772926362,0.01932645968228376,3.6083051084470577,1.0230680975625135,95.36891960550714,134.40790596641637,1.1596469500594695,1.4428385577680742,,
2019,9464,"Matthews, Clay",DE,13,6.553846153846154,6.2,0.5,19.6,5.423540623929011,0.8275355412098256,1.5,9.5,0.46138330518945236,-0.26664424840387574,3.5861661817572745,1.0202856240111144,104.177447806951,138.6500413938632,0.9836662354699143,0.881198605514754,0.8573487986929149,
2019,13202,"Lawson, Carl",DE,12,6.558333333333334,4.5,1.0,17.8,5.453203696503144,0.8314923044223346,2.0,9.275,0.4765658381309476,-0.25617635115226084,3.5808686269101617,1.0162910767696913,103.76957992470078,138.10720894838025,1.1771388600158703,1.2146694168360612,0.6704570699910548,
2019,13262,"Kpassagnon, Tanoh",DE,16,6.525,5.5,0.0,16.0,5.398205720422296,0.8273112215206584,2.0,10.225,0.4484160710602504,-0.2672377020253342,3.5708202976885364,1.0198171620479461,104.12961495449382,138.58638052375375,1.0312189533435108,1.1739061509035311,0.24182810623368478,
2019,13266,"Witherspoon, Ahkello",CB,10,7.08,4.5,0.0,24.8,6.969763267141861,0.9844298399917882,3.25,10.25,1.2813231700071097,-0.11121961346759796,3.5677754170584826,0.8883576290389676,100.14752671471005,150.98077351699445,0.8883576290389675,1.5793169523183153,1.092379775479434,
2019,11788,"Breeland, Bashaud",CB,16,7.418749999999999,4.0,0.0,32.0,8.022485490014923,1.081379678519282,3.0,7.025,1.764494416464834,0.09785018298920846,3.564342477523268,0.8222512530732514,92.69513385328865,139.74566791148916,0.8607640136982316,0.9829789665196118,,
2019,14198,"Ya-Sin, Rock",CB,15,6.133333333333334,6.0,1.0,17.0,4.440220214759123,0.7239489480585527,2.0,7.0,0.12033079895917852,-0.6729398585397458,3.557723295832203,1.1274053422862955,127.09617494596984,191.6081148869272,1.221395738741237,1.1914271382304493,,
2019,12778,"Kwiatkoski, Nick",LB,16,7.18125,5.5,0.0,22.2,7.334866967948362,1.0213913967552115,0.375,12.05,1.720026044043589,-0.16741496806004538,3.552627171327396,0.8615914360259639,98.64381321587379,212.88451080718147,1.230954877412207,3.448572548453802,0.4253579689976834,
2019,14218,"Okereke, Bobby",LB,16,5.8375,4.75,0.0,12.4,3.758635889521623,0.643877668440535,3.0,8.75,0.12414350777959068,-0.7140617569562118,3.551054991541887,1.2267170961438771,140.4471389117767,303.10081784926865,1.259211267409572,1.1665637421426762,,
2019,11346,"Hayden, D.J.",CB,15,5.826666666666667,5.0,0.0,11.1,3.7420968572297655,0.6422363027282205,3.0,9.5,-0.20008908532722464,-0.8491510455477063,3.5480074682230085,1.228711020059275,138.51670282740062,208.82551595587998,1.0773148184837988,0.9542204049032935,1.1963816285542168,
2019,8951,"Alexander, Lorenzo",LB,16,6.04375,5.0,0.0,15.2,4.264236266613285,0.7055613264303263,3.5,8.55,0.3497661799263912,-0.6247426910827127,3.543554785361682,1.1480772696944719,131.44364604120676,283.67026145834046,0.9159470382843812,0.7210096526213617,1.2455143390250139,
2019,12758,"Bullard, Jonathan",DT,9,5.811111111111111,6.0,0.0,14.0,3.7589728042657984,0.6468595647876135,3.0,7.0,-0.08351388920967835,-0.5794744276226604,3.528601488166684,1.221085169031058,113.82778291518791,160.42285060705206,1.0524419085253676,1.821972689275447,0.7911396568382268,
2019,10554,"Addison, Mario",DE,15,6.54,4.0,1.0,16.9,5.5902057207226274,0.8547715169300654,2.0,11.75,0.5466879652492841,-0.1945895460942656,3.526040776615286,0.9923817672998041,101.32829213157561,134.85809255422194,0.8667931175520374,0.8828204431788453,0.934598064849982,
2019,12197,"Perriman, Breshad",WR,14,8.214285714285714,4.75,-4.0,32.5,10.972098193851084,1.3357336931644799,-0.65,14.65,1.8014662552960146,-0.07360356705160187,3.5167903508541256,0.6861191397932739,98.842983250036,167.48960164661983,1.0030132158240772,2.397758772539905,0.8901121308077679,
2019,13158,"Westbrook, Dede",WR,15,7.006666666666666,4.9,-3.9,22.4,6.975812178919065,0.9955964099313604,2.3,10.2,0.4677437903504529,-0.16824027427017163,3.5110639765621063,0.8784894264669427,126.55603178737762,214.4494090837461,0.9049414936967924,0.7234250369646515,0.9343246906415582,
2019,13426,"Morrow, Nicholas",LB,16,5.66875,5.75,1.0,14.7,3.5083327147663743,0.6188900048099447,2.5,7.5,0.012446456721283335,-0.750244351286381,3.5016276480535207,1.25739388786299,143.95933226221203,310.68052851628636,1.4450116458890132,1.1971794154018411,0.8503909781853465,
2019,11674,"Cooks, Brandin",WR,14,6.507142857142855,4.75,-2.0,18.5,5.592656445952046,0.859464217819195,3.7,8.674999999999999,0.006128714081258722,-0.2061164585140242,3.49947194185566,0.9870289632850963,142.1923418645398,240.94516285335894,0.9713155635362087,0.9027236648046757,1.466379829753504,
2019,11740,"Clinton-Dix, Ha Ha",S,16,7.8500000000000005,5.0,1.5,44.4,9.796491718977768,1.2479607285321996,3.375,7.875,2.593543857407417,0.5094784066875818,3.492053887047056,0.7270880397380839,80.51997557009831,132.23330983163598,1.3395961564528573,1.6817994453734317,1.743968844299831,
2019,13222,"McMillan, Raekwon",LB,13,4.961538461538462,5.5,2.5,8.0,2.088996248307734,0.42103800353489207,3.0,7.0,-0.6209282414541097,-1.0367376707651763,3.491488932172415,1.6061976327282934,183.8939579082049,396.8639694008188,1.9496034145236518,1.5036974474407532,1.8804588201025199,
2019,14113,"Hardman, Mecole",WR,16,7.2125,6.65,-1.7,26.1,7.693737307056955,1.0667226768883125,0.6000000000000001,12.875,0.7073444765797925,-0.14845074800132807,3.4898247745842927,0.8296201904036609,119.51588263325196,202.51986448092413,0.8432978538920833,0.7104928134464051,,
2019,13226,"Jackson, Adoree",CB,11,6.2727272727272725,5.0,1.0,17.0,5.010732283462062,0.7988123930156911,2.0,8.5,0.3821805266129401,-0.5114987933769025,3.4871492419568604,1.043587865323176,117.64715043271788,177.36292005494866,1.0259171779687788,1.237296146880505,1.2913302285263686,
2019,14126,"Williams, Preston",WR,8,6.324999999999999,5.199999999999999,-1.5,17.2,5.164482065028399,0.8165189035618023,3.825,8.5,-0.13677041491457728,-0.21806517255429264,3.4819345879627437,1.0260391600264736,147.81218833063653,250.4680021584076,,0.840042606282786,,
2019,13343,"Odenigbo, Ifeadi",DE,16,7.2749999999999995,5.75,0.0,25.7,7.956561757442721,1.0936854649405803,0.75,9.25,1.7578665573866952,0.43747422053328855,3.474733966406204,0.8122536523521007,82.93610189394818,110.37987782106447,1.0807956919334556,1.4361677207680212,,
2019,14674,"Perry, Jamal",CB,14,6.214285714285714,4.5,1.0,18.0,4.91613337359136,0.7911019221871154,3.0,9.0,0.338762165907088,-0.5281262224804519,3.469532156326116,1.0503964873451395,118.41470916531141,178.52007904796923,1.2493206796498413,1.1731206749098786,,
2019,11267,"Ansah, Ezekiel",DE,11,6.927272727272728,4.0,0.0,20.5,6.939621539207884,1.0017826368935265,1.0,11.75,1.2373632169355333,0.19433878142284922,3.460551909883103,0.8724940720491626,89.08701986355307,118.56615084894979,0.9638005478164536,0.8688024555669458,,
2019,13746,"Green, Rasheem",DE,16,6.2,5.5,0.0,16.1,4.912992977808945,0.7924182222272491,2.0,9.125,0.20006828342127442,-0.3595496023809978,3.4590141536811165,1.0485383668250872,107.06222690276405,142.48940153817983,1.156196180467472,1.5571115291765707,0.6714549123961823,
2019,13026,"Onwuasor, Patrick",LB,14,6.007142857142857,5.25,1.0,17.8,4.465177053874681,0.7433112812633239,2.625,7.325,0.4394354116346161,-0.5700800654808369,3.4458234290720964,1.0991671080233227,125.8439097270895,271.5853968630185,0.9504561408556413,1.3557817980510722,1.0117960883616894,
2019,10267,"Miller, Von",DE,15,5.873333333333333,5.0,0.0,13.8,4.140606504151562,0.7049840812970878,2.75,7.45,-0.19526443373272698,-0.5908628133021532,3.4448024458182167,1.1425370388863687,116.66007041063278,155.26319690052915,1.3292541212296918,1.8862636211959425,1.0002317162550944,
2019,13607,"Michel, Sony",RB,16,6.48125,6.25,-3.9,20.6,5.748393117863461,0.8869266141351532,2.575,9.9,0.24708690966945218,-0.20748601695224414,3.434818265558564,0.9604138180456152,143.57623023862672,269.0983188182312,1.2583622503607592,1.2489257885076859,0.9646214192903856,
2019,13232,"King, Desmond",CB,15,5.906666666666666,5.0,1.0,15.6,4.266374990030243,0.722298248876452,3.0,6.0,0.04054050661241474,-0.6764995482437709,3.429526024612696,1.1215811023424191,126.43958889739473,190.618256497546,1.4294370784319148,1.361817779042387,0.9391823407212979,
2019,10320,"Sheard, Jabaal",DE,13,5.615384615384615,5.5,0.0,13.7,3.621271802482606,0.6448840196201902,3.0,7.9,-0.46107695858310804,-0.7498617820705081,3.4138483615891824,1.2151167157854597,124.0709025580806,165.12629304692996,1.2351914863942348,0.9546290042413849,1.609038808909858,
2019,13631,"Washington, James",WR,15,7.086666666666668,5.7,-3.0,25.0,7.638923717092321,1.077929028752444,1.0500000000000003,11.2,0.6890509620397952,-0.14533279447893452,3.410446925091273,0.8203182362457403,118.17583416980149,200.24915010191023,0.9960609361544336,0.780669218680336,0.2495182113538147,
2019,12326,"Mayo, David",LB,16,5.675,6.4,0.0,12.5,3.770361388514369,0.6643808614122236,2.5,8.5,0.12937597700798753,-0.6843727582272712,3.4096763136201735,1.1896373330674141,136.2018678122004,293.9390424493317,1.6514765954151112,3.6378799287456975,0.3742623361846056,
2019,13703,"Carter, Lorenzo",DE,15,5.513333333333333,5.5,1.0,12.5,3.4093727021583047,0.6183868262681327,2.75,7.6,-0.5695338644854421,-0.8199619833129359,3.406684510678221,1.2503668221637652,127.67015558193324,169.91654843568656,1.2351868635600085,0.9453414124970874,1.1007259419765212,
2019,14178,"Baker, Deandre",CB,16,5.5625,5.0,1.0,12.0,3.534981435594818,0.6355022805563718,2.75,7.25,-0.29514950512045385,-0.8636727886076988,3.4010958383425347,1.2265761346541015,138.2760300553564,208.4626816205775,1.318284927968416,1.4207679091964556,,
2019,13595,"Rudolph, Mason",QB,10,9.52,13.05,-29.6,38.2,17.150206995835358,1.8014923314953109,6.95,16.2,-0.5343260411591209,0.3505041191840924,3.398188848483712,0.524511924419617,48.01926999028181,74.1638575109485,0.524511924419617,0.07308932181056196,,
2019,12715,"Apple, Eli",CB,15,5.133333333333334,5.0,1.0,10.0,2.6297443897754693,0.5122878681380784,3.5,6.5,-0.7106290136412722,-1.1293814531717175,3.3944154690954895,1.4142409993919363,159.4321179195158,240.35725370944684,1.6000623823277913,1.4852520796085287,1.5253728499774124,
2019,12171,"Johnson, David",RB,13,7.415384615384615,3.3,-5.0,21.2,8.816579325674848,1.188957792881463,-0.1,16.8,1.1756249378903083,-0.15994128485632042,3.3876325251677315,0.755393948275851,112.92696273281618,211.65380766818865,0.651840974169918,0.4814245028274356,0.9719684837070337,
2019,9940,"Woods, Al",DT,14,5.878571428571428,4.75,0.0,18.5,4.350562947387806,0.7400714612810363,4.0,7.5,0.31378348823495633,-0.2672901743720643,3.3783505789145223,1.0986827902737601,102.41761124915736,144.3419587746574,0.8975940945479297,0.9795535793677654,0.9492507220618459,
2019,11382,"Hyde, Micah",S,16,6.10625,5.0,0.0,16.2,4.931463873689029,0.8076092321292165,2.0,8.25,0.4424561506862777,-0.4529602094622018,3.378080777341093,1.02946762047836,114.00642442280429,187.22617259581048,0.9593684092568053,1.0268583942898146,1.1539128330458723,
2019,14071,"Montgomery, David",RB,16,6.637499999999999,5.75,-2.2,19.4,6.421338937480251,0.9674333615789457,1.9000000000000001,10.3,0.4507433184153109,-0.1948129156021867,3.373684786290873,0.8943803882178724,133.70461995329458,250.59641409906845,0.9836462288122818,1.1782946269897348,,
2019,11265,"Gholston, William",DT,16,5.53125,5.0,0.0,13.0,3.5420189775747954,0.6403650128948782,3.0,7.25,-0.22921473864580005,-0.6012259090226112,3.371962920763945,1.2177954401576288,113.52111917579315,159.9906549691191,0.9980929540462686,1.2615110875381228,0.5509142179873506,
2019,13270,"Moreau, Fabian",CB,12,6.616666666666667,5.0,1.0,24.9,6.402451787314676,0.9676249552616638,2.75,7.25,1.020942426747233,-0.14745890879154896,3.362768219102381,0.8938479920943786,100.76647370496671,151.91388787758348,0.9196754313419172,1.0963031476317677,0.938164962396836,
2019,14224,"Gardner-Johnson, Chauncey",S,16,6.925,2.75,1.0,25.1,7.363380677379107,1.063304068935611,1.0,12.875,1.5177359859809962,0.10589013373586884,3.356267311377122,0.8280144438158156,91.69687732967647,150.58849067797624,1.2349635533844745,1.2161795141500134,,
2019,12173,"Brown, Malcom",DT,16,5.775,4.5,0.0,13.5,4.167358275934528,0.7216204806813035,2.5,9.125,0.19074774068197192,-0.3290859946156238,3.354397827397266,1.1175923347323113,104.1803314723184,146.82624332962314,0.9682286439097492,1.375090814600199,1.1948414780519618,
2019,12274,"Tartt, Jaquiski",S,12,5.516666666666667,4.0,3.0,16.5,3.572308621730336,0.6475483906459824,3.5,5.625,-0.1584987147303862,-0.8027915056772547,3.348409490117406,1.2065385613841064,133.61580740899817,219.4295308017898,1.2191774788189362,1.3088177579701437,1.9745150021104816,
2019,13790,"Phillips, Darius",CB,8,7.8,1.0,0.0,30.3,10.380149324552127,1.3307883749425804,0.75,13.825,2.846598839560118,0.6356935274212789,3.3465071663540265,0.6854040116303108,77.26788662734053,116.48780228244782,0.6702800099141184,0.7481250766472555,0.6305085931076977,
2019,13156,"Smith-Schuster, JuJu",WR,12,6.966666666666668,7.25,-3.5,20.1,7.536503757637815,1.0817947977470548,0.425,12.3,0.6548692742744836,-0.1442572180380335,3.346471359331902,0.8161030398930503,117.56858892867605,199.2201720177439,0.6719147685846026,0.4245125758008675,1.3413601457654658,
2019,9829,"Thomas, Earl",S,15,6.239999999999999,4.0,0.5,19.1,5.418954388686684,0.8684221776741482,2.75,7.2,0.658001649561501,-0.3200465538204046,3.3397162988975464,0.9721209440275679,107.65567632288028,176.79670543298408,0.9243134230668568,0.9293889626987328,,
2019,11360,"Williams, Brandon",DT,14,5.692857142857143,4.0,1.0,14.5,4.021986766639145,0.7064970480921962,3.0,9.05,0.0931198135271536,-0.379737227849027,3.3359900324595095,1.1335866475544227,105.67129804366537,148.9275326757709,1.3132957888806824,1.1961209056340003,0.8510246422418624,
2019,13252,"Maye, Marcus",S,16,5.40625,5.0,1.0,16.0,3.3690630652304505,0.6231792953027423,3.75,6.125,-0.2483643911326254,-0.8560529538398076,3.330654854731664,1.237393445524651,137.0327725926227,225.04101556207496,1.0746320502363589,1.2187867642682784,,
2019,11775,"Brown, Preston",LB,10,5.25,4.5,1.0,10.5,3.04343555870664,0.5797020111822172,3.5,7.875,-0.19501252348558726,-0.8069892833859744,3.3234116072758595,1.2984008088604975,148.65422462801118,320.81263748492756,1.2984008088604975,1.177486195714965,,
2019,12930,"Chosen, Robbie",WR,16,7.187499999999999,5.5,-5.2,24.3,8.361509657352553,1.1633404740664424,0.07500000000000001,13.7,0.9302071500048043,-0.12156868997835296,3.3224081397088727,0.7677714666837863,110.60589600247297,187.42187712363398,1.0617311978532473,1.316185070569807,0.6737355315317575,
2019,11182,"Burkhead, Rex",RB,13,6.038461538461538,5.9,-1.3,15.2,4.940342320985532,0.8181458620740372,1.9,8.8,0.0025431164260374946,-0.21831325155655193,3.3212195261238313,1.0165174348840773,151.96339174866256,284.81798953431337,0.8099526764434969,1.051304502582213,0.6164069504629686,
2019,12152,"Coleman, Tevin",RB,14,7.499999999999999,5.449999999999999,-0.8,34.6,9.445255800816467,1.2593674401088624,0.6499999999999999,8.35,1.3658839297111602,-0.1488576350546984,3.319513181812795,0.7180293276698644,107.34117120201452,201.184615743386,0.6224553184127788,0.5603941631066449,0.9522920152796954,
2019,13100,"Woods, Antwaun",DT,10,5.35,5.25,0.0,12.5,3.317001658124397,0.6200003099297939,4.0,6.375,-0.3803308313269244,-0.6694311470554372,3.3024685039917387,1.2392860655801574,115.52444401123303,162.81403492577365,1.2392860655801574,1.3333333333333333,1.3631477870941366,
2019,13294,"Ebukam, Samson",DE,16,5.575,4.45,1.0,13.1,3.8508927536351876,0.6907430948224551,2.75,8.625,-0.3435494284791781,-0.6285383514053209,3.297366712348117,1.1492729860544075,117.3478521141228,156.17856739257218,1.2930863746389756,1.3865977911881422,0.6842614095908892,
2019,13850,"Edwards, Gus",RB,16,6.21875,4.45,0.7,23.4,5.5212338691183875,0.8878366020692885,3.2,7.2,0.17834075587185053,-0.20734276971294066,3.2941145399890686,0.953615546507109,142.55992853482212,267.19351132014185,0.9609122122422528,1.14047942972813,1.1749005361572478,
2019,14219,"Dean, Jamel",CB,13,6.976923076923077,4.0,0.0,22.0,7.831313265067443,1.1224594536480348,0.0,14.7,1.6767514960542824,0.18643764589894948,3.2871879200949166,0.7900210158460272,89.06171141369447,134.26797966056844,1.0314026115887562,1.2028619200681274,,
2019,14199,"Murphy-Bunting, Sean",CB,16,7.00625,4.0,0.0,31.5,7.944453155346817,1.1339094601743898,1.75,9.9,1.728679669149349,0.2111292861353102,3.283293003175227,0.7833066905618262,88.30478306773294,133.12684686459073,0.9761188696836909,1.0506660979701314,,
2019,12302,"Wilson, Damien",LB,16,5.418749999999999,4.95,0.5,12.3,3.5279630720147854,0.6510658495067656,2.5,7.625,0.02120644555487527,-0.7036531391944125,3.2819708563524466,1.1967301662619005,137.01392801098257,295.69156024571294,0.92278604333255,0.9263022509243304,0.7323091928455165,
2019,9866,"Lee, Sean",LB,16,6.45,3.75,0.0,21.2,6.241494212125811,0.9676735212598155,1.5,10.25,1.2321116871749977,-0.2451994350699585,3.2779828209866575,0.8907001526286576,101.97647726457193,220.07677692669128,1.250236305820101,1.350096234748401,,
2019,12714,"Fuller, Kendall",CB,11,5.718181818181818,5.0,1.0,13.0,4.271856777863522,0.7470655732352741,2.0,8.5,0.043056500103075226,-0.6230894596750293,3.2730207187316385,1.0846618296218538,122.27755580372914,184.34364346915794,1.0082047638067548,1.3715290556938362,1.6669432747434048,
2019,13205,"McKinley, Takkarist",DE,14,5.5928571428571425,5.0,0.0,16.2,3.9663701083906298,0.7091849491375328,3.0999999999999996,7.75,-0.2844443328020677,-0.5797491199726227,3.272236363700335,1.1261458612212711,114.98643019115482,153.03574469667925,0.9639389448054455,0.7349924874428627,0.8047511282673865,
2019,11390,"Murray, Latavius",RB,16,6.96875,3.3499999999999996,-1.6,23.2,7.887150844094463,1.1317884619328378,0.65,12.05,0.8943481081262631,-0.16894068861105216,3.2689688139514614,0.784137697474861,117.22398457420995,219.7075178925235,0.8486514777693474,0.7033416811257533,0.7011631860939035,
2019,13617,"Freeman, Royce",RB,16,5.71875,5.6,-0.7,15.2,4.336792989929309,0.7583463151788956,3.0999999999999996,7.575,-0.1801115426576177,-0.22772669505728146,3.25234565604795,1.0715705126264885,160.1935038282391,300.2433097326412,0.8292993627080568,0.6538701356547405,0.8162033906305367,
2019,12796,"Jefferson, Quinton",DT,14,6.507142857142857,5.0,0.0,25.8,6.524072379132781,1.002601682852458,1.75,9.325,1.773458919144504,0.6119731413654387,3.2493445465771496,0.8648432031554787,80.61942514834828,113.62074939328568,0.9937968214760778,0.9451333013562382,1.0605361645083753,
2019,14177,"Williams, Greedy",CB,12,4.75,4.5,2.0,9.0,2.203217344400381,0.46383523040008023,3.0,5.25,-0.9063934799782404,-1.233868301871377,3.2449007247228083,1.4828840785042532,167.17048181088862,252.02348456309247,1.658472298346226,1.4874009031903135,,
2019,14148,"Sweat, Montez",DE,16,5.71875,5.25,1.5,18.0,4.361080535543915,0.7625933176907392,1.875,6.85,-0.0824185970112278,-0.43845349919251425,3.2445090666135155,1.0667159282694485,108.91826791134243,144.95961143567098,1.0093873686080863,0.9655947445216806,,
2019,9875,"Alualu, Tyson",DT,16,5.38125,5.0,0.0,15.0,3.552150536998679,0.660097660766305,3.0,7.0,-0.2224106327367818,-0.5351375429219062,3.241526162693345,1.1821335775833024,110.19677223062243,155.3054963927767,1.1767520150824706,1.5694522937937374,0.6367080707053855,
2019,13448,"Butler, Adam",DT,16,6.262499999999999,5.45,0.0,18.8,5.914058991082182,0.9443607171388716,0.0,9.625,1.3637889439153252,0.4169131428686535,3.220852974861205,0.9057631715432903,84.43392506749822,118.99670361991197,0.9433288586638616,1.2726719151636556,0.765697828938574,
2019,13695,"Bryan, Taven",DT,16,6.10625,5.75,0.0,22.7,5.4955059764775065,0.8999805079185271,2.125,7.875,1.082699042473731,0.26827543678425814,3.2138487603167776,0.9400730323569653,87.63224037555187,123.50423987967056,1.279724713833996,1.1940127494601662,0.7894116571425832,
2019,13674,"Goedert, Dallas",TE,15,5.746666666666666,5.6,-1.6,16.2,4.550731320958814,0.7918906010949213,3.1,7.75,0.513702844697936,0.10153461651336172,3.2070410231267514,1.0352990145583207,195.8390107861084,353.7826020963207,1.300604607534627,1.6954850788721243,0.6327916563113111,
2019,12707,"Jenkins, Jordan",DE,14,5.8500000000000005,4.75,0.5,16.7,4.843515547321269,0.8279513756104733,1.625,9.775,0.164507456927885,-0.2655441290523045,3.20030394574708,1.001109683481839,102.21946614316542,136.04415840817748,0.9249405203995033,0.8742908008646303,1.0200594917459191,
2019,13505,"Hall, Marvin",WR,9,5.844444444444445,7.6,-0.1,13.6,4.841053859350854,0.8283172002691574,0.0,8.2,-0.2447115037399009,-0.21478252167709805,3.196624985852591,1.0005804748895035,144.14458566133968,244.25324325615253,0.8891242940476243,0.8159626705287261,0.2717128213248435,
2019,13434,"Robertson-Harris, Roy",DT,15,5.366666666666666,5.0,0.0,13.5,3.6444783196257626,0.6790953390607012,3.5,7.5,-0.16040556667966602,-0.4715107288032855,3.196165543326933,1.1554939645189464,107.7134662584106,151.80565643464828,1.2062259423706045,1.1762694749526945,0.8641221961887032,
2019,9310,"Kern, Brett",PN,16,5.668749999999999,5.2,0.4,17.9,4.399249758481552,0.7760528791147172,1.925,7.325,1.4477547541443123,-0.5207139760893494,3.191768706135381,1.0499143869192373,134.1259369345662,172.62355098439204,0.9223501530484685,0.8248449050239183,1.2687249996275394,
2019,14105,"Brown, Marquise",WR,14,7.364285714285715,3.75,-1.9,35.2,9.693120324882647,1.3162336037667997,0.42500000000000004,10.775,1.3746195507213868,-0.07902909474889756,3.1794227068934093,0.6886938041040452,99.21389186719061,168.11810692329058,0.7503045394803243,0.33473674746846455,,
2019,13691,"Hurst, Maurice",DT,16,5.84375,5.75,0.0,17.3,4.951006053066386,0.847230982342911,1.375,7.625,0.7170262974066658,0.09160730888806286,3.1635188321647556,0.9819768200351401,91.53845049760282,129.00944561065137,1.0306309057825376,1.188086831512153,1.2764948022844078,
2019,6938,"Suggs, Terrell",DE,15,6.333333333333333,3.0,0.0,18.3,6.385051987955063,1.0081661033613258,1.25,11.25,0.9535163410192368,0.21122669396783106,3.1537895808182497,0.8575881853862273,87.56503700571426,116.54053982965182,0.9259551540773102,0.8535821840408769,1.083830606830473,
2019,13798,"Fatukasi, Foley",DT,14,5.357142857142857,5.25,0.0,13.0,3.7437021946796176,0.6988244096735287,3.25,7.375,-0.09376925470402751,-0.4054343436175337,3.1534411835843383,1.129316857864993,105.27327446088157,148.3665793116297,0.9555962489264893,1.102031507421054,,
2019,10149,"Brock, Tramaine",CB,14,5.357142857142857,4.5,1.0,15.0,3.7532299015484716,0.7006029149557147,2.5,6.75,-0.19497931678290947,-0.7232849696097352,3.150143287436598,1.1270531760724738,127.05647407083367,191.54826249681844,1.0392156862745099,1.0330453304283789,0.9270509831248422,
2019,11975,"Gabriel, Taylor",WR,9,6.711111111111112,3.5,-0.3,25.2,7.61612973226989,1.1348537680534603,1.6,7.4,0.6814436863068492,-0.1294945722307974,3.1435928828184982,0.7789008893373629,112.20921133523207,190.13869765624008,0.8505294184318802,1.190382020934127,0.6399446252204524,
2019,13488,"Pascal, Zach",WR,16,7.25,2.15,-1.3,30.7,9.51814057471311,1.3128469758224979,0.0,13.6,1.316221722628083,-0.07997135933740919,3.1346647987473295,0.6892853302826055,99.29910769745737,168.26250529124815,0.5911978178338553,0.8469486521708693,0.4040743000206952,
2019,14235,"Tranquill, Drue",LB,15,5.266666666666667,6.0,0.0,13.0,3.5910382280832875,0.6818427015348014,2.0,7.0,0.049353547303717354,-0.6590876940950635,3.1314858766877887,1.1471624510662042,131.33890823379602,283.44422541850423,1.6331006821971883,1.8393120832419951,,
2019,12829,"Canady, Maurice",CB,13,5.8076923076923075,4.0,0.0,13.5,5.005913662622752,0.8619453988621957,2.0,11.0,0.37996890897388,-0.3753541139993091,3.1191528555248147,0.9669956369562792,109.01265235922126,164.34569196322352,1.0274517196489217,1.4415184401122527,,
2019,8958,"Williams, Tramon",CB,16,5.525,4.25,0.0,13.0,4.2833252269702795,0.7752624845195075,2.625,9.5,0.048320210443231426,-0.5622835564116264,3.1122158262108472,1.0457429294331573,117.8900980176446,177.72918386095174,1.0252569867287347,1.3989908720417163,1.0462727954868893,
2019,12417,"Lambo, Josh",PK,16,5.31875,4.95,-2.8,14.7,3.7955926332392416,0.7136249369192464,3.8,6.55,-0.07071144852567139,-0.6794088038954726,3.1038005373346422,1.1090912858474773,155.82155641901713,206.96563631956556,0.9827821935135876,1.0945101268734334,0.7371636666235654,
2019,10851,"Norman, Josh",CB,12,5.983333333333333,5.0,0.0,19.0,5.562048982963821,0.9295903592697194,1.5,9.0,0.6352200949847615,-0.22947952236995756,3.1008308600784105,0.9118086970802975,102.791244049246,154.96639853662757,0.7976406141487428,0.49760497423473704,1.2390988654915946,
2019,10379,"Skrine, Buster",CB,16,4.9375,4.0,1.0,14.0,2.9679275176459416,0.6010992440801907,3.0,6.0,-0.5554120343908483,-0.9378620388717056,3.083818831503181,1.244352367335903,140.280004219808,211.48384029900282,1.085646364776662,1.7542317780067453,1.3611149034192218,
2019,14518,"Thompson, Jalen",S,15,5.62,6.0,0.0,16.7,4.639568945494829,0.8255460757108236,2.0,7.5,0.3133938695112914,-0.4137571840250431,3.0785308981104227,0.9965300636123153,110.35881762796829,181.2359184255813,1.3786086350871873,2.147477695244889,,
2019,9308,"Amendola, Danny",WR,15,6.120000000000001,3.2,-1.0,16.6,6.048603144528496,0.9883338471451789,1.5,10.25,0.1582965900633582,-0.17026094375256204,3.077953940575427,0.868257138969538,125.08195860816234,211.95158959806557,0.8952794567191931,0.9292993999660326,0.9429841520554663,
2019,13810,"Joseph-Day, Sebastian",DT,16,5.5,5.0,0.0,14.0,4.416021965525081,0.8029130846409238,1.0,9.25,0.3577441534664539,-0.056821704147922855,3.0506184945101804,1.0155054826234955,94.66394364364791,133.41435017085834,1.1563197738635593,1.4345310153294617,,
2019,14222,"Edwards, Mike",S,15,5.013333333333333,5.0,0.0,10.0,3.2393140563328457,0.6461397718749028,2.75,7.7,-0.30573333266276886,-0.8058702032899449,3.0455089045223054,1.1825812541168605,130.96270119564485,215.072487553296,1.0956460237765124,2.1525589344907234,,
2019,11403,"Williams, Vince",LB,14,4.921428571428572,4.5,1.5,13.2,3.052207297638072,0.6201872593168797,2.625,6.275,-0.19109816094403204,-0.7483659030144125,3.0375677522014315,1.2145056286476625,139.04904502595025,300.08357304451516,1.5596894339405456,1.5773542222266381,1.1760450427774007,
2019,13424,"Hill, Taysom",TE,16,5.84375,5.2,-2.7,15.9,5.401847918768169,0.9243803925164782,1.725,10.125,0.9035893950185029,0.10153461651336174,3.0366917178771664,0.9128223716261668,172.67111024824376,311.9298573112357,1.0460502533602545,1.7976255391624287,0.3828684179846187,
2019,9188,"Carr, Brandon",CB,16,5.3625,4.0,1.0,13.9,4.111854052614222,0.7667793105108107,2.0,7.25,-0.030380456499159162,-0.5805772997560565,3.0351838331464247,1.0490322972459662,118.26091945277335,178.28822819234006,1.1295904913855042,0.7208527229159784,0.9669423327043032,
2019,11790,"Marsh, Cassius",DE,16,5.0625,4.25,1.0,12.0,3.381544580513467,0.6679594233113021,2.0,7.225,-0.583777209389001,-0.6888141676682981,3.035145777077547,1.155414467883089,117.9749352441874,157.0131539923703,1.1664509727718002,1.2384332344130613,1.204785294133249,
2019,13296,"Wise, Deatrich",DE,14,4.957142857142857,4.5,0.0,11.0,3.15361794173755,0.6361765300335115,2.25,6.75,-0.7004375348765648,-0.7728980623373433,3.0297115049323726,1.1934518115715707,121.85878236852822,162.18217642374302,1.176745466642469,1.1888462726513387,0.9007627782461795,
2019,11286,"Jenkins, John",DT,16,4.99375,4.0,0.0,12.0,3.237566360323754,0.6483236766605764,2.25,7.25,-0.43367762193803894,-0.5745708403239242,3.029593077323924,1.1784476219077955,109.85317280520353,154.82124555452822,1.1653245488340824,1.219160170741759,,
2019,14676,"Phillips, Kyle",DE,15,5.486666666666666,5.0,0.0,14.8,4.455239113174012,0.8120119890353606,2.0,7.75,-0.03422515032695293,-0.3077129048826506,3.027941702299408,1.00576098551148,102.69439273531155,136.67623946839055,0.8213372462559244,0.5526315789473684,,
2019,13218,"Anderson, Ryan",LB,16,6.2125,4.25,0.0,27.1,6.590890967843422,1.0609080028721807,2.0,7.25,1.3880289555083218,-0.11019419906085876,3.0144479963889514,0.8184151275940373,93.70054715469445,202.21638329957042,1.1019586192922681,1.128748458417277,0.6427338169869453,
2019,14207,"Thornhill, Juan",S,16,5.86875,3.75,0.5,23.4,5.580291071037424,0.9508483188136185,2.875,5.75,0.7293371824883947,-0.139894784470584,3.008306665055846,0.8918678424166965,98.76819994043318,162.20131578239528,0.8355617147733111,0.9013198902600821,,
2019,13917,"Jackson, J.C.",CB,16,6.86875,3.0,0.0,30.0,8.820198321891635,1.2841053061898648,1.0,8.225,2.130623196610922,0.5350227080537817,3.0071949753743272,0.6994512508660715,78.85147888866118,118.87520007840955,0.8318837683240179,1.3074950632822424,0.8905137010943582,
2019,13354,"Butker, Harrison",PK,16,5.25625,5.2,-1.5,15.5,3.937633926293809,0.7491336839560161,3.125,7.3,0.06874865718883644,-0.6440958120808002,3.005059046208485,1.0645280874326266,149.5606588494311,198.6497737444511,1.217368776432413,2.1544972655991184,0.7519886949089248,
2019,12246,"Williams, P.J.",S,14,4.9071428571428575,3.5,2.0,12.0,3.114130074747839,0.6346116600650618,2.25,6.525,-0.36108383268646027,-0.8310662116326298,3.0020236469789654,1.1927534540685671,132.08920204126545,216.9224748923367,1.189806132066296,1.683331731077342,0.9055980265568144,
2019,13258,"Walker, DeMarcus",DE,10,5.58,3.5,0.0,15.6,4.81555811926302,0.8630032471797527,2.25,9.225000000000001,0.1501979287630924,-0.1728119208413005,2.995163861602014,0.9594951826751116,97.97036923953411,130.38902407750416,0.9594951826751115,1.0771282057068994,,
2019,12713,"Alexander, Mackensie",CB,13,5.2846153846153845,4.0,1.0,14.0,4.0916135906446405,0.7742500244305724,2.0,6.0,-0.03967028531272105,-0.564466900168865,2.978506586923355,1.0379058211183516,117.00659458539273,176.39722853482266,1.1318971750059579,1.2994132373254415,0.990299844941467,
2019,14200,"Tavai, Jahlani",LB,15,5.44,4.0,0.0,15.0,4.496932287682348,0.8266419646474904,1.75,7.05,0.4536060907538552,-0.44941571059277435,2.9781424632110785,0.9896428981288485,113.30445627885317,244.52383743936429,1.148308391104918,1.093545664367104,,
2019,13642,"Tate, Auden",WR,12,5.133333333333334,5.800000000000001,-0.3,11.0,3.7497407317780724,0.730468973723001,2.4749999999999996,8.075,-0.608926884995234,-0.24200692318782088,2.9664405495172055,1.0807607453158108,155.69543254358626,263.82617275884314,1.1843822926472936,0.8307710628299878,,
2019,12271,"Goldman, Eddie",DT,15,4.693333333333333,5.0,0.0,8.9,2.7754799384771074,0.5913664641641564,2.75,7.5,-0.7440034880581341,-0.7653313067380487,2.94924735378186,1.2431090642283893,115.8808183831872,163.31629009729699,1.084486838578834,1.0550305661155484,1.3712556663130215,
2019,11711,"Ford, Dee",DE,11,5.763636363636363,5.5,0.0,16.9,5.508715858820741,0.9557708903316745,0.5,9.2,0.5049787825733749,0.07261144786542688,2.946989543677543,0.8855258838539354,90.41764813290416,120.33708753927121,0.8047848025903357,0.7774373504971137,1.3659057174504716,
2019,13211,"Watkins, Carlos",DT,10,4.51,5.0,0.0,9.0,2.465948093533195,0.546773413200265,3.5,5.75,-0.9518774556378365,-0.914681860036903,2.9157470392957148,1.3012312586027497,121.2988847814949,170.95222601851597,1.3012312586027497,1.4601615852266772,,
2019,11858,"Carrie, T.J.",CB,16,5.73125,5.0,0.0,19.0,5.541967018802981,0.9669735256362889,1.0,7.275,0.626003012411515,-0.14886369977678035,2.9137402844026683,0.8760744258610887,98.76280013817397,148.89318237527286,0.853241816980652,0.9468579917352681,1.2403572867393347,
2019,12956,"Lutz, Wil",PK,16,5.4,5.4,-1.4,12.8,4.618576620561794,0.8552919667707025,1.65,8.525,0.737317198673831,-0.538522766424956,2.910593101634117,0.96109751004162,135.0292007485146,179.34876981647182,0.8739141469828204,1.2146046407411193,1.1410459961589623,
2019,13608,"Penny, Rashaad",RB,10,6.709999999999999,4.55,-5.6,22.6,8.832830803315549,1.3163682270216914,0.15,10.95,1.1805431905588568,-0.13988476293508317,2.8967760486973577,0.6824077556320244,102.01595520421239,191.20380854451457,0.6824077556320244,0.6509155018036452,0.665353441574278,
2019,12998,"Adams, Andrew",S,14,5.264285714285714,5.5,0.0,13.5,4.326101369735167,0.8217831638574267,1.25,7.375,0.17479317284204843,-0.4219814587384478,2.8896335297880156,0.9883938267114644,109.45778561989805,179.75620554877293,1.315821051100999,1.108095163779646,0.7290172514901099,
2019,10592,"Harris, Chris",CB,16,5.60625,5.5,0.0,23.7,5.27262609498341,0.9404907192835514,2.0,6.25,0.5023827571757051,-0.20597318049243613,2.889088798151987,0.893764416228101,100.75705191803415,151.89968374568267,1.2504579985908775,1.7823024955302345,1.0336867480828402,
2019,13782,"Dickson, Michael",PN,16,4.31875,4.85,-0.4,7.9,2.14424192606618,0.4964959597258883,3.4,5.6499999999999995,-1.8123520717726669,-0.9052254173649407,2.8859082257669852,1.3735425268001782,175.4692388463449,225.83345019212518,1.7518860707329398,1.6619361715423935,0.8158784992470204,
2019,13285,"Biegel, Vince",DE,15,5.433333333333334,4.0,0.0,18.1,4.799675914985187,0.8833759352733472,2.25,7.25,0.14206889597226718,-0.11891453192787074,2.8848904945494893,0.9368339564103404,95.6565184306218,127.30951390338845,1.2064146166990963,1.0476295306347327,0.17706921941214196,
2019,8721,"Mebane, Brandon",DT,13,4.615384615384615,4.0,1.5,11.0,2.781489958733007,0.6026561577254849,2.5,6.5,-0.7399673063978768,-0.7275199898733599,2.8798345753307704,1.220520129830255,113.77511078295768,160.34861729262283,1.2028397619486033,1.239265962360449,1.0225964177003426,
2019,12268,"Jones, Byron",CB,15,4.666666666666667,4.0,1.0,11.0,2.936362072739365,0.6292204441584354,2.5,5.5,-0.5698997264231103,-0.8772194048480042,2.8643555777850596,1.1855277996363462,133.64851395890295,201.48631402944198,1.2105263157894735,1.6113643507606752,1.3755971565582084,
2019,10220,"Sendejo, Andrew",S,15,5.566666666666666,4.0,0.0,17.7,5.256192115548627,0.9442261285416695,1.0,8.25,0.5860357870835888,-0.15436833955845533,2.863178611246279,0.8897851223001495,98.53755308099078,161.8225377535844,0.8163427765905305,0.7768249934990743,,
2019,9465,"Chung, Patrick",S,13,4.269230769230769,4.0,0.0,8.0,2.099591394454797,0.4917961824849074,3.5,5.0,-0.809665372725298,-1.1432057904231767,2.8618056671250134,1.377352762324889,152.53229968376064,250.49499457256283,1.2930164227381333,1.5126854986755776,1.1255969152539531,
2019,14176,"Winovich, Chase",DE,16,4.49375,4.0,1.0,8.6,2.571349050109689,0.5722056300661338,2.0,7.025,-0.9984618412209032,-0.9421376078918611,2.8582457116700275,1.2582780167796763,128.4779372901079,170.99162725200736,1.1555936837727516,1.2045664513662093,,
2019,13298,"Stewart, Grover",DT,16,5.081250000000001,4.0,0.0,11.5,4.038443194784347,0.7947735684692441,1.5,9.55,0.1041715455754449,-0.08408248172534605,2.8311370800572804,1.0084960380738173,94.01053342068212,132.49346839753886,1.1194733840007796,1.0473911993616496,0.5991179436978524,
2019,13330,"Muhammad, Al-Quadin",DE,16,5.20625,4.0,0.0,16.0,4.379564583094991,0.8412128851082816,2.75,5.75,-0.07295785554100365,-0.2304598666467336,2.8276197945974184,0.9677827860567705,98.8165846016042,131.51525434565738,1.0120569472619534,0.8322095244889162,1.1743424573590096,
2019,14226,"Willis, Khari",S,14,5.0,3.0,1.0,13.5,3.849860850917676,0.7699721701835351,2.125,7.625,-0.03577810404444661,-0.5352203178320751,2.824903173184656,1.0309574137686683,114.17140873389727,187.49711681023246,1.033659182860098,1.1592011365188142,,
2019,12589,"Hill, Troy",CB,14,5.985714285714286,4.0,0.0,24.8,6.699878159111462,1.1193113869637288,1.0,7.75,1.1574531488238013,0.17964892225673668,2.824367538688985,0.7773777924825003,87.63639855750992,132.11920130737474,1.0264871302562582,1.041929769639397,0.7405935032786721,
2019,13228,"Hooker, Malik",S,13,5.761538461538462,4.0,0.0,20.5,6.0094206122283165,1.043023604258586,2.0,6.0,0.9190781891180961,0.06156485604731953,2.8201037176118806,0.8219707134548531,91.02757595980074,149.48933565728865,0.8113117707018195,0.7477421276050676,0.8465641771328238,
2019,13547,"Maulet, Art",CB,12,5.916666666666667,3.5,0.0,22.0,6.512274734854344,1.1006661523697483,0.75,9.25,1.0713482121476627,0.13944096048331464,2.8165668590376023,0.7875998782652862,88.78876847650197,133.8564953520172,0.9443454158871927,1.4182284603577668,,
2019,13812,"Hamilton, Shaun Dion",LB,16,4.84375,4.5,0.0,14.0,3.525437694457243,0.7278322982105275,2.375,6.375,0.02007950329270803,-0.592493916280287,2.8033681307014287,1.0703384571911412,122.54331047662335,264.46233020633565,1.2642946852004964,1.177708538919682,0.5428803693673696,
2019,12699,"Billings, Andrew",DT,16,5.2875,4.0,0.0,15.5,4.72584317873541,0.8937764877040965,2.5,6.5,0.565812453650747,0.24749700086937135,2.792040155916316,0.9234447809602391,86.08217897258876,121.31966540663012,0.8742305741225443,0.7743980634692817,0.9727534593120022,
2019,11724,"Jones, Christian",LB,13,4.938461538461539,5.0,0.5,14.1,3.8005138238722127,0.7695744503168032,2.0,7.6,0.14283141206186017,-0.5320505159505093,2.7907622296295114,1.028736031110531,117.78023858891804,254.1830821146732,0.9615868974352498,0.7108273320571312,1.4222734019789447,
2019,13153,"Davis, Corey",WR,15,5.6933333333333325,4.4,-3.2,20.0,5.933460672790842,1.0421769331599842,3.15,7.1,0.11986888477598255,-0.155280132715052,2.787874664965338,0.8211387648992987,118.29404031689175,200.44945061730695,1.0272254252657305,2.1912546157091635,0.7818294176191385,
2019,12781,"Burris, Juston",S,14,6.121428571428572,3.5,0.0,27.4,7.344791990775171,1.199849333382175,1.0,8.0,1.5095169384216816,0.4043254437762208,2.782658102324279,0.7335627512579778,81.2370051248591,133.4108460964176,0.8160713040423797,1.9081409087136902,0.17445763018700947,
2019,10280,"Kerrigan, Ryan",DE,12,4.983333333333333,4.45,0.0,14.6,3.966701680517735,0.7959936482644284,1.875,6.725,-0.2842746233180054,-0.35009055962867464,2.774694297025501,1.0033486313222388,102.44807651098454,136.3484165526074,0.9615287014253742,1.1584134256802328,1.0401885856863622,
2019,9633,"McCourty, Jason",S,12,5.533333333333334,4.0,0.0,18.4,5.516238654091108,0.9969106001369471,2.75,5.25,0.7010162003562114,-0.03922039445339579,2.7709469482278584,0.84916063193286,94.03867152450118,154.43428416131627,0.779515730666358,0.8041506282470696,1.1981297469093508,
2019,13193,"Smith, Jonnu",TE,16,5.9750000000000005,2.3,0.0,22.4,6.958942089139699,1.1646765002744264,0.8,10.6,1.616876007185365,0.10153461651336176,2.7602276826318026,0.7507279149766817,142.00903330452167,256.5389046951849,0.8963587316440096,1.0150067453953493,0.5299891232882296,
2019,9448,"McCoy, LeSean",RB,13,5.8999999999999995,4.6,-2.4,19.8,6.720462438301056,1.1390614302205182,0.7,8.7,0.5412683148902785,-0.1677958024101796,2.7582190565662073,0.7642029278881302,114.24385349512703,214.12199540104754,0.7763100438158907,0.7374602581426025,0.589644606047406,
2019,6997,"Witten, Jason",TE,16,4.7250000000000005,4.8,-2.5,10.2,3.3794415219086127,0.7152257189224577,3.0749999999999997,7.425000000000001,-0.02285130117673327,0.10153461651336172,2.7547394770691453,1.0789046905553359,204.0875383436838,368.68354308386193,0.8057493369910265,1.158273413808506,,
2019,9884,"Thomas, Demaryius",WR,11,5.127272727272727,2.9,-1.7,11.6,4.42022025553456,0.8620996952283717,1.75,9.1,-0.38516071816464453,-0.20538318722549428,2.7534899127105588,0.9459528368865258,136.27487558482989,230.9180062727166,1.1515541688997948,1.2774281111135932,0.8679583979000918,
2019,11501,"Robey, Nickell",CB,16,4.8,4.0,0.0,11.0,3.5742132001323035,0.7446277500275632,1.75,8.25,-0.277143178132714,-0.6283465617968576,2.7513032507502904,1.049360794958391,118.29795209858555,178.3440580035548,0.8774044428510572,0.9107711547777728,0.8359287662642704,
2019,14171,"Burns, Brian",DE,16,6.03125,4.9,0.0,30.1,7.196068262426365,1.193130489106962,1.5,7.025,1.3686210565700652,0.7005630735298707,2.7500643623152183,0.7358711283127488,75.13697562557093,100.0,0.7150016200138374,1.0364636142852102,,
2019,14181,"Mullen, Trayvon",CB,16,5.375,4.0,0.0,17.0,5.134138194478212,0.955188501298272,1.0,7.25,0.4388205276981212,-0.17427779718024297,2.749095545739414,0.8762437085030839,98.78188393658732,148.92195279767478,1.4816652188095705,1.4740596663379488,,
2019,11793,"Jones, DaQuan",DT,16,4.59375,3.5,1.0,11.0,3.0984812307806546,0.674499315544088,2.0,6.0,-0.5270837711977376,-0.48690367995472245,2.7433573470929558,1.120842024479641,104.48326282263058,147.25317873599516,1.2519928222492387,1.0444779409878218,0.7613192246810265,
2019,13645,"Smith, Tre'Quan",WR,11,5.127272727272727,5.4,-1.0,14.0,4.483320788127501,0.8744065366915339,1.4,8.35,-0.3641015153060958,-0.20195904347605298,2.735411249857644,0.9350670743857098,134.70666216805185,228.2606659958797,0.8593982041570459,1.1774257082286925,0.4897553906990842,
2019,12489,"Copeland, Brandon",DE,12,5.041666666666667,3.5,0.0,14.0,4.2839736875423915,0.8497137892646065,1.375,8.125,-0.12188440949145082,-0.2079701227639275,2.7256469059848927,0.9541430303774993,97.42388151735359,129.6617021196657,0.9930580207037355,0.7450411349124797,1.0169926830374982,
2019,13639,"Miller, Anthony",WR,16,5.887499999999999,3.25,-1.0,22.0,6.900260411752589,1.1720187535885502,0.6499999999999999,10.475,0.4425291063263967,-0.11915412433448101,2.7106119550178063,0.7452285992043546,107.35834882961812,181.91890296780417,1.0022333902768183,1.1980326207521699,0.7128797290311091,
2019,11859,"Stephen, Shamar",DT,15,4.8933333333333335,4.5,0.0,11.5,3.94368130332843,0.8059294216611232,1.5,7.0,0.040531791947290986,-0.04671942154637174,2.709592786207761,0.9898156926173216,92.26917879503387,130.03929538450203,0.9230521043552916,0.6848027266519576,1.012623162286326,
2019,14223,"Mattison, Alexander",RB,13,4.746153846153846,5.6,-1.3,10.4,3.585143572839144,0.7553787106468213,1.6,6.8,-0.40758635037344804,-0.22819384537940976,2.703777718943045,1.0351156448553702,154.74371500796187,290.02902142730267,0.9133744876865606,0.7690981343642427,,
2019,10976,"Tucker, Justin",PK,16,4.71875,3.2,-0.2,12.8,3.523886127203886,0.7467838150365852,2.75,6.7250000000000005,-0.33748047913744766,-0.6464327264706966,2.70139324590729,1.0430744424852612,146.5465333313453,194.64634559154416,0.8520876406643979,0.8529697334701009,1.2090728137522815,
2019,13288,"Jenkins, Rayshawn",S,16,4.96875,2.5,1.0,14.2,4.178175252128613,0.8408906167806013,1.875,9.125,0.10938716424240799,-0.38021993254915526,2.699101160442375,0.9595561675819058,106.26421416540495,174.51158741989863,0.8694698774077426,1.1921303885855388,0.41319321417101773,
2019,11695,"Ebron, Eric",TE,11,5.163636363636364,3.7,-1.9,16.0,4.7173322058655005,0.9135678567697272,2.85,7.2,0.5900207598505804,0.10153461651336174,2.698433894240386,0.9031548592434263,170.8423863383634,308.62627289893584,1.0317476400098722,1.6182810732677584,0.895102756336464,
2019,13998,"Moseley, Emmanuel",CB,16,5.34375,4.0,0.0,19.0,5.240225275453337,0.9806269521316187,1.0,7.25,0.48751165061174223,-0.11942044188515373,2.6980093319687857,0.856339276888011,96.53799078843247,145.53909618292283,1.1555367770783378,0.9549656290900099,,
2019,14630,"Cole, A.J.",PN,16,4.6,4.05,0.6,9.4,3.2941235556669697,0.7161138164493412,1.0750000000000002,7.825,-0.14994678174635848,-0.6031560613167797,2.6804748938607417,1.0712314027223004,136.8491729934838,176.12842624866272,1.000906415771338,1.2241641420273626,,
2019,13801,"Harris, Marcell",LB,13,5.461538461538462,1.5,0.0,15.0,5.685546920656116,1.0410156333595706,1.0,11.5,0.9840218534693788,-0.13899871424007945,2.6758925175642143,0.8169172285163574,93.52905232471282,201.84627805123924,0.898823866496312,2.7091607890767584,1.1480670488132754,
2019,14205,"Johnson, Lonnie",S,14,4.428571428571429,4.0,0.0,9.0,2.9450754468697573,0.6650170363899451,3.0,6.75,-0.4358318800475901,-0.7646117802234672,2.6597754448046755,1.122556840347706,124.31541219328027,204.15602837696554,1.168952103276359,0.8218759339506247,,
2019,10755,"Curry, Vinny",DE,16,4.518750000000001,3.0,0.0,13.2,3.2280448320151933,0.7143667678041921,2.0,6.324999999999999,-0.6623434126122808,-0.5660402517725732,2.635812875553893,1.0687564062196213,109.12661328067112,145.2368988399005,1.3751856291168825,1.4684496305552626,1.1047449469181252,
2019,11956,"Sorensen, Daniel",S,16,4.9625,3.0,0.0,16.0,4.453492309412917,0.8974291807381193,1.875,7.0,0.2311194864835685,-0.25664842728833875,2.61538087975939,0.9099673600776063,100.77259643746812,165.493020494689,1.11289876153653,1.1702779542379478,,
2019,12857,"Washington, DeAndre",RB,16,5.09375,3.4,-0.1,14.2,4.835218292642018,0.9492453089849361,0.6,7.925,-0.02927100807142841,-0.19767601765515416,2.6131908470014764,0.8729322099951289,130.4982431635747,244.5868496873453,0.9148603747254122,1.551730533200469,0.17073064053185183,
2019,12505,"Humphries, Adam",WR,12,4.941666666666666,4.2,-1.5,13.9,4.48617475015061,0.9078262563542551,1.175,7.275,-0.3631490326133907,-0.19266064432678953,2.590207913434373,0.9007490449572363,129.76277383840272,219.8832388918875,1.1665918021671084,1.212181057985686,1.1121693446658472,
2019,14215,"Saunders, Khalen",DT,12,4.208333333333333,4.0,0.0,9.5,2.657209793917087,0.6314161886535653,2.5,5.75,-0.8234308057881443,-0.6311972122397089,2.5795583999975746,1.1506950846333484,107.26612165730684,151.17519263859765,1.1419469892947693,0.8905651162034081,,
2019,8687,"Olsen, Greg",TE,14,5.7285714285714295,3.6,-2.6,20.5,7.0108516470059845,1.2238394396269796,1.0,8.825,1.6406551679927606,0.10153461651336178,2.5759824771937327,0.7151014250416751,135.2698628344044,244.36461288622172,0.7294599883740068,0.737437855524478,1.0136597295992835,
2019,11278,"Jones, Abry",DT,16,4.5375,4.0,0.0,11.5,3.538868993054137,0.7799160315270826,1.5,6.675,-0.23133019070935934,-0.1338431801975537,2.5492775612044136,0.9996983845411196,93.19042895796264,131.33765658836876,1.1148227787892082,1.108495283014151,0.9853807126627713,
2019,12964,"Scarlett, Brennan",DE,15,4.52,4.0,0.0,12.0,3.512681786517722,0.7771419881676377,1.75,7.25,-0.5166568884903693,-0.3999639612746744,2.5434096037877354,1.0016216994302904,102.27174612583971,136.1137379756794,1.240755173770996,1.3810806857494131,0.6265265287500843,
2019,14208,"Johnson, Diontae",WR,16,5.59375,2.4000000000000004,-4.8,17.3,6.734841196160455,1.2039939568555005,0.575,11.3,0.38732201575666564,-0.11025763430238218,2.5380060515142064,0.7231887324043208,104.18326441846885,176.53871708376886,0.8543637702445096,1.0050918480009665,,
2019,9853,"Hughes, Jerry",DE,16,4.8125,3.5,0.0,14.6,4.314202562467368,0.8964576753178946,0.75,8.1,-0.10641228035898197,-0.08430586234012788,2.5376258392865543,0.9055921266511849,92.46653514306682,123.06395669138195,0.7287371714080267,0.4406970567322128,1.2640766006420543,
2019,12311,"McCain, Bobby",S,9,5.111111111111111,3.0,0.5,16.8,5.186187733767121,1.0146889044326977,1.0,6.0,0.5550831245592341,-0.00036387477841006723,2.5369232440133547,0.8262133855415126,91.49742257272649,150.2609376392871,0.7989621580807521,0.6169186502104438,1.6361516224869341,
2019,12754,"Collins, Maliek",DT,16,4.7749999999999995,3.5,0.0,14.5,4.235785051203614,0.887075403393427,2.375,7.0,0.23670147854841664,0.2250538033785529,2.530370536022764,0.9119931306007897,85.01467278694703,119.81517870790468,0.8471879179295405,0.6488740187959752,0.9935918596044245,
2019,13378,"Breida, Matt",RB,13,6.261538461538462,4.8,-8.3,27.6,9.24433618380952,1.4763681866034857,0.0,9.9,1.3050787854433357,-0.11469810755317428,2.528516759103826,0.6112195411386832,91.37373485884949,171.25758486479663,0.5040262707774522,-0.015714422693012712,1.0960450140456681,
2019,11925,"Hurns, Allen",WR,14,4.378571428571429,3.4,-0.3,9.9,3.2045009799674338,0.7318599301720077,1.675,7.325,-0.7908954685886086,-0.24161991610360128,2.5282480137620316,1.0414009770561032,150.02522646830937,254.21799901119346,1.3817300683465925,1.5652097966544611,0.5044785012252821,
2019,13740,"Hall, P.J.",DT,16,4.45625,4.0,0.0,11.0,3.4018319972479536,0.7633844594104805,1.375,7.25,-0.32336086376852774,-0.18921053876904198,2.527100642301098,1.012362580576921,94.37096688743601,133.00144424236336,0.8549097092293246,0.6438396295890079,1.0103287300659596,
2019,14256,"Bailey, Jake",PN,16,4.51875,3.45,0.3,14.1,3.5906508375919817,0.79461152699131,2.0500000000000003,6.075,0.278748232957374,-0.49518782399568734,2.517954405194167,0.9843375503527301,125.74853516231647,161.84161816065944,0.9090297335844881,0.9629746816232728,,
2019,13418,"Bourne, Kendrick",WR,16,4.550000000000001,4.3,-0.7,12.1,3.736977388210959,0.8213137116947161,1.75,7.325,-0.6131865295701399,-0.21673110870474757,2.4981967525881448,0.9605281231284123,138.37460534066403,234.47600188157628,1.2740267031118535,0.9502574016177524,0.9731410413909518,
2019,13447,"Wilson, Eric",LB,16,5.081250000000001,2.0,0.0,17.2,5.349324577692029,1.0527576044658358,1.0,8.0,0.8339836278426943,-0.12199612514429667,2.4753287913514916,0.8002819729601898,91.62447786718366,197.73599086272952,0.7563248914739457,1.0496356618722182,0.5447446139514287,
2019,13989,"Lancaster, Tyler",DT,16,5.00625,2.5,0.0,16.0,5.151512975573293,1.0290163247087727,1.125,8.575,0.851681810852331,0.700440767848904,2.4673285961455007,0.8138241794951981,75.86350598969085,106.91800873411823,0.9683967263467431,0.9210487997230504,,
2019,13286,"Johnson, Jaleel",DT,16,4.73125,3.5,0.0,17.1,4.363444561066406,0.9222604092082232,2.5,6.0,0.322434462885674,0.34289503587278797,2.461295034395884,0.8821290023848578,82.23078220361297,115.89171071337003,1.1072934290900132,1.5806075933174348,0.5714328665819183,
2019,13188,"Howard, O.J.",TE,14,4.707142857142856,5.1,0.0,12.4,4.298415702444379,0.9131687380003235,0.8,8.299999999999999,0.3981200134527294,0.10153461651336174,2.46039084982271,0.8884057275783883,168.05241424854415,303.58619645170336,0.9241024969498604,1.2231217270865762,1.3455226038870198,
2019,13632,"Lazard, Allen",WR,16,5.5125,2.8,0.0,25.4,6.873943100579171,1.2469738050937271,0.75,6.825,0.4337459539199374,-0.09829931184106029,2.4532996279278203,0.7000939592254007,100.8562091796729,170.9010163762477,0.8991235962158999,0.8799534266695872,,
2019,11363,"Webb, B.W.",CB,15,4.413333333333333,3.0,1.0,13.2,3.5877321837369944,0.812930253112612,2.0,7.5,-0.27093832749196933,-0.4810539965448594,2.4343646567517423,0.9619858258025858,108.44787959209489,163.49424977549003,1.1047626893669877,1.4319931143237459,0.9492146951112649,
2019,13777,"Nichols, Bilal",DT,13,4.153846153846154,4.0,0.0,10.0,2.9572896594986284,0.7119401032126327,2.0,7.0,-0.621904554876798,-0.36150740781425056,2.4263968967436607,1.0496694736195855,97.84866117953051,137.90272245045568,1.1557278955086951,1.4005104347327921,0.9754542421096645,
2019,11383,"Martin, Sam",PN,16,4.09375,4.15,-0.4,9.2,2.8260990671772284,0.6903448103028345,2.7,5.775,-0.8265785023499143,-0.6385995685470601,2.421843150017766,1.0699539996543361,136.68598551318212,175.91839973947526,1.0058549616526842,2.0224985453141326,1.1077127074080462,
2019,12360,"Covington, Christian",DT,16,4.76875,3.25,0.0,13.3,4.640409296333676,0.973087139467088,0.0,9.25,0.5084371612836426,0.5131233589511929,2.416897816934732,0.8454616942603326,78.81270908706315,111.07445943343588,0.7546359419231139,1.0705075316962187,0.6589555422199402,
2019,11250,"Eifert, Tyler",TE,16,4.3125,3.4,-0.2,12.2,3.386531226786489,0.785282603312809,1.975,6.425,-0.019603590363971985,0.10153461651336172,2.4155839484447066,0.9831230594383064,185.96931392188097,335.95302348217075,1.1669107956260754,1.5267968353882146,,
2019,13814,"Scott, Boston",RB,11,6.118181818181818,2.8,-0.4,28.1,9.484515436112234,1.5502179761847634,0.0,4.1,1.3777652373884428,-0.10307292211517886,2.3990819119449873,0.5835445477154548,87.23648573464207,163.50332928916242,0.5764401232024627,0.8072644919197347,,
2019,11725,"Attaochu, Jeremiah",DE,12,4.783333333333334,3.35,0.0,14.0,4.811589019117165,1.005907112010557,0.75,7.775,0.14816641319564972,0.20525037239332333,2.3846235474677155,0.8230680658247866,84.04032013303733,111.84948480204251,0.9044929878155448,2.0600377823820746,0.6278618622878738,
2019,14210,"Pratt, Germaine",LB,16,4.4375,4.0,0.0,15.0,3.8522517765587443,0.8681130764076044,1.375,5.75,0.16591932034960205,-0.38936478164556604,2.3753915413585918,0.9145238549733935,104.70405874454136,225.9632063957072,1.2743326386123697,1.665843261634468,,
2019,13269,"Basham, Tarell",DE,16,4.5625,2.75,0.0,13.8,4.205780991682758,0.9218150118756729,0.875,7.375,-0.1619059945011042,-0.017221232958646162,2.3740578420953447,0.8764294939202161,89.4888506812394,119.1009485492043,0.960383612373214,1.2633869689192954,0.5071268937497224,
2019,13848,"Johnston, Cam",PN,16,4.2625,4.5,-1.6,12.7,3.4122710545910624,0.800532798731041,1.675,5.3500000000000005,0.02086125810638498,-0.48704351930165235,2.3673548201977086,0.9660557901502396,123.41305119665031,158.83578987245082,0.7712319962113681,1.001825779485187,1.0525290497841542,
2019,13834,"Jacobs, Leon",LB,14,4.085714285714286,3.0,0.0,8.9,3.020845941798693,0.7393678878528268,2.0,6.8,-0.20509307318545353,-0.5757901713220891,2.3489649971392312,1.0161330090370424,116.33731552423792,251.06909086937733,1.054448412879953,1.637279522254822,0.6603105717585767,
2019,14221,"Williams, Quincy",LB,11,3.909090909090909,5.0,0.0,7.0,2.6095818353467863,0.6675674462515034,2.0,6.0,-0.3886184637112662,-0.6797585250503375,2.34418758766135,1.0829761139673255,123.99019887684494,267.5848790944214,1.0143543591025888,0.9190292894252226,,
2019,11936,"Boswell, Chris",PK,16,4.0,4.8,-2.8,8.8,2.8462694882951616,0.7115673720737904,1.775,5.6000000000000005,-1.0027834066447059,-0.6814550256467079,2.337039175474273,1.039968731305143,146.11019706574731,194.0667941165483,0.9580563125934337,1.5780432143860013,0.3485058749922691,
2019,11742,"Joyner, Lamarcus",S,14,4.285714285714286,3.0,1.0,14.0,3.5842626543698226,0.836327952686292,1.5,5.875,-0.15321320075713238,-0.3901921573576403,2.333850159741283,0.934875378841796,103.53098737883826,170.0229667770178,0.9835024252178759,0.9351667403724321,1.292659320828024,
2019,14746,"Tuioti-Mariner, Jacob",DE,8,4.75,4.5,0.0,15.5,4.9180788932265,1.0353850301529475,0.0,6.625,0.20267142165557947,0.2832362921295711,2.333710786721795,0.8026253258361564,81.95299044017733,109.07145218164298,,0.8352743170948548,,
2019,14228,"Sheffield, Kendall",CB,16,3.9375,4.0,0.0,8.0,2.7264617638984046,0.6924347336884837,1.0,6.0,-0.6662383347007635,-0.7408994393282999,2.3265298930722325,1.0566323363749799,119.11769728281139,179.57989243762742,1.230143063744346,0.8485872558822859,,
2019,13225,"Jones, Sidney",CB,12,5.141666666666667,2.5,0.0,20.5,6.245326030098207,1.2146501193059722,0.75,6.5,0.9488259212575892,0.38524441027387446,2.3216609349913764,0.709652905239514,80.00154550654324,120.6090217039655,0.5825929482642721,0.6679225735328046,0.9473334866328095,
2019,14675,"Tuttle, Shy",DT,16,4.2375,3.6,0.0,13.4,3.505330761854008,0.8272166989625979,1.5,6.35,-0.2538536412009863,0.024575692254559706,2.319100959621177,0.9405524752762454,87.67693334695153,123.56722778728336,1.1555218899829627,1.6220136207279159,,
2019,11947,"McManus, Brandon",PK,16,4.512499999999999,3.6,-3.0,13.6,4.2684708913145935,0.9459215271611289,2.0500000000000003,5.25,0.3935736226891195,-0.4483928353147301,2.318952710587054,0.8565103790246122,120.33525287927583,159.83194338569456,0.848653834620175,1.10444574351257,0.6085438987466023,
2019,10312,"Rudolph, Kyle",TE,16,4.831250000000001,1.95,-1.0,15.7,5.241507267714126,1.0849174163444502,0.275,9.325,0.8301392197117142,0.10153461651336176,2.31723806522312,0.7740518103681365,146.42102301658554,264.50915124867123,1.055593700505907,0.7614922137786501,0.768072965209402,
2019,12844,"Edwards, Lachlan",PN,16,4.06875,3.5999999999999996,-0.1,10.7,3.1274427952402264,0.7686495349284735,1.2999999999999998,6.175,-0.39092026175162203,-0.5308967701676904,2.300484024476079,0.9857798646396962,125.93278995252,162.07875884275086,0.8904007838812177,0.8963034430682292,0.9446893590942854,
2019,12948,"Okwara, Romeo",DE,14,4.35,3.2,0.0,14.0,3.9541569446415683,0.9090015964693261,1.5,4.75,-0.2906954303738578,-0.051120030716333684,2.278678031514101,0.8780505035685181,89.6543657527609,119.32123299656654,0.9143486642870425,1.0508501585299839,1.0539893331410655,
2019,13281,"Douglas, Rasul",CB,16,4.5,4.5,0.0,14.0,4.444097208657794,0.9875771574795098,0.0,6.5,0.12211023510465797,-0.10443250544826595,2.2640630493593257,0.8265833300778707,93.1835033830462,140.48192582802238,0.497727451461419,0.5291117283439075,0.7730832639495065,
2019,13741,"Thomas, Chad",DE,16,4.4625,2.5,0.0,14.0,4.344087217126286,0.9734649226053301,1.75,7.25,-0.09111633444271547,0.11942226313529998,2.2612512383086565,0.8350350244470097,85.26222033229077,113.47571501570255,0.9418071555027041,1.1053000560237625,,
2019,12854,"Walker, Joe",LB,16,4.375,4.0,0.0,12.0,4.0945848385398,0.9359051059519542,0.875,6.25,0.2740597321669168,-0.29120068194881826,2.2599248209785854,0.8587549601497959,98.31906440243316,212.18366612132945,1.3119744209381485,2.2580010301998414,0.2801617665065675,
2019,12288,"Anderson, Henry",DT,13,4.161538461538462,4.0,0.0,13.1,3.5243195658689728,0.8468790084343187,2.0,5.0,-0.24110122785592536,0.09042848176458146,2.2532815861426587,0.9198153227134315,85.7438461552758,120.84283704700458,1.0054038818450228,1.250161285019314,1.0655691187290985,
2019,11399,"Griffin, Ryan",TE,13,5.576923076923077,1.5,-0.9,24.6,8.279925106141578,1.4846762259288346,0.4,5.8,2.222002863901043,0.1015346165133618,2.2445270811243354,0.6009663885360664,113.67987546748834,205.3623636446929,0.7215563754453719,0.6241218602395487,0.38191565765170604,
2019,13387,"Johnson, Marcus",WR,8,5.25,4.300000000000001,-3.1,20.0,7.047162549565606,1.3423166761077343,-0.7749999999999999,8.45,0.4915562982284964,-0.07177197769008331,2.241370713683348,0.6524038712606098,93.98592923482713,159.25931543474397,0.7633333679221092,0.777312266990599,,
2019,13391,"Hollister, Jacob",TE,11,4.645454545454545,3.1,-0.7,13.2,4.993698508459279,1.0749644538757746,0.85,7.8999999999999995,0.7166209279362157,0.10153461651336176,2.2388116272437415,0.7750564261612635,146.61105793440106,264.85244877373566,0.8508602261560486,0.8284611888145013,0.3744434359335766,
2019,14142,"Smith, Kaden",TE,9,4.811111111111111,4.2,-2.2,13.9,5.530811562800696,1.149591317903147,0.0,10.5,0.9626661307066888,0.10153461651336176,2.238151536546112,0.7366789050406926,139.35149749148692,251.7380739958997,,1.1983977658228142,,
2019,13690,"Sweat, Josh",DE,16,4.16875,4.0,0.0,13.3,3.6060225231548406,0.8650128991076079,1.5,6.025,-0.46888203963630104,-0.16749524436549018,2.235239231854487,0.9050650488666443,92.41271725413752,122.99233032036925,0.8751850717067039,1.042128480607423,0.17056866074018467,
2019,8742,"Crosby, Mason",PK,16,3.58125,3.5999999999999996,0.0,8.1,2.157318575801914,0.6023926215153688,2.4,4.925000000000001,-1.6792146402825445,-0.7900279096419179,2.2349391478183684,1.1342694485906963,159.3589573133194,211.66409039634254,1.0750947022534199,1.3319450802715562,0.7078793145199498,
2019,10960,"Gordon, Josh",WR,11,4.5181818181818185,3.1,0.1,16.6,4.651259493517112,1.0294538114424192,1.15,5.85,-0.30805356896914954,-0.15882009850017936,2.226304335042025,0.799499974008429,115.17673528700773,195.16717199217155,0.8751410850455339,0.9755554343650564,1.3451022794114775,
2019,13742,"Hill, B.J.",DT,16,3.66875,3.5,0.0,10.7,2.4639193244706696,0.6715964087143221,2.0,4.25,-0.9532399269997299,-0.496626063416478,2.19475824479771,1.0591326345513636,98.7308032737537,139.14596681287287,0.8084991381891758,1.1643629375925635,1.3762593375461014,
2019,13212,"Wormley, Chris",DT,16,4.10625,3.0,0.0,13.9,3.5835507443735186,0.8727064217652404,1.0,5.25,-0.20132302641628802,0.17692936896278585,2.192682180333097,0.8958665953552662,83.51138063365835,117.69651833914855,1.1567367296007316,1.6803684451210372,0.9326313796192052,
2019,9596,"Morstead, Thomas",PN,16,4.0625,3.4,-0.2,13.4,3.479381230908737,0.8564630722236891,1.6,5.45,0.11788369002734107,-0.41011524967193813,2.188301001395034,0.9069332996191163,115.8601882821221,149.11505989134173,0.9353234377596373,1.0185764005405618,0.7735645217922619,
2019,14401,"Eguavoen, Sam",LB,16,4.1125,2.5,0.0,12.5,3.620406572472213,0.8803420237014501,1.25,6.6,0.06245908408292673,-0.37165704211618655,2.1871021059799274,0.8900731863082667,101.9046957379512,219.92186426991668,0.8957440367446845,1.0258598942185981,,
2019,14293,"Moreland, Jimmy",CB,14,4.0,3.5,0.0,9.0,3.3166247903554,0.82915619758885,1.0,6.5,-0.39536934484675806,-0.44606317076845053,2.1868006708627203,0.92664991614216,104.46434431190106,157.48873713163596,0.8386886073039751,2.0291268973253658,,
2019,13913,"Niemann, Ben",LB,16,3.53125,3.5,0.0,8.0,2.18280746688754,0.6181401676141707,2.25,4.625,-0.579065262761184,-0.7513301292714484,2.1822893162627377,1.109476472182969,127.02423133895373,274.1326644588785,1.0960015029819745,1.554772357331546,0.251252330179678,
2019,14179,"Love, Julian",S,15,4.9,1.0,0.0,16.0,6.10518904976196,1.2459569489310123,0.0,10.5,0.961422511745151,0.5050989169340803,2.1816980963647628,0.6896368225647932,76.3725120896784,125.42216986867965,0.997800768347515,2.601369608970891,,
2019,14738,"Rush, Anthony",DT,8,3.9375,4.25,0.0,10.0,3.1764514398932655,0.8067178260046388,1.125,5.625,-0.4747208980846516,-0.04407890643511336,2.1793663312147395,0.9427860126396269,87.88514045041973,123.86066385534677,,0.8412203575889214,,
2019,12841,"Weatherly, Stephen",DE,16,4.16875,3.5,0.0,13.7,3.9196171289425705,0.9402379919502417,1.5,6.0,-0.30837404031329113,0.031518065334326786,2.148576626834194,0.8473728525487992,86.5219885901951,115.15234392898503,1.2970198435789446,1.4278377080975715,1.0013036409536757,
2019,14600,"Slye, Joey",PK,16,4.53125,4.5,-6.2,15.8,5.046498631477076,1.1137100428087339,1.125,6.7,1.1574629717546465,-0.28152931648866725,2.143742475660852,0.7494006492304586,105.28689300383758,139.8443790925311,0.916174057802082,1.0819966249716575,,
2019,12737,"Jackson, William",CB,14,4.064285714285714,2.5,1.0,12.9,3.6562289594719903,0.8995993924887147,2.0,4.0,-0.23950014580346143,-0.29415425948846613,2.139548859805113,0.8728706748876451,98.40163057570021,148.3486890492577,0.8805264135605684,0.9019824143949771,1.7884264845013633,
2019,11186,"Thompson, Chris",RB,11,4.418181818181819,3.7,-1.5,16.1,4.719364013743259,1.068168809694976,1.05,6.6,-0.0643324731858093,-0.17895548024362604,2.1362771730579553,0.772495299751024,115.48351443027884,216.44543482413005,0.6986712584788748,0.5771651399843708,0.49018270801991426,
2019,9577,"Huber, Kevin",PN,16,3.86875,3.45,-1.0,9.3,3.154306332222665,0.8153295850656324,1.275,6.325,-0.3520831459661238,-0.4666915507215177,2.131155704081211,0.9312625720429516,118.96823832833432,153.11520071329255,1.134545395552589,0.9261161145620089,0.6974298243053064,
2019,13412,"Cole, Keelan",WR,16,4.5625,3.05,0.0,15.4,5.257004256228066,1.1522201109540966,0.0,7.325,-0.1058920132066147,-0.12466271877173864,2.1199039897352354,0.7291828186721467,105.04677825186593,178.0019427292976,1.102009851494466,0.9181732540992593,0.38764660032304,
2019,14421,"Harris, Trent",DE,11,4.4818181818181815,2.0,0.0,15.0,5.032046065300455,1.1227688989514202,2.0,4.5,0.2610035563303508,0.5144165045666441,2.111307634115073,0.7430013188393884,75.86501200475891,100.96894554661876,0.7402407704525862,0.7931300413696638,,
2019,13240,"Hill, Brian",RB,12,4.625,2.5,-2.1,15.7,5.520586472468301,1.1936403183715245,0.0,7.825,0.17814483151516775,-0.15920417744614704,2.108367520995158,0.7092920275696082,106.03499610614686,198.73651189084686,0.8400175843343209,1.2573581434416568,0.3658272000901031,
2019,10723,"Sanu, Mohamed",WR,15,4.573333333333334,3.6,-4.1,13.4,5.351444249504572,1.1701408708829237,0.3500000000000001,9.4,-0.07437356328797755,-0.11967660935615795,2.1073900753146355,0.7200462058200487,103.73054901597246,175.77159007150942,0.37704319611078946,0.23202522050278646,1.1538833504083428,
2019,12327,"Smith, Tye",CB,9,4.888888888888889,1.0,0.0,19.0,6.471208790471572,1.3236563435055486,1.0,4.0,1.0525000458381912,0.6203134877687021,2.10396382518137,0.6543638420497562,73.76862449384522,111.2123719150172,,1.064953255855896,,
2019,13284,"Hendrickson, Trey",DE,13,4.276923076923077,3.0,0.0,14.4,4.442306027305715,1.038668675449178,0.0,7.4,-0.040844727639447104,0.29192340827112434,2.0979000307545053,0.7858659648069117,80.24175643098094,106.79396630341975,0.6447694933490248,0.9004976768132532,,
2019,10861,"Crawford, Jack",DT,16,3.5625,2.5,0.0,10.0,2.517904634810461,0.7067802483678487,2.25,5.625,-0.9169847214864252,-0.37878873661667467,2.0872634326573265,1.0126766839408488,94.40024714603622,133.04271028858562,1.0502839980219,0.840380832597543,1.2181973215896584,
2019,11670,"Watkins, Sammy",WR,14,6.07142857142857,3.15,-3.0,46.4,11.600703708422703,1.9107041402107985,0.9,4.775,2.011257369655755,0.08637098598544184,2.08589684109525,0.48183250014602264,69.41325344109453,117.62087490252426,0.7382887790306126,0.5163329236482017,0.8975712935044918,
2019,10793,"Hayward, Casey",CB,16,4.6,3.0,0.0,22.6,5.552026656996524,1.206962316738375,1.0,6.0,0.6306201163533535,0.3686658646834982,2.0843128879510036,0.7020728456725569,79.1470200393593,119.32075308408305,0.5758678308125543,0.7845377986647408,1.3197983521692882,
2019,12835,"Parks, Will",S,14,3.9357142857142855,3.5,0.0,14.2,3.5293882802339924,0.896759272654735,1.625,4.875,-0.17747608174596569,-0.25811258810983373,2.0749677317806365,0.8689284385022877,96.2278194887809,158.0293955480042,0.9683316448206258,1.00821323130936,0.7465642647750637,
2019,13051,"Palardy, Michael",PN,16,3.8062500000000004,3.4,-0.9,11.2,3.177748564235377,0.8348764700782598,1.525,5.2749999999999995,-0.31819227450182713,-0.4398061459707241,2.0743903265802186,0.9110768495223289,116.38952431173333,149.79632905660426,0.655269345056098,0.939394048160233,0.97355429367484,
2019,14114,"Harmon, Kelvin",WR,16,3.6999999999999997,2.75,0.0,10.8,2.9088227859393565,0.7861683205241504,1.775,5.625,-0.8895752548442196,-0.22650964301499948,2.071473308245796,0.9465765532552346,136.36472876485288,231.0702626376491,1.3098792583370247,1.2881867545321952,,
2019,13199,"Thomas, Solomon",DT,16,3.70625,2.5,0.0,10.2,2.937573137387391,0.7925998347082336,2.25,5.0,-0.6351456857816927,-0.09136272680645062,2.067527804164522,0.941252357907725,87.74217538760736,123.65917646513145,0.952673508093242,0.9440204529224937,1.092945362448857,
2019,13736,"Stewart, M.J.",S,10,4.1,4.0,0.0,12.0,4.036087214122113,0.9844115156395399,0.0,7.25,0.04656248131199258,-0.06653857478226438,2.066103712706305,0.8141241058143011,90.1586183907105,148.0622967809042,0.8141241058143011,0.6505144486803531,0.9379926902134923,
2019,13722,"Jarwin, Blake",TE,16,4.231249999999999,4.1,-1.9,13.2,4.469580342437084,1.0563262256867556,0.44999999999999996,7.4,0.47652853138714923,0.10153461651336175,2.0576744813857926,0.7735968273782919,146.33495762156178,264.3536743634494,0.9338640905916079,0.7539823569371678,0.41092903689257987,
2019,10862,"Bullock, Randy",PK,16,3.8562499999999997,2.75,-0.2,10.9,3.3784184077020423,0.8760890522404,1.0750000000000002,6.45,-0.4803047459651366,-0.5178403326516667,2.0554727908011183,0.8807404046211069,123.73944543645877,164.3534672039851,1.0683184989714192,1.940138261861394,0.6133075683277304,
2019,12295,"Geathers, Clayton",S,15,3.8666666666666667,2.5,0.0,13.0,3.413046862978721,0.8826845335289796,2.0,4.0,-0.22891681351540044,-0.288874542043254,2.0538048716100255,0.8761898041700699,97.03196555393414,159.34999823113253,0.7927973723949004,0.8461538461538461,1.70797499397331,
2019,14216,"Ferguson, Jaylon",DE,14,4.064285714285714,3.0,0.0,14.4,3.9863350771026234,0.9808205813609268,1.125,5.0,-0.27422560733496665,0.13888217921723897,2.0518192069133985,0.8150847569287946,83.22517511259753,110.76460613391257,1.0478732191919646,0.9830777172370541,,
2019,13256,"Bowser, Tyus",DE,16,4.28125,3.0,0.0,19.0,4.672822855351998,1.0914622727829484,1.0,5.35,0.0771413416268083,0.43159260825911605,2.047012779390598,0.7546948158201123,77.0589900857211,102.5580141390414,0.8411085938303635,0.8755895281063695,0.3628847297046767,
2019,11491,"Mayowa, Benson",DE,15,4.66,2.0,0.0,16.6,5.951448003077346,1.2771347646088724,0.0,6.1,0.7315836073984398,0.9228023325965677,2.046431362967846,0.6703639296355318,68.44828707545076,91.09800668122202,0.5235921344622758,0.5539679298968669,1.149186555314009,
2019,12751,"Gotsis, Adam",DT,9,3.888888888888889,3.0,0.0,12.0,3.5416394334464947,0.9107072828862415,2.0,6.0,-0.22946963113944882,0.3042014329184467,2.0353137938609214,0.8562742476317069,79.82063958129092,112.49498330692882,0.8395076840411506,1.0,1.0883377196987623,
2019,14038,"Atkins, John",DT,12,3.5833333333333335,2.75,0.0,10.5,2.7297232256932,0.7617832257748465,2.5,4.25,-0.7747325700093602,-0.1945733727593945,2.0339240837971735,0.9607504676616698,89.55976081130854,126.22078512888997,0.9637850674761413,1.1093520280309894,,
2019,11337,"Fells, Darren",TE,16,4.5,3.0,-2.3,17.6,5.46088362813199,1.2135296951404422,-0.1,8.025,0.9306329624084827,0.10153461651336178,2.032952171312293,0.6964991569274043,131.7510245715949,238.00784182219456,0.6072699335840586,0.35574568856338445,0.4234346598189162,
2019,13813,"Oluokun, Foyesade",LB,16,3.6875,3.25,0.0,11.0,3.0097497819586265,0.8162033307006444,1.875,4.625,-0.21004470167925487,-0.46453104362445,2.0303343450964038,0.9196334436107335,105.28905679126817,227.22569837508811,1.2252231959641926,1.4047951217067374,1.3529397160681313,
2019,11492,"Square, Damion",DT,16,4.03125,2.75,0.0,15.5,3.9744054193677827,0.9858990187578995,1.5,5.375,0.06116535196964241,0.5560327634328515,2.029937052147488,0.8103983612401958,75.54415619614063,106.46793404312412,1.10540149778708,1.4490754598918765,1.0759490123894782,
2019,14220,"Ximines, Oshane",DE,16,3.9312500000000004,3.0,0.0,11.6,3.711926512944457,0.9442102417664755,1.0,4.95,-0.4146769059773313,0.04202693349268076,2.0220292618292843,0.8343190389748638,85.18911380466785,113.37841734433071,0.6385069330673151,0.6734156318279003,,
2019,14239,"Moreau, Foster",TE,13,3.6999999999999997,3.0,0.0,9.3,3.118184876346642,0.8427526692828763,0.7,5.9,-0.14252991224912104,0.10153461651336174,2.007865766076946,0.8984540789442104,169.95317834069715,307.01992124327506,1.0759974881789014,0.8122577233408279,,
2019,14244,"Gay, Matt",PK,16,4.11875,4.9,-8.6,10.2,4.340682370031237,1.0538834282321667,2.1,6.85,0.4644728678245128,-0.3410261145213943,2.005347500926632,0.7712029502282328,108.35000288337571,143.91286935732217,0.5922970697146154,0.2705037410620435,,
2019,11632,"Compton, Will",LB,9,3.7222222222222223,3.0,0.5,11.0,3.1894889098682944,0.8568776175765567,1.5,4.0,-0.12983664771856168,-0.4056339316952506,2.004559798119684,0.8884668994956806,101.72079156981937,219.52497826569797,0.8345252957220999,1.1373138615788179,0.5745489854464291,
2019,12743,"Correa, Kamalei",DE,16,3.8562499999999997,3.0,0.5,15.7,3.5857301819155327,0.9298489936896034,1.875,4.275,-0.4792683250946224,0.004033234805231145,1.998213338250567,0.840923876247159,85.86350838008377,114.27597087213921,1.013744070004904,1.1722409091566495,0.630602180168349,
2019,8930,"Prater, Matt",PK,16,4.44375,3.45,-3.8,16.8,5.442192658984061,1.22468470525661,1.05,7.85,1.545966411282783,-0.17116644329013148,1.9974740643022613,0.6897884362093547,96.91168716365047,128.72024552682305,0.6827251180339295,0.558826487798035,0.8231992217883628,
2019,10814,"Anger, Bryan",PN,14,3.8142857142857145,3.55,-1.0,9.2,3.4840159797192056,0.9134124291398666,0.4,6.949999999999999,0.12458423271114843,-0.3317853004242841,1.9934467113294254,0.8506405266032459,108.66882009299444,139.85958297453155,0.9478814559911056,1.552461770683053,0.5763338093417905,
2019,10263,"Clayborn, Adrian",DE,15,4.173333333333334,2.0,0.0,15.4,4.597458234962252,1.1016273725947887,1.0,6.6,0.03856725835101237,0.45848509958797756,1.9857627416513421,0.7455765024321754,76.12795411431858,101.3188958971226,0.5613319515126005,0.33333333333333337,0.628846331191235,
2019,13305,"Hairston, Nate",CB,11,4.0,3.0,0.0,14.0,4.134115273055299,1.0335288182638247,0.0,5.5,-0.020163153781990236,-0.005338948275352482,1.9670240048110548,0.7791021017764587,87.83078571132762,132.41225620156865,0.8580421039703403,0.9870748578707941,0.604349601733,
2019,14164,"Jones, Dre'Mont",DE,14,4.421428571428572,2.75,0.0,19.0,5.5256775371802105,1.2497493622055402,0.0,6.875,0.5136603255858898,0.85035231141614,1.9652982886475974,0.6775432200315403,69.18133685378713,92.07362457405465,0.8203296213229114,0.9363202485044106,,
2019,12817,"Brown, Anthony",CB,9,3.7777777777777777,3.0,0.0,12.0,3.488959659579462,0.9235481451827988,1.0,5.0,-0.3162722651405196,-0.2425093993505438,1.963963203748543,0.8415708904213431,94.87310118782895,143.02913584775064,0.881550047340121,0.6124382236738249,1.0963275959208183,
2019,12249,"Johnson, Kevin",CB,16,3.36875,3.0,0.0,9.0,2.41394872304695,0.7165710495130092,1.75,5.0,-0.8096734329647607,-0.6888501041948566,1.9624879500069126,0.9867605735429412,111.24081976626951,167.70484070785335,0.957544236883674,1.4601615852266772,,
2019,12734,"Floyd, Leonard",DE,16,3.5375,3.0,0.0,11.8,2.846681181656984,0.8047155283835997,1.75,4.125,-0.8575378305129191,-0.3270162081891565,1.9601427174333537,0.9196239129119087,93.89926696483649,124.97078327022828,1.1690945918778965,1.093252916645473,1.00597548389208,
2019,11498,"Addae, Jahleel",S,16,3.8625,3.0,0.0,11.2,3.763288953827489,0.9743142922530716,1.0,5.5,-0.07405614674024869,-0.08860721263727107,1.956375443948261,0.8108892904547246,89.80038494511469,147.47399066347023,0.8027152614297733,0.7133207567848845,1.122593554886947,
2019,13672,"Gesicki, Mike",TE,16,4.625,2.7,-3.3,17.0,6.416336571595976,1.387316015480211,0.22499999999999998,6.4,1.3683147713164638,0.10153461651336179,1.9373220679666392,0.6236232613435332,117.96568999616723,213.10467509720655,0.6990844458413334,0.9235271706197892,0.30294914257050987,
2019,10285,"Liuget, Corey",DT,10,4.220000000000001,3.0,0.0,18.0,4.978513834469077,1.1797426148030987,1.5,4.5,0.7354998462608351,1.2052515923089573,1.936008394450371,0.7058610411954928,65.79933931164261,92.73410506729577,0.7058610411954928,0.61526862705288,,
2019,13726,"Edmonds, Chase",RB,13,5.107692307692307,1.9,-3.6,27.3,8.386753432413204,1.6419848587555974,0.1,4.7,1.0455449295807313,-0.08862728817361448,1.933278417840019,0.5441383268953289,81.34548695161973,152.4621014617092,0.596992344391182,0.28902064834627683,0.3620497397920576,
2019,12828,"Grugier-Hill, Kamu",LB,10,3.84,3.0,0.0,11.0,3.802683263170889,0.9902820997840858,1.25,4.125,0.14379951792927118,-0.21246179952231192,1.9293747355797348,0.799553039328416,91.5410220782646,197.55588382693213,0.7995530393284163,0.7379856117777085,0.8624692209667036,
2019,13744,"Shepherd, Nathan",DT,9,4.066666666666666,2.0,0.0,14.1,4.511959416681158,1.1094982172166783,1.0,5.0,0.42217338405147287,0.9699898324851776,1.9277886245537208,0.7377896604897852,68.7756787496986,96.92880028843432,0.6714502849537735,0.9143527037958908,0.5577815718696265,
2019,14190,"Long, Ty",PN,16,3.9875000000000003,2.8499999999999996,-1.9,13.8,4.263929379105615,1.069323982220844,1.175,6.4750000000000005,1.2521195611540354,-0.11733961216249672,1.926957805669718,0.7575139620656364,96.77195699851333,124.54801237244597,0.6771440995000882,0.7429420573145361,,
2019,11367,"Juszczyk, Kyle",RB,12,4.0249999999999995,2.85,-1.0,11.0,4.384656010832929,1.0893555306417215,0.0,9.299999999999999,-0.16562655640046262,-0.1756203379063834,1.9264313521422403,0.7474943602529941,111.74602067695527,209.44042233744312,0.8800623784642163,1.0519926210222301,0.4796181314394906,
2019,11280,"Lotulelei, Star",DT,16,3.95625,2.5,0.0,14.0,4.197613719424406,1.0610082071214928,1.375,5.05,0.21106655175701355,0.8075876267458328,1.9195702308849596,0.7611666071325752,70.95484370490554,100.0,0.890454512987682,0.9330227762957773,0.7349391361374351,
2019,12912,"Richard, Jalen",RB,16,3.79375,3.85,-2.0,10.9,3.7266722337093183,0.9823188754423244,0.1,5.875,-0.3647549396309849,-0.19246968808613293,1.9137940151800665,0.8026259940226075,119.98787642164397,224.88775314667225,1.0669604082927078,1.0221381744347888,1.158484886562804,
2019,12657,"Sharpe, Tajae",WR,15,4.3,3.7,-2.0,19.3,5.370536906740951,1.248962071335105,0.7,5.699999999999999,-0.06800157044849682,-0.09774611470733446,1.9119931166501567,0.6749823543836591,97.23860723155987,164.77098378027918,0.7358448909421466,0.7377755724725145,0.45159497655936104,
2019,14254,"Omenihu, Charles",DE,14,3.8071428571428574,2.5,0.0,11.9,3.809661455846604,1.0006615456257497,1.0,6.324999999999999,-0.36465295830843925,0.1913728550910258,1.9029419870976185,0.7915615042956736,80.82330610085697,107.56795230037292,0.7536473302031941,1.1087774862380673,,
2019,11806,"Lawson, Nevin",CB,11,4.0,3.0,0.0,15.0,4.451761653343743,1.1129404133359357,0.5,4.5,0.12562800951072048,0.16591008390666928,1.8930964521071145,0.7337077910489116,82.71333323759707,124.6972685402028,0.803417319922661,1.1192621530703835,1.2890950294885424,
2019,10275,"Bailey, Allen",DT,15,3.4466666666666668,2.0,0.0,11.0,2.841329892067367,0.8243703748744778,2.0,4.5,-0.6997802801997409,0.015042815085585538,1.8892362615260117,0.8972587003746517,83.64115063820888,117.87940931286451,0.778095027762252,0.8461538461538461,1.121454738209352,
2019,13964,"Lewis, Ryan",CB,12,4.291666666666667,2.0,0.0,19.5,5.471358504876909,1.274879651621804,1.0,5.0,0.5935955995699019,0.5151278247613427,1.8865466854947943,0.6631786298707459,74.76234500676756,112.71048870953493,0.7099812553915769,0.8414634146341463,,
2019,11613,"Thomas, Michael",S,16,3.875,2.5,0.0,14.5,4.109820555693399,1.0605988530821675,1.0,4.375,0.07916391539896443,0.09997757473779068,1.880521283511305,0.758343655665647,83.98131902971888,137.9176744739383,0.711864406779661,0.9102052906464281,0.8770253180838667,
2019,7578,"Lee, Andy",PN,15,3.7866666666666675,4.2,-7.1,9.3,3.8467071055066766,1.0158557496936644,2.75,6.15,0.6489335488786,-0.19088151266859382,1.8784412859115047,0.7812864660966155,99.80888021450227,128.45661112368305,0.6209166737866283,1.1702023876246161,1.7568412209649684,
2019,14245,"Oruwariye, Amani",CB,9,4.444444444444445,1.0,0.0,17.0,6.093915200356483,1.3711309200802086,0.0,7.0,0.879332414096842,0.7226911730963831,1.8743985862636812,0.6265150229341764,70.62913397202936,106.47932734584555,,0.7328449652922785,,
2019,14717,"McLaughlin, Chase",PK,11,3.5090909090909093,3.1,-2.1,8.0,3.090588218638983,0.8807375752598137,1.4000000000000001,6.15,-0.7629044585651921,-0.5132174363505134,1.86580571114827,0.8578450632360279,120.5227690682537,160.0810065337205,0.851590720717069,1.1213655877089137,,
2019,11993,"Kerr, Zach",DT,12,3.25,3.0,0.0,8.0,2.419538523492996,0.7444733918439987,1.75,5.25,-0.9830449804515513,-0.25254727719523906,1.8630264096860667,0.9504206423386582,88.596829523434,124.86368075433975,1.0983974552976112,1.064733182071542,1.0812439018963116,
2019,12188,"Dorsett, Phillip",WR,14,4.814285714285714,2.3,-4.4,25.8,7.690890450290354,1.597514336855563,-0.07500000000000001,7.3999999999999995,0.7063943651988976,-0.0007680992751911003,1.8534202664358252,0.5539461970924825,79.80202198867467,135.22466070926737,0.4949719208424271,0.14761026163713917,0.5324989464700371,
2019,10932,"Bolden, Brandon",RB,15,4.053333333333333,1.9,0.0,18.3,4.839265325324587,1.1938976953925793,0.5,6.0,-0.028046237639421896,-0.15916366202133397,1.847548927119878,0.6941512514860798,103.77153892538303,194.494218294976,0.6435865073994453,0.4180074456086486,0.37330804307734,
2019,13980,"Badgley, Mike",PK,8,2.9875,3.0,0.6,6.8,1.8489439553431575,0.6188933741734419,1.45,3.675,-1.981985448996092,-0.7736181235419722,1.8453963971069605,1.0486341770244312,147.32764711361443,195.6838381869241,0.9546548181964467,1.0425589964690196,0.8062104299765662,
2019,13754,"Yiadom, Isaac",CB,16,3.5625,2.5,0.0,11.0,3.334830392988525,0.9360927418915158,1.0,6.25,-0.3870134618553701,-0.21545730395401128,1.840046152189757,0.8218314621403067,92.64780941738871,139.67432236584446,0.8655684279457325,2.133918083663793,0.637864858494916,
2019,13204,"Harris, Charles",DE,14,3.3214285714285716,3.5,0.0,9.0,2.6833291080374053,0.8078840325273908,0.5,4.75,-0.9411467767066277,-0.3186337061193674,1.837191164737083,0.9017463479385729,92.07385744411508,122.54134090111037,0.7655137512345519,0.7228743544501139,0.980599708731317,
2019,12464,"Byrd, Damiere",WR,11,4.209090909090909,2.0,-3.0,15.0,5.479624165190121,1.3018545532849102,-0.15000000000000002,7.9,-0.03159473502947193,-0.08302979110773503,1.8285651033355854,0.6495887418444752,93.5803789832928,158.572109850253,0.6210416464883235,0.6962314074253229,0.04510318673202106,
2019,14013,"Sullivan, Chandon",CB,16,3.88125,3.0,0.0,16.0,4.38309518918994,1.1292998877139941,0.75,4.5,0.09411194539222018,0.2011888634313104,1.8227822310961048,0.7210071276083192,81.28154496941136,122.53872796177147,0.888696105620159,1.1417432854817369,,
2019,12700,"Johnson, Austin",DT,16,3.59375,2.5,0.0,13.0,3.500976426298812,0.9741847447092347,1.125,4.625,-0.2567779057728465,0.5167994462938388,1.8203716798193075,0.7984378631716516,74.42921596737338,104.896596315422,0.9644198412922117,1.0761185704530762,0.9126561481438457,
2019,13929,"Obada, Efe",DE,16,3.0625,2.5,0.0,8.0,2.105610065990377,0.6875461439968579,2.0,4.25,-1.2368423208849024,-0.6369961111860982,1.8147651908034004,0.9861186481643408,100.68878908312698,134.00697625212925,0.8118004101566948,0.9657594443835117,0.602884966643283,
2019,14017,"Wilson, Jeffery",RB,10,3.65,1.85,0.0,10.8,3.720282247357047,1.0192554102348075,0.975,6.4750000000000005,-0.36668876793410105,-0.18665526303720303,1.807596989216715,0.7732588452827555,115.59766000690604,216.65937262372168,0.7732588452827555,0.742372039118838,,
2019,14230,"Redwine, Sheldrick",S,12,3.4166666666666665,2.75,0.0,10.0,3.0675270532176606,0.8978127960637056,1.0,4.5,-0.38168950852173955,-0.25580999206986677,1.8003180681220237,0.8399862181528396,93.02266860179691,152.76576118528976,0.9196667964046118,1.7316344811113888,,
2019,12111,"Dunn, Brandon",DT,16,3.4125,3.0,0.0,10.6,3.062244887333474,0.8973611391453403,0.0,5.125,-0.5514192074573286,0.25950267584699993,1.7985505919748883,0.8400527527625304,78.3084954300409,110.3638474009167,1.129487800431295,1.460807476584677,0.6620405435464862,
2019,13996,"Haley, Grant",CB,15,3.5133333333333336,3.0,0.0,10.7,3.359933861782931,0.9563379113234148,0.0,6.0,-0.37549164342666547,-0.17179912445987666,1.7958724374751034,0.8058226213313721,90.84307924996872,136.95354067901624,0.6845034742105127,0.35294117647058826,1.2382122346808841,
2019,12966,"Pierre, Olsen",DT,9,3.3333333333333335,2.5,0.0,8.0,2.8577380332470406,0.8573214099741121,0.0,6.0,-0.6887609764888588,0.12540205755780973,1.7946992456086501,0.8640642015102519,80.5468077483402,113.51840627445635,0.7712802674938686,1.1358600470973879,0.8023699797849647,
2019,11951,"Snead, Willie",WR,16,3.9437499999999996,1.75,-1.1,15.7,4.727045688112185,1.1986169732138665,0.475,7.025,-0.2827606470194916,-0.11175367737585964,1.79374126919213,0.6886185678920232,99.20305326611773,168.09974089551184,0.5240885748286006,0.5516832669015809,1.1634233191813392,
2019,13290,"Cohen, Tarik",RB,16,3.6375,3.8,-2.9,12.3,3.7657793018178856,1.0352657874413431,1.075,5.9,-0.3529198039998492,-0.18413496331781942,1.787235860026382,0.7632539758214343,114.10199072945939,213.8561085499956,1.1304440109843235,1.754476174574502,0.9259427247360775,
2019,13622,"Hines, Nyheim",RB,16,3.56875,3.1,-4.0,10.8,3.5821988271870113,1.0037684979858525,0.9500000000000001,6.125,-0.40847753106987444,-0.1890931606639514,1.7810191165233087,0.7788291461352491,116.43038729869315,218.22011505219706,0.7983046085338747,0.44708514396955895,0.8827278724664286,
2019,12719,"Thompson, Darian",S,15,3.8066666666666666,2.0,0.0,15.0,4.332430675216345,1.1381166397240836,0.25,6.0,0.17759169561429272,0.2694015733208792,1.7803830698206922,0.7138708214921565,79.05625999220199,129.82953419525546,0.9290328829594855,0.7891552270077608,0.0,
2019,11516,"Doyle, Jack",TE,16,3.61875,2.7,-2.3,11.4,3.7708120395347207,1.0420205981443098,0.85,5.45,0.1564309515805994,0.10153461651336175,1.7721417713849437,0.7585186693611436,143.48274631928916,259.201162960353,0.6935336589999412,0.3991103180594202,,
2019,14683,"Jones, Chris",CB,11,3.6363636363636362,2.0,0.0,12.0,3.8440680930665407,1.0571187255932988,0.5,6.5,-0.15328702486760587,0.04553207119941887,1.7676975038545057,0.7506838398016064,84.62709999143236,127.58243200158581,0.6862110351525907,1.018387578451791,,
2019,14137,"Fant, Noah",TE,16,4.85,1.55,-3.1,25.6,8.477765035668304,1.7479927908594441,-0.475,5.925000000000001,2.312631019711156,0.10153461651336183,1.764924571902951,0.5117240173973159,96.79862914323125,174.86644137031288,0.5118591142317148,0.6229876446166716,,
2019,13959,"Williams, Darious",CB,12,4.166666666666667,0.5,0.0,15.0,5.683797634993311,1.3641114323983945,0.0,8.0,0.6910994586739703,0.7075538311146142,1.762466273613667,0.6233980880647708,70.2777514793282,105.94958884616719,0.7042913069547319,0.9608874458832369,,
2019,10506,"Bailey, Dan",PK,16,3.7625,2.95,-2.6,11.6,4.287755094452107,1.139602682910859,0.55,6.8,0.41250739152734417,-0.2557794192298372,1.758504057810043,0.7115495957722401,99.9690168855952,132.78105845850408,0.7995877941241972,1.4106864017765401,0.6213981649089103,
2019,13884,"Smith, Vyncint",WR,13,3.5615384615384613,3.1,-1.0,12.2,3.670367506549731,1.0305567512990608,1.0,4.8,-0.6354169443169823,-0.1585132265357169,1.7539713968890285,0.7625820573099984,109.858304696442,186.15508239603193,0.9479501057300618,1.7785837783590293,,
2019,14672,"Reeder, Troy",LB,16,3.6875,2.25,0.0,11.0,4.0883791103565725,1.1087129790797485,0.375,6.5,0.2712904443286236,-0.040971718453896806,1.7486969713674552,0.7246904996710426,82.96999169187929,179.05863041149442,0.7419204772157457,1.0311337960701341,,
2019,13775,"Bentley, Ja'Whaun",LB,16,2.78125,2.5,0.5,6.5,1.6580179243602886,0.5961412761744858,1.75,3.5,-0.8132510432006429,-0.7831849267604424,1.7424836018688121,1.04636239451597,119.79828522533893,258.53825510499917,0.9311551821666233,1.0385456819035899,,
2019,13236,"Everett, Gerald",TE,13,4.130769230769231,2.3,-1.9,21.0,5.68024709855053,1.3751063739507798,1.2,6.5,1.0311208003474508,0.10153461651336179,1.7391933582739123,0.618355753886038,116.969278876985,211.3046613150342,0.6647269404460786,0.7024352038924555,0.607790105005491,
2019,9712,"Colquitt, Britton",PN,16,3.075,2.75,0.0,7.1,2.3676201131093646,0.7699577603607689,0.95,5.4,-1.4894100660411742,-0.5290973954729592,1.7373295955792898,0.9131077427735207,116.64896971368601,150.13024200137272,0.9136336938493558,1.0306039239841078,0.643257508950677,
2019,7877,"Gore, Frank",RB,16,4.0375,2.55,-2.0,15.3,5.362937045127418,1.3282816210841903,-0.2,6.7749999999999995,0.13043472577237794,-0.13800939651958324,1.734111528192149,0.6345340165029322,94.85911212008254,177.7900670165169,0.3221511230734458,0.08804741128803517,0.9881942259595092,
2019,13623,"Williams, Darrel",RB,12,4.208333333333333,1.65,-0.8,20.8,6.02860657384625,1.4325401759634655,0.0,6.75,0.33188908016249075,-0.12159736554642711,1.7300159622919782,0.5987436185420768,89.50865763743391,167.76195648734893,0.6942578868769523,0.7979361688427319,,
2019,13066,"Raymond, Kalif",WR,8,3.8125,1.25,-0.8,11.8,4.59141522300042,1.2043056322624053,1.0,5.6499999999999995,-0.32802602531690894,-0.11017091656903019,1.729569595159548,0.6818488429042419,98.22780017264444,166.447172885527,,0.5256826885122685,,
2019,14085,"Pollard, Tony",RB,15,4.893333333333333,1.9,-6.0,26.6,8.975928302347835,1.8343177729593672,-0.05,4.15,1.223849385357756,-0.058350887846324626,1.7264589666049006,0.4905140840057648,73.32897729836272,137.43712645786474,0.47216610702118766,0.45021357850911237,,
2019,13965,"Tupou, Josh",DT,16,4.15625,2.5,0.0,23.5,5.862270118094184,1.4104710058572472,0.0,4.875,1.3290088116596368,1.9780045688566819,1.7242480784463503,0.605666919033244,56.45938901488145,79.5708736244853,0.617662123735352,0.7346876716140361,,
2019,12913,"Erickson, Alex",WR,16,4.18125,2.15,-3.5,17.5,5.98782292970492,1.432065274667843,0.475,6.75,0.1380117712011628,-0.04680114307743434,1.7192178366064008,0.5983623285910259,86.20065261580552,146.06715108727423,0.6115191113106753,0.6076620932810457,0.34065586662973973,
2019,13348,"Moore, David",WR,14,3.7428571428571424,1.55,-1.0,14.3,4.44356907479213,1.1872131115856837,0.725,5.175,-0.3773682717137606,-0.11492658422044028,1.711244836194151,0.6875741065157823,99.0525871555991,167.84477581773456,0.5749920572205076,0.739655616092412,0.4488914450591962,
2019,13430,"Haack, Matt",PN,16,3.1062499999999997,2.8,-0.2,9.2,2.581053261267578,0.8309225790801057,1.0999999999999999,4.75,-1.180845788265587,-0.44524445288035297,1.6965490706661366,0.8674123989154204,110.81141678091882,142.6171603458445,0.7779987111072502,0.7130947769591601,0.5966930877332008,
2019,13162,"Ford, Isaiah",WR,8,4.050000000000001,0.65,-1.0,13.9,5.625166664197605,1.3889300405426181,-0.25,8.950000000000001,0.01697869034731495,-0.058802698696127205,1.6953196331693703,0.6113053761932055,88.06524050316881,149.22669840384592,,0.9963235329819432,,
2019,14405,"Granderson, Carl",DE,8,3.2875,3.0,0.0,8.3,3.090888828476366,0.9401943204490847,0.0,5.5,-0.7325443513939205,0.03140252928569736,1.6944179071914112,0.8036150914480888,82.05405160672875,109.2059547560546,,1.0536762605347296,,
2019,12637,"Barber, Peyton",RB,16,3.58125,2.55,-3.9,11.1,3.9929967990846174,1.1149729281911671,1.225,5.825,-0.284156022208448,-0.17158773336357164,1.6932840852307587,0.7172546156361571,107.22535629886522,200.9675492019413,0.5505878048179922,0.5237073290850528,0.7127901357433717,
2019,10849,"Goode, Najee",LB,10,3.37,2.5,0.0,11.7,3.3811388613897533,1.0033053001156538,0.75,4.875,-0.044313423966619865,-0.19360396705570287,1.6822198792193306,0.7692063882519791,88.0666266103631,190.0577452673831,0.7692063882519791,0.9020173642716656,0.27848478597246556,
2019,13844,"Cooke, Logan",PN,16,3.5124999999999997,4.5,-6.0,9.8,3.828491053927121,1.089961865886725,0.525,6.1499999999999995,0.6225982638112505,-0.08895361330904478,1.6806526747365906,0.7274529373194559,92.93167901058555,119.60547524506919,0.6152702994501978,1.3701314460813263,1.3355254367341438,
2019,13753,"Akins, Jordan",TE,16,3.76875,3.15,-2.0,19.6,4.7174832736852395,1.2517368553725345,1.875,3.8499999999999996,0.5900899622504092,0.10153461651336178,1.6737080050042017,0.6591624005872829,124.6883370535055,225.24911740915172,0.6241467822849907,0.6261356629059254,0.4843174203357517,
2019,13072,"Jackson, Branden",DE,15,3.1866666666666665,3.0,0.0,10.9,2.926856485871641,0.9184696085371259,0.5,4.45,-0.8165014815544198,-0.026071734374149034,1.6610462070840766,0.8115057624672334,82.85973772923536,110.27824455185575,0.7795893682430018,0.5990027688580841,0.7267184686785173,
2019,12703,"Ragland, Reggie",LB,14,3.435714285714286,3.0,0.0,15.5,3.679597637719402,1.0709847594193684,1.0,4.074999999999999,0.08887292179623447,-0.09560287112796552,1.6589761320491514,0.7341901060084898,84.05760393359061,181.40582069617977,0.884347106605615,1.4685110096899994,0.9557489349872794,
2019,14227,"Wishnowsky, Mitch",PN,16,2.9562500000000003,2.9000000000000004,-1.1,7.4,2.312457769884674,0.7822267297707142,1.625,4.4,-1.569159293114929,-0.5122222663540027,1.6587395703465437,0.892464207959676,114.01177044958904,146.7360983180079,1.010677609035774,0.7468425539386989,,
2019,9330,"Woodyard, Wesley",LB,15,3.466666666666667,2.5,0.0,13.0,3.792390040887438,1.093958665640607,0.25,5.0,0.13920619794412373,-0.06233623438787451,1.6555563982950472,0.7233690574201931,82.81869944694982,178.73212462769789,0.6782561154881013,0.39228095605926194,1.4446784338863683,
2019,11359,"Harmon, Duron",S,16,3.475,1.75,0.0,14.6,3.8360950196782144,1.1039122358786229,1.0,5.25,-0.04186471059505024,0.19464393227240298,1.6516848662885373,0.7185549468858907,79.57499450804772,130.68142195936036,0.7519577337839571,0.6923076923076922,0.8163261476222503,
2019,13680,"Hurst, Hayden",TE,16,3.64375,2.55,-1.0,17.4,4.409218857972464,1.2100772165962166,0.675,5.300000000000001,0.44887764194296215,0.10153461651336178,1.6486980511983247,0.6736185197294431,127.42288237113488,230.18906555399732,0.5921647670844836,0.7563337669759276,0.4357375314596587,
2019,13809,"Gage, Russell",WR,16,3.2875,2.05,-1.0,10.2,3.278123510485839,0.9971478358892285,0.7,5.925,-0.7663246489546672,-0.16780861960782337,1.6460974700634736,0.768444387344642,110.70283760015178,187.58614482422672,1.2550335932751278,1.3200167586181715,0.32341748951536403,
2019,12772,"Murray, Eric",S,9,3.3111111111111113,2.0,0.0,9.3,3.359379719347819,1.0145777675882675,0.5,3.5,-0.2526459136542752,-0.0006067770772108732,1.6435757231029984,0.7595372104007647,84.11349696809877,138.1347426753994,0.7551349153228505,0.7031612488644985,0.9172525624797033,
2019,13347,"Gonzalez, Zane",PK,16,3.3000000000000003,2.5,-4.2,9.6,3.3294143629172983,1.008913443308272,1.55,6.2,-0.5284182847759487,-0.3857481856178208,1.6426790367660495,0.7622278034335237,107.08904144540708,142.2380324966132,0.953813479653701,0.8593565446324143,,
2019,13267,"Smoot, Dawuane",DE,16,3.525,2.0,0.0,12.7,4.062865368185364,1.1525859200525856,0.0,5.35,-0.2350548955861392,0.5932995451917417,1.637565296308306,0.6962460471792938,71.09101072664598,94.61521459276302,0.6610863931708671,0.631165167551096,0.4904917547889001,
2019,14213,"Harris, Will",S,16,3.1375,3.0,0.0,11.7,2.9062163976552053,0.9262841108064399,0.875,3.875,-0.4530135336204965,-0.19358267370080276,1.6287836162893352,0.8032069093466905,88.94961432954808,146.07681917146036,0.8850243232571129,0.5857106313931908,,
2019,11422,"Ishmael, Kemal",S,14,3.1785714285714284,2.25,0.0,8.5,3.0683123726776147,0.9653117576963283,0.125,5.5,-0.38134227699709533,-0.10828328271176353,1.617337003212784,0.7812997472658199,86.52354752724266,142.09262964743084,0.7764996689196414,0.6458407011579533,0.5296828149781895,
2019,13083,"Elliott, Javien",CB,16,3.4125,2.5,0.0,15.0,3.8147534323990064,1.1178764637066685,0.0,4.699999999999999,-0.16674166734258067,0.17655454770344994,1.611283782826268,0.7087590357248434,79.90077660652626,120.45710415821964,0.7032574095488145,0.5102859845013613,0.6444218776379274,
2019,9925,"Graham, Jimmy",TE,16,3.84375,2.35,-3.5,16.0,5.340759397080157,1.3894658594029676,-0.475,7.05,0.8756054583329475,0.10153461651336179,1.6086231091664978,0.6061971065752788,114.66932743459704,207.14980573893092,0.5792049171086513,0.3897336950002464,0.8016157260166086,
2019,13934,"Facyson, Brandon",CB,16,3.3125,1.0,0.0,9.0,3.512811374099099,1.0604713582185958,0.75,7.25,-0.305324968328304,0.05276193595434086,1.6076418566981974,0.7340213727991856,82.74868435710823,124.75056330986487,0.6384350210643782,0.836265943898677,0.21512405470293894,
2019,11805,"Pierre-Louis, Kevin",LB,14,3.807142857142857,1.0,0.0,14.5,5.271685049896866,1.3846827523181262,0.0,4.75,0.7993372183085008,0.35863756475451325,1.5964986761622575,0.6070366778391499,69.49977699423788,149.98838289278186,0.6836954312269234,1.3553590403628233,0.551112563068084,
2019,13662,"Coutee, Keke",WR,9,3.533333333333333,3.8,-1.6,12.7,4.294440850939994,1.215407788001885,0.0,5.3,-0.42713839866810166,-0.10708195362963961,1.5948907250705786,0.6673666649247791,96.14148368265502,162.91190607823972,0.6579055864734737,1.0171323760662294,,
2019,10868,"Zuerlein, Greg",PK,16,3.45625,2.6,-2.2,12.8,4.041034637008201,1.16919627833872,0.275,5.699999999999999,0.17027036075178897,-0.2263489695429295,1.5933320716588038,0.6856231406597212,96.32648480585434,127.94296681686525,0.4973910560183732,0.27607776190673494,1.2780617623194315,
2019,14276,"Fenton, Rashad",CB,12,3.3333333333333335,1.5,0.0,12.0,3.659083066683358,1.0977249200050072,0.75,6.25,-0.23819018719436433,0.13309826965300237,1.5890230895123165,0.7154483587488856,80.65488636407775,121.59398769640404,0.8582584011434276,1.327033353858843,,
2019,8673,"Ginn Jr., Ted",WR,16,3.7062500000000003,3.15,-2.2,18.0,5.0323290768291375,1.3577953664294469,-0.25,6.125,-0.18087521835268636,-0.06746532753347917,1.5719133444615256,0.6143978474642785,88.51074488909804,149.98160633638324,0.634856223609595,0.41102053356836643,,
2019,14161,"Tillery, Jerry",DT,15,2.993333333333333,2.5,0.0,9.5,2.7118177585441754,0.9059524805826867,0.75,4.25,-0.7867574409828467,0.28827670160913155,1.5705183438876782,0.8064332701795571,75.17453617623042,105.9470111566649,0.7748177874209083,0.8675333862124985,,
2019,14127,"Meyers, Jakobi",WR,15,3.2199999999999998,3.8,-0.3,9.3,3.3990586932266997,1.0556082898219565,0.0,5.449999999999999,-0.7259636814410527,-0.15154311407397555,1.5664463000773827,0.7319747756395897,105.44899025815238,178.6834916515918,0.6881770669231676,0.8220061195569585,,
2019,11717,"Jernigan, Timmy",DT,10,3.4,2.0,0.0,11.0,3.992492955535426,1.1742626339810076,0.0,5.875,0.07331249601419346,1.1868981011224238,1.5637485310478363,0.681022493227607,63.48392600737615,89.47088414626035,0.681022493227607,0.754568276605141,,
2019,13669,"Turner, Malik",WR,15,3.2266666666666666,2.4,-1.0,9.8,3.476486093105444,1.077423375962431,0.0,5.449999999999999,-0.7001230228308453,-0.14547348271689492,1.5532061032921674,0.7208034604723302,103.83963984957612,175.9564446728457,0.8646076649263367,1.0327591347274556,,
2019,13915,"Calitro, Austin",LB,13,3.776923076923077,1.0,0.0,16.5,5.426169331072101,1.436663977676931,0.0,6.0,0.8682753716459839,0.4339073305776861,1.5500385410235857,0.587740982588294,67.29060814853163,145.2207465486816,0.7078475961771514,1.0759283947181528,0.5947940933432502,
2019,14143,"Knox, Dawson",TE,15,3.6799999999999997,2.0,-1.6,17.2,5.074669118934422,1.3789861736234845,0.55,5.85,0.7537126167562418,0.10153461651336179,1.5468774223243649,0.6057943120769548,114.59313410784542,207.01216271626475,0.7557181876663726,1.0305689593474614,,
2019,12635,"Williams, Jonathan",RB,9,4.444444444444445,0.0,-0.5,23.7,8.340678244618173,1.8766526050390888,0.0,1.3,1.0316010027368578,-0.051686680998835784,1.5450056209981782,0.47581603049063426,71.13170454374705,133.3188792851297,0.4350669024735482,0.17105263157894737,,
2019,13732,"Wadman, Colby",PN,16,3.1875,3.8,-3.9,8.1,3.406955202229698,1.0688486908955914,1.075,5.199999999999999,0.013176031332565397,-0.11799334290505249,1.5407119979471053,0.7232884959636724,92.3996741103646,118.92077117428204,0.5100992696667779,1.1013988485550523,1.1774804085630184,
2019,14305,"Johnson, Olabisi",WR,16,2.98125,3.3,-2.3,6.9,2.809852920972911,0.9425083173074753,0.0,5.525,-0.9226055063740572,-0.1830110228064195,1.5347424633590923,0.7825105225423471,112.72921856681364,191.0198507862568,0.8542657104291579,0.6143435310080565,,
2019,14489,"Gillan, Jamie",PN,16,3.55,3.05,-4.4,16.2,4.726785376976619,1.3314888385849633,-0.7,6.25,1.9212790985999009,0.24325023477371183,1.522632208762612,0.6198940184264728,79.19109125226188,101.9209832991776,0.7329452168051155,0.6160674839962269,,
2019,12799,"Sims, LeShaun",CB,14,3.2857142857142856,1.0,0.0,12.0,3.8065464555640656,1.1585141386499331,0.0,5.75,-0.17050844944409826,0.26418863310171303,1.5222111483454874,0.6835914967410203,77.06355576174938,116.17975641099827,0.8835430520941046,1.326088114459495,0.514716056380959,
2019,13939,"Odum, George",S,16,3.21875,2.0,0.0,12.5,3.592391047408397,1.1160826555055214,1.0,3.875,-0.14961920563589026,0.22124377789426306,1.5210889761917437,0.7008876131784166,77.6184593970768,127.46831723977112,0.7050502875885662,0.8163031416422143,0.5379549764347545,
2019,14308,"Webster, Ken",CB,8,2.75,2.0,0.0,7.0,2.222048604328897,0.8080176743014171,1.0,4.25,-0.8977504370801828,-0.4916478445360892,1.521002830385796,0.8534942633408171,96.21726289584991,145.0555720570746,,1.0205983374438312,,
2019,14243,"Tell, Marvell",CB,13,3.5,1.5,0.0,14.0,4.56996886035511,1.3057053886728887,0.0,4.0,0.17988194498487967,0.5816027221803175,1.5179736393011252,0.6283697607201452,70.83822476598138,106.79454920745066,0.7654225378421323,0.5204506659275201,,
2019,13945,"Hill, Holton",CB,8,2.625,3.0,0.0,5.0,1.9324531042175384,0.7361726111304908,0.75,4.25,-1.0306669992246351,-0.6465798481547678,1.511946440792404,0.8951549800488368,100.91381482841327,152.136016945755,0.8404353806909237,0.9107711547777729,0.6442035798450306,
2019,13704,"Nwosu, Uchenna",DE,16,3.475,1.25,0.0,15.5,4.5287277462881335,1.3032310061260814,1.0,5.0,0.0033887411636252477,0.9918417873690599,1.508750095304064,0.6285352000436337,64.17731609307069,85.4137600811678,0.5154629880635372,0.33333333333333337,0.8896458285988479,
2019,13338,"Wilson, Brandon",S,12,3.0,2.0,0.0,10.0,2.9860788111948193,0.9953596037316065,0.875,3.75,-0.41770211065289625,-0.04261027468816909,1.5034883909594907,0.7526193389790895,83.34739051684835,136.87661025527692,0.8017322683791851,0.7628665314739455,0.2688810231864521,
2019,14258,"Seibert, Austin",PK,16,3.18125,3.15,-5.4,9.3,3.5794934610221043,1.1251845849971251,1.2999999999999998,5.3,-0.2828836468640931,-0.27011803199709716,1.4969287950130237,0.6946728993232303,97.59792882327527,129.6317268713638,0.7417792906773827,1.2408831009634558,,
2019,11282,"Spence, Akeem",DT,15,2.8,2.5,0.0,7.5,2.4413111231467406,0.8718968296952645,0.0,4.5,-0.9684230384818374,0.17421789215230318,1.495808933260401,0.8136433759699342,75.84665174811458,106.89425525839167,0.9039945362465015,0.7420679003375771,0.9722224594015175,
2019,12660,"Cooper, Pharoh",WR,13,2.8153846153846156,2.2,0.0,9.0,2.4902413086180886,0.8845119402195396,0.9,3.6,-1.0292728434621288,-0.19914740781554843,1.4939595527617788,0.8066446891316311,116.20600982008915,196.91127942258703,0.8701338482863675,1.1175777475358455,,
2019,11308,"Alonso, Kiko",LB,13,3.0,2.0,0.0,10.0,3.0382181012509997,1.0127393670836666,1.0,4.5,-0.19734079843610305,-0.17994326539773053,1.4905059487889942,0.7429019247550375,85.05502218227791,183.55836213815823,0.8971654703586585,1.4725484734427898,1.5731814283714802,
2019,14384,"Reed, Malik",DE,15,2.913333333333333,1.0,0.0,8.5,2.795679205885794,0.9596152880614854,0.75,4.9,-0.883642313630513,0.08278207427612004,1.4866863670038502,0.7675393981703602,78.37050107431509,104.3035075897355,0.7929681857212905,0.5989748931775662,,
2019,12292,"Blackson, Angelo",DT,15,3.066666666666667,2.0,0.0,11.0,3.2754982657435323,1.068097260568543,0.0,5.0,-0.40820348799587186,0.831330206179104,1.4828445088813695,0.7172653281695008,66.86243035140191,94.23236929317527,0.7042239527567807,0.8835430520941047,0.93562405031755,
2019,12755,"Redmond, Will",S,13,3.1538461538461537,2.0,0.0,11.0,3.570092734114552,1.1319806230119311,0.0,5.0,-0.15947847656554295,0.25599060621538405,1.479303385689591,0.6901055049284917,76.42441542244224,125.50740771722668,0.7757438948128967,0.473038208421535,,
2019,11387,"Hopkins, Dustin",PK,16,3.2562499999999996,3.15,-3.0,10.4,3.960582146288598,1.2163016188218345,0.5,5.4750000000000005,0.09127986003562821,-0.17950331483184986,1.4692269194528642,0.6564249727093536,92.22429409110751,122.4943464135449,0.9577927085265996,1.4708298909962267,0.888805810601459,
2019,14141,"Smith, Irv",TE,16,2.9875,3.25,-1.3,11.0,3.0929102395640258,1.0352837621971636,0.75,4.0,-0.15410792749537866,0.10153461651336175,1.4678542891605855,0.729920722697849,138.07310764843345,249.42866647104793,0.7511766380402991,0.2959753357086048,,
2019,11931,"Fowler, Bennie",WR,8,3.0,3.5,-1.5,8.2,3.1376742979474463,1.0458914326491489,0.15000000000000002,4.875,-0.8131982383940743,-0.15424664412692013,1.4663534692627418,0.7250449851715476,104.45067797762727,176.99184981029785,0.7718590518896972,0.7567247702718534,0.6724690249149634,
2019,14613,"Sims, Steven",WR,16,3.73125,2.0,-3.0,15.9,5.813961509805513,1.5581806391438562,-0.075,4.475,0.07998717520359223,-0.011711949942732626,1.4585561093327382,0.547588945818172,78.88619025511849,133.67278229377447,0.5521460187864489,1.3615467255982245,,
2019,11890,"Wilson, Albert",WR,13,3.5384615384615383,1.2,-2.5,14.6,5.079603022275001,1.4355399845559786,-0.2,6.8,-0.16509798849171714,-0.04583437136917799,1.4528447740128696,0.5820218072622508,83.84662139539152,142.07824121824007,0.7345705981145941,1.4004000819472877,,
2019,13935,"Lawrence, Devaroe",DT,11,3.272727272727273,2.5,0.0,14.5,4.1085478321733335,1.2553896153862962,0.0,4.25,0.15125209433909684,1.4586076903621634,1.4510695847851238,0.6406374923448557,59.71929498073023,84.16521249641124,0.6963071880802313,0.6124860801609121,,
2019,13702,"Jewell, Josey",LB,15,2.9200000000000004,1.7,0.0,10.5,3.0221846402892063,1.0349947398250705,0.25,5.05,-0.2044956829454265,-0.14771707828901995,1.43489314387663,0.7259736340174688,83.11689805550745,179.37567096716515,0.7227913559599795,0.8881847974463336,1.0436819824091692,
2019,12785,"Robinson, Demarcus",WR,16,4.625,1.65,-4.0,41.7,10.287887295261356,2.2244080638402934,-0.05,4.3,1.573117372658486,0.17365311539991687,1.4343718004760202,0.40973123482031665,59.02627580475804,100.02012379790084,0.5979826181576602,0.7454968145730888,0.5462369576584386,
2019,13802,"Martin, Jake",DE,14,3.192857142857143,1.5,0.0,11.1,3.936543858643062,1.2329220138926815,0.0,5.574999999999999,-0.29971038517010834,0.805834369933246,1.429900875620369,0.6467798594085181,66.04020821269947,87.89308814051385,0.8269706188735908,1.093343327055409,0.5537704539490405,
2019,12099,"Mauro, Josh",DE,13,3.0,2.0,0.0,13.0,3.305007855221667,1.101669285073889,1.0,4.0,-0.6229512143769474,0.4585959820192018,1.4274367624374014,0.6968628399507364,71.15398906843821,94.69903263476948,0.8937782016981805,0.7481333922979456,0.9328852052228124,
2019,13565,"Gilbert, Reggie",LB,11,2.3454545454545457,2.5,0.0,5.3,1.5322969308516938,0.6533048929987841,1.5,3.25,-0.8693536645308031,-0.7004109632328259,1.4186461041679568,0.9262162414206666,106.04272291473382,228.8521951494455,0.9143306057412348,0.8408997226867159,0.9282647717744756,
2019,14398,"Parker, Steven",S,13,3.369230769230769,1.0,0.0,15.3,4.6431727573328425,1.3781106357380584,0.0,5.5,0.3149873065045852,0.7939359312024931,1.416767882283623,0.5970454767404965,66.11866042893514,108.58286093915459,0.553620067525268,0.597407438135786,,
2019,12720,"Kearse, Jayron",S,15,3.1666666666666665,1.0,0.0,10.5,3.935592571505451,1.242818706791195,0.0,5.75,0.0021284519089797655,0.4982399294051166,1.411913792710077,0.6415980696925258,71.05255219997048,116.68550670644113,0.6182836327584432,0.7560919863777911,0.7647454097178079,
2019,12328,"Boyle, Nick",TE,16,3.1624999999999996,1.7999999999999998,-1.0,14.4,3.948714189454588,1.2486052772978935,0.6,4.225,0.23792584394363836,0.10153461651336178,1.4064273671901706,0.639054889599221,120.88476436011042,218.37797442629886,0.6867723361385798,0.521267302889872,0.4112897190766768,
2019,13085,"Fox, Morgan",DT,16,2.4875,2.0,0.0,6.1,1.9251217493966453,0.7739182912147318,1.0,4.0,-1.3150831152935063,-0.15393074574488003,1.4022630085721852,0.8503919539462206,79.27230072200707,111.72218355055934,1.1210628275244123,1.363686313324406,,
2019,13789,"Wilkins, Jordan",RB,14,3.5428571428571423,1.8,-1.9,17.6,5.442519674577508,1.5361950694372002,0.1,3.825,0.15451914986700602,-0.10528036092095534,1.3969182361210597,0.5499179392245284,82.20950508096712,154.08149086655303,0.5556207325832334,0.7151647036881152,0.5785928030012807,
2019,14612,"Laird, Patrick",RB,15,3.1533333333333333,2.1,0.0,12.7,3.9774140119205876,1.2613363674166769,0.0,4.949999999999999,-0.2888719062804889,-0.1485476931415656,1.3944556761963118,0.6335284398246362,94.70878430724514,177.50831451724224,0.9396350791499677,1.3398838918162592,,
2019,13377,"Patrick, Tim",WR,8,3.2625,1.55,-2.0,10.2,4.437323940169345,1.3600992920059294,-0.025000000000000022,7.675000000000001,-0.37945252602185947,-0.0668243042144168,1.382357094487787,0.6000194279207116,86.439375939188,146.47166816094392,0.6133825042044887,0.6317902240925612,0.5291549021077018,
2019,11758,"Latimer, Cody",WR,15,2.906666666666667,3.3,-1.0,9.1,3.230369775875339,1.1113657485809652,0.35,4.25,-0.7822620038879966,-0.1360296653580014,1.3766760536966265,0.6870951762284719,98.98359199773071,167.7278634064844,0.8253399656942558,0.8889957156257058,,
2019,11355,"Wreh-Wilson, Blidi",CB,14,3.0714285714285716,1.5,0.0,12.0,3.8445561830851114,1.2517159665858502,0.0,4.75,-0.1530630046488508,0.4651759425384232,1.364039078199372,0.633995861613194,71.47247393666257,107.75073288500414,0.8366616783300196,1.0352959114563143,,
2019,12771,"Day, Sheldon",DT,16,2.5875,2.5,0.0,8.9,2.322949364493337,0.8977582084998404,1.125,2.875,-1.0479118819817768,0.2608325361393722,1.3634508276190747,0.7786757233342693,72.58701804342832,102.30030009693323,0.7280325162856252,1.1727399802230214,0.9929496451502756,
2019,13108,"McKissic, J.D.",RB,16,3.225,2.3,-1.8,14.9,4.447681980537727,1.3791261955155742,-0.45,5.65,-0.14655274351146405,-0.13000561465869834,1.355539696077836,0.5919949093066679,88.49976520711841,165.87103584947516,0.4896973541589678,0.23575780846786565,,
2019,12987,"Hyder, Kerry",DE,16,2.73125,2.0,0.0,9.7,2.792113614719143,1.0222841609955673,0.0,4.0,-0.8854673000747961,0.24857701511932287,1.3505767649663094,0.7202447704622073,73.54142822092594,97.87648173038524,0.8253282799062635,1.1855153207256537,,
2019,13694,"Settle, Tim",DT,15,2.706666666666666,2.5,0.0,9.7,2.7191828838008587,1.0046242181530267,0.5,2.75,-0.7818112041615412,0.6187469942343756,1.3502114970757313,0.7277584220060077,67.84058129256712,95.61092344126591,0.6680542348413012,0.8786217509750844,0.3623724356957945,
2019,14237,"Gaines, Greg",DT,10,2.77,1.75,0.0,8.2,2.919948629685118,1.054133079308707,0.0,4.875,-0.6469818713068826,0.7845615246818284,1.3485007509504736,0.7066419133718365,65.87213107983999,92.83669393141915,0.7066419133718365,0.5082372545366265,,
2019,13791,"Scott, J.K.",PN,16,3.13125,3.8,-4.7,12.3,4.148300668647344,1.3248066007656187,0.25,4.95,1.0849529807021971,0.23405927323185596,1.3468862308670317,0.6082103982521867,77.69851574116522,100.0,0.2988845955282408,0.6832883575779192,0.5322200658934391,
2019,13762,"White, Kyzir",LB,16,2.90625,1.25,0.0,10.5,3.3829478177323398,1.1640250555638159,0.5,5.125,-0.04350618255165297,0.03912118076907186,1.3429835262433247,0.6630811318907379,75.91632017942787,163.83600914039042,0.6513434009188207,0.8676451624637506,,
2019,13785,"Neal, Siran",CB,15,2.8,1.0,0.0,9.0,3.0648545370593583,1.094590906092628,0.25,5.75,-0.5109251338886446,0.12633985044668147,1.3367765475613964,0.6888315373827882,77.65428306908994,117.07032723911229,0.4726216079745203,0.5360235777566917,0.5248277920678774,
2019,10989,"Fort, L.J.",LB,16,2.74375,1.75,0.0,10.0,2.898915476087566,1.05655233752622,0.875,4.0,-0.25950418270260656,-0.11650128221119922,1.334150339835452,0.7037213340036966,80.56922681087825,173.87750814347643,0.8846175067191634,0.8489305842107827,0.7187313065663966,
2019,13954,"Finch, Sharif",DE,8,2.7125000000000004,1.75,0.0,8.3,2.856762809545098,1.0531844459152433,0.0,4.925000000000001,-0.8523777228695638,0.3303259068807007,1.3211185217170567,0.7033100384827496,71.81228775731843,95.57516410452776,0.7196840499206901,0.4721315048384485,0.8235662602617755,
2019,13771,"Haynes, Marquis",DE,11,2.6545454545454548,2.0,0.0,8.3,2.6830659654966764,1.0107440280980629,0.0,4.5,-0.9412814616851626,0.21804677639814873,1.320180698015727,0.7207433913520684,73.59234048559624,97.94424099837072,0.7950442839315734,0.6276872301757714,,
2019,14072,"Snell, Benny",RB,13,3.492307692307693,0.7,-4.3,14.2,5.761605216825968,1.6497988506329861,-0.7,9.7,0.2510853424529878,-0.08739723585930614,1.3179519990634185,0.5164909189932049,77.21236170094986,144.71557507240428,0.5331111701543211,0.44865085906366975,,
2019,11681,"Richardson, Paul",WR,10,3.4900000000000007,2.75,-4.5,17.9,5.767573146480242,1.6525997554384644,-0.15,5.7,0.06450549995617531,0.014558367088302175,1.3156903874565569,0.5156944630609749,74.29144039011976,125.88697090635645,0.5156944630609749,0.21074951830478608,,
2019,12842,"Dixon, Riley",PN,16,3.14375,3.8,-6.9,11.2,4.379635936639026,1.3931247512171854,1.4749999999999999,5.175,1.4193986865724102,0.3280262211895186,1.3136590553421978,0.5843796935381624,74.65415742261847,96.08183207940763,0.6405464198748668,0.3842592592592592,0.941266901073869,
2019,12831,"Roberts, Elandon",LB,16,2.7874999999999996,2.0,0.0,12.4,3.1342612766009155,1.1243986642514496,0.375,4.125,-0.1544818156391357,-0.01825855920264086,1.3121360161381008,0.6742437919385229,77.19433584521127,166.59411155902674,0.6942498181862108,0.5578989018396971,1.1141365138631452,
2019,11807,"Urban, Brent",DT,13,2.6923076923076925,2.0,0.0,8.0,2.8388680134224518,1.0544366906997678,0.0,4.0,-0.7014336172956737,0.7855783765962553,1.3104846231064233,0.7013285382290154,65.37682597939076,92.13863714686875,0.9294017564146664,1.7823512446701266,1.0191013755437637,
2019,11318,"Taylor, Jamar",CB,12,2.6666666666666665,1.5,0.0,8.0,2.838231060987734,1.0643366478704004,0.75,4.0,-0.6149392270947994,0.06109733220691126,1.2917789690056796,0.6947644954914267,78.32312527999649,118.07866281839378,0.6897551175641002,0.4958902872245416,0.5779614334949464,
2019,11883,"Mitchell, Terrance",CB,15,2.9466666666666668,1.0,0.0,13.2,3.8034837831767976,1.2907750395396371,0.0,5.0,-0.17191413387128676,0.5494058139468629,1.2863186545191447,0.6134436587434214,69.15555536843534,104.25778434116906,0.4375444902110398,0.4584742896646852,1.3598169767207724,
2019,13759,"Armstrong, Dorance",DE,15,2.853333333333333,1.0,0.0,10.9,3.5090106234600595,1.2297934428014228,0.5,3.5,-0.51853591008927,0.7975575135815354,1.2796402027931877,0.6328069662306058,64.61348973750295,85.99426474055927,0.5680155179499445,0.48479207356135107,0.6168423513500142,
2019,12386,"Brown, Malcolm",RB,14,3.0285714285714285,1.55,-1.7,14.6,4.161803965217241,1.3741805545528627,-0.025000000000000022,5.625,-0.23306920329528094,-0.13078414082143022,1.2756280994567448,0.586727324202822,87.71229214346513,164.39511133751697,0.652350152029624,0.6687310164171404,0.8655342273270789,
2019,12735,"Rankins, Sheldon",DT,10,3.13,0.5,0.0,12.4,4.571662717217883,1.4605951173220075,0.0,3.625,0.46226865102609155,2.1458796888375313,1.2720499922825743,0.5617712627017942,52.367499794917585,73.80398160372114,0.5617712627017942,0.4561385606115683,1.5774074650062075,
2019,11529,"Hill, Josh",TE,16,2.7687500000000003,2.6500000000000004,-1.1,11.9,3.273323759957148,1.1822388297813626,0.0,4.6499999999999995,-0.07146260571654113,0.10153461651336176,1.2687658024476633,0.6479148680341892,122.56073370605891,221.40560816414953,0.6590878950061894,0.6538396131946126,0.3789184506984334,
2019,14317,"Doss, Keelan",WR,8,2.475,2.1,0.0,7.8,2.368411915187052,0.9569341071462836,0.8999999999999999,2.95,-1.0699322452923625,-0.17899732211358413,1.2647334373507297,0.7347676181885731,105.85132984216736,179.36525675456195,,1.0224697619063392,,
2019,14097,"Ollison, Qadree",RB,8,2.55,2.1,0.0,7.7,2.631064423384574,1.031789969954735,0.07500000000000001,4.1,-0.6963233148854917,-0.1846821148135725,1.255050983471884,0.7022734115036999,104.9857541884431,196.769966066246,,0.6246038060337487,,
2019,13431,"Sanchez, Rigoberto",PN,16,2.5250000000000004,2.9,-2.7,7.4,2.56819489135852,1.0171068876667404,0.8,4.375,-1.1994353731477756,-0.1891606578733922,1.2517928600802897,0.707640719433533,90.4006799883714,116.34801402065453,0.834304784414485,0.9213495511443516,0.9611720589520888,
2019,12744,"Ward, Jihad",DE,14,2.4928571428571433,2.0,0.0,7.5,2.5163648059720387,1.009430008126319,0.0,4.0,-1.0266045798329189,0.21457044351896623,1.2405792352934915,0.7089301822789787,72.3861390625024,96.33890432750883,0.7329700272479563,0.7109160249706621,,
2019,12110,"Brate, Cameron",TE,16,2.88125,1.35,-1.0,10.9,3.844999796814039,1.3344901680916403,0.0,3.675,0.19041549475141867,0.10153461651336179,1.2342095243670765,0.5946852674575228,112.49172738528956,203.21597759776208,0.5250952353779252,0.6103443821071777,0.6292241480482001,
2019,12763,"Fackrell, Kyler",DE,16,2.1,2.25,0.0,4.5,1.4735162028291375,0.7016743822995892,1.0,3.125,-1.5603686809940363,-0.5996188563552373,1.234078635633056,0.8489938321803107,86.68750059681733,115.37262429726474,1.0735388347329742,1.0135492094246052,0.7742427102205723,
2019,14202,"Blair, Marquise",S,14,3.0714285714285716,1.0,0.0,16.0,4.5859145483641495,1.4930884576069323,0.125,3.625,0.28967040527848015,1.0452331259919183,1.2319773741108155,0.5498524090971009,60.89235433388088,100.0,0.6521854212361718,0.5285393971777771,,
2019,12803,"Christian, Marqui",CB,16,2.46875,1.75,0.0,9.0,2.4966774796717335,1.0113123968290565,1.0,2.75,-0.7717031540176673,-0.053248081265279225,1.2274323988118996,0.7060273686527604,79.59282664118058,119.99284382651048,0.8119858412442839,0.7777777777777777,0.7583830307308274,
2019,11239,"Goodwin, Marquise",WR,9,3.511111111111111,0.0,-3.0,18.7,6.6041139441755785,1.880918528404437,-1.0,7.7,0.3436930382256879,0.07808370798683242,1.2187471032218669,0.46173836121964873,66.51847245900167,112.71566365127678,0.43467356481604114,-0.21845812936941109,0.5433075039632089,
2019,13293,"Reeves-Maybin, Jalen",LB,16,2.90625,1.0,0.0,15.0,4.0280995441398915,1.3860127463707153,0.5,3.5,0.24439086627868095,0.3605634204878782,1.218036242438604,0.5780016832377857,66.17555339541536,142.81433221916964,0.6422630890653196,0.9217463610905444,0.6834175105647226,
2019,13793,"Valdes-Scantling, Marquez",WR,16,3.83125,0.2,-2.0,29.1,8.352523477219325,2.1801040071045548,-1.025,5.125,0.9272080978166097,0.16132635719793115,1.204756193961186,0.4096487979241192,59.01439986619658,100.0,0.20586651217434312,-0.3634459310912333,0.7570467354568075,
2019,13148,"Ogunbowale, Dare",RB,16,2.30625,2.55,-2.5,6.1,2.117625070096215,0.9182114125078439,0.8,3.8,-0.851707614410598,-0.20256126923752585,1.2022918771945164,0.7397457834558744,110.58765391323166,207.26934883749917,0.5973483162539022,0.9068408774223464,,
2019,11274,"Hunt, Margus",DT,16,2.46875,2.5,0.0,10.0,2.606894404746767,1.0559572272391966,0.0,3.25,-0.8572213825833898,0.7906709407641278,1.2007788719005181,0.6844530842796676,63.80372071412423,89.92158587435955,0.8026570213850445,0.9975434746217159,0.9820426225117803,
2019,10945,"Hekker, Johnny",PN,16,3.0000000000000004,2.2,-6.1,14.2,4.514975082987723,1.5049916943292407,1.425,5.625,1.6150610113247663,0.4818915578842747,1.1976087612551178,0.5439734459098877,69.49228337967394,89.43836663646387,0.7013618528477459,0.8739349728082048,0.6806869379393684,
2019,13761,"Averett, Anthony",CB,9,2.5555555555555554,2.0,0.0,10.0,2.910177967490843,1.1387652916268518,1.0,3.0,-0.5819175279812276,0.2216007599285017,1.194874241488963,0.6535650235877761,73.67857101690498,111.07660876586762,0.631578947368421,0.7921561087422786,0.2897668706072549,
2019,10841,"Daniels, Mike",DT,9,3.011111111111111,1.5,0.0,15.0,4.588740917711148,1.5239360981328534,0.0,2.5,0.4737379500776957,2.3580206015158773,1.1930219284627126,0.5387816603859144,50.224442514322675,70.78367013702595,0.4976130913313182,0.5123736858169258,1.1647726184583904,
2019,12934,"Rogers, Chester",WR,12,2.9166666666666665,2.3499999999999996,-2.0,14.9,4.218379098922028,1.4463014053446952,0.0,4.1499999999999995,-0.4525232852879363,-0.042840211426589156,1.1922760867873083,0.5589219585961412,80.51883497702899,136.43930152571141,0.5835766457712557,1.053606210363873,0.8145727832941398,
2019,13168,"Reynolds, Josh",WR,16,2.84375,2.7,-2.0,12.2,3.947937554913958,1.3882857335961172,-1.0,5.125,-0.5427805795232344,-0.05898196480678498,1.1907076109013457,0.5747344157922485,82.79679277055105,140.29930484470964,0.9690479908311106,1.0992821732189446,0.6322062938885,
2019,14592,"Zaccheaus, Olamide",WR,10,3.46,0.25,-1.0,21.4,6.596847732061124,1.9066033907691111,0.0,3.0250000000000004,0.34126800901208887,0.08523003071996539,1.1903928864145636,0.4554520667036269,65.6128628242972,111.18110659951017,0.4554520667036269,0.7211655510434097,,
2019,13832,"Sanders, Jason",PK,16,3.10625,1.95,-4.8,13.8,5.014786729014505,1.6144182628618122,0.30000000000000004,3.95,1.12632734087765,0.21641856260614278,1.1881228203324345,0.5164356011188023,72.55651557575126,96.37116815137348,0.7181330503594556,0.964172898682428,0.5386799115532591,
2019,13309,"Moss, Avery",LB,11,2.1818181818181817,1.5,0.0,7.0,1.8249872636258846,0.8364524958285305,1.0,2.5,-0.738741469635076,-0.43520988186325316,1.188061322998631,0.7723285021178493,88.42407818676703,190.82916621614018,0.738539375505193,0.6613259752175215,,
2019,13382,"Seals-Jones, Ricky",TE,14,3.1928571428571426,0.65,-1.0,19.7,5.454154941184654,1.708236446903471,0.0,4.0,0.9275506296836408,0.10153461651336183,1.1789432737705656,0.49469793829757314,93.57794560970913,169.04828595559482,0.577479355553733,0.7985684486610699,0.3152855996250077,
2019,14138,"Hockenson, T.J.",TE,12,3.616666666666667,1.95,-3.9,25.2,7.570318502032938,2.093175622681918,-1.3250000000000002,5.9,1.8969403851846063,0.10153461651336187,1.1692406471026238,0.4219990967440439,79.82610289090475,144.20562217196496,0.3756762244916724,0.23222091285515145,,
2019,12206,"Williams, Maxx",TE,16,2.50625,1.5,-1.0,10.6,2.9777232808808813,1.1881190148153142,0.22499999999999998,3.55,-0.20687372489432493,0.10153461651336178,1.1453901652655476,0.6300714813537712,119.18544681074795,215.3081622270429,0.5165622945061314,0.49739664755220425,0.5832273004676244,
2019,9319,"Hauschka, Steven",PK,16,2.875,2.5,-5.6,11.2,4.364988545231247,1.518256885297825,0.7000000000000001,4.0,0.48833734899060965,0.12078731052934107,1.141662717884313,0.5358818524515748,75.28861273299528,100.0,0.4439686835524151,0.7663127972306967,0.6820223123717556,
2019,9425,"Wake, Cameron",LB,9,2.933333333333333,1.0,0.0,15.4,4.627454303754207,1.577541239916207,1.0,2.0,0.5118511541960874,0.637900185024006,1.138035461046083,0.5212540475675542,59.67850277555744,128.79296181785412,0.6126135298367501,0.5714285714285715,1.4575207402188017,
2019,12437,"Myers, Jason",PK,16,2.64375,1.6500000000000001,-2.6,10.6,3.519937632615101,1.3314184898780523,0.6,3.95,-0.3413572213222264,-0.06502106849605403,1.1339663005496214,0.5849085131005237,82.17660352854894,109.14878166234958,0.7519036020399539,0.9458823914205755,0.9879777917063566,
2019,12774,"Goodson, B.J.",LB,15,2.0,1.5,0.0,5.5,1.5275252316519468,0.7637626158259734,1.0,2.75,-0.871483021178677,-0.5404661586774405,1.1339394440353279,0.79128784747792,90.59473825161207,195.51369625374076,0.756588194768346,0.7698213380675593,0.8380522390919396,
2019,13871,"Hilliard, Dontrell",RB,14,2.642857142857143,1.0,-0.7,11.6,3.5204939356602236,1.3320787864660306,0.35,4.325,-0.4271515405429616,-0.13741165951920836,1.133262374408052,0.58463901964535,87.40010286597003,163.80998934631143,0.5154474087198033,0.5127989960263986,0.16657361454949277,
2019,13783,"Harris, Davontae",CB,16,2.75,1.5,0.0,13.0,3.960744879438715,1.4402708652504417,0.0,3.25,-0.09973551139212497,0.8717896603483871,1.1269240800929576,0.5543522327459721,62.49398127907693,94.21490418380645,0.6759535566111415,0.2222222222222222,,
2019,11500,"Allen, Ryan",PN,8,2.4,2.3,-2.8,6.7,2.7166155414412247,1.131923142267177,1.075,4.05,-0.9848608747863292,-0.031238744744586874,1.1257441473465777,0.6457487930186426,82.494023290923,106.17194228746006,0.7319296618149068,0.5981344215505837,0.7207060449174558,
2019,13313,"McKenzie, Isaiah",WR,15,2.6333333333333333,1.2,-0.6,11.8,3.5443225336052904,1.3459452659260596,0.25,2.6500000000000004,-0.6774832557324618,-0.07076239182819537,1.1225041656263142,0.5794776479573839,83.48010735872997,141.45718256561875,0.5855300567250342,0.803222587289649,0.7027438595534309,
2019,14263,"Ballentine, Corey",CB,13,2.5384615384615383,0.0,0.0,9.0,3.2252700451133274,1.270560926862826,0.0,5.0,-0.43729872105767753,0.5058146075345141,1.1179887350430466,0.6007808995302816,67.7280401705845,102.10568577369511,0.7642193421782675,1.1480886403113277,,
2019,11840,"O'Donnell, Pat",PN,16,2.725,3.4499999999999997,-8.7,8.2,3.92117648161875,1.4389638464655963,1.35,4.7,0.7565953130174442,0.3910747646463181,1.117277734128331,0.5537293795860072,70.73859808998152,91.04240591368685,0.8129888428120121,0.6425865895766273,0.8727403072195089,
2019,12860,"Fairbairn, Ka'imi",PK,16,2.5375,2.6,-3.4,7.7,3.237258678264683,1.2757669668038158,0.35000000000000003,5.125,-0.6188993079169396,-0.12036579177675898,1.1150087144307985,0.5988541631919443,84.13589482426922,111.75115567961129,0.8415254230792782,0.8150464196325948,0.9192837074381371,
2019,8444,"Koch, Sam",PN,16,2.475,2.95,-5.9,6.5,3.030160886817728,1.2243074290172637,1.625,4.625,-0.5315625287661511,0.09582952931979268,1.1127059001432622,0.6141194035442826,78.45338764408224,100.97153966934414,0.393892232520936,0.46512246014959635,1.13372538381099,
2019,13017,"Riley, Curtis",S,16,2.71875,1.0,0.0,15.0,3.9329090299039464,1.4465872293899573,0.0,3.25,0.0009419153601578088,0.9435993672787335,1.1112418013715804,0.5511453755823548,61.03554143656393,100.23514791676133,0.6569026166379617,0.6188731142655803,1.2218688808832958,
2019,14452,"Lammons, Chris",CB,12,2.3333333333333335,1.5,0.0,9.0,2.592724864350674,1.1111677990074318,0.75,3.0,-0.7276199822502141,0.16208748737133166,1.105233479986931,0.6494606242983333,73.21586835746817,110.37904580328795,0.631578947368421,0.5932948230986242,,
2019,10103,"McManis, Sherrick",S,9,2.2222222222222223,1.0,0.0,8.0,2.2986845406196887,1.0344080432788598,1.0,2.0,-0.721635697905972,0.04273456103432489,1.0923188342495256,0.6736692141543056,74.60420980872145,122.51818906468397,0.7396006527115039,0.7272727272727273,0.6477006438880422,
2019,12525,"Thomas, Joe",LB,15,2.4,1.5,0.0,12.0,2.8879058156387303,1.203294089849471,0.75,2.75,-0.264417211099033,0.095983461224774,1.0892781000306535,0.6172989042960426,70.67470179904085,152.52400356833635,0.5944392890093103,0.701664939642173,0.4349086972134981,
2019,11310,"Minter, Kevin",LB,16,2.71875,0.0,0.0,14.0,4.088737389158174,1.5039034075064548,0.0,4.875,0.2714503251836497,0.5312712557721632,1.0858046647683999,0.5342680889354678,61.168483539295494,132.00850890245772,0.18289198792714328,0.2222222222222222,,
2019,13452,"Edmunds, Trey",RB,11,2.5818181818181816,0.9,0.0,9.6,3.5659547189849783,1.3811796446772804,0.0,3.2,-0.4133935534943678,-0.12968236759966567,1.084260142904125,0.565449799815826,84.53142710081927,158.43336241890384,0.6119820111886936,0.2591245685029433,,
2019,13276,"Sutton, Cameron",CB,16,2.8499999999999996,1.0,0.0,19.9,4.67533421265261,1.6404681447903895,1.0,3.175,0.22824181380582964,1.3035098686574877,1.0793540553113712,0.5021730691465183,56.61164964853682,85.34679721405162,0.5849853757312041,0.5976982438036036,0.559021843622686,
2019,13460,"Ankou, Eli",DT,9,1.9444444444444444,2.5,0.0,4.5,1.6063146994223287,0.8261047025600547,0.0,2.5,-1.529186082251721,0.02085140619661251,1.0648044669719576,0.7460512903048189,69.5458158613118,98.01419075848612,0.8131839517746392,1.4444444444444444,,
2019,10409,"Clay, Charles",TE,15,2.726666666666666,1.5,-1.0,16.9,4.275116632587025,1.567891185545364,0.25,3.9,0.3874469822890292,0.10153461651336182,1.0618310783630738,0.5168922047756607,97.7762526988415,176.63251547365994,0.5889554231098588,0.8974323023651779,0.17076980123888574,
2019,14280,"Miller, Scotty",WR,10,2.84,0.7999999999999999,-2.0,12.8,4.818755025937716,1.696744727442858,-0.75,4.325,-0.2521535273973809,0.02684086300007339,1.0531215547023545,0.4880769146218391,70.31282979692301,119.14520855307073,0.4880769146218391,0.7874455322020006,,
2019,14238,"Cominsky, John",DT,10,2.2,2.0,0.0,8.0,2.4413111231467406,1.1096868741576094,0.0,3.5,-0.9684230384818374,0.9706216802260854,1.0428087821698433,0.6392912239763769,59.59379780209003,83.98834341730775,0.6392912239763769,0.7011699178861343,,
2019,13756,"Apke, Troy",CB,15,2.8666666666666667,1.0,0.0,19.5,5.034768007454652,1.756314421205111,0.0,3.0,0.3932122788346407,1.5533293402333614,1.0400361601029928,0.4750251646998724,53.551175581622935,80.73287656009813,0.6152906177289568,0.48306424101473616,,
2019,13787,"Carter, Jermaine",LB,16,2.51875,0.75,0.0,11.5,3.6724002283928696,1.4580249045728515,0.0,3.0,0.08566109918224118,0.4648383437295242,1.024704833264373,0.5390698306823676,61.71823612060802,133.1949371793288,0.4737106065137437,0.7316456955740355,0.3390719429665316,
2019,10111,"Love, Kyle",DT,15,1.9333333333333333,1.5,0.0,5.0,1.7211107524567446,0.890229699546592,0.0,3.25,-1.4520918788715227,0.2356181371830531,1.022803384052785,0.7104941728622515,66.23123310493123,93.34279331285774,0.7940115067516428,0.9440204529224936,0.6364150682980232,
2019,14204,"Banogu, Ben",DE,16,2.3625,1.0,0.0,11.7,3.134859446610007,1.3269246334857172,0.0,3.725,-0.71003874761321,1.0545249562619115,1.0152885770352564,0.5713616219620021,58.33954154605724,77.64425046435177,0.4520954788506714,0.14285714285714285,,
2019,12443,"Kumerow, Jake",WR,14,2.707142857142857,0.6,-2.0,14.3,4.576877333122331,1.6906670887523125,0.0,4.125,-0.3328779078525593,0.02514987603189913,1.0061233024551486,0.4854227008122494,69.93046120245072,118.49728432552757,0.5277146233784288,0.3925889876827306,,
2019,13786,"Brown, Andrew",DT,14,2.357142857142857,0.75,0.0,10.5,3.1703344315960207,1.3449903649195238,0.0,3.25,-0.4788289302798419,1.7586975301359753,1.005182320748576,0.565216745996258,52.688682734835965,74.25663983415028,0.4787316251965501,0.42044986134335793,,
2019,13564,"Ficken, Sam",PK,15,2.713333333333333,0.5,-3.8,12.6,4.625850072028804,1.704858748904965,-0.2,6.1,0.7444584763170083,0.30636046171200865,1.0031330968509165,0.48229748368584696,67.76028765520314,90.00071218672775,0.5834967166795223,0.66900485265685,,
2019,12181,"Agholor, Nelson",WR,11,3.0181818181818185,1.5,-3.2,19.7,6.100792524048626,2.0213469206185204,-1.4,4.8,0.17571429931577054,0.1171552279120103,0.9989524200563986,0.42504858548675856,61.2329080753783,103.75926589817357,0.4863945012714643,0.5219473770628249,0.7577539534640638,
2019,13423,"Cole, Dylan",LB,11,2.372727272727273,1.5,0.0,12.1,3.288849179518549,1.386105018187894,0.5,2.25,-0.08549742140573627,0.3606970317681661,0.9943934800192572,0.5532316883648558,63.33963065357209,136.6940900478429,0.5544026572717037,0.6591467668235085,0.8265472757159557,
2019,13135,"Gallman, Wayne",RB,10,2.83,0.0,-1.0,15.1,5.26574781014055,1.86068827213447,-0.525,3.15,0.10102194098466045,-0.05419973257910916,0.9892724165602385,0.45166197008757664,67.52081424576679,126.5511538266148,0.45166197008757664,0.17100510716135114,0.19736333352844584,
2019,13303,"Elliott, Jake",PK,16,2.20625,1.75,-3.4,8.0,2.7571427125740153,1.2496964136312818,0.875,3.6,-1.0902905624637482,-0.14629262129378917,0.9806878770984241,0.5872148514924257,82.50063207555938,109.57916354248805,0.6106976114142504,0.47872995226781473,0.8331054632895856,
2019,13773,"McIntosh, RJ",DT,12,2.1,1.0,0.0,7.3,2.3975682124463806,1.1416991487839907,0.75,2.25,-0.9977997005258222,1.0778368364995665,0.9805298756327815,0.6180891357256721,57.61736998201839,81.20287069004556,0.5596310379841968,0.49461358314765846,,
2019,11776,"Brooks, Terrence",S,15,2.566666666666667,1.0,0.0,15.0,4.198677040317448,1.6358481975262784,0.0,2.5,0.11845209581962636,1.3572508837427415,0.9737535982062481,0.4937153523408598,54.6755632555707,89.79052272437573,0.5789824842791808,0.4672514169971265,0.4082546261306261,
2019,11787,"Watkins, Jaylen",S,14,2.107142857142857,1.0,0.0,9.0,2.5012751849847326,1.187045850501229,1.0,2.625,-0.6320595930102156,0.3763419659261575,0.9634653323157082,0.6018215495255468,66.64757748293015,109.45147089812394,0.647070907171969,0.7759268932831641,,
2019,10389,"Lewis, Dion",RB,16,2.25,1.4,-1.1,8.9,3.016827804167815,1.3408123574079178,-0.025,3.05,-0.5795781290684313,-0.13603685016212028,0.9612047684554783,0.5601435037034511,83.73816696854108,156.94659147062916,0.6047401438945712,0.8982950850231841,0.6793006319732598,
2019,13739,"Dawson, Duke",CB,14,2.142857142857143,1.0,0.0,9.0,2.6418917155581325,1.2328828005937953,0.0,4.0,-0.7050537171271365,0.424562711609941,0.9596818705788267,0.5883912291249281,66.33131118740586,100.0,0.732725883421393,0.3076923076923077,,
2019,12471,"Roberts, Seth",WR,16,2.65625,0.75,-2.0,16.5,4.709427877938041,1.7729610834590273,-1.0,5.275,-0.28864042367326603,0.048046609400490825,0.9579110272570286,0.46523925983268644,67.02281528067667,113.5702734123156,0.4173277633493381,0.4230609708966045,0.8563672709667637,
2019,12266,"Berry, Jordan",PN,16,2.2125,3.2,-4.5,6.2,3.0701944156681673,1.3876584929573639,0.2,4.325,-0.4736853104280373,0.3205077564472985,0.9266400561579424,0.5435858276162451,69.44276537377219,89.37463568172245,0.26570596976136945,-0.42409123619420225,1.0140490679402323,
2019,6254,"Peterson, Kevin",CB,14,2.0,1.0,0.0,7.0,2.32992949004287,1.164964745021435,0.0,3.75,-0.8482360059350648,0.2780991973852259,0.9238025721200361,0.6006133180838767,67.70914815363986,102.0772044778991,0.6914450346914134,0.5543727455451929,,
2019,7422,"Watson, Ben",TE,10,2.18,1.2,-1.1,8.7,2.9670861126701396,1.3610486755367612,0.075,4.075,-0.21174648713341201,0.10153461651336179,0.9233185332379472,0.5495217240274879,103.94851084150987,187.78268181568842,0.5495217240274879,0.37229220345153397,0.71269688425622,
2019,13194,"Sprinkle, Jeremy",TE,16,1.8062500000000001,1.65,-2.3,5.7,1.7515952550460965,0.9697413176725793,1.0750000000000002,2.275,-0.768548620524984,0.10153461651336175,0.9169985844304884,0.6564373872529231,124.17286866391406,224.31792526599273,0.5135307254419269,0.7230535899627194,0.2080997911572184,
2019,11012,"Robertson, Craig",LB,15,2.6199999999999997,0.5,0.0,18.0,4.889608027916621,1.8662626060750465,0.0,2.25,0.6288364778601876,1.055974008196036,0.9140823295279737,0.44485133604498867,50.93113773745935,109.91515827114682,0.5901223192943016,0.8458705460679071,0.4317726103290319,
2019,9679,"McDonald, Clinton",DT,9,1.6666666666666667,1.5,0.0,4.0,1.3743685418725535,0.824621125123532,0.0,2.5,-1.684955412039017,0.01588262504759941,0.9134316399816036,0.7019410160110379,65.43392026714446,92.21910281316087,0.7158976197373403,0.4293437004857389,1.2597948423645278,
2019,13868,"Boone, Mike",RB,16,3.05625,0.05,0.0,27.8,7.192093640762751,2.353241273051207,0.0,1.0,0.6840000388209451,0.023336303828905756,0.9114315824995896,0.3730731280697907,55.772243511232865,104.53134854320795,0.4456683134256071,0.7012443192800568,0.10553209475196011,
2019,14464,"Graham, Jaeden",TE,16,2.23125,1.0,0.0,10.7,3.2331715756359114,1.4490404820777192,0.0,2.5,-0.08985585133428083,0.1015346165133618,0.911071097570037,0.5270870693836264,99.70473149757201,180.116306801873,0.6396993679233088,0.4501814370555271,,
2019,10777,"Claiborne, Morris",CB,8,1.75,1.0,0.0,5.0,1.6393596310755,0.9367769320431429,0.75,3.0,-1.1651890371086384,-0.21398186574894534,0.9035630128834153,0.6630396174116299,74.74667366731155,112.68686285445159,0.8084757161058458,0.47722557505166113,1.0613156221307696,
2019,14653,"Mack, Isaiah",DT,13,2.0153846153846153,0.0,0.0,6.5,2.5175831370723403,1.249182472593146,0.0,4.3,-0.917200631453308,1.4378187963411502,0.8960520722273908,0.572945837198323,53.40917737173214,75.27206682866618,0.5352915062057042,0.5082372545366265,,
2019,9841,"Robinson, Patrick",CB,11,2.272727272727273,0.0,0.0,11.0,3.4926132204179177,1.5367498169838836,0.0,3.0,-0.31459537877299526,1.07984400172366,0.8959209369055853,0.5058809118929354,57.0296471625588,85.9769634304875,0.5452931784360726,0.9860685115745821,,
2019,14666,"Kelly, Kameron",CB,14,2.25,1.0,0.0,12.5,3.4056151112118185,1.5136067160941415,0.0,2.75,-0.354525175970451,1.0299365086748131,0.8951280984386625,0.5107118854468224,57.57425896892033,86.79801128347331,0.46820506397265943,0.45757913208220313,,
2019,14125,"Boykin, Miles",WR,16,2.425,0.0,-2.0,10.3,4.187406715378863,1.7267656558263353,-0.25,4.8,-0.46286002384220404,0.03519361334502634,0.8893320167864273,0.46747828598261154,67.34537154153266,114.11684553977486,0.39353945608732027,0.24034382092380152,,
2019,13455,"Ricard, Patrick",RB,16,2.2062500000000003,0.55,-1.1,12.0,3.2770926043522177,1.4853677526808917,0.0,3.825,-0.500813103737421,-0.11328142613668636,0.8876955925818963,0.5158293738496563,77.11346458383356,144.53021675851252,0.41623072484584417,0.1598294684433667,0.3480649449730592,
2019,11456,"Brown, Jaron",WR,14,2.3285714285714283,0.85,-2.0,10.8,3.836372649005935,1.6475219965056165,0.0,2.0,-0.580014306226752,0.013145577579058477,0.8795286428761833,0.4814706387544478,69.36112334095326,117.53254036000673,0.41885124371690413,0.1687997687037053,0.4274390404787398,
2019,14328,"Wingard, Andrew",S,16,2.13125,1.0,0.0,12.6,3.0345343032333645,1.4238284120743059,0.0,3.0,-0.39627735902517924,0.893857366124192,0.8792907902981805,0.5282517980555945,58.500235940642256,96.07156198933889,0.5457428946259608,0.7532501017954061,,
2019,13275,"Adams, Montravius",DT,14,2.0714285714285716,1.0,0.0,11.0,2.8148657850340046,1.3589007238095194,0.0,3.0,-0.7175529230387218,1.8052859503472032,0.8781330009019231,0.5429885841737699,50.61660582922457,71.3363643498874,0.5441915271259057,0.14285714285714288,0.5556437619796661,
2019,14232,"Wren, Renell",DT,11,1.4545454545454546,1.5,0.0,2.5,0.9875254992000196,0.6789237807000135,0.75,2.5,-1.9447496769086463,-0.4720853101682722,0.8663558591915315,0.7318373802655161,68.22081584709198,96.14680589082244,0.8348486100883201,0.7777777777777777,,
2019,11767,"Bucannon, Deone",LB,14,1.7857142857142858,1.0,0.0,5.5,1.8965597210502507,1.0620734437881403,0.5,3.5,-0.7068024723006833,-0.10850661928143818,0.8659799635622252,0.6164948965964395,70.5826507618235,152.3253470141293,0.7628665314739455,1.0856663790957202,0.6957038240992427,
2019,14211,"Long, David",CB,8,1.875,1.0,0.0,6.0,2.2043990110685496,1.1756794725698931,0.0,2.75,-0.9058511266921111,0.301205227696055,0.8617997382607406,0.58513312278634,65.96401396282289,99.44626871079745,,0.8446029049455335,,
2019,14502,"Marshall, Trey",S,16,2.4875,1.0,0.0,19.3,4.735091736175763,1.903554466804327,0.0,1.625,0.3556295785924711,1.9423535879306701,0.8567085716624288,0.43373325387445305,48.03296038054871,78.88175930458789,0.4637658427582984,0.6503851708793389,,
2019,11862,"Allen, Beau",DT,13,1.8846153846153846,1.5,0.0,6.0,2.2630293359008693,1.200791076192298,0.0,3.0,-1.0881526981836203,1.275746866496677,0.8563354354726187,0.5775661787285381,53.839878887100376,75.87907474085253,0.6041488904076054,0.5617029490437172,1.0431096863795055,
2019,11213,"Austin, Tavon",WR,14,2.5,0.75,-2.0,15.2,4.837945254518108,1.9351781018072434,-0.875,4.025,-0.24574897104944277,0.09318039869099894,0.8517370712396308,0.4282328612220537,61.69163790072919,104.53658436009299,0.29780593485823087,0.33053204822326987,,
2019,14291,"Johnson, Darryl",DE,16,2.26875,0.0,0.0,13.3,3.8040634113405627,1.6767221647782096,0.0,2.25,-0.3675182209985574,1.9799390939748833,0.8475851658619886,0.4722564641100169,48.220294379822185,64.17651759117605,0.4470329095774216,0.49199040785180564,,
2019,14434,"Reaves, Jeremy",S,9,1.8333333333333333,1.0,0.0,7.0,2.1343747458109497,1.1642044068059725,0.0,2.0,-0.794285802067087,0.3264193753581721,0.8471165327858502,0.5849119783087708,64.77495933098515,106.37617815828804,,0.6318326364798406,,
2019,13869,"Bojorquez, Corey",PN,16,2.2375,2.1,-6.5,11.0,3.676254037740047,1.643018564353094,0.7250000000000001,3.225,0.4025063738876979,0.6717380866114447,0.8465699144824778,0.4784812762399334,61.12569775297758,78.67035447189727,0.7264997880316002,0.6212870774203003,1.1155528267722248,
2019,10838,"Ellison, Rhett",TE,10,2.18,1.1,-1.7,9.9,3.446389415025528,1.5809125756997835,0.1,2.45,0.007816744970841533,0.10153461651336182,0.8446624734698421,0.4902854420787352,92.7432699436038,167.5404467979321,0.4902854420787354,0.6123909175594874,0.6358003799405737,
2019,14250,"Hollins, Justin",DE,15,1.8266666666666667,1.0,0.0,6.0,2.1308735819429137,1.1665366324505002,0.25,3.25,-1.2239116252461153,0.6302071426710464,0.8431275240431002,0.5834367370186501,59.5724851835765,79.2851784192689,0.6539198809758848,0.8425544235655759,,
2019,13794,"Ratley, Damion",WR,12,2.4916666666666667,0.0,-3.0,15.3,4.963442745603992,1.992017155426351,-0.05,3.55,-0.2038653764993677,0.10899478053353703,0.8327715174185268,0.41782352459129796,60.19205885306149,101.99554513734788,0.30878990036782983,0.48932577547381856,0.3057402659388406,
2019,12219,"Edwards, Mario",DT,14,2.1357142857142857,0.0,0.0,10.1,3.362526079103783,1.5744269266706676,0.0,2.0,-0.3497577508334832,2.527123926263633,0.8295882332446937,0.48955908732424974,45.635985866834204,64.31694227476554,0.5598201108625037,0.759127345871635,0.6676855538102358,
2019,12358,"Chickillo, Anthony",DE,11,1.3818181818181818,1.5,0.0,2.7,0.9310972821141358,0.6738204015299667,0.75,2.0,-1.8379964658859849,-0.6733085347830712,0.8255474605012112,0.7155611447525774,73.06320118191891,97.24000809669766,0.8161851905286505,0.7746242633216948,0.8700366359465588,
2019,12645,"Treadwell, Laquon",WR,13,2.423076923076923,0.0,-2.0,14.4,4.72166102555411,1.9486220105461407,-0.3,2.8,-0.28455772695646864,0.09692090970791152,0.8217658670424572,0.4234918692762408,61.00864604070072,103.37925350257852,0.4589790539671439,0.5266853053408573,0.5883239605599331,
2019,13942,"Gray, J.T.",S,16,1.8125,1.0,0.0,9.0,2.1857135562557137,1.2059109275893594,0.875,2.0,-0.7715861819339026,0.4175737519756445,0.8216560230655902,0.5689463186170127,63.006872857160126,103.4725517618929,0.6841530014957538,0.7947535923903591,,
2019,13752,"Moore, Tarvarius",S,16,1.9375,1.0,0.0,11.0,2.633171804117612,1.359056415028445,0.0,2.25,-0.5737410787082736,0.7522907501110894,0.8213029530184585,0.5332805890996285,59.05713979530971,96.98613305619874,0.6190476190476191,0.5278640450004206,0.41530615647822416,
2019,14026,"Kalu, Joshua",S,8,1.75,1.0,0.0,5.0,1.984313483298443,1.1338934190276817,0.0,2.75,-0.86063587185308,0.26017124092518656,0.8200971915445503,0.5863995219650298,64.93969451065415,106.64671323854742,,0.49041523718803154,,
2019,8153,"Gould, Robbie",PK,13,2.069230769230769,1.7,-4.4,7.6,3.177416612809996,1.5355544968970243,0.0,5.0,-0.6776539178970037,0.13798956258806291,0.816086095472633,0.49533742047309787,69.59233094300376,92.43407258652395,0.4101622823772495,1.033889662921818,1.0977829136038577,
2019,14183,"Thompson, Deionte",S,11,1.5454545454545454,2.0,0.0,3.5,1.405420439430937,0.9093896961023711,0.0,2.75,-1.1165952927998,-0.23050735146677664,0.809397132816457,0.6424883235049593,71.15114165724466,116.84741448345632,0.7136777399829592,0.996239378675665,,
2019,14149,"Gary, Rashan",DE,16,2.0375,0.75,0.0,11.4,3.099168235188274,1.5210641645095822,0.0,2.125,-0.7283066796279419,1.5681348323368336,0.8081904573009355,0.49705205619754667,50.75207708826201,67.54607390797062,0.5604179040519975,0.7234239922702904,,
2019,7911,"Colquitt, Dustin",PN,16,2.1625,2.1,-8.4,7.9,3.679652667032583,1.701573487645125,0.825,4.675,0.40741983556001904,0.7522763827052177,0.8004594396153117,0.46210694550783066,59.033886764879675,75.97813961020506,0.4534016881103152,-0.10070016870884371,0.6951905577543656,
2019,12705,"Lee, Darron",LB,16,1.65625,1.0,0.0,6.5,1.782893978199489,1.0764642887242197,0.75,2.0,-0.7575254736976751,-0.08766841239309638,0.7976298985703243,0.5951538265469895,68.13930645759646,147.05233353278123,0.4464090342742714,0.45757913208220313,0.8931064073144271,
2019,13278,"Hill, Delano",S,12,1.6666666666666667,1.0,0.0,5.0,1.829541533341679,1.0977249200050072,0.0,2.875,-0.9290687872411513,0.1811208449757161,0.7945115447561583,0.589023573970423,65.23029013569708,107.1239416660271,0.6005973189017132,0.8366630080445516,0.7422885261556074,
2019,13833,"Howard, Travin",LB,16,1.84375,1.0,0.0,8.0,2.4604290149280876,1.3344699741982848,0.0,2.625,-0.4551774684625577,0.2859285429043538,0.789793837735347,0.5328096580066144,61.001507427279286,131.64815555880438,0.6653790828788834,1.1367922766682936,,
2019,14286,"Boyd, Kris",CB,16,2.125,1.0,0.0,15.0,3.6206870894900596,1.703852747995322,0.0,2.25,-0.2558129102226833,1.4401971111720038,0.7859155797502314,0.45988831505890077,51.844747895021435,78.16029408576662,0.4474702677411466,0.7800261954347512,,
2019,11448,"Harris, Demetrius",TE,15,1.8733333333333333,1.4,-1.5,9.1,2.61290812867366,1.394790816017968,0.15,3.0,-0.37399127560928125,0.10153461651336179,0.7822534314075462,0.5185112011195965,98.08250493901964,177.18575925278824,0.7073598325119371,0.5929395938503406,0.41950143179304517,
2019,11647,"Thomas, Logan",TE,16,1.89375,1.4,-3.0,8.3,2.7001085047642066,1.4257998705025514,0.0,3.425,-0.33404580408621903,0.10153461651336179,0.780670336010725,0.5118093152029555,96.81476422850012,174.89558935481585,0.5690403434628046,0.392240085530279,0.399399745134819,
2019,14595,"Strong, Kevin",DT,8,1.6875,0.75,0.0,5.0,1.9675095298371492,1.1659315732368292,0.0,3.0,-1.2866165253739408,1.15899580458037,0.7791104856919152,0.5686586624348959,53.00953317764363,74.7088294607557,,0.5,,
2019,12596,"LaCosse, Matt",TE,11,1.7636363636363634,0.5,-0.4,6.1,2.2812567219418685,1.293496079451575,0.0,3.4000000000000004,-0.5259169027353843,0.10153461651336178,0.7689729140753915,0.5374880763955074,101.672204561627,183.67054115672283,0.4567161684339439,0.7564878053161569,0.47897797412947574,
2019,13206,"Hall, Daeshon",DE,9,1.6555555555555557,1.0,0.0,5.9,1.9189760644162472,1.1591130590433707,0.0,3.0,-1.3323677210207334,0.6105675535695347,0.7667757594357175,0.5671699661184589,57.9115476612187,77.0746322686829,0.5161004799817084,0.44151844011225283,,
2019,12155,"Abdullah, Ameer",RB,16,1.79375,0.95,-0.1,8.9,2.4485885602730404,1.3650667931835765,0.0,2.0,-0.7515467487501347,-0.1322187984766018,0.7584352396176783,0.5201403323851369,77.75792758885244,145.73810410102658,0.5838306862795931,0.533675639029699,0.215267561921871,
2019,14107,"Arcega-Whiteside, JJ",TE,16,1.8562499999999997,0.0,-0.7,7.3,2.6893235092677115,1.4487938097065114,0.0,4.35,-0.3389862842744496,0.1015346165133618,0.7580262546573784,0.5031410217447816,95.17505435513885,171.93345824849428,0.8280117971132478,1.155845929317808,,
2019,14086,"Hill, Justice",RB,16,2.025,1.2000000000000002,-3.3,11.2,3.390704204144029,1.6744218292069282,0.1,2.475,-0.46643034998371186,-0.0835211694062958,0.7571730001173721,0.46120164462201,68.94693961133531,129.22407494775507,0.5355810842027017,0.7416147081504939,,
2019,13207,"Willis, Jordan",DE,9,2.0777777777777775,0.0,0.0,11.7,3.6367805597129683,1.750322194514263,0.0,2.0,-0.4531390682333081,2.1746531841577745,0.7554670437965672,0.44810785220907645,45.75457233423435,60.89488158565564,0.46514430203960155,0.33333333333333337,0.969554405428431,
2019,12317,"Uzomah, C.J.",TE,16,2.1625,0.05,-2.7,11.0,4.062461538279471,1.8785949309962868,-0.7,4.125,0.29003217291852873,0.10153461651336185,0.7512345612487947,0.4271637391510826,80.80305587341091,145.97048488695427,0.3742171752802061,0.8826362249412448,0.7532548103095205,
2019,12323,"Pinion, Bradley",PN,16,1.775,1.4,-2.8,6.5,2.4206145913796355,1.3637265303547244,0.1,3.4499999999999997,-1.4127949617114632,0.28759097709155135,0.7509328922807436,0.5189125967225935,66.29077483812057,85.3179423130206,0.5800219759459266,0.22938848603259435,0.6159619499983506,
2019,11712,"Lynch, Aaron",DE,16,1.6375,0.75,0.0,6.0,1.9354828209002526,1.1819742417711467,0.0,3.0,-1.3239190219370724,0.6710484312445499,0.7504671543101319,0.5578298698739488,56.95786629383941,75.80537520924022,0.602138561419321,0.47722557505166113,0.5251209977561667,
2019,11799,"Aikens, Walt",S,15,1.5333333333333334,1.0,0.0,4.5,1.6069294390925268,1.0479974602777349,0.25,2.5,-1.027497440588022,0.07243578788949734,0.748698845127178,0.5881760013677575,65.13642732743922,106.96979619196118,0.4003817058042662,0.5446073247603165,0.37122824751761924,
2019,13919,"Firkser, Anthony",TE,15,2.013333333333333,0.0,-2.1,9.2,3.4201104595547136,1.6987303607059836,-0.25,5.0,-0.004221336909966352,0.10153461651336183,0.7460298230041212,0.45549389585529915,86.16203891729623,155.65147213380308,0.523041010674527,0.28491891272884207,0.7250179771232591,
2019,12486,"Marlowe, Dean",S,9,1.5,1.0,0.0,4.0,1.5275252316519468,1.0183501544346312,0.0,2.0,-1.062606266255438,0.007638206318220475,0.74318125460256,0.5934658856084399,65.7222454492472,107.93185149137669,0.5901793596689109,0.512571981210175,,
2019,10874,"Bethel, Justin",CB,16,1.6875,1.0,0.0,7.0,2.1999644883497553,1.303682659762818,0.0,2.0,-0.9078864536026016,0.5772407600776591,0.7325227686411206,0.5273496022045719,59.44988442538322,89.62567354867967,0.45740433568224714,0.4930671018076693,0.46078587436244023,
2019,13909,"Maher, Brett",PK,13,2.4384615384615382,1.1,-5.8,13.8,5.716311137241523,2.3442285420864293,-1.3,3.4,1.81510358353733,0.9422054902562732,0.7291551721941251,0.3630656008385946,51.00882833250881,67.75105355361949,0.4130752481771628,-0.09975235053927395,0.6835551092415609,
2019,13613,"Samuels, Jaylen",RB,14,2.5500000000000003,2.35,-10.8,18.8,6.413239653805467,2.51499594266881,-0.5249999999999999,4.625,0.4482921983124178,0.04879917976163607,0.7254631418049026,0.34397916688029895,51.42286703225166,96.3795124317837,0.21740339985026774,0.7829882430984888,0.5407279642349891,
2019,10981,"Levine, Anthony",S,16,1.875,1.0,0.0,12.8,2.9783594477497175,1.5884583721331826,0.0,2.05,-0.4211152520240297,1.2536749941557295,0.7243693853398878,0.47129979697047175,52.19319540990514,85.71387324543718,0.5243395909335317,0.43616204150766325,0.5565509545939922,
2019,12380,"King, Akeem",CB,13,1.8461538461538463,0.0,0.0,9.0,2.8781979898261087,1.5590239111558089,0.0,3.0,-0.5965954794239067,1.127877504466045,0.7214289159650769,0.47603393405828265,53.66489752531769,80.90432190266561,0.5893246348286567,0.6635166769294215,0.46934167211056205,
2019,13504,"McRae, Tony",CB,16,1.75,0.5,0.0,8.0,2.537222891273055,1.4498416521560313,0.0,2.5,-0.7530938982843872,0.8924288125189774,0.714331882821846,0.49473840178902917,55.77351473140373,84.08323871938369,0.5054405487323114,0.2684747639175602,0.44325809314601605,
2019,13765,"Young, Kenny",LB,14,2.142857142857143,0.5,0.0,16.5,4.294633575873547,2.0041623354076554,0.0,1.0,0.3633308892346079,1.2556553404904902,0.7132960551435592,0.40472246325442807,46.33677332458428,100.0,0.2684747639175602,0.2684747639175602,0.9853304132365739,
2019,13719,"Pineiro, Eddy",PK,16,2.1687499999999997,1.85,-5.8,15.2,4.428983905762133,2.0421827807548745,0.4,4.3,0.5511697799897194,0.6418248689261876,0.7128927340328496,0.3994762256889663,56.12433172413323,74.54557825786145,0.15859457733555343,1.4016837081822553,,
2019,14083,"Homer, Travis",RB,16,2.05625,0.0,0.0,12.4,3.876204449909731,1.8850842309591396,0.0,1.0,-0.31950137945503054,-0.05035940281131271,0.7127174929365595,0.4216906860905034,63.04028315504618,118.1535006640974,0.576761440868037,1.0659461745800678,,
2019,14095,"Johnson, Ty",RB,16,1.9000000000000001,1.95,-5.0,10.3,3.191198834294097,1.6795783338389982,0.7,2.925,-0.5268074947177243,-0.08270944979409944,0.7090667871156779,0.4533309144041141,67.77031162798298,127.01877528451446,0.4408799465098583,0.40104261738188635,,
2019,14121,"Isabella, Andy",WR,15,2.493333333333333,0.0,-2.3,21.4,6.27731011040734,2.517637744815778,0.0,1.05,0.23462536561706232,0.2552386775661566,0.708809011674939,0.3426174363199937,49.35779743668273,83.63687091386463,0.39567672367453555,-0.12003202135269597,,
2019,13687,"Lewis, Tyquan",DE,9,1.5,1.0,0.0,4.5,1.6832508230603465,1.1221672153735642,0.0,2.5,-1.4530196269581082,0.5128247080570454,0.7068246032327643,0.559023400685738,57.07973314261685,75.96756812126895,0.5076970631155509,0.8840942102452263,0.8226566759449164,
2019,14322,"Edwards, T.J.",LB,16,1.40625,1.0,0.0,4.0,1.4055553840030637,0.999506050846623,0.0,2.625,-0.925911704769018,-0.19910534954158854,0.7032986968979519,0.5845843373017136,66.92920306136591,144.44079347634718,0.8639727568428616,0.8989602411475346,,
2019,8269,"Lewis, Marcedes",TE,16,1.70625,0.75,-1.0,9.5,2.434766095028432,1.4269691399434032,0.0,2.625,-0.45559605589883906,0.10153461651336179,0.703037369498563,0.496758717418828,93.96776626913224,169.7524958404795,0.41701787128035556,0.5851131422937603,0.14003255821088698,
2019,12775,"Smith, Ryan",CB,12,1.6666666666666667,1.0,0.0,7.0,2.2852182001336816,1.3711309200802089,0.0,2.0,-0.8687572880043237,0.7226911730963836,0.7028994698488804,0.5073229737369794,57.19221561734531,86.22204897436767,0.43202160192395433,0.35294117647058826,0.7826871392395267,
2019,13255,"Wilson, Quincy",CB,9,1.2222222222222223,1.0,0.0,3.0,0.9162456945817024,0.7496555682941201,1.0,2.0,-1.4970789264216235,-0.6175042029278146,0.698550185745338,0.6378212489547284,71.90372264603073,108.4008763868411,0.6411010564593265,0.5539679298968669,0.7963683595990886,
2019,13863,"Pringle, Byron",WR,16,2.2125000000000004,0.95,0.0,20.6,4.831650209814449,2.1837967050008804,0.0,2.025,-0.24784988237254024,0.16235377990895952,0.6949250234868211,0.37939518324957927,54.6560350355207,92.61474345150064,0.5012149810710733,0.4714007855078866,,
2019,12636,"Smallwood, Wendell",RB,15,1.7733333333333334,1.4,-2.4,10.0,2.8110417207070326,1.5851739026543417,0.0,2.2,-0.6418560324386671,-0.0975702777654812,0.6859628791365074,0.46531459461544306,69.56180150120147,130.37648228282293,0.4357143895889958,0.35109403171983605,0.682741320814896,
2019,13776,"Watson, Justin",WR,16,1.875,0.0,0.0,12.6,3.278052013010166,1.7482944069387552,0.0,2.4,-0.7663485105574492,0.041183577445525005,0.6822413185669245,0.4382835912929197,63.13955574243897,106.99008358230424,0.5721172219476226,0.9442008555212347,0.2564794071574288,
2019,14236,"Amadi, Ugo",CB,16,1.375,1.0,0.0,5.0,1.4086784586980805,1.0244934245076949,0.75,1.25,-1.2710655040153,-0.02482353909254563,0.6791822504112923,0.570852450244938,64.35410598421831,97.01919776981137,0.6499590382848429,0.9107711547777728,,
2019,12693,"Calhoun, Shilique",DE,15,1.6,1.0,0.0,8.0,2.1847959477565255,1.3654974673478284,0.0,2.0,-1.1963123907702367,1.156572119533065,0.6763904937906798,0.5023869743137209,51.2968050943444,68.27105385499021,0.42857142857142855,0.4364588774717798,,
2019,12361,"Nunez-Roches, Rakeem",DT,16,1.59375,0.75,0.0,7.0,2.18101717955178,1.3684813675619012,0.0,2.5,-1.1432300435635159,1.8373733364858205,0.6728995304027221,0.501018985450612,46.70426089730798,65.82251254269063,0.36842105263157887,0.3941735213160005,,
2019,11257,"McDonald, Vance",TE,14,2.142857142857143,1.6,-8.4,12.6,4.688392091982417,2.1879163095917944,0.2,4.9,0.5767636324525229,0.10153461651336189,0.6721811160505436,0.37670700405434826,71.25856973956023,128.72839850921062,0.11347501683499049,0.20070886335985014,0.84639632161558,
2019,13774,"Reed, D.J.",CB,16,2.1125,0.25,0.0,17.8,4.534158549279017,2.1463472422622565,0.0,1.25,0.16344597330808408,2.3944249392401256,0.6714134955050575,0.3817201804374061,43.03259263868176,64.87523293049608,0.3402323433336199,0.33333333333333337,0.4751556797492218,
2019,12814,"Grant, Jakeem",WR,10,1.9200000000000004,0.65,-2.1,10.3,3.6054958050176684,1.877862398446702,-0.75,3.275,-0.6570672579705278,0.07723339815521706,0.6671618493769201,0.41689322524366834,60.05803903419596,101.76844832848528,0.4168932252436683,0.8844820964073067,0.5910726357742286,
2019,14058,"Haskins, Dwayne",QB,9,3.755555555555555,2.5,-19.2,40.4,17.44796142890886,4.645906889354431,-9.2,8.0,-0.46952845641330115,2.4946803836221747,0.6651819856676694,0.2035756400525868,18.63742875616496,28.784769342024735,,0.5397956760753915,,
2019,9200,"Slater, Matt",WR,16,1.65625,0.0,0.0,7.0,2.510719207219318,1.5159059364343053,0.0,2.0,-1.0224385394865656,-0.023474079119068368,0.6583115751725352,0.4717694302051119,67.96355790583651,115.16436337560047,0.5040616127603705,0.3739756162679404,0.3684575786022312,
2019,12776,"Killebrew, Miles",S,15,1.2666666666666666,1.0,0.0,4.0,1.195361405136074,0.9437063724758479,0.25,2.0,-1.2094735703198285,-0.15550432595298563,0.6516759344947849,0.5769740980702698,63.89589395244762,104.93253980967452,0.6086956521739131,0.5416666666666666,0.22412873081704252,
2019,13987,"Spillane, Robert",LB,8,1.1875,1.5,0.0,2.5,0.998044963916957,0.8404589169827006,0.0,2.0,-1.1077620238616872,-0.42940851069545505,0.6452195096790427,0.594330969245072,68.0450973248223,146.84901956416658,,0.4040820577345752,,
2019,14217,"Barton, Cody",LB,16,1.5625,1.0,0.0,7.5,2.235194342780958,1.4305243793798132,0.0,1.125,-0.5556877744126083,0.4250170798596136,0.6428653887432706,0.4829694399925546,55.29528873609305,119.33348994491979,0.601722730783841,0.7208114920813226,,
2019,13291,"Gedeon, Ben",LB,8,1.3125,1.0,0.0,4.5,1.3678792892649556,1.042193744201871,0.375,1.625,-0.9427245505579499,-0.13729278817539758,0.6426912254169844,0.5542934582646865,63.46119294783098,136.956435234046,0.6512264130386682,0.585786437626905,0.8159988352403726,
2019,12710,"Brothers, Kentrell",LB,13,1.5,1.0,0.0,7.5,2.009592381171251,1.3397282541141673,0.0,2.0,-0.656361982198482,0.2935426284740801,0.6411000924412513,0.4984063653883391,57.062666081894875,123.14769024199599,0.4422485354685854,0.784584683971008,0.3927243237081119,
2019,13365,"O'Connor, Pat",DT,8,1.375,1.0,0.0,5.0,1.5761900266148114,1.1463200193562264,0.0,2.0,-1.5494170709555608,1.093313005135003,0.6406314005366366,0.5337339193905623,49.75389944263263,70.12051164477843,,0.5604745567863219,,
2019,10940,"Carrier, Derek",TE,16,1.5875,0.5,-1.0,7.5,2.352890509564778,1.482135754056553,0.0,1.9,-0.49310230316750203,0.1015346165133618,0.6395701755657601,0.47347206700348393,89.56282188327434,161.79497664824646,0.4085065071561887,0.5079949010683972,0.34230970693212676,
2019,14394,"Milligan, Rolan",CB,11,1.2727272727272727,1.0,0.0,4.0,1.28564869306645,1.0101525445522106,0.25,2.0,-1.3275328644642916,-0.05574927242890729,0.6331495966196886,0.5568341611675103,62.77377737107298,94.63672019646683,0.580939946588642,0.761479890066807,,
2019,11381,"Willson, Luke",TE,8,1.4,1.2,-1.0,4.5,1.736375535418534,1.2402682395846671,0.0,2.225,-0.7755205959249581,0.10153461651336178,0.6249251653273235,0.5116256821766487,96.78002787724907,174.83283823754047,0.4224917836582111,0.26847328122848907,0.21025135747190374,
2019,12680,"Vannett, Nick",TE,16,1.3875,1.15,-1.0,4.9,1.7076573865972062,1.2307440624124009,0.0,2.25,-0.7886760437265391,0.10153461651336178,0.6219897761375238,0.512435586152099,96.93323075984969,175.10959879835798,0.4590806862035324,0.6438125112209452,0.5420124759033969,
2019,12823,"Watt, Derek",RB,16,1.3812499999999999,1.0,-0.7,5.8,1.6882752848691474,1.2222807492265322,0.0,1.675,-0.9816435361538122,-0.15469569717015233,0.6215461302451304,0.5138052668096573,76.8108724584996,143.96308226779863,0.5833059420753072,0.4180074456086486,0.17720994282723196,
2019,12665,"Allison, Geronimo",WR,16,1.8875000000000002,1.55,-3.8,13.8,3.8460816098985733,2.0376591310720915,-0.325,3.125,-0.576774032831553,0.12169378913678576,0.6213666242840875,0.3894899326797563,56.11029434847462,95.07898830741914,0.365030684489843,0.3499523623364317,,
2019,12185,"Hardy, Justin",WR,16,1.5625,0.3,-1.0,7.0,2.3811433703160336,1.5239317570022615,0.0,3.225,-1.065683243180521,-0.021241047726394242,0.6190737905908443,0.4621217821514484,66.57370844724565,112.80926112641711,0.5567845160256231,0.7112619844771757,0.4561924165313478,
2019,14027,"James, Craig",CB,14,1.2857142857142858,1.0,0.0,4.0,1.385051387833237,1.077262190536962,0.0,2.75,-1.2819096954191402,0.08897092761909381,0.6189465593565417,0.5390719429665316,60.771383105917195,91.6179433483831,0.4213913870484457,0.2684747639175602,,
2019,14268,"Long Jr., David",LB,14,1.7857142857142858,0.0,0.0,12.5,3.4001800672605444,1.9041008376659048,0.0,2.375,-0.03581634219192334,1.1107644601591788,0.6148940362379107,0.40582754760443984,46.46329470078684,100.27304744617476,0.5214054463063535,0.6023970476434678,,
2019,13203,"Rochell, Isaac",DE,16,1.29375,1.0,0.0,4.7,1.4428568666018122,1.1152516843299032,0.0,2.0,-1.576061134332186,0.4945291810018657,0.611629343961426,0.5296053230493599,54.075966182247306,71.96984671265362,0.46320222397239014,0.3076923076923077,1.1143336429690525,
2019,13970,"Brown, Tony",CB,9,1.4444444444444444,0.0,0.0,5.0,2.006163342807532,1.3888823142513684,0.0,2.0,-0.9968359780089673,0.760971591326646,0.6046528269003936,0.4804943310550255,54.16773299696524,81.66238843662406,0.5443592998342748,0.4082921491158833,1.3314383778903296,
2019,12800,"Davis, Trevor",WR,14,2.028571428571429,0.0,-2.0,18.3,4.893060475441371,2.412072065358422,0.0,1.625,-0.22735479004459708,0.22586704207776445,0.5945277209021483,0.3442305465937876,49.59018365436078,84.0306497512415,0.10934762490787589,-0.2817541634481458,,
2019,14284,"Thompson, Darwin",RB,12,1.541666666666667,0.5,-0.7,8.3,2.510796133146262,1.628624518797575,0.0,2.15,-0.7327206107181443,-0.0907304279443207,0.5864917775977678,0.43912167160930393,65.64611320778977,123.03748797281746,0.5153350899401234,1.0057744734122762,,
2019,14306,"Dogbe, Michael",DT,8,1.375,1.0,0.0,6.0,1.8666480653835098,1.3575622293698253,0.0,1.25,-1.3543526020793162,1.8008030795672327,0.5832295677588696,0.4796542751808105,44.71267368921292,63.01567497656493,,0.6456574684354723,,
2019,12792,"DeValve, Seth",TE,12,1.4833333333333334,0.15,-2.0,5.7,2.2963134706645683,1.548076497077237,0.0,3.05,-0.519019582399197,0.1015346165133618,0.5821384621045664,0.44999765542149095,85.12236025976479,153.77329566973174,0.5222643233909477,1.1417527054161662,0.3422563895141594,
2019,10369,"Powell, Bilal",RB,13,1.7461538461538462,0.4,-0.5,13.1,3.494086297339325,2.001018584379349,0.0,2.2,-0.43514339460776036,-0.03210940691036685,0.5818537263457081,0.3885447965669101,58.08516716620324,108.86635487449972,0.4755624673563352,0.5354759289707042,,
2019,10514,"Bellore, Nick",LB,14,1.442857142857143,0.5,0.0,6.4,2.1356545619934106,1.4801566271241458,0.0,1.0,-0.6001071070392564,0.4968854830995696,0.5817604933000549,0.46014543832273547,52.682163229714895,113.6940694180016,0.4119854854592203,0.4240321739798401,0.44635457082178237,
2019,12851,"Matakevich, Tyler",LB,16,1.0625,1.0,0.0,3.0,0.8816709987291178,0.8298079988038756,0.375,2.0,-1.159693561462655,-0.44483123518084733,0.5806620151920551,0.564657690275087,64.64779639328249,139.5172597375985,0.4667055626868817,0.4003817405719277,0.3757351161049499,
2019,14093,"Armstead, Ryquell",RB,16,1.94375,-0.05,-1.9,12.3,4.60379853354814,2.3685137150086892,-1.0,1.55,-0.09930653794028078,0.025740440263869437,0.5770349075140951,0.34686293384092837,51.8539732713689,97.18751500982667,0.3337799851977078,0.33294877538734863,,
2019,13360,"Hester, Treyvon",DT,15,1.54,0.0,0.0,8.0,2.572106788866538,1.6701992135497001,0.0,2.25,-0.8805838890711217,2.847883410687838,0.576735994897085,0.4311181302865405,40.18820487681303,56.63912818123025,0.28952602130004734,0.30769230769230765,0.7158903894617672,
2019,13536,"Irving, Isaiah",DE,13,1.0384615384615385,1.0,0.0,3.0,0.8651709137847687,0.8331275466075551,0.5,1.5,-1.8717397423578424,-0.2518502021620259,0.5664971542124001,0.55676481484172,56.84911761364597,75.66064130254779,0.5913239254819657,0.6613259752175215,0.33478643409291375,
2019,12976,"Hamilton, Antonio",CB,16,1.8125,1.0,0.0,17.0,4.096015594452736,2.25987067280151,0.0,1.0,-0.037649883709471345,2.6392352543103192,0.5560036522683123,0.35567002620105703,40.09587162450038,60.4478803550521,0.36938753353820897,0.49900631012588087,0.3398113794914796,
2019,14182,"Hooker, Amani",S,16,1.09375,1.0,0.0,3.5,1.0638777831593251,0.9726882588885258,0.0,1.625,-1.2676094766010735,-0.09216109473820686,0.5544464489367685,0.5299490158403269,58.68819108100327,96.38022987123821,0.7055190671968048,0.646110632135477,,
2019,14212,"Takitaki, Sione",LB,15,1.1666666666666667,1.0,0.0,5.0,1.3123346456686351,1.1248582677159729,0.25,1.5,-0.9675111833997436,-0.017593044973082155,0.5490562285458814,0.5045405814647185,57.764973973504354,124.66335014064687,0.6988369526741032,0.7820559264859079,,
2019,13718,"Carlson, Daniel",PK,16,1.40625,1.55,-2.6,5.2,2.2043901509261015,1.56756632954745,0.15000000000000002,2.375,-1.6329984541172606,0.16982491806221053,0.5476976325078466,0.4388510555100725,61.65629049502059,81.89324820431933,0.3962999139062601,0.3113377941485609,0.7124081591316407,
2019,11555,"Davis, Cody",S,16,1.04375,1.0,0.0,3.2,0.9539187268840045,0.9139341095894654,0.375,1.125,-1.3162282269388657,-0.22057501545007574,0.5453427026408354,0.5341829143858565,59.157066084881926,97.150236235761,0.6898457117733032,0.7294209049135624,0.2802824922098927,
2019,14248,"Keke, Kingsley",DT,14,1.0,1.0,0.0,2.0,0.8451542547285166,0.8451542547285166,0.0,2.0,-2.0403627000627385,0.08465195572077289,0.541960108450192,0.541960108450192,50.520732818589394,71.20124600471298,0.6411010564593264,0.6061230866018628,,
2019,13388,"Langi, Harvey",LB,16,1.125,0.75,0.0,4.5,1.231107225224513,1.0943175335329005,0.375,1.25,-1.0037586794115436,-0.06181658711084455,0.5371678276990974,0.5042339459443922,57.72986719814928,124.58758574697801,0.4340578300578996,0.34549150281252633,,
2019,13946,"Toliver, Kevin",CB,12,1.5833333333333333,0.0,0.0,10.0,3.0945741046045234,1.954467855539699,0.0,0.75,-0.4972846500240673,1.9806420497001345,0.535911511226817,0.38669060392698895,43.59292510269732,65.71998098987405,0.44186046511627897,0.7890763909688476,0.4978529511903805,
2019,13649,"Hamilton, DaeSean",WR,16,1.96875,0.0,-5.4,15.3,5.324321406292073,2.7044172222435927,-1.175,4.5,-0.08342555435431816,0.30720650229785135,0.5314601142059316,0.31129822055553485,44.84592108800167,75.99148883947117,0.30752901704285834,0.6240778458301476,0.4874680341909092,
2019,14012,"Ford, Mike",CB,15,1.2,1.0,0.0,5.0,1.5143755588800727,1.2619796324000607,0.0,1.0,-1.2225533718190957,0.48730926999176555,0.5305087556101231,0.47725567318769657,53.80262826359451,81.11196251131828,0.4142135623730951,0.40271214587634024,,
2019,11193,"Bernard, Giovani",RB,16,1.73125,1.0,-5.6,9.0,3.9204143196223535,2.264499245991251,-0.725,4.800000000000001,-0.3061219616262339,0.00936683246595506,0.5303263592803537,0.35185045151500066,52.59957789766324,98.58496743705248,0.40874693762152875,0.4873557874849233,0.6240278358427126,
2019,11225,"Patterson, Cordarrelle",RB,16,1.5437500000000002,1.1,-2.8,10.3,2.953804485320584,1.9133956180214307,0.375,2.225,-0.5986511397173142,-0.04590271950223207,0.5298799759465569,0.3904467218173104,58.36949383093597,109.39925525325742,0.37967116526060235,0.48040981244173125,0.7688466370920367,
2019,12394,"Carter, DeAndre",WR,16,1.5999999999999999,0.0,-0.7,9.8,3.2800533532246092,2.0500333457653808,0.0,0.35,-0.7656805822875435,0.12513667820162824,0.524584428633023,0.3738271156817598,53.85389386582986,91.25551388802201,0.5493632593300954,0.6608311630517174,0.49790668596863336,
2019,14154,"Nelson, Anthony",DE,9,1.5,0.5,0.0,9.5,2.8674417556808756,1.9116278371205837,0.0,1.0,-0.8469118881661056,2.6013986835019227,0.5151757312100043,0.3878532877183357,39.60221009405412,52.70668637423375,,0.2910857029407469,,
2019,14558,"Harty, Deonte",WR,14,1.292857142857143,0.5,-1.9,5.0,1.9517260806469618,1.5096223828208544,0.0,2.475,-1.2089971811538567,-0.025222357984460434,0.5151600303325122,0.4380003792810522,63.09875594759041,106.92094826119438,0.5767318466731759,0.6494357053843857,,
2019,13634,"Pettis, Dante",WR,10,1.6200000000000003,0.45,-3.0,8.0,3.480747046253146,2.1486092878105834,-1.125,4.725,-0.6987009702265182,0.15256355266082358,0.5145128696252063,0.3615468544145253,52.08478761540658,88.25776036611146,0.36154685441452517,0.06036354976129759,0.7251066099121322,
2019,13766,"Watts, Armani",S,16,1.18125,1.0,0.0,4.9,1.544837673511363,1.3077990886868682,0.0,1.125,-1.0549515144140527,0.6402619943677926,0.5118513157365566,0.464174989350151,51.40417220476957,84.4181059627185,0.6189165950513219,0.48847852520380647,,
2019,13952,"Luvu, Frankie",LB,13,1.2538461538461538,1.0,0.0,6.8,1.8198120717072301,1.451383860870797,0.0,2.0,-0.7410508837147805,0.4552219908862677,0.5114850325402543,0.44465592811191273,50.90876543564058,109.86687631231888,0.39559796477723275,0.33333333333333337,0.8239444222760215,
2019,14590,"Al-Shaair, Azeez",LB,15,0.9666666666666667,1.0,0.0,2.5,0.865383665716478,0.8952244817756668,0.0,1.5,-1.1669617356234316,-0.3501069704049637,0.5100539149647227,0.5182133222418769,59.330369392929605,128.04165058565158,0.513167019494862,0.769750529242293,,
2019,13329,"Vallejo, Tanner",LB,11,1.6818181818181819,0.0,0.0,13.5,3.909619414590396,2.3246385708375326,0.0,0.5,0.1915194590637097,1.7197107956321023,0.5058649672690597,0.34255571354882586,39.21928701984273,84.63965918627028,0.36544459286381886,0.5613921689251273,0.5614544308684047,
2019,13963,"Hodge, KhaDarel",WR,16,1.225,1.0,-1.0,7.0,1.7700635581808921,1.444949843412973,0.0,1.85,-1.269625320968268,-0.04321625773825588,0.5010327730445336,0.4422281201390414,63.7078083622157,107.9529886039009,0.5239356377039932,0.5620147665615973,0.2525220761459081,
2019,12208,"Heuerman, Jeff",TE,14,1.2357142857142855,0.15,-1.0,5.4,1.8160424565746343,1.4696297336442128,0.0,1.975,-0.739026111921052,0.1015346165133618,0.5003641917976311,0.4388123775723816,83.00653312331971,149.95106011557502,0.4272709503144992,0.407071074752455,0.5968085182799221,
2019,13465,"Bello, B.J.",LB,8,1.25,0.5,0.0,6.0,1.9039432764659772,1.5231546211727818,0.0,1.25,-0.7035075825452151,0.5591473655497649,0.4954115730802857,0.43044917926951287,49.28223130285204,106.35663160582014,0.3814222219592767,0.38713920874197694,,
2019,13015,"Longa, Steve",LB,10,1.1,0.5,0.0,4.5,1.3564659966250536,1.2331509060227759,0.125,1.375,-0.9478176986252451,0.13921667756544104,0.4925775490735157,0.4668007098661417,53.44412688856549,115.33847321261442,0.4668007098661417,0.5958521344654537,,
2019,14435,"Bonnafon, Reggie",RB,16,1.74375,0.0,-0.4,18.0,4.501523179713729,2.5815186693698804,0.0,0.7749999999999999,-0.1302585561532616,0.059270963609982845,0.4868744688986332,0.31695767572694944,47.38331266274127,88.80836163750942,0.29679284385711335,0.4994374044131105,,
2019,12261,"Montgomery, Ty",RB,16,1.38125,0.45,-1.8,7.2,2.5571514303028673,1.8513313522554695,-0.05,1.225,-0.7186919132063041,-0.05567266742887104,0.4844228289733494,0.38830227699426223,58.04891191315959,108.7984033227271,0.49762384192472375,0.53511329949689,0.7722278973350813,
2019,14654,"Hentges, Hale",TE,11,1.5636363636363635,0.0,-2.5,9.1,3.5053913611808483,2.2418200565691473,0.0,1.2,0.03484484583023798,0.10153461651336189,0.4823328674482866,0.34705894300523976,65.65028955582933,118.59705670595491,0.3707116051058462,0.6594038529360653,,
2019,13427,"Tonyan, Robert",TE,11,1.3818181818181818,0.0,-1.7,6.2,2.6023828877040516,1.8833034055753004,-0.35,3.2,-0.3788127652894209,0.10153461651336185,0.47924827444320595,0.38358448418537544,72.55952616530945,131.07857249991858,0.2897751945340712,0.2451428180275776,0.22922541000605082,
2019,12627,"Prosise, C.J.",RB,9,1.3444444444444446,1.8,-4.1,4.4,2.4322422718832515,1.8091058220619225,0.0,3.2,-0.7564936943923326,-0.06231966834114046,0.4786022775950832,0.3917102401127283,58.55838240197174,109.75328040648247,0.3215286760935125,0.12903807921135071,,
2019,14677,"Brown, Miles",DT,9,1.1111111111111112,0.0,0.0,4.5,1.4865653511399612,1.3379088160259651,0.0,1.5,-1.6096067967893477,1.7349800848702928,0.4752585316820889,0.44684573063874006,41.654308899751555,58.70537756800349,,0.4364770301671399,,
2019,11719,"McCullers, Daniel",DT,16,1.125,0.0,0.0,4.0,1.5461646096066226,1.3743685418725535,0.0,2.625,-1.569581401907868,1.8570905956025985,0.47381018580745055,0.44184103249075096,41.18777821967018,58.047873928052375,0.44663269492636604,0.624730204516148,0.33638495727450857,
2019,14618,"Hodges, Devlin",QB,8,3.0999999999999996,13.9,-29.3,19.8,17.22534469901836,5.556562806134956,-11.9,15.625,-0.5179745073151059,3.1811509251386525,0.4728087096335505,0.1700928048931206,15.572062218804358,24.050432332285716,,-0.1936567017483141,,
2019,12923,"Ham, C.J.",RB,16,1.4000000000000001,0.5,-2.0,7.9,2.8197960919187044,2.014140065656217,-0.625,2.5,-0.639206660453843,-0.03004386746970408,0.4644774195970226,0.36651171065436966,54.791350109006245,102.69290519474856,0.6344531218598433,0.58821556005996,0.20233419465742714,
2019,12974,"Dangerfield, Jordan",S,16,1.15625,0.75,0.0,7.0,1.729511762752714,1.49579395697532,0.0,1.0,-0.9732972719821852,1.0511463046443699,0.4632794292848084,0.42361055767494527,46.91194173336878,77.04077506372042,0.44886728196515546,0.33843550669635863,0.30838321579484546,
2019,13724,"James, Richie",WR,16,1.61875,0.0,-1.8,11.2,4.053427369214847,2.50404779565396,0.0,0.0,-0.5075743568879346,0.2514575335888856,0.46196573060667767,0.3203271525898087,46.14663772170224,78.19555536670808,0.25187794020828547,-0.037037037037037035,0.4689111399033598,
2019,12429,"White, DeAndrew",WR,10,1.0,0.5,0.0,3.1,1.1721774609674083,1.1721774609674083,0.0,1.9000000000000001,-1.4691641218330542,-0.11910996703539387,0.4603675426936051,0.4603675426936051,66.32099102356264,112.38103102621106,0.4603675426936051,0.5590627345066743,,
2019,14319,"Beck, Andrew",RB,16,1.225,0.0,-1.0,5.9,2.0580634101018367,1.680051763348438,0.0,2.0,-0.8697330087585478,-0.08263492411338645,0.4570807238698605,0.4005803136564805,59.884406348548104,112.23858604616498,0.5723602848197088,1.0724059832406168,,
2019,12281,"Richards, Jordan",S,12,1.2916666666666667,1.0,0.0,9.0,2.384483987970749,1.8460521197192896,0.0,1.0,-0.6836991963463639,1.8166756242903657,0.45384505003164377,0.38164360394599395,42.26439163720178,69.40837170699707,0.405773530887106,0.5832488125079073,0.8914507196912285,
2019,13685,"Okoronkwo, Ogbonnia",DE,10,1.19,0.0,0.0,6.4,1.9377564346429095,1.6283667518007643,0.0,1.5,-1.322755311891262,1.8520114249632365,0.4527526454155224,0.4050710215343795,41.360246788644794,55.0464620704921,0.4050710215343795,0.18749999999999997,,
2019,13988,"Dwelley, Ross",TE,16,1.4,0.0,-1.8,8.6,2.9383243524158456,2.098803108868461,0.0,1.625,-0.22492191282192114,0.10153461651336187,0.4517873355662196,0.3554811322590056,67.24344591830743,121.47508903057383,0.6091355832499384,0.5940178374261367,0.23912315455901295,
2019,13953,"Thomas, Tavierre",S,16,1.1875,0.5,0.0,7.0,1.9435389756832766,1.6366644005753908,0.0,1.0,-0.8786644515175375,1.3590347889627798,0.4503796538311268,0.4034259474088834,44.67663564017445,73.36986084526559,0.3679953270936573,0.2684747639175602,,
2019,10353,"Acho, Sam",LB,8,1.575,0.0,0.0,12.1,3.9814413219335534,2.527899252021304,0.0,0.125,0.2235697726862118,2.014035982623286,0.4464413203119693,0.3161735526352966,36.19878699562141,78.1210783540163,0.2960422196518999,0.4143835616438356,,
2019,14087,"Henderson, Darrell",RB,13,1.323076923076923,0.0,-1.2,7.1,2.5994537432533034,1.9647034105984271,0.0,1.7,-0.7058897872609566,-0.03782601939917582,0.4462763183484378,0.3675771429364399,54.950625983384505,102.9914286338461,0.46443681211145355,0.25324346003355813,,
2019,14331,"Johnson, D'Ernest",RB,16,1.16875,0.6,0.0,6.3,1.8926564499401364,1.6193851978097424,0.0,1.0,-0.9197908091135361,-0.09218485077224904,0.44619248859513927,0.40404037611317006,60.40166538271382,113.20806084193163,0.3230553160677385,0.43749999999999994,,
2019,12805,"Brown, Jatavis",LB,13,1.0769230769230769,1.0,0.0,5.5,1.5297832154885647,1.42051298581081,0.0,1.0,-0.8704754025732232,0.410520398715585,0.44491522385381255,0.4256977713859549,48.73824145780441,105.18263996588217,0.448353939976309,0.43749999999999994,1.6634181595184927,
2019,13841,"Crossen, Keion",CB,16,1.0625,1.0,0.0,6.0,1.4776988021921111,1.390775343239634,0.0,1.25,-1.2393870187773455,0.7650538589330151,0.4444164956797042,0.428825327380377,48.342913401024866,72.88098566971128,0.4753311962570504,0.33333333333333337,0.4791096692703335,
2019,10368,"Jones, Taiwan",RB,11,1.0999999999999999,0.5,0.0,6.1,1.6486909407714407,1.4988099461558555,0.25,1.0,-0.9936231118142865,-0.11116540126070645,0.4402095492265144,0.415299491181716,62.08483701872204,116.36275195465657,0.4268357769547707,0.5691706362121368,,
2019,13220,"Riley, Duke",LB,16,1.125,0.5,0.0,7.0,1.7544586059522749,1.5595187608464665,0.0,1.25,-0.7702146744194188,0.6118033054339479,0.43953575070805406,0.4084287190117579,46.76110344831741,100.91575242143156,0.5901546554518324,0.6258928115935691,0.9062940257303577,
2019,13254,"Shaheen, Adam",TE,8,1.2625000000000002,0.45,-2.0,6.3,2.433072902730208,1.9271864576080853,-0.075,2.1,-0.456371687470216,0.10153461651336185,0.4313015307646772,0.36774634147616736,69.56355480124533,125.66635896426968,0.2870079743072575,0.31026984548827435,,
2019,14660,"Tauaefa, Josiah",LB,12,1.2916666666666667,0.0,0.0,7.0,2.5856844140167,2.0018201914968,0.0,0.375,-0.3992826172645665,1.2522638732351998,0.4302944827693367,0.36022876458883224,41.242678934908675,89.00636789274903,0.27435165230282715,0.3684210526315789,,
2019,11511,"Bates, Daren",LB,13,1.4230769230769231,0.5,0.0,13.0,3.367526790745774,2.366370177280814,0.0,1.0,-0.050387770211794525,1.7801389256488285,0.4227333442653101,0.3258312979538533,37.304504607769864,80.50734207679004,0.3319718441155975,0.541904511690864,0.2575306591598811,
2019,12207,"O'Leary, Nick",TE,12,1.2916666666666667,0.2,-2.3,7.3,2.663161759179407,2.061802652267928,0.0,1.875,-0.35097067574153107,0.10153461651336186,0.42186476836118353,0.35260978127157994,66.70029603688205,120.49389035311088,0.38179886174116273,0.4511679294069193,0.316390486477984,
2019,12868,"Braunecker, Ben",TE,11,1.2363636363636363,0.0,-0.9,7.9,2.45663210968066,1.986981853418181,0.0,1.65,-0.44557949054932183,0.10153461651336186,0.41391735773312177,0.3576786875586414,67.65913940393492,122.226038100575,0.38377987159974025,0.3439293586631875,0.27293955154416505,
2019,10315,"Reed, Brooks",DE,9,1.0555555555555556,0.5,0.0,5.5,1.657381543352922,1.5701509358080312,0.0,1.0,-1.4662603723444516,1.6979973615731658,0.4106978858125696,0.397216409587808,40.55824251959426,53.97907246321385,0.36483715012579765,0.4880200615148964,0.6574647243736591,
2019,14669,"Nixon, Keisean",CB,14,1.0714285714285714,1.0,0.0,7.0,1.751092953161609,1.6343534229508352,0.0,1.0,-1.1139064410636252,1.2903236306007522,0.40671405821790807,0.3894556053430565,43.904632960130144,66.18990665823924,0.36395220898939656,0.4292264197260052,,
2019,12850,"Fejedelem, Clayton",S,16,0.875,0.25,0.0,3.0,1.0383279828647594,1.1866605518454392,0.0,2.0,-1.2789064029642068,0.37549985159678256,0.40015355801866037,0.42927340808530484,47.539063280937526,78.07066059603234,0.3535718005177533,0.7108273320571312,0.39092208969489384,
2019,12309,"Pruitt, MyCole",TE,16,1.2249999999999999,0.0,-1.0,8.2,2.526484712005992,2.0624364995967284,0.0,1.25,-0.41358083111577804,0.10153461651336186,0.40000829410219996,0.3473714194278119,65.7093981540507,118.7038362163348,0.49899867804514497,0.7535797393785806,0.3866045356627872,
2019,13926,"Board, Chris",LB,15,1.0666666666666667,0.0,0.0,7.0,1.7969109295924741,1.6846039964929445,0.0,1.25,-0.7512704506163458,0.7929290163047099,0.3973273779149983,0.3813731268239157,43.66350211359159,94.23077823682996,0.34371322629747847,0.5255384924034877,0.4045667840510363,
2019,11460,"McCray, Lerentee",DE,9,0.8888888888888888,0.0,0.0,3.0,1.0999438818457405,1.2374368670764582,0.0,2.0,-1.7515752411096965,0.8177787337214275,0.397279986742309,0.4232917348760778,43.22069387178385,57.52253602429375,0.4403065089105502,0.5539679298968669,0.37061036927199176,
2019,13708,"Jackson, Josh",CB,14,0.7857142857142857,1.0,0.0,2.0,0.7726181304565692,0.9833321660356336,0.0,1.0,-1.5630001235581594,-0.11358671870546913,0.3961586965459265,0.4432507330340298,49.96913762744658,75.33265471907946,0.5635083268962916,0.6125741132772068,1.326420285022521,
2019,12822,"Vitale, Dan",RB,15,1.1866666666666668,0.5,-1.0,8.1,2.3935654483543076,2.017049535130034,0.0,1.2000000000000002,-0.7681986233063535,-0.02958586857287467,0.39332024643590136,0.3496813851762119,52.27531520775888,97.97721680476666,0.2554791459911927,-0.25206576156407234,,
2019,14481,"Bryant, Ventell",WR,12,1.0666666666666667,0.5,0.0,6.8,1.839081896551163,1.7241392780167153,0.0,1.0,-1.246591106691888,0.03446287384639863,0.39156098782263565,0.37570831188858034,54.12490080088901,91.71473559606886,0.43453731929808137,0.5679849286289282,,
2019,13955,"Moore, A.J.",S,16,0.84375,0.5,0.0,3.0,0.9797759629119301,1.1612159560437691,0.0,1.25,-1.3047953668775771,0.3198877740362713,0.39040522426298074,0.426184586441276,47.19699763039102,77.50890591551708,0.4258232721225164,0.4880884817015155,0.6271597094764452,
2019,14420,"Ingold, Alec",RB,16,1.1062500000000002,0.1,-0.7,6.9,2.052275794697194,1.8551645601782543,0.0,1.275,-0.8714845390216869,-0.05506925673295129,0.3874557759048867,0.36243448312302573,54.181828517608544,101.55050693526,0.5110822431947194,0.6440116135644829,,
2019,14488,"Carlson, Stephen",TE,9,1.1444444444444446,0.0,-1.0,5.4,2.2460390375113013,1.962558382291428,0.0,1.1,-0.5420497117162612,0.10153461651336186,0.3863027480860173,0.3525664452026665,66.69209850868198,120.47908154231396,,0.3137553567048049,,
2019,13936,"Virgin, Dee",CB,15,1.0666666666666667,1.0,0.0,8.0,1.9136933459209768,1.7940875118009159,0.0,1.0,-1.0392772247926465,1.634786024250116,0.3817585033258861,0.3660874841753495,41.27026650408109,62.218378870093794,0.40271214587634024,0.40271214587634024,,
2019,13923,"Adeniyi, Ola",DE,16,1.15625,0.0,0.0,8.0,2.4348944407304396,2.1058546514425425,0.0,1.0,-1.0683037834789646,3.1152394737223617,0.37228078250956437,0.3366187869674738,34.37085193093061,45.744257929957705,0.40269668356402066,0.0,,
2019,13888,"Gardeck, Dennis",DE,14,1.0,0.0,0.0,6.0,1.6903085094570331,1.6903085094570331,0.0,1.75,-1.4494072716992037,2.0158827308529594,0.3717045820153256,0.3717045820153256,37.95332775568372,50.51218449996714,0.4156857311303066,0.5294117647058824,0.30470237862705046,
2019,13353,"Lee, Elijah",LB,8,0.875,0.25,0.0,3.5,1.192424001771182,1.3627702877384937,0.0,1.25,-1.0210209534094328,0.3269079149408977,0.37032800206637906,0.39910163330319237,45.69324313539705,98.61118903407589,0.5605609117008943,0.08333333333333334,0.802793798170264,
2019,12040,"Smith, Keith",RB,16,1.1937499999999999,0.0,-1.0,9.4,2.6621111805294686,2.2300407795011257,0.0,1.0,-0.6869275048826379,0.003942496592718994,0.3695773773433203,0.3259731726188082,48.73107654653793,91.33441344072801,0.4533403100107483,0.7062463673299346,0.19558801664724026,
2019,13324,"Smart, Tanzel",DT,13,0.9615384615384616,0.0,0.0,5.5,1.5499570522776833,1.6119553343687907,0.0,1.5,-1.5670344907653493,2.6528136544385035,0.3681297489609747,0.3770802573633905,35.15087298195781,49.53977931111645,0.2927213830360835,0.3941735213160005,,
2019,14201,"Williams, Joejuan",CB,9,0.8888888888888888,0.0,0.0,4.0,1.286204100310025,1.4469796128487782,0.0,1.0,-1.3272779474459755,0.8862568994502505,0.363259621870753,0.38880557023248685,43.831352328013885,66.07942997565232,,0.45757913208220313,,
2019,11659,"Thomas, De'Anthony",WR,14,1.0714285714285714,0.0,-0.4,6.0,2.0987848768236526,1.958865885035409,0.0,0.5249999999999999,-1.1599177060122259,0.09977107227053843,0.3621078524874572,0.3457576482452754,49.81017938717853,84.40343289114726,0.42266475778637813,0.28092704404710095,,
2019,13943,"Davis, Tae",LB,13,0.8076923076923077,0.5,0.0,3.5,1.0103019643510536,1.2508500511013043,0.0,1.0,-1.1022923736878623,0.16484536361767435,0.358838789504044,0.4017766096910915,45.999501833117954,99.27212995798442,0.3230553160677385,0.3062870566386034,0.6600750285752439,
2019,12585,"Brown, Daniel",TE,16,1.06875,0.25,-1.0,8.3,2.1936609668542677,2.052548273080016,0.0,1.05,-0.5660434927487068,0.10153461651336186,0.3501173132707359,0.3346472938399316,63.30247983073733,114.35574528165817,0.39698074304165476,0.369148901483821,0.05680026625429514,
2019,10884,"Ebner, Nate",S,14,1.0357142857142858,0.0,0.0,8.0,2.0394702193241763,1.9691436600371355,0.0,1.0,-0.8362481436466084,2.0857062797802657,0.34882592568839593,0.3407548720594394,37.736247158599625,61.972061306230266,0.44136282197458077,0.5509192211962485,0.39291369372352597,
2019,13443,"Carter, Jamal",S,11,0.9545454545454546,0.5,0.0,6.0,1.6576893208009518,1.736626907505759,0.0,0.75,-1.0050537956573253,1.5775142936829891,0.34880365018973486,0.35916367164307295,39.774894491160566,65.32001418941617,0.3875207826862261,0.37900437319588176,,
2019,14315,"Dulin, Ashton",WR,13,0.723076923076923,1.0,0.0,2.3,0.7796980146716036,1.0783057649713668,0.0,1.0,-1.6001504057472236,-0.1452279748163855,0.34791652665549194,0.40629191981783924,58.53080477725705,99.18054730703696,0.3418786664075709,0.42315228362989654,,
2019,12783,"Bush, Deon",S,15,0.9333333333333333,0.0,0.0,6.0,1.6110727964792764,1.7261494247992246,0.0,1.0,-1.0256654417952873,1.554614555543841,0.3423632339603217,0.3574520536508301,39.58534462733612,65.0087273851893,0.2880144012826362,0.4930671018076693,0.3667449659909134,
2019,13893,"Sherfield, Trent",WR,16,1.1375,0.0,-2.0,7.9,2.6636147900925917,2.3416393759055754,0.0,1.1,-0.9714110922750577,0.20627049051185697,0.3404017824908891,0.3104856992815152,44.728868491709974,75.79314301784615,0.005049854514864638,0.08333333333333334,0.48166907897486133,
2019,12372,"Nzeocha, Mark",LB,16,1.1375,0.0,0.0,11.2,2.6720486054710904,2.349053719095464,0.0,1.0,-0.3607428523897377,1.755064377222908,0.3396481798766799,0.30977258806030133,35.4659390034807,76.53950946270143,0.2928932188134525,0.5,0.5562726522076292,
2019,11177,"Barner, Kenjon",RB,14,1.05,0.0,-1.0,7.1,2.221566371472422,2.1157774966404017,0.0,1.275,-0.820251423523338,-0.014044445002396865,0.3369945386447416,0.32592840839721576,48.72438455807936,91.32187095482517,0.40863060361072684,0.3803309103012623,0.3599495840274119,
2019,14259,"Miller, Jordan",CB,10,0.9,0.0,0.0,5.0,1.5132745950421556,1.681416216713506,0.0,1.0,-1.2230586846721097,1.3918133170416422,0.33564352836766626,0.35809855468057367,40.369647762431384,60.860620783411036,0.35809855468057367,0.2222222222222222,,
2019,13176,"Jones, Zay",WR,15,1.1066666666666667,0.8,-5.2,5.1,2.5642326120866823,2.3170776615241104,-0.1,2.8,-1.0045789493619721,0.1994366622687128,0.33362699930220574,0.31049226779246825,44.72981475771606,75.79474646718771,0.474061064821917,0.2929017161155494,0.6667174521127943,
2019,10122,"Stewart, Darian",S,13,0.8846153846153846,0.0,0.0,4.0,1.469613321118677,1.661302015177635,0.0,1.0,-1.0882122037304902,1.4128831167116553,0.33239947197662895,0.358199956669603,39.66816971798414,65.14474625250699,0.32759965564841054,0.6040496217739157,0.9526138605252444,
2019,10734,"Wright, Jarius",WR,16,1.24375,0.44999999999999996,-4.9,9.1,3.4622912843231433,2.783751786390467,-1.4,3.075,-0.7048604053124351,0.3292798305966926,0.3287081368480787,0.27872452082398214,40.15332257234497,68.03987274865905,0.1446417346694905,0.2679533251077607,0.7116737477142533,
2019,13784,"Cruikshank, Dane",S,16,0.875,0.25,-1.0,5.0,1.4630874888399532,1.6720999872456608,0.0,1.0,-1.0910976214582593,1.4364833210467494,0.327457806285883,0.3552451969183202,39.340950495571256,64.60737300426848,0.39682475052973304,0.35957982438800623,0.4141848992970866,
2019,13750,"Burks, Oren",LB,12,0.75,0.0,0.0,2.5,0.9682458365518543,1.2909944487358056,0.0,1.5,-1.1210597962692785,0.22297518622581775,0.3273687548277814,0.3810499613777493,43.62650282300382,94.15092958114434,0.3007537736028027,0.3535718005177533,0.649545416973504,
2019,13820,"Kalambayi, Peter",LB,16,0.84375,0.0,0.0,4.0,1.3546073001058276,1.605460503829129,0.0,1.0,-0.9486471364468505,0.6783277902252183,0.32383910589317255,0.3583400085279943,41.02643479379348,88.53968856745283,0.4895773953105369,0.5397615864099298,0.34632709984258214,
2019,10318,"Kendricks, Lance",TE,12,1.0250000000000001,0.0,-1.0,6.0,2.257625965477896,2.2025619175394104,0.0,0.35,-0.5367418756508666,0.10153461651336189,0.3200562632017829,0.3146463132545765,59.519058618596844,107.52100589094825,0.17498317593891247,0.0,0.5764017637879071,
2019,13246,"Alie-Cox, Mo",TE,16,0.8812500000000001,0.05,-1.0,4.3,1.5565260799292764,1.7662707289977602,0.0,1.3250000000000002,-0.8579075261742559,0.10153461651336183,0.3185696868936915,0.3447060473657984,65.20521161406415,117.79302470159936,0.40281503854107337,0.7328584145234499,0.6544459597556321,
2019,14231,"Wesco, Trevon",TE,16,0.975,0.0,-1.0,7.2,2.1255881538999977,2.1800904142564077,0.0,0.625,-0.5972268515055084,0.10153461651336187,0.3065950564264009,0.3119412897644335,59.00737154364219,106.59664468165768,0.4440339452522896,0.3375100185945499,,
2019,13327,"Evans, Jordan",LB,16,0.75,0.5,0.0,4.5,1.0897247358851685,1.452966314513558,0.0,1.0,-1.066850196911987,0.45751341272741286,0.3057522622966515,0.3588989435406736,41.09042739943595,88.6777918514131,0.44151844011225283,0.5,0.8762260315740722,
2019,14302,"Scott, Nick",S,16,0.7562500000000001,0.25,0.0,4.4,1.1235928699933977,1.4857426380077985,0.0,1.0,-1.241206258925978,1.0291779961530807,0.3042350356133801,0.35611816685104586,39.43762588261493,64.76613741418697,0.4012990457008719,0.4046224107473186,,
2019,14372,"Holtz, J.P.",TE,15,1.0533333333333335,0.0,-0.7,10.2,2.5994529338988914,2.467835063828061,0.0,0.7,-0.380154942829646,0.10153461651336192,0.3037437807582993,0.2926370625417161,55.35574944207949,100.0,0.3007136868537585,0.49066829841195303,,
2019,11532,"Banjo, Chris",S,13,0.6923076923076923,0.5,0.0,3.0,0.9101661204768638,1.3146843962443588,0.0,1.0,-1.3355735825611463,0.6553106224104519,0.29909377426615097,0.3624332380761004,40.13697637797996,65.91464037981449,0.3684210526315789,0.5912602819740006,0.31967164046273444,
2019,12978,"Goodwin, C.J.",CB,16,0.5625,1.0,0.0,1.0,0.49607837082461076,0.8819171036881969,0.0,1.0,-1.6899244512234683,-0.3322856537905448,0.2988973312892517,0.3759829772085806,42.385818530096586,63.900166861384555,0.3333333333333333,0.40271214587634024,,
2019,14456,"Watson, Brandon",CB,8,0.625,0.5,0.0,2.0,0.6959705453537527,1.1135528725660042,0.0,1.0,-1.5981793079882463,0.16723083625152435,0.29571060564063645,0.3685205510863603,41.54455427457363,62.63189062733554,,0.45757913208220313,,
2019,13647,"Ateman, Marcell",WR,11,1.0545454545454545,0.0,-1.0,7.0,2.7357444180078585,2.5942403963867626,0.0,0.0,-0.9473385146919459,0.2765519033318862,0.29339869854158157,0.28228522525847916,40.66628107818604,68.90908180103288,0.3014649845441038,-0.14285714285714285,,
2019,12826,"Lucas, Jordan",S,14,0.6428571428571429,0.5,0.0,3.0,0.7889543583705185,1.2272623352430287,0.0,1.0,-1.3891677529685085,0.4642396981638729,0.2886310843069132,0.359347984396144,39.795305854796645,65.35353459416874,0.2785728916770038,0.2910857029407469,0.47525973521585413,
2019,13857,"Yelder, Deon",TE,8,1.0374999999999999,0.0,-0.7,8.1,2.699508057035578,2.601935476660798,0.0,0.225,-0.33432086216188744,0.10153461651336193,0.288039585029386,0.2804426923809298,53.04904060157426,95.83293720389638,0.2405854028846165,0.026519385054716658,,
2019,13673,"Fumagalli, Troy",TE,11,0.6272727272727273,0.3,0.0,2.4,0.7411182080795934,1.1814927954892067,0.0,1.0,-1.2314363271375748,0.10153461651336176,0.2875428828230714,0.360270040461292,68.14932434752757,123.1115557722408,0.39452635874166075,0.3153506244709894,,
2019,13701,"O'Daniel, Dorian",LB,14,0.8214285714285714,0.0,0.0,6.0,1.5307227851240601,1.8634886079771167,0.0,1.0,-0.8700561224036792,1.0519572081728767,0.28686287388754844,0.3245825960302893,37.16154042061581,80.19880918402126,0.34332472059923097,0.4512920480878807,0.7284398672261497,
2019,10378,"Sherman, Anthony",RB,16,0.63125,0.35,0.0,2.8,0.7686991853124341,1.217741283663262,0.0,1.0,-1.2599386983273284,-0.15541028456791778,0.2846364472943851,0.35690071281877817,53.354562328428635,100.0,0.3889703551288154,0.27580759175338443,0.3475663723458267,
2019,13407,"Borders, Breon",CB,12,1.0833333333333333,0.0,0.0,11.0,3.0402393911591163,2.806374822608415,0.0,0.0,-0.5222228252149469,3.8177571899660214,0.2846102614221664,0.2681359267235233,30.227859824615383,45.57102714163543,0.3031817918370169,0.40740740740740744,,
2019,13826,"Adams, Matthew",LB,16,0.6875,0.0,0.0,3.0,0.998044963916957,1.4517017656973918,0.0,1.125,-1.1077620238616872,0.45568232289434724,0.28041746741755075,0.34408635061556797,39.39453003016027,85.01785343188591,0.2611998681174808,0.0,0.7256764537671001,
2019,13468,"Washington, Charles",S,12,0.5833333333333334,0.5,0.0,2.0,0.6400954789890507,1.0973065354098013,0.0,1.0,-1.4549861851864965,0.18020641753736832,0.27813451371301495,0.3556703501755264,39.38803328061628,64.68469434544517,0.3333333333333333,0.14285714285714288,0.28699025178374526,
2019,12211,"James, Jesse",TE,16,0.7999999999999999,0.55,-1.8,3.4,1.5696337152342263,1.962042144042783,-0.225,2.25,-0.8519030718784983,0.10153461651336186,0.2700839357093377,0.31132841823219876,58.89143966992837,106.38721408974577,0.31638426851093937,0.7001628605119097,0.5501222871873783,
2019,13956,"Chandler, Sean",S,13,0.7692307692307693,0.0,0.0,5.0,1.4625502570639648,1.9013153341831541,0.0,0.5,-1.0913351602156394,1.9374597072037947,0.2651317353090615,0.3123716021730672,34.592996172551956,56.810081579165015,0.3850786724304072,0.4503262087244988,0.6776803719730683,
2019,12159,"Allen, Javorius",RB,10,0.8299999999999998,0.0,0.0,6.1,1.7950208912433303,2.1626757725823262,0.0,0.75,-0.9493386667128448,-0.006661876173989942,0.2624360066230578,0.29695663549433604,44.393274510964744,83.20427077575503,0.2969566354943361,0.5106330881607314,0.7324863324246746,
2019,10432,"Green, Virgil",TE,15,0.8200000000000001,0.3,-1.0,6.6,1.7444005656194146,2.1273177629505056,0.0,1.2000000000000002,-0.7718444235306083,0.10153461651336187,0.26220552631861793,0.29879020222943475,56.51968833579674,102.10265221851094,0.2948914646803465,0.2540010864371981,0.46555923119609594,
2019,12733,"March, Justin",LB,16,0.875,0.0,0.0,8.5,2.050152433357091,2.343031352408104,0.0,1.0,-0.6382621789324654,1.7463438800216602,0.2617384965204429,0.286870908624376,32.843920150754826,70.8808960880521,0.298765824658118,0.439545232651169,0.12098517047444601,
2019,10422,"Jones, Colin",S,16,0.55,0.25,0.0,1.8,0.6072478900745559,1.104087072862829,0.0,1.0,-1.4695098522561154,0.19502605852042437,0.26139602637816123,0.3421998581528622,37.89626938229546,62.234856570835106,0.34907933592077434,0.08333333333333334,0.4777344911220088,
2019,11462,"Reynolds, LaRoy",LB,15,0.6333333333333333,0.0,0.0,3.0,0.9030811456096045,1.4259175983309547,0.0,1.0,-1.1501393467723537,0.4183463765748654,0.26106959847649824,0.33279365664171967,38.10162674853254,82.22762185367249,0.2057249736092719,0.14285714285714288,0.2108320080710662,
2019,10831,"Wilber, Kyle",LB,14,0.8214285714285714,0.0,0.0,7.0,1.7688489281485418,2.1533813038330076,0.0,1.0,-0.7637930357219727,1.471727138187141,0.26049135587570904,0.29666789078949124,33.96557902335503,73.30156285468927,0.3279344228724749,0.40271214587634024,0.342674486377891,
2019,13543,"Jones, Joseph",LB,12,0.5416666666666666,0.5,0.0,2.0,0.5936586186989586,1.095985142213462,0.0,1.0,-1.2882182337889643,-0.059401859216222104,0.25843058510168654,0.33988876934564316,38.91394792890499,83.9807028778565,0.36934445917392805,0.2142857142857143,0.41371027042560926,
2019,2842,"Vinatieri, Adam",PK,12,1.2583333333333337,1.7000000000000002,-7.7,12.4,5.015053727417971,3.9854731608619627,-2.1,3.25,1.1265894873617623,2.5744021354569706,0.2523999814524675,0.20919735556102628,29.39114025889521,39.03796230530693,0.32168259684404704,-0.11221509995177448,0.8456009223122176,
2019,11000,"Stanford, Julian",LB,16,0.75,0.0,0.0,6.0,1.5103807466993215,2.0138409955990952,0.0,1.0,-0.8791336968562599,1.269670217613204,0.24885188073795977,0.2987594614825297,34.20504346107451,73.81835420751408,0.35331937096694155,0.30464028516734193,0.3945518324262747,
2019,12738,"Burns, Artie",CB,10,0.8,0.0,0.0,6.0,1.7776388834631178,2.222048604328897,0.0,0.75,-1.1017225715171508,2.557672950780519,0.24828924024460136,0.2880144012826362,32.468826747036125,48.94947222632453,0.2880144012826362,0.35294117647058826,0.46081916139753293,
2019,14043,"Leavitt, Dallin",S,15,0.5333333333333333,0.5,0.0,2.0,0.618241233033047,1.1592023119369632,0.0,1.0,-1.4646491103146937,0.31548672427624297,0.2470047991264395,0.3295759139283048,36.498254802209935,59.93897789217535,0.3062870566386034,0.33333333333333337,,
2019,14264,"Johnson, Jaquan",S,13,0.5769230769230769,0.0,0.0,3.0,0.8284868934053083,1.4360439485692014,0.0,1.0,-1.3716883154743924,0.9205558198269934,0.23682786070502948,0.3155193942072158,34.94159238626591,57.382561026753066,0.34285889527600094,0.32314795910650573,,
2019,12824,"Core, Cody",WR,16,0.6,0.0,0.0,3.6,0.9585144756340407,1.5975241260567346,0.0,1.0,-1.540472111902252,-0.0007653756168012869,0.23098919235481813,0.30635464147169944,44.13374433000305,74.78470412317594,0.2258064516129032,0.14285714285714288,0.3264351029842777,
2019,13930,"Turner, Zeke",LB,12,0.5,0.25,0.0,2.0,0.6123724356957945,1.224744871391589,0.0,1.0,-1.2798672483304887,0.12704458554907325,0.22474487139158905,0.3101020514433644,35.503659346396645,76.62091423090082,0.2142857142857143,0.16064915440886857,0.3521849295064998,
2019,13369,"Carter, Cethan",TE,15,0.7066666666666667,0.0,0.0,6.1,1.5159009055857033,2.145142790923165,0.0,0.75,-0.8765174429844262,0.10153461651336187,0.22468508225003203,0.2808801670597412,53.13179409321065,95.98243114530344,0.3249065458096353,0.4578551034543916,,
2019,14379,"Woods, Josh",LB,9,0.4444444444444444,0.5,0.0,1.0,0.43744488188954506,0.9842509842514764,0.0,1.0,-1.357928151585539,-0.22119496521162585,0.2239860017567804,0.3091905992668149,35.39930696486249,76.39570998371859,,0.34549150281252633,,
2019,13781,"Avery, Genard",DE,10,0.64,0.0,0.0,3.9,1.1984990613262907,1.8726547833223293,0.0,0.75,-1.7011314694714466,2.4982927100506833,0.2227904319431717,0.29110769763709,29.72388933361983,39.55960309307961,0.29110769763709,0.18749999999999997,1.1235341467255358,
2019,14519,"Kunaszyk, Jordan",LB,9,0.5555555555555556,0.0,0.0,2.5,0.8314794192830981,1.4966629547095764,0.0,0.5,-1.1820914052677165,0.5207869475875647,0.22251924494156658,0.30333704529042343,34.72913214539179,74.94939689071104,,0.3631907522521481,,
2019,14160,"Buggs, Isaiah",DT,9,0.5555555555555556,0.0,0.0,2.0,0.8314794192830981,1.4966629547095764,0.0,1.0,-2.0495463829259792,2.266677691075332,0.22251924494156658,0.30333704529042343,28.27663804061371,39.85159654246237,,0.5278640450004206,,
2019,11011,"Bademosi, Johnson",CB,10,0.6,0.0,0.0,3.0,1.0198039027185568,1.6996731711975948,0.0,0.75,-1.4495484882687606,1.431183962891941,0.22224912496864782,0.29705854077835453,33.488402841338214,50.48656847250227,0.29705854077835453,0.14285714285714285,0.3819624650935426,
2019,13638,"Berrios, Braxton",WR,16,0.9624999999999999,0.0,-1.0,13.6,3.3113205447374012,3.4403330334934044,0.0,0.175,-0.7552454543761408,0.5119610311303534,0.2167630204175832,0.2232494638272425,32.16153250046963,54.497771007397375,0.2556746203702541,-0.060120543201592866,,
2019,14241,"Burr-Kirven, Ben",LB,16,0.71875,0.0,0.0,7.0,1.676759803162039,2.3328832043993586,0.0,0.5,-0.8048875352447622,1.7316491759456285,0.21565412164796538,0.26851494076941285,30.742340923327355,66.3454503143334,0.20572497360927186,0.08333333333333334,,
2019,13350,"Ivie, Joey",DT,8,0.5,0.0,0.0,1.5,0.6614378277661477,1.3228756555322954,0.0,1.125,-2.1637421300181745,1.684631189940944,0.21525043702153018,0.30094415309675765,28.053576111709795,39.53722486992143,,0.14285714285714288,,
2019,13396,"Daniels, Darrell",TE,11,0.8727272727272727,0.0,-1.0,9.0,2.6659778724754872,3.054766312211496,0.0,0.5,-0.34968064720590314,0.10153461651336197,0.2152349125765725,0.2380612494362807,45.0320911548399,81.350341398518,0.25389578436535876,0.4140874444378211,0.05450045927836516,
2019,14352,"Brown, Fred",WR,13,0.5,0.0,0.0,2.0,0.6793662204867574,1.3587324409735149,0.0,1.0,-1.6336351882058933,-0.06720460442654426,0.21197826057525881,0.2977313666908681,42.89146707043122,72.67966321385813,0.2611963840146144,0.14285714285714285,,
2019,13804,"Thomas, Simeon",CB,12,0.5416666666666666,0.0,0.0,3.0,0.8528953954357801,1.574576114650671,0.0,1.0,-1.526155013481197,1.1614154254003182,0.2103906206479206,0.2923352651212524,32.95593217908669,49.68382440982705,0.31306822878312,0.47722557505166113,,
2019,14124,"Johnson, KeeSean",WR,10,0.97,-0.05,-4.0,7.0,3.545151618760473,3.6547954832582197,-0.975,2.4,-0.6772065564440005,0.5716311145591665,0.20838724354029592,0.21341422275029248,30.744658210500198,52.096875135911915,0.2134142227502925,-0.07398186430736382,,
2019,12845,"Washington, Dwayne",RB,16,0.70625,0.0,-0.6,6.4,1.695017975568401,2.400025452132249,0.0,0.55,-0.9796029674585848,0.030700911913305463,0.20771903326696903,0.26205762128582694,39.17607666879041,73.42591703337133,0.33685528255235675,0.2694829681105315,0.28613168559075375,
2019,13676,"Smythe, Durham",TE,16,0.6625,0.0,-0.9,4.6,1.4529603401332054,2.193147683219933,0.0,1.0,-0.9053497792385443,0.10153461651336189,0.20747552751207007,0.2700818228329055,51.08916001187368,92.29241863183502,0.24558435179999816,0.26219874833643225,0.1567273611823992,
2019,13849,"Nall, Ryan",RB,8,0.4875,0.0,0.0,1.9,0.6808771915698161,1.3966711621944945,0.0,1.0,-1.2865166357082427,-0.12724374502708052,0.20340712889190193,0.29002713728580654,43.35735519000936,81.26269488093521,,0.4543709838493622,,
2019,13664,"Quinn, Trey",WR,12,0.8583333333333335,0.050000000000000044,-3.6,7.1,2.7858147621277496,3.2456094316051445,-1.0,2.175,-0.930628013358775,0.4577829053886522,0.20216964069839602,0.22672354229262992,32.66201158587609,55.34583366081958,0.016111104508201416,-0.009396116840151358,,
2019,13644,"Wims, Javon",WR,16,0.91875,0.0,-3.0,8.5,3.2701717749225345,3.5593706393714664,-0.75,1.1,-0.7689784651020748,0.5450809730208775,0.2015080748352265,0.21515527909100732,30.99547646164897,52.521887085058985,0.04678502697133358,0.11502177919005867,,
2019,13239,"Penny, Elijhaa",RB,16,0.7625,0.0,-1.8,7.0,2.1745329958407162,2.851846551922251,0.0,0.6,-0.8344853307609262,0.10182506947203478,0.19795700314683534,0.24019280977675456,35.9074156475038,67.29961615367132,0.17779586414366672,-0.20493158429161334,0.24044511683880226,
2019,12629,"Booker, Devontae",RB,16,0.75,0.0,-1.2,7.4,2.102974084481309,2.803965445975079,0.0,0.125,-0.8561415034815161,0.09428778685053768,0.19716267422817002,0.24170359776800052,36.13326958712567,67.7229237955401,0.3374046652465247,0.5266916147653555,0.5739448816975538,
2019,12072,"Taylor, Adarius",LB,15,0.43333333333333335,0.5,0.0,2.0,0.5436502143433363,1.2545774177153914,0.0,0.5,-1.3105343362519728,0.17024265870340724,0.19220157619268569,0.28071989969416217,32.13968964122258,69.36108696237305,0.41935483870967744,0.5685065597938227,1.1432059611310372,
2019,13308,"Agnew, Jamal",WR,13,0.7461538461538461,0.0,-1.9,7.0,2.1720657960764465,2.9110160153601865,0.0,1.0,-1.135460895890497,0.364688673349605,0.1907826107649239,0.23522647199713503,33.88695181799359,57.42149694790682,0.28606509052529444,-0.21590909090909088,,
2019,12639,"Ervin, Tyler",RB,10,0.72,0.0,0.0,6.7,1.9988996973335107,2.776249579629876,0.0,0.0,-0.8876379706726141,0.08992484840935135,0.19066536382655347,0.2400880565095899,35.89175564873859,67.27026533889224,0.2400880565095899,0.3959176882273916,0.225482652148595,
2019,11821,"Smith, Chris",DE,9,0.5555555555555556,0.0,0.0,3.0,1.0657403385139377,1.9183326093250876,0.0,0.0,-1.769081735828109,2.619136633124571,0.19036745632775454,0.2689377484661087,27.4602009425566,36.546854213827615,0.24695076595959833,0.2222222222222222,0.6829039149385626,
2019,10398,"Smith, Lee",TE,16,0.6125,0.0,-1.0,5.4,1.376079121998441,2.2466597910178625,0.0,1.0,-0.9405681652977015,0.10153461651336189,0.18865543032704846,0.25777761116172204,48.76167335506907,88.0878207711558,0.05785123966942148,0.0,0.45874916003037075,
2019,14094,"Scarlett, Jordan",RB,9,0.6444444444444444,0.0,-0.2,5.0,1.5741742887488743,2.4426842411620466,0.0,0.0,-1.016174397965856,0.03741611497405254,0.18719243453675496,0.25034996552531946,37.42585083130108,70.14554931764413,,-0.037037037037037035,,
2019,13636,"Cain, Deon",WR,13,0.8692307692307693,0.0,-5.0,6.8,3.1682037170768247,3.644836134690152,-1.0,1.3,-0.803009335001662,0.5688601159036679,0.18713916788988164,0.20853845642658841,30.042250623954548,50.90664429710271,0.14791190725015632,0.3851386352642226,,
2019,12212,"Kroft, Tyler",TE,11,0.7818181818181817,0.0,-2.5,6.6,2.5055640561896277,3.204791234661152,-1.0,1.8,-0.42316433864891767,0.101534616513362,0.18593507696017292,0.2230220784121055,42.187254701794416,76.21115263905206,0.23789544671597126,0.10020306196192041,,
2019,13491,"Hardee, Justin",CB,16,0.625,0.0,0.0,6.0,1.4947825928876748,2.3916521486202797,0.0,0.25,-1.2315460173571695,2.923418567502682,0.18427597306942262,0.25052283184186064,28.242276730002636,42.57759453934165,0.28238314507875795,0.48013721006779103,0.39146506466270703,
2019,13675,"Conklin, Tyler",TE,15,0.5466666666666667,0.0,-1.0,3.9,1.0874230496402442,1.9891885054394707,0.0,1.0,-1.0727981330488772,0.10153461651336186,0.18288129559975536,0.2618859012603515,49.53880484812009,89.49170654794248,0.31769378464668596,0.5686890624520335,0.24138666228412817,
2019,14016,"Thompson, Corey",LB,12,0.625,0.0,0.0,5.5,1.5155444566227676,2.4248711305964283,0.0,0.25,-0.8768294065829406,1.8648493768954884,0.1824886181604032,0.2484551598182013,28.445691719814352,61.389021459382256,0.2849850618983783,0.34375,,
2019,11295,"Mingo, Barkevious",DE,16,0.46875,0.0,0.0,2.5,0.7799989983967928,1.6639978632464911,0.0,1.0,-1.9153335207109252,1.9462760532825554,0.17595734833989543,0.2633428448118191,26.88892681135966,35.78654395853632,0.4003817058042662,0.6945261444976037,1.0289478883439596,
2019,13339,"Ford, Rudy",S,9,0.5,0.0,0.0,3.0,0.9428090415820634,1.8856180831641267,0.0,0.5,-1.321140410021577,1.90315156774812,0.17327310322776393,0.25735931288071484,28.500765317714837,46.80516237135675,0.235982896831641,0.2727272727272727,0.35411293022073365,
2019,12990,"Farley, Matthias",S,13,0.4230769230769231,0.0,0.0,2.0,0.6153846153846153,1.4545454545454544,0.0,1.0,-1.4659121729942413,0.9609929795821549,0.1723646723646724,0.2619047619047619,29.00414238399589,47.631829482174915,0.33333333333333337,0.33333333333333337,,
2019,10250,"Sherels, Marcus",CB,8,0.625,0.0,0.0,5.0,1.653594569415369,2.6457513110645907,0.0,0.0,-1.1586555824598401,3.4713767794909534,0.17143242823589483,0.23552957456409698,26.552036690763337,40.02941629744943,0.2,0.3333333333333333,0.15831239517769993,
2019,13456,"Mabin, Greg",CB,9,0.5555555555555556,0.0,0.0,4.0,1.257078722109418,2.262741699796952,0.0,0.0,-1.340645714348752,2.6454265490940525,0.17027261324122872,0.24613920201965536,27.748095478695518,41.832574966442046,0.2727272727272727,0.39228095605926194,0.5795880934580929,
2019,13994,"Brown, Pharaoh",TE,9,0.5777777777777777,0.0,-1.0,4.1,1.3990296460823421,2.4213974643732845,0.0,0.5,-0.9300547988727575,0.1015346165133619,0.1688718670642998,0.24083811499424324,45.55736800366352,82.29925249468741,,0.19512195121951217,,
2019,13678,"Thomas, Ian",TE,16,0.7375,0.0,-1.8,8.9,2.516166478991404,3.4117511579544457,-0.7749999999999999,0.55,-0.41830749287494934,0.10153461651336201,0.16716718001428477,0.20974547263517185,39.675828239111006,71.67426805525432,0.3165740595948201,0.7014595641952719,0.5491552949588963,
2019,14155,"Collier, L.J.",DT,11,0.45454545454545453,0.0,0.0,2.0,0.7820295697311479,1.7204650534085255,0.0,0.5,-2.0827556846197868,3.0162332058392405,0.16708373223759862,0.2550717801018482,23.777420240279117,33.51063718661287,0.2768203216716358,0.14285714285714285,,
2019,12749,"Jones, Cyrus",CB,8,0.5,0.0,0.0,3.0,1.0,2.0,0.0,0.25,-1.4586379481028449,2.078830930869415,0.16666666666666666,0.25,28.183336147810888,42.48873668151155,0.20871215252208,0.14285714285714285,0.2841628337212955,
2019,10811,"Robinson, Josh",CB,8,0.375,0.0,0.0,1.0,0.4841229182759271,1.2909944487358056,0.0,1.0,-1.6954116830728623,0.5498789641519629,0.1636843774138907,0.25267448900770917,28.48484023872246,42.94327931833616,0.2057249736092719,0.2684747639175602,0.2948428278417256,
2019,14096,"Ozigbo, Devine",RB,10,0.45,0.0,0.0,2.5,0.788986691902975,1.7533037597843888,0.0,0.75,-1.2537990053324448,-0.07110384126129402,0.16344001216750578,0.2515390427646656,37.60361090126268,70.47871683360533,0.2515390427646656,0.25,,
2019,13940,"Mundt, Johnny",TE,13,0.730769230769231,0.0,-1.0,9.3,2.545700633612745,3.483590340733229,0.0,0.0,-0.4047782423685127,0.10153461651336203,0.1629875111760821,0.20610009312169253,38.98626173917156,70.42856818326368,0.21905158311803424,0.023071277893087896,0.04347826086956522,
2019,14257,"Speed, E.J.",LB,12,0.625,0.0,0.0,6.5,1.7926353970249127,2.86821663523986,0.0,0.0,-0.7531783943728216,2.5068217829502655,0.16157316379496026,0.2238029356305636,25.623252572394723,55.297878410536924,0.2551266445593889,0.0,,
2019,13087,"Neasman, Sharrod",S,15,0.5333333333333333,0.0,0.0,5.0,1.25786415094088,2.3584952830141503,0.0,0.5,-1.1818377802662865,2.9366788330124747,0.15880127509206515,0.23621143597637914,26.158784101368653,42.95906175336326,0.14285714285714285,0.0,1.1360676805673438,
2019,13705,"Griffin, Shaquem",DE,16,0.4375,0.0,0.0,3.0,0.7680128579652817,1.755457961063501,0.0,0.625,-1.9214684203066432,2.188240218220299,0.15877578470881182,0.2474529515036995,25.266470812953262,33.62721297016708,0.342858895276001,0.34549150281252633,0.31751962060701977,
2019,13289,"Hollins, Mack",WR,16,0.70625,0.0,-1.0,8.4,2.446801164275512,3.4644972237529372,-1.0,0.625,-1.043770578652676,0.518684255873693,0.15819250513640445,0.20490012807235652,29.51810954157077,50.018486349937,-0.09177517731653322,0.060120543201592866,,
2019,12586,"Jennings, Darius",WR,8,0.5625,0.5,-2.0,3.5,1.4456291882775472,2.5700074458267506,0.0,1.0,-1.3779022075383878,0.26980954734729345,0.15756269658696326,0.23000216169163726,33.134332650169625,56.14618250002565,0.3164472139492266,0.2684747639175602,0.32557325796246617,
2019,14555,"Olszewski, Gunner",WR,8,0.6375,0.0,-1.0,6.1,2.090417123446897,3.2790856838382703,0.0,0.0,-1.1627103641498073,0.4670970336466532,0.14898042411438064,0.20628283320180554,29.71730337252999,50.3560206320967,,0.28576568379910766,,
2019,12929,"Pope, Troymaine",RB,14,0.5428571428571428,0.0,0.0,5.6,1.44504784187449,2.6619302350319556,0.0,0.0,-1.0552524748005188,0.07192908176416316,0.14824344212346952,0.2220231169141307,33.19115318147865,62.20865045648322,0.07692307692307693,0.0,,
2019,14671,"Moore, C.J.",S,16,0.34375,0.0,0.0,1.0,0.45821494683172437,1.3329889362377436,0.0,1.0,-1.5354052473701587,0.6953172904572198,0.1473431762408367,0.2357334223921298,26.10584740041591,42.8721268638655,0.24137931034482757,0.2142857142857143,,
2019,12494,"Dzubnar, Nick",LB,16,0.34375,0.0,0.0,1.5,0.45821494683172437,1.3329889362377436,0.0,0.5,-1.3486595715661307,0.2837839728274523,0.1473431762408367,0.2357334223921298,26.989176905522523,58.245697680471075,0.2684747639175602,0.2910857029407469,0.3101020514433644,
2019,11964,"Perry, Senorise",RB,11,0.3909090909090909,0.5,-1.2,1.0,0.6748124930871141,1.7262645171995943,0.0,1.0,-1.2883520207825072,-0.07536026786634514,0.14338633996917907,0.23340469009073606,34.89263158607658,65.39765310282552,0.25357168223891824,0.08820872133884732,0.400085176975342,
2019,14214,"Layne, Justin",CB,9,0.3333333333333333,0.0,0.0,1.0,0.4714045207910317,1.4142135623730951,0.0,1.0,-1.7012490861714216,0.815597766772048,0.13807118745769836,0.22654091966098638,25.538715560159197,38.50174993225245,,0.14285714285714285,,
2019,12325,"Burton, Michael",RB,10,0.35,0.0,0.0,1.5,0.5499999999999999,1.5714285714285714,0.0,0.75,-1.3261245477345491,-0.09973402156640813,0.13611111111111113,0.22580645161290325,33.75673951892444,63.26870289204493,0.2258064516129032,0.14285714285714285,0.1186169143376679,
2019,13811,"Smith, Tremon",CB,8,0.375,0.0,0.0,2.0,0.6959705453537527,1.8559214542766738,0.0,0.25,-1.5981793079882463,1.7681293073734032,0.1313061321901716,0.22111233065181618,24.926732564744178,37.57913437640133,0.32147578587125936,0.2222222222222222,0.29238193326627004,
2019,13440,"Luke, Cole",CB,8,0.375,0.0,0.0,2.0,0.6959705453537527,1.8559214542766738,0.0,0.25,-1.5981793079882463,1.7681293073734032,0.1313061321901716,0.22111233065181618,24.926732564744178,37.57913437640133,,0.14285714285714288,,
2019,13402,"Grace, Jermaine",LB,12,0.3333333333333333,0.0,0.0,1.5,0.5137011669140814,1.5411035007422442,0.0,0.625,-1.3238990100445611,0.5851376717161995,0.131176606240544,0.22021079234079333,25.211987212846655,54.410321228539814,0.2599907150910139,0.3062870566386034,,
2019,14412,"Singleton, Alex",LB,10,0.35,0.0,0.0,2.0,0.5937171043518958,1.6963345838625596,0.0,0.5,-1.288192134739407,0.809915121541447,0.12980584905698803,0.21961237602600223,25.143474383315922,54.26246278994979,0.21961237602600223,0.08333333333333334,,
2019,13916,"Howell, Buddy",RB,16,0.33125,0.0,0.0,2.0,0.5381899641390575,1.6247244200424378,0.0,0.5,-1.3296986682959473,-0.09134436837004209,0.12620372541611213,0.2153505143855261,32.19363825724806,60.33905415450197,0.20464260205770124,0.32672274700070236,0.3980173207690151,
2019,13836,"Smith, Andre",LB,16,0.3125,0.0,0.0,1.0,0.46351240544347894,1.4832396974191326,0.0,1.0,-1.3462955963364318,0.5013498253215587,0.12584367120289913,0.21352740081851584,24.446804090770883,52.75896946799373,0.2057249736092719,0.40271214587634024,,
2019,12656,"Higgins, Rashard",WR,10,0.68,0.0,-3.0,7.7,3.064571748221928,4.506723159149893,-1.0,0.0,-0.8375955193818273,0.8086637305323469,0.12348541598103069,0.16729929796354814,24.101297788218147,40.83968970770363,0.16729929796354814,-0.36931195326457805,1.1165463939316465,
2019,14146,"Sample, Drew",TE,9,0.4222222222222222,0.0,0.0,3.3,1.02173901622868,2.419908196331084,0.0,0.1,-1.1028872198601203,0.1015346165133619,0.12346010418501495,0.20884111096091368,39.504757569488916,71.36522938926879,,0.09012707373471325,,
2019,14373,"Willis, Damion",WR,10,0.5700000000000001,0.0,-1.3,5.9,2.1554813847491237,3.78154628903355,-1.0,0.8250000000000001,-1.1409957855036281,0.6068971071074063,0.11920829906160105,0.18063804868407357,26.022891047433372,44.09583272292034,0.18063804868407357,-0.40271214587634024,,
2019,10642,"Jones, Chris",PN,16,0.6812500000000001,1.4500000000000002,-10.0,4.2,3.2390621231307066,4.75458660276067,0.35,2.5,-0.22955012035825445,4.951487318684897,0.11838382963481364,0.16070771793664385,20.530315147044874,26.423046761197995,-0.027254274998104268,0.08651519430541472,0.5820842081185135,
2019,14545,"Moore, Jason",WR,10,0.61,0.0,-1.0,8.1,2.5571272944458587,4.192011958107965,-0.75,0.375,-1.0069502815746145,0.7211013454027024,0.11748817316327824,0.17148669403888395,24.70453809464713,41.861881423279335,0.17148669403888395,-0.18749999999999997,,
2019,13165,"Switzer, Ryan",WR,9,0.43333333333333335,0.0,-0.9,3.3,1.1671427600007729,2.6934063692325525,0.0,0.0,-1.4708444054159595,0.3041429426000503,0.11732619972260866,0.19995606257761203,28.80586271074872,48.81158289512439,0.07682518203642785,-0.1323529411764706,0.4893896575433421,
2019,14287,"Gillaspia, Cullen",RB,16,0.28125,0.0,0.0,1.0,0.39404750665370286,1.401057801435388,0.0,0.5,-1.3733211032432162,-0.12655321503486097,0.11713587229422988,0.20175065674420067,30.160539341723346,56.52851045064813,0.17817525748808136,0.14285714285714285,,
2019,14270,"Epps, Marcus",S,14,0.39285714285714285,0.0,0.0,3.5,0.9292579879469777,2.3653839693195797,0.0,0.0,-1.327132051963725,2.9517348456956247,0.11673471628753598,0.2036312122647745,22.550749483894073,37.03379468667825,0.21850165109701666,0.38192785352684316,,
2019,13837,"Franklin, Zaire",LB,16,0.3125,0.0,0.0,2.0,0.5555121510822243,1.7776388834631178,0.0,0.5,-1.3052409820830952,0.9276452356183849,0.11250562550102977,0.20089846278769524,23.000913901828042,49.63857483279864,0.21414208040524416,0.33333333333333337,0.5009036876515948,
2019,13352,"Harvey-Clemons, Josh",LB,9,0.2777777777777778,0.0,0.0,1.0,0.41573970964154905,1.4966629547095764,0.0,0.5,-1.3676140204730767,0.5207869475875647,0.11125962247078329,0.19620681392634548,22.46376588177796,48.47934862538144,0.17817525748808136,0.2142857142857143,0.6940505471849232,
2019,11803,"Johnson, Dontae",CB,9,0.3333333333333333,0.0,0.0,2.0,0.6666666666666666,2.0,0.0,0.0,-1.611629001823571,2.078830930869415,0.1111111111111111,0.2,22.54666891824871,33.990989345209236,0.18289198792714328,0.22222222222222224,,
2019,11705,"Burton, Trey",TE,8,0.4375,0.1,-1.0,3.5,1.491591012979094,3.4093508868093574,-0.7749999999999999,0.875,-0.8876535202169107,0.10153461651336201,0.09922095365755267,0.17559061568330955,33.21503449263251,60.002862986050744,0.38012003660333693,0.01882047923886126,0.6983496168351936,
2019,13749,"Gaulden, Rashaan",S,10,0.25,0.0,0.0,1.0,0.4031128874149275,1.61245154965971,0.0,0.375,-1.5597688001381604,1.3061148308868273,0.09569555463432967,0.17817525748808136,19.731678415868775,32.404196933620526,0.17817525748808136,0.0,0.5373289807536953,
2019,12675,"Thomas, Mike",WR,16,0.38125,0.0,-1.0,4.3,1.156621561920752,3.033761473890497,0.0,0.0,-1.4743557552505395,0.39884025447275023,0.09451476059448072,0.1767811315307667,25.467259852396378,43.15431472680961,0.2526369787467222,0.20930232558139533,,
2019,12813,"Houston-Carson, DeAndre",S,16,0.28125,0.0,0.0,2.0,0.5581428468591172,1.9845078999435277,0.0,0.125,-1.4912218050255186,2.1192865853191143,0.09423664115793488,0.18050334766606274,19.98949831388769,32.827599675786246,0.21414208040524416,0.14285714285714285,0.45892681245429895,
2019,13445,"Auclair, Antony",TE,8,0.3125,0.0,-1.0,1.5,0.7473912964438374,2.3916521486202797,0.0,1.0,-1.228562698790429,0.1015346165133619,0.09213798653471131,0.1788380202167523,33.82931933450794,61.11256676220172,0.08444953403282975,0.2684747639175602,0.24416345182229005,
2019,14584,"Watson, Josh",LB,8,0.25,0.0,0.0,1.0,0.4330127018922193,1.7320508075688772,0.0,0.25,-1.3599059987940092,0.861632867244939,0.09150635094610966,0.17445763018700947,19.9736965418639,43.10549722992197,,0.0,,
2019,10026,"Coleman, Kurt",S,14,0.35714285714285715,0.0,0.0,4.0,1.0424656799518874,2.9189039038652846,0.0,0.0,-1.2770769068911525,4.161516041324776,0.09113335409694552,0.17485868215483064,19.364390618223336,31.801021376256543,0.22684384208803285,0.39228095605926194,0.7237778484392421,
2019,13326,"Armah, Alexander",RB,16,0.375,0.0,-0.5,5.0,1.2417225938187644,3.3112602501833717,0.0,0.075,-1.1167856452569014,0.1741444283398463,0.08698152703355128,0.16728207184689575,25.007688155881645,46.87075868403653,-0.02532368196108726,-0.019230769230769232,0.23734481228973522,
2019,13758,"Iyiegbuniwe, Joel",LB,15,0.23333333333333334,0.0,0.0,1.0,0.4027681991198191,1.7261494247992246,0.0,0.25,-1.3734025186591896,0.853087556971113,0.08559080849008043,0.16633776947591247,19.044051712733744,41.09921849614375,0.14285714285714285,0.14285714285714288,0.3040837815904116,
2019,13653,"Foster, Robert",WR,13,0.5538461538461538,0.0,-4.0,8.7,3.1235126638044455,5.63967564298025,-1.0,1.0,-0.8179245491551878,1.123886135690797,0.08341464005575389,0.13431416343345548,19.3494275797286,32.787637633526025,0.23196088837132672,-0.07180049824490399,0.7097708808487717,
2019,13958,"Turner, De'Lance",RB,8,0.2125,0.0,0.0,1.0,0.34072532926097526,1.6034133141692954,0.0,0.275,-1.389458216867752,-0.09469909096395507,0.08162361267934326,0.1584962970134477,23.694266371844012,44.409072697461,0.3228738420397463,0.24684917980880386,,
2019,13241,"Rosas, Aldrick",PK,16,0.48749999999999993,1.35,-5.6,6.1,2.6978869045977447,5.534126983790246,-1.1,2.2,-1.1484695684897959,4.114518426133128,0.0746082837400286,0.13183204694385592,18.52171683505729,24.60095379993652,0.04138196140141288,0.47340425531914887,1.2294382875589596,
2019,9921,"Roberts, Andre",WR,13,0.36153846153846153,0.0,-1.1,5.0,1.437165191264473,3.9751377630719467,0.0,0.2,-1.3807269860746059,0.6607602398826116,0.07266903526209616,0.14834384753004154,21.370557365701302,36.212445461031194,0.11825794778539242,0.34881600434996557,0.3179759956725715,
2019,13142,"Logan, T.J.",RB,12,0.2833333333333333,0.0,-0.3,3.0,0.8735305120919108,3.083048866206744,-0.1,0.0,-1.2282131553287416,0.13822015999958207,0.0693925893658376,0.1512296338408572,22.607942867193174,42.37302656149257,0.17464700486087065,0.21216607038659838,0.21447939748508654,
2019,14275,"Egbule, Emeke",DE,15,0.26666666666666666,0.0,0.0,3.0,0.7717224601860151,2.893959225697557,0.0,0.0,-1.9195697242839918,5.200225929507295,0.06848214149414893,0.15051266361361645,15.368270206776813,20.453671549625987,0.20871215252208,0.14285714285714288,,
2019,14292,"Summers, Ty",LB,16,0.1875,0.0,0.0,1.0,0.34798527267687634,1.8559214542766738,0.0,0.125,-1.3978492374752982,1.0409998310997366,0.0656530660950858,0.13909647516226636,15.925189296426051,34.368360491723834,0.04347826086956522,0.08333333333333334,,
2019,12773,"Moore, Chris",WR,14,0.2285714285714286,0.0,-0.5,1.6,0.6318098396427423,2.7641680484369973,0.0,0.07500000000000001,-1.6495066781958931,0.32383102928526003,0.060722960726033136,0.14007234361417414,20.1789565553012,34.19327588021393,0.21950140818447852,0.23056789318699702,0.6617423330057015,
2019,11100,"DiMarco, Patrick",RB,16,0.30625,0.0,-1.0,5.5,1.3799767887540717,4.506046657156152,0.0,0.0,-1.0749451998394555,0.362223685147588,0.05562066925131665,0.1286777255337533,19.236564906378202,36.05420805059905,-0.09235510664210254,0.0,0.38302605022501035,
2019,10413,"Taylor, Tyrod",QB,8,0.38749999999999996,0.0,-1.4,6.5,2.3719388166645445,6.121132430102051,-1.0,0.0,-3.7503859159079163,3.606734736045633,0.05441550256276399,0.11491904837802108,10.52088342356867,16.24908707010245,-0.14865587572852232,0.21063306011647104,,
2019,14673,"Patrick, Natrez",LB,12,0.16666666666666666,0.0,0.0,1.0,0.3726779962499649,2.2360679774997894,0.0,0.0,-1.38683018264945,1.59145895521599,0.05150283239582457,0.12141716201613581,13.901080431305795,30.000104525902515,0.14285714285714285,0.0,,
2019,12213,"Bell, Blake",TE,15,0.3466666666666667,-0.1,-1.3,7.7,2.141297633575388,6.17682009685208,-1.0,0.95,-0.5900305227607353,0.1015346165133623,0.048303658443204216,0.11035779066630333,20.87547679725121,37.711487980293526,0.12919363898134847,0.3623542528691783,0.34489182683702124,
2019,14283,"Wilson, Donovan",S,11,0.13636363636363635,0.0,0.0,1.0,0.308287726505694,2.2607766610417563,0.0,0.0,-1.601696049972349,2.7231035957953686,0.04181937327779779,0.1042306165539365,11.542820456244202,18.95610800816369,0.1136229172359372,0.14285714285714285,,
2019,11474,"Line, Zach",RB,12,0.19166666666666665,0.0,-1.0,2.1,0.7642625348806666,3.9874567037252175,0.0,0.15,-1.261281380408791,0.28058899926563385,0.03842974045739735,0.10863840436289196,16.240803978960223,30.4393912539073,0.19051044383399807,0.4041721217568048,0.22055772200394283,
2019,14365,"Patton, Andre",WR,13,0.2923076923076924,0.0,-4.0,3.1,1.9986385898950694,6.837447807535762,0.0,1.9,-1.1933405771877286,1.457143379866243,0.037296285664146486,0.09748013424916306,14.0430819051402,23.79602594787052,-0.019498794018732,0.21051608684867149,,
2019,13247,"Lacey, Deon",LB,16,0.15625,0.0,-1.0,2.0,0.6051536478449089,3.872983346207417,0.0,0.0,-1.2830886110477129,3.96174237244032,0.03206454627463635,0.09734270623237994,11.144790129071335,24.05171816993652,-0.07692307692307693,-0.14285714285714285,0.25344917131937394,
2019,12916,"Holton, Johnny",WR,16,0.225,0.0,-2.6,4.5,1.4682046860026023,6.525354160011566,-0.275,1.0,-1.3703678497970422,1.3703092790444282,0.029898925049349996,0.09115937639855967,13.132507449305953,22.253055998334816,0.13531366713975074,-0.02356512219887011,,
2019,13698,"Jefferson, Malik",LB,9,0.1111111111111111,0.0,0.0,1.0,0.31426968052735443,2.82842712474619,0.0,0.0,-1.4128947207036617,2.449205843418168,0.02902265277374905,0.08454209418155904,9.679244939794422,20.88890581998949,0.1136229172359372,0.0,0.3434670180233332,
2019,12955,"Manhertz, Chris",TE,15,0.13333333333333333,0.0,0.0,2.0,0.49888765156985887,3.7416573867739418,0.0,0.0,-1.3423993095337494,0.10153461651336206,0.02811956294127119,0.08895485475091264,16.826859210788257,30.39767211244198,0.125,0.22222222222222224,0.15934638183065952,
2019,14342,"Blake, Christian",WR,9,0.2777777777777778,0.0,-4.3,6.4,2.7899732287754935,10.043903623591776,-1.0,1.0,-0.9292401646494735,2.349278512448575,0.025152137074466514,0.07329280736569353,10.55863232874994,17.891620270119734,,0.2236013853408889,,
2019,11073,"Brewer, Aaron",LB,16,0.09375,0.0,0.0,1.0,0.2633171804117612,2.8087165910587863,0.0,0.0,-1.4356321231058677,2.4206646298423067,0.02461459070493308,0.07420939210962321,8.496251364671892,18.33587182507624,0.04347826086956522,0.0,,
2019,11065,"Brinkley, Beau",TE,16,0.09375,0.0,0.0,1.0,0.2633171804117612,2.8087165910587863,0.0,0.0,-1.4503113847930245,0.10153461651336194,0.02461459070493308,0.07420939210962321,14.037581160054668,25.3588494447946,0.07692307692307693,0.14285714285714285,,
2019,14370,"Hudson, Tanner",TE,9,0.16666666666666666,0.0,-1.0,2.6,1.0176225014982498,6.105735008989499,0.0,0.0,-1.104772947070378,0.1015346165133623,0.02345523249260152,0.08260547577304625,15.6257993424352,28.227960961462507,,0.14519100032981702,,
2019,8799,"DeOssie, Zak",LB,11,0.09090909090909091,0.0,0.0,1.0,0.2874797872880344,3.1622776601683786,0.0,0.0,-1.4248496312872965,2.9326275297619397,0.02184118848654929,0.07061011116965425,8.084168813815323,17.446551051767376,0.07692307692307693,0.14285714285714288,,
2019,13065,"Tomlinson, Eric",TE,8,0.0875,0.0,-0.3,1.0,0.3585997071945263,4.098282367937443,0.0,0.0,-1.4066635746471807,0.1015346165133621,0.017162642961927377,0.06440454795966742,12.182879327793689,22.008335991442095,0.18378962785334807,-0.05357142857142856,0.28772452258107195,
2019,13621,"Ballage, Kalen",RB,12,0.2083333333333334,-0.35,-3.3,4.7,2.4824243302778752,11.915636785333797,-1.225,1.8,-0.741306888117284,1.528616436542005,0.016130318372680155,0.05982422403897854,8.943370454567551,16.762147535792458,0.17708004098405986,-0.2774805774471808,0.3222644881617302,
2019,11252,"Toilolo, Levine",TE,13,0.07692307692307693,0.0,-0.1,1.1,0.2965282348830213,3.854867053479277,0.0,0.0,-1.4350977895069783,0.10153461651336207,0.015844527991337978,0.05933004376878632,11.222977051255652,20.27427532707983,0.0749252240299966,0.0,0.5489024427831158,
2019,13829,"Downs, Devante",LB,9,0.05555555555555555,0.0,0.0,0.5,0.15713484026367722,2.82842712474619,0.0,0.0,-1.483015678191049,2.449205843418168,0.014511326386874525,0.04801130656725889,5.496826174497888,11.862772869386463,0.04347826086956522,0.0,0.16338627723118745,
2019,12928,"Rhodes, Luke",LB,16,0.0625,0.0,0.0,1.0,0.24206145913796356,3.872983346207417,0.0,0.0,-1.4451174258261472,3.96174237244032,0.01282581850985454,0.05031957117756259,5.7610999515468375,12.43310558374648,0.07692307692307693,0.0,,
2019,13370,"Hogan, Krishawn",WR,8,0.0375,0.0,0.0,0.3,0.09921567416492215,2.6457513110645907,0.0,0.0,-1.8272549175717945,0.2908838322065732,0.01028594569415369,0.034115234054034826,4.9146734329405435,8.327922412298674,,0.05357142857142856,,
2019,12243,"Anthony, Stephone",LB,12,0.041666666666666664,0.0,0.0,0.5,0.13819269959814165,3.3166247903554,0.0,0.0,-1.4914685524110458,3.156124999559234,0.009652603293147499,0.03660774373388424,4.1912294901582925,9.045147491818572,0.04347826086956522,0.08333333333333334,0.2416108896038579,
2019,10985,"Olawale, Jamize",RB,16,0.0625,0.0,-1.0,1.0,0.5266343608235224,8.426149773176359,0.0,0.125,-1.3331957888716774,0.979313130062565,0.006630490868907463,0.040939730955803465,6.120249549906721,11.4709019862875,0.03397433719595948,-0.14285714285714288,0.3227926814494093,
2019,13838,"Bawden, Nick",RB,10,0.07,0.0,-1.0,1.8,0.7707788269017254,11.011126098596076,-0.375,0.07500000000000001,-1.2593093276927136,1.386231407097854,0.005827929823181356,0.039530628521505844,5.909597004373567,11.076085617564493,0.03953062852150585,0.15805524699200396,,
2019,14565,"Spencer, Diontae",WR,16,0.07499999999999996,0.0,-7.5,5.0,2.5066162450602607,33.42154993413683,0.0,0.65,-1.0238078641004469,8.853662413915888,0.002178867603100589,0.021388140235091817,3.081196055314191,5.221091906890845,-0.02909996897926281,0.17288095378846582,,
2019,12164,"Davis, Mike",RB,12,0.00833333333333334,0.0,-1.3,1.0,0.5823205493731285,69.87846592477536,-0.025,0.025,-1.3163432446605914,10.652930007066784,0.0001175721458500197,0.005266526644449366,0.7873148301843892,1.4756279422516945,0.02921150040516964,0.05279259814063127,0.8162823338083315,
2019,10354,"Stocker, Luke",TE,15,0.013333333333333345,0.0,-3.7,3.4,1.5542915499423597,116.57186624567689,-1.0,0.95,-0.8589311382039463,0.10153461651337432,0.000113405815175819,0.005219973159929306,0.9874194465515977,1.7837703517766776,0.17322029575588313,0.10201495375739605,0.48408752020693274,
