season,player_id,player_name,position,games_played,mean_score,median_score,min_score,max_score,std_dev,coefficient_variation,floor_score,ceiling_score,std_dev_vs_position,cv_vs_position,value_score,consistency_score_std,consistency_index_vs_avg,consistency_index_vs_replacement,consistency_score_trailing_10,consistency_score_trailing_5,consistency_score_last_season,consistency_score_2seasons_ago
2022,14359,"Johnson, Jakob",RB,16,-0.30624999999999997,0.0,-2.3,1.0,0.9310402448337021,-3.0401314117018847,-1.0,0.125,-1.2788242216646535,-1.7518168269993304,,-0.15859327676848792,-24.041068900482255,-47.68547322476155,-0.2523222609292517,-0.4066126720329625,0.14530798199334724,-0.04638989512975761
2022,15937,"Muse, Nick",TE,10,0.0,0.0,0.0,0.0,0.0,,0.0,0.0,-1.494526069692699,,,0.0,0.0,0.0,0.0,0.0,,
2022,13784,"Cruikshank, Dane",S,8,-0.1875,0.0,-1.5,0.0,0.49607837082461076,-2.6457513110645907,0.0,0.0,-1.6412744760404356,-1.145516433728013,,-0.12532765906952686,-14.758040533244785,-27.619322680885798,0.20415348846315629,-0.18749999999999997,0.6762014025600197,
2022,14936,"Asiasi, Devin",TE,12,-0.5499999999999999,0.0,-2.6,0.0,0.8722576072086351,-1.5859229221975186,-1.0,0.0,-1.1171659245277754,-0.5458691306793071,,-0.2937629938756129,-61.82812553182002,-134.57690580853543,-0.2903577970368699,-0.2222222222222222,,-0.2928932188134525
2022,15993,"McCutcheon, Lance",WR,9,-0.3333333333333333,0.0,-4.0,1.0,1.414213562373095,-4.242640687119285,0.0,0.0,-1.5016822668898957,-1.756292417096267,,-0.13807118745769834,-20.119910919646376,-38.57496390513796,,-0.21017795879487067,,
2022,12608,"Winchester, James",TE,16,-0.125,0.0,-2.0,0.0,0.4841229182759271,-3.872983346207417,0.0,0.0,-1.2850825598757958,-0.9950064338918471,,-0.08422482966923639,-17.72675064678394,-38.584563765496576,-0.125,0.0,0.0,0.019672389150215325
2022,15244,"Franks, Feleipe",TE,11,-0.5909090909090909,0.0,-3.0,1.0,1.1445162101831066,-1.9368735864637188,-1.25,0.0,-0.9993801407274725,-0.6147894938032542,,-0.27554424074912304,-57.99363521540252,-126.2306420701874,-0.29758199590374096,-0.2817541634481458,-0.33635372805670277,
2022,15788,"Tolbert, Jalen",WR,8,-0.07499999999999998,0.0,-1.0,1.1,0.5760859310901456,-7.68114574786861,-0.175,0.0,-1.8077284556224558,-2.813446450356005,,-0.04758623785704632,-6.934327750155762,-13.294862175928387,,0.012015404404246215,,
2022,15333,"McKitty, Tre'",TE,16,-0.4125,0.0,-5.7,7.0,2.5082052846607272,-6.080497659783582,-2.0,0.35,-0.409414627269236,-1.4285223196961778,,-0.11758148868984791,-24.747307164266033,-53.865712353616736,0.14214267611967923,0.00966904394568454,0.2862641941834369,
2022,11785,"Rodgers, Richard",TE,10,-0.27,0.0,-2.0,0.3,0.6603786792439622,-2.445846960162823,0.0,0.0,-1.2088299723427383,-0.7147426590411896,,-0.16261350701211244,-34.22516972635278,-74.4955051269356,-0.1626135070121124,-0.18497431108637533,,0.7717892562416818
2022,15991,"Conner, Tanner",TE,13,-0.23076923076923078,0.0,-2.0,0.0,0.5756395979652217,-2.4944382578492936,0.0,0.0,-1.2454901880269784,-0.7242851110784798,,-0.1464606697288173,-30.825491509328923,-67.09566611748211,-0.18289198792714328,0.0,,
2022,15285,"Wallace, Tylan",WR,8,-0.2875,0.0,-1.7,0.3,0.6450532923720333,-2.2436636256418554,-0.25,0.025,-1.7825447040320759,-1.141715260570563,,-0.1747663746415463,-25.467180765826036,-48.82703421157243,0.014731966901739488,-0.18922750277069533,0.17183786925716857,
2022,11399,"Griffin, Ryan",TE,14,-0.04285714285714286,0.0,-2.0,2.6,1.1611043300694912,-27.092434368288128,-0.95,0.30000000000000004,-0.99220371110782,-5.554886664711603,,-0.01983113089952708,-4.173846523408894,-9.084916380830592,-0.04503492916121179,-0.1829276300001087,0.5905562244285396,0.1894364364798002
2022,15989,"Jobe, Josh",CB,10,-0.24,0.0,-2.4,0.0,0.72,-3.0,0.0,0.0,-1.7064157096502357,-3.9657078203907434,,-0.13953488372093023,-16.921552841103335,-28.28810811943735,-0.13953488372093023,0.0,,
2022,15588,"Carter, Tory",RB,9,0.0,0.0,0.0,0.0,0.0,,0.0,0.0,-1.5618199550213927,,,0.0,0.0,0.0,0.0,0.0,,
2022,15803,"Turner, Cole",TE,9,-0.48888888888888893,-1.0,-3.0,4.1,1.9410446468300655,-3.97031859578877,-2.0,0.0,-0.6547823017438902,-1.0141213164920362,,-0.1662296726490793,-34.986261993273615,-76.1521208084881,,-0.2639320225002103,,
2022,14848,"Proche, James",WR,14,-0.9571428571428571,0.0,-10.2,4.4,3.1579184567673426,-3.299317790652448,-1.325,0.375,-0.8649603437780322,-1.4662717287309415,,-0.230197601779571,-33.54469043833055,-64.31366560396135,-0.26652144019180724,-0.41992529606413037,0.4298206558727627,0.031116509040169046
2022,12197,"Perriman, Breshad",WR,10,-0.3,-0.5,-7.5,10.5,4.451291947289012,-14.837639824296707,-1.225,0.0,-0.3926790197797151,-5.013680692630667,,-0.05503282577796871,-8.01945411419298,-15.37532418654175,-0.05503282577796872,-0.008980574842335309,,0.6879658326327769
2022,15694,"Willis, Malik",QB,8,-3.3125,-3.3,-9.6,3.6,5.058764053600444,-1.5271740539171152,-7.8,1.125,-2.676353526401424,-4.018875306437706,,-0.5467286678760058,-42.82336111442249,-60.712615553004035,,-0.33187539441512404,,
2022,12955,"Manhertz, Chris",TE,16,-0.037500000000000006,0.0,-3.0,2.5,1.167730170030731,-31.13947120081949,-0.2,0.0,-0.9893372093898076,-6.349651503402672,,-0.017299201034540374,-3.6409527253682628,-7.9250041588765505,-0.11759650614705948,0.11685910822947665,0.15128117613157302,0.120159705813499
2022,15650,"Prentice, Adam",RB,10,-0.08999999999999997,0.2,-5.1,1.6,1.7432441022415648,-19.36937891379517,0.0,0.6499999999999999,-1.0319495805975905,-8.098030515407435,,-0.03280787150019169,-4.973327465612946,-9.864597729874653,-0.03280787150019168,0.5866984306358102,,
2022,15796,"Ruckert, Jeremy",TE,8,-0.125,0.0,-1.0,0.0,0.33071891388307384,-2.6457513110645907,0.0,0.0,-1.3514489141364603,-0.7540002580630178,,-0.09393418752518262,-19.77027351680546,-43.03255539440241,,0.0,,
2022,14442,"Kuntz, Christian",LB,16,-0.0625,0.0,-2.0,1.0,0.5555121510822243,-8.888194417315589,0.0,0.0,-1.3245422225801247,-2.2703902821774147,,-0.040179692557539046,-4.41882111736457,-11.73835648264337,0.07692307692307693,0.14285714285714285,0.09393418752518262,
2022,15270,"Felton, Demetric",RB,8,-0.21250000000000002,0.0,-1.2,1.0,0.7355907489902248,-3.461603524659881,-1.0,0.125,-1.3382323661754305,-1.9156181345729613,,-0.12243669777776447,-18.56011268068853,-36.81399358519273,-0.10220029223748973,0.060120543201592866,0.6353595265643772,
2022,15782,"Gray, Danny",WR,12,-0.35000000000000003,0.0,-3.0,2.0,1.3683932183404008,-3.909694909544002,-1.25,0.125,-1.5184137778605518,-1.6539296270459285,,-0.14777951452050464,-21.534620818786625,-41.287321008185,-0.09186388073737672,0.2749771732429737,,
2022,14467,"Phillips, Del'Shawn",LB,15,0.0,0.0,-3.0,1.0,0.8755950357709131,,0.0,0.25,-1.156798994667552,,,0.0,0.0,0.0,-0.1296203980902991,0.08333333333333334,0.47713912644503753,
2022,15792,"Woods, Michael",WR,9,-0.05555555555555558,0.0,-2.2,2.0,1.2517641871562366,-22.53175536881225,0.0,0.5,-1.5610014090961986,-7.379204411964238,,-0.02467201311417824,-3.595237465584178,-6.892980591175843,,-0.06683488132119406,,
2022,13116,"Mahomes, Patrick",QB,16,48.65625,47.8,25.8,73.0,15.2022189478214,0.31244123720634864,34.175,62.475,-0.38559096107783125,-0.8390257428039518,37.07308839485209,3.003060886702958,235.21934801678333,333.48110645994115,3.4085567410987383,2.9076022709520677,1.4136355209846168,2.3915304243224846
2022,14783,"Hurts, Jalen",QB,14,40.41428571428572,41.9,11.6,66.4,14.725190134249402,0.3643560655346264,31.275,50.75,-0.49332148880305826,-0.7492888586834795,29.621509175795158,2.5700347893577176,201.30191505936276,285.3948279871582,2.8376471362439504,3.7051892079118405,1.5749960644371557,0.5325875463463646
2022,13589,"Allen, Josh",QB,16,38.2875,33.7,9.8,84.2,18.21750102923011,0.4758080582234439,25.325000000000003,50.85,0.2953698543458546,-0.5566395737880413,25.9434143801125,1.9923245973430226,156.05187856824833,221.24180501673126,2.269920924157242,2.313422381601459,1.4178244525579438,1.6457205441297238
2022,14778,"Tagovailoa, Tua",QB,13,36.02307692307692,30.8,1.5,74.4,23.37704837083896,0.6489464634228198,15.5,57.1,1.4605840764652074,-0.25736282561247414,21.84611673098325,1.477745639056512,115.74669274692573,164.0993204503292,1.3765285470696949,1.7477382088744897,0.9252088344710725,0.8929926908180269
2022,12611,"Goff, Jared",QB,16,34.368750000000006,33.95,-5.7,67.5,20.746919010723012,0.6036564905829571,18.675,49.575,0.8666048117134372,-0.3356483786119119,21.43149122135649,1.5803962843220871,123.78696191355584,175.49837363422054,2.317800005400594,4.900436924055816,1.3128210244780494,1.2915681940012622
2022,14777,"Burrow, Joe",QB,16,34.78125,36.0,-5.8,94.3,23.200032832681508,0.6670269996817684,17.875,44.625,1.4206075031457237,-0.22610988614697847,20.86423915547838,1.4372397856018129,112.57400967457612,159.60126418780447,1.5712103108713318,1.9236652594379873,1.1831033724544173,1.2079703141817126
2022,11760,"Garoppolo, Jimmy",QB,11,28.772727272727273,29.9,3.8,49.7,13.082124577876272,0.4546709963874849,25.8,36.25,-0.8643856980062308,-0.5931758415500508,19.77954282733427,2.043209255365535,160.03749742036996,226.89239709573948,1.9700729503775107,2.0388905916207114,1.8441728153215486,
2022,11150,"Smith, Geno",QB,16,29.925,27.7,7.8,70.8,15.943709574625348,0.5327889582163859,17.400000000000002,38.525,-0.21813529748647004,-0.45814577954078806,19.523235628485946,1.7661421702373394,138.33579319940884,196.12490965607486,2.1789976133651554,1.7578788624563202,,
2022,14779,"Herbert, Justin",QB,16,29.25625,32.25,0.1,53.6,16.437722194315732,0.5618533542171581,18.225,42.325,-0.1065692060722993,-0.4079067934950196,18.731752197480795,1.6777563992582023,131.41284218109013,186.30992893692,1.7380623402828745,1.7479126596587768,1.722606284535652,1.5569493591497463
2022,5848,"Brady, Tom",QB,16,30.14375,25.549999999999997,2.6,78.5,18.384503282316334,0.6098943655754953,18.325,34.725,0.3330850621999928,-0.3248659589567074,18.724054599212412,1.5550437151257248,121.80118306260957,172.68304515898362,1.4840241729382786,1.0280534647105326,1.7749154086148589,1.306824803353499
2022,14059,"Jones, Daniel",QB,16,27.3625,25.35,7.4,58.1,14.099196563989027,0.5152744290174153,15.674999999999999,36.849999999999994,-0.6346936989464412,-0.48842035287105495,18.057785095564046,1.8121825147477353,141.9419737687589,201.23755492314444,2.086783806930012,2.2258973038662275,0.7901632066493222,1.01486120884993
2022,12620,"Prescott, Dak",QB,11,26.572727272727278,27.0,-5.1,55.9,16.501850635009557,0.6210070372394975,16.75,37.05,-0.09208666212194536,-0.3056572557500699,16.39272789214996,1.5182809993574584,118.92168698824533,168.60065336161526,2.0156158684012153,2.0528917598898935,1.34341057883687,
2022,14056,"Murray, Kyler",QB,11,24.072727272727267,28.2,1.4,36.3,11.57364489684849,0.48077830009567,20.55,32.2,-1.205055501331177,-0.5480483093400814,16.256807160917997,1.914538502575411,149.95916343981906,212.60388726249596,1.8366560519844037,1.688173133020011,2.447578857091919,1.7114086307041636
2022,15237,"Lawrence, Trevor",QB,16,29.10625,35.25,-21.0,72.0,23.13596952663752,0.7948797775954485,17.424999999999997,42.725,1.4061396689780925,-0.005111179504409243,16.216267163582874,1.205928353856971,94.4561871539726,133.91480790026898,1.270733019573239,1.4984471281859157,0.5666202871746643,
2022,13593,"Jackson, Lamar",QB,12,28.116666666666664,24.0,-3.0,81.4,21.80905138290573,0.7756627640630372,15.4,36.35,1.1064730916030359,-0.03832856598202613,15.834463185076117,1.2326977652274804,96.5529423404042,136.88747254474774,1.3421287604296575,1.3609038978753376,0.996174959112164,1.6205900870493226
2022,12141,"Mariota, Marcus",QB,13,19.49230769230769,19.8,1.3,39.2,10.36706779540658,0.5318543067888143,14.4,24.2,-1.4775446763690137,-0.4597613624012123,12.724648555624652,1.7148052640439526,134.31475131595084,190.42409674368776,1.791904145576888,3.1370563277463783,0.22850023640979653,
2022,12801,"Hill, Tyreek",WR,16,20.05,16.05,4.6,42.5,11.67823830892314,0.5824557760061416,10.8,31.075,2.2462739363077997,-0.272836642932378,12.670180300774604,1.5814500020786406,230.45092717439894,441.8327811271572,1.7932115133758135,2.0652144648678314,0.9999027840967357,1.3815505678549242
2022,10313,"Dalton, Andy",QB,13,21.523076923076925,24.5,-3.2,45.2,15.041335550672652,0.6988468983514813,11.9,32.0,-0.4219243077938907,-0.17110790209738724,12.669226958569594,1.341725996260605,105.09274568990968,148.99473792897194,1.2353948685931029,1.2675567982117297,,0.7926558255421683
2022,10700,"Cousins, Kirk",QB,16,24.6625,25.6,-15.3,68.8,24.0463322307166,0.9750160053002169,13.400000000000002,41.775,1.611732815013498,0.306261588391982,12.487240576185163,0.9846751122207877,77.12618779408598,109.34528413357314,0.9043200090320069,1.0715562626384618,1.505894307726411,1.4568018515737744
2022,14836,"Jefferson, Justin",WR,16,20.55,23.0,-1.7,39.8,13.729575739985558,0.6681058754250879,7.549999999999999,30.725,2.9953293058582497,-0.24650387725364878,12.31936191985607,1.39515220008775,203.303371992178,389.7840436626019,1.5028190293979025,1.3029358626990095,1.3730374359521915,1.3110788032715097
2022,7836,"Rodgers, Aaron",QB,16,19.4375,23.2,-6.8,36.9,11.52323061254959,0.5928350154366349,10.9,27.675,-1.2164408879113746,-0.35435373683976806,12.203084319232968,1.552115472546005,121.57182397319299,172.357872406146,1.9105852636088954,1.686553241539004,1.974480398399642,1.8824722116460924
2022,13130,"McCaffrey, Christian",RB,16,18.0375,17.65,1.8,33.6,8.99804666302637,0.49885220585038775,10.675,22.55,1.1731948075640157,-0.376422996151756,12.034208529430197,1.8041024019926029,273.48290566657687,542.4534919631606,1.5786515951483642,2.240511518829816,,
2022,12476,"Heinicke, Taylor",QB,9,18.666666666666664,18.9,5.6,40.0,10.31309846748299,0.5524874179008745,11.1,25.2,-1.4897329216337973,-0.42409619388327563,12.023715265857646,1.6500047904930633,129.23915487789344,183.2281941515815,1.7180600477815442,2.6572265609217394,0.9584184769807534,
2022,10697,"Tannehill, Ryan",QB,12,21.666666666666668,20.8,-12.9,48.1,17.64918946832655,0.8145779754612253,9.5,37.150000000000006,0.16702434852611583,0.02893795358885231,11.94033376336968,1.1618020559802316,90.99992722167518,129.01471189986063,1.5064473018992541,1.5230865931986464,0.9695169028904762,2.0619917103765397
2022,14225,"Crosby, Maxx",DE,16,16.29375,15.7,7.0,29.9,6.174187066934399,0.3789297777942094,10.75,19.525,0.7863446712298797,-1.3500413926059731,11.8162289787259,2.2711632479026616,235.65019889778586,317.9462521020527,2.322923374744535,2.87506337780011,1.1661622312843647,1.429710055955133
2022,14162,"Wilkins, Christian",DT,16,16.33125,16.0,3.5,33.0,7.102615605359761,0.4349094898038889,11.875,20.725,1.888024061702401,-1.2563879694709683,11.381379882177807,2.0155528529820814,185.80660675480453,241.0525482398385,2.021106140628319,3.6593058601308006,2.001830424376778,1.5332795514528827
2022,13164,"Kupp, Cooper",WR,9,16.57777777777778,17.4,-3.7,25.1,7.859852667233482,0.47411979896180517,16.3,20.1,0.8519727235421111,-0.30614408702687546,11.245882315299744,1.8711121279801421,272.6608645063217,522.7599192004739,1.985160960526758,1.3949984281729946,2.4116303435173654,1.2971510913080542
2022,11644,"Carr, Derek",QB,15,21.253333333333334,31.5,-16.1,46.1,19.904199445231537,0.9365213038847963,4.449999999999999,35.6,0.6762879567734617,0.2397219373634878,10.975006208657591,1.0167016148605221,79.63471271395426,112.90173334964835,0.8601662402267478,0.5713364182340519,1.3739798248801662,1.5822127251850537
2022,14073,"Jacobs, Josh",RB,16,18.475,14.25,3.8,55.1,13.611001983689519,0.7367254118370511,9.625,24.375,2.5753325574161856,-0.2839757357532247,10.637835937724752,1.264458113182376,191.67852030176022,380.19444915064275,1.1410237003773724,2.3996395653864298,1.5329316849773993,1.0242170158746893
2022,12186,"Diggs, Stefon",WR,16,16.29375,15.600000000000001,4.4,35.6,8.681047513837257,0.5327838903774305,9.75,20.75,1.151835827476765,-0.28810805690568336,10.630167828804524,1.68305650568403,245.25715748963754,470.2200738076522,1.860327214581346,1.3809100603025366,1.6016628385848672,1.6819799749432802
2022,11244,"Kelce, Travis",TE,16,15.456249999999999,16.75,2.2,30.5,7.35569241727113,0.4759040787559162,10.35,18.925,1.6877278142863619,-0.1409635981549872,10.472394664718681,1.8497868552523655,389.3235576911389,847.4130389975935,1.606019858998934,1.3043497576990812,0.9687725341944835,2.231036025297274
2022,13610,"Chubb, Nick",RB,16,15.36875,17.15,3.3,28.3,7.559325263375032,0.49186337622611026,8.0,20.425,0.7358860877212035,-0.3791391412908297,10.301714114651393,1.7955562532203546,272.18739960444213,539.883854985114,1.7018835440608562,1.7201277501183867,1.3259641517681497,1.8211266412051608
2022,10703,"Wilson, Russell",QB,14,18.514285714285712,17.25,-9.3,46.9,15.48464018415194,0.83636173834154,7.5,27.25,-0.3218099315780104,0.06659207030744449,10.082047195672017,1.1231234353592405,87.97036496240091,124.71956448605188,1.00442487735242,0.7376732554399796,1.160406029285362,1.7240583949364605
2022,11757,"Donald, Aaron",DT,11,13.70909090909091,14.5,7.7,23.6,5.182918543455914,0.3780643499868372,9.0,17.0,0.6699144363397048,-1.4455425840143505,9.948077467660966,2.217252388615212,204.40056535259723,265.17505486189157,2.3624149305954503,2.889345513740591,1.9891112501627592,1.0676061694304213
2022,15698,"Purdy, Brock",QB,8,18.5375,20.45,-2.1,40.6,17.2124183004597,0.9285188563970167,-0.75,34.525,0.06838546745492495,0.22588938265772782,9.61229906490671,1.0178494527293005,79.7246188748045,113.02919737950259,,2.7820651345762895,,
2022,12616,"Brissett, Jacoby",QB,15,18.9,18.7,-9.4,53.3,18.654615157291953,0.9870166749889924,0.5,33.1,0.3940861883543609,0.32700523216212085,9.511747051697338,0.9616062104878208,75.31928069835632,106.78355023440747,0.6977549730331299,0.40106677017165315,0.4751544906331118,0.12107256484664697
2022,12626,"Henry, Derrick",RB,15,15.919999999999998,14.6,0.1,41.1,10.75597198459225,0.6756263809417243,6.45,22.9,1.7075276340164065,-0.3077213190182641,9.500924657830195,1.3542053367314293,205.28325329507263,407.17944443384397,1.3097886449887017,1.3830510118712553,1.4905700038938816,1.2808768083885103
2022,14157,"Williams, Quinnen",DT,15,14.139999999999997,14.6,3.0,32.5,7.213394947364705,0.5101410853864715,9.3,16.85,1.958317122761598,-1.0060516432748214,9.363363553797573,1.7215779943148677,158.70611624702036,205.89425968623723,1.7192587638452852,1.6662539039532762,1.600455243899217,1.1472336328386743
2022,13813,"Oluokun, Foyesade",LB,16,12.8375,12.0,6.0,23.5,4.813246695319076,0.3749364514367342,9.7,14.025,0.9067740089634307,-0.25236675911096423,9.336795156303776,2.2083184617533904,242.86308907634907,645.1525056878542,2.0090501250496464,2.6048705343148897,1.6402745089755097,1.7315814776878187
2022,13702,"Jewell, Josey",LB,12,13.383333333333333,12.3,7.5,30.2,6.183827473516885,0.46205435667623057,8.25,14.975000000000001,1.6250431037743935,-0.2333876488571481,9.153786432235261,1.8629808946095754,204.88407935323784,544.2633447223286,1.7227385342181611,1.3792487754063072,,1.1867054460912434
2022,15284,"Waddle, Jaylen",WR,16,15.14375,15.450000000000001,-2.2,34.2,9.922762263477846,0.6552381189254871,7.125,20.475,1.6052537228381136,-0.2504600152968462,9.148985772410017,1.3864395868649233,202.03375879373775,387.34987367552225,1.3960215540603254,0.9680495056004221,1.23848740146595,
2022,13723,"Payne, Da'Ron",DT,16,13.1,13.75,3.0,24.3,5.767148342118486,0.4402403314594264,9.775,17.45,1.0406270635022474,-1.2386493676874166,9.095704177875293,1.935822792366775,178.4565777057689,231.51713255763448,1.7601467588539412,2.082756767097081,1.6350268427197523,1.3623135596680596
2022,14104,"Brown, A.J.",WR,16,15.23125,15.25,-0.6,35.2,10.294823866268912,0.6759014438256159,8.15,20.575000000000003,1.7411137413577653,-0.24410716227706114,9.088392432690613,1.3485159379498524,196.5074759249608,376.7545900759068,1.3148208286883312,3.0822130571493886,1.0101854022021204,1.2891285228798226
2022,13214,"Watt, T.J.",DE,9,13.733333333333333,12.0,6.0,30.3,7.3421159529570685,0.5346200936619225,8.1,15.5,1.4016655967918947,-0.995631954835809,8.949011804323991,1.6462649777081093,170.81232262525654,230.4650623914974,1.6160378122987824,2.4706255608358925,1.543171922489295,2.2578342795846633
2022,14956,"Sneed, L'Jarius",CB,16,13.23125,13.0,2.6,26.9,6.5404241787134865,0.4943164235210949,8.0,17.15,0.8028179653645657,-0.706425319764452,8.854383042128974,1.754708977427508,212.79553822313545,355.73468044658637,1.492168158778009,1.3538545124465793,1.2035328188749215,1.2270922778963862
2022,14832,"Lamb, CeeDee",WR,16,14.4875,14.95,-5.2,32.5,9.370290483757694,0.6467845027615319,8.675,20.325,1.403516092130452,-0.25305904431249854,8.797447374386612,1.3970196903057654,203.57550506730848,390.30579167592447,1.7665025280488322,1.8396774585887403,1.1661943366636232,1.241466247113708
2022,13837,"Franklin, Zaire",LB,16,10.493749999999999,10.65,7.0,14.5,2.0586612002707003,0.1961797451121573,9.275,11.5,-0.5367991547499826,-0.29130988140731,8.772720022120149,3.430831109725808,377.31072571194073,1002.3052948957435,3.490098760890178,3.4048637647784106,0.6950858767828947,0.3527097448486443
2022,13404,"Ekeler, Austin",RB,16,15.025,11.75,3.1,41.3,10.875804567938872,0.7238472258195588,6.8500000000000005,17.575,1.7439515265305983,-0.28898072574897304,8.715969591131692,1.2651774382144194,191.78756239364185,380.4107341991286,1.4608606676015474,1.6332172539897802,1.7242931153718568,1.3195522244363411
2022,12688,"Buckner, DeForest",DT,16,13.05,12.75,0.0,30.6,6.604543890383348,0.5060953172707546,10.0,15.25,1.571981514066277,-1.0195141083320503,8.664790236283544,1.7160792531558582,158.19920697164864,205.2366309038764,2.3930602158609737,2.6203803956820186,1.6597203978747528,1.9606800078010203
2022,10266,"Heyward, Cameron",DT,16,12.675,13.25,3.0,28.1,6.110902142891834,0.48212245703288625,8.75,15.05,1.2587499235027482,-1.099284817884182,8.551924937008602,1.782474255066233,164.31992466565154,213.17722366839024,1.6334756519285902,1.7703964781849362,2.381711417628122,1.784080001928391
2022,15238,"Fields, Justin",QB,15,17.74666666666667,14.0,-18.9,58.3,19.445680468651357,1.0957370662275367,9.3,31.75,0.5727376262407371,0.514932833278573,8.467983390021262,0.8679910015162865,67.98672593190437,96.38785575896813,1.2303608669362556,0.9992210126728984,0.32706037536869276,
2022,14085,"Pollard, Tony",RB,15,15.02,16.0,-4.9,39.8,11.799163812180364,0.7855635028082799,6.45,17.65,2.0246125698376134,-0.26499525539749486,8.41191028847588,1.1735141623631826,177.8923760699467,352.8496245773203,1.3767023511278043,1.6255967127334197,1.4935815662730223,0.7449876477584426
2022,11222,"Allen, Keenan",WR,9,11.288888888888888,12.2,1.7,15.8,3.881135127323346,0.34380134001880036,11.1,13.4,-0.6008744248915406,-0.34620995345598254,8.400712629688963,2.3127589370957127,337.01820524458225,646.1492376683264,2.2354281137424694,5.343390413894662,1.9069337421747454,1.3832605024547269
2022,14159,"Lawrence, Dexter",DT,16,12.45,13.95,-0.4,22.2,6.030339957249508,0.4843646552007637,10.175,16.525,1.2076306215469228,-1.0918238083495109,8.387426874103323,1.7708958707127493,163.25255483447066,211.79249240283298,1.6300867142540156,1.9012123808597803,1.3363558551692494,1.535190560275894
2022,14147,"Bosa, Nick",DE,15,12.72,11.7,1.0,28.8,6.642409201487062,0.5222019812489829,8.05,16.85,1.03302653743725,-1.0239002271037911,8.356315493403251,1.6643966142934272,172.6936157342474,233.00335896797728,1.7022043954562505,1.46023706499531,2.2007796082671103,
2022,13208,"Allen, Jonathan",DT,16,13.981250000000001,13.4,0.0,29.7,9.434989318356433,0.6748316007764994,5.699999999999999,21.95,3.3679903158188433,-0.45803696589325427,8.347854192336648,1.339843249806232,123.51535582978788,160.24021852361219,1.2387198526737833,1.3074877360337025,1.4553823406132667,1.5199671923006595
2022,13839,"Sieler, Zach",DT,16,11.94375,12.25,4.0,19.5,5.198313278122049,0.435232927524609,7.625,16.525,0.6796828913990286,-1.25531171673259,8.321819943609961,1.9269355168215523,177.63729156801784,230.45424779432207,3.0538364398093516,3.152420318941829,1.4863652942335386,1.7340638513840612
2022,13742,"Hill, B.J.",DT,16,11.875,12.25,4.0,26.9,5.305716257019404,0.44679715848584456,7.85,13.5,0.747833541303002,-1.2168312475666578,8.207784989312437,1.8832119169302892,173.6065693178519,225.22506952870907,2.319236918845126,5.372052441958085,1.6015729271347001,0.8499890386038546
2022,13307,"Milano, Matt",LB,15,12.853333333333332,9.0,4.0,25.7,7.365583630794116,0.5730485189933182,7.0,19.0,2.2443564188866327,-0.20920696592687354,8.170970684082205,1.5364538686840201,168.9737867226049,448.869617504465,1.6654265288287387,1.483258107033199,1.357722048830041,1.4756118904354052
2022,14109,"McLaurin, Terry",WR,16,12.1375,12.6,-0.5,22.1,5.906550918260165,0.48663653291535863,7.875,16.599999999999998,0.13871553763731712,-0.30229586940076714,8.164403155220352,1.7573894905936012,256.0890556018356,490.9875652926252,1.889252992736,1.8643844692367875,0.9698698374661201,1.2996844274056725
2022,15355,"Bolton, Nick",LB,16,11.44375,10.25,4.0,22.8,4.824931184742431,0.42162151259354946,8.25,13.325,0.9128974040780753,-0.24219616420896878,8.049786739033289,1.9646154842095398,216.06149366858799,573.9555341780612,1.7416518245231574,2.900201591546315,1.1745861926038819,
2022,16011,"Stonehouse, Ryan",PN,16,11.8,11.75,4.0,21.3,5.545606369009615,0.4699666414414928,6.15,17.1,1.5814236326348499,-1.2227310305389838,8.027393049156933,1.8027359628387496,175.66671714239038,246.3857769060984,1.7383780688021238,1.4205977625751536,,
2022,15281,"Chase, Ja'Marr",WR,12,13.666666666666666,12.8,-2.6,30.4,9.782240143352759,0.7157736690258116,7.0249999999999995,19.85,1.5539414194469574,-0.2318486130119797,7.965308544702389,1.2675164423129783,184.70412530012828,354.12457813743424,1.2071014503725115,2.3052760355878497,0.9861151129400924,
2022,15241,"Jones, Mac",QB,13,15.753846153846156,13.8,-7.6,59.8,15.865958497779276,1.0071165062066922,8.7,21.6,-0.23569433019376326,0.36174860477655596,7.848994368353736,0.9340617170331855,73.16181601938835,103.72481499703599,0.8144409087518184,1.873233601821835,1.0171694035343022,
2022,15287,"St. Brown, Amon-Ra",WR,15,13.826666666666666,10.6,0.1,39.3,10.592920067458055,0.7661224735384321,8.0,17.3,1.849964950701551,-0.21636908315235995,7.828826637919902,1.1926819633199108,173.79914882543864,333.2169769269948,1.6394045964403159,1.6223576169468765,0.9220857623447736,
2022,13146,"Conner, James",RB,13,12.107692307692307,12.7,0.8,23.3,6.699421506422032,0.5533194382686558,5.9,16.0,0.47451275218016536,-0.35525480111409685,7.794721426513308,1.5725457162714584,238.38135313408344,472.8295434455387,1.8114865270019227,3.7360530689470406,1.3641887285781915,1.0338803320271475
2022,14163,"Simmons, Jeffery",DT,14,11.942857142857145,11.95,3.0,27.8,6.356741560367711,0.5322630493130858,7.25,13.9,1.414742953165427,-0.9324398697274527,7.794260357718039,1.623389518967988,149.65447197997037,194.15128695539005,2.2194288039346324,1.7028176701056934,1.3082661887794405,1.6884325322921958
2022,13604,"Barkley, Saquon",RB,16,13.0,14.1,-4.5,30.3,8.706606686878649,0.6697389759137422,5.925,19.4,1.084609732711396,-0.31000940549456946,7.785648048902928,1.3392939900998921,203.02285033807297,402.6959339406389,1.1134965808804471,1.4270226467172744,0.6987818736087061,
2022,12711,"Ramsey, Jalen",CB,16,11.7,9.6,5.0,22.8,5.910689469089034,0.5051871341101739,6.75,17.2,0.53133405092852,-0.6962857924583771,7.773119856566356,1.6930293355436055,205.31557843439748,343.23027773486297,1.6890280619278248,1.6182226234939052,2.0074946684414128,0.815922903793119
2022,11675,"Adams, Davante",WR,16,14.743749999999999,14.25,-5.6,39.4,13.230975434090261,0.8973955360129047,2.9,23.775,2.8132630934765364,-0.17600972785072663,7.770520020818539,1.0360322852277144,150.97195636885243,289.45146879004693,0.9665100326569015,0.8304558951458703,1.6693436538286632,1.4380418893824756
2022,14235,"Tranquill, Drue",LB,16,10.74375,10.5,4.5,18.4,4.143363481219092,0.38565337812394107,7.375,14.1,0.5557137741530966,-0.2500320182489175,7.753562449034795,2.0888568422649163,229.72512078168643,610.2522118754644,2.1107851881746345,1.9404443993976348,1.2088600271466075,
2022,14224,"Gardner-Johnson, Chauncey",S,11,12.97272727272727,13.0,1.0,26.3,8.738638432438577,0.673616137048524,5.9,20.0,1.8759651767437162,-0.2101451851511137,7.751315839727199,1.3320883984681287,156.86094134696737,293.5615297525442,1.3680864597933144,1.6638145949001149,1.1324919561270443,1.0941587972541615
2022,14322,"Edwards, T.J.",LB,16,10.56875,8.75,5.0,17.0,3.9045996513727244,0.36944763111746654,8.0,14.125,0.43058676036055543,-0.25356252851928945,7.7175276803947,2.1548649739519443,236.984462694239,629.5362564058205,2.0779233737075553,2.8145271988647442,1.2290411891537483,1.0165639425247617
2022,14892,"Brooks, Jordyn",LB,16,10.5,10.0,5.0,18.5,3.9011216335818086,0.371535393674458,7.5,13.75,0.42876406393130717,-0.2531076980726206,7.655653691786707,2.142366744798874,235.60995145744545,625.8849425240528,1.8798291840756334,2.1987440769815736,2.2806965250118023,0.7676029717202166
2022,13696,"Smith, Roquan",LB,16,11.90625,10.0,3.5,26.7,6.665814724210387,0.5598584545268567,7.625,12.875,1.8776342328585642,-0.2120804933271906,7.632904104501877,1.5531617223147012,170.81125763762904,453.75075843643964,1.5075154696512567,2.3525884809176123,1.4143081563421953,1.737968663687516
2022,13298,"Stewart, Grover",DT,16,11.73125,11.5,2.5,25.0,6.343768472879508,0.5407581010446038,7.125,15.350000000000001,1.406511111249505,-0.9041722246662761,7.613946661741673,1.597442790213694,147.26253588209545,191.0481556852491,1.5300966585278102,1.537497580991065,1.0714065373921464,1.7030479551771567
2022,9431,"Stafford, Matthew",QB,9,15.56666666666667,22.2,-12.9,35.2,16.2863269169093,1.0462308511933167,7.9,28.3,-0.14075978883390117,0.4293593348230429,7.607483123220693,0.9005190484648028,70.53453507868778,100.0,0.986135753281965,1.8726439190776356,1.645743481418962,1.6270101363071556
2022,14896,"Queen, Patrick",LB,16,10.525,10.15,3.8,16.7,4.075,0.38717339667458434,7.5,14.05,0.5198870818818612,-0.24970087392696447,7.587371575342466,2.0738916256157633,228.079298946178,605.880176235416,1.95680641450075,2.0084828206398195,1.3484872043189808,1.084927259106474
2022,15754,"Olave, Chris",WR,14,11.635714285714286,10.45,1.0,23.4,6.249983673448063,0.5371379461526881,7.65,13.975,0.264121599778818,-0.28676942062551797,7.569726786614946,1.6049297225769321,233.87242222736612,448.39265351908415,1.7865131890315782,1.6504403128711873,,
2022,13952,"Luvu, Frankie",LB,14,11.992857142857144,10.6,2.0,28.7,7.087863297387229,0.5910070647017344,7.0,15.475,2.0988137878648705,-0.20529459891045793,7.537903136278933,1.4828214451561532,163.07548161932428,433.20109277654035,1.619271558263549,2.1223594702610034,0.9859868721418829,0.5680919031986285
2022,13245,"Reddick, Haason",DE,16,12.4875,8.65,4.0,35.0,8.519087025614892,0.6822091712204118,6.925,15.525,2.0217503797394354,-0.659663967957515,7.423274235831533,1.311837991017144,136.1130177631823,183.64772897507862,1.6371849538065748,1.641085545479333,1.3587681362461272,0.9532263705002324
2022,12221,"Hunter, Danielle",DE,16,11.024999999999999,8.65,4.0,23.0,5.394731225927757,0.48931802502746097,7.925,13.9,0.37568996847975283,-1.098756420767312,7.402717092473727,1.7240755882434255,178.88575630112206,241.35797905714105,1.5511443504611222,1.3165309785313433,,
2022,14153,"Allen, Zach",DT,13,11.930769230769233,12.3,2.0,27.7,7.30767611334238,0.6125067019564856,7.0,13.3,2.018141559672455,-0.6654257110119473,7.398895903064093,1.4361139105565341,132.3902036302765,171.75382783445653,1.6395941526495703,3.2034635449683155,1.553012652685455,0.7591045211015713
2022,12238,"Perryman, Denzel",LB,12,10.633333333333333,9.25,4.5,23.1,4.872257063096003,0.4582059933946085,8.25,11.05,0.9376990913240114,-0.2342260357630069,7.292065305930904,1.810774497621732,199.14260362788124,529.0114286545257,1.9567723508573136,1.734606046927475,2.146765847381619,0.7965993499500409
2022,11728,"Mosley, C.J.",LB,16,9.675,9.65,3.5,16.5,3.2244185522354254,0.33327323537317055,8.375,10.625,0.07412979689191787,-0.26144331770159074,7.256577079110166,2.2902560152048155,251.87429270808042,669.0902750063008,2.0113584696109674,2.1058478548156656,2.145181716888934,
2022,14171,"Burns, Brian",DE,16,10.825,10.85,1.0,20.2,5.508005537397362,0.5088226824385554,6.625,15.65,0.4353683059282237,-1.0543565194090336,7.174467964986224,1.6633360155881276,172.5835706742609,232.85488290239914,1.8688716905925813,1.5094394796786539,1.1783695809803243,1.8591411836273852
2022,12187,"Lockett, Tyler",WR,15,11.686666666666666,10.4,-0.1,26.3,7.370831401921737,0.6307043412939307,7.05,15.549999999999999,0.6734043422220256,-0.2580028228588759,7.166637366889901,1.3961177935065916,203.44407950639157,390.053815596665,1.2971397243328326,1.4355213936786733,1.0224628412867687,0.9330362809203929
2022,13714,"James, Derwin",S,13,10.5,10.6,3.4,22.5,4.920756664766726,0.46864349188254534,6.5,12.7,0.24681051575023774,-0.26790484027516365,7.14945462124428,1.7734219787284051,208.830465987573,390.8212619905574,1.6858831297560009,1.4748348904594366,1.5884508507016675,
2022,13253,"Williams, Marcus",S,9,12.277777777777779,11.0,2.0,28.5,8.885415988233225,0.723699039765602,5.0,12.5,1.938597639900871,-0.19603222297410064,7.122924300896157,1.2420092176588442,146.25360844491888,273.7101579159309,1.1277447575738113,1.233181315163066,1.1111940891780228,0.9924898438198934
2022,13154,"Williams, Mike",WR,12,12.425000000000002,14.75,-1.6,26.2,9.365550793555425,0.7537666634652251,2.75,19.7,1.4017853722877507,-0.22016782540293425,7.084750930006701,1.198682081392626,174.67349374383355,334.89331753319453,1.306070648680823,1.5764844227775228,1.0489084641334283,0.9342560765572219
2022,13319,"Jones, Aaron",RB,16,12.725,12.95,-4.6,38.0,10.174262872562316,0.7995491451915376,3.875,16.475,1.5307133688192962,-0.25955986254657304,7.071215606421015,1.1387775771093964,172.6266759313915,342.4051054918291,1.3345234963721997,1.554838790130693,1.2290327835307433,1.1732206722762335
2022,11769,"Lawrence, Demarcus",DE,16,11.181249999999999,9.85,2.0,22.5,6.575733680548505,0.5881036271032761,6.0,16.225,0.9978986767025457,-0.8738834124729198,7.040629974754707,1.4759296553294945,153.13875704827458,206.6193624397709,1.3580828468605572,1.1981583127043223,,1.400287274644236
2022,12625,"Elliott, Ezekiel",RB,14,10.292857142857143,11.2,2.3,17.7,4.786956128855981,0.4650755434003035,6.25,13.899999999999999,-0.10679352866739138,-0.38954998914772754,7.025478781093009,1.7786305812019227,269.6216461533921,534.7946816210739,2.2085571023565977,2.1628036105896173,1.3462354766246236,0.9942721868752147
2022,12795,"Judon, Matt",DE,16,11.143749999999999,12.100000000000001,0.0,22.5,6.559817904294296,0.5886544389720064,5.0,15.05,0.9895134827982075,-0.8726295584767617,7.014583994245437,1.4740765109791703,152.94647944113052,206.35993577753786,1.2919129825287907,1.0877576651688308,1.54474593030491,0.8952250118389492
2022,12305,"Jarrett, Grady",DT,16,10.318750000000001,9.5,0.0,20.0,4.870218007184073,0.47197751735278715,7.875,12.774999999999999,0.4714958729904192,-1.1330425350950277,7.01012744987933,1.7578137621757384,162.04656205047408,210.22792137482398,2.7010825785471555,2.2993659589010473,1.632114086381058,1.5412349462273596
2022,13713,"Fitzpatrick, Minkah",S,14,11.935714285714285,9.25,1.5,31.1,8.431540034118251,0.7064126898722652,5.25,15.625,1.744921101140432,-0.20090337837819996,6.994623490878833,1.265510642221448,149.02103407832584,278.8893293236962,1.4825820610785985,1.931531938933775,1.67441722607037,1.1331703499970927
2022,10775,"Wagner, Bobby",LB,16,10.431249999999999,8.5,5.5,23.1,5.22562421510579,0.5009585826344677,7.5,9.7,1.122885333862549,-0.22491215129128145,6.949725409272236,1.6755347961236917,184.26941742741863,489.50162343346994,1.6431005606333111,1.6285900378273959,1.6137047511341918,2.085267189207548
2022,10783,"Smith, Harrison",S,14,11.592857142857142,8.75,2.5,26.7,7.858795280786116,0.6778997777634358,4.75,17.725,1.5005212372285623,-0.2089380893936857,6.909147552489632,1.308626825139638,154.09820842171996,288.3911406367516,1.2760734162513274,0.8649683027970404,1.9356483984922979,1.0791339592656168
2022,15452,"Hufanga, Talanoa",S,16,11.1625,10.35,1.0,26.3,6.874943181583394,0.6158963656513678,5.5,14.0,1.0806949223550792,-0.2264101559575308,6.907930630502034,1.4174705445627844,166.9151718515148,312.37778357618413,1.5703907559795236,1.1915791328438996,0.6855871056766271,
2022,13699,"Evans, Rashaan",LB,16,9.943750000000001,10.0,4.0,20.0,4.428878067580999,0.4453931431885353,7.625,11.25,0.7053410757785799,-0.23701738498172578,6.879616142404067,1.8316399587936851,201.43731358162574,535.1072000709047,1.9724808762180548,2.0943166258312975,1.0048853221628762,1.1392131827292697
2022,12697,"Robinson, A'Shawn",DT,10,9.2,8.25,4.0,15.5,3.1480152477394387,0.34217557040646074,7.625,11.375,-0.6212972555385137,-1.5649640207423885,6.854542880119548,2.2179282019307336,204.46286616439235,265.2558795952147,2.2179282019307336,2.839883302035842,1.2815606995871942,
2022,13198,"Garrett, Myles",DE,15,11.379999999999999,8.8,3.0,26.4,7.516222455462583,0.6604764899352007,5.35,15.35,1.4933932486636536,-0.7091356856594323,6.853454456584386,1.3362732196715337,138.64835576578395,187.06848236085762,1.4921346785376277,1.459195186292113,1.3521611397107884,1.9019219564572916
2022,14921,"Dugger, Kyle",S,14,11.914285714285715,11.75,0.5,28.9,8.802341988913854,0.7388056825227455,3.125,19.65,1.9031485606903713,-0.19177529164051577,6.851993775980693,1.2154529731527837,143.12646048938433,267.8577747177536,1.3611906444448114,1.843555009588953,1.4023151326486998,0.9648353239841022
2022,10292,"Jordan, Cameron",DE,15,10.346666666666666,10.5,4.0,22.7,5.360456033668114,0.5180853125323563,5.4,13.65,0.3576321541064468,-1.0332713060769065,6.815602905351301,1.6267177403472561,168.7841503323837,227.72859205473415,1.4255151889573836,1.5045477132065694,1.4746040992405298,1.242752405939612
2022,15441,"Hobbs, Nate",CB,10,10.239999999999998,9.8,4.0,22.8,5.213866127932324,0.509166614055891,6.75,12.475,0.23092766481643065,-0.6925739793949226,6.785201782644767,1.6479273594211432,199.8460108836708,334.0866891000367,1.6479273594211432,1.9602933759570236,0.9013765555673521,
2022,14926,"Gay, Willie",LB,12,11.0,8.5,3.5,28.1,6.889242822449116,0.6262948020408288,6.0,13.8,1.9947243748115877,-0.19760697309203154,6.763841331962789,1.3943036420046693,153.34060529421646,407.340926550415,1.4266397028747617,1.4391022629139663,0.883050223322419,0.6208081405531424
2022,14218,"Okereke, Bobby",LB,16,10.15,9.5,3.5,23.0,5.084289527554464,0.5009152243896023,5.875,12.125,1.048817216384376,-0.2249215971211306,6.762540505329232,1.6682309337898518,183.46616436437247,487.367825628721,1.627552817027725,1.402316142090161,1.8816024848183293,1.2217732144883466
2022,14840,"Aiyuk, Brandon",WR,16,10.64375,9.3,-0.7,23.9,6.143794506451204,0.5772208579167308,6.7,13.375,0.22534613333306083,-0.2744460966555024,6.748420772255559,1.4899294752093108,217.11443835413604,416.2633550537758,1.4709627560223493,1.153542943351998,1.110892837831222,1.5601113219624663
2022,13810,"Joseph-Day, Sebastian",DT,15,9.886666666666667,10.0,0.0,18.5,4.654441128881342,0.4707796151936624,7.25,12.75,0.3345784928436777,-1.137028605353614,6.7220585358499525,1.748478132731504,161.18594377078622,209.1114151697765,2.156685855317641,2.3612152794185794,,1.6593146262361036
2022,14210,"Pratt, Germaine",LB,15,9.326666666666666,9.5,4.0,17.1,3.6455391309867404,0.39087267308649826,6.25,11.25,0.2948230254250854,-0.24889496640786096,6.705622194711594,2.007660769544659,220.79546259006295,586.5310635561705,1.9018663058101544,2.247896559872887,1.1462009655813161,1.3827830873710574
2022,12287,"Hicks, Jordan",LB,16,9.975,7.75,2.5,20.2,4.865632024721968,0.48778265911999685,6.0,14.225,0.9342271614737597,-0.22778259800817074,6.704608323570645,1.7005840049219276,187.02424121439535,496.8196620685537,1.681365890395721,1.8421410016480178,1.2966821320793307,1.7935695340313842
2022,12767,"Simmons, Justin",S,11,12.118181818181819,9.5,1.5,33.7,9.784943738568055,0.8074597233627051,6.75,12.05,2.322441330284351,-0.1724291309927012,6.704537678790671,1.1236203091951207,132.3126450313681,247.61997567704088,1.0677451346410929,1.421772103790302,1.211030651644934,1.273602408202509
2022,15850,"Pitre, Jalen",S,16,11.9125,7.25,3.5,35.9,9.400191154971264,0.7891031399766014,4.875,18.6,2.1582609017012437,-0.17760186965145566,6.6583640338118215,1.1454116393145193,134.87869737418728,252.42228174963324,1.495574298383208,2.541411767950701,,
2022,13704,"Nwosu, Uchenna",DE,16,10.91875,10.3,1.0,24.6,7.0141124483073405,0.6423915235999854,4.75,13.95,1.2288576266457245,-0.7503038387024384,6.648079853740969,1.3624403289108011,141.3633893515501,190.7316863681667,1.2168042171058076,1.276716030279791,1.0610135316527831,0.9985893936849176
2022,12239,"Kendricks, Eric",LB,16,9.6,10.0,2.0,19.6,4.265413227343864,0.4443138778483192,7.0,11.5,0.6196753895977689,-0.23725250881566987,6.6467546613217445,1.823218726717621,200.51117612851675,532.6469666086812,1.7576952761960967,1.7297406374744724,1.6265522611836838,2.1019917980396277
2022,14149,"Gary, Rashan",DE,9,10.88888888888889,8.7,5.0,28.4,6.977494686401805,0.6407903283430229,6.0,13.9,1.2095656342843966,-0.7539487584754996,6.636368279843043,1.3649509422362585,141.62388428957175,191.08315388070406,1.4545462607352022,1.7231212538321377,1.3206695656037015,0.8128796240310078
2022,15350,"Parsons, Micah",DE,16,10.0,9.0,2.5,18.6,5.093746165642728,0.5093746165642729,5.75,13.475000000000001,0.21711661004042074,-1.0531001107358835,6.6252604822271275,1.641026673605343,170.26880933758605,229.73173811003792,1.4716919357079443,1.4269140973286087,1.7807938762470836,
2022,13251,"Baker, Budda",S,15,10.08,10.0,3.5,21.5,5.303734533326494,0.5261641402109617,5.75,12.75,0.4102336434396964,-0.25169598075993044,6.604794159694148,1.5990521089854277,188.29742783343437,352.3941682906455,1.7136655710567117,1.521842004693918,1.2237474823877332,1.0815180252595065
2022,11772,"Kirksey, Christian",LB,16,9.1125,9.25,4.0,14.9,3.4642594807548694,0.3801656494655549,5.875,11.15,0.19982127700504326,-0.25122754983297263,6.602468336701944,2.0412119947963134,224.4853082115334,596.3329365264376,2.046009947080573,1.8315519718281992,1.5249532330448061,1.3606005135771253
2022,13684,"Hubbard, Sam",DE,15,10.313333333333333,10.1,2.0,22.5,5.79768536189707,0.5621543660533682,5.0,14.3,0.5879855242032264,-0.9329536440926134,6.601993732148872,1.5171830975205847,157.41911068050513,212.39454277657774,1.5039998659454128,1.4851115007413926,1.409204462307426,1.684498999789159
2022,15349,"Phillips, Jaelan",DE,16,9.80625,7.9,2.0,19.5,4.774734122178951,0.4869072399927547,7.0,14.05,0.04904577268144889,-1.1042442699246156,6.595065069457718,1.6981301290283228,176.193720565611,237.72580443291423,1.9918936579794972,2.463767713676051,0.9074936851273783,
2022,14168,"White, Devin",LB,16,10.393749999999999,9.0,4.0,21.3,6.034429213894219,0.5805824860030518,4.875,15.875,1.5467491758188254,-0.20756565017056308,6.575898500737867,1.4775541389300695,162.49620182642607,431.66226770722267,1.4064462118456953,1.4069595166546263,1.2831461095351326,1.5205131805292453
2022,12741,"Jones, Chris",DT,16,10.7,10.4,-0.8,22.9,6.764059432027486,0.6321550871053726,6.1,16.8,1.6731992637454716,-0.600044875795446,6.555749563588623,1.378145040449005,127.04626088218434,164.82096877430845,1.466716443080418,1.4515722173918886,0.9209475484865582,1.1945874309017992
2022,14079,"Sanders, Miles",RB,16,12.799999999999999,9.05,-5.2,37.5,12.272377520268844,0.9587794937710035,4.5,17.700000000000003,2.1684489518823886,-0.19767643419903524,6.534681438469469,0.9644089749897895,146.19423400790646,289.97634257679385,0.8384137768250031,0.5608944218337905,1.2365178231477678,1.1971023680701787
2022,14928,"Wilson, Logan",LB,15,9.526666666666667,8.5,2.0,16.6,4.390515029267321,0.4608658183275704,7.0,13.25,0.6852364710430632,-0.23364657841127473,6.52124688465433,1.7673017540888913,194.36162435887374,516.3110188607913,1.8851795679571415,2.9404795752018553,1.288319952898569,1.03069071477587
2022,10272,"Watt, J.J.",DT,15,10.826666666666666,9.0,4.0,31.0,7.225276619079867,0.6673592936342242,5.05,14.35,1.9658564262115317,-0.48290138494114,6.493301538547551,1.316267788678675,121.34201841106918,157.42068195213565,1.2682729252197849,1.3489780906581905,,1.6070247899693677
2022,14800,"Dobbins, J.K.",RB,8,11.05,9.7,-0.5,23.0,7.8289526758053665,0.7085025045977706,5.35,16.975,0.8178410920695186,-0.2949443122430864,6.467652210203507,1.2515640762557414,189.72392022996084,376.31749884636423,1.4454551340308741,1.2395999969296776,,1.1117919244394223
2022,10768,"David, Lavonte",LB,16,9.1375,8.75,3.5,17.1,3.7849826617832747,0.414225188704052,6.125,11.625,0.3679000598003741,-0.24380749366168916,6.461135095729198,1.909620294547655,210.0133163441,557.8888820961089,2.2201646283026975,3.4381588309035394,1.2991108724627394,2.0374390924002923
2022,13707,"Ward, Denzel",CB,13,10.538461538461538,10.0,2.0,22.0,6.674583070993845,0.6333545979775181,5.0,15.0,0.860654988917541,-0.576739099628667,6.452035309118218,1.3731640456524274,166.52515369907726,278.3835264221691,1.5741012709825752,1.498759724828328,0.7499524412715616,1.6033820241351593
2022,12175,"Cooper, Amari",WR,16,11.425,10.45,-1.2,28.0,8.832786932786277,0.7731104536355603,4.825,17.575,1.2072441795182731,-0.21422065782987168,6.443479015407272,1.161928970707651,169.31778321061202,324.62506429238846,1.3327206414126052,1.0027412387152839,1.0915434322724489,1.280458822362
2022,14835,"Higgins, Tee",WR,16,11.6125,9.45,-5.1,26.6,9.40623961793447,0.8100098702204064,5.15,17.900000000000002,1.4166430850756626,-0.2028760861690987,6.415710870452844,1.115917029239517,162.61286395392446,311.77003628821217,1.1112623413364386,0.6628845802029305,1.096447037809839,1.287910442790862
2022,13674,"Goedert, Dallas",TE,11,10.29090909090909,10.0,0.4,22.5,6.236615420308233,0.6060315337755351,6.6,13.65,1.2035875161282779,-0.11540891949068194,6.407663158840183,1.4220610731958399,299.3003624707617,651.4659201168657,1.3686447564970887,1.325261507516709,1.199769280679478,1.0070823359795333
2022,9051,"Campbell, Calais",DT,13,9.538461538461538,9.3,3.0,17.2,4.686238193089086,0.491299165404501,5.5,13.0,0.35475475436866866,-1.0687489314320366,6.396075153622392,1.6774642944177662,154.6394320729224,200.61842692563715,1.7681773162814178,1.6254728450959666,1.4554660816294807,1.1290300559302164
2022,15282,"Smith, DeVonta",WR,16,11.8,12.3,-4.0,33.3,9.976159080527935,0.8454372102142318,3.5,17.85,1.6247518180430343,-0.19198409831377913,6.394148733258809,1.0750573049668701,156.65873240986977,300.35445844019705,1.2241426892213705,3.5624509746362834,1.0280467527805548,
2022,13229,"Jackson, Eddie",S,12,10.733333333333334,10.0,-2.9,22.5,7.3573470460183925,0.6854671160886701,6.125,16.95,1.286544802485022,-0.20680567386322016,6.368165377347338,1.2842991052342272,151.23348183932762,283.0298728117059,1.1643286793323877,0.8961505318948001,1.3035056994330423,1.3324750579558668
2022,14179,"Love, Julian",S,16,10.15625,8.75,1.5,23.1,6.042140426827235,0.5949184420260661,5.375,14.075,0.7253239150369134,-0.23232156736969714,6.36788047111566,1.4422106610242358,169.82846046031855,317.8299340813847,1.5026448741094303,1.7081399470691219,1.0061065025652098,0.7633492312150358
2022,13128,"Cook, Dalvin",RB,16,12.131250000000001,10.649999999999999,-4.3,38.2,11.089055344685589,0.91409008508485,5.4750000000000005,16.25,1.8087704860645235,-0.21504456687597426,6.3378678435932825,1.0034903186486743,152.11855371912742,301.7272339424722,0.8782895488485385,0.9077053955991723,1.0272761950757494,1.413633295366404
2022,15833,"Gardner, Sauce",CB,16,9.943750000000001,8.0,3.0,22.0,5.735848754761583,0.5768295416479278,5.75,11.75,0.45595875272283937,-0.6294621803725414,6.306166733537916,1.4762430633512589,179.0256625201425,299.2808842709903,1.2741591667745404,1.2987374028195815,,
2022,15692,"Pickett, Kenny",QB,12,12.983333333333334,19.3,-12.0,28.6,13.76498173708277,1.0602039848844238,2.975,24.700000000000003,-0.7101716127575577,0.4535124625365703,6.301964964921516,0.8793328406716031,68.87509287219434,97.64733374276561,0.9939013466946574,1.6431605458238747,,
2022,13697,"Edmunds, Tremaine",LB,13,9.63076923076923,7.5,4.0,23.1,5.0880530680869125,0.5283122195297912,7.0,11.1,1.0507895443890638,-0.21895301247760118,6.301571830481263,1.5819128255062285,173.97320273584782,462.15029255552514,1.5716686219647702,1.3228921404434368,1.6982772390599035,1.6773871317256794
2022,11671,"Evans, Mike",WR,15,12.453333333333335,11.2,-3.3,49.4,12.19228535682389,0.9790379033852159,5.35,14.649999999999999,2.4339805981182807,-0.15090912266688447,6.292619920028545,0.9439860491565003,137.55886052791917,263.73516765995964,0.7517628525598475,0.8373679154698798,1.3483583381141024,1.1551663967555126
2022,12764,"Hargrave, Javon",DT,16,11.34375,8.25,1.0,29.2,9.185584409143491,0.8097484878583794,4.375,16.05,3.2097348667931,-0.009095299930268827,6.268136194673089,1.1137063465712225,102.66860373893101,133.19509455416923,1.1810856763978743,1.185651854733634,1.517385220076822,0.9852216828051831
2022,12225,"Williams, Leonard",DT,12,10.841666666666667,9.0,1.0,25.9,7.939926357061226,0.7323529307051092,4.75,13.375,2.4193247061153866,-0.26663230006454736,6.2583475194363825,1.2127243820194724,111.79672218392514,145.03727955625882,1.2192693873725178,1.3335415101263854,2.1144817800629374,1.4455771286768453
2022,13633,"Kirk, Christian",WR,16,10.76875,12.25,-0.3,25.0,7.793163570559777,0.7236832102667233,4.425,16.1,0.8276208908316652,-0.2294168575611845,6.247522709427355,1.2246729989255114,178.46092365669458,342.15477971189597,1.1575567928044987,1.0410099396540795,1.353793204634494,0.7968652399476086
2022,12231,"Thompson, Shaq",LB,16,8.55625,7.5,5.0,15.5,3.239013883499112,0.37855531143890275,6.0,9.55,0.08177865315927267,-0.25157837074481304,6.206678781041577,2.0184529315429387,221.9823465681254,589.683955892836,2.1033060153342324,2.6551811462650075,1.3004427116938786,1.185078647731463
2022,13131,"Mixon, Joe",RB,14,12.571428571428571,11.6,-2.9,55.7,12.91922313959366,1.0276654770131322,7.2,12.95,2.365061881801564,-0.170904522649859,6.199951971341451,0.9031702736102243,136.9110924445264,271.56322624263,0.9704115969112658,1.9968048857251184,1.3441670480087589,
2022,15345,"Paye, Kwity",DE,11,10.363636363636363,9.3,0.0,20.2,6.973361355547361,0.6728682009738682,5.0,17.5,1.207387997445846,-0.6809275128020011,6.195130230584288,1.2997826012771891,134.86218077793515,181.96006253851235,1.243074330185454,1.200652693104229,1.2140317195641215,
2022,13226,"Jackson, Adoree",CB,10,9.620000000000001,8.5,2.0,21.2,5.3385016624517405,0.5549378027496611,5.5,13.25,0.28465908897334086,-0.6498814420682245,6.186742635614463,1.5177088391389604,184.05426395211322,307.6873007702854,1.5177088391389604,1.58761243033161,1.4871711306989484,
2022,13767,"Maddox, Avonte",S,9,10.588888888888889,9.0,2.0,24.5,7.544452626406954,0.7124876562189149,3.0,18.0,1.3663859151588165,-0.19919150135778801,6.183337351621332,1.2392705948375822,145.9311201218981,273.1066286713631,1.2138920647609213,1.4434369398885867,1.6696697812125194,0.9398204262683356
2022,13268,"Anzalone, Alex",LB,16,9.20625,7.0,4.0,18.5,4.524719431909563,0.4914834413479498,6.25,10.875,0.7555678782383692,-0.22697636243883984,6.172545899456797,1.6663742138336886,183.26196884098522,486.8253913952417,1.5820423044501892,2.302562499780529,1.354012863182383,0.6605298524035814
2022,15846,"Walker, Quay",LB,16,9.59375,7.5,3.5,22.0,5.358925819369027,0.5585851016931885,6.375,11.625,1.1927436188714067,-0.2123579001789251,6.155422626315182,1.5087060727737744,165.92218182660105,440.76319609430465,1.5176517329599724,1.2457220801123101,,
2022,15711,"Walker III, Kenneth",RB,14,11.192857142857145,9.05,-0.7,33.4,9.178349080130625,0.8200184245170946,5.25,17.575000000000003,1.2279988990493682,-0.2516046631026889,6.149859249818828,1.099673144901953,166.69885623960377,330.6472719127952,1.4075031466482852,1.8758935622869912,,
2022,13281,"Douglas, Rasul",CB,16,10.256249999999998,11.5,-0.4,22.0,6.874769882512433,0.6703005369908528,4.75,15.1,0.9469572021811987,-0.5422782100295426,6.140362032378468,1.3024190107162545,157.94582346283053,264.04128350898964,1.8547504908729466,4.131732773259011,1.2226248442463854,1.8257866511021428
2022,13690,"Sweat, Josh",DE,16,10.356250000000001,8.05,1.0,30.3,7.1581220258877964,0.6911886084140297,6.0,12.225,1.3047287756746397,-0.6392234076725282,6.1236517018122125,1.2694404382696147,131.7139540908721,177.71238152402046,1.2151869560723578,1.2505248833376286,1.037063069655948,1.140222244050322
2022,14907,"Delpit, Grant",S,16,10.025,8.75,3.0,27.5,6.4097094317917405,0.6393725118994255,5.0,11.925,0.8821718202667878,-0.2197947653534258,6.1151446222461905,1.3529545378644972,159.31804725056605,298.159945149204,1.2716760845762811,1.4953738536802526,1.114248983549528,
2022,14167,"Hines-Allen, Josh",DE,16,9.6375,8.5,2.0,19.3,5.576611314230175,0.5786367122417821,4.75,15.675,0.47151311800100953,-0.895433654405314,6.10495114250449,1.4654203418022913,152.04833705083422,205.14813537089975,1.451304535977212,1.9269031675546142,1.0439220014130852,1.0291708544788323
2022,14247,"Greenlaw, Dre",LB,15,10.333333333333334,7.5,0.0,24.0,7.194133412410112,0.6962064592654947,5.25,16.5,2.1545059006809506,-0.18237633770374653,6.092025694683393,1.2610648146982057,138.68746819239408,368.4156697179267,1.331036073131535,1.7062865508324072,,1.8874276775888392
2022,13288,"Jenkins, Rayshawn",S,16,11.5375,9.0,4.0,46.6,10.364414780874027,0.8983241413541952,6.25,11.625,2.5697114153554255,-0.146824263367628,6.077729165773327,1.0152304559859315,119.54912691469875,223.7333543729784,0.9094140167441666,0.823040724383866,0.985920678982317,0.9917972171999592
2022,13848,"Johnston, Cam",PN,16,8.19375,7.4,3.8,13.8,2.853390253277669,0.34823984784471934,5.9,11.0,-1.1419238927294952,-1.5804827699036244,6.07736821686322,2.1263742993667583,207.20349529029755,290.6184791019792,2.348225248323111,2.19470879970958,1.5087915841311703,0.6515261125447684
2022,13163,"Godwin, Chris",WR,14,10.042857142857141,8.55,0.0,22.0,6.6267546771417765,0.6598475496442737,5.1,15.674999999999999,0.4017012778630431,-0.24904286505588225,6.050469601867625,1.3167929962342555,191.8847680799769,367.8916885960534,1.2406017221000685,1.657236167427087,1.5337956467980463,1.6964223607405808
2022,15346,"Rousseau, Gregory",DE,13,9.323076923076924,9.0,1.0,19.0,5.051755802331555,0.5418549952995891,5.0,12.6,0.19499407370577704,-0.9791626105003108,6.046662592460849,1.540557356839321,159.84436516744492,215.66676821123843,1.3417367527094402,1.677755256142603,1.204425125354823,
2022,15380,"Campbell, Tyson",CB,16,9.73125,7.2,2.0,25.0,5.969162289425544,0.6134013913346738,5.75,13.825,0.5565421741436724,-0.5953502181881223,6.031512091327688,1.3963299455323963,169.33450852474658,283.07998269900423,1.5317473880544574,2.131151917003907,1.2681228422238655,
2022,15712,"Allgeier, Tyler",RB,15,10.653333333333332,8.0,-4.4,29.2,8.199745253495514,0.7696882277999545,5.4,15.7,0.9305459058828052,-0.2711650368005976,6.019892750587696,1.1580030794097822,175.54105940884915,348.18578670264696,1.2603137153124417,1.6166066627494093,,
2022,12720,"Kearse, Jayron",S,13,9.430769230769231,9.0,2.5,18.7,5.364324405865192,0.5688109076366027,5.0,13.0,0.4360883658387127,-0.23967846214584446,6.0114123281923035,1.4818178064710348,174.49242579925232,326.5584345471682,1.8874697701796737,1.9056652771309182,1.6392425351559603,1.1492371105761878
2022,11317,"Poyer, Jordan",S,12,10.366666666666667,9.25,1.0,29.0,7.511361764391032,0.7245686589444725,4.0,13.175,1.3522654852005036,-0.1957871712316101,6.011164944289094,1.2179797961399865,143.42400818430127,268.4146281686133,1.0730566735600118,1.3219418689381848,1.3815860232159844,1.6291417191405415
2022,15253,"Etienne, Travis",RB,16,11.243749999999999,10.45,-1.1,33.5,9.792533427949072,0.8709312665213184,3.1,15.3,1.414684223224756,-0.2318178496073613,6.009707679377158,1.0418082163065092,157.9271430646795,313.24857406497415,1.0545459227644256,0.8466322547589471,,
2022,13743,"Warner, Fred",LB,16,9.23125,8.25,1.4,18.5,4.952110503361168,0.5364506977236202,5.375,13.725,0.9795472327609718,-0.21718000066660406,6.008165451502522,1.550920466746559,170.56477224156149,453.0959834704569,1.6554949670090742,1.3376604641143843,1.7018368978893539,1.2594930097283628
2022,13232,"King, Desmond",CB,16,9.95625,8.9,1.0,27.4,6.563437433045279,0.6592278652148428,4.95,11.275,0.8127391723020605,-0.5526061142547594,6.000532059959606,1.3163657514373461,159.63716045168786,266.8687263599189,1.4307489944697016,1.840748360693786,0.9471309504375885,0.9080707590559389
2022,13710,"Davis, Carlton",CB,13,9.6,8.0,4.0,27.0,5.790708738341766,0.6031988269106007,7.2,10.0,0.4796093517141626,-0.6048665400257954,5.988028333640568,1.4136963268349865,171.44054918665205,286.60069421451004,1.2392214484716457,1.3452145303697147,1.2506524439174023,1.5477444050543339
2022,15894,"Woolen, Tariq",CB,16,10.5625,9.0,-5.4,25.0,8.155356751853347,0.7721047812405536,5.5,15.125,1.4990289408843132,-0.4473214998875964,5.960426331340165,1.1536961678595212,139.91003644692873,233.89048718929985,1.1909040376256643,1.0911119953299326,,
2022,14217,"Barton, Cody",LB,16,8.925,8.25,1.5,17.2,4.56282533086683,0.5112409334304571,6.125,11.25,0.7755377260476924,-0.22267208515460138,5.90574262684945,1.6044005463333968,176.44632309460093,468.7200014494757,1.7135532318575983,2.128087758528061,0.4036763605692701,0.5967824159574571
2022,14897,"Brown, Derrick",DT,16,9.88125,8.5,1.5,25.9,6.677033281143655,0.6757275932846204,4.25,15.175,1.6179783676189081,-0.4550555128076811,5.896692302256362,1.2871182966303334,118.65483102319439,153.93451222567393,1.0115958456842888,1.2415214468273776,1.219628201369573,1.0769899831127523
2022,15352,"Collins, Zaven",DE,16,9.1375,7.25,4.0,23.0,5.027533565278307,0.5502088717130842,6.0,10.75,0.18223263805574905,-0.9601460607142351,5.894366989335091,1.5159600358987129,157.29220887601156,212.22332309031208,1.4923107005950649,2.2174909821807716,0.6056620215596328,
2022,12270,"Smith, Preston",DE,16,9.35625,8.5,0.0,20.0,5.50771830593214,0.588667287207176,5.0,12.825000000000001,0.435216978622986,-0.8726003110840937,5.889370339114854,1.4377158875287008,149.1737924024233,201.26971429704912,1.7734531795499098,2.056448263904041,0.9744919986856158,0.9438922233035307
2022,14940,"Highsmith, Alex",DE,16,10.56875,7.55,1.0,32.1,8.481650690608522,0.802521650205419,4.0,17.55,2.0020271238276686,-0.3857877297588509,5.863313763135973,1.1146529591591303,115.65359371256969,156.0432659723529,1.0818063345274238,1.0211900417559205,1.3630183204156854,0.9059538630981155
2022,14833,"Jeudy, Jerry",WR,14,10.27142857142857,12.3,-2.1,23.6,7.730868420210776,0.752657565250006,5.1,14.375,0.8048735279847322,-0.22050881302132808,5.860487967005359,1.1764498188578363,171.43377986885,328.68196568926396,1.4402222928690065,1.925271792071004,0.9589132748025373,0.8202679843755217
2022,14887,"Simmons, Isaiah",LB,16,9.712499999999999,9.5,0.5,26.9,6.413547672700345,0.6603395287207563,4.375,12.075,1.7454306957733554,-0.19019014391732775,5.849707142419961,1.310101509937721,144.08035127978553,382.7415685193641,1.6350104229948073,1.9417270317301012,1.4938356218036264,0.8831241119138827
2022,13764,"Johnson, Taron",CB,16,8.94375,9.0,-0.4,16.3,4.747626874292039,0.5308317958677332,5.75,12.5,0.02992801257002714,-0.6723660361540326,5.842411964621068,1.556077002841567,188.70721447026648,315.46573390629123,1.9397913097903525,2.075452545758784,1.3106719489965981,1.2558303457118756
2022,10816,"Davis, Demario",LB,16,8.36875,7.85,2.5,17.1,3.695219673781249,0.4415497743129199,6.5,10.7,0.32085870246825104,-0.23785468382902772,5.805384003468603,1.7823979667516407,196.02185267472896,520.7213245275004,1.7015731497434812,1.4557677510153406,1.3383170750941313,1.5239569583602492
2022,13424,"Hill, Taysom",TE,15,11.74,10.8,-2.5,47.8,12.003432842316403,1.0224389133148555,4.6,14.6,3.6984549056746974,-0.033634041345494164,5.804872484755392,0.9028385152107774,190.0198943269552,413.60285793276483,1.0534543672163394,1.284694324841819,0.9329418513838327,0.693817944965272
2022,14268,"Long Jr., David",LB,12,9.299999999999999,9.0,0.5,20.1,5.718245651712887,0.6148651238400954,5.75,11.625,1.3810494340635722,-0.2000969907541988,5.75899489233188,1.3842899593331879,152.23933573153965,404.41546422305674,1.5522578482947356,1.4034061056295937,1.9472878999809882,0.8004510402896943
2022,15835,"Brisker, Jaquan",S,14,8.521428571428572,7.25,4.0,17.0,4.110644470053773,0.48238912473388784,5.625,10.55,-0.09887804619521963,-0.264031430668177,5.748442449588466,1.6673882562875502,196.34439559185256,367.45387751300325,1.5324546661904392,1.5435503261496268,,
2022,11232,"Hopkins, DeAndre",WR,9,11.322222222222221,10.7,-8.7,34.3,11.000482593229743,0.9715833497455122,6.5,13.6,1.9987882957709744,-0.1532009940781909,5.7427053356296955,0.9434805754070114,137.4852022433835,263.5939460770896,0.8773344541159416,0.6345395742800108,1.5556183189982535,1.370806012718715
2022,15239,"Wilson, Zach",QB,9,12.377777777777778,15.5,-11.1,30.8,14.30677988288364,1.1558439761755186,4.5,23.5,-0.5878138043672944,0.6188300623849579,5.74149980915411,0.8086467482046218,63.33849630914836,89.79785042672844,0.9084049286752649,0.5680595311918247,0.4338008716645107,
2022,12718,"Bell, Vonn",S,16,9.95625,9.3,2.0,30.9,7.31299944875562,0.7345134411807276,4.375,13.25,1.267620933391882,-0.19298481098600398,5.740082356019407,1.1976723998809313,141.03269744459027,263.93934685998926,1.3046142324957146,1.7904804975348982,1.409700599721512,1.440674353069086
2022,13223,"Humphrey, Marlon",CB,16,8.9375,8.5,0.0,17.0,4.9848363814673,0.557743930793544,4.95,13.25,0.13219102041310715,-0.6472640591757135,5.737464177085299,1.4933574504519365,181.10114356075755,302.75050863868705,1.4013902802682716,1.2588220067498896,1.478439209177355,1.6747469195538824
2022,13730,"Alexander, Jaire",CB,15,9.986666666666668,10.0,-2.0,23.5,7.489091325981335,0.7499090112798399,4.0,15.0,1.21179632831798,-0.46802434297699935,5.7069633919781175,1.176411736330592,142.66477907435436,238.49564713044614,1.1885604208700133,1.0635944562996613,,1.2377376548284333
2022,15381,"Grant, Richie",S,16,9.09375,6.25,3.5,22.3,5.4537222094180775,0.5997220299016442,5.375,12.375,0.47423591916893953,-0.23096795465309886,5.68458133977133,1.4090705650034432,165.92602675987612,310.52662200750297,1.4079625324005176,1.7061425358413829,0.7635299681373969,
2022,13426,"Morrow, Nicholas",LB,16,7.95625,7.0,4.0,16.3,3.2341862867651887,0.4064963125549334,5.875,9.125,0.07924869389576475,-0.24549127143583274,5.656786959894182,1.8790505332438676,206.6513616300731,548.9580333779586,1.8842510083611708,1.9455612746530908,,1.1959185139805084
2022,11721,"Mack, Khalil",DE,16,9.700000000000001,8.05,2.0,28.9,7.006336417843493,0.7223027234890198,5.25,11.625,1.2247608410284878,-0.568396034955185,5.631994810035404,1.2115403967265088,125.70639108613308,169.60679896751165,1.1517095520991467,1.292364859969758,,1.1419307623304016
2022,13806,"Elliott, DeShon",S,13,9.161538461538461,9.0,1.0,27.0,5.747044519582145,0.6273012489888152,6.0,10.0,0.5994015051814602,-0.22319635087750386,5.629897025662168,1.3578594946200013,159.8956336440962,299.2408843797924,1.2992443016766904,2.5598961447960003,,1.3643566420293347
2022,14113,"Hardman, Mecole",WR,8,10.075,10.5,-0.1,23.0,8.004647087785944,0.7945059144204412,2.85,15.825,0.9048450772336222,-0.20764271268726417,5.614358759722367,1.118866725345172,163.042697462121,312.5941359639076,1.214456111100548,1.6452791416809003,1.1698629580186293,0.8494234088419217
2022,12075,"Barrett, Shaq",DE,8,9.3875,7.0,2.0,24.0,6.391486036126497,0.680850709574061,6.0,10.275,0.9008281851211168,-0.6627563351714437,5.584969531517082,1.2700423100466969,131.77640279600652,177.796639173023,1.2055712487416252,1.4800989648551073,1.4707779781873798,1.2948520612630017
2022,13920,"Ward, Charvarius",CB,16,9.7,7.0,1.0,25.0,7.178788198575021,0.7400812575850538,4.75,13.85,1.0780220478114286,-0.47719106452009435,5.574452318084273,1.1859947665217712,143.82692396195282,240.4384286552588,1.094000933454812,0.8756366221587204,1.1780333267357956,1.17109368746825
2022,14221,"Williams, Quincy",LB,14,7.378571428571428,6.75,3.5,11.0,2.4287499934353565,0.3291626322177637,5.625,9.725000000000001,-0.34284973805409624,-0.2623388349925733,5.551293159859582,2.151971255617456,236.66622174040816,628.6908667273918,2.3399058358322247,2.3920778618659635,1.362768201606724,
2022,12301,"Smith, Za'Darius",DE,16,9.6125,8.0,1.0,30.9,7.047062774660092,0.7331144629035206,5.225,11.775,1.246217438147597,-0.5437844689380249,5.546373425270477,1.1945352321929703,123.94197789024392,167.2262002435713,1.0399021788980038,1.2120833828535766,,1.5088682469197088
2022,14071,"Montgomery, David",RB,15,9.879999999999999,9.4,-0.5,21.7,7.965107239286445,0.8061849432476159,2.35,16.2,0.8592261565240381,-0.25698091991914346,5.4700932132870275,1.1020503978696827,167.059222729001,331.36205904028884,1.1293972576714428,1.2374408446801368,1.1008751459122168,1.2177345080998814
2022,15373,"Davis, Jamin",LB,16,7.71875,8.0,3.0,15.5,3.174157122371229,0.4112268336675276,4.875,9.1,0.047789699097805345,-0.244460701640713,5.469531768993042,1.8491757194839809,203.3658348000588,540.230211151247,2.3835401906066784,2.5072865364085812,1.1113528849163226,
2022,15822,"Lloyd, Devin",LB,16,9.2,6.75,2.5,22.5,6.285001988862056,0.6831523900937018,4.375,10.5,1.6780648072091,-0.18522023778825036,5.465934073555771,1.262868563943532,138.88583818350997,368.94262874372356,1.1920133287899985,1.1277634180666907,,
2022,14283,"Wilson, Donovan",S,16,8.46875,7.0,2.0,16.7,4.664455856528176,0.5507844553834008,5.0,10.7,0.13744263016145625,-0.2447581724867632,5.460945891352947,1.495068584609046,176.05277985285605,329.4786001345867,1.475846489071128,1.944567399070287,0.9233676600966412,0.8493349594382613
2022,14909,"Winfield, Antoine",S,12,8.950000000000001,7.0,4.0,23.8,5.771120630634343,0.6448179475569097,5.875,8.525,0.6096751885813532,-0.2182602850557168,5.44133167642879,1.3217900681768733,155.64825472223134,291.292015508839,1.252899122849324,3.8455794068063796,1.7997514620973782,1.2679404133489895
2022,10945,"Hekker, Johnny",PN,16,8.09375,7.5,2.1,14.8,3.9500741686074705,0.48804005171984194,4.725,11.399999999999999,-0.032558485744588306,-1.169613768740826,5.439201714124181,1.6350765108388048,159.3292244990726,223.4712152685703,1.4474425183276496,1.2563729330820368,0.6813847281440304,0.6230704167548575
2022,12802,"Reader, D.J.",DT,10,9.05,7.75,0.0,19.5,6.022665522839535,0.6654879030761917,4.875,14.0,1.2027609456957074,-0.48912851642157984,5.433843129862701,1.2886844703862155,118.7992109786683,154.12182072233932,1.2886844703862155,1.5942427352931443,1.5145794462024316,
2022,12083,"Autry, Denico",DE,11,9.927272727272726,9.3,0.0,30.1,8.212306830061477,0.8272470250061928,4.0,12.75,1.8601238662323798,-0.32950352137401784,5.432912239788203,1.0776098658457816,111.81009531361445,150.85750370003623,1.0847078582754792,0.9406925512409541,1.1854038458822278,1.0760843238703628
2022,14518,"Thompson, Jalen",S,16,8.025,7.5,2.0,14.5,3.9206982796435637,0.4885605332889176,5.25,11.6,-0.1799312951630241,-0.26229237700333563,5.391114315162629,1.6308660974395897,192.0437048692979,359.4052368720352,1.366503923940383,1.5113890567509134,1.395373036359534,
2022,13748,"Jones, Justin",DT,16,8.774999999999999,8.0,2.5,21.0,5.517302329943503,0.628752402272764,3.1500000000000004,12.875,0.8820917204377507,-0.6113674539436597,5.387559206516195,1.3464159794587998,124.12127226212226,161.02629229453754,1.353205693216179,1.3220648761516804,1.5424345153554138,1.5959491163590231
2022,15806,"Thibodeaux, Kayvon",DE,14,10.700000000000001,7.9,0.0,44.5,10.577401787368606,0.9885422231185612,5.25,12.775,3.106169268130274,0.03766472643532708,5.380826152747999,0.924214275060758,95.89415377488302,129.38324233898385,0.8305997787784996,1.1174150884293432,,
2022,14412,"Singleton, Alex",LB,16,9.15625,7.75,0.0,28.0,6.470410414919598,0.7066659838820039,6.0,9.875,1.775230289516379,-0.18009767328506593,5.364992380742879,1.2256689380430175,134.79475430446192,358.07488829957026,1.7369927805527567,2.0351246041364437,1.2194062384300666,1.1731814483502192
2022,15259,"Stevenson, Rhamondre",RB,16,10.925,9.45,-14.9,32.5,11.330793220247203,1.037143544187387,4.7,18.125,1.8822482844242265,-0.1672209579520248,5.3629014171202956,0.8859932856599294,134.30724214752667,266.39848776395195,0.7220328689990949,0.3124048364534151,0.7970139841614642,
2022,14164,"Jones, Dre'Mont",DE,13,9.515384615384615,8.5,-2.0,22.8,7.435863837236207,0.7814569917871519,4.0,14.5,1.45105647633471,-0.43373877735761024,5.341349613968964,1.1279680183294762,117.03513083665153,157.90727692076803,1.1977789097560507,0.928889278311769,0.8975408276383866,1.3503119341474588
2022,15364,"Cisco, Andre",S,14,9.357142857142858,7.25,1.0,27.4,7.052832691875785,0.7537378449332899,4.25,13.75,1.1566033821949506,-0.18756752747573685,5.33554252944732,1.1619691126307572,136.82843348306648,256.0711666142874,1.2835474062849392,1.1892386449804146,0.4815302127675896,
2022,14903,"Diggs, Trevon",CB,16,8.6875,7.0,1.0,20.1,5.530017518055436,0.6365487790567408,4.75,12.15,0.3672231804252261,-0.5737597648365271,5.308427167693237,1.3303945932731644,161.33845393539522,269.71281368818745,1.3091412256289807,1.0753967618954132,1.2918371559533983,1.1025268053520423
2022,15805,"Hutchinson, Aidan",DE,16,9.41875,9.45,0.0,21.0,7.296250642453286,0.7746516939565533,3.25,13.575,1.3775015525182017,-0.44923018261656206,5.307379488648316,1.135302006403073,117.79608703381308,158.93398163832393,1.245557965797567,1.5657884598888103,,
2022,12988,"Jones, Jonathan",CB,15,10.046666666666669,8.0,-4.8,27.3,8.995692796493714,0.8953907892993077,4.5,14.15,1.8613048570025819,-0.33232792748722806,5.300577972303402,1.0050995835116938,121.88956094290924,203.7652874391251,0.899742386540144,0.9216040175090903,,1.054324792518215
2022,10762,"Cox, Fletcher",DT,16,8.1375,7.75,0.0,14.4,4.389885391442469,0.5394636425735754,5.525,11.850000000000001,0.1667093552519264,-0.9084795901493731,5.285931914829931,1.5097723623066128,139.18051277957284,180.5631019090548,1.5194808520264564,1.1973899258376215,1.2743370676308063,1.5789952881632323
2022,13632,"Lazard, Allen",WR,14,8.457142857142857,7.5,-0.1,20.7,5.07637585652744,0.6002471451975013,4.925,11.875,-0.1644267334690561,-0.2673667607115968,5.28489794999702,1.3918070667169018,202.81591485738352,388.84946490352604,1.4363601606415335,1.1232350579829267,0.7989632955225459,0.9632109011323741
2022,14127,"Meyers, Jakobi",WR,13,9.207692307692309,9.4,-2.1,24.7,6.845600669094718,0.7434654026585742,7.9,10.8,0.4816139060317034,-0.22333490505441464,5.281258976319053,1.1736121548937768,171.02027182833822,327.8891660689808,1.1012493212448295,0.9059074837213803,1.135196309242641,0.9133866673780182
2022,12698,"Reed, Jarran",DT,16,9.05625,8.0,2.5,28.7,6.507396632870937,0.7185531133604899,4.975,9.375,1.5103384497506513,-0.3125517777717258,5.269694564336883,1.2063103153958123,111.2054323285992,144.27018128745095,0.9907860215860745,0.7891434692181828,1.1685078596889922,1.4698599174646028
2022,15437,"Forrest, Darrick",S,16,8.78125,8.0,1.5,21.7,5.86602705734469,0.668017316138897,4.0,10.375,0.6501733644920451,-0.2117228881884117,5.264483716707877,1.278941945124811,150.60264594384515,281.8492784017118,1.3156992268333252,1.6562452747607046,,
2022,13703,"Carter, Lorenzo",DE,16,8.59375,6.9,-1.0,23.2,5.439378267550437,0.6329458347695054,5.0,11.225,0.39921217030526746,-0.7718057622428003,5.262728142610456,1.3345620715133253,138.47081132718063,186.8289341275036,1.460970649581742,1.7772120661451913,1.188880178831224,
2022,15859,"Taylor-Britt, Cam",CB,10,8.379999999999999,8.4,1.0,15.0,4.977911208529136,0.5940228172469136,3.5,13.5,0.1292055202831865,-0.6134253549977654,5.257139301477101,1.4018274456876545,170.00119657357337,284.1944988302506,1.4018274456876545,1.792752580669887,,
2022,10260,"Peterson, Patrick",CB,16,9.53125,8.5,0.0,30.9,7.764157934863252,0.8146001767725379,4.55,11.5,1.330379850186173,-0.407684420062117,5.25253448225292,1.0875260430993952,131.88551073140746,220.47572241094696,0.989130610583952,1.5418758845602802,1.1406579082719464,0.995796467753238
2022,14180,"Murphy, Byron",CB,9,9.011111111111111,7.0,1.0,20.8,6.453327211506126,0.7161522182929116,5.0,9.0,0.7652697323839457,-0.49951059417021365,5.250764480597549,1.2090051671420174,146.61742121688442,245.10336034301466,1.2879010289392332,1.3959335685048284,1.059261344232293,0.9094348055144572
2022,13260,"Tomlinson, Dalvin",DT,12,9.166666666666666,7.0,1.5,26.0,6.842554753566504,0.7464605185708914,5.375,13.85,1.723007073847442,-0.2196887028902389,5.248711075454282,1.1688368082477212,107.75088376834341,139.78849063063367,1.0792734403777111,1.4920223943300273,1.3842578308691145,1.3985565055307785
2022,14948,"Walker, Mykal",LB,15,8.82,8.5,1.0,18.8,6.02264615154059,0.6828396997211553,3.5,12.5,1.5405741223922256,-0.18528835908937155,5.241140912863813,1.25593683772108,138.12351133972695,366.91754920080007,0.9943054207304373,0.696813316829389,0.5384470610955276,0.6788049864313402
2022,11225,"Patterson, Cordarrelle",RB,12,9.675,7.65,0.8,28.6,8.201435341857342,0.8476935753857717,2.95,13.65,0.9310596192244649,-0.2408489671498262,5.236257856219476,1.051466389812947,159.391220353782,316.15257216328985,1.0334707434196875,1.5733436712194424,1.2871835014570414,0.519280506131005
2022,13129,"Fournette, Leonard",RB,15,9.493333333333334,10.7,-1.4,26.8,7.772041058963998,0.8186841003122188,3.7,13.0,0.8005424362553248,-0.2521232360824096,5.219891311362752,1.0822262765895583,164.05409492473277,325.40138640794413,1.0637495280976457,1.4685064722226273,1.3346209067866668,0.8854028181777713
2022,14971,"Washington, Broderick",DT,16,7.5375,7.0,1.5,14.6,3.355382802304381,0.4451585807368996,5.125,9.125,-0.48971586219462365,-1.222283684547173,5.215690582660181,1.7306171103977357,159.53940002071823,206.9753040073461,2.019410216683732,2.200219698855479,0.7196396042716987,0.22733899275351632
2022,15387,"Werner, Pete",LB,11,8.272727272727273,8.5,0.0,17.5,4.882080575308201,0.590141608004288,4.75,11.75,0.9428472192831658,-0.20548314336679652,5.202509783458836,1.4064287571058665,154.6740827612956,410.8832364684691,1.43971426995148,0.9667471222175902,0.9598391068536071,
2022,13299,"Kittle, George",TE,14,10.264285714285716,3.9000000000000004,-0.1,29.5,10.094737465124881,0.9834817293789027,2.375,19.975,2.8727062292973398,-0.04128452768597793,5.174882915357039,0.9251490399435227,194.71557742052087,423.82361905003813,1.0462437303288785,0.9398162174912279,0.968288899226256,
2022,14252,"Jackson, Michael",CB,16,8.44375,7.2,0.0,21.2,5.379703610562575,0.6371225593560415,4.9,10.25,0.30242159433403604,-0.5732245780182623,5.15767738447226,1.3235332729282407,160.5063738728313,268.3218083239125,1.5786307644138833,1.384206619640656,,
2022,12735,"Rankins, Sheldon",DT,14,7.992857142857143,6.65,1.5,18.9,4.4133667559414285,0.5521638479283288,5.125,10.75,0.18160903743639853,-0.8662191179923572,5.149493175946083,1.4765039028779272,136.1136125247578,176.58431915997764,1.9249048516052931,1.9882351549574795,1.1627738669042178,0.9332202239559679
2022,14797,"Swift, D'Andre",RB,13,10.153846153846153,6.6,-1.0,33.5,9.868256442102657,0.9718737405101102,3.7,15.9,1.4377007255094711,-0.19258747416677044,5.149338897945577,0.9342663386659757,141.62492809867274,280.913121823488,0.9054724986412137,0.9389814640308645,0.9828758535259132,1.0331783691028609
2022,16080,"Shaheed, Rashid",WR,11,8.799999999999999,8.5,0.0,21.5,6.3012264318507505,0.7160484581648581,4.3,12.8,0.28283313048599673,-0.23176413023777792,5.128060316787742,1.2052769602667057,175.6345079707373,336.7358251498131,1.1283007539431977,1.9287614274404798,,
2022,10457,"Guy, Lawrence",DT,13,7.746153846153846,8.0,1.5,14.0,3.965352905939023,0.5119124903396951,5.5,11.3,-0.1026701823497197,-1.0001572181365315,5.123414149725985,1.5600409463119385,143.8145937001397,186.57503568343537,1.9545656234031763,1.537299730095145,2.3033599390506017,2.047176772375846
2022,13693,"Phillips, Harrison",DT,16,8.73125,7.0,1.5,26.5,6.206319234256323,0.7108168056413828,5.625,8.975,1.31929514166333,-0.3382946699399271,5.103556366297598,1.2116102154473933,111.69401115364312,144.90402942046313,1.1749706256432177,0.9143803641028511,1.3912011321881614,0.9427017282054497
2022,13139,"Williams, Jamaal",RB,16,9.649999999999999,8.25,-1.6,26.9,8.669486720677297,0.8983924062878029,3.3000000000000003,19.0,1.0733268777374894,-0.22114532712504778,5.083248314751753,0.9979847202607324,151.28396304239834,300.0718228817767,0.9328769327484038,0.5564638184481298,1.0704575902579623,1.3290477780086751
2022,13718,"Carlson, Daniel",PK,16,8.5375,7.699999999999999,-0.1,22.2,5.819672993390609,0.6816600870735706,5.5,12.95,-0.583735180747271,-1.1683770573661618,5.076828584816437,1.2518928705634786,164.0204483854486,218.45831224173776,1.0625222320739036,1.8716027938665416,0.9166901629606184,1.047047946118874
2022,14158,"Oliver, Ed",DT,13,9.646153846153847,7.5,0.0,32.1,8.70752242291469,0.9026937121043936,3.0,10.8,2.906389136624723,0.3001838771899765,5.069735493835804,0.9936782451703657,91.60364247854125,118.8401846046441,1.1110097902901994,1.0406646598467553,1.416154760018957,1.0385530553125426
2022,14222,"Edwards, Mike",S,13,8.823076923076924,8.5,1.0,26.7,6.542071401693204,0.7414727831038505,5.0,12.5,0.9386529093432429,-0.19102372398805642,5.066445487222277,1.1698479705583444,137.7562135558316,257.8074850062089,1.2918667643159605,1.6000298238368986,0.57874711815162,0.5456390075510328
2022,12779,"Campbell, De'Vondre",LB,12,10.008333333333333,6.75,2.5,40.0,9.826024826392862,0.9817843290317598,4.875,10.025,3.5337797775901603,-0.12016164301562603,5.050162717869054,0.9244698302311231,101.6699369299985,270.08062366732986,0.9401755952653208,1.365859531328588,1.776002283766506,1.367882920169816
2022,11017,"McLeod, Rodney",S,16,7.66875,7.25,0.0,18.0,4.03062010582739,0.5255902338487224,6.0,9.75,-0.13302579458187355,-0.25185770299135113,5.026742981077862,1.524414453621064,179.5084218681784,335.9457521711878,2.80233674199601,3.292788021119641,1.0328712697491285,1.082762579706834
2022,14136,"Samuel, Deebo",WR,12,8.874999999999998,6.449999999999999,2.3,23.9,6.809322653539044,0.767247622933977,3.0,12.85,0.4683668205268391,-0.21602316066555086,5.021933477135344,1.1364621995709203,165.60673258436148,317.5100405465344,1.1194145828600282,1.179619070961496,1.8736274797834647,
2022,11872,"Harris, Shelby",DT,14,7.671428571428572,8.25,0.0,14.0,4.049590556274719,0.5278795883412111,6.0,10.350000000000001,-0.04921867964747313,-0.9470260220910397,5.020964106050589,1.5192179417192362,140.0512669534939,181.69275771720982,1.7897150688588044,1.3864616661789482,1.4868830708677092,1.4644066289821591
2022,15254,"Harris, Najee",RB,16,8.11875,7.3,-0.8,19.2,5.019364844031563,0.618243552767552,4.45,9.9,-0.03615138923832826,-0.3300226338578989,5.01701365416544,1.3487718738381609,204.45959759889854,405.5457229130199,1.6489819124953835,2.471457803492162,1.3101449939616312,
2022,12739,"Clark, Kenny",DT,16,8.2375,7.25,1.5,20.3,5.315763703363798,0.6453127409242849,4.125,11.274999999999999,0.7542089696689147,-0.5562622244655068,5.006646940187451,1.3042761551722841,120.23655261890545,155.9865276405794,1.232778650117728,1.0346048970396375,1.385438501027789,1.1765528700206351
2022,13296,"Wise, Deatrich",DE,16,8.28125,6.15,3.0,22.9,5.450369110207125,0.658157779345766,5.0,9.975,0.4050026730979931,-0.714413938913485,4.994247292478648,1.2838412590832473,133.20814711823715,179.72839116538637,1.344024464564702,2.0,1.1508422413266626,0.9909259745492414
2022,14904,"Fulton, Kristian",CB,10,8.32,7.0,1.0,19.0,5.542706919908358,0.6661907355659085,4.5,12.0,0.37269368798060265,-0.5461115789182914,4.993425916015658,1.2716449172870081,154.21381441811354,257.8024071865263,1.2716449172870081,1.1341776820738714,1.101167558397928,
2022,15271,"Herbert, Khalil",RB,12,9.941666666666666,8.75,-3.9,35.8,9.897344621440416,0.9955417892479882,3.4250000000000003,13.450000000000001,1.4465422666666654,-0.18338910205201275,4.981938599448295,0.9123017590089366,138.2953293687351,274.3088609338044,0.8641084933683193,0.6446484910670975,0.6015775679195703,
2022,13274,"Johnson, John",S,16,8.1625,7.25,1.5,23.5,5.22336996105005,0.6399228129923492,4.775,9.75,0.37594072252958816,-0.21963969489845886,4.97736840742277,1.3115884241313474,154.44695344965206,289.04380868154476,1.1654653866530407,1.4431615516158707,0.7887983374429064,1.636920408084339
2022,12280,"Clark, Frank",DE,14,7.571428571428571,8.35,1.0,15.3,4.001683319273916,0.5285242119795738,4.0,9.95,-0.35823444895077167,-1.0095084633887903,4.953424036131493,1.5137760805951426,157.0656071545609,211.91758531291106,2.0587470092246436,1.5343933613838237,1.0602800559295653,1.145736810809819
2022,14148,"Sweat, Montez",DE,16,8.45,6.0,0.0,21.8,5.973273809227232,0.7068963087842879,4.0,12.4,0.6804939356503725,-0.6034668018370342,4.950505755102598,1.2117694258353546,125.73015457169615,169.63886136850687,1.2417570278762406,1.143371658530507,1.117865172666714,1.2683218794841655
2022,14927,"Chinn, Jeremy",S,10,8.41,8.45,0.0,19.7,5.909898476285359,0.7027227676914815,4.5,10.0,0.6688940402491608,-0.20194316899232836,4.939148145297966,1.2170945823390837,143.31976925371484,268.2195474833901,1.2170945823390837,1.5630888351381893,1.7997527378788134,1.0255827310185892
2022,16016,"Kohou, Kader",CB,14,8.028571428571428,6.9,1.0,19.0,5.134119561664822,0.6394810841931273,4.800000000000001,9.5,0.19654825132333303,-0.5710246917466406,4.897019859501887,1.308838431964382,158.72431392315687,265.34270203236355,1.3118848750055674,1.0824213216645902,,
2022,15351,"Owusu-Koramoah, Jeremiah",LB,11,8.454545454545455,6.0,1.0,19.5,6.14393472331026,0.7267019565205683,3.5,12.25,1.6041368353980712,-0.1757327274945953,4.896354824072816,1.1834578256935557,130.15252479088014,345.74305963818045,1.1769189592184939,1.5104038678174374,1.7082998233660611,
2022,12447,"Mostert, Raheem",RB,15,9.06,7.7,-2.8,23.7,7.717322506327351,0.8518016011398841,3.6,16.799999999999997,0.7839103765591373,-0.23925242026242438,4.892532760757459,1.039309947913929,157.5484319125946,312.4974002890734,1.0849810647668265,0.9556892384582483,,1.1508229563669667
2022,14842,"Pittman, Michael",WR,15,8.633333333333333,9.2,-0.1,23.2,6.616410574389175,0.7663796032111013,3.25,11.2,0.3979240808048268,-0.21629002970740913,4.887586630664664,1.1335173240743674,165.17760154151995,316.6872876747996,1.195850138247465,1.4128570724839917,1.2236665089117935,0.7125548443192224
2022,14080,"Singletary, Devin",RB,16,8.45625,7.45,-2.6,23.0,6.201307195866045,0.7333400970721117,4.7,12.1,0.32310767018346115,-0.2852914075806053,4.878586732219463,1.1742659728298166,178.0063426112575,353.07567727392427,1.0970628577395405,0.8222887222512625,0.9832241490346342,1.0177893771736415
2022,14182,"Hooker, Amani",S,8,7.8375,7.0,1.0,16.5,4.75366634819904,0.6065284016840881,4.75,9.899999999999999,0.17551025434661688,-0.22904997341964364,4.878531865222004,1.3621749204232572,160.40379943443725,300.1919045987165,1.4521620651728264,1.0960591099797148,1.0621914695487662,0.8263318217913306
2022,12734,"Floyd, Leonard",DE,16,8.2125,6.0,2.0,20.6,5.616590936680364,0.6839075721985222,4.0,10.3,0.49257629965879474,-0.6557977715765414,4.87704915375949,1.2411980850247826,128.7835983951148,173.7586585263324,1.1686668109057072,1.0206548034561376,1.5351246554652456,1.0188694437461634
2022,15396,"Deablo, Divine",LB,8,7.25,7.0,0.5,11.5,3.553167600887974,0.49009208288109984,5.375,10.625,0.24641463070238553,-0.22727947746062932,4.865471123087971,1.5922980736720695,175.11533576333608,465.1843064409421,1.3564094128186073,1.3186821410067178,0.4575858672938195,
2022,13775,"Bentley, Ja'Whaun",LB,16,7.35,6.5,1.5,13.5,3.808050682435831,0.518102133664739,3.875,10.7,0.3799891293224048,-0.2211773353053946,4.841571483900693,1.5286860487661038,168.11950923802686,446.60027611617784,2.093730088892172,1.7253354524598594,1.1254756934046,1.3845119905343604
2022,14930,"Hamilton, Davon",DT,16,7.8875,8.0,0.0,19.2,4.970145244356547,0.6301293495222247,3.875,10.875,0.5349029239523944,-0.6067856035505292,4.838573087658198,1.3211571372498665,121.7927499639086,158.0054296706461,1.4896639598282093,1.604023762811618,1.0441307286919006,1.001385521002176
2022,12752,"Byard, Kevin",S,16,8.50625,6.5,1.5,29.5,6.545558489349858,0.7694998958824227,4.25,10.25,0.9401409085676388,-0.18312590734573167,4.8071491949752625,1.1273188077471143,132.74816414939608,248.43503937248283,1.0956788646590325,1.4007124293322781,1.2358363916141444,1.2712379224934653
2022,13265,"Ogunjobi, Larry",DT,15,7.6066666666666665,6.5,0.0,15.5,4.436134453427769,0.5831903313007585,4.25,12.0,0.19605587491186618,-0.76297717819176,4.804644467741907,1.399278610901587,128.9944891355879,167.3484643959012,1.5530227307186246,1.5721988474133666,1.3098688867742585,1.5662310139196876
2022,13774,"Reed, D.J.",CB,16,8.1625,7.0,-0.4,20.0,5.7180498205244765,0.7005267773996297,4.75,12.25,0.4482854829067909,-0.5140850401835276,4.799983221952984,1.21501034051021,147.34567536925172,246.32079779654168,1.4458963492173729,1.29515399758695,1.0469766283968058,1.1150950112647682
2022,13132,"Kamara, Alvin",RB,14,9.62857142857143,10.15,-8.0,32.6,9.698264098827803,1.0072381111542228,4.0,12.575,1.3860304479709415,-0.17884343280571968,4.79692537475522,0.900012501058599,136.43240741428707,270.61375422509775,0.948191755732575,0.7886765567803622,1.2250127153456063,1.6405113061587804
2022,12750,"Bradberry, James",S,16,8.2125,6.0,2.0,21.1,5.960586695116514,0.7257944225408236,3.8,10.7,0.6905235597029783,-0.195441760835352,4.75867802835348,1.1798574401439204,138.93488519908206,260.01334101916746,1.0840065316445449,1.4292856034570196,1.8069032632407587,1.338827308524781
2022,14935,"Dantzler, Cameron",CB,10,8.32,6.4,-1.0,20.4,6.230377195643936,0.7488434129379731,5.0,8.75,0.6691541108296856,-0.46901826728361473,4.7574299325191145,1.150700686129145,139.546770996502,233.28320886004596,1.150700686129145,1.158414344703391,0.9742902627296889,1.0454644911143907
2022,12754,"Collins, Maliek",DT,14,8.014285714285714,7.5,1.5,19.6,5.4910130658919325,0.6851531454767117,3.5,11.5,0.8654103355357181,-0.42369158798505707,4.75582040469002,1.234674099856317,113.8201881448675,147.6623833385231,1.4071894819347093,1.39018405141009,0.8991143541585271,0.5080822006544453
2022,12263,"Waller, Darren",TE,8,8.2,9.55,0.0,16.4,5.942432162002357,0.7246868490246777,1.7,13.275,1.0763165859100188,-0.0921071615907328,4.754486302621925,1.1811422580231494,248.59432032788504,541.0976662083169,1.1621750627511946,1.090975516460049,1.4167467395989282,0.9737901903857629
2022,15717,"Pierce, Dameon",RB,13,8.792307692307693,10.4,-3.1,22.8,7.485828820918541,0.8514066025541647,4.2,13.6,0.7135463663745701,-0.2394059328741521,4.748987974968867,1.0361165512358257,157.0643466403234,311.53721688853733,1.061422056173943,0.5743767674093456,,
2022,12700,"Johnson, Austin",DT,8,7.6875,7.0,1.5,18.0,4.801936458346778,0.6246421409231581,4.875,9.125,0.4281690306859907,-0.6250445229729462,4.731811274839756,1.3249886576990366,122.14596412662264,158.46366512030897,1.3679105632395685,2.007650401109002,2.598668562687378,0.6481174634657474
2022,15016,"Jackson, Dane",CB,15,7.933333333333334,7.0,1.0,21.7,5.3982301626448725,0.6804491801653201,4.0,10.5,0.3104085463051366,-0.5328121826025498,4.720959983183106,1.2399262189176838,150.36725206614284,251.37202974289156,1.1205309076665584,0.8656176189111572,0.6708666925935083,
2022,15001,"Curl, Kamren",S,12,6.75,5.75,4.0,13.5,2.9047375096555625,0.4303314829119352,4.375,8.125,-0.613458922400625,-0.2787008585607258,4.719185783604537,1.7286693364941241,203.560589306186,380.95881282436704,1.6129426226340087,1.8843366656181317,1.853661251957576,0.8734493139598255
2022,14105,"Brown, Marquise",WR,11,8.509090909090908,7.6,-2.2,21.5,6.846824684805565,0.8046482001374062,4.4,12.850000000000001,0.48206086104102575,-0.20452450926376078,4.715096775339939,1.0843992635094477,158.02005461729468,302.96445781963774,1.0279140373046356,0.7641011261510283,0.7415319809128674,1.051530476356546
2022,14802,"Taylor, Jonathan",RB,11,9.48181818181818,9.5,-8.4,28.1,9.604811122256121,1.0129714510528989,3.45,12.649999999999999,1.357624808380145,-0.1766152223422179,4.7103589953343095,0.8941053331839983,135.53694303664327,268.83760014556736,0.8113067827644952,1.1414298627800252,1.6185282888268013,1.4454951846001662
2022,12437,"Myers, Jason",PK,16,7.5,7.3,0.3,16.8,4.477164281104726,0.5969552374806302,5.075,10.850000000000001,-1.4495719014391304,-1.3282151492300154,4.696437209994729,1.3693217174211314,179.4057361907135,238.94992801511435,1.2879657900651238,0.8845706965900916,0.35900100298902854,1.1445257671712197
2022,12831,"Roberts, Elandon",LB,16,6.9125,6.6,2.5,13.4,3.278123510485839,0.4742312492565409,4.75,8.2,0.102274516534132,-0.23073484647174586,4.688884463333682,1.6157785026676312,177.69763067118748,472.0440315501026,1.6339992906964327,1.9521757027988826,0.8852872675573165,1.3147947036300596
2022,13317,"Godchaux, Davon",DT,16,7.39375,6.75,1.5,19.0,4.266214473921816,0.5770028028972871,4.0,8.625,0.08823617424911623,-0.7835664414762136,4.688482472203677,1.4039971286041795,129.4294724018089,167.912781384385,1.4055596225754448,1.3560397381221447,1.098843144011179,
2022,13746,"Green, Rasheem",DE,15,7.526666666666667,7.0,2.5,17.3,4.56719704949205,0.6068020880636027,3.75,10.5,-0.060294706163130866,-0.8313187160164783,4.684252480488896,1.3519669951961553,140.27670252916587,189.2654962100348,1.4005740227753702,1.4262287327556373,1.4555365693181344,0.7334938249865204
2022,13156,"Smith-Schuster, JuJu",WR,15,8.906666666666665,6.0,0.3,27.3,8.028820309083743,0.9014394059600013,3.3,13.7,0.913672041017474,-0.17476645690913337,4.684170654478391,0.9864706973629565,143.7497780763635,275.60472423626294,1.2256782175171066,1.2935776273108281,,0.8517962623993713
2022,11768,"Ward, Jimmie",S,11,8.0,6.0,0.0,18.0,5.68090901817018,0.7101136272712725,3.75,13.75,0.5711803692377594,-0.19986048376351,4.67805172265958,1.1974418418574877,141.00554793361633,263.88853719440203,1.3891538569770203,2.053781903514973,0.8803102374220261,1.04739233807188
2022,14852,"Gibson, Antonio",RB,15,7.6866666666666665,6.3,0.4,18.5,4.944743561489198,0.6432884078260015,4.35,10.35,-0.058833013039530285,-0.3202891784751108,4.677612663765936,1.293019049040545,196.00805709436233,388.7820877308519,1.3479775667868545,1.10235682785983,1.0324902255897421,1.214931379080098
2022,13719,"Pineiro, Eddy",PK,16,7.824999999999999,8.05,0.6,18.2,5.304420326482433,0.6778811918827391,3.375,12.0,-0.9160419102014852,-1.1755078344061856,4.663619830686355,1.2411926227587013,162.6185237607121,216.59109330394807,1.1202122481260566,3.5449236093128684,,
2022,9825,"Dunlap, Carlos",DE,16,7.24375,7.5,0.0,13.5,4.04721644312483,0.5587184045728841,5.0,10.774999999999999,-0.33424541653023904,-0.9407751785901926,4.647247366008303,1.4351970203035822,148.91244106048674,200.91709129889662,2.0241975353142516,1.7113532114215482,0.7837743023883044,0.8240387374064523
2022,12650,"Boyd, Tyler",WR,16,9.006250000000001,7.15,-1.0,33.0,8.453510273105486,0.9386270948625105,3.225,10.625,1.0687495495383015,-0.16333325712715346,4.645684579498118,0.9526884448015139,138.8269848077863,266.16648301311744,0.8254624134758993,1.0825763164981075,1.1528788139191224,1.1251947254615295
2022,9694,"Gano, Graham",PK,16,8.63125,7.8,-4.0,23.6,7.405464093323253,0.8579828058882842,3.45,14.075,0.4390039293253604,-0.8356560022786681,4.645495088892106,1.026861801343735,134.53733705702783,179.18985026737414,0.9977490278291018,1.0364567450849203,0.8172826221013605,0.937731806943221
2022,13434,"Robertson-Harris, Roy",DT,16,7.41875,7.0,0.5,15.5,4.436808925060894,0.5980534355600193,5.125,9.4,0.1964838488899731,-0.7135195681634132,4.642366666168572,1.364541241426267,125.79217531868771,163.19400552433865,1.4297147632906173,1.4405974156964776,1.074737690788583,0.9430153566148046
2022,13762,"White, Kyzir",LB,16,6.0375,6.35,2.5,9.5,1.8787878406036165,0.3111863918184044,4.975,6.625,-0.6310639199384789,-0.2662550568938073,4.604608496300026,2.0972368699230275,230.64672671798704,612.7004076112694,2.0073529411764706,2.1342625749852857,1.437778224515946,1.6346295080430746
2022,15749,"Pacheco, Isiah",RB,16,7.731250000000001,8.0,-0.7,16.4,5.250204609108105,0.6790887125766344,3.825,11.375,0.034013857611341264,-0.3063757152840775,4.604432119691915,1.2369595050910243,187.51002119976735,371.9262289172431,1.5752460833171953,3.3140896700598383,,
2022,15823,"Harris, Christian",LB,11,8.045454545454545,6.0,1.0,20.5,6.069501048291087,0.7544012602395702,3.75,11.25,1.565128986149102,-0.16969828328026706,4.585869109758795,1.1380512557388156,125.15887010087057,332.47768922700703,1.2642024766291575,1.318400809583508,,
2022,15290,"Collins, Nico",WR,10,6.82,5.85,3.7,14.9,3.323793014012756,0.48735967947401115,4.4,7.4,-0.8043904804805395,-0.30207354100874473,4.585306495878536,1.5773187980778491,229.84892281695633,440.67858633713905,1.5773187980778491,2.1977224822513097,0.7734184045392796,
2022,15252,"Mills, Davis",QB,14,10.671428571428573,12.0,-15.1,35.2,14.170866924354174,1.3279259500733496,4.199999999999999,17.525,-0.6185079140950424,0.916280726253966,4.584092793455192,0.703415871000586,55.0961265201219,78.11227005134022,0.7605905593493016,0.5728292581400956,0.4895799451779091,
2022,15422,"Wilson, Marco",CB,14,9.314285714285715,7.5,-5.4,29.9,9.611440886691616,1.031903162681615,2.25,13.25,2.1267590225084607,-0.2049976185635804,4.5840204815632735,0.8777588089820362,106.44680148685642,177.94930865411885,1.13626537238249,1.0828031702192915,0.7379387994801775,
2022,14805,"Dillon, AJ",RB,16,8.475,8.15,-4.2,20.8,7.1993489288962795,0.8494806995747822,1.825,14.0,0.6264689413280512,-0.24015441757001674,4.582367365038468,1.0336186535655614,156.68569168583352,310.7861545805968,1.0376359792681296,2.5431234189501812,1.0003770765331585,0.4947446564016182
2022,12782,"Onyemata, David",DT,16,6.987500000000001,8.0,0.0,11.6,3.68287845984632,0.5270666847722818,5.050000000000001,9.45,-0.28190931780126544,-0.9497309932061891,4.575766120548944,1.492137807956116,137.55484630267986,178.4540754665222,2.5498814195909842,4.063955964080333,1.127895812602245,1.6712572783149735
2022,11390,"Murray, Latavius",RB,12,8.15,6.2,0.2,24.4,6.386509218657717,0.7836207630254867,3.55,11.05,0.3794010286606151,-0.2657502835640406,4.569356989417118,1.1033628685406318,167.25817944692173,331.7566897983707,1.0153317761656662,0.8165954554127541,1.0632478741719258,1.0628608911557171
2022,13671,"Andrews, Mark",TE,15,8.9,6.8,-2.5,21.9,8.442116638221325,0.948552431260823,2.35,18.4,2.15774171653301,-0.048144010100681825,4.5674932104553125,0.9425852635597767,198.38536920853318,431.81139515588336,0.8361294882605987,0.866293944722063,1.322209124122036,0.906677327848311
2022,11313,"Mathieu, Tyrann",S,16,7.41875,6.5,2.0,18.5,4.63333286495801,0.624543604375132,3.75,9.899999999999999,0.12416192377344383,-0.22397343311553644,4.566667204266004,1.3169379793173819,155.07689382240352,290.2227271419967,1.4613132791934877,1.7104889512975843,0.890960820266811,1.073760638867724
2022,13760,"Whitehead, Jordan",S,16,7.175,6.0,2.5,18.3,4.1566964045982475,0.5793305093516722,4.25,8.875,-0.07922690758579974,-0.23671412235985612,4.5430642652153885,1.391394690911418,163.84459263553873,306.6312674318341,1.2257481050669439,1.190632824623078,1.2991048231025113,1.1052325998158619
2022,13706,"Baker, Jerome",LB,16,7.30625,5.75,1.5,16.9,4.454277263204435,0.6096530043735754,3.875,11.25,0.7186518251627649,-0.20123247937435326,4.539021751985207,1.3395450299692897,147.31844594411692,391.3433897936176,1.6486427022747498,1.6161270956390175,1.6274530257847477,1.2625488196171528
2022,13157,"Samuel, Curtis",WR,16,8.08125,7.5,-2.8,19.8,6.319633963885883,0.7820119367530868,3.9499999999999997,13.225,0.2895547261154133,-0.21148393398813453,4.5349022828233325,1.104051109641798,160.88374689712404,308.4548810511826,1.2479408203689661,0.888820031080797,,1.290717959317979
2022,14954,"Hawkins, Jaylinn",S,15,7.84,5.5,1.5,23.6,5.726988737547857,0.7304832573402879,3.25,10.75,0.5908433641049873,-0.194120484619536,4.53052635253455,1.1654546047088912,137.238869884331,256.83928860046643,1.1225672126806268,1.1158706059744299,0.6656884007270846,0.4274433277084227
2022,10267,"Miller, Von",DE,11,7.8,6.9,1.0,19.4,5.63882644141169,0.7229264668476526,3.0,11.0,0.5042910294812685,-0.5669761615878924,4.527181020250532,1.1749064490291745,121.90534460950487,164.4783140905103,1.209121111742661,0.9925469282673471,1.3603871935651415,
2022,15852,"Gordon, Kyler",CB,14,8.235714285714286,8.0,-3.0,20.8,6.800799022683936,0.8257691788167832,3.5,10.0,0.9150677441705132,-0.397266664913433,4.510818991397128,1.0557526558197,128.032316193549,214.03425780567738,0.9960004430103936,0.7847325487493635,,
2022,15366,"Holland, Jevon",S,16,8.3125,5.5,1.5,25.3,7.0170217150868215,0.8441529882811214,3.25,11.25,1.1413222333012158,-0.16208926185871542,4.507489374700863,1.0368563657944363,122.09570008052447,228.49920562802714,1.172790012758387,2.3530663312731206,1.4507335774935501,
2022,14198,"Ya-Sin, Rock",CB,11,6.290909090909091,6.0,3.0,13.0,2.4956159908034166,0.3967019638560344,6.0,6.5,-0.9409327652433369,-0.797474057667195,4.504117022604494,1.79965680082131,218.24641149846622,364.84701747651667,1.7479591020925191,1.9435607407030628,1.0086244325102365,0.9604249714131956
2022,12791,"Lowry, Dean",DT,15,6.86,7.0,0.0,12.5,3.5908773301242136,0.5234515058490107,4.75,8.75,-0.34028699826070075,-0.9617606544566939,4.5029329608867075,1.494267763372016,137.75119927242804,178.7088101314457,1.2530963527978256,0.8551495024459114,1.341151255756153,0.913277026682989
2022,14908,"McKinney, Xavier",S,9,6.944444444444445,7.0,-0.1,12.0,3.7703849232055604,0.5429354289416006,4.0,9.5,-0.24407254419910346,-0.24696996547977854,4.500800431556678,1.4557409006269415,171.42172268163293,320.8116865238325,1.5443867309540598,1.4202960364713704,0.9172118001317499,
2022,13270,"Moreau, Fabian",CB,14,7.185714285714286,5.800000000000001,0.0,17.0,4.323665300720334,0.6017029245535256,5.0,10.0,-0.15284537724733285,-0.6062618253360329,4.486296538240574,1.3497682291826276,163.68791662905355,273.6404588236476,1.4003036217363385,1.9965205065048792,1.2089371091969179,0.3810343012792033
2022,15404,"Jones, Ernest",LB,16,6.58125,7.0,1.5,12.0,3.0848862924749754,0.4687386579259222,4.375,7.875,0.0010062630518700886,-0.23193143741543745,4.48088566640828,1.6111219575741271,177.1855202371997,470.6836382069535,1.5676277377327643,1.5940526227411378,0.6946189800793152,
2022,13668,"Chark, D.J.",WR,10,8.71,8.2,-4.0,21.3,8.274714496585366,0.9500246264736355,3.0,15.675,1.003461443141308,-0.15982913359118855,4.466610258020636,0.9391124657483232,136.8486756889423,262.3735634938717,0.9391124657483232,1.735282237406427,,0.8339554511800273
2022,12797,"Ioannidis, Matt",DT,13,7.384615384615385,6.5,1.0,17.0,4.8323980595473675,0.6543872372303726,3.0,10.0,0.4474978979134057,-0.526066452998014,4.4636559195041,1.2661370690443718,116.72064671364876,151.42523623853563,1.2169908141985628,1.6028726562638191,1.3230423387510546,
2022,13276,"Sutton, Cameron",CB,15,7.459999999999999,6.0,0.6,17.0,5.015150379932124,0.6722721688917057,3.6,10.5,0.14525963937226638,-0.5404391935887672,4.460996325104241,1.2402017453941323,150.400665472927,251.4278876226396,1.0219143261915957,0.9898229128291708,0.8090730450619209,0.9566959447583081
2022,14215,"Saunders, Khalen",DT,15,7.253333333333333,5.5,1.5,17.0,4.560389846883219,0.628730217860738,4.0,9.5,0.2748999247231452,-0.611441273515907,4.453366956536394,1.3044648906045795,120.2539514631964,156.0090996891519,1.4277943592597795,1.4781527570048163,0.4769341608593794,
2022,11247,"Ertz, Zach",TE,10,6.37,7.4,2.0,9.5,2.7727423248473704,0.43528136967776615,3.925,8.825,-0.2949693818952354,-0.1489411635105009,4.4381541728156915,1.6884269985911917,355.362243021028,773.4918485008612,1.6884269985911915,1.701704208999409,0.86555844596679,0.5589780902164836
2022,15384,"Samuel, Asante",CB,16,7.0,6.0,2.0,18.0,4.054164525521874,0.5791663607888392,4.7,8.125,-0.26902942153807763,-0.6272825398334553,4.432718536698881,1.3849964647277102,167.96008451552402,280.78232979800106,1.4584860423449346,1.955447861971283,0.8369359345991322,
2022,13711,"Wallace, Levi",CB,14,8.107142857142858,6.5,1.0,23.0,6.724631087673593,0.8294699138980643,3.0,11.5,0.882231108623697,-0.393814847840233,4.431416332979706,1.0495184514480762,127.27628719288955,212.77038856667141,1.1502939523415228,1.4290225219055916,1.0204117738770102,1.0821923240463425
2022,14302,"Scott, Nick",S,16,7.3125,6.0,0.5,15.5,4.782373234075316,0.6539997585060261,3.875,10.75,0.18775996761012165,-0.2156729240280746,4.42110100826436,1.2646191630985877,148.91605737065103,278.6928679061579,1.3885564591190038,1.3316998147762977,0.6056204908865154,0.43443073185065006
2022,15429,"Graham, Ta'Quon",DT,11,7.263636363636365,6.5,0.0,14.5,4.710196430428687,0.6484625874182172,3.75,11.45,0.3699570277321278,-0.5457809766165596,4.406309502609034,1.2720466716223027,117.26543183334941,152.13200250288205,1.4392388762221813,1.4314236533465254,0.7155305107467475,
2022,15789,"Watson, Christian",WR,13,9.153846153846153,5.8,-1.8,29.4,9.909794330289557,1.0825825738971786,1.9,15.2,1.6005184219365802,-0.11907474577333478,4.395430110949396,0.8390484620256998,122.26722043942355,234.41722153087974,0.9167617734919224,1.0302551714274388,,
2022,13635,"Moore, D.J.",WR,16,9.037500000000001,7.800000000000001,-4.1,26.0,9.593088332231702,1.0614758873838672,1.55,17.375,1.4848717590220317,-0.12556390847110133,4.38399500828948,0.8531506314831252,124.32220670036294,238.3571505473589,1.0884653956913142,1.4727845183284256,1.1738194323027829,1.4901227653933986
2022,13737,"Bates, Jessie",S,16,7.675,5.5,1.5,22.1,5.801562289590623,0.7559038813798857,2.875,10.675,0.6226651588305473,-0.18695715569641874,4.370968184185893,1.1284172184596648,132.87750822187235,248.67710373506097,1.190080111692949,1.4051819296884067,1.070812248954383,1.6764151671987884
2022,11359,"Harmon, Duron",S,16,8.125,6.75,2.0,31.5,7.001115982470223,0.8616758132271044,3.375,9.125,1.134534988434634,-0.15715146967254587,4.364347402631716,1.015483342298899,119.57890570802165,223.7890846780944,1.5154555259561597,1.441705846833928,0.9725531224830497,0.9462174557137955
2022,14186,"Rapp, Taylor",S,15,7.38,5.5,2.0,19.2,5.105056317025308,0.6917420483774129,3.75,9.0,0.3254542914792174,-0.20503744803664184,4.362367186580436,1.2088340576677774,142.3470457637039,266.39911855250534,1.5978019744902061,1.905072238870312,1.0425351423930882,1.3610302429332966
2022,15753,"Wilson, Garrett",WR,16,9.06875,8.45,-6.0,23.9,9.8085242741964,1.0815740068031867,1.4500000000000002,16.975,1.5635391916341486,-0.11938482551798818,4.356679114151453,0.8390368351811145,122.26552616068487,234.41397316952015,0.8631616544335702,0.6436414447230977,,
2022,14849,"Hodgins, Isaiah",WR,10,7.390000000000001,7.3,-0.7,16.3,5.156054693270816,0.6977069950298803,4.45,11.200000000000001,-0.13533163697327938,-0.2374031365461767,4.352930170892024,1.2004441754031214,174.9302683481229,335.38561946891264,1.2004441754031214,2.743894251039965,,
2022,15362,"Surtain II, Patrick",CB,16,7.275,6.6,2.0,16.0,4.887164310722528,0.6717751629859144,2.75,10.45,0.0900837716119757,-0.5409027699954572,4.351661731238016,1.2357392483083496,149.8594934145379,250.52319915564829,1.23754809837471,1.2803409172791684,0.9549995343551627,
2022,15808,"Karlaftis, George",DE,16,6.2875,6.0,1.0,11.1,2.8370043619987615,0.45121341741531,5.25,8.325,-0.9718431562528705,-1.185496771218844,4.332581221029764,1.6386481241123043,170.02201701138918,229.39875856862923,1.7312278924364837,3.376811594202899,,
2022,14405,"Granderson, Carl",DE,15,7.546666666666666,6.0,0.0,19.9,5.601174480013594,0.7422050989417307,3.5,10.65,0.4844541712496001,-0.5230907784581831,4.331675226556704,1.1432309037604964,118.61876952528188,160.04396930672365,1.3281444426159414,1.5693485878187818,0.7926682358664143,0.6690987618557739
2022,12744,"Ward, Jihad",DE,16,7.24375,7.25,0.0,17.9,4.875701071384504,0.673090743245488,3.0,10.25,0.10224000169645753,-0.6804209232885476,4.32956193753631,1.2328316080064197,127.91551373617554,172.5874129041857,0.9813812749052944,1.0239611988592188,0.8201897306241004,1.1961093754236136
2022,14414,"Owens, Jonathan",S,16,6.9375,6.75,-0.5,17.0,4.186567060253544,0.6034691258023126,3.5,9.5,-0.06648059409337534,-0.2299120529411212,4.326556644194037,1.3375899548594408,157.5087807211463,294.7739457694623,1.2103330854020535,1.4912738616190555,,
2022,15331,"Freiermuth, Pat",TE,15,6.96,7.6,0.0,15.5,4.25045879876514,0.6106981032708535,3.3,8.6,0.34432719574622384,-0.1144924896419653,4.321107714640187,1.325598441347055,278.9979287557725,607.2750492754074,1.392991916884565,1.1332344993907146,1.0372111201675216,
2022,13325,"Woods, Xavier",S,14,6.178571428571429,5.25,2.0,11.0,2.669986241652238,0.4321365015390905,4.5,8.375,-0.7136312550485692,-0.27819221872094346,4.314233609667397,1.6835407605751183,198.2464443076679,371.01351655305945,1.6962247411873577,2.138888888888889,1.2987856407101728,1.1092234029307415
2022,13692,"Vea, Vita",DT,14,7.314285714285715,6.75,0.0,18.2,5.096337220124321,0.6967648543138719,4.4,9.25,0.6149757976243553,-0.3850531341726139,4.310724432846309,1.1997836488015925,110.60376228482056,143.48961648523263,1.0852234736963369,0.9419633577809543,1.2038597763384342,
2022,12701,"Smith, Jaylon",LB,13,6.269230769230769,6.5,2.5,10.6,2.8733214806841487,0.4583212177778397,3.5,8.0,-0.10986678308749215,-0.23420093350340526,4.298936813649119,1.618567113650331,178.00431228854487,472.8587144837629,1.7304250277960367,2.1869942984939588,0.8436455900379671,1.659315902412774
2022,14270,"Epps, Marcus",S,16,6.4875,6.0,-1.0,11.5,3.305653301542677,0.5095419347271949,4.375,9.350000000000001,-0.44238137973039254,-0.2563799855712359,4.297661330735025,1.5067399870945455,177.4271534926386,332.05070779046076,1.3767189275737162,1.2081164790324581,0.9041987227473106,0.6911082846088665
2022,15914,"Rodriguez, Malcolm",LB,15,7.293333333333334,6.0,2.0,19.0,5.093586381148573,0.6983893575615046,3.75,8.75,1.0536893426551177,-0.18190078141805596,4.294264622456701,1.1968868375931059,131.62940023690535,349.6662984399916,1.0257309925456892,1.4342806945451487,,
2022,12610,"Wentz, Carson",QB,8,12.5375,11.350000000000001,-19.3,44.0,24.323185312577788,1.940034720843692,-8.925,36.75,1.67425635187897,1.9743355364212485,4.264405420491821,0.4950996426888185,38.77943856292029,54.97936368285159,0.6418841175560148,0.2493088182233725,1.2981752168438645,0.5193876045487643
2022,14028,"Neal, Ryan",S,14,8.371428571428572,7.0,0.0,30.5,8.149971829173799,0.9735461229388497,2.75,9.875,1.6247711904341744,-0.12562730944941597,4.241820585861201,0.9149130432005357,107.73618430435444,201.62571257385733,1.3371477773938374,1.9103210532057744,0.8642998601018007,0.7706208629980125
2022,14847,"Duvernay, Devin",WR,14,7.935714285714285,7.5,-1.2,20.0,6.91908407882112,0.8718917831097722,1.75,14.325000000000001,0.5084467136405079,-0.18385075026263803,4.239408686612582,1.0021000164574134,146.02730254548234,279.9713153479334,0.813254427529279,0.7437551988576231,0.9596012636962287,0.5750812765819594
2022,15361,"Horn, Jaycee",CB,13,8.061538461538461,6.0,0.4,24.7,7.287981514535627,0.9040435084824728,3.0,10.0,1.1250962020452262,-0.3242572055495434,4.233904543475232,0.9726781421266414,117.95777615223896,197.1924418908918,1.0545747235744032,0.9982382574611425,,
2022,13738,"Jackson, Donte",CB,9,7.588888888888889,4.0,3.0,21.5,6.045833173800952,0.7966690858595692,4.0,10.0,0.5895956353796307,-0.4244094339836919,4.223865679337486,1.077074733632244,130.61806863598974,218.35691337687223,0.9524596366157584,1.458995511117285,1.2791211238563382,0.9046757484427204
2022,12308,"Amos, Adrian",S,16,7.45625,5.25,3.6,27.4,5.728543526717764,0.7682874805321394,4.0,8.5,0.5915068189150507,-0.18346755631280612,4.216650336604856,1.1081521536410743,130.4911822486434,244.2111512986302,1.1552934481472343,1.0416010657398338,1.1338306159465905,1.3372990671075882
2022,11938,"Thielen, Adam",WR,16,7.26875,7.9,-3.3,14.5,5.2807100315677244,0.7264949312560928,3.35,11.975,-0.08981316249876664,-0.22855240567532187,4.210119513476764,1.1573134189392997,168.6451990738768,323.3355501935763,0.9861003274636293,0.6062788149191813,1.0888019093064465,1.3162441368552031
2022,11265,"Gholston, William",DT,16,6.9375,6.5,0.0,15.5,4.503037169511262,0.6490864388484702,3.75,9.25,0.23850780341739206,-0.5437050845138814,4.206874689263919,1.26066747984843,116.21642485345937,150.7710939214259,1.5045669426354749,2.3449229860710754,0.839137657005744,1.5272646929056122
2022,15469,"Hamlin, Damar",S,15,6.599999999999999,7.0,-0.7,14.1,3.7714718612234135,0.5714351304883961,4.75,8.75,-0.24360872938089964,-0.2389389770952149,4.199982469495094,1.383220983369217,162.8820923533961,304.82997099189976,1.492689526547847,2.196696810727331,0.31752843982120976,
2022,15357,"Barmore, Christian",DT,9,6.433333333333334,7.0,1.0,13.2,3.4270168433266335,0.5326969186518082,4.8,7.9,-0.4442617556043398,-0.9309961510948245,4.1973943152389355,1.453198296055968,133.96515200905213,173.79705614953502,1.5331164649165587,1.40059673595244,2.0554197666222196,
2022,11985,"Way, Tress",PN,16,6.775,5.199999999999999,2.1,15.0,4.186511077257529,0.6179352143553547,2.6750000000000003,9.9,0.20661245833910072,-0.787855414685739,4.1874358997120975,1.306273118688183,127.28914005241411,178.5325881515842,1.3304943647443053,1.551146340794531,1.098201766133382,1.1626348308196894
2022,13414,"Hilton, Mike",CB,14,7.042857142857143,6.0,-1.2,17.8,4.824448789493881,0.685013012707042,4.25,7.75,0.06304658446184434,-0.5285553215355621,4.179704898268119,1.2091886112143388,146.63966768658716,245.14055022423514,1.071637295375143,1.404430447087551,1.0552360270080625,1.2351371785875216
2022,9940,"Woods, Al",DT,13,7.592307692307693,4.5,0.0,22.5,6.235933282623014,0.8213488619462935,3.0,11.5,1.3380862093152475,0.029505437023151955,4.168508214398066,1.049250648916361,96.7266635662662,125.48643529212453,1.0864633841471723,1.6196831183044764,1.17827372890311,
2022,12860,"Fairbairn, Ka'imi",PK,16,7.36875,6.4,-1.1,21.5,5.657927927916721,0.767827369352566,2.75,10.7,-0.6880509410819263,-1.0057793543213467,4.1682520181247495,1.1067632572444648,145.0058627045851,193.13284619950568,1.0004171377178486,1.1642986848928494,0.3189202432296873,0.7107318912236267
2022,9099,"Ryan, Matt",QB,12,12.274999999999997,9.1,-27.2,60.5,23.930598439376034,1.949539587729209,-3.3,26.95,1.5855958982025415,1.9907650839272653,4.161666468579346,0.4923668410868366,38.565387687720374,54.675894077556656,0.6338923702884616,0.581877084429443,0.8078771491394807,1.2734909234379717
2022,14102,"Metcalf, DK",WR,16,8.19375,9.100000000000001,-3.9,24.9,7.94051861892534,0.9690945682898966,1.725,11.125,0.8814282696359537,-0.15396615955191356,4.161176477733135,0.9164736800229266,133.54972273205917,256.0486353296892,0.9498524799708192,0.8485832649973782,1.0121687668824948,1.5569630535799543
2022,13479,"Davis, Michael",CB,16,8.0625,7.0,-3.0,29.5,7.567684173510414,0.9386274943888886,2.95,10.25,1.245678363987562,-0.2919993999003617,4.158870140517394,0.9410360882498044,114.12050856438043,190.77760269570382,1.3399729759206962,1.4179833153960935,1.0875246753750005,1.0660043457097506
2022,10753,"Jones, Chandler",DE,15,8.22,5.0,2.0,29.2,8.037926764201492,0.97784997131405,3.5,7.5,1.768252088071352,0.01332515894576255,4.156028070490489,0.9095006204917223,94.36750190214403,127.32343825873144,0.944157166644196,1.4421081826559397,0.919405481191363,
2022,13850,"Edwards, Gus",RB,8,7.55,9.1,-1.1,16.8,6.176366245617239,0.8180617543863893,1.775,10.8,0.31552670626118146,-0.25236510517239175,4.152774228809508,1.0520644768668193,159.48188404623863,316.33240364653193,1.1893983610270413,0.8845308536032561,,1.131718078578445
2022,15762,"Pickens, George",WR,16,7.94375,9.0,-5.0,17.4,7.25292774936439,0.9130357512968548,1.625,14.725,0.6303512770849307,-0.1712012089227727,4.152431544792041,0.9625372039167311,140.26215864612195,268.9180746693876,1.1039166658397963,1.070720448385859,,
2022,15849,"McCreary, Roger",CB,16,6.7375,6.0,1.4,18.6,4.204591983772028,0.6240581794095774,4.0,9.0,-0.20417888276315274,-0.5854102245883392,4.148558275448853,1.2945299114719453,156.98910349308963,262.4419150468757,1.219220188068634,1.2727225003398914,,
2022,13176,"Jones, Zay",WR,15,8.766666666666667,7.4,-3.6,31.3,9.759622032754251,1.1132648706563784,2.2,11.75,1.5456823115418656,-0.1096416016611107,4.148399374066039,0.8147745933806351,118.73000109767253,227.63547637417702,0.8436099883314407,0.62230732189008,0.6765650123641757,0.47229035754941984
2022,14238,"Cominsky, John",DT,13,6.984615384615383,6.5,0.0,18.8,4.841304044580448,0.693138244268126,4.0,8.3,0.4531490323071691,-0.3971208329681485,4.125248135089255,1.1957287844134217,110.22995884339643,143.00466993962883,1.396080720138333,3.1770332762666214,,1.5622718186790105
2022,11316,"Ryan, Logan",S,9,6.833333333333333,7.5,1.0,15.0,4.515405728048022,0.6607910821533691,4.0,8.5,0.07384042183974744,-0.21375918323896245,4.114505073373398,1.2389538812318244,145.89382530393127,273.0368323044654,1.311824536285582,1.4912738616190557,1.8181818181818181,1.5071939741019136
2022,12742,"Howard, Xavien",CB,14,7.042857142857144,6.0,1.0,16.4,5.021199954153572,0.7129492835512171,3.0,9.75,0.14786766155241518,-0.5024980938379552,4.111538625508034,1.169676675161536,141.84801060455595,237.13023847090028,1.125047192095857,1.4732198372384968,1.3889811000838304,1.5205048442912996
2022,14845,"Davis, Gabriel",WR,15,8.846666666666668,4.7,-0.5,39.2,10.226166871750575,1.1559344617653249,2.05,12.2,1.7160433216294415,-0.09652301391980414,4.103402410211872,0.788039832984163,114.83417744655846,220.16619595227596,0.8600558313399019,0.8288689741755356,0.9166651200043328,0.7596002870181993
2022,14878,"Gross-Matos, Yetur",DE,16,6.7875000000000005,5.6,-1.0,17.7,4.463165216525151,0.6575565696537975,4.0,9.3,-0.1151036628686188,-0.7157825172205237,4.094882868110896,1.242411629703045,128.90951274542317,173.9285459100633,1.870716012243557,1.6127845059952495,0.8394069707134437,0.8209165652383277
2022,14017,"Wilson, Jeffery",RB,15,8.446666666666667,7.4,-4.5,30.4,9.017824324944213,1.0676192965600884,2.35,11.95,1.179206356441284,-0.15537683366844227,4.085213695151444,0.843163784139697,127.81474121683264,253.5206086407763,0.7093431333197784,0.6529652868545981,0.5133983648081243,0.7154129112301917
2022,13630,"Sutton, Courtland",WR,14,7.364285714285714,8.15,-2.4,18.4,5.9224279701170275,0.8042094236822346,2.2750000000000004,10.8,0.1445131167025294,-0.20465940925404408,4.081724448182876,1.0638298796428238,155.02265755938004,297.21768867238865,0.8581607711816426,1.2729578832413104,0.700464749332578,
2022,12702,"Jack, Myles",LB,14,6.607142857142857,7.75,0.0,13.0,4.089090762664252,0.6188894127275626,3.125,9.875,0.5272715129967909,-0.19922027749670623,4.081281158056934,1.298295346904733,142.7819510381583,379.29243933115634,1.081256899078395,0.838235085989996,2.1804279057090095,1.9723108259353204
2022,15716,"Robinson, Brian",RB,12,7.325,7.050000000000001,0.6,22.0,5.872694583125081,0.801733048890796,1.5750000000000002,9.7,0.2232237308490086,-0.2587111082148978,4.065530131952402,1.0658119477599792,161.56585571063835,320.46596257501625,1.1044493649429223,1.3094469336889278,,
2022,15872,"Bryant, Coby",S,16,6.65625,5.5,0.0,18.0,4.275214724139596,0.6422857801524277,4.525,9.25,-0.028653138034091974,-0.21897382961616685,4.053040025337249,1.261796978526908,148.58372917901025,278.0709235809472,1.532860771654336,1.2020055735190873,,
2022,15499,"Gillikin, Blake",PN,16,5.9,5.3,2.4,10.4,2.706011825546962,0.4586460721266037,3.1750000000000003,8.2,-1.2910065291891573,-1.2560018762035403,4.044846870494234,1.5920078720011188,155.13242222055484,217.58488456953572,1.7040875398290596,1.6568846701409867,1.3522393928006935,
2022,15815,"Walker, Travon",DE,14,6.935714285714285,5.0,1.0,20.3,4.963381212563115,0.715626539401479,4.0,9.725,0.14843410329724946,-0.5835935290043709,4.042671366073591,1.1630506315951672,120.67521474587674,162.8185863178679,1.220029324149898,0.9979819654097397,,
2022,13332,"Jones, D.J.",DT,15,6.786666666666667,6.5,0.0,16.6,4.684850288133253,0.6903021053241531,4.0,8.25,0.3538740839653331,-0.40655820563475126,4.015061358138208,1.1938162524408746,110.05364936304554,142.77593830161172,1.2495472301536723,0.8678080026429478,1.2037509264745703,1.0173313687212946
2022,14803,"Edwards-Helaire, Clyde",RB,10,8.36,4.95,-2.0,25.8,9.050878410408574,1.0826409581828438,1.475,15.825000000000001,1.189253360540547,-0.1495388013524556,4.014134057602664,0.8317680961439629,126.08727504767232,250.09417855577607,0.8317680961439632,0.5432152859262375,1.1159974527230903,1.372170535138875
2022,15492,"Tonga, Khyiris",DT,10,6.55,5.75,0.0,14.0,4.185988533190219,0.639082218807667,4.75,9.0,0.03733023052067272,-0.576994551154575,3.9961387689049106,1.2630186044724425,116.43316662125727,151.0522795926471,1.2630186044724425,2.3852786185974097,0.704626796459728,
2022,10814,"Anger, Bryan",PN,16,5.8375,5.300000000000001,1.2,10.4,2.6997395707734477,0.4624821534515542,4.074999999999999,8.15,-1.2973513131075394,-1.2447277374063639,3.991501698822865,1.5778137591397126,153.7492838905326,215.64492908135463,1.4650459416216859,1.9078573353874928,1.2868279661532687,0.9550483568588556
2022,11793,"Jones, DaQuan",DT,16,6.6875,5.5,-1.0,17.9,4.522564952546287,0.6762713947732766,4.574999999999999,7.375,0.2508988108054891,-0.4532459902819924,3.989509109832728,1.2109409409329983,111.63231313053087,144.8239867031867,1.2033939652065422,1.1161379788617531,0.9115000254666601,1.392756504454565
2022,12245,"Peters, Marcus",CB,13,7.346153846153846,5.0,-1.0,23.2,6.1816870219924445,0.8414861914754114,3.0,10.3,0.6481633686402312,-0.3826068064141933,3.989252746048591,1.0229008621035358,124.04834208994848,207.37416630899523,0.9985608944754635,1.3498309287907184,,1.1904103499849163
2022,14923,"Taylor, Darrell",DE,15,7.66,7.5,0.0,22.7,7.0845183322509655,0.9248718449413793,1.5,11.95,1.265950821438376,-0.10727288774205117,3.9794857097269665,0.9474899660308189,98.30918105733106,132.641668925382,0.9485008689398114,1.2119226189280952,1.1596120594390849,
2022,12015,"Williams, K'Waun",CB,13,5.8538461538461535,5.0,2.0,12.0,2.7675636007188107,0.47277696201503994,4.0,8.0,-0.8236938699863376,-0.7265159988703978,3.974699703230675,1.5537484629932465,188.4248298146504,314.99366566619835,1.6340269514472217,2.1055241357616516,0.8979672206920656,0.9583592189474333
2022,15418,"Bynum, Camryn",S,16,7.36875,5.75,0.5,21.3,6.329960381985026,0.8590277023898253,2.5,8.7,0.8481415531949925,-0.157897686166789,3.9637655697799947,1.0052919273766212,118.37880897254645,221.5431321134093,1.0640463272432608,0.8708251618583795,0.46996400336814875,
2022,13727,"Vander Esch, Leighton",LB,14,6.45,6.75,0.0,13.5,4.049294471174665,0.6277975924301806,3.25,8.25,0.5064157949539296,-0.1972795820188707,3.962409104175311,1.2774061875023652,140.4846348364728,373.18974455974643,1.2151617020389869,0.8156787184730553,1.012248156895609,1.2879902908166174
2022,15856,"Taylor, Alontae",CB,12,6.966666666666666,6.5,0.0,15.0,5.28572501071413,0.758716508714947,2.7,10.95,0.2619066318107065,-0.4598092534472339,3.96122207993433,1.1083314422428372,134.4086049684738,224.69363097075075,1.288549287169074,1.279934927436107,,
2022,12589,"Hill, Troy",CB,11,7.145454545454545,5.0,1.0,18.8,5.773350002202697,0.8079751911479602,2.9,9.5,0.4721258549897924,-0.4138637973983368,3.952186169610874,1.0549365591813267,127.93334723308965,213.86880935775824,1.056376912049321,1.5515385929421097,1.0325512274380635,1.1063020664687016
2022,15752,"Burks, Treylon",WR,10,7.69,6.7,-0.4,21.5,7.303211622293304,0.9497024216246168,1.425,10.274999999999999,0.6487126663175584,-0.15992819412757225,3.9441916441752176,0.9261476582570904,134.959427275736,258.75139589887954,0.9261476582570904,1.4628747285850665,,
2022,10789,"Gilmore, Stephon",CB,16,7.518750000000001,4.5,0.0,24.7,6.865422305838148,0.9131068735944337,2.75,10.0,0.942927383485737,-0.3158034584568762,3.930125443474794,0.9559245146213156,115.92604483493965,193.79595483600386,0.971080807186404,1.173393707940416,0.8450772369560392,1.1831754617923396
2022,13258,"Walker, DeMarcus",DE,16,6.9375,7.0,0.0,19.1,5.314705424574348,0.7660836648035096,2.25,9.8,0.3335285400341295,-0.46873422420068156,3.9281830970175755,1.0986260693969951,113.99068385188586,153.79961856504772,1.6002661396130544,1.3609401372911396,1.2267078866576544,0.723603382822983
2022,13085,"Fox, Morgan",DT,16,6.949999999999999,7.15,-0.3,20.6,5.362252325282726,0.7715470971629822,3.625,9.0,0.7837074978237334,-0.13621204826204872,3.9231246017280457,1.0923804408670879,100.70264478677775,130.64459635914628,1.4441880148869408,1.3563411120519429,1.1411343931334432,0.8688299996229613
2022,13284,"Hendrickson, Trey",DE,15,7.546666666666666,5.7,-0.4,25.1,7.017584263041583,0.9298919076468529,2.5,8.5,1.2306867450802628,-0.09584534588691365,3.9104089906612614,0.9412644032260825,97.66323228436569,131.77013564268213,0.9492331039298958,0.7061167141311676,1.4738426332919117,1.2009536839180903
2022,12817,"Brown, Anthony",CB,12,6.316666666666666,7.0,-1.2,11.0,3.890551232009275,0.6159184008457955,5.0,9.25,-0.3395644844744422,-0.5930025072028525,3.9090257672419786,1.2916062764711032,156.63455097664652,261.8492023086689,1.159631258683923,0.8217534274618647,0.9531201242149544,1.3498046966578885
2022,15347,"Weaver, Rashad",DE,15,6.78,7.0,0.0,16.1,4.979584989400891,0.7344520633334647,3.5,9.45,0.1569710297152397,-0.540739589661523,3.9090155002435956,1.1338579536904123,117.64625574833782,158.7318248148317,1.0526460077894246,2.4497528946952998,,
2022,14947,"Wonnum, D.J.",DE,15,6.113333333333332,6.0,0.0,12.0,3.4765627980649056,0.5686852995744122,4.0,9.0,-0.6348931128547862,-0.9180867947037652,3.8971062806490844,1.3656310899907305,141.69445471367897,191.17836959432995,1.2214711658145792,1.1906350550070344,0.79383799605105,1.2077606679744823
2022,15755,"Dotson, Jahan",WR,11,7.845454545454547,9.3,-5.0,20.0,7.983547131030694,1.0176016041869944,1.25,13.899999999999999,0.897140330240039,-0.13905287376808606,3.888505307080147,0.8733136734325151,127.26039109176688,243.99039401934536,0.8024571224087375,1.0686093727333559,,
2022,12780,"Ridgeway, Hassan",DT,12,5.508333333333333,5.75,1.0,9.5,2.298716429275743,0.41731614449786564,5.125,6.625,-1.1602047144861225,-1.3149305724199578,3.8864535302988834,1.6698414220899633,153.93670674430672,199.70676003642353,1.939443939003142,2.994566180208615,0.7412842298460474,
2022,14889,"Murray, Kenneth",LB,16,6.25,5.5,0.0,16.4,3.833405796416549,0.6133449274266478,3.875,8.125,0.39327677719946463,-0.2004281738245327,3.8739391023895986,1.2930840618914519,142.20883226099704,377.7699806629884,1.5100941901527427,2.077492625542291,0.5303728543067611,1.4654060264818223
2022,14902,"Okudah, Jeff",CB,15,7.626666666666666,6.0,-8.4,23.0,7.400492476105148,0.9703442931956051,3.4,13.5,1.173600621123655,-0.2624159292590711,3.8707279194832234,0.9078832804577116,110.10003014403907,184.05648618149,1.0863564479678023,0.9498321330219067,,1.1177922297876672
2022,15549,"Jacobs, Jerry",CB,11,7.2727272727272725,6.0,-1.8,21.7,6.396034411910799,0.8794547316377349,3.8,9.1,0.7405703260062741,-0.34719209763384506,3.869594276628255,0.9833279386876637,119.24928900156173,199.35149049963064,1.1693289946010752,1.2814355714366605,0.6929811072535128,
2022,14143,"Knox, Dawson",TE,15,6.793333333333332,6.2,-0.5,20.6,5.137115489801213,0.7561995323554289,3.75,9.0,0.7279167395640891,-0.08591864052693467,3.8682013109421907,1.1069261030890873,232.97408959965674,507.0982152895193,1.1528992836051077,1.147055918697555,1.0779631364100788,0.5741963883125357
2022,15871,"Joseph, Kerby",S,16,7.90625,5.5,-1.5,32.9,8.271447028029618,1.046190928446434,2.625,9.55,1.6766067103517406,-0.10515658317628794,3.8638867419878573,0.8527525397165806,100.41643352632232,187.92697267497152,1.1350257205740977,2.9581917976699756,,
2022,13909,"Maher, Brett",PK,16,8.0625,8.55,-4.8,30.4,8.763124086192093,1.0868991114656859,1.875,12.875,1.3146123073436686,-0.40369082371037784,3.8633875282727432,0.8258114850145896,108.19613501990784,144.1060872604296,0.741137122930815,1.5311213304576994,,
2022,8930,"Prater, Matt",PK,12,7.916666666666667,5.65,-0.7,22.6,8.330149391750961,1.052229396852753,0.3,14.875,1.035369881468343,-0.46911259183612397,3.8575934438944626,0.8485037413941097,111.1692281285627,148.06594049243614,1.012066687913015,1.0359056834329337,0.496385833804497,0.48860917222979666
2022,13470,"Moore, Kenny",CB,12,6.675,5.5,-3.8,14.0,4.951283503631491,0.7417653188961035,4.0,11.25,0.11772609339504257,-0.4756202761609923,3.832318813323533,1.1216067922032105,136.01852164198374,227.38496180493465,1.5515598642523876,1.7182425136426571,1.32662187297402,1.1674791350464404
2022,15445,"Lenoir, Deommodore",CB,16,6.643750000000001,8.0,-2.4,13.0,4.907261042322896,0.7386281907541518,2.0,11.25,0.09874764114124507,-0.47854639549765576,3.821259792824474,1.1246752009773207,136.3906310373164,228.0070247388907,1.2410728221481,4.814061011622121,0.265844572077117,
2022,13124,"Rush, Cooper",QB,8,10.5,2.1,-12.8,36.3,18.368042900646763,1.7493374191092155,-3.2750000000000004,31.55,0.32936770686763217,1.6447075241773492,3.8191019869078118,0.54213014984851,42.463175139818915,60.2019636089574,0.5544139495697262,0.2542150313506336,,
2022,13590,"Mayfield, Baker",QB,11,10.090909090909092,8.3,-12.5,41.8,16.591917777556336,1.6442441040821594,-3.1999999999999997,21.45,-0.07174621198307068,1.4630494712452482,3.8161791021225464,0.5736105192455488,44.928923336162896,63.6977663297001,0.5080948556128527,0.4383088264885114,0.6991506399075256,1.0937377371355417
2022,11761,"McKinnon, Jerick",RB,16,7.9624999999999995,5.5,-4.2,29.3,8.723379147440514,1.0955578207146643,2.9,10.425,1.0897078311053594,-0.14451878008079458,3.799704270285649,0.8189025522157046,124.1369942140595,246.22579546278703,0.9720202003430831,2.203910136401505,0.5365779070946911,0.7848353946034593
2022,14122,"Slayton, Darius",WR,15,7.52,9.1,-5.2,21.5,7.367423792163264,0.9797106106600086,0.05,13.2,0.6721600377266924,-0.1507023016222194,3.798534977540447,0.8987234526166892,130.96313677743066,251.08949509115547,1.1798069794582986,0.6943446730710935,0.300415020220583,0.7237003751523728
2022,13681,"Chubb, Bradley",DE,15,7.199999999999999,6.0,1.0,23.5,6.470857748397812,0.8987302428330295,2.5,7.5,0.9426450080824418,-0.16678095960892134,3.7920078574495815,0.9637447589661441,99.99573757931995,134.91722111092136,1.1699955883540794,1.410247985856908,,0.9096556889505104
2022,14219,"Dean, Jamel",CB,14,7.314285714285715,5.9,2.0,29.6,6.823369207872221,0.9328825088887802,3.0,8.75,0.9247979402845502,-0.2973579674819395,3.7841336349464503,0.9349278450166657,113.37975501315671,189.5392697398787,1.2120339322919644,1.1443639232297687,0.9496393226408908,1.1994877347706459
2022,12291,"Nelson, Steven",CB,15,6.553333333333334,5.0,0.0,17.0,4.8067822454897575,0.7334866091795154,3.5,9.5,0.05543038918549314,-0.48334214517245727,3.780434933059634,1.1285653665458932,136.86239580662598,228.79568361236915,0.9198674072037392,0.910606032363788,0.7142453522349226,0.8638994766896139
2022,14900,"Madubuike, Nnamdi",DT,16,6.8687499999999995,5.25,-1.5,18.0,5.7077489816476685,0.8309734641161302,2.25,12.2,1.0029362558400563,0.06153170909193389,3.7514197418015374,1.0240022425992428,94.39910331558393,122.46682076168369,0.8225238870581623,0.9003776741768783,1.4220725619070709,1.1084395134577618
2022,13202,"Lawson, Carl",DE,16,6.40625,5.95,0.0,16.1,4.541952877067309,0.7089877661763604,2.0,9.75,-0.07359454635660068,-0.5987058619268442,3.748563990211093,1.1559553359807815,119.93902467926105,161.8252967997175,1.2269789617736722,1.6189731064990145,,0.8253561012729935
2022,11348,"Slay, Darius",CB,16,7.725,6.0,0.0,35.9,8.19714126997943,1.0611186110005735,3.5,8.25,1.5170425970641634,-0.1777472531378924,3.7479647987118443,0.8399349072972626,101.85985423791134,170.2812145415543,1.474655424599115,1.1863866250986657,0.9786390624396921,1.2883958261290829
2022,11010,"Gipson, Tashaun",S,16,6.981249999999999,4.25,0.0,21.4,6.103095398033689,0.874212411535712,2.875,9.0,0.7513344312065314,-0.1536187563480553,3.7248979662233848,0.9828461549217796,115.73569234411909,216.59660205887374,0.9788540095537644,1.303960902601297,1.2554753731372965,1.2171740991884734
2022,13263,"Awuzie, Chidobe",CB,8,6.725,5.0,-0.8,16.0,5.435933682450513,0.8083172762008198,2.75,11.7,0.32666284988474487,-0.4135447215931218,3.7189270315046006,1.0449144338354064,126.71795278047139,211.83700943925925,1.2127216276519404,0.7989421509119649,1.1624189012118964,
2022,11674,"Cooks, Brandin",WR,12,6.416666666666667,6.0,-1.1,13.9,4.689675421130502,0.7308585071891691,3.0749999999999997,10.399999999999999,-0.30563218955608995,-0.22721084246235934,3.707216182036176,1.1277737641827934,164.3406426110731,315.0826254742058,1.0641618737966454,1.3870747571763515,1.2726701073142093,1.1815757338464052
2022,15319,"Palmer, Joshua",WR,15,7.3533333333333335,5.5,-1.0,25.7,7.268458494680209,0.9884576375358398,2.45,9.75,0.6360224007117781,-0.14801306470750009,3.698008544172869,0.8893233651791743,129.59334395271384,248.4632553934751,0.9526823089416627,0.9786554215651482,0.6769474980737739,
2022,13189,"Engram, Evan",TE,16,7.6187499999999995,5.65,0.1,32.9,8.12390136803125,1.066303707042658,2.975,8.325,2.02007394549814,-0.025019789201540188,3.6871394916597873,0.8350320430572529,175.74870578523874,382.5397716814114,0.8651237076005379,1.1748958464286474,0.609099465628777,0.849169529554427
2022,15979,"Dicker, Cameron",PK,10,5.64,5.85,0.8,11.9,2.9877081517444104,0.5297354878979451,3.625,7.025,-2.4101807964561965,-1.4550588489767877,3.6869119168766167,1.4143462323171268,185.30475622287844,246.8068139875178,1.414346232317127,1.359953554787807,,
2022,12979,"Williams, DeShawn",DT,16,6.31875,6.5,0.0,17.3,4.529102939600733,0.7167719785718273,2.25,9.0,0.2550473742010173,-0.31847857935025264,3.680599449937744,1.1428164874167253,105.35216348019738,136.6765580246245,1.172233871680569,1.4610023916343615,1.3288079837151683,1.327068322461949
2022,14160,"Buggs, Isaiah",DT,16,5.825,6.0,0.0,12.0,3.4035826712451103,0.5843060379819932,3.375,8.625,-0.45913149267972997,-0.7592646168732086,3.6766886323425125,1.3227865660469105,121.94296117532852,158.20030323256816,1.5333217747816874,1.5653313612282798,0.9645033289000924,0.4888533892594055
2022,15887,"Camarda, Jake",PN,16,6.625,5.949999999999999,1.2,24.6,5.32652560305496,0.8040038646120694,4.074999999999999,7.375,1.3598095288000522,-0.24100470660683146,3.672386811335702,1.0471782484845888,102.04176816028846,143.12125104874337,1.1116019307540719,1.4588021642883195,,
2022,16010,"Wright, Ryan",PN,16,6.45625,6.45,-4.2,13.2,4.964998583836656,0.7690220458991917,5.0,10.25,0.9941019961145351,-0.3438153214343813,3.649615342537066,1.0823556635025005,105.46961402409491,147.92906256823412,1.1282585285026006,0.7568230733081572,,
2022,12716,"Mills, Jalen",S,10,6.609999999999999,4.0,1.0,18.0,5.361800070871722,0.8111649123860397,2.25,10.5,0.4350111894433243,-0.17138503830421625,3.6495848361439074,1.0390141039270773,122.34978594678945,228.97472129782196,1.0390141039270775,1.231566999181037,0.8972776723729178,1.6048080429155798
2022,14075,"Harris, Damien",RB,10,6.790000000000001,6.0,-1.0,15.6,5.846956473243153,0.8611128826573125,1.9749999999999999,11.775,0.2154004650754076,-0.23563367529484702,3.6483547361754773,0.9916814903868998,150.32845984087487,298.17658176246414,0.9916814903868997,0.7593079574820443,1.1275149326699816,1.8798753221907876
2022,14924,"Johnson, Jaylon",CB,11,6.6,5.0,0.0,18.0,5.359782899266791,0.8120883180707259,2.0,10.3,0.2938336086342245,-0.41002732669065073,3.6422065824180216,1.0377712737271114,125.8516936916924,210.38886629347763,0.9575801577326918,1.1457282399445372,0.837367014735755,1.3559361927647817
2022,13322,"Clark, Chuck",S,16,6.15625,5.25,-2.4,16.0,4.25308252183049,0.6908560441552065,4.875,7.875,-0.038097322727092243,-0.20528711695354368,3.6409072323337943,1.1719309518584895,138.00149638235018,258.26652599599583,0.9486861021896452,1.3498309287907184,0.8915488879082885,0.954495591255982
2022,13304,"Brown, Jayon",LB,8,5.75,4.75,0.0,11.0,3.3634060117684275,0.5849401759597265,4.25,8.125,0.14696782171823472,-0.20661630367385486,3.627897183260063,1.317777897470881,144.92457335261562,384.98419825661534,1.065934065934066,1.0530728130077964,1.101499055788666,1.5290583542540708
2022,15668,"Waitman, Corliss",PN,16,6.35625,4.25,0.9,18.4,4.811310729676477,0.7569417077170465,2.775,9.2,0.838636974246524,-0.3793191071587599,3.6177921965659583,1.0937721790612047,106.58209075432255,149.48939481514984,1.2251565536553486,1.4131808284411145,,
2022,13717,"Reid, Justin",S,16,5.4875,4.5,1.3,12.0,2.8409670448634214,0.5177160901801223,3.5,6.75,-0.6406708572566356,-0.2540765738183694,3.6156301138961666,1.4286766681163041,168.2347562660904,314.8473544971158,1.41742579522649,1.5821885621397405,1.0584414909579536,1.3325210647012629
2022,15378,"Oweh, Odafe",DE,16,6.668749999999999,5.75,0.0,24.9,5.649083858246398,0.8470978606555049,3.2249999999999996,8.0,0.5096951283918635,-0.2843155887622145,3.610393440460902,1.0029577220219912,104.06437621725813,140.4067492850569,1.2050237443002052,1.8039741319505977,1.0009276555112872,
2022,14154,"Nelson, Anthony",DE,16,6.656249999999999,4.85,1.0,16.9,5.630493844903837,0.8458957889057409,2.0,9.35,0.4999010181912767,-0.2870519540307854,3.605972796517331,1.0038845002647816,104.16053640189011,140.536491464135,1.1587822418644798,1.9201218746011626,0.5391974010705196,0.6918458758504568
2022,15862,"Emerson, Martin",CB,16,6.53125,6.5,-1.0,17.4,5.383390979438517,0.8242512504403472,1.75,9.0,0.3040112499796769,-0.39868249473388667,3.5802360000704145,1.0231630838589945,124.08014201820122,207.42732690347796,0.9518594336488481,0.47242904742290276,,
2022,13959,"Williams, Darious",CB,16,6.375,5.5,-2.0,20.0,5.010925563206861,0.7860275393265664,3.0,8.25,0.14343828545160772,-0.4343352112147266,3.5693738532182633,1.060568781457161,128.61637318553878,215.010637898714,1.1205726549666688,1.1638715182306187,1.3841182487300203,0.9561386797337482
2022,14303,"Elliss, Kaden",LB,16,6.65,5.25,0.0,18.0,5.745650528878345,0.8640075983275707,2.0,8.875,1.395411284622225,-0.1458199454188317,3.5675820237892433,0.9858204144331429,108.41705816907508,288.00398200936905,1.2469584459040859,1.78955301979292,0.6136726594217718,0.2220579317778708
2022,15173,"Tart, Teair",DT,15,6.739999999999999,5.0,0.0,17.6,6.003310197993549,0.8906988424322774,1.5,12.25,1.1904793685839854,0.2602704394426273,3.5648194459829305,0.9624020369583247,88.72040073599004,115.09966761565136,0.8099822527884817,0.8219274465429187,0.943214113285618,
2022,13685,"Okoronkwo, Ogbonnia",DE,16,6.918749999999999,4.0,-2.4,19.2,6.6306314508876145,0.958356849270116,2.0,12.275,1.02682145381733,-0.031048483598876558,3.5329362994178686,0.9067073995816156,94.07768431037032,126.93240775025451,1.1463557421928692,1.7310095033729345,0.8313566821971972,0.5616786551733434
2022,12699,"Billings, Andrew",DT,13,6.046153846153846,5.5,0.0,13.1,4.3068130970886624,0.7123227768721706,3.0,9.5,0.1139973084600334,-0.3332834867747546,3.530966198556388,1.1393191611498035,105.02975748354504,136.25829094350067,1.0352548863999762,1.6020257652364605,,
2022,12714,"Fuller, Kendall",CB,16,6.925000000000001,3.7,-1.2,24.6,6.674906366384476,0.9638853958677942,3.0,10.0,0.8607943642716801,-0.2684403896920685,3.5261731741428877,0.9022911380822821,109.42186472634998,182.92278309651937,0.9155495968891294,0.7921792291704471,1.9003042434514674,1.2304986442493997
2022,12349,"Diggs, Quandre",S,16,7.125,5.75,-1.0,30.4,7.325767877840519,1.0281779477670905,2.5,9.25,1.2730694378304868,-0.11023249733523612,3.5130053592409007,0.8557769210649714,100.77257153176275,188.59347650175184,0.8622813717954948,1.1135204504039637,1.1592909522936141,1.0717068695061485
2022,15832,"Stingley Jr., Derek",CB,9,6.722222222222222,5.0,1.0,22.4,6.143429693181304,0.9138986320434997,3.5,5.6,0.6316703133539673,-0.3150649550859755,3.5123188395013374,0.941035680471365,114.12045911262882,190.77752002619295,,0.8022954800387685,,
2022,13192,"Njoku, David",TE,13,6.738461538461539,3.9,-1.2,19.3,6.205399443107648,0.9208926114200846,2.1,11.4,1.1900827148052209,-0.053575898458415996,3.507984516364975,0.9351961111479031,196.8301786214965,428.4263218523389,0.9931030988378282,0.7802596395479404,0.5121447251955739,0.6042543447898637
2022,12234,"Dupree, Bud",DE,11,6.2272727272727275,6.0,1.0,16.4,4.828154345105931,0.7753240554184706,1.0,9.1,0.07719010698856398,-0.4476996362471982,3.507682278210817,1.0684810934188707,110.86291679613855,149.57954229320686,0.989665894979139,0.9343723989764322,0.9158236182775976,1.4642674603349695
2022,14244,"Gay, Matt",PK,16,6.76875,5.35,-3.8,21.8,6.3155283577464845,0.9330420473125001,2.1500000000000004,10.65,-0.2639385353457368,-0.6940191776617826,3.5016051561892114,0.9252578445455009,121.2253940436603,161.45971581167257,1.1017770336948374,1.2802791689868032,1.2002724791135704,
2022,15392,"St-Juste, Benjamin",CB,12,5.983333333333333,6.0,0.0,15.0,4.240839801527785,0.7087754542943373,2.1500000000000004,7.475,-0.18855214454514052,-0.5063911839330538,3.501532818894706,1.141674533075615,138.45215922793048,231.45332384009993,1.05188860335376,2.0452212358339468,0.6933336012107676,
2022,13771,"Haynes, Marquis",DE,16,6.58125,5.0,0.0,20.6,5.791720248553101,0.880033466066948,2.0,10.025,0.5848428165368438,-0.20934182220882416,3.5006025790424102,0.9690107600356567,100.5421246347518,135.6544227652556,1.1064263340075156,1.4211293422720859,0.6300525649389643,1.0940813799049809
2022,14630,"Cole, A.J.",PN,16,5.887499999999999,5.050000000000001,0.7,17.6,4.014485490072171,0.681865900649201,2.925,7.4,0.032597655284100406,-0.5999648645069414,3.500576352566171,1.1740985215045987,114.40945159249351,160.46785682895234,1.120286462276445,1.1245900463715055,1.4921426497653145,0.5108347950950067
2022,12126,"Purcell, Mike",DT,16,5.95625,4.0,1.0,15.5,4.1783622314849636,0.701508874121295,3.875,7.35,0.0324910964211087,-0.3692672069860981,3.5005694596074135,1.150218878815661,106.03456346076463,137.5618562231521,1.1975285921442163,1.8916696250455833,0.97380390409078,
2022,14138,"Hockenson, T.J.",TE,16,8.143749999999999,5.199999999999999,-4.3,42.3,10.92685732209861,1.3417476374027457,1.9500000000000002,9.825,3.2327017941707727,0.02907241700754991,3.4776377564887,0.682807698630795,143.71013703282728,312.80368616779583,0.9622985677002791,0.9209792589843576,0.9987378075971474,1.1113289260858208
2022,13212,"Wormley, Chris",DT,13,5.761538461538462,4.0,0.0,12.9,3.8015256980765098,0.6598108688250283,4.0,8.5,-0.20662382313703792,-0.5080190887551934,3.4712017915734137,1.1999391076562462,110.61809348046768,143.50820878014827,1.0612156480154045,1.4559718593467927,1.4103057411597404,0.4196010845019198
2022,13844,"Cooke, Logan",PN,16,5.50625,4.75,0.6,13.4,3.262948963361211,0.5925900500996524,3.5500000000000003,6.6000000000000005,-0.7276292552820162,-0.8623441638677461,3.4574183102898703,1.291652808261275,125.86447111073875,176.53438285840878,1.1866245120727983,1.0725470964005912,1.1323381066708595,0.9653598824982751
2022,14918,"Terrell, A.J.",CB,13,6.292307692307693,5.0,1.0,18.0,5.162954064734279,0.8205183721460345,2.0,11.0,0.20897904741012124,-0.40216429301057544,3.456327488137511,1.020988900162927,123.81647630738979,206.98655150863922,0.9659660341579424,1.2857142857142858,1.3209014770850307,1.2148814104842331
2022,13294,"Ebukam, Samson",DE,15,6.466666666666667,5.0,0.0,19.0,5.646906724531188,0.8732329986388435,2.5,9.25,0.5085481099828258,-0.22482223166355655,3.4521421901950116,0.9728836186012172,100.94396272019992,136.1965946531542,0.8923182796003849,0.8998154266566691,1.1797951667497248,0.7143555631495829
2022,11706,"Clowney, Jadeveon",DE,12,5.9750000000000005,5.0,1.0,13.5,4.373999885688156,0.7320501900733315,1.75,10.175,-0.1620802335787621,-0.5462071522839939,3.4496690882537484,1.1118347836054865,115.36118688960867,155.64874199620365,1.0143655591565595,1.2795228156657799,1.3308178485887459,1.5707078590388914
2022,15826,"Clark, Damone",LB,9,5.5,4.5,1.5,12.5,3.2829526005987018,0.5969004728361276,3.0,7.0,0.10480525842056608,-0.2040106878425105,3.444172065546382,1.2841608378367697,141.22748749756116,375.16309200204705,,2.0109696961423698,,
2022,14213,"Harris, Will",S,14,6.357142857142857,5.0,0.0,20.0,5.379951445043013,0.8462844969730583,2.0,8.75,0.4427566875058868,-0.16148861972502732,3.443208707848248,0.9964249590147151,117.33467330877079,219.5890569937837,1.3689014757232725,1.4210526315789476,1.4030407790686394,0.5953213844236888
2022,13133,"Perine, Samaje",RB,16,7.075,2.8499999999999996,-1.5,23.4,7.48778171423286,1.0583437051919238,1.15,11.875,0.7141399609895398,-0.15898170798375777,3.4372296435013094,0.8335511253943046,126.35756348569747,250.63029581943698,0.8457650108266737,0.6577516615247936,0.8305283938197549,0.404212293674144
2022,15393,"Odighizuwa, Osa",DT,16,6.36875,4.0,-1.5,20.4,5.4921214878678715,0.8623546987820013,3.25,10.399999999999999,0.8661136649852698,0.16595409887269935,3.419729874317296,0.9809967376460189,90.43457966872796,117.32352395258346,0.9399798386363689,0.8760556009011302,1.179359295607379,
2022,13809,"Gage, Russell",WR,12,5.891666666666666,4.800000000000001,1.5,14.8,4.259001904463324,0.7228857546472405,2.45,7.825,-0.46289462005522375,-0.22966203196389373,3.419650229723433,1.1203012993143049,163.25174542497308,312.9949338428677,1.2609186512407076,1.6607232129922185,0.8851089915980962,0.9374449965862902
2022,15283,"Moore, Rondale",XX,8,6.9750000000000005,6.45,-2.6,21.3,7.264941500108587,1.0415686738506933,2.425,10.425,,,3.416490510135103,0.8439261185222376,100.0,100.0,0.704675925988887,1.0869994159899776,0.6529642578738704,
2022,14249,"Van Ginkel, Andrew",DE,16,6.25,6.0,0.0,19.5,5.1931445194602475,0.8309031231136396,2.0,7.25,0.26948442780937815,-0.32118087351071894,3.413615893216256,1.0091803897617921,104.71002460555124,141.27787727982923,1.3370586210226776,3.9444444444444446,2.0231962605867833,0.8655493003282602
2022,12278,"Golden, Markus",DE,16,6.293749999999999,4.0,0.0,17.7,5.320299421790093,0.8453305933330834,3.0,8.5,0.33647572593352565,-0.288338550721269,3.4106354832778596,0.9957993411358708,103.32164058116584,139.40462829002814,1.0514137439239546,0.9082217875693072,1.2864743508134047,0.8538152939072241
2022,14974,"Mooney, Darnell",WR,12,6.458333333333333,7.95,-2.3,17.3,5.785824391466517,0.8958695831948156,0.07500000000000001,9.475,0.09463168689067375,-0.17647887567738577,3.40652827102701,0.951738942943319,138.688622176475,265.9012068133386,1.3566342144769805,1.5278170014670645,1.1006159379437246,0.890693326509476
2022,13252,"Maye, Marcus",S,10,5.720000000000001,4.0,0.5,14.0,3.923722722109706,0.6859655108583401,3.125,8.8,-0.17864071445873295,-0.2066652301957812,3.392714716381059,1.1617226076347995,136.79940612590528,256.0168426041179,1.1617226076347997,1.4350207711811922,,1.2649295333469666
2022,14717,"McLaughlin, Chase",PK,15,7.159999999999999,7.1,-4.4,24.1,7.956950839779436,1.1113059832094185,1.05,11.0,0.7946794431502293,-0.3576350450078421,3.3912659069511126,0.7993791780346886,104.7330281162366,139.49358621720086,0.8631519983926159,0.7444109745373859,0.3252914540244672,
2022,9853,"Hughes, Jerry",DE,16,7.112500000000001,3.0,0.0,28.5,7.863672408614184,1.1056129924237867,1.0,10.95,1.6764465401082937,0.30416161994821317,3.3778761935795,0.8024326342530099,83.25839634751799,112.33470287119415,0.9848873428969439,0.9183343367825552,0.7300045837054072,0.9233477201588218
2022,13724,"James, Richie",WR,16,6.375,6.2,-1.1,17.7,5.690287778311392,0.8925941613037477,1.2000000000000002,10.2,0.05974604984779707,-0.17748589047061544,3.3683925113709883,0.9528738092054136,138.85399634699885,266.2182709735268,1.0106374166054175,1.7220683574100089,,0.5107064536352104
2022,12756,"Ngakoue, Yannick",DE,15,6.000000000000001,6.0,0.0,15.4,4.70078007710777,0.7834633461846282,2.3,7.85,0.010083236514353123,-0.42917156371934223,3.3642407133490186,1.0524875400989047,109.20346584103318,147.3405617441101,1.054663279968633,1.3669389844580768,0.994244474466666,1.0513544599357163
2022,14278,"Shelley, Duke",CB,9,5.688888888888889,7.0,0.0,11.0,3.9520583791359614,0.6946977619574932,2.0,9.0,-0.3130482375334015,-0.5195219857041316,3.3568752001642044,1.1487927753148763,139.3153964986071,232.89641535037268,1.1540073229082708,1.813753602888342,1.1238378682296613,0.5110871784796002
2022,15390,"McNeill, Alim",DT,16,5.88125,4.75,1.0,19.1,4.436245421243059,0.7543031534525924,3.0,7.0,0.19612628756529576,-0.19359200257730125,3.3524707451077003,1.0818588095780242,99.73269324000802,129.38624878958674,1.2046910380202667,1.9375367349133856,1.229920962606252,
2022,14857,"Peoples-Jones, Donovan",WR,16,6.643750000000001,6.1,-6.1,16.8,6.555243011323073,0.9866781578661257,2.7,11.95,0.37558846167986915,-0.1485601583068133,3.34415011998521,0.8793562285214368,128.14091998671398,245.678590874474,0.89544393949341,0.6184686742355708,0.677223221191954,0.613994270376079
2022,15376,"Turner, Payton",DE,8,5.75,4.5,0.0,14.0,4.14578098794425,0.7210053892076956,3.5,8.25,-0.28231688931278026,-0.5713492534047816,3.3410703046357946,1.1174202737099266,115.94072332551588,156.43066977990648,1.1796927357836362,1.2807541072632156,,
2022,14675,"Tuttle, Shy",DT,16,6.4375,5.15,0.0,19.5,5.976085152505777,0.9283239071853634,2.25,9.175,1.173204200216169,0.38546943874924744,3.338391426882405,0.9227955019568074,85.06921596896238,110.36287484192648,0.8631477332177093,1.2243885567750812,1.6171328902292865,1.0578284443224506
2022,14199,"Murphy-Bunting, Sean",CB,11,6.909090909090909,3.0,0.0,23.0,7.403372026000847,1.0715406879738067,1.5,10.0,1.1748420192323354,-0.1680261835546145,3.3352426767194014,0.8221807731126877,99.706790346353,166.68189332532916,0.9027313185161709,1.0857417304602395,1.5242984744981127,1.104455673878201
2022,15484,"Cooper, Jonathon",DE,13,5.723076923076923,6.0,-1.0,15.0,4.133010421947783,0.7221657995338868,3.0,7.0,-0.2890450356776305,-0.5687077251311955,3.3231857958309843,1.1149552509393177,115.68495874905138,156.08558461177287,1.5104116161829353,2.0891486704997444,0.7771974956521626,
2022,9861,"Jackson, Kareem",S,16,5.5375,4.75,-0.5,13.0,3.6949078134643627,0.6672519753434516,2.75,7.074999999999999,-0.27627990226199395,-0.21193855511490084,3.3213335967763857,1.1794693783164807,138.88918872456654,259.9278211513923,1.2527425674900776,1.4600483670751083,1.2399217167711847,1.48099101287497
2022,10976,"Tucker, Justin",PK,16,6.65,8.2,-3.0,21.1,6.704196447002429,1.0081498416545005,1.0999999999999999,9.825000000000001,-0.013271183425210277,-0.5522907336657186,3.3115058757373967,0.8631659441378083,113.09024000177304,150.62453008141023,0.7608197148120304,0.5002436951343016,1.247856935161775,0.9852664999400386
2022,13763,"Dissly, Will",TE,15,5.72,3.8,0.0,14.4,4.174078740672405,0.7297340455720988,2.6,9.9,0.3112832995722283,-0.09111598347305203,3.30686674904878,1.1055108139418552,232.6762145204834,506.4498516827012,1.0764761036977164,1.7478505097961474,0.7613302890910887,0.8053677851580644
2022,12745,"Jones, Deion",LB,10,6.03,5.5,0.0,18.3,4.972132339348984,0.8245658937560504,2.75,7.950000000000001,0.990039913119682,-0.15441253562865634,3.3048957128024825,1.0096896145903766,111.04210876044891,294.9772852520442,1.0096896145903766,1.105523630544424,1.5363019028249159,1.5288785858673049
2022,15177,"Bryant, Myles",CB,16,5.68125,4.5,1.0,15.7,4.111450283963069,0.7236876187393739,2.75,7.0,-0.24433305066100164,-0.49248203812845204,3.2959858493124212,1.11147515565683,134.789846642481,225.33096052290355,0.9968971619912732,1.145952584421087,0.8722893567905307,
2022,13759,"Armstrong, Dorance",DE,16,6.375,5.5,0.0,19.7,5.998281003754326,0.9409068241183257,1.0,8.15,0.693668924527069,-0.07077127283373184,3.284547161554703,0.9109379855681762,94.51663929526971,127.52465886204251,0.6293998219872167,0.7845619121185239,0.9901752417512238,1.0054301202552662
2022,15432,"Carter, Michael",CB,16,6.0125,5.0,0.0,19.0,5.007728402179975,0.8328862207367941,2.75,7.5,0.14205996252070394,-0.3906283278613063,3.2803454638788554,1.0007942432647745,121.36744747175116,202.89245960462173,0.9830971251960812,1.1348477703704152,1.7948276273426065,
2022,13547,"Maulet, Art",CB,16,5.637499999999999,4.5,0.0,13.5,4.088073354283164,0.7251571360147521,2.75,7.75,-0.2544110410909422,-0.49111136319249943,3.2678182655425028,1.1079832399142449,134.36637807907132,224.62303941073367,1.1165617650929418,0.8550624881459166,1.0805301670602925,0.776011273179162
2022,9846,"McCourty, Devin",S,16,6.61875,5.75,0.0,29.9,6.7896261633097295,1.0258169840694586,2.375,6.75,1.0442887090565032,-0.1108977980578042,3.267200370047379,0.8496877592374426,100.05553829479545,187.2515658124494,0.8006676185276722,0.9183343367825552,0.9954110983744677,1.0757465516285054
2022,12796,"Jefferson, Quinton",DT,16,5.88125,4.5,0.0,17.6,4.757785560268559,0.8089752281009239,2.875,8.15,0.4001538636136666,-0.01166835458074787,3.251150103461716,1.021443042370908,94.16317980222657,122.16075002998178,0.8960385484507657,1.1576451907384115,1.686332442191752,1.0298769828577987
2022,13987,"Spillane, Robert",LB,15,5.166666666666667,5.5,0.5,10.5,3.0641293851417064,0.5930573003500077,2.0,7.5,-0.00987164015420448,-0.20484794390529096,3.243239691084249,1.271284985550852,139.8114465982038,371.4014568443484,1.404761904761905,1.3747098796123585,0.7304488228597712,0.6381456735366812
2022,15834,"Hamilton, Kyle",S,15,5.6066666666666665,6.0,-1.2,16.9,4.102270374100447,0.7316772367598896,3.75,7.0,-0.1024514144355586,-0.19378403075055475,3.2377088222036114,1.0988572254278364,129.39665189243158,242.16276370786966,1.3956706855399243,1.4177136143002727,,
2022,13709,"Oliver, Isaiah",S,11,6.545454545454546,6.0,0.0,20.9,6.728144906606688,1.027911027398244,0.5,8.5,1.018053617972848,-0.11030771336436858,3.2276832942972797,0.8469632265641039,99.73470916636678,186.65114171119168,0.7703032880775637,0.5511883937811676,,1.4461767082553527
2022,13777,"Nichols, Bilal",DT,16,5.762499999999999,5.5,-0.8,14.5,4.529883414614552,0.7860969049222651,2.625,7.875,0.25554261073888296,-0.08779694562979314,3.2263087092974922,1.0420653688232704,96.06427830025606,124.6271027900302,1.1090909423472095,1.5091323798867526,1.358005905775302,1.2374877385469514
2022,14237,"Gaines, Greg",DT,15,5.92,4.5,0.0,16.3,4.945192952083198,0.8353366473113509,2.5,8.15,0.5190698907117817,0.07605038629336774,3.225566278901702,0.9957624668726067,91.7957794208423,119.08944968924789,0.9502759192960158,1.063357690904658,1.803471767363353,0.8449086741815881
2022,10766,"Irvin, Bruce",DE,10,5.42,4.9,0.0,12.5,3.6923705122861117,0.6812491720085077,4.0,6.5,-0.5211952635702898,-0.6618492855159933,3.223793409233318,1.1550665033395644,119.84680163502016,161.70086672747067,1.1550665033395644,0.8632827700221796,,
2022,14112,"Campbell, Parris",WR,16,6.1625,6.95,-4.0,14.7,5.641905152517189,0.9155221342827081,1.225,10.275,0.04207890981743736,-0.17043678084857047,3.217138496970502,0.9278211384371393,135.20328895874422,259.2189404947506,0.9895622166163017,0.7693893972188116,,
2022,14985,"Mann, Braden",PN,16,5.5625,5.45,1.2,17.7,4.058151518856831,0.7295553292326887,2.1500000000000004,7.025,0.07676861568296914,-0.4598069295040373,3.2161445812015645,1.0997100381953673,107.16070251026142,150.30094130120642,1.0261289125483126,1.0050403331108397,0.6230263272550718,0.6428302149332503
2022,14185,"Adderley, Nasir",S,15,5.933333333333334,5.0,0.0,18.0,5.019517462421618,0.8459860891721828,2.25,8.75,0.2889534168702522,-0.16157270866114334,3.2141809562574153,0.9856825518612894,116.06969412243711,217.22167846184027,1.1025207877687508,1.1317305668205442,1.6847244965230967,1.1017552985012165
2022,12506,"Callahan, Bryce",CB,15,6.786666666666667,5.0,1.0,24.9,7.567550609161608,1.1150614846505316,1.0,6.5,1.2456207832766868,-0.12743267288484222,3.208732566839785,0.792136163095369,96.06324657836448,160.59090622653275,0.6915274241033238,0.7423962505885665,1.280936463902417,1.6894253238874173
2022,13980,"Badgley, Mike",PK,12,6.25,4.65,-0.4,21.6,5.929938167187468,0.9487901067499949,2.475,7.85,-0.5126208292253119,-0.664302581939765,3.207118087449218,0.9018839489207993,118.16299395254657,157.38091489447547,0.750464670928448,0.8854034055220116,0.6311637382398375,0.41067175516298976
2022,15851,"Ebiketie, Arnold",DE,15,5.833333333333333,5.7,0.0,17.3,4.786183819657949,0.8204886547985055,2.0,7.5,0.05507802219124082,-0.34488810179701773,3.2042678859643736,1.0081486373653044,104.60297256617443,141.13343948661313,0.9761011145211613,0.8333660767349974,,
2022,15904,"Bland, DaRon",CB,16,6.81875,5.0,0.0,24.4,7.693846465682818,1.1283367869012384,0.0,10.15,1.300067986172457,-0.11505029101896241,3.2037927653018627,0.7843191189211383,95.11526480830017,159.00614559264483,1.0967479591441227,1.838849281874362,,
2022,15391,"Williams, Milton",DT,16,5.9875,4.0,0.0,18.0,5.230902766253641,0.8736372052198149,2.25,9.425,0.7003619714302115,0.20349711773405302,3.1956560124442803,0.9609361957031487,88.58527007481067,114.92435850909408,1.2930299403980317,1.1637144492434863,0.8870554808426324,
2022,15868,"Jones, Marcus",CB,14,8.514285714285714,1.5,0.0,51.4,14.22060161188976,1.6702048873024886,0.25,7.75,4.113806864746514,0.3903707994688215,3.1886263690001226,0.5593921929889207,67.83812262669933,113.40638566115157,0.7013183177538144,1.1667154307253829,,
2022,14087,"Henderson, Darrell",RB,10,5.699999999999999,4.35,0.4,15.9,4.5367389168873276,0.795919108225847,2.8499999999999996,7.7,-0.18284867643621372,-0.2609706434339434,3.1738623270348274,1.0294868668296273,156.05935637310967,309.54381814754345,1.0294868668296275,1.0530745481719401,1.3490225631635275,0.8771830767734061
2022,15543,"Griffith, Jonas",LB,9,5.355555555555556,4.0,0.0,12.2,3.692367837433532,0.6894462766992071,3.0,8.0,0.3193641638430143,-0.18384908030366076,3.1700064272058954,1.1413332758850279,125.51981512076911,333.4365199200066,1.2158731741141737,1.0324030766249046,0.6202496491836381,
2022,13918,"Johnson, Danny",CB,9,6.544444444444444,2.0,0.0,16.9,6.97728236033217,1.0661382214429462,0.0,14.0,0.9911511910652442,-0.1730652706005752,3.167476588218743,0.8203852074971478,99.48904007751132,166.31787571974226,0.8034687249990914,1.1050917876647077,0.5615129790094974,0.16426816479786735
2022,14934,"Elliott, Jordan",DT,16,5.3,5.25,0.0,11.6,3.576485705269909,0.6748086236358319,2.625,8.5,-0.34941894783104155,-0.45811342330368987,3.164540667634169,1.1580938609503248,106.76052989053684,138.50367449802158,1.2988892654952766,2.1440943110267665,0.6974510106003274,0.6084105826377282
2022,12687,"Lawson, Shaq",DE,15,5.526666666666667,4.0,0.0,14.5,4.139479301662093,0.7490010799147333,2.7,8.1,-0.2856369197377004,-0.5076205818546572,3.159898944679955,1.0753359128967324,111.57415566232673,150.5391669101669,1.2259113481228203,2.101344429833707,0.8168338277718399,1.0563159316367778
2022,15797,"Dulcich, Greg",TE,10,6.07,4.6,-0.8,15.9,5.613029485046377,0.9247165543733735,1.375,10.55,0.9338088668984142,-0.05282494522270414,3.1537111198049623,0.9178849139756151,193.18670107603168,420.4958220962177,0.9178849139756151,0.8152662074479086,,
2022,15379,"Tryon, Joe",DE,16,5.325,4.85,0.0,14.0,3.679928667786918,0.6910664164858061,2.75,6.7,-0.5277502236920603,-0.6395015622407196,3.14890056835606,1.1378378556607636,118.05920038883121,159.28898199689482,0.9956950664792767,0.9122107069364184,0.9206952873077027,
2022,13716,"Edmunds, Terrell",S,14,5.242857142857143,4.75,0.5,11.5,3.5013699942643437,0.667836238688022,2.25,8.55,-0.35886575992214254,-0.2117739143685384,3.143508350065206,1.1647247725775938,137.1529280239618,256.678450448004,1.282013563272502,1.786337055861693,1.2508924601741918,1.1487721006218632
2022,13933,"Ford, Poona",DT,16,6.01875,5.25,0.0,22.8,5.5193091449474,0.9170191725769304,2.5,7.625,0.8833651092036557,0.3478524547070702,3.1396399608822727,0.9232189893410188,85.10825575586122,110.41352234192159,0.990089547947626,0.9099298138692541,1.4891110503848646,1.5156353437005379
2022,12311,"McCain, Bobby",S,16,5.6625,5.0,0.5,16.0,4.564383173003774,0.8060720835326755,1.5,6.625,0.09473992517399349,-0.17282015681936216,3.1352569211546393,1.0176330105144897,119.83204129592184,224.2628219244776,0.98032347397597,0.8012656506239375,0.9238565647543234,0.9289677453059175
2022,13869,"Bojorquez, Corey",PN,16,5.68125,6.1,-2.9,15.7,4.620094526900938,0.8132179585304181,2.375,8.05,0.6452096451419459,-0.21392473490497452,3.133241634450034,1.0108815737540247,98.50485658558232,138.16046667047226,0.903893494637525,1.7361243147838363,0.9822147325900275,0.8494169193321383
2022,13153,"Davis, Corey",WR,12,6.483333333333333,7.0,-3.2,18.6,6.942722008613689,1.0708568650818029,-0.4,11.425,0.5170782132505014,-0.12267976602137895,3.130749132232869,0.8162608896927672,118.94658610683283,228.05072467940656,0.6705622578768881,0.5894028901878037,0.8551208592581787,1.0669410130272419
2022,15051,"Townsend, Tommy",PN,16,5.65625,4.1,0.0,17.0,4.56986990378282,0.8079328006687858,2.475,8.625,0.5944042501805921,-0.22945767027562883,3.1285731404992787,1.0155084584935303,98.95572108794977,138.79283802972716,1.0233539672897813,1.4411785912592086,0.5780158979642318,0.9783053028545702
2022,15461,"Lopez, Roy",DT,16,5.525,4.5,-1.0,16.5,4.278215165229538,0.7743375864668847,3.75,7.375,0.0958509994645306,-0.12692657670958418,3.1138381118339207,1.0467553570752794,96.49663153849359,125.18800776341703,1.0673391474661795,1.1645188122589785,0.9482830446959947,
2022,10277,"Houston, Justin",DE,13,6.323076923076924,3.7,0.0,22.5,6.540542655227627,1.03439239072943,1.0,10.7,0.9793583575691951,0.14203687080455565,3.108091119437283,0.8385440162842032,87.00522272205666,117.39003237498305,0.7898086085057424,0.8284271247461902,1.7630934535234082,0.8231613915738663
2022,14957,"Robertson, Amik",CB,16,6.4125000000000005,3.5,0.0,23.2,6.844785880507878,1.067413002808246,0.75,10.5,0.9340308474634968,-0.17187623329185334,3.1017024616221605,0.8174219281030077,99.12967984074658,165.71712581653392,0.8531824605606216,1.5910643089263312,0.4958573578950688,0.2928932188134525
2022,14861,"Johnson, Juwan",TE,15,6.106666666666667,4.7,-2.0,19.4,5.929751727986219,0.9710292130981799,0.7,10.9,1.0708307175363432,-0.04372997666573337,3.098212155398676,0.8812244516646284,185.47079501205005,403.7011553540478,1.0424413017602392,0.9138714196305079,0.5023581395019167,
2022,14212,"Takitaki, Sione",LB,12,5.5,4.75,0.0,15.0,4.276875806785447,0.7776137830518994,2.0,7.25,0.6256824901573801,-0.16464130872936056,3.0940354155880336,1.0422833891462144,114.62665732551581,304.499442354253,1.2525088050776703,1.6741532256729936,0.9344072106110916,0.8279231044773312
2022,14377,"Anderson, Abdullah",DT,15,5.246666666666667,5.5,0.0,12.7,3.6731215909934454,0.7000867073049768,2.0,7.5,-0.28810036538837847,-0.37399952740650405,3.086117104570404,1.1227327525092907,103.50071580985114,134.2746187897155,1.2271366585360546,1.4272173949224383,,
2022,15845,"McDuffie, Trent",CB,10,6.1899999999999995,5.5,-4.0,17.0,6.242187116708374,1.0084308750740507,1.75,9.0,0.6742454668415946,-0.22689111845787813,3.082007987838653,0.8547141768429478,103.65215293699792,173.27743716120264,0.8547141768429478,0.5796924738921911,,
2022,14551,"Irwin, Trenton",WR,9,6.1,3.9,0.0,16.0,6.047037842337905,0.9913176790717877,1.4,10.9,0.19001498902867403,-0.1471337568712165,3.0632982693366086,0.8656119260991908,126.13808257016032,241.83864439757508,0.7818801651483352,0.8481686762117427,,
2022,12715,"Apple, Eli",CB,15,5.333333333333333,4.0,0.0,15.0,3.9609202073367866,0.7426725388756475,3.0,7.0,-0.3092278290784594,-0.4747740774070263,3.060433451699617,1.0750693642372595,130.37487522601043,217.95036194864167,1.2384422007109914,1.1202834581243095,1.0450728215524931,
2022,13256,"Bowser, Tyus",DE,8,5.325,5.0,1.0,14.1,3.9404155872191953,0.7399841478345907,2.5,6.625,-0.3905132272618206,-0.5281464945366663,3.060372708927814,1.077844546878955,111.8344452286617,150.89035732912075,1.1959238101903227,1.5770176388940944,1.2364383597728388,0.9553287328028354
2022,14925,"Uche, Josh",DE,14,6.628571428571427,3.15,-0.6,21.0,7.7358560862877415,1.1670472543968577,0.5,7.950000000000001,1.609106774222657,0.44400899660972004,3.05880336255811,0.7587775443068461,78.72885377138911,106.22330940514611,0.9756283045624787,1.2372521863920574,0.6389824935631866,0.8428802381768
2022,9826,"Graham, Brandon",DE,16,6.83125,3.5,-0.2,30.6,8.47862892438984,1.2411533649610014,2.2249999999999996,7.75,2.000435112525642,0.6127022440605612,3.0480957291019086,0.7207002251583282,74.77804669526682,100.8927630762792,0.7593372181115512,1.020146890456228,,1.2835029588773075
2022,14983,"Bass, Tyler",PK,16,6.7125,6.4,-6.1,30.4,8.112865939358299,1.2086206241129682,2.325,10.375,0.8952352289639753,-0.1740022708846488,3.039227256467322,0.7365959342174494,96.50729567208465,128.53775940176237,0.8060265425696062,0.506047180441576,0.564528280188052,0.6476526531406858
2022,10823,"Hicks, Akiem",DT,10,4.75,5.0,0.0,9.5,2.713392710243027,0.5712405705774793,2.875,6.375,-0.8970792561625558,-0.8027405139979898,3.0230889457330066,1.279153693305207,117.92060273649862,152.9819755931561,1.279153693305207,1.2834614909990294,1.371572495626596,1.5922043440496283
2022,13066,"Raymond, Kalif",WR,16,6.012500000000001,4.75,-2.0,16.5,5.975248425797876,0.9938043119830146,0.22499999999999998,10.325,0.16380075088241636,-0.146369251958501,3.015591833092205,0.8619764677861278,125.60831891158874,240.8229533197533,1.28403897793603,1.1769834593355635,0.747297002877417,0.31336001960826587
2022,12998,"Adams, Andrew",S,13,6.800000000000001,4.0,1.0,34.4,8.538329867314621,1.2556367451933266,2.5,6.5,1.7904901273925657,-0.04613642400978357,3.0146698108596315,0.7129130670246407,83.94954488053395,157.10958129881115,1.0542079815550318,1.0480330233898345,0.4316136678953529,-0.020955554357219536
2022,12275,"Rowe, Eric",S,13,5.338461538461538,4.0,0.0,13.1,4.13903341773609,0.7753232626883165,2.0,8.0,-0.08676400253127746,-0.18148492906740143,3.0070363244030682,1.0388065428874567,122.32534446069943,228.92897963654923,0.9767127478274065,1.686085797409615,1.024807130248269,1.0770149890277934
2022,14944,"Holmes, Darnay",CB,15,4.906666666666666,4.0,0.0,10.6,3.1008529292581564,0.63196730895207,3.0,7.0,-0.6800100454031526,-0.5780330771326841,3.006596173680322,1.1964990579543366,145.1007912401168,242.56797879955667,1.2631353152140206,1.980565991529638,0.6683385450334505,0.9704202942392876
2022,15394,"Adebo, Paulson",CB,13,5.953846153846154,7.0,-6.8,14.0,5.837888894588706,0.9805239745433226,1.0,11.0,0.499949112737121,-0.2529209513414345,3.006197466111975,0.8707140823182787,105.5924795329978,176.52112106244235,0.7695569979631405,0.4595811888917468,1.0510386138757846,
2022,12088,"Phillips, Adrian",S,16,4.3125,4.5,1.5,8.0,1.87812240016459,0.43550664351642665,2.875,5.5,-1.0515329363304617,-0.2772425396153614,3.004165824991288,1.498372688998002,176.44185682804502,330.20674846167935,1.3307385438313462,1.3265153061855863,1.0664560608871025,1.5509814065055725
2022,14013,"Sullivan, Chandon",CB,16,5.25,4.5,0.0,17.0,3.929058411375428,0.7483920783572243,2.0,6.25,-0.32296371651860184,-0.4694392442996228,3.002758972079569,1.0651121495910647,129.16735256721225,215.9317214698683,1.0457098838950234,1.6666666666666667,0.67470822020449,0.7187578258847315
2022,14799,"Akers, Cam",RB,14,7.071428571428571,4.15,-1.9,33.9,9.608212898455196,1.3587371775593207,0.42499999999999993,11.425,1.3586588003643953,-0.04223651406088807,2.9979722364598755,0.6665994205733122,101.04944500528048,200.4316290645321,0.8092120892620727,1.4336750307831359,,0.8482559390881286
2022,9596,"Morstead, Thomas",PN,16,5.15,4.550000000000001,0.0,12.1,3.713320616375591,0.7210331293933185,2.125,7.425000000000001,-0.27204973491446144,-0.48485344330482927,2.992388648448288,1.0926479268368132,106.4725385505778,149.33573961358113,1.0697928953584968,1.5233117034420143,1.1782375276228496,0.5643942854524414
2022,15809,"Johnson, Jermaine",DE,13,4.9692307692307685,4.0,0.0,11.3,3.290635808421929,0.6622022524688094,2.0,6.0,-0.7328483640034037,-0.7052072041360166,2.989546405589421,1.158157203526072,120.1674849299601,162.1335421600177,1.1436991718275553,1.3574851395159255,,
2022,12976,"Hamilton, Antonio",CB,10,6.4,3.5,-2.0,20.0,7.323933369440221,1.1443645889750345,1.5,8.0,1.1405953481960815,-0.10010054735207784,2.984567098759581,0.7688672789592976,93.24140273571983,155.87357180300384,0.7688672789592974,0.8330653432212063,0.7559863979792897,0.3622688649729691
2022,14170,"Bush, Devin",LB,16,4.65625,4.0,1.0,10.5,2.6499926297067318,0.5691259338967478,2.875,6.625,-0.22690491333739005,-0.21006152245946144,2.9674163809380976,1.2756875074496024,140.29562045563188,372.68763820066846,1.1208307572832776,1.2060530499525561,1.4109358387165747,
2022,14207,"Thornhill, Juan",S,15,6.159999999999999,4.5,-3.7,23.5,6.632927960812881,1.0767740196124809,2.25,8.5,0.9774229383224048,-0.0965385122285874,2.9661388007682388,0.8070297573388836,95.03231735729341,177.85072701832075,0.7553310886644221,1.0355126778126842,0.8905025193852925,0.660424432352059
2022,13423,"Cole, Dylan",LB,14,4.628571428571428,4.5,1.0,11.3,2.6050578747145416,0.5628211457716603,3.0,5.75,-0.25045350405688915,-0.21143505489948086,2.9616769910583844,1.2839104362334075,141.19994921087132,375.0899380504611,1.4485376634793756,2.335575519616288,0.7645281555954523,
2022,15751,"London, Drake",WR,16,5.949999999999999,5.050000000000001,-5.4,18.7,6.057742979031052,1.018108063702698,3.0749999999999997,10.6,0.19392401930343506,-0.13889716490325973,2.9483059440748245,0.8430457183943623,122.84970577572962,235.53399341486153,0.8063023906443243,1.4805349694848018,,
2022,14208,"Johnson, Diontae",WR,16,5.924999999999999,4.0,-2.5,17.8,5.982108741906987,1.0096386062290275,0.875,10.375,0.16630582710270528,-0.14150106426348388,2.9482912906007135,0.8485974966900522,123.65871804549901,237.08507479041052,0.9939364777182552,1.447373024037577,1.4523605981611518,0.9717420861637835
2022,13168,"Reynolds, Josh",WR,13,6.084615384615384,3.6,-1.7,18.2,6.505245948622619,1.0691301811895582,0.5,12.7,0.35733180253134017,-0.12321062777920733,2.9406633956290245,0.8107149887249262,118.13843028883258,226.50128533876583,0.6541684671782598,0.6830898905650934,0.7681567210886038,0.9908453005233665
2022,14250,"Hollins, Justin",DE,15,5.373333333333333,4.1,1.0,19.7,4.452335217488558,0.8285983655375729,3.0,6.0,-0.1208094255317253,-0.3264273644833774,2.938498379196394,0.9855104499257815,102.25409105017805,137.96425873422692,1.1505423494846312,1.2312707827946268,,0.5363531180680381
2022,13953,"Thomas, Tavierre",S,9,5.444444444444445,4.0,1.0,17.0,4.645454435637083,0.8532467330761988,3.0,6.0,0.12933440280031927,-0.15952671717025485,2.9377871533636686,0.9643943647966128,113.56288971938426,212.53025350269232,0.9228116679026578,1.0909090909090908,0.9376432343370938,0.6370596770680784
2022,14269,"Watts, Armon",DT,16,4.80625,4.5,0.0,11.0,3.0853421102853407,0.6419437420619694,2.5,6.625,-0.6610653801554278,-0.5674727111183557,2.9271709358106652,1.1764620612554546,108.45382856332489,140.70044224022215,1.0329931014371692,0.7717598188028805,1.1777568361476887,1.0591030842336553
2022,13236,"Everett, Gerald",TE,15,5.526666666666667,5.1,-2.1,14.5,4.914260428137235,0.889190668541116,1.85,7.8999999999999995,0.6315041457096434,-0.059801586674512006,2.9254149719755436,0.9344645427471234,196.67620584799707,428.0911802115715,0.9873471355117591,0.8971254851608297,0.6237393568298132,0.6424662738147091
2022,11723,"Van Noy, Kyle",DE,16,4.8875,4.0,0.0,12.8,3.2950483683855083,0.6741786942988252,2.375,7.7,-0.7305236158844204,-0.6779443394433309,2.9193418938155644,1.1379382909806885,118.06962130557446,159.3030422074844,1.130304416029067,2.4838146178846925,1.0737384445095073,1.257890155743873
2022,13770,"Franklin-Myers, John",DT,16,4.9875,4.5,-3.0,11.3,3.5342741475443016,0.7086263954976043,3.0,6.7,-0.37620354097727565,-0.3455833526271681,2.919011442842358,1.0999555469536746,101.40096671650234,131.55055058538113,1.5504506314730018,1.1431444769521684,0.7982394651708966,0.8312904717506698
2022,12233,"Alexander, Kwon",LB,16,4.59375,3.5,1.5,10.0,2.6411334569650204,0.5749406164821813,2.875,5.875,-0.23154766777199556,-0.20879476218123275,2.9167766402905344,1.2616263738459645,138.74922649025095,368.5797272565214,1.290219187075963,1.3406673025472708,1.3955908111439113,1.3955182760413873
2022,15032,"Fox, Jack",PN,16,4.6625,4.0,0.0,11.1,2.826631166247199,0.6062479713130722,2.6750000000000003,5.975,-1.168992408150527,-0.8222039044734852,2.9027274015409397,1.2184346485037758,118.72976363003076,166.52741925011696,1.2371153039079512,1.016616358131344,1.527987731962674,1.1131718472836098
2022,14867,"Kmet, Cole",TE,16,5.675,4.300000000000001,-1.0,15.8,5.4468454173034875,0.9597965493045794,1.2999999999999998,8.85,0.8619135421580082,-0.04593586867942381,2.8957087418149268,0.8802754886549884,185.27106732235364,403.26642222487027,1.1639718416656382,1.0492024931644488,0.7607741886888857,0.3767909408320684
2022,15950,"Watson, Jaylen",CB,15,6.486666666666666,4.0,-2.6,33.9,8.135589850909534,1.2542019297393938,3.5,6.0,1.4905072641171297,0.0023489389791768634,2.877588995506087,0.7100435519246584,86.10778296420762,143.94815282553748,1.2929251388669636,1.1488070775951564,,
2022,10868,"Zuerlein, Greg",PK,16,6.562499999999999,4.45,-3.6,25.5,8.404602533731145,1.2807013384733175,1.075,11.275,1.0833876438168384,-0.03798592826780407,2.8774043708821964,0.6977966348351798,91.42389066886204,121.76718848590005,0.7072350264507763,0.604396250052117,0.6868704433589471,0.6657219086267799
2022,15114,"Hartsfield, Myles",S,14,5.028571428571429,4.6,-0.8,12.0,3.768938571956788,0.7495048296504975,2.0,7.75,-0.24468972671594397,-0.18876035739053323,2.8742826789314995,1.0544424828915564,124.16656481117188,232.37477983419456,1.0134680811148264,0.5521571614103713,1.4383265697223748,0.5260716072507515
2022,13793,"Valdes-Scantling, Marquez",WR,16,6.2124999999999995,6.4,-3.4,22.2,7.243693377690693,1.1659868616001117,0.475,10.2,0.6269793034730493,-0.0934324455357144,2.8682076101840006,0.753606389195944,109.81649175534301,210.54602192670603,0.7900838165583394,0.5607968478020884,0.6542274793203906,0.6069706721191801
2022,14879,"Epenesa, A.J.",DE,15,6.206666666666666,3.0,0.0,22.5,7.2621821024323605,1.1700615632275555,0.0,9.75,1.359552612450788,0.4508706918410467,2.8601339113326465,0.7512139758865207,77.94407689360517,105.16446511732107,0.7683473133331623,0.8950601847608942,0.6863149323857708,0.6566928694862562
2022,12217,"Fowler, Dante",DE,16,5.6375,4.0,-1.0,18.7,5.483597701327113,0.9727002574416165,1.5,9.05,0.4225090878187575,0.0016024825028863507,2.8577580292462885,0.8695018197760902,90.21732672076244,121.72389855683805,0.8380971835237194,0.6931337387431727,1.3633122485089468,1.0310322444853368
2022,15811,"Jackson, Drake",DE,15,4.3533333333333335,4.0,0.0,9.0,2.2861515454774404,0.5251496658830261,3.0,6.2,-1.2620588268872581,-1.0171901934831857,2.8543646769334305,1.3247512395843704,137.45286402746717,185.45548937636343,1.4236460487845588,1.3859318638629823,,
2022,12176,"Parker, DeVante",WR,12,6.458333333333333,2.8,-2.0,27.2,8.340009825467167,1.2913563600723357,0.5249999999999999,10.625,1.0273043350833442,-0.054888116353084125,2.818563470035473,0.6914696508908974,100.76184637599519,193.18597395844665,0.8342914073775136,0.5940247809138116,1.0989817766385053,1.13591199659733
2022,10592,"Harris, Chris",CB,9,5.211111111111112,4.8,0.0,12.0,4.4368268051351105,0.8514166577018334,1.0,8.3,-0.1040605036926952,-0.37334428096659134,2.8146614590686863,0.9584839278288562,116.2364277634139,194.31482836502062,0.9195231009028485,0.9060576737413564,0.8132082891754009,0.9388515956379344
2022,13782,"Dickson, Michael",PN,16,5.0375,4.800000000000001,-1.5,13.5,3.983854132620822,0.7908395300487985,2.35,6.725,0.001612092488372787,-0.27969432824583484,2.8129265160138233,1.0107639320798034,98.49339305063567,138.1443882009143,1.252024707738167,1.023340480866895,1.2960133592398728,1.25155203057629
2022,9833,"Pierre-Paul, Jason",DE,13,5.584615384615385,6.0,0.0,18.6,5.586638751913237,1.0003623109486512,0.0,8.0,0.476796052869732,0.0645716708968927,2.791801942102648,0.8478703015241588,87.9728946733365,118.69564413178514,0.79401136005164,1.3118448121308321,1.2545429474969765,1.4184361010438573
2022,15308,"Marshall, Terrace",WR,13,5.515384615384615,5.2,-4.2,12.4,5.387713394502511,0.9768518009558249,0.0,10.0,-0.050740388633013056,-0.1515812307369671,2.7899838585360217,0.8634364560143458,125.82107027294339,241.2308515514006,1.06262040417056,0.5695850468288394,0.2603096109122514,
2022,15742,"Warren, Jaylen",RB,15,5.3999999999999995,3.3,-1.1,15.1,5.052656067192119,0.9356770494800222,1.65,9.2,-0.02603230559512099,-0.2066549892840945,2.789721560965241,0.8921703034259978,135.24361292401508,268.25577970781353,1.0568813184461014,1.118258600689961,,
2022,14858,"Jefferson, Van",WR,10,5.5600000000000005,6.05,-5.0,15.4,5.5266988338428575,0.9940105816264131,2.0250000000000004,8.65,0.000010788648091705682,-0.14630583521732854,2.7883502982541803,0.8518854847675461,124.13784789468862,238.00368803438445,0.8518854847675461,1.3212440002638461,0.99460536471926,0.2992607551645794
2022,15881,"Jones, Jack",CB,13,6.892307692307692,4.0,0.0,39.0,10.188263348538436,1.4782078519084787,1.0,6.0,2.375432023191875,0.21128782535131016,2.781166110421245,0.6160301628230854,74.70667315545771,124.88868293054726,0.7340202052923788,1.1091416121670974,,
2022,11947,"McManus, Brandon",PK,16,5.79375,3.8,-4.0,15.9,6.322526072504565,1.0912666360309928,1.125,10.6,-0.2594254336108833,-0.3954493027580125,2.770450166505758,0.7912228570622667,103.6644035921029,138.07028862070987,0.6881316815540731,1.2238012373769864,0.8971122903453439,0.9782308335399651
2022,13753,"Akins, Jordan",TE,14,5.392857142857143,4.6,-1.0,13.9,5.126048922027608,0.9505256279256491,0.125,9.45,0.7231290695145391,-0.047756509963193486,2.7648224999701005,0.8803157159692104,185.27953394165348,403.28485091599146,0.6473545634858638,0.8235798909447073,0.13629662167717613,0.8422931416463704
2022,13228,"Hooker, Malik",S,15,6.173333333333333,4.0,0.0,31.6,7.632864614430301,1.2364251535254267,2.0,6.75,1.4041128043452697,-0.05155009717687089,2.7603576733171216,0.7150967389218953,84.20668459422727,157.59081217160676,0.6154518352723979,0.7309405698326088,0.7008003864503551,
2022,13289,"Hollins, Mack",WR,16,6.4375,4.9,-5.5,31.9,8.624519914174932,1.339731248803873,1.225,10.25,1.1311945124918714,-0.040015458663904706,2.7513843751460794,0.6688645311563947,97.46779927058095,186.87045155376737,0.7245096957207825,1.0911841228693788,0.5351541813064213,0.4925762205403413
2022,14901,"Gallimore, Neville",DT,15,4.453333333333333,4.0,0.0,11.3,2.768360927014796,0.6216379327129034,2.75,5.75,-0.8622001519187276,-0.6350411532538754,2.746194599606567,1.1817693208227684,108.94308583579509,141.33517054366428,1.4256812037757591,2.1475150877324753,,0.8584777304096656
2022,15853,"Mafe, Boye",DE,16,4.6,4.5,0.0,10.5,3.123499639827096,0.6790216608319775,2.0,7.025,-0.8209037098257738,-0.6669199347680098,2.739690682561319,1.1155572697449985,115.7474227095042,156.1698628437044,1.077873184502954,0.914536321570197,,
2022,14905,"Henderson, CJ",CB,16,5.70625,4.0,-1.6,20.1,6.2228880704621385,1.0905389827754022,2.3,6.5,0.6659254861580861,-0.15030574777158828,2.7295592414279573,0.7900233181427245,95.80701948620064,160.16256612356932,1.0659153445609013,0.9319009098811396,1.4796744967212305,1.0231414670306067
2022,15878,"Clemons, Micheal",DE,15,4.626666666666667,3.0,0.2,11.9,3.2311951693177283,0.6983851230513821,2.0,6.5,-0.7641645421605766,-0.6228414465189781,2.724156378827804,1.0934656714057243,113.4552539068312,153.0772005696902,1.4489478672996519,1.4962667845958912,,
2022,12758,"Bullard, Jonathan",DT,11,5.318181818181818,4.0,-3.0,15.0,5.11802841688409,0.9623643177047007,2.0,8.75,0.6287395607112803,0.4987403490048375,2.710088932111385,0.8692639941823557,80.1343377794259,103.9607076444449,0.9169411328156637,0.8908872066158751,1.3744291523213723,
2022,13772,"Schultz, Dalton",TE,14,5.735714285714286,7.5,-5.4,14.7,6.411107230297068,1.1177521945723405,0.725,11.1,1.279076974979999,-0.014916236754538638,2.7083972810485304,0.7739348666102588,162.88961878735765,354.55030693842843,1.3991483420527842,1.148684502307629,1.0776878242297854,0.9226699512640251
2022,15888,"Durant, Decobie",CB,12,7.216666666666666,1.0,0.0,41.0,12.038122315747124,1.668100089941865,0.0,7.0,3.1729217373477465,0.388407574513386,2.704796080878626,0.5535050593865463,67.12418328996363,112.21287857950585,0.48932938989969876,0.7837739184072896,,
2022,13646,"Gallup, Michael",WR,13,4.8307692307692305,6.8,-2.0,9.1,3.822078495225947,0.7911945929607852,3.0,7.7,-0.6224392277905019,-0.20866076465306002,2.6969538930910506,1.0018022799819388,145.98391600355149,279.88813236090937,1.0513266040945186,1.153726109152229,1.4041567872510192,0.8234929691450547
2022,14997,"Rodgers, Isaiah",CB,15,4.926666666666666,3.6,0.0,15.6,4.08680260785318,0.8295269163436767,2.0,7.35,-0.25495887053371424,-0.3937616794802566,2.6928637248544263,0.9685193325686964,117.4534326231212,196.3493204341915,0.9976862086560593,0.7610276128940688,0.9084170675812189,0.3556703501755264
2022,10271,"Jones, Julio",WR,10,5.28,3.1,-0.5,14.7,5.091718766781998,0.9643406755268935,1.85,8.05,-0.15882419868531972,-0.15542772404558275,2.687924791143344,0.8667504528921655,126.30399015794941,242.15673125373024,0.8667504528921652,0.7838685518842483,0.8034932364152836,1.4633127855179011
2022,15369,"Patterson, Riley",PK,16,5.23125,6.65,-8.4,11.8,4.955895321483294,0.9473635023146082,3.0,9.1,-1.1408194067242101,-0.666994585194508,2.686324352788892,0.8783314208244305,115.0771897996413,153.27094218199971,0.795386224596594,3.6958758851863855,,
2022,13680,"Hurst, Hayden",TE,13,4.561538461538461,4.6,0.4,11.6,3.2056532903218775,0.7027570450958585,1.3,6.4,-0.10768142541901017,-0.09641377845715583,2.6789132804801667,1.0846206633427327,228.27947674020302,496.8797836751064,1.285670657158275,1.0816437795676748,0.30307845317480053,0.8508450510581999
2022,13313,"McKenzie, Isaiah",WR,15,5.54,5.2,-2.2,18.6,5.949431345375231,1.0739045749774785,2.0,8.05,0.15437352432092274,-0.12174276033097088,2.6712897337912285,0.7971875286870498,116.16719142326886,222.72192128535573,0.7309648505269296,0.6668153671047863,0.35772485834199275,0.7865048099987799
2022,15810,"Sanders, Myjai",DE,12,5.474999999999999,4.0,0.0,22.3,5.749220961718786,1.050086020405258,2.0,6.375,0.5624521548933324,0.17776144647250722,2.67061964498334,0.8112047347470028,84.16856748033715,113.56273281474982,0.8503122254876195,1.994033571606216,,
2022,14184,"Abram, Johnathan",S,12,4.75,4.75,-1.5,10.5,3.7109073463687197,0.7812436518670989,3.25,7.25,-0.26945263122768254,-0.17981661065891466,2.6666761703380963,1.0082983278500297,118.73282962828307,222.2056733704592,0.9030647267138738,0.638114434172681,1.9402822625729002,1.6131942944894195
2022,15876,"Mathis, Damarri",CB,16,4.675,5.5,-3.4,11.0,3.5558929961403507,0.7606188227038183,3.0,6.05,-0.4838384564874171,-0.4580348924726839,2.655316380646497,1.026143503361592,124.44158085526453,208.03155164558174,1.8347281369260882,2.257748680774421,,
2022,12288,"Anderson, Henry",DT,10,4.65,4.25,0.0,9.0,3.4932076949417135,0.7512274612777878,1.75,8.25,-0.40226152803545406,-0.2038264987831621,2.65528042634,1.0348954056218675,95.40330504369352,123.76960213063202,1.0348954056218673,0.8911471590498639,,0.765875469085497
2022,14137,"Fant, Noah",TE,16,5.1375,5.1,-3.1,17.7,4.820123831396866,0.9382236168169081,2.775,7.075,0.5907783331541553,-0.050172402449227216,2.6506229495011397,0.8827131773873217,185.78412624431584,404.3831612756053,0.8720421245997734,1.0806027233245148,0.9116384121809149,0.9202704970922652
2022,12229,"Phillips, Jordan",DT,12,4.766666666666667,4.0,0.0,14.2,3.8512624192882807,0.8079571508996394,2.25,6.625,-0.17506427134923935,-0.015056049662581736,2.6364931626254378,0.9825621157319243,90.5788862742333,117.51073729010919,1.0144909548089922,0.9285714285714287,1.0682990726288064,0.8504880988832751
2022,11742,"Joyner, Lamarcus",S,14,6.200000000000001,3.75,-5.4,32.1,8.3977888246167,1.3544820684865644,2.375,7.375,1.7305188897521129,-0.018282600981742465,2.6332755228776468,0.6597296572316707,77.68689764649125,145.38918559967072,0.995381523210656,1.4500100093264088,,1.473019842051768
2022,13403,"Koo, Younghoe",PK,16,5.825,6.15,-5.7,16.6,7.067929329018508,1.2133784255825764,0.55,11.075000000000001,0.22131447169233845,-0.1650242972264253,2.6317234923200354,0.7219944253910107,94.59423579201793,125.98976104710214,0.8829454425525142,1.2278125242960596,0.8678210878903687,1.194304228658946
2022,11735,"Roby, Bradley",CB,12,4.991666666666666,2.5,1.0,14.3,4.483759273447029,0.8982489362498222,1.0,7.699999999999999,-0.08382752301569925,-0.32966202457204696,2.6296164698652196,0.910263638091641,110.38869880100243,184.5390595159559,0.9518317428073534,1.1808875838197084,0.6438896738457758,1.0445199144117039
2022,15892,"Booker, Thomas",DT,10,3.85,4.0,0.0,7.0,1.7895530168173281,0.4648189654070982,3.0,5.0,-1.4832853014736422,-1.1568629204143965,2.6283111366803062,1.3801494278078152,127.23103818197667,165.0606859713971,1.3801494278078155,2.0630521019504835,,
2022,13769,"Street, Kentavius",DT,16,4.51875,4.25,0.0,12.4,3.251964550467917,0.7196602048061781,2.5,6.25,-0.5553380744176528,-0.3088678840149791,2.627699348610155,1.0627440436921618,97.97057135721552,127.10019460897924,1.0358621786151956,0.8815828905613855,0.7734210854432613,0.2207134378155968
2022,13134,"Foreman, D'Onta",RB,16,6.9312499999999995,1.05,-9.2,30.5,11.404808128044067,1.6454186659035626,-0.1,14.075,1.904745596680633,0.0691796418464929,2.620095673072821,0.5587551156337706,84.7013852488703,168.0052436563749,0.7852156329886326,0.5985425286671667,1.456265365639843,
2022,13818,"Armstrong, Cornell",CB,9,5.333333333333333,2.0,0.0,15.0,5.57773351022717,1.0458250331675945,0.0,9.0,0.3877939448090211,-0.1920121577891909,2.6069352202009273,0.8108162674941113,98.32860392293242,164.3779507190831,0.7352817295427498,0.5476567597833455,,0.0
2022,15614,"McCloud, Nick",CB,13,4.907692307692307,3.8,0.0,16.0,4.361803003780315,0.8887686371339201,2.0,6.0,-0.13640389362560634,-0.33850466194775053,2.5983554635571466,0.9153063445695713,111.00023350725647,185.56137466940223,1.0013489652614493,1.2838595285219103,,
2022,15858,"Andersen, Troy",LB,16,4.48125,4.5,-1.3,10.0,3.2488880309268895,0.7249959343769906,2.625,6.75,0.08695331710305383,-0.17610439371257197,2.597832209742844,1.054687712969085,115.99084118472864,308.1233221226331,1.0727199627720911,1.8036393257986119,,
2022,15857,"Williams, Sam",DE,14,5.75,3.5,-1.0,24.8,6.983731094479512,1.2145619294746977,0.25,9.325,1.212851273021893,0.552170183041364,2.5964503062526325,0.7202146379874864,74.72766338904842,100.82478442208931,0.782254765986182,0.551587368587379,,
2022,12361,"Nunez-Roches, Rakeem",DT,16,4.7,4.25,-1.0,13.3,3.8095275297600883,0.8105377722893805,2.25,7.0,-0.2015464031692058,-0.0064689224986783376,2.595913806347694,0.9772269668730742,90.08705798775198,116.87267353218694,1.0979553192449851,1.0549374385163695,0.7642165660426156,0.6155316848161321
2022,11720,"Barr, Anthony",LB,13,4.638461538461538,4.5,0.0,13.0,3.6636548505427373,0.7898426709296118,2.0,6.3,0.3043167828849301,-0.16197717888516136,2.5915470749462046,0.994597946698764,109.38238026252145,290.56830732430814,1.133041953536288,1.2983258243320228,1.0712838692193438,
2022,13682,"Key, Arden",DE,16,4.74375,4.0,0.0,15.7,3.94572058533039,0.8317724554056157,2.0,5.275,-0.3877182999447975,-0.3192019478009368,2.5897048435252157,0.9591625564271749,99.52029974335849,134.27574625217522,1.124765162553184,1.2240961345375923,0.9782395692830513,0.9987260365099667
2022,11883,"Mitchell, Terrance",CB,11,5.836363636363637,2.0,0.0,26.2,7.396224187475997,1.2672658265145789,0.5,8.5,1.1717605261006636,0.014534134876932347,2.5741858621561633,0.6951176512258084,84.29770213967494,140.9222034608359,0.6278000745906203,0.5211039048399537,1.2796484020671606,1.6808554507690436
2022,15847,"Elam, Kaiir",CB,13,5.199999999999999,3.0,0.0,18.6,5.316447628314925,1.0223937746759473,2.0,8.0,0.27515140990616743,-0.2138673882587093,2.5712104463104404,0.823247544504257,99.83615891706769,166.8981614273171,0.7575135863549655,0.5476567597833455,,
2022,15946,"Thomas II, Rodney",S,16,5.69375,3.0,0.0,24.3,6.984041518884321,1.2266154149522408,1.75,7.0,1.1272490263154091,-0.05431440319626919,2.5571322114116084,0.7131413315590619,83.97642432020673,157.15988553236653,0.7959295048986427,1.121488170360687,,
2022,10738,"Jones, Marvin",WR,15,4.966666666666667,4.6,-3.0,16.3,4.681262887536035,0.942536151852893,1.95,7.1,-0.3087040651846624,-0.16213143386657508,2.5567949723505525,0.8742187723019997,127.39228326248558,244.24326470774767,0.8739152122219926,0.8160221376784741,0.9452395307499443,1.0746348603578812
2022,13211,"Watkins, Carlos",DT,11,4.590909090909091,5.0,0.0,11.5,3.654500225862142,0.7960297521679913,1.0,6.0,-0.29991622141794305,-0.054744974992893776,2.5561431181011307,0.9863377093420869,90.92694474174084,117.96228409995899,1.1178857032606002,1.9033382882461314,0.9883421214736843,0.9170159852144264
2022,13798,"Fatukasi, Foley",DT,13,4.569230769230769,5.5,-1.0,11.5,3.621386180707946,0.7925592651381027,1.5,7.0,-0.32092814977762774,-0.06629316782924022,2.5489984393228666,0.9887143360373344,91.1460374542507,118.24651972308178,0.9811916331912077,1.0397195004033457,1.3794979681056865,1.2102106299720792
2022,15721,"White, Rachaad",RB,16,5.0125,3.2,-2.8,13.7,4.91946071739576,0.9814385471113735,1.75,8.35,-0.0665178978178942,-0.18887019897866814,2.5297277108631193,0.8467832188276143,128.3634093601868,254.60889220119108,1.1589293917000723,1.17421753591678,,
2022,10308,"Cobb, Randall",WR,12,5.391666666666667,4.2,-4.0,19.1,6.102521109253854,1.1318431732773764,1.05,8.025,0.2102749610714346,-0.10392978004098255,2.529110365270359,0.7591201185790042,110.6199594886541,212.08647302190218,0.722116975335305,0.4268963967799463,0.8318745507467674,1.149848856156495
2022,15375,"Newsome, Greg",CB,14,3.957142857142857,3.5,1.0,8.0,2.2541118890071243,0.5696311632869989,2.0,5.75,-1.0450472088431164,-0.6361763830322482,2.5210654258775786,1.2160438829748528,147.47101423049273,246.53032935027355,1.4005786547717203,1.9616609487521262,0.821804040135819,
2022,13267,"Smoot, Dawuane",DE,15,5.22,2.1,0.0,20.0,5.623190079186962,1.0772394787714488,1.5,8.25,0.49605304428226554,0.2395728819458225,2.512950506355333,0.7881398446352286,81.77541236591969,110.33381680752031,0.883911225398171,0.8336863251427655,1.0037140850181256,0.8086571699979719
2022,12736,"Neal, Keanu",S,16,4.6375,4.75,-3.0,10.5,3.956936156927478,0.8532476888253321,1.75,7.775,-0.16446798061475837,-0.15952644784777878,2.5023638383380082,0.9355577423604589,110.16721436795571,206.17532765468644,1.3212299797443081,1.2305590658492582,1.3708563950207606,1.7610561799031825
2022,15715,"Cook, James",RB,16,5.5562499999999995,4.1,-6.1,21.6,6.79622769906218,1.223168089819965,0.575,9.649999999999999,0.5039376235879159,-0.09492420834846671,2.4992487187282144,0.7126844179613134,108.03544479076209,214.2883634342793,0.9570560437781043,1.0917566038500919,,
2022,14955,"Scott, Josiah",CB,15,5.0,6.0,0.0,16.0,5.00666222813829,1.001332445627658,0.0,7.5,0.14160032595012437,-0.2335120949443879,2.4983355518587516,0.8324090501672348,100.94718504935875,168.75548667689034,0.9565456411758866,0.9830971251960812,0.1847300706818894,
2022,11412,"Williams, Nick",DT,8,4.4375,4.25,0.0,11.5,3.459023525505428,0.7794982592688288,2.625,5.75,-0.42395248472425195,-0.10975421900621841,2.493680438790262,0.9951730406035505,91.74144232180595,119.01895652210254,0.9470799367167783,1.0857175998769666,0.7927485482757227,1.1134768136255258
2022,13888,"Gardeck, Dennis",DE,13,5.6692307692307695,2.0,0.0,26.7,7.232765681831814,1.2757931324805099,2.0,6.0,1.3440546319082478,0.6915553214832405,2.491101097159727,0.688618015904632,71.44927717652111,96.40148830737554,0.5636467339466767,0.815131330228808,0.7917895080393677,0.6160880962842927
2022,15007,"Smith-Williams, James",DE,14,4.621428571428572,3.0,0.0,15.7,3.957484513358124,0.8563335886710005,2.0,6.375,-0.3815204987182854,-0.2632916146304441,2.4895463830599422,0.9322124071141247,96.72401988465171,130.5029223586978,0.9701419626166413,0.9420604269523668,0.9475454029778326,0.47855299819835134
2022,11281,"Hankins, Johnathan",DT,10,4.4,3.0,0.0,12.5,3.397057550292606,0.7720585341574103,2.625,5.75,-0.4632718921191179,-0.1345102199640513,2.482987957331861,1.0006691860804047,92.24811231052597,119.67627487063028,1.0006691860804047,0.857142857142857,1.2705736683320332,1.1944280585324618
2022,15565,"Hoecht, Michael",DE,16,5.53125,1.75,0.0,19.7,6.826027280746833,1.2340840281576195,0.0,11.075,1.1297653439109931,0.5966097872630343,2.4758468930828226,0.7067762226701766,73.33332714073183,98.94350451485447,1.1461289635776357,2.8878921336347485,0.43863886551712106,
2022,13138,"Hunt, Kareem",RB,16,5.06875,4.3,-2.1,17.0,5.352303096565067,1.0559414247230712,0.5750000000000001,8.9,0.06504735642390605,-0.1599153324629552,2.465415570233352,0.7979389400894403,120.95913160979401,239.92250326080705,0.578370805858683,0.3338170533925068,1.160605281197943,1.5944571262578462
2022,15975,"Sanborn, Jack",LB,14,5.3999999999999995,1.0,0.0,17.1,6.4802998166971975,1.2000555216105921,0.125,10.75,1.780412947682911,-0.07261007462337467,2.4544835105101477,0.7218961983243447,79.39160214162165,210.89944646194647,0.978614715800354,2.416120562467529,,
2022,15261,"Hubbard, Chuba",RB,14,5.6499999999999995,2.65,-2.0,20.5,7.365241728163829,1.30358260675466,0.025,9.3,0.6768931358221442,-0.06367183691786239,2.452701276452095,0.675413835439777,102.38561737929261,203.0819276942799,0.8619298405496696,1.5896195410843967,0.8695345911505616,
2022,12773,"Moore, Chris",WR,15,5.346666666666667,3.4,-2.0,22.3,6.313146776546718,1.1807631128204585,0.05,9.6,0.28718589959467644,-0.0888895487540983,2.451741152092229,0.7311034264775652,106.53733110163589,204.25904061942876,0.7586300012112812,0.8883674751125483,0.4195755477913424,
2022,15458,"Tuipulotu, Marlon",DT,9,4.633333333333334,2.5,1.5,14.5,4.1228361327825995,0.8898207480825754,1.5,5.0,-0.002742001878844053,0.2573485432385691,2.4517316459957086,0.9044469144119627,83.37772532637918,108.16845271216557,0.8095648142714187,1.073735654563218,,
2022,12678,"Higbee, Tyler",TE,16,5.3375,4.1,-1.5,23.3,6.309900454840789,1.1821827550053,0.15000000000000002,8.475,1.23529242880668,-0.002263239984739825,2.445945458856418,0.7301741019558456,153.67931624132925,334.5028931191777,0.6025190360385536,0.781407071440783,1.1225128035614436,0.9435341311499095
2022,15399,"Rice, Monty",LB,12,4.625,4.75,0.0,11.5,4.128786141228436,0.8927105170223645,0.75,7.625,0.5480743464255257,-0.1395668582145742,2.443585513159248,0.9017728313569787,99.17380090849352,263.44977492478836,1.0813253089304735,3.4697180266534926,0.6712965932783341,
2022,15913,"Benford, Christian",CB,9,5.5,4.0,-1.0,23.5,6.879922480183431,1.2508949963969875,1.0,7.0,0.9491785302481732,-0.0007355641588593815,2.4434724893004165,0.6979764095181771,84.64438698445547,141.5017636504126,,0.8100813759849365,,
2022,15867,"Malone, DeAngelo",DE,14,3.807142857142857,4.0,0.0,7.3,2.1442495476154306,0.5632175171972988,3.0,5.0,-1.3368196018869236,-0.9305335141244443,2.435453041729409,1.2108271940533977,125.6323909666224,169.50695580691354,1.620790626113464,2.173500877390465,,
2022,15453,"Ogundeji, Adetokunbo",DE,15,4.36,3.0,0.0,12.0,3.4536550686675893,0.7921227221714654,2.0,6.25,-0.6469620028565422,-0.4094595825480594,2.4328691032481915,0.9789711894559432,101.57559379473642,137.0488100715981,0.9964250986383126,1.3236165462073368,0.8420883647177857,
2022,13965,"Tupou, Josh",DT,11,4.2272727272727275,2.5,1.5,12.0,3.15049517293881,0.7452784280070304,2.0,6.25,-0.6197236631131869,-0.22362215939473712,2.422119393350858,1.0184984082946311,93.8917245213402,121.80858285824516,1.0165687891207944,1.1042302959591963,0.5934508783272368,
2022,14962,"Gipson, Trevis",DE,16,4.481249999999999,3.0,0.0,14.4,3.8139904873373767,0.8510996903402794,2.75,5.325,-0.45712003047093386,-0.27520592641277203,2.420858273265786,0.9308805266207711,96.58582730714471,130.31646882590985,1.4199004030666467,1.3787903112022655,0.9296181662332925,
2022,11678,"Robinson, Allen",WR,10,5.279999999999999,3.8,-3.6,15.6,6.245446341135276,1.182849685821075,0.9500000000000001,10.875,0.26246477185725675,-0.0882480405915912,2.418856430791723,0.7287335729785677,106.1919930034389,203.59694004024527,0.7287335729785677,1.4377834662401048,0.8519158998447217,1.776799407823265
2022,13694,"Settle, Tim",DT,14,4.485714285714286,3.25,-1.0,12.4,3.8500198780297867,0.8582846861849843,1.75,6.300000000000001,-0.17585270380398343,0.15241095927530976,2.4139004744872294,0.9248857527438645,85.26190871102321,110.61286098242135,1.0841128570750915,1.3508898185463858,0.6965297014653756,1.0209171357911329
2022,15889,"Okonkwo, Chigoziem",TE,16,4.90625,3.65,-1.0,14.1,5.093680981127499,1.0382024929686622,0.675,8.025,0.7091259002950208,-0.030538359403574397,2.407145520096974,0.8051373242535923,169.45678180071596,368.8445859688217,1.1677024209421085,1.4227314022893505,,
2022,10749,"Ingram, Melvin",DE,16,5.2375,3.35,-1.0,22.2,6.227446808283472,1.189011323777274,0.75,6.824999999999999,0.8144044561485556,0.49400744023078835,2.3926326662222883,0.7246680797425216,75.18974132920656,101.44823371234872,0.831260523997086,0.47017989742372646,0.8189209312170475,
2022,15816,"Winfrey, Perrion",DT,11,4.136363636363637,4.5,0.0,11.0,3.0308332869399366,0.7327289265129516,2.25,5.5,-0.6956529844716953,-0.26538115806135665,2.3871960426538874,1.0261807774996856,94.59993465421607,122.72736535043222,1.0225335550096106,1.240905488419782,,
2022,15855,"Paschal, Josh",DE,9,5.044444444444444,3.0,0.0,19.4,5.625756464909331,1.1152380657309247,2.5,5.0,0.4974051393087142,0.3260718897056321,2.384811679673194,0.7613386442982514,78.99458707916833,106.58184468184974,,0.7282902021442339,,
2022,8851,"Folk, Nick",PK,16,6.2124999999999995,4.8,-10.3,27.3,10.003803963992898,1.6102702557735047,-2.3,13.2,2.11477560385915,0.5839107769627355,2.380021756850247,0.564577487960418,73.96978998843372,98.52012744029682,0.6168673274112596,0.601343876072971,0.9917492347156392,0.8258506510545521
2022,11970,"Pennel, Mike",DT,16,4.58125,3.5,0.0,16.8,4.255029193495622,0.9287921841190989,1.0,7.5,0.08113875350502442,0.38702765011411294,2.3751910847213993,0.8717839295108792,80.36664160214222,104.2620824416582,0.7737655487082152,1.154229529247958,1.1414868230124264,0.6103768142237425
2022,12394,"Carter, DeAndre",WR,16,5.125,2.1,-1.5,16.3,5.945218667130756,1.1600426667572206,0.7000000000000001,9.95,0.15283524533696324,-0.09525996343713482,2.372638318155975,0.7379177309786945,107.53032031297349,206.16285237776694,0.6910336214993384,0.056518204847668695,0.651876280109896,0.00810920670023244
2022,14200,"Tavai, Jahlani",LB,16,3.89375,4.0,0.5,8.5,2.5187965256248868,0.6468819327447543,1.5,6.0,-0.29565978603121335,-0.19312195451444547,2.3643164227993756,1.106557304932125,121.69527627932615,323.2768417818365,1.2183021711933137,1.4799851631625613,0.5292847119961209,1.0255939774321567
2022,14652,"Givens, Kevin",DT,13,4.6923076923076925,2.5,-1.0,15.0,4.697374313782858,1.0010797717897895,1.5,9.2,0.36182098167894605,0.6275676650762857,2.344887874265421,0.8235912604436487,75.92393185300772,98.49842029410031,0.847973382877061,0.7386407633652009,0.8988137806152058,0.9658503375972435
2022,11239,"Goodwin, Marquise",WR,13,5.5307692307692315,3.9,-4.0,20.6,7.603277088545906,1.3747232566216518,-1.0,10.5,0.7582829619255128,-0.029257311869623194,2.329016324469513,0.6428677321264823,93.6795122984128,179.60734617535354,0.7141901412347693,0.5619896098485663,0.4593714310659986,
2022,15768,"Pierce, Alec",WR,15,5.046666666666667,3.7,-2.0,17.2,5.949774972402084,1.1789514476358158,-0.45,9.75,0.15449900132226296,-0.0894465376556775,2.3160987236050397,0.7261626004737192,105.81734758518128,202.87864990743952,0.5416113906940022,0.48983107044491003,,
2022,14946,"Fotu, Leki",DT,16,4.225,3.75,0.0,14.5,3.498660457946727,0.8280853154903496,1.5,5.375,-0.3988015742578298,0.05192127200247054,2.3111612812593063,0.9391684568095564,86.57858010160612,112.3210187246987,1.0789328864025207,1.3014757902915246,0.6593426775963653,0.5911966548134301
2022,14680,"Mone, Bryan",DT,13,4.5,3.0,0.0,13.5,4.283241044600905,0.9518313432446455,0.5,9.0,0.09904008182531832,0.46369142960030846,2.3055270710631084,0.8517498940538931,78.51977554633002,101.86608707428854,0.8532110091743119,0.7415448858199425,1.0497425040434019,0.7010007891240615
2022,14592,"Zaccheaus, Olamide",WR,16,4.7875,4.55,-3.0,13.7,5.154351923375042,1.076627033603142,0.22499999999999998,9.8,-0.1359534112919382,-0.1209057517863693,2.3054212058933086,0.7779048159102572,113.35728973051302,217.33462822983816,0.4260530493294761,0.1898947279498739,0.6507008810139316,0.4495514605663239
2022,14197,"Savage, Darnell",S,15,5.22,3.5,0.0,27.8,6.611827785617731,1.2666336754056957,2.0,5.5,0.9684191370370862,-0.04303757686373955,2.30297469619377,0.6857748423923881,80.75386547427536,151.12894311671013,0.668492715499592,0.5482810558245524,0.9754203973347274,1.3963982631370495
2022,15779,"Doubs, Romeo",WR,12,4.933333333333334,3.5,-4.0,16.1,5.64156203743451,1.1435598724529412,2.7249999999999996,7.949999999999999,0.041953619754884874,-0.10032752976910418,2.301467477877335,0.7427971470456929,108.24135509449138,207.52608609892457,0.6837557886886594,1.2716266438893655,,
2022,13871,"Hilliard, Dontrell",RB,12,5.283333333333333,1.75,-0.7,21.3,6.8577004568262945,1.2979874681690147,0.575,6.5249999999999995,0.522622667828967,-0.06584633669663122,2.2991132051485796,0.672376525723056,101.92519324493044,202.1686761736405,0.5560621731922715,0.7133671812600708,,
2022,15371,"Adams, Myles",DT,9,4.0,4.5,0.0,9.0,2.96273147243853,0.7406828681096325,1.5,6.5,-0.7388657795501844,-0.23891407993184824,2.2979487379823342,1.009404757254101,93.05341336499751,120.72101636110249,1.0789059657609201,1.6561968372068996,,
2022,13744,"Shepherd, Nathan",DT,16,4.50625,2.25,0.0,12.0,4.392531836822585,0.9747643465903103,0.75,9.5,0.16838861009608355,0.5400019712250139,2.281917843909139,0.835646434060776,77.03525518066168,99.94017376416325,1.2518800902768792,1.3997713387850508,0.8745286142442995,0.4621387956964283
2022,12218,"Armstead, Arik",DT,8,4.0625,3.0,1.0,11.0,3.1764514398932655,0.78189573905065,2.125,4.75,-0.6032535755961757,-0.10177650331292501,2.2798752536242097,0.9727157273265993,89.67118295319338,116.33314623237479,1.0754595859409612,0.8045900432682407,1.1236014909840193,0.9818298347897597
2022,14813,"Robinson, James",RB,11,5.381818181818182,3.3,-3.7,19.7,7.389404968272071,1.3730313285640674,-0.55,9.6,0.6842377096927703,-0.03668122213706442,2.2679086099865127,0.6415017754145502,97.2449065734121,192.88532501805113,0.5462626437728866,0.28501438811377205,0.9042142527711083,1.3940792695111999
2022,12676,"Henry, Hunter",TE,16,4.775,2.8,-1.4,14.1,5.315249288603499,1.113141212272984,0.0,9.2,0.8049818125646294,-0.015821750283325397,2.259669146703078,0.7561063359156648,159.13725835798374,346.38280951359326,0.7986723288974321,0.5420850723242076,0.9138489633254443,1.1771741199325303
2022,13913,"Niemann, Ben",LB,16,3.625,3.75,0.0,8.0,2.1972994789058684,0.6061515803878258,1.75,5.0,-0.4641441223101067,-0.20199528366456443,2.256947628270986,1.1337693024741282,124.68795595730231,331.22673157493085,1.499799512753103,1.1396076072469634,0.8999676345807751,0.8898916682090996
2022,12751,"Gotsis, Adam",DT,14,4.1,3.25,0.0,11.1,3.364308462161493,0.8205630395515837,1.625,5.875,-0.4840522434912231,0.026890579664206656,2.2520505530035675,0.9394386385717132,86.60348719166784,112.35333144830675,0.873063399640424,0.752594086977047,1.0261466588927877,0.9658167961807615
2022,13172,"Brown, Noah",WR,15,5.266666666666667,2.5,-2.9,22.2,7.153243242675933,1.3582107422802405,-0.75,8.899999999999999,0.5939510174956032,-0.03433401550299756,2.2333316409092996,0.6459597131972872,94.1300797546309,180.4711980795621,0.447212191480928,0.6938744358486902,0.43583029903953946,0.3287000976176761
2022,14933,"Blackmon, Julian",S,13,4.6230769230769235,3.0,1.0,20.6,4.94790613774443,1.0702625589131045,3.0,4.5,0.2583956546143243,-0.09837338987309081,2.2330872493313385,0.7772612438753264,91.52690656791688,171.29043390198507,0.8436736761478308,0.9362615350110065,1.0899088344611318,0.8734204506596658
2022,15813,"Enagbare, Kingsley",DE,16,4.31875,3.0,-1.0,13.0,4.050959569966109,0.9379935328430933,0.75,7.5,-0.3322733578715006,-0.07740301429537254,2.2284646087875575,0.8550355512010123,88.71634299791734,119.69872670730446,1.0732341877730316,1.2141736328702677,,
2022,15448,"Pinnock, Jason",S,13,4.846153846153846,5.0,-3.0,19.5,5.722373819506858,1.1808072960887168,0.0,7.5,0.5888741005986474,-0.06722276540868109,2.2221834340179596,0.7208991907131626,84.88995610319414,158.86953858805077,0.8459859842529684,1.0723346818399564,0.287837117250913,
2022,12219,"Edwards, Mario",DT,12,4.591666666666667,3.75,-1.0,17.3,4.915020910998809,1.0704219769870364,1.0,6.775,0.4999247587057541,0.8583067948926023,2.2177443621172572,0.7762722627283695,71.56176274019779,92.83924595761638,0.8025006251939067,0.8537735849056604,0.20250779415875536,0.6567392527023425
2022,15368,"McPherson, Evan",PK,16,5.3687499999999995,5.199999999999999,-7.7,20.9,7.67689054484301,1.4299214053258227,0.9,9.625,0.6140575334786937,0.24359240955016326,2.2094336007053346,0.6187412382643045,81.06621398762324,107.97183193857718,0.3918572486508456,0.48927298400677144,0.7315767276169843,
2022,13914,"Herndon, Tre",CB,14,4.621428571428572,2.0,0.0,13.1,5.126705788798296,1.1093335555359527,0.0,10.0,0.1933521116667711,-0.13277533132364575,2.190942517981387,0.7543088783336253,91.47588905985675,152.92212625789725,0.8838864729441823,0.8589159503828652,0.49647168437383843,1.2064518098998778
2022,15183,"Hinton, Kendall",WR,12,4.191666666666667,3.8,-2.5,11.4,3.836113122535477,0.9151760928514059,1.9250000000000003,5.7749999999999995,-0.6173144185871724,-0.17054316984271564,2.1886586211641315,0.8667428905114322,126.3028881581079,242.1546184409907,0.7890925941014337,0.7331610516434711,0.4982252705347466,
2022,13234,"Mack, Marlon",RB,8,4.95,1.4,0.0,16.4,6.247599539022968,1.262141321014741,0.22499999999999998,8.025,0.3371785287453648,-0.07977761612135553,2.1881922026779264,0.6829847556212106,103.5332890677186,205.3583351117619,0.557410096608034,0.799715275977532,,
2022,15884,"Stout, Jordan",PN,16,4.4875,2.7,-0.8,16.5,4.718298819489923,1.0514314918083394,1.25,7.625,0.7445495219221044,0.48617836772560236,2.187496885915631,0.7847613672627708,76.47068454225742,107.25588391461231,0.8419856706524605,0.677387297031899,,
2022,15010,"Toohill, Casey",DE,15,3.7800000000000002,3.0,0.0,10.2,2.7684411979788672,0.7323918513171606,2.0,5.0,-1.0079655178530293,-0.5454294034005233,2.18195438700893,1.0030672634688667,104.07574196288103,140.42208428685214,1.1016727438112581,1.0570209678956772,0.8582156420641831,
2022,15864,"Wright, Alex",DE,16,3.5625,3.5,0.0,8.0,2.262983373778959,0.6352234031660235,2.0,4.5,-1.274264930378402,-0.7666211640203974,2.1786014027823337,1.0917922624515741,113.28162519333075,152.84293554902408,0.9045991578112864,0.9854104960635018,,
2022,14982,"Gilman, Alohi",S,16,4.60625,2.5,0.0,18.2,5.144835851365911,1.1169250152219072,0.875,6.125,0.3424288909369327,-0.08522428218872141,2.1759155222213424,0.7496131892564869,88.27119179785294,165.19744096103452,1.006524671545432,0.9558695740417857,0.7352908901395176,0.003944036536049808
2022,15356,"Browning, Baron",DE,13,5.1000000000000005,2.0,0.0,22.2,6.885659568429715,1.3501293271430812,1.0,6.7,1.161182491726703,0.8607723264684483,2.1700933395864563,0.6467436180504014,67.1044947430316,90.53937871702456,0.7400252247013669,0.754452715334277,0.7912239920399873,
2022,12323,"Pinion, Bradley",PN,16,4.025,4.65,-2.7,10.5,3.4490034792675988,0.8568952743521984,2.75,6.025,-0.5394233001524571,-0.08555829030953598,2.167596662878133,0.9046969773695482,88.15775094035081,123.64787313766665,0.770149309036944,0.6993578108956647,0.48896899852605447,0.7123553505517682
2022,14489,"Gillan, Jamie",PN,16,4.612500000000001,4.4,-2.1,17.4,5.228512575293283,1.133552861852202,0.825,6.475,1.2606631285357996,0.727530843249757,2.1618869082042567,0.7405459881860817,72.16213872649779,101.21282450404121,0.5586191538866994,0.5767186189208782,0.7446041193771505,0.21907061492808963
2022,14220,"Ximines, Oshane",DE,14,4.314285714285715,3.5,-1.0,14.0,4.338837425403449,1.0056907939676867,1.25,5.9,-0.18060550328170144,0.07670129283528483,2.1510223446512073,0.8080946038471456,83.84586810334329,113.12733722437581,0.6971204704551804,0.6249702312560376,0.922531283709139,
2022,12753,"Nassib, Carl",DE,13,4.030769230769231,4.0,0.0,11.0,3.5427899947281043,0.8789364490737663,1.0,6.0,-0.6000014508401984,-0.2118390435267395,2.14523978858158,0.8872893608216377,92.06291734008786,124.21402427314922,0.9982642289539958,1.100701333777937,0.828734122860965,1.4508835758927203
2022,15406,"Hall, Darren",S,16,4.40625,2.0,0.0,16.5,4.687812489584028,1.0639007068559496,0.75,7.25,0.14740930014329262,-0.10016610899653258,2.134913751113675,0.7746827111598833,91.22326976010183,170.72218482081828,0.974344789165397,0.9360962309798504,0.7046677958591235,
2022,12987,"Hyder, Kerry",DE,15,3.64,4.0,0.0,8.6,2.604048130635581,0.7153978380866981,2.0,5.0,-1.0945756664367559,-0.5841141388055462,2.121956737487756,1.0099754132190457,104.79251424428735,141.3891747520829,1.4500100093264086,1.47803147618887,1.0694662622908466,1.302462859889005
2022,14967,"Vildor, Kindle",CB,11,5.027272727272727,5.0,-6.4,18.7,6.8863621362134575,1.369800786588572,1.0,8.0,0.9519547199673262,0.11017241160026059,2.121390437425628,0.6374640982041578,77.30599069148691,129.23401554785505,0.6117381823664535,0.3315494757981772,0.9713632804829928,0.3217366379157112
2022,13695,"Bryan, Taven",DT,15,3.893333333333333,3.0,-1.5,8.6,3.260974632767872,0.8375791008821589,1.5,6.95,-0.5496208869547515,0.08351224569212638,2.1187296543938037,0.9137189654668927,84.2324825418126,109.27735518073341,1.0367476889480252,1.1882996997820185,0.7361913953855499,0.8662857790982499
2022,14977,"Osborn, K.J.",WR,16,5.2125,2.25,-2.0,28.0,7.687804872003451,1.4748786325186476,0.25,6.425,0.7891486737856427,0.0015350405368847353,2.1061638867904064,0.5999789448307409,87.4297030823781,167.6248793599997,0.6004293527156737,1.054456110162655,0.8410525028023484,0.333432415031416
2022,14257,"Speed, E.J.",LB,16,3.86875,2.75,-0.5,12.9,3.2445567397566037,0.8386576387092999,1.875,4.875,0.08468345265016504,-0.15134257222215414,2.104116567734591,0.9114614875478956,100.23932520323517,266.2802819040015,1.250068119289168,1.9067674174072486,0.7011443883541539,0.19170470153890534
2022,13929,"Obada, Efe",DE,16,4.25,2.5,0.0,17.3,4.438749823993238,1.0444117232925265,1.5,5.725,-0.12796686208433292,0.1648446222098295,2.078837619437719,0.781429581712138,81.07917232507589,109.3944290514943,0.7973487822822458,1.020291571394056,0.6830514194056475,0.9606245231623811
2022,13427,"Tonyan, Robert",TE,16,4.04375,3.0999999999999996,0.5,13.0,3.8229518617816782,0.9453976783385912,1.275,4.125,0.1593771552239587,-0.048763546517349286,2.0786238438679767,0.838438805919612,176.46572517264417,384.1004570447756,0.6797937371600564,0.7026541596391007,0.5133027529362509,1.0329999440528344
2022,16024,"Horne, Timmy",DT,16,3.56875,3.5,0.0,9.0,2.6331347169296144,0.7378310940608377,1.4,5.125,-0.9480055382866774,-0.24840347907310578,2.0535655117441847,0.9822784669586857,90.55273770859897,117.47681396257497,1.5906641035685785,2.7415927454163858,,
2022,15089,"Roach, Malcolm",DT,12,4.3,2.5,0.0,18.6,4.72211110980389,1.0981653743729978,1.875,5.625,0.37751727560563964,0.9506241267798083,2.049409475783092,0.7514709025192925,69.2754140708815,89.87309646202422,0.753815511093208,1.3292850533822445,0.6097245439563088,0.7945216966730759
2022,12842,"Dixon, Riley",PN,16,4.5375000000000005,5.4,-8.0,18.1,5.533632961265139,1.2195334349895623,0.6000000000000001,6.525,1.569311770529667,0.9802254118206872,2.044348568248236,0.6944834561262808,67.67359799895303,94.91730869819645,1.017324999533769,0.7631783097747703,0.7576089493342425,0.671700332157482
2022,16007,"Hinish, Kurt",DT,14,3.6999999999999997,2.5,0.0,9.5,3.009271387846946,0.8133165913099855,1.625,5.75,-0.7093347040239579,0.002777715690971733,2.0404600154940553,0.9228609495519757,85.07524934861824,110.3707021284043,1.0270306732491543,0.8553612295977893,,
2022,15446,"Slaton, Tedarrell",DT,16,4.0375,2.75,0.0,16.0,3.985422656381629,0.9871015867199081,1.4,5.125,-0.08993527918300862,0.5810546611955856,2.031853845310781,0.8098611247798151,74.65819976654542,96.85634765653639,0.9912360606337673,1.2627107326905402,0.901326841513809,
2022,16029,"Avery, Tre",CB,13,4.03076923076923,3.0,0.0,11.0,3.9829221231469307,0.9881295343685136,0.0,6.0,-0.2997426186589918,-0.24582695496524698,2.027417812114298,0.8089167623241168,98.09824878700601,163.99286129779037,0.8459456449338483,2.399177622138607,,
2022,13688,"Davenport, Marcus",DE,14,3.5357142857142856,3.75,0.0,8.0,2.635365830624752,0.7453559924999298,1.25,4.75,-1.0780760007683823,-0.5159181652599171,2.0257840239514504,0.9725883034738926,100.91332156371071,136.15525269413448,0.9437361424412233,0.8243328020384296,1.3781047325929352,1.0915473675440566
2022,14315,"Dulin, Ashton",WR,11,3.909090909090909,2.6,0.0,12.9,3.6422906242824085,0.9317487643513138,1.0,5.85,-0.6880896020639107,-0.16544797114197607,2.0236021273727034,0.8420607896980093,122.70618070002261,235.2588195019654,0.7813799949655094,0.8639739605257052,0.7827856407902286,0.15765565254666175
2022,14245,"Oruwariye, Amani",CB,13,3.876923076923077,2.6,0.0,10.0,3.5712858804969234,0.9211650088583334,1.0,8.0,-0.4772024549526186,-0.30828732766902867,2.018006292560454,0.848103395472093,102.8504560186013,171.93722392429828,0.6760274565184342,0.6709504512772605,1.2265114712386445,1.1513597774882371
2022,14898,"Davis, Raekwon",DT,15,3.76,3.0,-3.0,8.0,3.2464955464829046,0.8634296666177939,1.75,6.5,-0.5588083336202604,0.1695310999545909,2.0177847693197695,0.8854359927715366,81.62517647306441,105.89481791314137,0.9356005960240924,1.0447324966733764,1.004133411774861,1.043834444082516
2022,11383,"Martin, Sam",PN,16,3.36875,3.25,0.0,7.6,2.2582401195399924,0.6703495716630775,2.275,4.35,-1.7439560380924266,-0.6338110425269491,2.016793404895429,1.0339170461370446,100.74953683536067,141.30879946933206,1.1708721838451774,1.2324928769950552,0.7888888625614333,0.4881008872163071
2022,14600,"Slye, Joey",PK,16,4.90625,3.8,-1.2,28.7,7.0947576376857295,1.4460652509932697,0.22499999999999998,6.25,0.2386171041337953,0.2740558540781885,2.0057723308925333,0.6061021490203238,79.41026631532097,105.76628051366177,0.7279391972620559,0.9539672367694708,0.9606393916726322,0.6920730977055325
2022,14239,"Moreau, Foster",TE,14,4.135714285714285,3.75,-2.2,11.1,4.396038337096765,1.0629453664828101,0.425,7.25,0.407308493087577,-0.02567930654812378,2.0047619064025013,0.7664353044495654,161.31119032505322,351.1146533961302,0.6724207958857409,0.5820894392271813,0.561902827250174,0.4306091380049502
2022,13286,"Johnson, Jaleel",DT,8,3.6875,3.25,0.0,8.0,3.1017887984193897,0.8411630639781396,0.75,6.75,-0.6506294267339254,0.09543803495290976,2.002810110709337,0.8989980179918003,82.87541105915923,107.51678517329071,1.003783297434901,0.6413092396073945,0.9478067760404163,1.1349951176625905
2022,14978,"Danna, Michael",DE,12,4.058333333333334,3.0,0.0,15.4,4.236834182368822,1.0439837821032005,1.0,4.75,-0.23434570156392423,0.16387046787362414,1.985501728960601,0.7749592964002524,80.40783175892358,108.48863640675827,0.8365070074167731,0.7776307031561899,0.7229433392108543,0.8673477953444445
2022,15885,"Williams, Joshua",CB,16,4.43125,4.0,-2.4,20.1,5.462567934360176,1.2327374746087842,0.0,6.25,0.3381450992446746,-0.017671778813225902,1.9846713061402055,0.6856794458499901,83.15312032089825,139.0087824796096,0.8811385316920888,0.755356113038817,,
2022,15873,"Bellinger, Daniel",TE,12,3.849999999999999,3.45,-2.7,10.6,3.634212431875715,0.9439512810066794,1.1749999999999998,6.3,0.0777238247410255,-0.049047592793612385,1.980502308682483,0.830777625453328,174.85328100007456,380.59076391293803,0.840706419491582,0.46246307728947844,,
2022,15093,"Copeland, Marquise",DT,14,3.9285714285714284,3.25,0.0,11.5,3.8907268089703773,0.9903668241015506,0.0,5.75,-0.15002284482168557,0.5919198771191457,1.9737926602272327,0.8032694489019092,74.05053674947837,96.06800798824666,1.0886176249568242,2.042726668563581,0.43445799697002274,
2022,15505,"Huntley, Caleb",RB,12,3.983333333333333,2.95,-0.1,12.7,4.070182906073005,1.0218032400183277,1.0999999999999999,5.0,-0.32466140812535477,-0.17318282779872465,1.970188421152804,0.7856389813002886,119.09458752098783,236.2241790477197,0.8242010646251099,0.6098138421182924,,
2022,12630,"Drake, Kenyan",RB,11,5.536363636363636,3.4,-7.1,26.4,10.075737981297877,1.8199198324183359,-1.25,9.05,1.5007660877946685,0.1369979348472741,1.9633053297177263,0.4998640854191527,75.77412588543096,150.29801985913144,0.49055978335485906,0.3960015964537631,0.9210679338906234,1.070148923193981
2022,14083,"Homer, Travis",RB,10,4.2700000000000005,1.4,-2.0,13.6,5.0189739987371915,1.1754037467768597,0.925,7.025,-0.03627018920570186,-0.11348738632706724,1.9628540248340356,0.7094232340754199,107.54108369238867,213.30779792708685,0.7094232340754197,0.47990803685378697,0.7135249245385584,0.6180251177172867
2022,13339,"Ford, Rudy",S,16,5.26875,1.25,-2.0,34.2,8.880577032912894,1.6855187725576075,0.0,6.675,1.9365327759018838,0.07500089958030842,1.9619114391750092,0.533243147889989,62.79239594086524,117.51447907260841,0.6707934590333591,0.8800412168975629,0.645637397959553,
2022,15386,"Odeyingbo, Dayo",DE,16,3.85625,2.0,-1.0,10.9,3.732788627487498,0.9679840849238245,1.0,6.375,-0.4999010629106217,-0.009133291531241509,1.9594924722926639,0.814794469713551,84.54102937167788,114.06526946847018,0.8135063023526001,1.2812321134584288,0.5864929285120595,
2022,13832,"Sanders, Jason",PK,16,4.4,3.25,-5.1,12.4,5.49647614385799,1.2491991236040885,0.625,10.25,-0.7921775526859888,-0.09743062285589682,1.9562518737556214,0.6772902574513299,88.73718696413817,118.18877638786513,0.8057724290297389,0.7315353807039773,0.5281176529635006,1.1539139808489531
2022,13731,"Hughes, Mike",CB,15,3.6933333333333334,3.0,0.0,11.0,3.295950377188481,0.8924053367838847,1.0,5.0,-0.5959018994631047,-0.33511257316913345,1.9516608104741977,0.859724393685959,104.25974758855445,174.29316564412727,0.639956614980275,0.5419494698875188,0.6896087373617535,
2022,15621,"Fehoko, Breiden",DT,8,3.375,3.5,0.0,8.0,2.54644359843292,0.7545018069430874,1.5,5.0,-1.0030138455711373,-0.19293097465929052,1.9236229832560545,0.9516575990356433,87.72990944277124,113.81467320985588,0.8768404508340996,0.6600010467910361,,
2022,13330,"Muhammad, Al-Quadin",DE,15,3.433333333333333,2.0,0.0,10.0,2.713341523329163,0.7902936475716009,1.5,5.5,-1.0369946678375634,-0.41362324100661413,1.917748710101492,0.9245940110176586,95.93355422478679,129.43640259701303,0.7777777777777779,0.9411764705882354,1.088510989043804,0.6343837027099962
2022,13641,"McCloud, Ray-Ray",WR,16,4.3875,2.1500000000000004,-1.3,17.2,5.6694218179634515,1.2921759129261428,0.0,6.875,0.052126747726762464,-0.05463614824788585,1.9141201053801369,0.6578531272654982,95.8632033410141,183.79403484831704,0.8164311812856961,0.7605612898826015,0.3522675773114439,0.2927223889461393
2022,14838,"Shenault, Laviska",WR,12,4.633333333333334,2.1,-1.0,22.0,6.62939581627835,1.4308048524341763,-0.525,6.725,0.40266570205870356,-0.012015259245762067,1.906090210694443,0.6073001643783494,88.49656060590152,169.67031537739558,0.6440055470176853,0.9014494622652223,0.5475844422101391,1.115291750323892
2022,14595,"Strong, Kevin",DT,15,3.54,2.5,0.0,10.5,3.044514192226186,0.860032257691013,1.5,4.5,-0.6869720093618368,0.1582260776068631,1.903192799674586,0.8752596311329813,80.68705410015211,104.67776329651124,0.793635369771609,1.0324030766249046,,
2022,13745,"Nnadi, Derrick",DT,16,3.15625,3.0,0.0,6.5,2.0970123837259522,0.6643999631606977,2.25,4.625,-1.2881924289201525,-0.49274868264905186,1.8963290494228786,1.0191273423978953,93.94970370627051,121.88380101392013,0.9211714731721263,1.250161285019314,1.251372170382349,1.2478044201372547
2022,16019,"Hansen, Jake",LB,10,3.37,2.25,0.5,8.5,2.651810702142972,0.7868874487071134,1.125,5.5,-0.2259521309375113,-0.16262099014567247,1.885960977809953,0.9228298712259103,101.4895800127954,269.6015153866346,0.9228298712259104,1.2106577588621468,,
2022,14108,"Dortch, Greg",WR,15,4.78,0.4,-5.0,19.6,7.339863758953569,1.5355363512455165,0.0,10.55,0.6620963638775688,0.020184003056215743,1.885202709735141,0.5731508497208068,83.52027857684142,160.12952265622414,0.4028890567486121,0.5724866137092711,,
2022,15289,"Toney, Kadarius",WR,8,4.8125,3.0,-3.8,20.0,7.493570160477581,1.5571054878914454,-0.125,6.75,0.7182229687220038,0.026815344117614437,1.882010743314435,0.5666050799690339,82.56642059436744,158.300735372249,0.5237887668001481,0.7168081080294966,0.5475650943784157,
2022,15863,"Jones, Travis",DT,14,3.835714285714286,2.5,0.0,14.7,3.983108467167884,1.0384267884609009,1.5,5.125,-0.09140370678656885,0.7518414475932259,1.8817032367448494,0.7697432859402091,70.9598797279046,92.0584048648828,0.9100245957085062,0.987236558731361,,
2022,7578,"Lee, Andy",PN,16,3.9750000000000005,5.15,-7.4,11.6,4.432761554606789,1.1151601395237203,2.325,6.05,0.45571045020910733,0.673475132011179,1.8792903316034828,0.7316720897918557,71.29742607234175,100.0,0.727719290805053,0.5385588795576924,0.9920767852135101,0.814138473247123
2022,15365,"Moehrig, Trevon",S,14,3.5857142857142854,3.0,-3.2,9.5,3.2634025063371124,0.9101122527633382,1.625,6.25,-0.4604105079560686,-0.1435024676762828,1.8772269957050285,0.8410452169093787,99.03783006554421,185.34694900946909,0.700322578783015,0.5194772117495792,0.7680416864690968,
2022,13262,"Kpassagnon, Tanoh",DE,14,3.5500000000000003,3.0,0.0,10.0,3.2110857086928446,0.9045311855472801,1.25,3.875,-0.7747591700290547,-0.15357584255050816,1.8639757788895872,0.8430130008210992,87.46891334225457,118.01565754108252,1.042919215628725,1.0860103313479403,1.7011847204857236,1.012337897651908
2022,13826,"Adams, Matthew",LB,9,3.2777777777777777,2.5,1.0,8.0,2.4956752716906894,0.7613924557700409,1.0,4.0,-0.3077767530851709,-0.16817521324760248,1.8609014515988758,0.9376665516738558,103.12126588946273,273.935999625598,0.8277939539782179,1.2343134832984428,0.37225339411742653,-0.08859862378532152
2022,15255,"Gainwell, Kenneth",RB,16,3.7124999999999995,2.7,-0.5,10.2,3.7014988518166527,0.9970367277620615,0.7000000000000001,6.95,-0.43672532253739854,-0.18280810778022377,1.8590043680169752,0.7896417965869532,119.70137212159283,237.42773663266416,0.783041891731706,0.8152341296029967,0.6716181221992088,
2022,15408,"Sample, Cameron",DE,16,3.625,2.5,-0.2,12.5,3.4526258123347224,0.9524484999544062,1.5,5.25,-0.6475042644333895,-0.04449809828724073,1.8566430817942963,0.8141263498850447,84.47170693498363,113.97173757655321,0.7907565889182235,1.0586623289002008,0.5366663015338019,
2022,14227,"Wishnowsky, Mitch",PN,16,3.925,4.25,-4.2,14.8,4.39779774432613,1.1204580240321351,0.9,5.0,0.4203423363163439,0.6890454706509757,1.851015184227253,0.7271484012393286,70.85661747153827,99.38173279866203,0.6719245400224559,1.3232162990976386,0.6987950050603408,0.9202671111956628
2022,15029,"Crowder, Tae",LB,13,4.1230769230769235,2.5,0.0,20.1,5.093457922616763,1.2353536006346626,1.0,4.5,1.0536220224396062,-0.06492019581253725,1.8444853297063593,0.676639926858856,74.41447675026863,197.6779852281046,0.642989862225687,0.512571981210175,1.3862043721357564,0.8222442847812969
2022,14801,"Benjamin, Eno",RB,14,4.4714285714285715,2.8499999999999996,-1.5,23.1,6.373430178867419,1.425367771631691,0.0,7.375,0.3754255695141433,-0.01634113902204231,1.8436084719722206,0.6064244812738427,91.92755855928246,182.33836234329954,0.5093908496561197,0.09240119676447806,0.5507343583013401,
2022,15329,"Pitts, Kyle",TE,10,4.32,2.15,-1.7,15.5,5.880272102547637,1.3611740978119529,-0.2,6.0249999999999995,1.0494246117209274,0.03288742248250745,1.829598251142619,0.6278821441379309,132.14998769853926,287.64152712267935,0.6278821441379309,0.561921654189596,1.0288202004333875,
2022,11945,"Santos, Cairo",PK,15,4.613333333333332,1.6,-3.7,19.7,7.05037745246467,1.5282610084822266,-0.25000000000000006,6.1,0.20999457551714928,0.42915928793676045,1.8247061192874316,0.5730580162947433,75.08089149931256,100.0,0.49955388478740603,0.32019188981502383,0.5600005338788566,0.8846854082484235
2022,14026,"Kalu, Joshua",S,15,4.1866666666666665,2.0,-1.0,17.0,5.420438686633727,1.2946907691004124,0.5,5.15,0.4600332776053498,-0.035131311838581106,1.824501463571044,0.6520842065484719,76.78660259657751,143.70430477585415,0.7899358698030813,0.7537802764396844,,0.4831824914160147
2022,15907,"Robinson, Dominique",DE,16,4.075,2.0,-0.6,16.8,5.098467907126611,1.251157768620027,0.0,6.0,0.2196042498059044,0.6354760116919,1.810179658131202,0.6682006139997875,69.33081879432609,93.54320129550996,0.7149636112225417,0.6686606301621362,,
2022,15866,"Flott, Cordale",CB,10,3.7,2.0,0.0,13.0,3.8742741255621036,1.0471011150167846,1.25,4.75,-0.34658168156781133,-0.1908219074694327,1.8074339234433288,0.7590873850520901,92.05538396307958,153.89087981325721,0.7590873850520902,0.7541210033176572,,
2022,11680,"Landry, Jarvis",WR,9,4.300000000000001,2.0,-1.0,19.3,6.021074101298981,1.4002497909997629,0.9,3.4,0.18053420866347078,-0.021409285388288686,1.7914802101530212,0.6124419053210748,89.24582170551528,171.10683862983714,0.6079912514410926,0.5540886836623392,0.6445439654273742,1.2615660386637653
2022,12956,"Lutz, Wil",PK,16,4.3375,6.449999999999999,-11.4,11.2,6.172405831602456,1.4230330447498456,1.65,8.274999999999999,-0.3562438869308909,0.2305940698349584,1.7901117813470862,0.6047482674346828,79.2328835136778,105.53002492572064,0.6901710323543934,0.430213189107216,,0.5604001777258508
2022,15818,"Leal, DeMarvin",DE,10,3.8,2.0,0.0,13.5,4.319722213291035,1.136769003497641,0.0,6.875,-0.19067631337132926,0.37508436364171194,1.7783859620669544,0.7143230130524311,74.11636317139164,100.0,0.7143230130524311,0.3611111111111111,,
2022,15883,"Farrell, Neil",DT,8,3.0,3.0,0.0,7.5,2.0766559657295187,0.6922186552431729,2.125,3.25,-1.3011092318842465,-0.40018080446462356,1.7728205457993238,0.975084648207866,89.88956529428036,116.61646026909827,,1.0268992094072098,,
2022,12292,"Blackson, Angelo",DT,15,3.2666666666666666,2.5,0.0,9.5,2.756003547812585,0.8436745554528321,1.5,5.0,-0.8700413070932538,0.10379512939147344,1.771823913827529,0.869718738303403,80.17625901307079,104.01509333272558,0.8790717619360182,0.5595097994240837,1.2541591909292544,0.7896203309184877
2022,8153,"Gould, Robbie",PK,16,4.4125,2.95,-5.1,21.5,6.581686239103168,1.491600280816582,1.275,7.199999999999999,-0.0922828395046432,0.3599804772243053,1.7709501937260475,0.5819945406395439,76.25173667664946,101.55944495857192,0.7482894068842443,0.5628043579631159,1.0894476928595846,0.706791445632281
2022,13275,"Adams, Montravius",DT,16,3.0625,3.25,-1.0,6.5,2.2491317769308226,0.7344103761406767,1.5,5.125,-1.1916677736792798,-0.2597860630852502,1.7657297500805558,0.9425594928910155,86.8911875863202,112.72657389900213,1.027770581619452,0.9951386905050225,0.8813091417190092,0.6186003833785182
2022,12985,"Littleton, Cory",LB,14,3.085714285714286,3.0,-1.0,9.2,2.3274317982510686,0.7542603049887722,1.625,4.25,-0.3959467386107433,-0.1697289911495437,1.7589831320580647,0.92735613314033,101.98736236146617,270.92384695522946,0.8699518752759534,1.5314352831930171,1.2517473274259865,1.5694178083018504
2022,15880,"Evans, Akayleb",CB,10,4.220000000000001,1.0,-0.8,15.0,5.912326107379395,1.4010251439287664,0.0,8.0,0.5320396194207637,0.13929656326184622,1.757582593697819,0.6105036039163217,74.03646111903743,123.76827567671931,0.6105036039163217,0.9820982391557433,,
2022,13231,"Peppers, Jabrill",S,16,3.41875,2.25,0.0,13.3,3.245616033590542,0.9493575235365387,1.375,4.625,-0.46800029641496543,-0.1324434636649209,1.7537829560365503,0.8052423895499432,94.82184469329539,177.45683242171953,1.206489151135264,1.2119605257145496,,1.2692868779591906
2022,14206,"Hill, Trysten",DT,13,3.3153846153846156,2.5,0.0,8.5,2.9666988008808595,0.8948279445812336,0.0,5.5,-0.7363483818531831,0.2740102020311218,1.7497021958462473,0.8358044766717325,77.04982456355881,99.95907506662486,0.8484606078340663,1.149386285816143,,
2022,11807,"Urban, Brent",DT,15,3.52,2.5,0.0,13.0,3.5989257656510043,1.0224220925144898,0.75,4.25,-0.3351800066530916,0.6985851427909057,1.7404873161880674,0.7653961336559482,70.55913131101748,91.53850178511124,0.9505428326262486,0.9332698424956499,,1.0845377405497434
2022,13751,"Senat, Deadrin",DT,11,3.8363636363636364,1.5,0.0,14.2,4.6244946116546775,1.2054369840806032,0.0,5.5,0.3155764629902209,1.3075749593574708,1.7395027217079744,0.6820814848705156,62.878651902657765,81.5743828260267,0.6375504951764573,0.5294117647058824,,
2022,15337,"Gray, Noah",TE,16,3.0875,2.1500000000000004,-0.1,8.5,2.4038705767990085,0.7785815633357113,1.4,3.975,-0.45455239411592946,-0.08152321444663971,1.735933883295982,0.9070556386733943,190.90746983600746,415.5347807373501,1.1256200493331843,1.1355188433337964,0.24481414340855023,
2022,15840,"Woods, Jelani",TE,14,3.685714285714286,2.45,-2.1,11.1,4.30827395714292,1.1689115387597069,0.0,7.175,0.3693394586119963,-0.004869466830485069,1.6993382255792524,0.6943338485299378,146.13603906174154,318.0839754542293,0.6619966570056273,1.4069056117329513,,
2022,14929,"Okwara, Julian",DE,10,3.54,2.0,0.0,12.4,3.8398437468209563,1.0847016233957503,0.25,5.75,-0.4434992940163323,0.2565595163817463,1.6980847332165112,0.7314285719090091,75.89119303029008,102.39465319526566,0.7314285719090092,0.7950557893978226,1.1283885314498099,
2022,14254,"Omenihu, Charles",DE,16,3.5999999999999996,3.0,-1.0,13.9,4.057092555020159,1.1269701541722663,0.0,4.475,-0.32904220734078005,0.3527785146179913,1.6925484323032165,0.711871487585548,73.86199904128894,99.65680435572035,0.5102550890195765,0.6095684691972606,0.9063138675367483,0.9067158447265633
2022,15460,"Bohanna, Quinton",DT,13,2.8846153846153846,2.5,-1.0,8.0,2.048957015671877,0.7103050987662506,1.5,3.0,-1.3186851079676283,-0.3399973962774178,1.686608656371449,0.9460990659390199,87.21748816258015,113.1498935364109,0.8702486932478714,1.0909090909090908,0.5174702306562606,
2022,14932,"Lewis, Terrell",DE,11,3.7545454545454544,1.0,0.0,15.0,4.62038243918158,1.2306103348909778,0.5,6.5,-0.03227409326298625,0.5887023610961908,1.6831919927103538,0.6680231274603757,69.31240323641643,93.51835447745025,0.642422181506656,0.5509192211962484,0.9469678695918103,
2022,12525,"Thomas, Joe",LB,14,3.4785714285714286,1.75,0.0,12.5,3.718520937037154,1.068979324815609,0.625,5.75,0.33307000553991534,-0.10116573816675194,1.681298303394813,0.7372164869010177,81.07647353753329,215.37521512225732,0.791002256090513,0.9998319114176714,,0.7201517500738256
2022,15924,"Kendrick, Derion",CB,14,3.6,1.5,0.0,13.0,4.112003335184863,1.1422231486624619,0.1,6.75,-0.24409462564125672,-0.10209795058949571,1.6804971985517612,0.7042248926603674,85.4021475877379,142.7685276451587,0.4891068954323571,0.44722868346774286,,
2022,11936,"Boswell, Chris",PK,11,4.681818181818182,5.8,-10.1,19.6,8.441113474786066,1.8029562761678977,-2.55,10.85,1.1069349870728387,0.9475093899900372,1.6703143825771687,0.49589682343313546,64.97138952138334,86.53518654873486,0.42529996967032796,0.3634224132924001,0.9557581591598598,0.9259503429114365
2022,15496,"Harvin, Pressley",PN,16,3.0375000000000005,3.0,-2.8,8.2,2.490952378107618,0.8200666265374873,1.6,4.75,-1.5085528140389264,-0.1937966856935895,1.6688949490703922,0.8701063981991568,84.78708900639342,118.92026637871108,0.8202851845761933,0.42998139225245513,0.6020838174638474,
2022,14306,"Dogbe, Michael",DT,12,3.3333333333333335,2.0,-1.0,9.5,3.356171760933711,1.0068515282801132,1.125,5.375,-0.4892152425294318,0.6467734296795412,1.6609765527547646,0.7651978655265099,70.54085368148073,91.51478966177737,0.8304124903758847,0.6935324252895319,0.846776376685508,
2022,13726,"Edmonds, Chase",RB,12,3.6583333333333337,3.1,-2.3,10.9,4.428404214713116,1.2104977352290978,-0.024999999999999967,7.025,-0.215777713241976,-0.09984842654843205,1.654981715217266,0.6739242673597902,102.15981456108616,202.63404768169679,0.6129476317180955,0.70681562256058,1.4006710999875702,0.968366297252381
2022,15419,"Granson, Kylen",TE,13,3.5307692307692307,2.1,-1.5,12.4,4.029389076691521,1.14122130712396,1.2,5.4,0.24868698381360785,-0.010307327514727335,1.6489511004874504,0.7020274583910048,147.7553086300668,321.60852494203453,0.7161094411547928,0.7949465459826129,0.30459972334375773,
2022,10554,"Addison, Mario",DE,11,3.1363636363636362,2.0,0.0,10.0,2.829157512653716,0.9020502214258225,1.0,4.0,-0.975977252651652,-0.15922344557907955,1.6489383934418633,0.8190740720378584,84.98507016877063,114.66438250922467,0.8630893239205778,1.2523148490108955,0.8532076997325609,1.1067965935696975
2022,15890,"McFadden, Micah",LB,16,3.3562499999999997,2.25,0.0,12.5,3.4801165120581814,1.0369062233320467,0.425,5.75,0.20813134212619233,-0.10815303805148778,1.6477194490130829,0.7491434633377708,82.38816041193037,218.85963952332023,1.0350222161692704,1.1938291572506115,,
2022,16018,"Blankenship, Reed",S,9,3.6222222222222222,2.0,-3.0,12.1,4.353485902833825,1.2018826112117922,1.0,6.5,0.004746496462424866,-0.06128390984991234,1.6450569180110628,0.676610023443758,79.67465621968695,149.10922860410057,,1.592112465520083,,
2022,15910,"Ridgeway, John",DT,14,3.0642857142857145,2.15,0.0,7.5,2.646994830492319,0.8638211568040202,1.2000000000000002,4.375,-0.939210849752536,0.17083380015924304,1.644087847752617,0.8402221162106931,77.45707094828431,100.48740815721882,1.2305304692710013,1.5276696055849894,,
2022,14151,"Ferrell, Clelin",DE,15,2.953333333333333,3.0,0.0,7.0,2.360470762839951,0.7992564659728955,1.0,4.2,-1.2229039004513886,-0.3932205113137931,1.641418768911526,0.8788451207465516,91.18676418153694,123.03189239152299,1.2232650952417454,1.150269051646055,0.3952203466646659,0.8640541295656289
2022,13222,"McMillan, Raekwon",LB,15,3.52,3.5,-2.0,16.0,4.06434906637377,1.1546446211289119,1.0,4.5,0.5143053339277832,-0.0825030866809711,1.6336800813842418,0.6950547748321837,76.43967689287973,203.05781857986688,0.7663550210348687,0.6554844592068061,,0.4076764265107016
2022,13264,"Jones, Josh",S,12,2.9583333333333335,2.0,0.0,7.0,2.410552610686788,0.8148346853025761,1.0,5.625,-0.8243359690302078,-0.17035092559190249,1.6300841929523235,0.8674058638073933,102.14194529670506,191.15622701049878,0.7592074934874588,0.5936034130494114,0.2980061968165798,1.0613525019948955
2022,12677,"Hooper, Austin",TE,16,3.7937499999999997,1.95,-4.3,14.7,5.045848386297393,1.3300424082497246,0.575,4.975,0.6884323405260584,0.02677372170414592,1.6281892495037376,0.6274967147039845,132.06886659097123,287.4649565480684,0.6699198469209385,0.3961426524781062,0.7709199196450961,1.2191656591813167
2022,15288,"Moore, Elijah",WR,15,3.6,3.1,-1.0,15.5,4.378279723057144,1.2161888119603177,0.0,5.65,-0.41933977182155613,-0.07799806537248395,1.624410330280316,0.6693590116866724,97.53985560908197,187.00860180045154,0.5583686136652555,0.8967468201686001,0.8230744367532055,
2022,15398,"Jones, Patrick",DE,15,3.486666666666667,2.0,0.0,12.2,4.004142299613683,1.1484155735029684,0.5,5.0,-0.3569389402286977,0.4015963165819715,1.622901411472127,0.6967560988295308,72.29366423749968,97.5407604260384,0.8628262074764995,0.8416351194045321,0.5225881209433406,
2022,15348,"Basham, Carlos",DE,15,3.6,2.0,-1.0,17.7,4.387406219320629,1.2187239498112856,1.0,5.0,-0.15501713434570993,0.5616444992777795,1.6225542615638147,0.6682250889285963,69.3333582515171,93.54662760662715,0.7888911951132093,0.6124382236738249,,
2022,15258,"Carter, Michael",RB,15,4.2,4.7,-9.0,17.2,6.6766258943671035,1.5896728319921674,1.6,7.9,0.4675838777447186,0.04751452995478634,1.621826490247824,0.5471153678443343,82.93692218781275,164.50543021619742,0.5323735205020111,0.17812999825850045,1.0704090799308963,
2022,13199,"Thomas, Solomon",DT,16,3.53125,2.0,0.0,13.0,4.17008973974182,1.1809103687764446,0.0,4.375,0.0272419339266559,1.2259616063277667,1.6191632863762007,0.6830152236731467,62.96472994236558,81.68605447851233,0.755238119163368,0.8716227708074845,1.2084440971322732,
2022,9919,"Peters, Corey",DT,11,3.0454545454545454,2.5,0.0,8.0,2.6921987081746996,0.8840055459678118,0.5,5.25,-0.9105275332015292,0.23799821147669672,1.616478545921742,0.8248349523311861,76.03858335873723,98.64716117096322,0.773619865800952,0.7521534134798012,0.8042180372208015,1.0017076294542964
2022,9686,"Succop, Ryan",PK,16,4.425000000000001,6.0,-12.5,15.5,7.747378588916383,1.7508200200940975,0.19999999999999996,11.025,0.6595180480883567,0.8491282497388185,1.608611238712969,0.5058658379788001,66.27750945719303,88.27480352680662,0.09933214983471278,-0.10161674181368403,0.4917812803705476,0.7160444482333991
2022,16012,"Alford, Dee",CB,15,3.6333333333333333,2.0,-1.0,15.0,4.62048578494609,1.2716933353062634,0.0,5.0,-0.024883577284827266,0.018663841571200556,1.5993942830507522,0.646444715342018,78.39508026816905,131.05466900597634,0.5715827134475535,0.5102859845013613,,
2022,13736,"Stewart, M.J.",S,16,3.0375,2.0,0.0,8.0,2.7708020048354234,0.9121981908923205,0.5,4.5,-0.6706114654148903,-0.14291466696344837,1.588485970997892,0.8055315543231689,94.8558954804539,177.52055766193354,0.932787394846813,0.8480311568707383,0.6388983642139325,0.4133278259851096
2022,11327,"Jefferson, Tony",S,8,2.6875,2.75,0.0,6.0,1.869784412706449,0.6957337349605391,1.0,3.75,-1.0550908964657804,-0.20391262262289958,1.5848596655196812,0.9364814959969279,110.27599158210744,206.37890162991823,0.7436712763045186,1.252466797847404,,
2022,12691,"Ogbah, Emmanuel",DE,9,3.5444444444444443,2.0,-1.0,11.9,4.403814283880916,1.2424554405933619,1.0,3.0,-0.14637257936231585,0.6156662555999252,1.5806086401014823,0.6559152957971184,68.05612500881551,91.82334655498134,0.7229685125894795,0.5157630254876209,1.6332612546278282,1.459177736528288
2022,13893,"Sherfield, Trent",WR,16,3.80625,2.55,-4.3,17.0,5.403525324961474,1.419645405572801,-0.04999999999999999,6.575,-0.04496658894803873,-0.015446184618860055,1.5730610738390194,0.5943991484132843,86.61660797588905,166.06597015262184,0.8401733848698233,0.5160979496561456,0.20337391827417628,0.44248291636116255
2022,8742,"Crosby, Mason",PK,16,3.76875,2.6,-3.8,13.1,5.273840956788515,1.3993607845541665,0.525,6.7,-0.9357637495715432,0.18592450347641837,1.5707308480913946,0.6007085652883949,78.70360998480184,104.82508720014658,0.6000795285988939,1.360596957772169,0.39119374755812697,0.919592060621984
2022,15817,"Davis, Jordan",DT,12,3.0833333333333335,3.0,0.0,10.0,2.9918871785027066,0.9703417876224993,0.0,4.0,-0.720365544853884,0.5252857186211154,1.5648723245390934,0.7723999190001765,71.20478522543837,92.37612819716648,0.8033000435135375,0.4858901851757657,,
2022,15159,"Mondeaux, Henry",DT,10,2.7,2.25,0.0,5.5,1.96468827043885,0.7276623223847593,1.5,4.5,-1.3721563413838977,-0.28224049826170666,1.5628053960643682,0.9107196958688446,83.95599060763601,108.91865380587336,0.9107196958688445,0.6533973353728761,0.7542808749557016,0.15733143018532764
2022,15802,"Otton, Cade",TE,15,3.58,3.6,-3.6,16.1,4.626330439271857,1.2922710724223065,0.75,4.949999999999999,0.5069385340169216,0.019356114484780064,1.5617699159013136,0.6362939465857809,133.92041484061406,291.4950906051637,0.612880000413163,0.28777958103255064,,
2022,15618,"Jones, Naquan",DT,11,3.2454545454545456,1.5,0.0,11.2,3.558948679382626,1.0965948311823217,0.0,4.75,-0.3605467556802386,0.9453980776784752,1.5479645838983365,0.7118866154672411,65.62628026272172,85.13896445946389,0.6319571558297212,0.8081341879916396,1.6188338809255098,
2022,13343,"Odenigbo, Ifeadi",DE,13,3.5307692307692307,1.0,0.0,12.9,4.523168497241493,1.2810716876718826,0.0,4.0,-0.08349105813814489,0.7035712889966134,1.5478554443735257,0.6392651668209376,66.3285494113616,89.49245021369846,0.7529749756262468,0.7453107327412047,0.9135842980879064,1.1576306727716927
2022,14161,"Tillery, Jerry",DT,14,3.0,2.5,-0.9,10.4,2.831203681424967,0.943734560474989,1.5,4.75,-0.8223243998792802,0.4367490414073174,1.54342061977171,0.783043724494488,72.18599957510432,93.64908734263216,0.7663748791355303,1.2265492289100839,1.5072583411184313,1.035162581383552
2022,13108,"McKissic, J.D.",RB,8,3.2624999999999997,2.95,-1.7,9.6,3.6341909347198587,1.1139282558528303,0.25,5.925,-0.4571840013810012,-0.1373792773620749,1.5433352532031874,0.7040063834135528,106.7199462353723,211.6790713350002,0.8165316216388063,0.4181247323036011,1.1245928310368942,0.9402893136529861
2022,14841,"Claypool, Chase",WR,14,4.028571428571429,2.85,-3.4,23.8,6.6186347935667404,1.642923530317985,-0.725,5.6,0.398736264745306,0.053199743173261343,1.5242860348996665,0.5287786509957401,77.0543047404774,147.73261352747872,0.5203166657402144,0.15893691867622686,0.8625113834743185,0.8413835361239195
2022,13791,"Scott, J.K.",PN,16,2.90625,2.75,-1.0,7.8,2.6359222176498305,0.9069839888687589,1.0,4.3,-1.3619066174491652,0.061651080867997435,1.5240033565903275,0.7993157790593572,77.88893202438939,109.24508262803145,0.7341204787751271,0.6210953414345112,,0.43556946391500867
2022,13430,"Haack, Matt",PN,16,3.675,4.2,-6.1,14.1,5.216380450082221,1.4194232517230534,-0.17499999999999993,7.375,1.2483907136364587,1.56769615268789,1.518957047876082,0.5911800330611027,57.607246867389925,80.79849447712022,0.46848686984412147,0.6315314390014976,0.4265696705327817,0.783100590870747
2022,14995,"Metellus, Josh",S,16,3.90625,1.5,-1.0,24.0,6.13957131545029,1.5717302567552742,0.375,4.0,0.7668993215015774,0.042936204193769305,1.5189190194964208,0.5471266869408159,64.42726116996302,120.57409055697148,0.7054401687456445,1.1032542779853065,-0.04489411367792064,0.44130708853802114
2022,11228,"Woods, Robert",WR,16,3.525,3.35,-3.3,11.5,4.656916898549941,1.3211111768936004,-0.275,6.175,-0.31759411589055975,-0.04574012207773185,1.518669176681831,0.6231309498118272,90.80344300891694,174.09319308222797,0.3907008104722474,0.48177862555198797,1.7555003972283525,1.2058076877825568
2022,14251,"Cashman, Blake",LB,15,3.033333333333333,1.5,0.0,9.9,3.0381280786402374,1.0015806852660123,0.75,5.0,-0.02349793287754891,-0.11584889896420732,1.5154689269646902,0.751173136230674,82.61137669034414,219.45260135163528,0.7940089025529361,1.1120312144993636,,
2022,14981,"Roy, Bravvion",DT,12,3.25,2.0,0.0,12.0,3.7332961307670196,1.1487065017744675,0.0,4.5,-0.2499176814875826,1.1188018725463034,1.512537890733821,0.68662511497529,63.29751290690682,82.11778391491139,0.670203980821237,0.6849386000819592,0.916715059110178,1.0928220241512872
2022,14384,"Reed, Malik",DE,14,3.25,1.5,0.0,12.5,3.735686970673151,1.149442144822508,1.0,3.75,-0.49837407677907253,0.4039331771770656,1.5120202271219407,0.6862784681771378,71.2065315756384,96.0739687280333,0.6275566147584658,0.6789828507143879,1.060830597651047,1.0117574699972296
2022,13308,"Agnew, Jamal",WR,14,3.7142857142857144,2.0,-1.9,17.0,5.489451851747409,1.4779293447012256,-0.675,6.925,-0.013590119479292832,0.002472969267873474,1.498947386142506,0.5723573884419177,83.40465437932862,159.90784179175958,0.5767650434644632,0.7284922498695453,0.7650315698586144,0.3596528126132818
2022,13637,"St. Brown, Equanimeous",WR,15,3.6266666666666665,4.0,-4.6,16.2,5.150982646274613,1.4203077149654266,-0.2,5.449999999999999,-0.13718371843954022,-0.015242560359680555,1.4984320564868638,0.589607689571874,85.9183904343483,164.72731032602346,0.5310237861976023,0.8285387707480305,0.2246524743106095,0.49373543559476374
2022,14807,"Kelley, Joshua",RB,12,3.5,3.2,-2.7,16.9,4.6774280682158365,1.336408019490239,1.125,4.7,-0.14008529453465038,-0.050914538481209255,1.498026017203808,0.6164763265948158,93.45131234546137,185.36072880598647,0.578972154696664,2.1951340589052655,0.16116660879574032,0.573927969641449
2022,12464,"Byrd, Damiere",WR,13,3.93076923076923,1.4,-1.0,19.0,6.444841063312652,1.6395877460482289,-1.0,5.8,0.3352746787235443,0.05217417021857487,1.489160281431845,0.527985647690939,76.93874727953741,147.51106061392298,0.6843481493042605,0.3637721421392607,0.4899264561250891,0.6284571706466869
2022,15957,"Gill, Trenton",PN,16,3.4375,3.8,-8.5,13.1,4.501232470113047,1.3094494458510682,1.5,5.625,0.5249731283476721,1.2444861249467598,1.488449988015749,0.6248599779549693,60.8891724932179,85.40164189298623,0.4240044293659078,1.1289845228505904,,
2022,15710,"Williams, Kyren",RB,9,2.8333333333333335,1.2,0.0,7.3,2.575525836277581,0.9090091186862049,0.8,5.3,-0.7789721384409299,-0.2170192383055848,1.4841905706994505,0.792424237181032,120.12316078374019,238.2643546731762,,0.6883519014254051,,
2022,14590,"Al-Shaair, Azeez",LB,11,2.6636363636363636,2.5,0.0,6.3,2.135106012813044,0.8015756362096752,0.5,4.0,-0.4967373450549846,-0.15942108848052705,1.4785037664254679,0.8496160425676822,93.43778091814586,248.21235171847707,0.922714325755386,0.9362419029159987,1.3035006890967784,0.5505432811915099
2022,13418,"Bourne, Kendrick",WR,15,4.093333333333333,2.2,-6.6,26.3,7.301549302868687,1.7837661163359988,0.050000000000000044,7.25,0.6481056626759037,0.0965012085581132,1.4704300441450127,0.49308065085138253,71.85234627152421,137.75914192627232,0.3908552687986466,0.6619456549849887,1.049511357980542,1.1104046599095303
2022,15109,"Westbrook-Ikhine, Nick",WR,16,4.24375,0.8500000000000001,-2.0,28.8,8.082927126821074,1.9046661859961294,-1.175,6.35,0.9334293962637267,0.13367143050181385,1.4610112585259583,0.4672227290548864,68.08429666832892,130.53483670859382,0.4167365981128346,0.08100659161775699,0.6534840600633028,0.17029845818995937
2022,14871,"Parkinson, Colby",TE,15,3.2333333333333334,1.2,-1.1,12.6,3.949627267927387,1.2215342065754804,0.25,6.3,0.21418005892685124,0.005464673388332142,1.4554506177591353,0.653247842374859,137.48869137290038,299.2619056372183,0.5380579561596609,0.7428083294799949,-0.043179114698715264,
2022,12317,"Uzomah, C.J.",TE,15,3.2599999999999993,2.2,-0.5,16.2,4.04471671855191,1.2407106498625493,0.75,4.65,0.25531809956389884,0.009230580022342906,1.454895570831502,0.6462206268215959,136.00967742483897,296.04264063337575,0.7759561756155172,1.0374784628626272,0.6356791791050452,
2022,15409,"Barnes, Derrick",LB,14,3.185714285714286,2.0,0.0,15.1,3.8001611136629347,1.1928756859031633,1.0,3.25,0.3758545073350686,-0.0741742409462559,1.4527564449702077,0.6636681999374211,72.98789189606552,193.88834063136576,0.7455911875785269,1.0758327535001189,1.128986464936212,
2022,11789,"Ellis, Justin",DT,16,2.6,1.5,0.0,8.1,2.1095023109728985,0.8113470426818841,1.5,4.125,-1.2802671677414452,-0.003776040932232371,1.4353958345555002,0.8361466691389962,77.0813700629017,100.0,0.6946300199084896,0.877174956984406,0.6455138210703261,0.7634947045221968
2022,15412,"Brown, Bobby",DT,8,2.375,2.0,0.0,5.0,1.5562374497485916,0.6552578735783543,1.5,3.0,-1.631331544619697,-0.5231693736111052,1.4348217506832934,0.9290999160635814,85.65039735104506,111.11685908170894,0.7075744096777262,1.3753680679669893,0.11327045983049319,
2022,13672,"Gesicki, Mike",TE,16,3.7,1.4,-2.0,20.8,5.877393129611121,1.588484629624627,-0.925,5.3,1.0481790970515554,0.07752709976359659,1.4294077537314025,0.5379945468100956,113.23139765417064,246.46277087652754,0.4375180808952331,0.3554920099803365,0.8489706736694405,0.9425826023393137
2022,15875,"Belton, Dane",S,14,3.392857142857143,0.75,0.0,13.0,4.683476164089217,1.380392974678927,0.0,7.625,0.145558916783788,-0.010981114461867671,1.4253348833357145,0.5969686587751973,70.29643518988611,131.55811047217406,0.4448036474382405,0.0,,
2022,15405,"Stephens, Brandon",CB,15,3.3266666666666667,2.0,-4.0,15.5,4.4639992035045095,1.341883528107568,0.0,5.0,-0.0923462548809387,0.08413291746054287,1.42050901624253,0.6088336661054056,73.83394587585788,123.42972677705913,0.4770120449625121,0.5942533603334351,1.3446257876951755,
2022,14943,"Davis-Gaither, Akeem",LB,16,3.09375,1.5,-1.0,13.0,3.675164749708508,1.1879320403098208,1.0,4.625,0.3103486819066237,-0.07525124107055757,1.4140064421570935,0.6617413857325333,72.77598765400086,193.32542860857205,0.7955756403160146,0.646110632135477,0.8626348125678783,0.4536956719480446
2022,13778,"Flowers, Tre",CB,15,3.066666666666667,2.0,0.0,15.0,3.6417334089993765,1.1875217638041444,1.0,4.0,-0.44683193462415133,-0.059846200679246134,1.4018908142580815,0.6606727264260855,80.12052723141284,133.93913420304938,0.6237374525520079,0.566645145085057,0.6845127677802401,1.2236149412802408
2022,13220,"Riley, Duke",LB,16,2.65,2.0,0.0,7.5,2.374342014116753,0.8959781185346238,0.75,4.0,-0.37136288421615826,-0.1388549934240215,1.3976954554982677,0.7853382937810018,86.3687404244066,229.4338324931407,0.6646892670689029,0.3062870566386034,0.4198751818132652,0.7211209963449394
2022,13675,"Conklin, Tyler",TE,16,3.9,0.95,-4.2,19.3,6.997678186370105,1.7942764580436166,-0.42500000000000004,8.675,1.5328420316604445,0.11794089288814705,1.3957101448474944,0.48764152659286825,102.63362693491105,223.3953532636121,0.5680165340933007,0.4017099212401647,0.9512669422829753,0.2886793688204336
2022,14951,"Lynch, James",DT,15,2.8666666666666667,2.5,0.0,13.5,3.057595278791634,1.0666030042296397,1.5,2.75,-0.6786716385524071,0.845599001012564,1.3871395042006456,0.706493987128349,65.12915314861164,84.49402637169456,0.8040977302537304,0.9306976434149865,1.22209250878733,0.41668244506416086
2022,14727,"Reynolds, Craig",RB,9,3.4555555555555553,0.1,-0.6,15.9,5.165722733367006,1.4949036848972044,0.0,4.8,0.008335042422234488,0.010683361926025847,1.3850456738965984,0.5604461480006464,84.95772792917417,168.51369950201942,0.530548618229249,0.5049618919637169,,
2022,12151,"Gordon, Melvin",RB,10,3.5700000000000003,2.45,-6.9,14.6,5.635255096266717,1.578502828085915,0.825,7.125,0.15105245567139003,0.043173409417520715,1.3845243686042796,0.5380350790143151,81.56044612371426,161.77518919526773,0.538035079014315,1.0179370860712142,1.16552323430036,0.9979833129111455
2022,11670,"Watkins, Sammy",WR,11,3.563636363636364,0.6,-2.0,17.6,5.658665555391005,1.5878908446250268,0.0,6.35,0.04819904860024064,0.03628017358892927,1.3770427647819583,0.5351877690795214,77.98824966623306,149.52322243943132,0.5207081681621633,0.2674321671862945,0.6191800565184268,0.5973386750213122
2022,15500,"Siposs, Arryn",PN,13,3.215384615384615,2.9,-8.0,10.6,4.308104375895444,1.3398410738430808,1.7,5.9,0.3296117996666542,1.3338062939498296,1.374189320518036,0.6057500734133925,59.02701726642747,82.78982919598789,0.47378994279418174,-0.003956230249156045,0.8182146622498407,
2022,15440,"Taylor, Keith",CB,16,2.875,1.5,-1.0,9.0,3.1399641717701177,1.0921614510504758,0.75,4.5,-0.6631488607593254,-0.14879240959157303,1.374176930062668,0.6944504543310435,84.21679041918529,140.78694167258078,0.8885989006072937,0.8795603713581658,0.3903342395738583,
2022,13811,"Smith, Tremon",CB,16,4.0625,0.0,-1.0,26.0,7.956669765046178,1.9585648652421361,0.0,2.5,1.4133733146316634,0.6593351736317736,1.373131969397438,0.45357260081800665,55.005261246133074,91.95342719900489,0.5222414746167333,0.7735562653387704,0.5649588130765287,0.15696545114107638
2022,11367,"Juszczyk, Kyle",RB,15,2.893333333333333,2.7,-2.0,8.8,3.221483440211288,1.1134159355568969,0.0,4.9,-0.5826291265711981,-0.13757838599059466,1.3690316632210515,0.6853830825849503,103.89685015275323,206.0794587214379,0.6129976658447847,0.7218147526470821,0.7548131882301323,0.8053522374596297
2022,15870,"Carter, Zachary",DT,16,3.025,1.5,0.0,11.5,3.687394066274989,1.2189732450495832,0.0,3.925,-0.2790440200601435,1.3526174420426482,1.363243115593494,0.6453479176765542,59.492315759593474,77.18118620756897,0.7445014124661693,0.6753118898703262,,
2022,15388,"Ossai, Joseph",DE,16,3.3,1.45,-2.0,16.5,4.689882727744906,1.4211765841651232,0.75,5.075,0.004341990470713524,1.022502478250586,1.36297369699613,0.5799768040751697,60.176937682761164,81.19251283769009,0.835483036824575,1.0496417000422855,,
2022,15922,"Henningsen, Matt",DT,16,2.65,1.5,0.0,7.5,2.5199206336708304,0.950913446668238,0.0,4.5,-1.019843521102242,0.4606370897981752,1.358338066983781,0.7528578839677945,69.40327492860932,90.0389742320009,0.7460294302052474,0.3458518397804955,,
2022,14860,"Jennings, Jauan",WR,15,3.2800000000000002,2.4,-2.0,12.3,4.644595425509812,1.4160351907042108,-0.95,7.6,-0.32209335887307555,-0.01655613011605605,1.3575961197171003,0.5810868189377373,84.67671821240708,162.34671026597923,0.5585897452431519,0.6322596028729118,0.6064162365155494,
2022,13207,"Willis, Jordan",DE,8,3.3375,1.0,0.0,12.7,4.95200401352826,1.483746520907344,0.0,3.5,0.14244004944327687,1.164935075798703,1.343736155000539,0.5607355089839026,58.18050919198875,78.49887218217688,0.7314226857333138,0.49772745146141895,0.9278623054024926,1.1073058898858785
2022,15819,"Wyatt, Devonte",DT,14,2.3642857142857143,2.5,0.0,6.0,1.8274131376101586,0.7729239856961395,1.5,2.5,-1.4592618352349618,-0.13163039324990905,1.333551654419846,0.8362010074990675,77.08637932191792,100.00649866370061,1.0452329462770378,1.2794956904065127,,
2022,15626,"Wright, Brock",TE,16,3.4187499999999997,1.4500000000000002,-3.0,16.9,5.350142375441984,1.5649410970214215,-0.2,5.0,0.8200774221710166,0.07290357577162422,1.3328766122427051,0.5383737557163113,113.3112095309049,246.6364917410254,0.5949451040249093,0.9486099276285834,0.20496077422531633,
2022,15882,"York, Cade",PK,16,3.84375,2.3,-10.8,19.2,7.253013920950379,1.8869629713041638,1.325,5.375,0.3406828114746706,1.1060300640588372,1.3314164532784483,0.46573894541030547,61.02016590475565,81.27256441183087,0.5105088661018381,0.5104592603454149,,
2022,13303,"Elliott, Jake",PK,15,3.2866666666666666,1.8,-5.1,10.9,4.850136309653805,1.4757007027344233,0.65,7.550000000000001,-1.2090275569939695,0.3299779657470357,1.3275702765833235,0.5618102711971104,73.60723489688411,98.03724146983264,0.5446751806125939,0.8096711584815144,0.78526898480885,0.4984909084002633
2022,15132,"Vickers, Kendal",DT,8,2.375,2.0,0.0,7.0,1.9162137145944864,0.8068268271976785,1.5,2.5,-1.402915008587691,-0.01881724973776427,1.3144591192967492,0.8144121907506546,75.07774625668475,97.40063804706391,0.7817781685441422,1.275255128608411,,0.6352112505188554
2022,12828,"Grugier-Hill, Kamu",LB,14,3.3428571428571425,1.75,0.0,21.0,5.205726830783065,1.5572687100633102,1.0,3.325,1.1124578738733744,0.0052107644925741756,1.3071982344688304,0.5386729442029479,59.241353770645254,157.37141436695322,0.5867911961166065,0.36345297886943295,1.140531553944638,0.49226703068748473
2022,13802,"Martin, Jake",DE,13,2.6769230769230767,2.0,0.0,9.9,2.8172965345014025,1.0524383605896044,1.0,3.0,-0.9822261845362005,0.183116253272994,1.3042647849137239,0.7012614955973611,72.7611328993993,98.17148303828883,0.7254324711739392,0.9677504690300454,0.8341767812496726,0.8430089725448254
2022,13622,"Hines, Nyheim",RB,16,3.08125,1.4500000000000002,-2.1,11.4,4.244734790007499,1.3776015545663283,-0.1,6.175,-0.27160522857033925,-0.03490504532236745,1.295948849832417,0.5874939579157623,89.05789077987109,176.64637474384898,0.48677840647208037,0.7651761309914584,0.7417806942513795,1.095688927822951
2022,12813,"Houston-Carson, DeAndre",S,16,3.23125,1.0,-1.5,17.7,4.845967234464138,1.4997190667587272,0.0,5.25,0.21489660212351777,0.02264402571353883,1.2926452588089494,0.552731459210135,65.08725479742182,121.80925297050807,0.8049535875067341,1.3522167717519327,0.8780264481820648,0.5156704731306483
2022,14671,"Moore, C.J.",S,10,2.95,2.25,0.0,13.9,3.8398567681620626,1.3016463620888348,1.0,2.575,-0.21442773409076968,-0.03317128126050463,1.2816912487471614,0.6095221700373301,71.77468212608974,134.32461453760652,0.6095221700373301,0.5354859152018696,0.5184680778951876,0.3035576238982967
2022,15468,"Dimukeje, Victor",DE,13,2.3076923076923075,2.0,0.0,6.0,1.8557443202792028,0.8041558721209879,0.0,4.0,-1.4888179860681345,-0.38206762894808116,1.2790980775842586,0.8080878569222496,83.84516805934814,113.12639270421157,0.7237775860638135,0.44151844011225283,0.19162587386871735,
2022,15738,"Davis, Malik",RB,11,2.8636363636363638,0.0,0.0,9.8,3.5515099803458066,1.240209834406472,0.0,5.65,-0.4823154148161951,-0.08830108914132741,1.2782893457813358,0.6291618333260901,95.37430143792645,189.1749787155823,0.6845243208999591,0.658355889746447,,
2022,15301,"Atwell, Tutu",WR,12,3.358333333333333,1.7999999999999998,-2.3,16.4,5.548492037381768,1.6521564379300553,-1.0,5.875,0.00796867791747066,0.0560383620929286,1.2662651739934434,0.5128407141922813,74.73180810209085,143.27979937967433,0.609832039545025,0.3821313152065849,0.0,
2022,15377,"Stokes, Eric",CB,9,2.4444444444444446,2.0,-1.0,6.0,2.3147407395555177,0.9469393934545299,1.0,5.0,-1.0189096029225984,-0.28424657391435143,1.2555318633248118,0.7374466471161261,89.43098724780174,149.50362181588568,0.8012340404374625,0.5169539753016877,1.1459661893380695,
2022,15413,"Rumph, Chris",DE,14,2.457142857142857,2.0,0.0,7.3,2.375083242365047,0.9666036451485658,0.25,4.5,-1.2152053457416425,-0.012275689193538667,1.2494347110585333,0.7280243717547674,75.53798176545664,101.91809005897599,0.6837902368520041,0.8435817326754638,0.46969075363599905,
2022,14328,"Wingard, Andrew",S,16,3.275,1.25,-0.6,21.5,5.316542579534185,1.6233717800104384,0.5,3.0,0.415699053174007,0.05748837319604536,1.2483933939347966,0.5184798422179742,61.053933217394054,114.26098733567484,0.6761728433951356,0.8621441148936423,1.160887244795238,0.6222917251726755
2022,13645,"Smith, Tre'Quan",WR,14,3.4571428571428577,0.0,-2.0,20.0,6.14430215562287,1.7772774830314084,0.0,4.625,0.2255315037807141,0.09450630532339284,1.2447956238673616,0.48390210573917836,70.51483687923277,135.19479774321508,0.3027316296538269,0.1527777777777778,0.6254745805104692,0.7975693568162998
2022,14223,"Mattison, Alexander",RB,16,2.8625000000000003,2.0999999999999996,-1.3,11.0,3.722545332161853,1.3004525177858,-0.125,5.15,-0.4303281080529356,-0.0648883175583554,1.2443204012553037,0.6061349968428202,91.88367577122463,182.25132080934688,0.5094175706674073,0.548528137423857,0.6318874772998225,0.6184228811797138
2022,13301,"Kazee, Damontae",S,8,2.725,1.0,0.5,10.8,3.2736638495728303,1.2013445319533322,0.875,3.25,-0.4560318194115257,-0.061435536289493504,1.2378798322777804,0.6376261905279177,75.08408945585676,140.51809183003047,0.6791694352150869,0.8062921352233355,0.7989832092173356,
2022,12246,"Williams, P.J.",S,10,2.95,1.25,0.0,12.0,4.107614879708175,1.3924118236298897,0.5,2.0,-0.10017082358665857,-0.007594298773200936,1.2330652987344417,0.5775689963861468,68.01201524624028,127.28287275209355,0.5775689963861467,0.5461818684947372,0.9987939655973141,0.776223067245296
2022,16026,"Jones, Jaylon",CB,16,3.15,1.0,0.0,19.0,4.9585784253150615,1.5741518810524004,0.85,3.0,0.12087099530991575,0.3007784888537465,1.2237040180831027,0.5286495830309463,64.10993161807872,107.17389202820333,0.5791269879868891,0.8493732275130991,,
2022,15003,"Stone, Geno",S,16,2.9,1.0,0.0,14.4,3.982775414205526,1.3733708324846643,0.375,3.375,-0.1534419329284226,-0.012959898074891814,1.2218908062352867,0.582004958869371,68.53437491223434,128.2604564725116,0.6214657166941967,0.3214285714285714,0.47050885282874183,
2022,16052,"Webb, Sam",CB,15,3.2666666666666666,0.6,-0.6,21.0,5.511523282078095,1.6872010047177841,0.0,4.5,0.3592501601979835,0.40622372786917593,1.215639120754846,0.5016747272727464,60.8386604139085,101.70524063547832,0.6361949764758906,0.8068887236013689,,
2022,14870,"Trautman, Adam",TE,14,2.5928571428571425,2.0,-1.0,8.9,2.98555194363844,1.1514525402462303,0.0,4.3,-0.20290269428389804,-0.008298098372884869,1.2051658562546745,0.650564132527678,136.92385253076645,298.03246089825825,0.7854661420588103,0.6472417108364055,0.2808932638164073,0.49127928902706725
2022,15491,"Skowronek, Ben",WR,14,3.3785714285714277,1.45,-3.2,15.8,6.159798068516366,1.823196045649665,-1.875,5.574999999999999,0.23118990818712515,0.10862377579842572,1.1967186741344282,0.4718808262802761,68.76308058375375,131.8362373530337,0.35984210780862924,0.36326503754352896,0.353248970627814,
2022,14613,"Sims, Steven",WR,11,2.3727272727272726,1.9,-1.5,6.8,2.36069747362585,0.9949299697273698,0.6,4.25,-1.1560692803663657,-0.14602317318197136,1.1893787294455922,0.7060222740511486,102.88247332954508,197.25175280389732,0.7796792018487325,1.4386641477700344,,0.69226564727915
2022,11286,"Jenkins, John",DT,15,2.2666666666666666,1.5,-1.0,6.5,2.1123972690339814,0.9319399716326389,0.75,3.25,-1.2784302235958263,0.39750204661844724,1.1732593662064756,0.7282703558502316,67.13663867481253,87.09839825112886,0.7693261252123531,0.8063878601939478,,1.0353134514751503
2022,14123,"Renfrow, Hunter",WR,9,3.0444444444444447,1.8,-5.2,11.0,4.862352222515608,1.5971229927970974,0.8,3.5,-0.2425784552870668,0.03911855902193747,1.1722372998460049,0.5193213114612271,75.67616906659144,145.09037847540282,0.6179784243379971,0.6585481582251388,1.8993420518510422,1.3089059835532795
2022,16004,"Masterson, Luke",LB,16,2.7,1.0,-1.8,10.0,3.5672117963473937,1.3211895542027383,0.0,4.5,0.2537746577219166,-0.04622036571410447,1.163196687281049,0.591170307048014,65.0148288965071,172.70833509106257,0.9780883454085049,1.4226739569578253,,
2022,15121,"Huff, Bryce",DE,13,2.5615384615384618,1.0,-1.0,10.3,3.094048495850471,1.2078868001818654,0.0,4.4,-0.8364199843074082,0.5369750900997714,1.1601765368258308,0.6256736978408324,64.9183326990964,87.58974391252157,0.6948474189785753,0.11439478302055078,0.952357483640447,0.716240531337292
2022,13963,"Hodge, KhaDarel",WR,16,2.775,1.25,-1.0,11.4,3.865148768158866,1.392846402940132,0.0,3.6,-0.6067119180266969,-0.02368542615549763,1.159706697676169,0.5703833802907845,83.11699937406095,159.3563343079716,0.4697813237439509,0.20309352344489465,0.3293976435776676,0.5635873384589646
2022,14815,"Dallas, DeeJay",RB,14,3.1928571428571426,1.95,-10.0,16.1,5.6555237582024045,1.7713049801976213,0.625,5.875,0.1572132471951487,0.11810421420377927,1.1521132338994535,0.4797304102358886,72.72207297270018,144.2442712486585,0.7981033451642165,0.7349147251591602,0.7596529957897356,0.6591122606913199
2022,15830,"Muma, Chad",LB,15,2.746666666666667,1.0,0.0,14.7,3.865896475017865,1.4074865807103876,0.0,4.5,0.41030390225476204,-0.027420088363971137,1.1408855561953728,0.5644728943101041,62.078741443465134,164.90877944655205,0.7175894288347678,0.8909771571058659,,
2022,12309,"Pruitt, MyCole",TE,11,2.4272727272727277,1.3,-1.0,8.8,2.7565099505421737,1.1356408035941539,0.35,3.9000000000000004,-0.30199190720605823,-0.011403237478291278,1.136554762948795,0.6461510176280517,135.99502681858038,296.0107516954282,0.5843749168803821,0.7730373949656684,0.5477803654475472,0.37278612235423797
2022,10862,"Bullock, Randy",PK,14,2.9214285714285717,2.6,-5.4,13.8,4.610419654191482,1.5781387569359593,0.6,5.75,-1.363630265312573,0.5232786232241977,1.1331541266229603,0.5207148041494553,68.222990693359,90.8659837822832,0.4190681799153126,0.20822590705786123,0.7951701735678699,0.9137269670939099
2022,15814,"Thomas, Cameron",DE,16,2.175,1.5,0.0,6.0,2.012616456257873,0.9253408994289073,0.75,3.25,-1.4061702246671786,-0.10620514414938215,1.1296700759045561,0.7219637918003275,74.90915119899756,101.06965316926386,0.7536302880435596,1.1779768967422017,,
2022,16102,"Pola-Mao, Isaiah",S,8,2.5375,1.75,0.0,10.3,3.173695598194635,1.2507174771210383,0.375,2.75,-0.49868996143761285,-0.047522634482347066,1.1274182680830265,0.6079743815283547,71.59242127703264,133.98351768326054,,0.7367331958232649,,
2022,15838,"McKinley III, Verone",S,9,2.8444444444444446,1.0,0.0,14.6,4.337718578831019,1.52497918787028,1.0,3.0,-0.0019816871099618922,0.029762126192817772,1.1265219365406416,0.5328951690569248,62.75141946559074,117.43779257141725,,0.47722557505166113,,
2022,12474,"McGill, T.Y.",DT,8,2.1875,2.0,0.0,6.0,2.0757152381769517,0.9488983945951779,0.0,3.625,-1.3017061538201948,0.4539319185312697,1.1224289609281473,0.7112166863979847,65.56452189853853,85.05884345988541,0.7102485625156757,0.9444537940695135,,
2022,14169,"Wilson, Mack",LB,16,2.2562499999999996,1.75,-1.5,7.2,2.307858517652241,1.0228735812309102,0.5,3.625,-0.40620434820358103,-0.11121012557967902,1.1153687610211809,0.6820878184358917,75.01361668423513,199.26956767534352,0.6702567327356186,0.48381048448524455,0.7314455623147393,0.8287763431646703
2022,15431,"Fields, Tony",LB,16,3.50625,1.0,-3.0,31.1,7.57260430350748,2.159744542889834,0.0,5.0,2.3528480551056283,0.13646340681724597,1.1096624908775885,0.4090063971068184,44.98108346858652,119.48978668878816,0.5448378456826449,0.7180341883297278,0.23670068381445475,
2022,15766,"Moore, Skyy",WR,16,2.4875,1.45,-1.0,11.1,3.0888660945401956,1.241755213885506,0.375,4.425,-0.8901751338574969,-0.07013778178015376,1.1096215967703977,0.6083593696847943,88.65090936470985,169.96624103152064,0.5731223287017909,0.824621802603248,,
2022,15673,"Dwumfour, Michael",DT,8,2.1875,2.0,0.0,6.0,2.164161211647598,0.9893308396103305,0.0,3.125,-1.2455843345252688,0.5884725947702881,1.0996159896804731,0.6913364565457635,63.7318346311808,82.6812426649564,0.7999693812251503,0.7082509852475479,,
2022,14992,"Watkins, Quez",WR,16,3.0749999999999997,1.3,-3.0,17.3,5.54318275000924,1.8026610569135741,-1.0,6.050000000000001,0.006029967028341717,0.10231037919677263,1.097171558585232,0.4699547785052553,68.48241442614376,131.29812925988963,0.6275055762020089,0.2349967018319999,0.7857032881739803,
2022,15124,"Pierre, James",CB,16,2.5,1.0,-2.0,10.0,3.2015621187164243,1.2806248474865698,0.75,3.25,-0.6365934692545758,0.026994604394353774,1.0961908104944131,0.5950167888422768,72.15835757512386,120.62861133216371,0.5363985547885682,0.47722557505166113,0.8228645484568021,0.3065170590120416
2022,13257,"Evans, Justin",S,15,2.466666666666667,1.0,-2.0,11.0,3.1594654962860758,1.2808643903862469,0.0,4.5,-0.5047621863679513,-0.03902747498512207,1.0814613429292723,0.5930249136263099,69.83203689830245,130.68900008866427,0.4368997905084176,0.4806731017475745,,
2022,13329,"Vallejo, Tanner",LB,16,2.21875,1.5,-2.0,7.5,2.344999666844326,1.0569012582960342,0.875,4.5,-0.3867400889386028,-0.10379701075644236,1.0786857128173686,0.6633035040308897,72.94778392433602,193.78179599933566,0.8452046985439993,0.5811388300841895,0.3239736299335686,0.4178305491185112
2022,14669,"Nixon, Keisean",CB,16,2.7,1.0,0.0,13.0,4.071240597164457,1.5078668878386876,0.0,3.5,-0.2616677838486395,0.2389519418984225,1.0766121651404295,0.5324141003110133,64.56645887762267,107.93707804302817,0.6098939120363783,0.7345988822933844,0.4571734702957105,0.4161984870956629
2022,15972,"Mason, Jordan",RB,15,2.5666666666666673,0.5,-1.0,11.3,3.559150959927881,1.3866821921796935,0.0,5.05,-0.4799928894126029,-0.03137593801267518,1.0754119987473485,0.5629703182075085,85.34036552325264,169.27266137774745,0.7817410414294852,1.4454930717534764,,
2022,12785,"Robinson, Demarcus",WR,16,3.26875,1.7,-7.7,24.1,6.67155517383316,2.0410111430464735,-0.05,5.25,0.4180603868506989,0.17559011862757343,1.0748891885760663,0.42608700920894765,62.08994669455623,119.04214994688174,0.4603488786933062,0.2774611903430247,0.4290850035306372,0.6959970372557197
2022,15787,"Thornton, Tyquan",WR,12,3.0,1.0,-2.5,16.1,5.3814496188294845,1.7938165396098282,-0.525,4.0,-0.05302763534849381,0.09959116925678407,1.0737999283299275,0.47011262004608195,68.50541529837008,131.34222775612358,0.41638504234034635,0.7801432501939044,,
2022,14798,"Moss, Zack",RB,12,2.6916666666666664,1.15,-4.3,9.3,4.097450087825625,1.5222724784491488,0.19999999999999998,5.65,-0.31637337101903984,0.021319994891035397,1.0671593531883883,0.5280417895793125,80.0455687925644,158.77042918595313,0.7340259196259883,1.1017192719578242,0.8076373278530244,0.980302405571456
2022,14888,"Chaisson, K'Lavon",DE,8,2.5375,1.0,0.0,11.3,3.5209861899757575,1.387580764522466,0.75,2.5,-0.6114887404188271,0.9460258169719308,1.0627912729509357,0.561271345094201,58.23610620206059,78.57388532056208,0.6733062938302743,0.5920753582776553,0.8212899269843336,0.7859802288152505
2022,13638,"Berrios, Braxton",WR,16,2.44375,2.3,-2.2,8.7,3.2044829438616147,1.3112973683321185,-0.125,4.95,-0.8479571055198278,-0.048757336570401114,1.0573066163976392,0.5812248575220841,84.69683337235949,162.38527612107717,0.34874386265721086,0.34204719633344277,0.863885749388458,0.6167076036400497
2022,15165,"Jones, Benito",DT,16,2.1125,1.5,0.0,5.8,2.1248161685190556,1.0058301389439317,0.0,3.5,-1.2705500318200582,0.643374713328312,1.0531799074034405,0.6760397687653982,62.321687709529904,80.85181628021499,0.7737047423563407,0.8873106768352746,,
2022,13862,"Cracraft, River",WR,10,2.54,0.0,0.0,11.0,3.598944289649397,1.4169072006493688,0.0,4.45,-0.7039177170368686,-0.016288034297006853,1.0509298823378732,0.55230066728937,80.48196319111035,154.30430271339839,0.55230066728937,0.5919289000258865,,0.10053735503847451
2022,15473,"McDuffie, Isaiah",LB,16,2.15625,1.0,0.0,9.5,2.2756781269546886,1.0553869574282615,1.0,2.875,-0.4230688632067662,-0.10412690945003351,1.0490725321610195,0.6582606460191522,72.39318815578389,192.3085426898844,0.7442686048728984,0.5960481793965118,-0.2368497066275165,
2022,12302,"Wilson, Damien",LB,16,2.8687500000000004,1.5,0.0,21.1,4.984816790765735,1.737626768022914,1.0,1.625,0.9966873501640446,0.04450274996638908,1.0478966795286642,0.4793379814777846,52.715903484719774,140.0369127812352,0.5979277594873572,0.47669185435181216,1.5007026539290598,1.3235842732550085
2022,15358,"Togiai, Tommy",DT,11,2.2818181818181817,2.5,-1.5,8.0,2.75642000422095,1.2079928305350778,0.0,3.85,-0.8697770520867526,1.316079646873134,1.0334355031692803,0.6074449021286723,55.99817235655311,72.64812795991587,0.5651796808641437,0.728497322209166,,
2022,10269,"Quinn, Robert",DE,12,2.225,2.0,-1.0,8.7,2.5865437041220343,1.1624915524143973,0.0,3.25,-1.1037978374547426,0.43363851358222,1.0289057534193893,0.6203744282950729,64.36849379005963,86.84788491471122,0.5351837584879964,0.39228095605926194,1.6771481814326583,0.6476422428916294
2022,14543,"Harris, Darius",LB,16,2.8812499999999996,0.5,-1.3,15.0,5.203630793734313,1.8060323796041002,0.0,2.05,1.1113594208251152,0.059405285106667635,1.0268056851170448,0.46444575697671614,51.07810906865702,135.68620154165163,0.2621104313494034,0.3680047202477416,,
2022,14150,"Bryant, Austin",DE,9,2.488888888888889,0.0,0.0,11.0,3.552915686664012,1.427510766963219,0.0,4.4,-0.5946667509209453,1.0369214493451917,1.0252843871017936,0.5466582428001285,56.71988738102609,76.5281578237497,0.6414944545942097,0.4668596598370916,0.9517580979206823,
2022,14894,"Jennings, Anfernee",DE,15,2.533333333333333,1.5,0.0,15.5,3.7570674142947658,1.4830529266953023,0.5,2.75,-0.487109834139283,1.1633561957420964,1.020249430085628,0.5325409780237262,55.25511541647267,74.5518439547513,0.4913357073155716,0.5685065597938227,,0.3664974988550588
2022,15559,"Williams, Jonah",DT,15,2.3400000000000003,1.0,0.0,9.0,3.081947436281158,1.3170715539663067,0.0,3.0,-0.6632194101643932,1.6790437270376293,1.0098954415086772,0.5732557894307057,52.846400370535505,68.55923853897586,0.838814307889447,1.397020796698565,0.45141622964513645,
2022,14891,"Harrison, Malik",LB,16,2.03125,1.0,0.0,6.5,2.0651025246945975,1.0166658583111865,0.5,3.625,-0.5334235023718572,-0.11256251183592206,1.0072318086948855,0.6627021392057321,72.88164793823206,193.60610937147723,0.5944814630676776,0.39228095605926194,0.6629065418958977,0.7078626190160551
2022,10874,"Bethel, Justin",CB,16,2.98125,0.5,0.0,20.7,5.848527458899377,1.9617702168215938,0.0,2.0,0.5045354870291828,0.662324927576482,1.0065770744360143,0.43531255702654587,52.79084512553028,88.25154219889562,0.5214357993346519,0.4040820577345752,0.2996061220844662,0.436890080288644
2022,14400,"Ledbetter, Jonathan",DT,14,2.492857142857143,0.0,-1.0,11.9,3.7569866887695835,1.507100677443386,0.0,3.75,-0.23488525928628123,2.3113736978848713,0.9943187225330066,0.5240412273472079,48.3094859601151,62.673361826200654,0.6477862737344506,1.23818160202736,,
2022,14821,"Hasty, JaMycal",RB,16,2.8125,0.6499999999999999,-2.0,15.5,5.2313806733977986,1.8600464616525505,0.0,2.85,0.028292200013231857,0.15259278474364593,0.9833756331269256,0.4513445971944484,68.41908295300556,135.70928820693325,0.4374703486407661,0.6201473739873126,0.5330288572222309,0.4194600920581181
2022,11840,"O'Donnell, Pat",PN,16,2.6437500000000003,1.3,-6.8,15.4,4.538167134152289,1.7165644006249792,0.4,4.1,0.5623348859434534,2.4409859167196704,0.9731961441413916,0.47736912519247604,46.51699905938911,65.24358819375998,0.2162887439971423,-0.15594796545667627,0.921092505072591,1.4250623532570612
2022,13148,"Ogunbowale, Dare",RB,16,2.175,1.0,-1.3,9.9,2.7738736452837935,1.275344204728181,0.375,3.225,-0.7186830328078629,-0.07464643531599673,0.955899329640032,0.5763309014646252,87.3656891005179,173.2898917935391,0.6409607722319428,0.36710819741793743,0.41696822991622917,0.47228579415142896
2022,16054,"Blackwell, Josh",CB,15,2.2666666666666666,1.0,0.0,12.0,3.1084115271666044,1.3713580266911491,0.0,3.0,-0.6767514704564781,0.11162490897040113,0.9558517276404008,0.5517136371754584,66.90693549645647,111.84970097227635,0.6504761395303805,1.129532580315032,,
2022,15720,"Haskins, Hassan",RB,14,1.7357142857142855,1.25,0.0,4.1,1.4220745122416572,0.8193021881227656,0.625,2.975,-1.1295711647968227,-0.2518830218702466,0.9540549651651167,0.7166229927864037,108.63249121460214,215.47260534032003,0.8454247581119383,0.8231518774960178,,
2022,15906,"Womack, Samuel",CB,15,2.6666666666666665,1.0,-3.0,18.0,4.812021982031624,1.8045082432618589,0.0,3.5,0.05768928355046746,0.5156406734010375,0.950850001269787,0.45881909512918234,55.64150953293902,93.01705655364984,0.4313125460862654,0.0,,
2022,15831,"Chenal, Leo",LB,16,1.825,1.5,0.0,6.5,1.6835602157333132,0.922498748347021,0.875,2.5,-0.7333752697168345,-0.133077329741379,0.9492854034725113,0.6800667222968567,74.79134364701359,198.67911151563763,0.8376561898096775,0.9211714731721262,,
2022,15860,"Cook, Bryan",S,15,2.2,1.5,-5.0,8.5,2.937118769588092,1.3350539861764052,1.0,4.0,-0.5996412916414381,-0.02375727948358727,0.9421623709875964,0.5587842604581035,65.80000637054135,123.14315062751422,0.9924773694913359,0.8009431025426019,,
2022,15886,"Williams, Damarion",CB,13,2.292307692307692,1.0,-0.2,12.0,3.301855314926755,1.440406681008316,0.0,3.0,-0.5933562312838109,0.176029228279573,0.9393138078775326,0.5328648976997782,64.62112758577075,108.02846884748712,0.5307775326254867,0.11211680428938307,,
2022,14181,"Mullen, Trayvon",CB,8,2.4,0.5,-1.0,10.0,3.7376463182061515,1.5573526325858964,0.0,3.3,-0.40548307511483067,0.2851091876473673,0.9384704985222208,0.5065806602694498,61.43360844571867,102.69982750391347,0.34108039815172514,0.5912408759124088,,1.3026397094931783
2022,14256,"Bailey, Jake",PN,9,2.1333333333333333,3.0,-2.8,5.6,2.735365098523819,1.2822023899330401,0.9,4.2,-1.2613138299828255,1.1644077678388756,0.9347695641471679,0.5711177561134269,55.65228818101079,78.05651795135401,0.5746900532530055,0.2786544593056107,0.507193807467247,1.1665273711502424
2022,15861,"Bonitto, Nik",DE,14,2.2857142857142856,1.0,0.0,13.1,3.306672289878914,1.4466691268220249,0.25,2.75,-0.7243995768118532,1.080533047846457,0.9342147087469881,0.5307379182497655,55.06803445927999,74.29942876708208,0.5875071275498819,0.36931195326457805,,
2022,14919,"Igbinoghene, Noah",CB,9,2.4222222222222225,1.0,0.0,13.0,3.9106060279926997,1.6144703785290961,0.0,2.0,-0.3309186937413202,0.3383850926497825,0.9264676479467201,0.4932633993471373,59.818609182549686,100.0,0.40080971659919035,0.5820435416309214,0.19371294336139652,0.4820711025788316
2022,16046,"McCall, Marquan",DT,15,1.9666666666666666,1.5,0.0,8.5,2.2691163233490013,1.153787961024916,0.0,2.5,-1.1789869352107618,1.1357106437962274,0.9131199088562068,0.6015896872864842,55.458401047635206,71.94786626441484,0.5886202510105315,0.83484861008832,,
2022,12326,"Mayo, David",LB,12,2.225,0.75,0.0,10.7,3.228551016581071,1.4510341647555376,0.0,2.625,0.07629546379174737,-0.017933009942972557,0.9077800840127899,0.5261849724114217,57.86797060235879,153.7230971374421,0.611748929748937,0.7788305418974633,0.6219591366950753,0.841775831950163
2022,12155,"Abdullah, Ameer",RB,16,2.23125,1.4,-1.5,11.0,3.274850903094674,1.4677202927034951,-0.05,3.6999999999999997,-0.5664077393864047,0.00011878351449959667,0.9041745965283482,0.5219480282656739,79.12181881659195,156.93817060677142,0.6137166885293877,0.7093522639315206,0.4968695905125184,0.41323763783959855
2022,14839,"Reagor, Jalen",WR,16,2.3375000000000004,0.0,-3.5,10.2,3.708920833611847,1.586704099940897,0.0,5.225,-0.6637592723401278,0.03591531388766014,0.9036596029879913,0.4963982370047801,72.33578919038128,138.68602441693466,0.4246851408076523,0.41128146561337486,0.4547322005252354,1.0854474866801482
2022,13868,"Boone, Mike",RB,9,2.566666666666667,2.7,-3.2,14.5,4.766083880457367,1.856915797580792,-0.1,3.3,-0.11313778421933578,0.15137608059463634,0.8984047303179515,0.4451316907417376,67.47727182995327,133.84120533270664,0.41348941756464475,0.6206113425934593,,0.41002644347399714
2022,13634,"Pettis, Dante",WR,16,2.8187499999999996,0.44999999999999996,-3.4,17.3,6.0700307608363895,2.1534477200306483,-0.25,2.75,0.19841095977543013,0.21015827506321835,0.893862924092683,0.39868992022130034,58.097607669747234,111.38782511442429,0.36875239309403335,0.3595917942265425,,
2022,13378,"Breida, Matt",RB,16,2.25,1.7,-3.3,9.9,3.4256386265921277,1.5225060562631678,0.5,3.45,-0.520574830842288,0.021410772786369877,0.8919701082237014,0.5084012025926677,77.06826285240702,152.8649412361869,0.6006561602924819,0.4837498705028802,0.6478419377486435,0.6650264972180858
2022,15973,"Blackshear, Raheem",RB,12,2.566666666666667,0.35,-2.2,12.8,4.8833617746612035,1.902608483634235,-0.725,4.800000000000001,-0.077490406073317,0.16913412790547055,0.8842620977435616,0.4362585142598119,66.13219181449008,131.17323839130142,0.49680809622450894,0.6635234772723088,,
2022,15758,"Bell, David",WR,15,1.8533333333333337,1.1,-1.0,6.5,2.07456555023509,1.1193699012059837,0.6499999999999999,2.25,-1.2605516782255237,-0.10776463549277163,0.8744737444269322,0.6027951927034447,87.84009034252827,168.41169565409987,0.6428430648511677,0.493274279788784,,
2022,10755,"Curry, Vinny",DE,10,1.9,1.0,0.0,7.0,2.2561028345356955,1.1874225444924713,0.0,3.5,-1.2778899282924006,0.49039078385797824,0.8686021842390952,0.5835196541852864,60.54453491906068,81.68848595424662,0.5835196541852864,0.45757913208220313,,1.282073895270959
2022,15298,"Smith, Shi",WR,16,2.6750000000000003,1.9,-7.1,17.5,5.570177286227073,2.0823092658792794,-0.25,3.975,0.01588714703018055,0.1882870541700335,0.8678558085043139,0.4071427426482916,59.329363819470785,113.74941355312464,0.602721029697404,0.8221706542563746,,
2022,15812,"Hall, Logan",DT,16,2.2375,0.0,0.0,12.8,3.5501540459534993,1.5866610261244691,0.0,3.025,-0.366127233894302,2.5761141336748294,0.865014772868168,0.4917415932301967,45.33189824475245,58.810446944261216,0.43906436365693785,0.18749999999999997,,
2022,14950,"Wallace, K'Von",S,16,2.0625,0.75,0.0,10.5,2.860698122836452,1.3870051504661585,0.0,3.25,-0.6322512728896241,-0.00911785610960889,0.8640534351579485,0.5342298036202537,62.908580232247616,117.73191521712307,0.7015334161463505,0.8735974649009413,0.17992998979800387,0.5157505589560651
2022,13988,"Dwelley, Ross",TE,12,2.875,0.0,-1.0,22.6,6.706355816189098,2.3326455012831646,0.0,0.675,1.4068087921761836,0.22366683597004236,0.8626780132759521,0.37306868104381513,78.5195471330686,170.90794210181153,0.24347418181294192,0.40875912408759124,0.14288488480881145,0.4584612813360581
2022,15895,"McCollum, Zyon",CB,12,2.0,1.5,-2.0,9.0,2.6457513110645907,1.3228756555322954,0.75,2.5,-0.8762081696054054,0.06640354812189153,0.8610017480861207,0.5485837703548635,66.52737301445923,111.21517855996328,0.5413437065202945,0.6789828507143879,,
2022,12386,"Brown, Malcolm",RB,9,2.011111111111111,1.9,-0.5,8.6,2.7408208196509487,1.3628390815943945,0.0,2.8,-0.728729653973149,-0.04064234632397399,0.8511418008855919,0.5376122535852347,81.49635024600414,161.6480549870087,0.485957554292943,0.6393678048096759,,0.648171373971411
2022,15433,"Loudermilk, Isaiahh",DT,10,1.9,0.0,0.0,5.5,2.353720459187964,1.2388002416778758,0.0,4.375,-1.1253028856510217,1.418592614534926,0.8486688381702331,0.5665349939332889,52.22683427767896,67.75545664932994,0.5665349939332889,0.5701629369555018,0.9499308007519862,
2022,13354,"Butker, Harrison",PK,12,2.9583333333333326,2.95,-6.0,13.5,7.392164583004239,2.498759859043687,-4.375,9.825,0.43042655154297255,2.2604910850566196,0.8455376912155186,0.3525113579546011,46.185318530213046,61.51407849310888,0.1580619407081927,0.055410526340937134,1.1206021584391055,0.7521816880990838
2022,15363,"Melifonwu, Ifeatu",S,9,2.3444444444444446,0.0,0.0,11.1,4.159890786790525,1.7743609991049631,0.0,1.0,-0.07786381072889603,0.10003592979945154,0.8450394325759287,0.45435931520998324,53.50337858625728,100.13030350219087,0.5192967675372208,0.673585950363092,,
2022,15054,"Ricci, Giovanni",TE,14,1.75,1.25,-0.1,6.4,1.8889717535511974,1.0794124306006843,0.0,2.45,-0.6773103191603908,-0.02244547298076983,0.8415838889135012,0.6057518554305198,127.49223877582574,277.5033346308299,0.5141446123902428,0.3529123293745963,0.13245893206505988,
2022,14670,"Ekuale, Daniel",DT,14,2.2357142857142858,1.4,-4.0,12.0,3.719755587757489,1.6637884418084614,0.0,4.375,-0.25850959221134495,2.8327588816934903,0.8392987410803715,0.47369280975342776,43.66804546663806,56.65188025459727,0.31290877319434846,0.6589391344292801,,0.6377566127752454
2022,15798,"Likely, Isaiah",TE,15,2.533333333333333,2.1,-6.0,17.9,5.1221957097409785,2.021919359108281,0.0,4.4,0.721462074883805,0.16264584147905486,0.8383193038218196,0.41379489540044695,87.09116965249268,189.56518630096133,0.5975457244005338,0.6303067328868418,,
2022,12181,"Agholor, Nelson",WR,15,2.9266666666666667,0.0,-4.9,24.5,7.321699863343818,2.5017197710741974,-1.0,4.65,0.6554637332179748,0.3172330639402472,0.8357798047811444,0.3516909663563228,51.24885969783867,98.25704104351735,0.26275804338105047,0.07358174086711941,0.8420151356014698,1.0375234638645467
2022,15909,"Mitchell, James",TE,13,1.8230769230769233,0.3,0.0,5.7,2.1580453571029525,1.1837379595923367,0.0,3.0,-0.5609024446320433,-0.0019578259314719103,0.8348423468433263,0.57728015811316,121.49981729135828,264.46005481693385,0.7449768409577204,0.6778911447342163,,
2022,13620,"Jackson, Justin",RB,15,2.24,1.2,-1.7,12.9,3.8131002259753592,1.7022768865961424,0.0,3.25,-0.4028033595514654,0.09127707275453219,0.8289305996402027,0.4653965001416673,70.54920330754068,139.93438308737205,0.5877765361709477,0.5223857381417832,0.6299911341930619,0.5688914220285439
2022,13676,"Smythe, Durham",TE,15,1.88,1.1,-2.0,5.8,2.385567717197173,1.2689189985091347,0.0,4.65,-0.4624706624109857,0.01477018951678433,0.8285884164376577,0.5552983006219131,116.87330859991,254.389860725881,0.44188124427779335,0.8425809647455823,0.7244719957138939,0.7552652180484698
2022,13841,"Crossen, Keion",CB,15,2.013333333333333,2.0,-5.2,7.0,2.8913357159316906,1.4360938986415683,0.7,4.0,-0.7703346731333315,0.17200653130733198,0.8264596592339984,0.5173887529391143,62.74431804280444,104.89096771094478,0.5199305276923436,0.5044723932816457,0.23294022188164626,0.5785668808851384
2022,15934,"Thomas, Isaiah",DE,10,2.5300000000000002,0.5,-3.0,14.0,5.250533306246138,2.0753096072119117,0.0,1.75,0.29971959180316404,2.5115540973756447,0.8226813957420399,0.40476546176816297,41.99744851485449,56.66420574055526,0.40476546176816297,0.48948972757355114,,
2022,14264,"Johnson, Jaquan",S,16,1.9125,1.0,0.0,10.0,2.603333199957316,1.3612199738338908,0.0,2.025,-0.7420732341758829,-0.016383913043140096,0.809962655404228,0.5307585765375944,62.49982361486307,116.9669369066177,0.4921954655068196,0.5242971091445747,0.30323675799176864,0.2032778779321518
2022,15094,"Locke, P.J.",S,15,2.2,0.5,-0.5,12.5,3.7894590642992836,1.7224813928633105,0.0,1.25,-0.2359332858987513,0.08541667091218451,0.8080863310092996,0.459342061486409,54.090125135744586,101.228385747302,0.49280500113761017,0.46360626222770945,0.17697443431266854,-0.077071958863092
2022,12227,"Davis, Carl",DT,15,1.9333333333333333,1.5,0.0,9.1,2.692623668881751,1.3927363804560782,0.0,2.25,-0.910257881943561,1.9308216474583892,0.808000977092521,0.5235663058832125,48.26570464940947,62.616563003515104,0.6427695027512081,0.8071786814639217,0.6996024980737108,
2022,14875,"Bryant, Harrison",TE,16,1.8375,1.1,-1.0,7.5,2.372202299552043,1.2909944487358056,0.0,2.3499999999999996,-0.4682528715898732,0.019105408681928133,0.8020534493280643,0.5448961351589405,114.68397091798349,249.62448431394256,0.7050461912942217,0.6257930780711809,0.6962634559361027,0.3124079057574383
2022,13750,"Burks, Oren",LB,16,1.8625,1.25,0.0,10.5,2.4866832830097203,1.3351319640320645,0.5,2.125,-0.3124891112862852,-0.04318293577789082,0.7975994627661331,0.5341752745584285,58.74671589914659,156.0574359298876,0.5691652515996584,0.7172794335215446,0.706431466590627,0.505685767738531
2022,9577,"Huber, Kevin",PN,9,1.966666666666667,2.2,-2.9,6.2,2.8944391128123215,1.4717487014299937,0.5,3.9,-1.1004003651867107,1.7214792278233801,0.7956580155292005,0.504993558686417,49.20884836224399,69.01910920643104,0.40057173195496804,-0.0761141173547877,0.7953105211947923,0.7301658141824305
2022,14253,"Cowart, Byron",DT,16,1.625,1.5,0.0,6.0,1.709349291397168,1.051907256244411,0.0,2.5,-1.5341771488713527,0.796698276086582,0.7919461247845208,0.5997750106122395,55.29111249715159,71.73083775240589,0.5991770358426874,0.7777777777777777,,1.499617212984133
2022,11647,"Thomas, Logan",TE,13,2.338461538461538,0.0,-3.0,11.0,4.574265550385524,1.9561003998359152,-1.0,5.5,0.48441397949796866,0.149720188287953,0.7910629620669648,0.41951025069119763,88.29407713826372,192.18346990597985,0.2932065102243462,0.2897907297339383,,0.8060046530105687
2022,13863,"Pringle, Byron",WR,10,2.3500000000000005,1.1,-4.0,11.8,4.643543905251677,1.9759761298943304,-0.9,5.95,-0.32247732636843734,0.15559537520209607,0.7896568713686032,0.41640501774304894,60.6790744524504,116.3371506041237,0.4164050177430489,0.6517973869033051,0.9164374739478919,0.3174054530961948
2022,13776,"Watson, Justin",WR,16,2.3187499999999996,2.2,-3.0,13.5,4.588330136062575,1.9787946678436983,-1.0,3.8249999999999997,-0.34263889006729537,0.1564619229338655,0.7784188769474687,0.4149271685000601,60.463720361063935,115.92426227995401,0.5031851049506544,0.01994558106178746,,0.5678382372879013
2022,13934,"Facyson, Brandon",CB,15,2.2133333333333334,1.0,-7.8,11.0,4.085399477271334,1.8458130168394582,0.5,3.5,-0.2555637718945612,0.5541672146174008,0.7777507939686941,0.4352329336614748,52.78118911017765,88.23540003931586,0.34461781462323693,0.36601794759380707,1.084678623064238,0.3654415010653573
2022,11182,"Burkhead, Rex",RB,15,2.1733333333333333,0.9,-1.5,11.4,3.924872255529117,1.8059228169612502,-0.35,2.55,-0.36882952474909697,0.13155812195453487,0.7745520725644917,0.4412974023627412,66.89603413197484,132.68832004300072,0.31920752478367587,0.3145970061403316,0.462091104859793,0.868671799251938
2022,9875,"Alualu, Tyson",DT,16,1.74375,1.5,-1.0,7.5,2.190310694285174,1.2560921544287738,0.0,1.85,-1.2289916454332221,1.4761321878676799,0.7729072576122251,0.5465768594650018,50.38696526247457,65.36853875502815,0.5452782725877988,0.7718835793202131,,1.0621715225185475
2022,15915,"Barno, Amare",DE,8,1.8125,0.0,0.0,6.5,2.4486922530199666,1.3510026223558436,0.0,4.0,-1.1764245902453614,0.862760273269362,0.7709476726077693,0.5255615366702615,54.530946097222625,73.57477318621477,,0.5689939262453458,,
2022,16064,"Flowers, Dallis",CB,12,1.75,1.0,0.0,7.0,2.2407216099581255,1.2804123485475003,0.0,2.0,-1.0508198704354577,0.02679639851098018,0.767405070891962,0.5400031877537955,65.48679607757069,109.47562468014473,0.5213706176572719,0.6456574684354723,,
2022,15799,"Ferguson, Jake",TE,15,2.1333333333333333,0.6,-3.2,10.9,3.829302228285926,1.7949854195090278,0.0,3.35,0.16212448033306512,0.11808012009758741,0.7632717217208519,0.44174773755887337,92.9743879950799,202.3707713632795,0.5643103946982522,0.45913158624312295,,
2022,10276,"Ingram, Mark",RB,10,1.8199999999999998,1.7999999999999998,-2.9,7.4,2.6010767001378485,1.429163022053763,0.35,2.6,-0.7712057873125465,-0.014866149425834516,0.7492292544702333,0.505404397504316,76.61397879271416,151.9638685569898,0.505404397504316,0.6423336809827819,0.7709981612510789,0.9842617864741515
2022,13930,"Turner, Zeke",LB,14,1.8214285714285714,0.5,0.0,8.5,2.703219924309466,1.4841207427581382,0.0,2.5,-0.1990105189888764,-0.010724918677387923,0.7332286792977,0.491849959942147,54.09192682235881,143.69224347615074,0.432584102152092,0.4682650405689125,,0.38812569656180407
2022,15996,"Virgil, Jalen",WR,8,2.4375,0.5,-1.0,17.2,5.665672400518759,2.324378420725645,-0.25,1.575,0.05075763057075259,0.26271020575842874,0.7332197757040978,0.36567953741775555,53.287292254489195,102.16523241722119,,0.32500661492126004,,
2022,13898,"Joseph, Greg",PK,16,2.95,3.55,-11.1,17.4,9.032233942940142,3.0617742179458105,-1.4749999999999999,7.825,1.4881718483285833,3.322899450708996,0.7262835996560942,0.2940521539647674,38.5261129574925,51.312807011415465,0.4245712261239176,0.594335347413284,0.9957172288020094,
2022,14472,"Dodson, Tyrel",LB,16,2.06875,0.25,-1.0,12.1,3.8278124872438566,1.8503021086375138,0.0,1.375,0.3903455372606189,0.0690496867474316,0.7258002559556372,0.42850670059495743,47.12565818689751,125.18673206824107,0.33682386819870136,0.0,0.2348739770247557,0.518651273348558
2022,13193,"Smith, Jonnu",TE,14,2.071428571428571,0.95,-3.0,11.7,3.856613720319304,1.861813520154147,0.0,3.425,0.17394010511318936,0.13120395040284005,0.7238167535517818,0.4265170529750063,89.76879471744049,195.39338330768769,0.46083008108097717,0.20519163375170432,0.5384203090113804,0.9222542364584062
2022,14076,"Williams, Trayveon",RB,8,1.75,0.55,0.0,7.9,2.543127995205904,1.4532159972605165,0.0,2.3,-0.7888196727920276,-0.0055181791360540385,0.7133493348951778,0.4939138530608746,74.87213338603853,148.50891724656623,0.46795984793553186,0.3514130580719167,,0.2771462286254382
2022,13926,"Board, Chris",LB,16,1.5625,1.0,-0.5,7.0,1.8614090764794289,1.1913018089468346,0.0,2.25,-0.6401714671731825,-0.07451711861529517,0.7130464610673396,0.5460596364370388,60.053716174482254,159.52941063701337,0.4919016343087123,0.3112494995995995,0.6468835011635655,0.7076521947488437
2022,15000,"Bailey, Markus",LB,16,1.4375,1.0,-0.5,4.5,1.4776988021921111,1.0279643841336426,0.0,3.0,-0.8412593824323011,-0.11010106643384915,0.7088388786542263,0.5801754429263924,63.80565245262066,169.4962240388688,0.5397615864099298,0.5446073247603165,0.565154840293017,0.14285714285714285
2022,15397,"Golston, Chauncey",DE,14,1.7785714285714285,1.0,-2.0,8.9,2.6849257961091295,1.5095968331537275,0.0,2.75,-1.0519654351358125,1.2237800629025148,0.7087080303398201,0.4826613959090849,50.07973515390978,67.5690670872531,0.5325472832235928,0.9143527037958908,0.9259828745417028,
2022,14519,"Kunaszyk, Jordan",LB,15,1.6666666666666667,1.0,0.0,7.5,2.3142073276946373,1.3885243966167824,0.0,1.75,-0.4028771790831481,-0.031551103470180676,0.697780884728417,0.5028854570260093,55.30557193636644,146.9162253059779,0.6601522009905441,0.5666007881980383,0.20742375470723953,
2022,15794,"McBride, Trey",TE,15,2.1266666666666665,0.8,-2.3,15.6,4.459666155915959,2.097021703408758,0.0,2.7,0.43483545616328617,0.17739458358920648,0.6866812280733894,0.3895232063525099,81.98272145237468,178.445988584038,0.4882732263103943,0.7831492272377205,,
2022,14561,"Smith, Jeff",WR,11,2.027272727272727,0.0,-1.0,13.4,3.9817974262638796,1.9641153223723176,0.0,2.8,-0.5641171199299442,0.15194881942041555,0.6839385471852044,0.40693600197089685,59.299237302206464,113.69165339102949,0.43540551396505545,0.5634224759271141,0.38829140969840314,0.09961092273442211
2022,14086,"Hill, Justice",RB,14,2.05,1.2999999999999998,-5.3,11.0,4.114043891702803,2.0068506788794163,0.025,3.875,-0.3113295764854979,0.2096469100339719,0.6817764561438041,0.40085694284438755,60.765686783977536,120.52877274784908,0.1472126956645707,-0.13335043106012803,,0.22934098326961397
2022,12635,"Williams, Jonathan",RB,12,1.7249999999999999,0.35,-0.4,8.1,2.6870445350483743,1.5577069768396374,0.0,1.875,-0.74507530517647,0.03509129076359576,0.6744322221505805,0.46785439763541337,70.92179465694404,140.6734182313292,0.5086502884468815,0.5849119545395617,,
2022,15800,"Heyward, Connor",RB,16,1.6812500000000004,0.75,-1.5,8.3,2.515755043222611,1.496359877009731,0.5,1.975,-0.7971398594473688,0.011249297760869678,0.6734806209166799,0.478204533402001,72.49076613016176,143.78547400082275,0.5892102700886606,0.747812557909724,,
2022,15297,"Rodgers, Amari",WR,15,2.0533333333333332,0.0,-4.7,14.5,4.257834608760133,2.0736207510195452,0.0,3.0,-0.4633208634908909,0.1856158065305132,0.6680503222956917,0.3905283231831319,56.90828925803799,109.10760056538807,0.422113105840663,0.8681736875334336,0.35476149215484404,
2022,15454,"Williams, Avery",RB,16,1.5375,1.05,-0.7,6.2,2.0303555723074713,1.3205564697934773,0.0,2.225,-0.944680183300006,-0.05707509925752027,0.662556597959813,0.5073662028476965,76.91136780182326,152.55373981811852,0.34029041893284745,0.389027075672939,0.7455794993956172,
2022,15476,"Mukuamu, Israel",S,15,1.7,0.5,0.0,10.0,2.737395355686375,1.610232562168456,0.0,2.0,-0.684866647078762,0.0537858464977236,0.6512829640695778,0.45486223377826024,53.562600091475346,100.24113514400545,0.4438005779401636,0.594549585811535,,
2022,13315,"Saubert, Eric",TE,16,1.75625,0.25,-2.0,8.5,2.980765159736674,1.6972328311667895,0.0,3.325,-0.2049735750112374,0.09888327971280164,0.6511302916479288,0.4411840260670326,92.85574396704409,202.11252730285585,0.31614630295793106,0.40169089415054116,0.1428640779617863,
2022,13910,"Powell, Brandon",WR,16,2.13125,0.85,-5.0,15.8,4.871308698645571,2.285658040420209,-0.225,2.6500000000000004,-0.23930795652084277,0.2508057863999992,0.6486524080660051,0.3629940289958949,52.895956515174646,101.41494271270224,0.4250728723512045,0.38525507299748624,,0.1296394611306717
2022,15462,"Brightwell, Gary",RB,16,1.65,0.25,-0.7,8.3,2.5622255950637913,1.5528639970083584,0.0,3.5999999999999996,-0.7830148331976858,0.03320911065125395,0.6463329037244429,0.4631935726604233,70.21526272419135,139.2720117588806,0.3577871536343952,0.3043152919437661,0.1485148514851485,
2022,16000,"Hendershot, Peyton",TE,16,1.6625,0.2,-1.4,8.0,2.652563618464221,1.5955269885499073,0.0,4.1,-0.3469616531138349,0.07891009168753074,0.6405250291497916,0.4551597654852142,95.797209669539,208.51500755563285,0.5578826557782779,0.51159182551264,,
2022,13814,"Scott, Boston",RB,14,1.6857142857142855,0.6,-1.0,9.4,2.760397782633392,1.637524108341843,0.0,2.7,-0.7227791088416613,0.06611149377318533,0.6391275364584474,0.44828084238837795,67.95465002187667,134.78808523572926,0.4080137414101405,0.38751699683034935,0.6152717911430162,0.609924577684624
2022,11956,"Sorensen, Daniel",S,16,2.14375,0.45,0.0,19.9,5.050614906870251,2.355971968219359,0.0,1.0,0.30222322186983736,0.2639292579321357,0.6387866228624816,0.3543028325213443,41.72116197026146,78.08016467243021,0.4546702995353115,0.6845445543603464,0.9062772012922279,1.272851426016471
2022,14434,"Reaves, Jeremy",S,16,1.65625,1.0,-2.0,10.5,2.6499926297067318,1.5999955500116116,0.375,2.125,-0.7221628670976712,0.05090113819334849,0.637020321051166,0.45376803956261025,53.43375253535171,100.0,0.45238095238095244,0.7737947572755077,,0.7557058657978392
2022,14211,"Long, David",CB,11,1.6181818181818182,2.0,-3.2,7.0,2.494291002129821,1.5414157878330352,0.0,2.5,-0.9415039789722192,0.27024428335061856,0.6367245477614578,0.4630930329487478,56.159814796288146,93.88351812878845,0.4139191379542109,0.6061230866018628,0.7334504124441552,0.17654510592439107
2022,10932,"Bolden, Brandon",RB,15,1.5733333333333333,0.8,-0.7,8.6,2.4076175406866893,1.5302653860296755,0.0,1.85,-0.8300089561414492,0.02442636580563003,0.6218056580231307,0.46171065694663654,69.99046833457292,138.82613196494975,0.38011190161763214,0.48145042365889407,1.0085633225700996,
2022,13715,"Harrison, Ronnie",LB,15,1.4733333333333334,1.0,-1.0,8.0,2.0338687819577306,1.3804539244056995,0.25,2.0,-0.5497919152958053,-0.03330929980735637,0.6189295739891977,0.4856285618201996,53.40771936204973,141.87468380041938,0.44840262663723823,0.5579808285388187,0.9226357407637881,0.7305714835409046
2022,15951,"Matthew, Christian",CB,13,1.6923076923076923,0.0,-2.2,9.0,2.95152152117189,1.7440808988742988,0.0,3.0,-0.7443880677606673,0.4592777794181183,0.6167120266031245,0.42826736062057685,51.936466205503464,86.82325937570343,0.5780391017276318,1.109334665228403,,
2022,13785,"Neal, Siran",CB,16,2.0,0.5,0.0,19.0,4.5,2.25,0.0,2.0,-0.07682600959981101,0.931167864108849,0.6153846153846154,0.36363636363636365,44.098592252572324,73.72052419004885,0.47722557505166113,0.6363636363636362,0.446848236839837,0.24420680711851944
2022,15229,"Green, A.J.",CB,16,1.625,0.0,0.0,10.0,2.666341125962693,1.640825308284734,0.0,2.25,-0.8673317277313598,0.36296734306636874,0.6153379380688638,0.44322116905401543,53.749931432509,89.85486651566777,0.6186003833785182,0.6095684691972606,0.5961853805848972,
2022,15733,"Strong Jr., Pierre",RB,14,2.1571428571428575,0.0,-1.2,21.0,5.486049096925542,2.543201568111178,0.0,1.375,0.10570032246438452,0.4180948103181782,0.6088117810053901,0.3325819501066322,50.415917625828435,100.0,0.39103968719080234,0.6487760580799717,,
2022,15761,"Shakir, Khalil",WR,14,2.014285714285714,0.0,-2.0,17.0,4.667495067386962,2.317196132745301,-0.22499999999999998,3.5249999999999995,-0.31373144851687546,0.260502041288024,0.6072253896602422,0.35541022803473105,51.79083529053323,99.29614549130314,0.22709116530769363,0.5724426660047762,,
2022,15332,"Tremble, Tommy",TE,16,1.80625,0.55,-3.0,10.1,3.62895796854965,2.0091116780897718,-1.0,2.875,0.0754506143647549,0.16013064456835238,0.6002602074066702,0.3902066107042091,82.1265571666299,178.75906560525976,0.48979309261082865,0.4219580103645777,0.46365938425486647,
2022,13940,"Mundt, Johnny",TE,16,1.4375,1.25,-1.8,4.6,2.013974615033665,1.401025819153854,-0.075,3.2750000000000004,-0.6232309995130564,0.04071357979080323,0.5987024331569203,0.47694495926733066,100.38232666513325,218.4951072712491,0.598136196894049,0.5669284330735712,,0.1868782445742826
2022,14846,"Mims, Denzel",WR,9,2.022222222222222,1.6,-2.7,14.2,4.814740740170931,2.380915750633977,-1.0,2.5,-0.25996400871308994,0.28009237192842845,0.5981285460434861,0.34777513092746704,50.67823912554359,97.16301691648613,0.2830009509166982,0.38057450142262506,0.0979783357806059,1.1480787063516518
2022,15481,"Johnson, Patrick",DE,15,1.4333333333333333,1.0,0.0,7.0,2.0319667538837556,1.4176512236398295,0.0,1.75,-1.39597556025948,1.0144774380626782,0.592861914621174,0.4727404518856696,49.05036289961209,66.18020744782733,0.41907832257311667,0.6533973353728763,0.513082824431966,
2022,15563,"Wilcox, Mitchell",TE,16,1.5812499999999998,0.1,0.0,10.3,2.6458029853902576,1.6732350895748667,0.0,2.0,-0.34988646965554654,0.09417055729032621,0.5915117627202294,0.43371789598519356,91.28435193482541,198.6921894600186,0.49504211423170025,0.7924469258092209,,
2022,14370,"Hudson, Tanner",TE,11,1.6727272727272726,0.0,-3.0,9.6,3.1209237878000478,1.8657696557500287,0.0,3.0,-0.14433749709685992,0.13198086388270436,0.5836921573131413,0.4059107517783669,85.43179855490894,185.95335065205418,0.4354107005056463,0.4755147907769401,,0.156916745908239
2022,15070,"Fortson, Jody",TE,13,1.6615384615384614,0.7,-1.4,10.2,3.105463785885095,1.8690291303938074,0.0,4.0,-0.15102587506990647,0.13262096575147336,0.5791291708879918,0.4047139490673283,85.17990818819294,185.4050787149053,0.40121518967595504,0.5546473753882268,,
2022,11299,"Bostic, Jon",LB,15,1.2,0.5,0.0,3.5,1.2884098726725126,1.0736748938937606,0.0,2.25,-0.9404584885532508,-0.10014278286274578,0.5786828029473549,0.5243815866772955,57.669640588924786,153.19624431016942,0.7043539701508985,0.9188919134710651,,1.5197084520511142
2022,15277,"Jackson, Deon",RB,15,2.166666666666666,0.0,-1.6,20.7,6.005737997023253,2.7718790755491947,-0.65,0.5,0.2636631411680786,0.5069682460198632,0.5744263332066641,0.3092702963752406,46.88211666679605,92.9907038779713,0.2916007610374583,0.12168977128526096,0.1813532974568741,
2022,13412,"Cole, Keelan",WR,13,1.9000000000000001,0.0,-4.0,14.0,4.410825842785522,2.3214872856765907,0.0,3.0,-0.4074554053729083,0.26182133835128285,0.5720328986937452,0.3511478756118807,51.16971981644374,98.10530985144305,0.43228366459619516,0.4620690081427494,0.6463646477269299,0.9296227750072822
2022,14024,"Delaney, Dee",S,16,1.375,1.0,-1.0,7.0,1.9324531042175384,1.405420439430937,0.0,3.0,-1.0283491068854516,-0.003928574687426796,0.5716256407654418,0.46889070383510495,55.21453176605861,103.33268607614401,0.5941099943750894,0.5941099943750894,0.36106173191496416,
2022,15117,"Flannigan-Fowles, Demetrius",LB,16,1.375,0.75,0.0,8.0,1.940521837032503,1.4112886087509113,0.0,1.625,-0.5987114877145681,-0.026591795842808835,0.5702345190077738,0.467604077168702,51.42545000312935,136.60889372618664,0.48457801504282655,0.4672514169971265,0.5767875024468035,0.380367791839941
2022,12835,"Parks, Will",S,13,1.4230769230769231,0.5,0.0,6.5,2.1559056088063877,1.5149606980801642,0.0,1.5,-0.9329981475016094,0.026938995746936426,0.5658445971594116,0.45092505907207814,53.098975506673455,99.37347273437935,0.49160190014780863,0.491087239630632,,0.8774210949093075
2022,13488,"Pascal, Zach",WR,16,1.8125,1.05,-4.0,16.4,4.06384593088862,2.2421218929040663,0.925,1.775,-0.5341567282254372,0.23742077950713403,0.559047457150505,0.3579295311778841,52.1579513829863,100.0,0.3706455980501051,0.08776487331856989,0.4218350140157366,1.0758221947513924
2022,14495,"Gifford, Luke",LB,15,1.5,0.5,0.0,8.0,2.5298221281347035,1.6865480854231356,0.0,1.25,-0.2898816884097913,0.03337498069765136,0.5583372983862851,0.42495059114852873,46.73456979081195,124.14782714596726,0.5219096135361523,0.5,0.3020408872971562,
2022,15464,"Echols, Brandin",CB,13,1.2307692307692308,1.0,0.0,5.0,1.5764539639937842,1.2808688457449495,0.0,2.0,-1.337191223329699,0.027222190896929004,0.5396054372285716,0.47769890243309626,57.93108507422071,96.84458710404186,0.43767601127625677,0.33333333333333337,0.8925400250825559,
2022,15292,"Brown, Dyami",WR,14,2.221428571428571,0.0,-1.8,27.0,7.004914455624155,3.1533376970655365,0.0,0.875,0.5397880734974057,0.5175702763147352,0.5348538292463144,0.27750809627551015,40.43883651145207,77.53148933039391,0.35811945887898566,0.3796080484696304,0.2760747513143886,
2022,14702,"Teamer, Roderic",S,16,1.3375,1.25,-2.0,5.5,2.0254243382560606,1.514335953836307,0.0,2.125,-0.9886767103867676,0.026762947806311443,0.5319495980476586,0.44208674567977213,52.05821412760061,97.42571250851034,0.5161969701620258,0.7908727155297922,0.42274751857706533,
2022,15786,"Nailor, Jalen",WR,14,1.9928571428571427,0.0,-1.0,21.8,5.56551426011935,2.7927311699523623,0.0,1.0,0.01418442143689051,0.40670330423751405,0.5254411803940677,0.3035340513937008,44.231372146282766,84.80274047095885,0.3387329442776818,0.4713212690296548,,
2022,12188,"Dorsett, Phillip",WR,15,1.86,-0.5,-3.3,12.0,4.761344347975685,2.5598625526750993,-1.6,2.55,-0.2794619487802958,0.3351088195341444,0.5224920829042351,0.32284131752227807,47.044851785022715,90.19689335491911,0.32851894398502524,0.4042320749101658,,
2022,14893,"Baun, Zack",LB,13,1.2692307692307692,1.0,-0.5,7.0,1.8252016181084112,1.4380376385096574,0.0,1.5,-0.6591464147014509,-0.020764373987586276,0.5205952316661668,0.4492531651884623,49.407281315923534,131.24773905091905,0.5222606236358349,0.7957989626455095,0.39605785708298796,0.33544583419829455
2022,12772,"Murray, Eric",S,16,1.15625,0.5,0.0,5.5,1.4547202265384227,1.2581364121413385,0.0,2.0,-1.2322057980410206,-0.04543203781851769,0.5120372683347127,0.47103127578433296,55.466596217158816,103.80441871542183,0.4966368437666293,0.08333333333333334,0.9107324073802973,0.8791960753429074
2022,15034,"Callaway, Marquez",WR,13,1.3923076923076922,0.0,-1.0,7.6,2.4030306308946106,1.7259336022999967,0.0,2.0,-1.1406111318033738,0.07872084343240746,0.510763611825665,0.40913757274693513,59.62005302569517,114.3067383684532,0.38661639200476966,0.1558277489632704,0.9367866827945348,0.7039264072378627
2022,13678,"Thomas, Ian",TE,16,1.3375,0.6,-1.3,7.6,2.1774052792257117,1.6279665639070742,0.0,1.8499999999999999,-0.5525268650300432,0.08528063758143094,0.5089486367024015,0.4209409510158331,88.59519579893285,192.83889358712,0.36881757290182904,0.4952328470215239,0.37075195334705724,0.20810767177944117
2022,15956,"Hicks, Elijah",S,14,1.2857142857142858,0.5,0.0,7.0,1.9974473505870807,1.5535701615677293,0.0,1.0,-1.000614963752133,0.03781883434081581,0.5034967533161254,0.428936403324137,50.50968695529585,94.52768064881595,0.5267878198799028,0.971619897266436,,
2022,15395,"Koonce, Malcolm",DE,16,1.3125,0.5,-1.0,7.0,2.1423920626253263,1.632298714381201,0.0,2.0,-1.3377982140241924,1.5030954750192205,0.4986136234574508,0.41767544400664813,43.33695587306633,58.471508879693744,0.523056455980672,0.7695710875288734,,
2022,12923,"Ham, C.J.",RB,16,1.2937499999999997,0.8,0.0,7.6,2.091192467827866,1.616380651461153,0.0,1.225,-0.9261884135204766,0.05789428134748714,0.4944808009023793,0.41852780552001606,63.44440328301236,125.84200837893576,0.49735891871882804,0.6025248425064936,0.40328902677893996,0.3638801161566853
2022,15140,"Lewis, Cam",S,13,1.3846153846153846,1.0,-3.0,9.0,2.5880928986554954,1.8691782045845244,0.0,2.0,-0.7485765282566598,0.12675466138380953,0.4825825675111337,0.38589173238357843,45.4409335516395,85.0416289246686,0.40971350736920215,0.07351684218454341,,
2022,8269,"Lewis, Marcedes",TE,16,1.4187500000000002,0.0,-0.7,10.4,2.7622949584539302,1.9469920412010078,0.0,2.2,-0.2994891701621857,0.14793147138697912,0.4814230850185151,0.37709696227087375,79.36737712723564,172.75335365658927,0.43727803604196364,0.6278830072978399,0.3252470006258163,0.2931153418916734
2022,15489,"Norwood, Tre",S,15,1.4,0.5,-2.0,10.0,2.6783079235467553,1.9130770882476824,0.0,1.75,-0.7100802527727639,0.1391250163580627,0.4805914699779362,0.380609788277342,44.81895476584788,83.8776103853004,0.25991338625727445,0.16064915440886857,0.8183034239296834,
2022,13188,"Howard, O.J.",TE,13,1.6923076923076923,0.0,-2.0,15.6,4.383616620389631,2.5903189120484185,-1.0,1.9,0.40193455220008845,0.2742692335305636,0.47135302845344285,0.31434402031867087,66.15980213174568,144.0053597486637,0.221070994459487,0.03176127876989287,0.30179717456313243,
2022,15604,"Zylstra, Shane",TE,12,1.708333333333333,0.0,-2.1,15.7,4.512105630658731,2.641232564288038,0.0,1.0,0.45752206575862275,0.2842677539996952,0.46916347779817236,0.3099239107159811,65.22950424849621,141.98044617525264,0.3491503492120811,0.47153761206234507,,
2022,15829,"Asamoah, Brian",LB,16,1.55,0.0,-1.0,13.8,3.6443449342783127,2.3511902801795563,0.0,1.0,0.29419719249175297,0.1781709036361371,0.4625222295395746,0.3337392079903418,36.70346302048893,97.50074095304718,0.41927391059524194,0.8004834279270604,,
2022,15360,"Farley, Caleb",CB,9,1.1111111111111112,0.0,0.0,4.0,1.5947444549341472,1.4352700094407325,0.0,1.0,-1.3293060392965559,0.1712380583560377,0.456257871531166,0.4282160075525859,51.93023856098626,86.81284849420301,0.39228095605926194,0.14285714285714288,,
2022,16045,"Schooler, Brenden",S,15,1.2333333333333334,1.0,-2.0,7.0,2.112397269033981,1.7127545424599844,0.0,1.5,-0.9515638912426808,0.08267572211736166,0.454642435955492,0.3962647524479202,46.662415319497235,87.32760307003599,0.5081661698618581,0.2142857142857143,,
2022,15019,"Garvin, Jonathan",DE,13,1.0769230769230769,1.0,-2.0,4.0,1.4915938022819475,1.3850513878332371,0.0,2.0,-1.680669935668437,0.9402680088170532,0.4515303453907699,0.43222257012229187,44.84632917140069,60.50800019382364,0.5464374369818494,0.16974571267859698,0.6691248968814488,0.2601387970624088
2022,12110,"Brate, Cameron",TE,10,1.6200000000000003,0.2,-1.6,13.8,4.22748151977037,2.609556493685413,-0.44999999999999996,1.625,0.3343866583805376,0.27804714663074387,0.44880860095528113,0.3099006651430808,65.22461176636163,141.96979705558854,0.3099006651430806,0.09016338290383671,0.5966530829638842,0.7536033257312206
2022,11375,"Klein, A.J.",LB,10,1.45,0.0,-2.0,9.5,3.2361242250568814,2.231809810384056,0.0,0.875,0.08026429341730763,0.1521632179351045,0.44866501591183905,0.3422940223101058,37.64429137842551,100.0,0.3422940223101058,0.2142857142857143,0.7598176595445356,0.8000319381165683
2022,15620,"Myarick, Chris",TE,16,1.125,0.15,-1.0,4.6,1.7097148885121167,1.519746567566326,0.0,2.0,-0.7548612583025893,0.0640281875805978,0.4464734725629851,0.41517283045882686,87.38118283842951,190.1964374810892,0.38293396080369124,0.14285714285714288,,
2022,15341,"Morris, Quintin",TE,14,1.5357142857142858,0.0,-2.0,12.6,3.7615739758125457,2.4493970075058438,-0.07500000000000001,0.875,0.1328235685681212,0.246594720209724,0.44521238998369606,0.3225224040443941,67.88110177187502,147.7519908739876,0.3650292821612065,0.5604009202111476,,
2022,13652,"Wilson, Cedrick",WR,15,1.2066666666666666,0.0,-1.3,4.6,2.071864431429388,1.7170147221790508,0.0,3.5,-1.2615380042753326,0.07597877095456056,0.4441148797673491,0.39281247385815954,57.24113863055958,109.74575709511359,0.4232459634151795,0.5137409762747754,0.8036353138433668,0.34320032240092474
2022,14876,"Deguara, Josiah",TE,16,1.3312500000000003,0.0,-1.0,8.3,2.6913562449999073,2.0216760525820896,0.0,1.3,-0.33017900649676296,0.16259806047778338,0.440566750649004,0.3606398059800467,75.90364906665876,165.21410188492206,0.24445313663937024,-0.05408453353806464,0.35913966017399906,
2022,13939,"Odum, George",S,16,1.03125,0.75,0.0,5.0,1.3859648038460428,1.3439658703961628,0.0,1.125,-1.2615448986638704,-0.0212459816534703,0.4399594776632581,0.4322150931722389,50.89577122459017,95.25022819783729,0.5135716545305988,0.7692018505294393,0.8305359185555934,0.508585108372389
2022,15767,"Jones, Velus",RB,11,1.5454545454545454,0.7,-7.4,7.9,3.8922682417988232,2.518526509399239,0.0,4.35,-0.37873972661972155,0.4085050729258147,0.43923345222100374,0.3158973443545896,47.88670727949211,94.98330990401217,0.3366377782709174,0.08503756996679138,,
2022,15148,"Franklin, Sam",S,16,1.19375,1.0,-2.0,5.5,2.060178617863024,1.7258040777910146,0.0,2.0,-0.9738464720355989,0.08635297700002693,0.4379441683744975,0.39009160871583914,45.935492738384816,85.96718470781917,0.5536188723714455,0.47257441123649147,0.48424310132660425,0.5494391316343854
2022,15990,"Rogers, Armani",TE,10,1.31,0.25,-1.8,5.8,2.6447873260434385,2.0189216229339224,0.0,3.5749999999999997,-0.3503258689286355,0.16205714031184504,0.4339297814319816,0.35941740431315017,75.64637090267331,164.6541027107041,0.3594174043131501,0.49731598622817563,,
2022,14072,"Snell, Benny",RB,16,1.4625000000000001,0.0,-0.2,13.6,3.47560696138099,2.3764833923972577,0.0,0.75,-0.5053866307331564,0.353301305982692,0.4331429567499353,0.3267713212128735,49.53508753998621,98.2528730462084,0.41031578158727056,0.33905841732441605,0.05179161884773579,0.5444649620061228
2022,14095,"Johnson, Ty",RB,16,1.6,0.0,-2.2,17.1,4.342234447839039,2.713896529899399,0.0,1.2,-0.24196957391075335,0.4844338564318366,0.4308143716764614,0.2995001465439631,45.401064947279224,90.05303698770712,0.4225063600350128,0.5841603521414575,0.8270455335455471,0.45935742542056085
2022,13781,"Avery, Genard",DE,9,1.3222222222222222,1.0,-3.0,7.9,2.7623571970240595,2.089177712035003,0.0,2.0,-1.0111708612120598,2.5431230951382644,0.42801753264987963,0.35143452707469414,36.46396457021672,49.198264742017905,0.45147047198973633,0.685905902747174,0.7688282110032854,0.5672290535185367
2022,13919,"Firkser, Anthony",TE,10,1.1800000000000002,0.0,-2.0,4.4,2.075957610357206,1.7592861104722082,0.0,2.95,-0.5964156276323803,0.11106942146495748,0.4276468451465013,0.38362037110874514,80.74035517052886,175.74181780975795,0.38362037110874514,0.33232845718741705,0.5716324649409846,0.5371677677628572
2022,10514,"Bellore, Nick",LB,15,0.8,1.0,0.0,2.5,0.7023769168568492,0.8779711460710615,0.25,1.0,-1.247576002091266,-0.142777910472863,0.42599163553374875,0.469931183910238,51.68137700897029,137.28874981184967,0.5081661698618581,0.34549150281252633,0.4051882664041329,0.30986252110529794
2022,15541,"Stoll, Jack",TE,16,1.1625,0.0,-1.0,6.2,2.0355819192555233,1.7510382101122781,0.0,1.75,-0.6138831470089362,0.10944968300683239,0.4225677403268619,0.3829578746091304,80.60091991967518,175.43831896583995,0.4680210860789081,0.6062430997485622,0.20210825535370558,
2022,14868,"Hopkins, Brycen",TE,13,1.3692307692307693,0.0,-0.3,11.4,3.119266337651708,2.27811586457709,0.0,1.1,-0.14505455089313768,0.21295820155084966,0.41768833860526583,0.33239675636301147,69.9593509299681,152.27556875686258,0.3998034483446698,0.6285859453163446,,
2022,15002,"Coughlin, Carter",LB,16,1.125,0.25,0.0,7.0,1.940521837032503,1.7249082995844471,0.0,1.0,-0.5987114877145681,0.04173196232991239,0.41285792999770465,0.3825851540471198,42.07536818437855,111.77091304869815,0.36542675039429945,0.5771996371341571,,0.4842486804452148
2022,15443,"Wallow, Garret",LB,12,1.2083333333333333,0.0,0.0,8.5,2.36694540612063,1.9588513705825903,0.0,1.125,-0.37523916426805914,0.09269773481243443,0.4083791924619098,0.3588811779177513,39.468488349846176,104.84587942719554,0.33422769234277905,0.0,0.3733066141440549,
2022,16030,"Fox, Tomon",DE,15,1.2666666666666666,0.5,0.0,11.0,2.6637484032009393,2.102959265684952,0.0,1.25,-1.063122700925885,2.574495070032502,0.40821247016501216,0.34572970828455546,35.872046889348354,48.399631814631036,0.3314902246176928,0.14285714285714285,,
2022,14953,"Dye, Troy",LB,16,0.9375,0.75,0.0,5.0,1.2231491119238078,1.3046923860520616,0.0,1.125,-0.9746591634024071,-0.04981436366833313,0.40677879862567584,0.4216991091473536,46.37698324858174,123.19791806510419,0.43668899747532613,0.3062870566386034,0.39091846299027944,0.7803243236819288
2022,15561,"Jones, Jamir",DE,16,1.0625,0.0,0.0,6.0,1.71277370075559,1.6120223065934967,0.0,2.0,-1.5641417621869287,1.4569387809179326,0.40677294268044495,0.39166554869802134,40.638234410199836,54.83031367341279,0.18289198792714328,0.14285714285714288,0.2922287060562471,
2022,15869,"Bernard, Terrel",LB,16,1.03125,0.0,0.0,4.5,1.5955871764024678,1.5472360498448172,0.0,1.375,-0.7794785832413554,0.0030250948084559236,0.4048505830713357,0.39730894395515226,43.69463875694657,116.07241671173708,0.27747277612005095,0.14285714285714285,,
2022,14209,"Oliver, Josh",TE,16,1.5499999999999998,0.0,-1.5,17.2,4.394172277005079,2.834949856132309,-0.325,1.6500000000000001,0.40650118948682246,0.32231032652256086,0.4041773838376163,0.2873471443630981,60.47778543683518,131.6377160755596,0.27111145503344336,-0.11349503311625926,0.17036749645093055,
2022,14110,"Sills, David",WR,9,1.0222222222222221,0.0,-0.5,3.9,1.6571580611113028,1.621132885869753,0.0,1.9,-1.4129699572878878,0.04650030046231841,0.3899925210709128,0.38470508667997655,56.05971974933137,107.48067794629259,0.44181285437947754,0.4558319076803185,,
2022,13880,"Arnold, Dan",TE,16,1.125,0.0,-1.5,5.2,2.125882169829739,1.889673039848657,-0.225,3.1,-0.5748170323846536,0.13667505620005824,0.3893174018258206,0.35989840271595286,75.74760635522892,164.87445475673292,0.27315786922805,-0.007199193760838547,0.9098070468536787,0.6338683943432296
2022,12481,"Hewitt, Neville",LB,13,0.9230769230769231,0.5,0.0,5.0,1.2686478848054341,1.3743685418725535,0.0,1.0,-0.9508149924257303,-0.03463503354390243,0.38876733194457486,0.4068841750451234,44.7476889584487,118.86978694489187,0.4142135623730951,0.6549428316166805,0.6606959517181158,1.9193518765157125
2022,15893,"Turner-Yell, Delarrin",S,13,0.9230769230769231,1.0,0.0,5.0,1.2837168667906644,1.390693272356553,0.0,1.0,-1.3051758210882483,-0.008078572802940574,0.3861126534927788,0.40419937186615196,47.59676162309469,89.07621000715744,0.45970501115984375,0.40271214587634024,,
2022,15921,"Jackson, Theo",S,10,0.9,0.5,0.0,4.0,1.2000000000000002,1.3333333333333335,0.0,1.0,-1.340899222711277,-0.024242145718901566,0.3857142857142857,0.40909090909090906,48.1727677909973,90.15419188297929,0.40909090909090906,0.2142857142857143,,
2022,15028,"Tuszka, Derrek",DE,14,0.7857142857142857,0.75,0.0,2.5,0.817537367304257,1.0405021038417817,0.0,1.375,-2.035795178664999,0.1559448648696806,0.38505928723865174,0.43229608361760663,44.8539567471853,60.51829154577108,0.420728144274336,0.2142857142857143,0.6912763676498305,0.5934508783272368
2022,11532,"Banjo, Chris",S,13,1.2692307692307692,0.5,-2.0,11.0,2.971760580320286,2.34138712388871,0.0,1.5,-0.5848590456595195,0.2598193652296529,0.37985145754486443,0.3195637661342662,37.63044046765073,70.42447644446172,0.2640650160113749,0.585786437626905,0.2455489221480194,0.8536222746327691
2022,14958,"Quarterman, Shaquille",LB,16,1.0625,0.5,0.0,8.0,1.919269066598011,1.8063708862098926,0.0,1.0,-0.6098492538535915,0.05947903061484207,0.3786028444141058,0.3639609695992125,40.02714595335344,106.3299227789252,0.4201200588093172,0.575961003977896,0.5237437851279914,0.06176568258341682
2022,13225,"Jones, Sidney",CB,9,0.8666666666666667,1.0,0.0,3.8,1.1392004993756706,1.3144621146642352,0.0,1.0,-1.5256948588463766,0.05855591694144445,0.3744570546977375,0.4051357817650122,49.1312735292016,82.13376104962032,0.44482394627686567,0.2684747639175602,1.0263528748025352,0.7807913309539415
2022,15839,"Cross, Nick",S,16,1.0125,0.25,-1.8,5.0,1.729116465134723,1.707769348281208,0.0,2.125,-1.1151162865601967,0.08127093419427375,0.37392402002138675,0.37099919073992976,43.68725256173068,81.7596565631943,0.19839768732993376,0.06317989657188844,,
2022,15403,"Thomas, Ambry",CB,15,0.84,0.6,0.0,4.0,1.088607673437344,1.295961515996838,0.0,1.0,-1.547505850392816,0.04129970136752773,0.36585979083159714,0.4021818030657538,48.773041198202804,81.5348966896925,0.38681686828377176,0.46153846153846156,0.811814720896296,
2022,12523,"Coleman, Justin",CB,11,0.9090909090909091,1.0,0.0,5.0,1.378704626191191,1.5165750888103102,0.0,1.0,-1.4224426212331112,0.24707441382102716,0.3612413208463707,0.3821789805599175,46.347276335842814,77.47969564856292,0.3333333333333333,0.2684747639175602,0.6361509380706103,0.7262975165408461
2022,16014,"Adams, Tony",S,10,0.95,0.0,0.0,5.0,1.5564382416273381,1.6383560438182507,0.0,1.625,-1.1888010022738211,0.061710819118652206,0.3600727059662319,0.3716107764822293,43.75927024115932,81.89443594141781,0.3716107764822293,0.6353620764272054,,
2022,14942,"Burgess, Terrell",S,8,1.125,0.0,0.0,7.5,2.45903944661325,2.185812841434,0.0,0.375,-0.8036458168585778,0.2159797743736187,0.35312808880938973,0.3252347992450589,38.29823668387162,71.6742412177276,0.27735024476681397,0.375,0.17169348558688385,
2022,14205,"Johnson, Lonnie",S,11,0.8181818181818182,0.0,0.0,3.0,1.1134044285378082,1.3608276348795432,0.0,1.0,-1.3778510162591044,-0.01649447102845809,0.3465656730265971,0.38713925604286265,45.58783651676777,85.31655433820956,0.42139138704844564,0.5941099943750894,0.9207632626472373,1.270197606789071
2022,13956,"Chandler, Sean",S,16,0.8375,0.25,-1.0,4.0,1.2180286326683787,1.4543625464697059,0.0,1.5,-1.3332061005219698,0.009862920374338776,0.341229131451928,0.3775875512447527,44.46306926571831,83.21157911621798,0.337181652051473,0.04531948672039388,0.6528595346798703,
2022,15926,"Taylor, Ja'Sir",CB,16,1.0625,0.5,-2.0,7.0,2.2491317769308226,2.116829907699598,0.0,1.25,-1.0471941769237085,0.8069550285110574,0.3408912361163099,0.3270104363091278,39.656924706112996,66.29529714589508,0.402202049486334,0.6100563634601709,,
2022,14938,"Muse, Tanner",LB,16,0.875,0.0,0.0,5.5,1.4197270864500684,1.622545241657221,0.0,1.0,-0.8716401468885395,0.019431612511149703,0.3336453404506669,0.3616110283262128,39.76870768614103,105.64339566485519,0.41426666051560534,0.5874718218708751,,
2022,12930,"Chosen, Robbie",WR,16,1.525,0.0,-4.3,19.4,5.522737093145028,3.6214669463246087,-1.25,2.25,-0.0014358593277797628,0.6614946606613545,0.3299818039838654,0.23379755740924704,34.06928060024215,65.31943777867664,0.06939034698072157,0.4682379233297683,0.49507791227756603,1.3681970023346668
2022,15103,"Gilliam, Reggie",RB,15,0.9533333333333334,0.0,-2.0,5.9,1.8139704763002316,1.9027662338813618,0.0,1.95,-1.0104518395434747,0.16919543610583546,0.32842235871629505,0.3387858335268544,51.356360952274386,101.86536984891485,0.23975330038030027,0.5111120998201412,0.09592437488341096,0.3737978101162845
2022,15995,"Turner, DJ",WR,9,1.1333333333333333,0.0,-0.3,9.0,2.804361682173761,2.474436778388613,0.0,0.5,-0.9940632385236808,0.30884502168136035,0.3261919573217719,0.2979036768885134,43.41090673583407,83.22970052461555,,0.031804542650621145,,
2022,13259,"Tabor, Teez",CB,9,0.7222222222222222,0.5,0.0,2.5,0.8854098583616237,1.2259521115776328,0.0,1.0,-1.6351061325410023,-0.024000746287082618,0.3244554177359866,0.3830584734768578,46.45393343455904,77.65799651542318,0.2913982651888056,0.6226127181465396,,
2022,12486,"Marlowe, Dean",S,12,0.75,0.25,0.0,3.0,0.9895285072531598,1.319371343004213,0.0,1.0,-1.430710965002046,-0.02817652313595783,0.3233634847917657,0.3769737388862483,44.39078938964092,83.07630904318769,0.38956636571108283,0.36931195326457805,0.9517907709886644,0.502925663474613
2022,14811,"Ahmed, Salvon",RB,11,1.1818181818181819,0.0,-0.3,11.1,3.170838197706256,2.683016936520678,0.0,0.55,-0.598023077179962,0.4724327830102112,0.32088317870583505,0.2833526801562622,42.95327926616469,85.1978527594218,0.30215529562081495,0.49613309333107547,0.5023103686874355,
2022,15929,"Kieft, Ko",TE,16,1.05625,0.8,-2.3,6.0,2.451777097841482,2.321209086713829,-0.375,3.0,-0.43382685204495025,0.2214209309890598,0.31803176867889,0.30600179851141324,64.4040195864064,140.18367212362338,0.3410178970326496,0.16393300223301607,,
2022,13293,"Reeves-Maybin, Jalen",LB,16,0.9625,0.0,-1.6,6.5,1.9722686809864418,2.0491103179079913,0.0,1.0,-0.5820741780188317,0.11236113819630655,0.31566584991925634,0.32382671397007207,35.61332182939365,94.60484053580608,0.2639662778770289,0.0409913726528597,1.2992010009202577,0.3737753938540912
2022,15026,"Sullivan, Stephen",TE,13,0.9769230769230769,0.0,-1.0,6.0,2.052448386366445,2.100931419115259,0.0,1.0,-0.606586297517689,0.17816238104235238,0.31504181966133493,0.32004573157942257,67.3598379665017,146.61739283411947,0.3116575520230541,0.24893928587533626,,
2022,13136,"Clement, Corey",RB,8,0.9624999999999999,0.0,-2.0,4.2,1.9999609371185227,2.0778814931101537,0.0,2.175,-0.9539188302039788,0.23725239066080991,0.3127150938574337,0.3208375109458878,48.63558445651541,96.46870819147614,0.41319501792321284,0.687541561164062,0.3021772762748064,0.35663005983412904
2022,13607,"Michel, Sony",RB,10,0.8799999999999999,0.30000000000000004,-0.9,4.4,1.6073580808270447,1.8265432736670963,-0.4,1.75,-1.0732530199456936,0.13957207511380273,0.3113343454523896,0.3375063849001005,51.16241002814208,101.48066808553182,0.3375063849001006,0.28034320450488054,0.9354054631505062,0.890453395923523
2022,15933,"Brown, Montaric",CB,8,0.75,0.0,0.0,3.0,1.0897247358851685,1.452966314513558,0.0,1.25,-1.5470242754035863,0.18774407854967703,0.3057522622966515,0.3588989435406736,43.52407997046764,72.76010018495131,,0.5539679298968669,,
2022,13994,"Brown, Pharaoh",TE,15,0.8933333333333334,0.0,-1.4,4.2,1.7494634097980506,1.958354563206773,0.0,2.0,-0.7376650680503175,0.1501628652049067,0.3019696639624513,0.32491188286042666,68.384013980946,148.84664429276663,-0.01062163319548414,0.23404255319148937,-0.07321042647593268,0.3429811259497351
2022,15049,"Bachie, Joe",LB,10,0.7,0.25,0.0,3.0,0.9273618495495703,1.324802642213672,0.0,1.0,-1.1296699825979857,-0.04543323480768818,0.3011008277818635,0.3631907522521481,39.942440161409046,106.10490647806598,0.3631907522521481,0.43749999999999994,0.7856304858207189,
2022,14204,"Banogu, Ben",DE,15,0.8,0.0,0.0,4.0,1.32664991614216,1.6583123951777001,0.0,1.0,-1.7675702819994203,1.5623123500961091,0.3009428092240914,0.3438420169917473,35.67618477815109,48.13536883299452,0.2895260213000473,0.3076923076923077,0.1969113616157243,0.38306589369398525
2022,14420,"Ingold, Alec",RB,16,1.1625,0.0,-1.5,12.5,3.380620320296262,2.908060490577429,-0.7,0.75,-0.5342584376201587,0.5598939157451938,0.29746213058954896,0.265373375230424,40.22780617353267,79.7918753995339,0.3468060924820728,-0.11968961193057803,0.5384081979386847,0.45403970908076474
2022,14125,"Boykin, Miles",WR,15,0.6466666666666666,1.0,-0.5,2.2,0.7666956516260036,1.1856118324113458,0.0,1.0,-1.7381264328182657,-0.087398830147875,0.2958744352848836,0.3660317305199102,53.33861428606104,102.26362974727543,0.2258064516129032,0.18749999999999997,,0.6802546167695751
2022,14922,"Blacklock, Ross",DT,11,0.9363636363636364,0.0,0.0,6.3,2.0459595336230723,2.185005327170271,0.0,0.0,-1.3205871068860824,4.567130181709914,0.293991230839024,0.30741171247599,28.339185989262226,36.7652857832395,0.32978693130516623,0.3579545454545454,0.9073211430004587,0.6030057889022304
2022,12212,"Kroft, Tyler",TE,10,0.8899999999999999,0.15,-1.0,5.6,1.8195878654244755,2.0444807476679503,0.0,0.6499999999999999,-0.7073274997263425,0.16707649014405765,0.292332280531494,0.3156489680331401,66.43445371409177,144.60317441326214,0.31564896803314013,0.4695283137781011,0.9109768212747499,0.5186842525247487
2022,13447,"Wilson, Eric",LB,12,0.8250000000000001,0.5,-2.0,4.4,1.5122417134836614,1.8330202587680744,0.0,1.5,-0.8231567605217986,0.06528474160601325,0.2912086482426876,0.3283919678477091,36.115392376890846,95.93856346991593,0.5127218284488386,0.5685065597938227,0.535303709575553,1.7061164220290386
2022,14555,"Olszewski, Gunner",WR,15,0.8733333333333333,0.1,-0.6,6.3,1.7570682652899086,2.0119102274311933,0.0,1.1,-1.3764872832140729,0.16664316354950223,0.289959948135036,0.31676159213326605,46.158906386165974,88.49831169025325,0.3122233939103827,0.07541147233140602,0.3896074306567018,0.4174591165713604
2022,13246,"Alie-Cox, Mo",TE,16,1.4875,0.0,-5.3,24.0,6.214386031620501,4.177738508652437,-1.0,1.375,1.1939705345476017,0.5860097320327498,0.2872875865620217,0.2061852517290202,43.3956893566711,94.45632628864978,-0.15573506978917878,-0.5255937746342952,0.46316410333254,0.6451095386132459
2022,14911,"Davis, Ashtyn",S,13,1.1153846153846154,0.0,-1.0,12.6,3.351198672770491,3.0045229480011297,0.0,0.5,-0.42294640024758917,0.4466857466929948,0.27853120830319206,0.25633962024409906,30.185439781814566,56.49133431503602,0.06070428543442946,0.2142857142857143,1.134294005397016,0.6521739130434783
2022,13543,"Jones, Joseph",LB,14,0.6785714285714286,1.0,-1.0,2.5,0.9748102902825843,1.4365625330480187,0.0,1.0,-1.1048040650850417,-0.021085733748423978,0.2784953882232481,0.3436134761452599,37.78940026550365,100.3854738175821,0.3536158824779603,0.6613259752175215,0.24727456987068994,0.04511153498685433
2022,14379,"Woods, Josh",LB,16,0.625,0.5,0.0,3.0,0.7806247497997998,1.2489995996796797,0.0,1.0,-1.2065692981939926,-0.061947340580459975,0.2779013389282139,0.35100040032032037,38.60178817739183,102.5435378483843,0.3739756162679404,0.5446073247603165,0.4012139589536115,0.2296391935803296
2022,15428,"Sherwood, Jamien",LB,16,0.875,0.0,-1.0,6.0,1.9162137145944864,2.1899585309651273,0.0,0.625,-0.6114504472694119,0.14304568871798778,0.274298236640483,0.30004659659234645,32.99806824845539,87.65756251522127,0.3608001822918644,0.4572681607850985,,
2022,15228,"Hansen, Chase",LB,10,0.65,0.25,0.0,3.0,0.8958236433584459,1.3781902205514551,0.0,1.0,-1.1461979532022775,-0.03380246002411757,0.2733170771551141,0.342858895276001,37.70641411833328,100.1650256589592,0.34285889527600094,0.4258232721225164,,
2022,14672,"Reeder, Troy",LB,16,1.03125,0.0,0.0,12.0,2.8639393215464604,2.777153281499598,0.0,0.5,-0.11478361473900625,0.27096926401767535,0.273023074030656,0.26689083709194067,29.35171455789775,77.971223479371,0.35566848923945626,0.2910857029407469,1.2195588190709754,0.7825791269838043
2022,15417,"McPhearson, Zech",CB,16,0.775,0.0,-1.6,5.0,1.4350522638566166,1.8516803404601503,0.0,1.25,-1.3981506820897909,0.5596398916404973,0.2717695910737825,0.3182683228213596,38.59675873627529,64.52299587656537,0.17738513465444328,0.0409913726528597,0.2858859602163238,
2022,12850,"Fejedelem, Clayton",S,12,0.9166666666666666,0.0,-0.5,8.0,2.2063670491456207,2.4069458717952226,0.0,1.0,-0.9114653982621699,0.27829329703835065,0.26905818324129915,0.2858894981817271,33.66510500171643,63.00344520898777,0.343720587300428,0.3062870566386034,-0.054026888138926116,0.36402734617255533
2022,15897,"Johnson, Eric",DT,13,0.8076923076923077,0.0,0.0,5.0,1.6354070481130234,2.0247896786161244,0.0,0.0,-1.5810958841513871,4.034005813582545,0.2670242871437713,0.30647725112165236,28.253041340097568,36.65352771628459,0.3756530584732083,0.5577753386963676,,
2022,15959,"Johnson, Nazeeh",CB,10,0.6,0.25,0.0,2.0,0.7681145747868608,1.2801909579781015,0.0,0.875,-1.6856731129584432,0.026589899064110325,0.26313585618812996,0.33934452470215487,41.15269352695403,68.79580466568106,0.33934452470215487,0.5444665782197482,,
2022,13491,"Hardee, Justin",CB,16,0.875,1.0,-3.0,7.0,2.057759704144291,2.351725376164904,0.0,1.25,-1.129696282397315,1.026051010973324,0.2610595743381543,0.28615721464773086,34.702608404425774,58.01306462763637,0.07885722787848846,0.0,-0.10556583658219658,0.4355653328045701
2022,15586,"Johnson, Caleb",LB,16,0.875,0.5,-2.0,8.0,2.080414622136655,2.37761671101332,0.0,1.0,-0.5253990162968187,0.1839280455581109,0.25905840563463195,0.28405267060869793,31.239112582358565,82.9849930453523,0.2801868778094689,0.16974571267859698,0.3674137141004827,
2022,9200,"Slater, Matt",WR,16,0.59375,0.0,0.0,2.0,0.7749747979773278,1.3052207123828679,0.0,1.0,-1.7351032641596886,-0.050625579086258345,0.2575675278339186,0.33451179175986484,48.74548829270983,93.45744416758362,0.4624207693942557,0.7777777777777777,0.23694682104034395,0.03968562787449942
2022,15821,"Dean, Nakobe",LB,16,0.8125,0.25,0.0,7.5,1.775484088917724,2.1852111863602754,0.0,1.0,-0.6852014749037314,0.14201145383342936,0.2550851270017168,0.29274172503609175,32.194704194681485,85.52346986967785,0.34748099215388856,0.46463344776197923,,
2022,15900,"Washington, Montrell",WR,15,0.9933333333333334,0.0,-3.4,7.3,2.8944698228787176,2.9138957948443465,-0.2,1.2999999999999998,-0.9611598333533778,0.44395486258335254,0.25379657134505745,0.2550625318747702,37.168040014373815,71.26054422930781,0.13102637576231924,0.04315127072468933,,
2022,14280,"Miller, Scotty",WR,14,0.9642857142857143,0.30000000000000004,-4.7,7.1,2.702540377088919,2.8026344651292496,0.0,2.2,-1.0312437599501016,0.4097480310166937,0.25358359398684377,0.260438946257724,37.95149802935814,72.76263162770184,0.34644825831986786,-0.2032897356676406,0.27813330490191407,0.6756557640074751
2022,14363,"Rader, Kevin",TE,13,0.6153846153846154,0.0,0.0,3.0,0.9020030307352749,1.4657549249448216,0.0,1.0,-1.104297320978503,0.053425205469385895,0.2495724977203022,0.32354554931845747,68.09644255938369,148.2207079283705,0.3062870566386034,0.4003817405719277,,
2022,16023,"Bell, D'Anthony",S,15,0.6333333333333333,0.0,0.0,3.5,0.9741092797468304,1.538067283810785,0.0,1.0,-1.437290609917602,0.033450247147406076,0.24953370518310847,0.3208197944414481,37.778344903159336,70.70127608605671,0.35317215060631885,0.38192785352684316,,
2022,14752,"Horsted, Jesper",TE,14,0.8071428571428572,0.0,0.0,7.0,1.835547518828524,2.274129669345074,0.0,0.75,-0.7004229602009072,0.2121753849021109,0.2465213472453308,0.2846515009123598,59.910434936139204,130.40280438713566,0.3307868028351049,0.4292264197260053,,
2022,13365,"O'Connor, Pat",DT,16,0.78125,0.0,0.0,6.5,1.6952944987523555,2.169976958403015,0.0,0.25,-1.5430953675543277,4.5171226470194386,0.2464528954789569,0.2898570083386578,26.720880617851943,34.66580912618258,0.33473243777463696,0.3535718005177533,0.23036090921339386,0.35434068954749764
2022,15296,"Schwartz, Anthony",WR,11,1.190909090909091,0.0,-3.4,13.6,4.581277024319062,3.84687383721448,-0.5,0.3,-0.3452143665069667,0.7307950687220705,0.24570664120968988,0.21337573564616003,31.093386481738307,59.613895211154386,0.1237223809888996,0.31350438942281494,0.29228596784475086,
2022,14131,"Morgan, Stanley",WR,14,0.5714285714285714,0.25,0.0,2.5,0.775912892228587,1.3578475614000272,0.0,0.875,-1.7347607146963924,-0.03444567394919357,0.242351787614833,0.3217661034666445,46.8881702107042,89.89649510275612,0.31309821371557245,0.30464028516734193,0.16078563938737048,
2022,15079,"Bassey, Essang",CB,13,0.8923076923076922,0.0,-2.4,8.0,2.4084663292584345,2.6991433000310043,0.0,1.0,-0.9785037151948139,1.3501009888284166,0.24122009339303327,0.26179155259598175,31.74775706601961,53.07337883623193,0.31445344786799273,-0.02884354743443807,,0.7749950921114405
2022,12823,"Watt, Derek",RB,16,0.66875,0.4,-0.5,4.7,1.1941098933934011,1.7855848873172355,0.0,1.0,-1.198862492264493,0.12365397037105368,0.24007525422930667,0.3047933022924909,46.203451559399625,91.64457126875595,0.4005729495027144,0.26615027937152147,0.48562513170542615,0.3573278860088823
2022,15828,"Smith, Brandon",LB,12,0.5833333333333334,0.0,0.0,2.5,0.8374896350934075,1.435696517302984,0.0,1.0,-1.176768581347463,-0.021274399996325237,0.23949343819699304,0.31746210818962256,34.91336489502746,92.74544324411647,0.3739756162679404,0.6945261444976037,,
2022,12164,"Davis, Mike",RB,8,0.7375,0.05,-1.1,4.3,1.5434842888737157,2.092860052710123,0.0,1.1,-1.0926678741331586,0.24307367176722805,0.23845243154592935,0.28995657776465905,43.95436052667084,87.18349798348748,0.45986265558765776,-0.012218461200416348,0.8013013299265864,1.078890183435189
2022,12680,"Vannett, Nick",TE,8,0.6125,0.15,0.0,3.0,0.9713875385241465,1.5859388384067696,0.0,0.65,-1.0742798723314284,0.07702715241191013,0.23685788345147765,0.3106948725355848,65.39176813181872,142.33363448808257,0.1392837043040547,0.3033429668245575,,0.21412812778342322
2022,15490,"Toney, Shaka",DE,15,0.8666666666666667,0.0,0.0,9.0,2.3055488621054114,2.6602486870447053,0.0,0.0,-1.251839390615253,3.843094400688297,0.23677808279371743,0.26218540485124114,27.20369962764537,36.70404005757502,0.20871215252208,0.14285714285714285,0.38165729410817306,
2022,14177,"Williams, Greedy",CB,10,0.74,0.5,-2.6,3.0,1.5900943368240765,2.1487761308433466,0.0,1.75,-1.3313107442108916,0.8367524920013854,0.23501194408565448,0.28570387938354924,34.64763192526142,57.921159316035784,0.28570387938354924,0.36931195326457805,0.8661747417948072,
2022,12978,"Goodwin, C.J.",CB,16,0.75,0.0,0.0,7.0,1.6770509831248424,2.23606797749979,0.0,1.0,-1.2938230047498716,0.9181729341627194,0.23176274578121053,0.2801590274999347,33.97520147889125,56.797043500641124,0.3279344228724749,0.2684747639175602,0.03770735231100297,0.21956196841802503
2022,13942,"Gray, J.T.",S,13,0.676923076923077,0.0,-1.0,3.7,1.31684579212476,1.945340374729759,0.0,1.5,-1.2910391488689146,0.148216552932927,0.22982847168731257,0.29217442059545806,34.405190154656886,64.38849701206078,0.23328909050659377,0.43749999999999994,0.5760592046224946,0.2660763680455476
2022,11613,"Thomas, Michael",S,16,0.53125,0.0,0.0,2.0,0.7173900177030623,1.3503812097939996,0.0,1.0,-1.5468370568156817,-0.019438190224410446,0.22602716435371847,0.309335674787795,36.42602487583622,68.17044124261496,0.3595580756960744,0.2526695821305879,,0.5406470335004073
2022,12783,"Bush, Deon",S,15,0.6333333333333333,0.0,-1.0,4.0,1.1897712198383164,1.8785861365868153,0.0,0.75,-1.3452640160419114,0.12940574151912618,0.22001541843187175,0.2892235168658834,34.0577045543186,63.73818595612588,0.44151844011225283,0.2142857142857143,0.8151231487434247,0.39842323094886145
2022,15344,"Bates, John",TE,15,0.84,0.0,-1.0,6.8,2.4010553235331056,2.8583991946822684,0.0,0.5,-0.4557703420848751,0.3269153525060812,0.21770686691975952,0.24698216291506422,51.98219139643889,113.14595768683802,0.21064330562533073,0.3655913978494624,0.5408846635430912,
2022,13970,"Brown, Tony",CB,15,0.6466666666666666,0.0,-1.0,4.7,1.2862693687128248,1.9890763433703478,0.0,1.0,-1.4622922359178347,0.6877943956020938,0.21634330889572206,0.28284797737142475,34.30129346480998,57.342178184270395,0.27128494974391004,0.31506279673524495,,0.3620760919606871
2022,15947,"Holmes, Christian",CB,16,0.6625,0.0,-1.0,4.0,1.3724408001804669,2.0716087549893842,0.0,1.0,-1.4251430091563875,0.7647755307716884,0.21568502138296897,0.2792482745827019,33.86475344465655,56.61240524885957,0.2630857945186591,0.4858901851757657,,
2022,15905,"Quitoriano, Teagan",TE,8,0.875,0.0,-3.0,5.4,2.720179222036666,3.1087762537561896,-1.0,2.65,-0.3177094760406361,0.3760848785571608,0.21295878528310863,0.2352037221263143,49.503189851525796,107.75009044131905,,0.14443210055083042,,
2022,14506,"Pittman, Anthony",LB,16,0.6875,0.0,0.0,6.5,1.5799030824705673,2.2980408472299163,0.0,1.0,-0.7876980184841358,0.16659201012273225,0.2084570906929317,0.26648287862877246,29.306848722514022,77.85203984291282,0.29067897110674484,0.3611111111111111,0.3746402766611614,
2022,12910,"Harris, Erik",S,13,0.6153846153846154,0.0,0.0,4.5,1.2113858267710478,1.9685019685029526,0.0,0.5,-1.3360406980418167,0.1547433051606679,0.2073047691778896,0.27828007574922753,32.769052482047876,61.32650417985881,0.19868839809758979,0.08333333333333334,1.3208589256556285,1.2912144942399495
2022,15772,"Covey, Britain",WR,16,0.75,0.0,0.0,6.0,1.984313483298443,2.6457513110645907,0.0,0.0,-1.2935076387263318,0.3615149599175281,0.2057189138830738,0.2513140808421556,36.621810911462916,70.2132847253828,0.0,0.0,,
2022,15383,"Joseph, Kelvin",CB,15,0.9466666666666667,0.0,-5.0,8.2,3.4319803159238673,3.6253313196378882,-0.4,2.0,-0.5372582520922909,2.2139919588260892,0.20467002280407015,0.21359902327755023,25.90339464092708,43.30323789688449,0.24205160477613935,0.26800708924845634,0.6018998182543138,
2022,14817,"Taylor, Patrick",RB,13,0.5461538461538461,0.0,-0.5,3.4,0.9950766376480253,1.821971308369624,0.0,1.0,-1.2593599438887273,0.13779522233782357,0.19353628597640954,0.27375081029353393,41.49773701590719,82.31078391529188,0.2909239391661539,0.4748723388335571,0.013369086677093505,
2022,14509,"Bolton, Curtis",LB,9,0.3888888888888889,0.5,0.0,1.0,0.3928371006591931,1.0101525445522108,0.0,0.5,-1.4097940100517965,-0.11398147272128151,0.19346237674490482,0.2792062967771594,30.70612545213655,81.56914190111353,0.2517057589045823,0.24097373161330282,,
2022,15836,"Hill, Daxton",CB,15,0.5666666666666667,0.5,-1.0,3.5,1.0934146311237816,1.9295552313949087,0.0,1.0,-1.5454335306218112,0.6322767792312547,0.19343095518183767,0.2706901242791401,32.826896897805796,54.877399101051104,0.3304193999020768,0.4793615598450389,,
2022,14043,"Leavitt, Dallin",S,16,0.4375,0.25,0.0,2.0,0.5555121510822243,1.2697420596165128,0.0,0.625,-1.6159130777522435,-0.042161659007166785,0.19275318010096637,0.2812578479027733,33.119701991238955,61.98273641613884,0.341545371422029,0.4366285544111203,0.7511211951703792,0.3755306024663815
2022,12778,"Kwiatkoski, Nick",LB,11,0.45454545454545453,0.0,0.0,2.0,0.6199173498629934,1.3638181696985856,0.0,0.75,-1.2907899151165607,-0.03693348959789109,0.19229290153202197,0.2805979296313471,30.85917233359033,81.97570256635557,0.2462296394492854,0.16064915440886857,0.781759178892544,1.4797731309587407
2022,12834,"Seymour, Kevon",CB,13,0.6153846153846154,0.0,0.0,5.0,1.3888823142513682,2.256933760658473,0.0,0.0,-1.4180549345576638,0.9376352477222999,0.18894600277661144,0.25760357122383637,31.239875838067693,52.22434333558695,0.27424980761574586,0.22222222222222224,0.6572799110981011,
2022,14963,"Thomas, Daniel",S,14,0.4642857142857143,0.0,0.0,2.5,0.6934459942481285,1.4935759876113537,0.0,0.875,-1.5570543762059388,0.020912955049623077,0.1861927274694616,0.27416623610241087,32.28462460151666,60.41990889589345,0.22622968313476993,0.25,0.3958541058520728,0.6589466552830474
2022,15078,"Claybrooks, Chris",CB,16,0.5,0.5,-1.0,2.0,0.8660254037844386,1.7320508075688772,0.0,1.0,-1.6434629334722395,0.4480568533998651,0.18301270189221933,0.2679491924311227,32.49450099892183,54.321726036387254,0.3333333333333333,0.19803902718556965,0.46160771029036235,0.6777203056677128
2022,13801,"Harris, Marcell",LB,11,0.6818181818181818,0.0,-2.0,5.5,1.8741389207353,2.748737083745107,0.0,0.5,-0.6335002414736861,0.26477864053224953,0.1818794347500689,0.23722520052849433,26.089192299448488,69.30451163811941,0.25401664506044364,-0.2222222222222222,0.5357209545733472,0.7282501105946285
2022,15982,"Butler, Darien",LB,15,0.4666666666666667,0.0,0.0,2.5,0.7408703590297624,1.5875793407780623,0.0,0.5,-1.2274030576683537,0.011814100518807918,0.1803487372589488,0.2680651458312803,29.48086089838477,78.31429366546844,0.2611963840146144,0.16064915440886857,,
2022,12990,"Farley, Matthias",S,16,0.4,0.5,-0.6,1.0,0.4873397172404482,1.2183492931011204,0.0,1.0,-1.645003407181781,-0.05664373034598456,0.1803142549480221,0.2689365417755026,31.668798522692537,59.267405001624205,0.19643168772442268,0.2142857142857143,0.30900191385225695,0.3734539214211559
2022,15410,"Cox, Jabril",LB,8,0.5,0.0,0.0,2.5,0.9013878188659973,1.8027756377319946,0.0,0.375,-1.1432819811058108,0.058695786147883094,0.17839458616266546,0.26296581635734045,28.920054597252008,76.82454241608201,0.2722332891098741,0.3941735213160005,,
2022,15827,"Domann, JoJo",LB,15,0.6666666666666666,0.0,-1.5,7.0,1.8408935028645435,2.7613402542968153,0.0,0.75,-0.6509228965849299,0.2675243098959807,0.1772417865959059,0.2346679542877796,25.807955361794242,68.55742110365546,0.252345755562495,0.46248213871563015,,
2022,15275,"Evans, Chris",RB,12,0.7166666666666667,0.0,-2.0,5.6,2.190446428369239,3.0564368767942867,0.0,0.35,-0.8960195271508186,0.6175590502301257,0.17667393538563644,0.2246289611052905,34.05138251137432,67.5409357102122,0.2549138262218593,0.46364263085628044,0.4478395482343917,
2022,15595,"Campbell, Elijah",S,15,0.6333333333333333,0.5,-2.0,5.5,1.6377491328717664,2.5859196834817366,0.0,1.0,-1.154104271070127,0.32872668843493846,0.17661670902745946,0.2401037026003347,28.273568671637904,52.913312896997354,0.23713362658933074,0.16974571267859698,,
2022,15841,"Toure, Samori",WR,10,0.8099999999999999,0.0,-3.7,8.4,2.9111681504165987,3.5940347536007393,0.0,0.675,-0.9550623616671697,0.653060747473256,0.1763156013056134,0.20709925240972385,30.178769276432966,57.860342433382364,0.20709925240972382,0.1323529411764706,,
2022,15498,"Stuard, Grant",LB,14,0.5,0.0,-1.0,3.0,0.9258200997725514,1.8516401995451028,0.0,1.0,-1.1304779548345587,0.06934119714124727,0.17533768814163883,0.25962965079606987,28.553154855247865,75.8498933296752,0.2670575735630204,0.2546185690178954,0.2912877554050248,
2022,15326,"Milne, Dax",WR,14,0.6,0.0,-1.0,5.2,1.4560219778561037,2.4267032964268394,0.0,0.45,-1.486415730221804,0.29416956182718085,0.17509540456147574,0.2442974881371984,35.59934400303257,68.25295675750968,0.24871658415771253,0.0,0.09243008154747416,
2022,15954,"Gunter, Jeff",DE,10,0.6,0.0,0.0,5.0,1.4966629547095767,2.4944382578492945,0.0,0.0,-1.677999263163533,3.465647796767817,0.17170141685928061,0.24032078453689185,24.935081495215197,33.64315304780086,0.24032078453689187,0.14285714285714285,,
2022,14331,"Johnson, D'Ernest",RB,14,0.45,0.25,-0.9,1.9,0.7355755763831672,1.6346123919625937,0.0,0.875,-1.3382369779879544,0.06497988165570193,0.17080311372284365,0.25927997957759485,39.30411162788424,77.95972676642995,0.20549470052524568,0.2910857029407469,0.48305676795715224,0.2852817739683072
2022,14452,"Lammons, Chris",CB,15,0.6533333333333334,0.0,-2.0,7.0,1.8909844584824649,2.8943639670649968,0.0,1.0,-1.2015944894221537,1.5321907674018544,0.1677638091505147,0.22598991544779215,27.406052119945073,45.815261328309155,0.0410800448545618,-0.10102051443364381,0.23415007754310804,
2022,15449,"Britt, K.J.",LB,11,0.4090909090909091,0.0,0.0,2.0,0.5961307749365455,1.4572085609560002,0.0,0.5,-1.3032555515189173,-0.016587884094076518,0.166486034434028,0.2563016235979615,28.187150141769646,74.87762183756796,0.18720839531691028,0.2910857029407469,0.2604484640593718,
2022,15097,"McKeon, Sean",TE,12,0.5166666666666667,0.0,0.0,3.7,1.1081766806586193,2.1448580915973277,0.0,0.125,-1.0151015170998374,0.18678878505449725,0.16428934203649323,0.2450774982034494,51.58131772841108,112.27340433997104,0.1996720493147659,0.08333333333333334,0.2652514711402349,0.0
2022,15748,"Ebner, Trestan",RB,16,0.7249999999999999,0.0,-4.7,6.6,2.480045362488356,3.4207522241218706,0.0,1.025,-0.8079940489879407,0.759146900117947,0.16399923887252296,0.20833061770252304,31.580725465290083,62.64038611708429,0.3100968937902226,0.3333333333333333,,
2022,14012,"Ford, Mike",CB,16,0.625,1.0,-3.0,4.0,1.899835519196333,3.0397368307141326,-0.25,2.0,-1.1977787229211379,1.6677855942950979,0.1547130484461569,0.21552946567576836,26.137501569438854,43.69459926705166,-0.1647252637340654,-0.09232798831614451,-0.08062484748656973,0.5051446421855662
2022,16021,"Mitchell, DaMarcus",DE,15,0.49333333333333335,0.0,-1.6,3.0,1.0926827332558868,2.214897432275446,0.0,1.0,-1.8908354099088642,2.829308238502585,0.15345227763119054,0.2357420575481998,24.460004273628268,33.00216474068664,0.19915834627087,0.2587756142374174,,
2022,15671,"Bandy, Michael",WR,10,0.93,0.0,-8.5,10.8,4.76781920798178,5.1266873204105154,-0.8,2.3,-0.27709762364235846,1.1242683839208687,0.15179491809575257,0.16123945055577024,23.496019999891317,45.047819894927116,0.16123945055577024,0.37557311726025455,,
2022,12257,"Conley, Chris",WR,8,0.6499999999999999,0.0,-2.0,5.4,2.1971572542719833,3.3802419296492054,-0.25,0.7,-1.2157867493646413,0.5873310358313311,0.14839362995003694,0.20330560817159737,29.62595456152136,56.80045664367336,0.33544413230864956,0.42974431838380217,0.4589017526604945,0.6905466480682717
2022,15076,"Rozeboom, Christian",LB,16,0.34375,0.0,0.0,1.5,0.45821494683172437,1.3329889362377436,0.0,0.5,-1.3755319751991109,-0.04364980605758354,0.1473431762408367,0.2357334223921298,25.925131792466,68.86869387937017,0.23294605569282195,0.2142857142857143,0.22654091966098638,
2022,14214,"Layne, Justin",CB,9,0.6666666666666666,0.0,-2.0,7.0,2.357022603955158,3.5355339059327373,0.0,0.0,-1.0006815365933437,2.130234478501574,0.14698747280769492,0.1985886737495354,24.083072611564656,40.26016809931144,0.11852313943168824,0.14285714285714288,0.36255448695806597,0.4185903669267603
2022,12325,"Burton, Michael",RB,16,0.38125000000000003,0.4,-1.0,1.6,0.6385714036033873,1.6749413865006877,0.0,0.925,-1.3677220267458423,0.08065337898891209,0.14252648746772903,0.23267219186273605,35.270651504123,69.95935641971455,0.2453431054044395,0.19868839809758979,0.3527455955214174,0.29136059164913325
2022,15804,"Calcaterra, Grant",TE,14,0.6571428571428571,0.0,-2.0,8.0,2.4711808298620217,3.760492567181337,0.0,0.0,-0.42543231920109875,0.5040701754904973,0.13804093754355926,0.18931392207791675,39.84479047116061,86.72733595066771,0.04519478318436743,0.2762667022336796,,
2022,15644,"Gervase, Jake",LB,14,0.42142857142857143,0.0,-1.0,2.4,0.8669969281775961,2.0572808465231094,0.0,0.875,-1.1613049348181645,0.11414113236618455,0.13784424545355092,0.22572536947874589,24.824481370762737,65.94487626612626,0.29855791927779685,-0.14285714285714288,,
2022,14037,"Davis, Jalen",CB,13,0.5384615384615384,0.0,0.0,6.0,1.598816130063579,2.969229955832361,0.0,0.0,-1.327550706002145,1.6020211369239357,0.1356589425287206,0.20719493473682773,25.126763595333674,42.004927795385235,0.25074800936734126,0.4201200588093172,0.2970504159217057,
2022,14996,"Davis, Tyler",TE,16,0.5125,0.0,-2.1,4.7,1.4373913002380387,2.8046659516839783,0.0,1.125,-0.8726751563456233,0.3163631154074204,0.13470302163404463,0.21026578701169096,44.25451723136527,96.32567615174695,0.2185001467202484,0.337019206242691,0.32242172195757857,
2022,16072,"Cochrane, Jack",LB,13,0.38461538461538464,0.5,-1.5,1.5,0.737820234355803,1.9183326093250876,0.0,1.0,-1.2290015116401847,0.0838705019360228,0.13179285438075314,0.22132058138795851,24.340058285513543,64.65803284973823,0.11667639067172042,0.2684747639175602,,
2022,15734,"Ingram, Keaontay",RB,11,0.6181818181818183,-0.1,-1.8,7.4,2.289429536654445,3.703488956352778,-0.2,0.25,-0.8659329680847228,0.8690299624004892,0.1314304814826597,0.1879297949061854,28.488175790632404,56.50631215732888,0.20358003155757784,-0.150765487351,,
2022,15339,"Yeboah, Kenny",TE,9,0.3333333333333333,0.0,0.0,1.5,0.5270462766947299,1.5811388300841898,0.0,0.5,-1.2665128568086936,0.07608451759091078,0.129141962240931,0.21828633383320156,45.94259703056616,100.0,0.3269428493831384,0.3062870566386034,0.18254521701290943,
2022,15564,"Hesse, Parker",TE,16,0.5,0.0,-2.6,4.4,1.4391837964624254,2.878367592924851,0.0,1.225,-0.8718996782874762,0.33083678476995776,0.12892021914377838,0.20498660278292902,43.14341041394324,93.907208565592,0.05851861163980725,0.2190480427800605,,
2022,15955,"Yeast, Russ",S,14,0.5,0.0,-2.0,4.5,1.4638501094227998,2.9277002188455996,0.0,1.0,-1.2283099227466745,0.4250377148879771,0.12730095784829432,0.2029344228724749,23.89667580626525,44.722061753860984,0.18916696250455833,0.21691263171525407,,
2022,16006,"Fatukasi, Olakunle",LB,13,0.38461538461538464,0.0,0.0,3.0,0.8122581569978029,2.1118712081942874,0.0,0.5,-1.1899914363741493,0.12603394005140953,0.12359617698913825,0.21222990948074455,23.340298196829323,62.002224885035254,0.2639320225002103,0.32314795910650573,,
2022,13851,"Hollister, Cody",WR,11,0.6181818181818183,0.0,-2.5,5.9,2.51389526859963,4.0665952874405775,-0.5,0.25,-1.1001283955608043,0.7983475117740457,0.1220112882736479,0.17592494110622092,25.636008560335195,49.15071984345142,0.04507004042619334,-0.2901763937277048,,
2022,15912,"Johnson, Kyron",DE,15,0.3466666666666667,0.0,-0.8,2.0,0.6499914529352591,1.8749753450055548,0.0,0.75,-2.124066398203673,2.055518326371216,0.12058074420321573,0.21010209843812377,21.799666462332606,29.412757897903862,0.10129256973817555,-0.12121212121212122,,
2022,15714,"White, Zamir",RB,13,0.5538461538461538,0.0,-1.9,5.6,2.0017743608398963,3.614314818183147,-0.1,0.3,-0.9533676282782144,0.8343732437591946,0.12002782117589167,0.18450625772257834,27.969203643820606,55.476930622188625,0.22443747111125187,0.34310637047251785,,
2022,14240,"Gentry, Zach",TE,16,0.5812499999999999,0.0,-1.3,7.5,2.280410804548163,3.9232874056742593,-0.55,0.3,-0.5079641353189659,0.5360401374425455,0.11806135862190155,0.1771881738696017,37.29269133675297,81.17236235457412,-0.20481342637535285,0.011826718923168472,0.36891572774565246,
2022,16075,"Blount, Joey",S,10,0.6,0.5,-3.0,6.0,2.4979991993593593,4.163331998932266,0.0,1.0,-0.7870210320590783,0.7732288865456851,0.11620403261383831,0.17152662588084266,20.198230111964914,37.80050839327031,0.17152662588084266,-0.0809816975292943,,
2022,14231,"Wesco, Trevon",TE,13,0.4384615384615384,0.0,-1.0,3.6,1.3147321818755224,2.9985119937511917,0.0,0.1,-0.9257405149375713,0.3544309721454792,0.10965617688449074,0.18942214649915695,39.86756840181065,86.7769150605184,0.1011759117453872,0.012242005992306347,0.25511161158869905,-0.24040820577345753
2022,16099,"Wooten, Chandler",LB,8,0.5625,0.0,-2.0,6.5,2.3377005261581303,4.155912046503342,0.0,0.0,-0.39056529009198937,0.5713393721198369,0.10909805965008237,0.16852920014590622,18.534248051571016,49.23521568051953,,0.0,,
2022,15938,"Carpenter, Tariq",LB,13,0.38461538461538464,0.0,-2.0,2.0,0.9835932194264939,2.5573423705088842,0.0,1.0,-1.1002012670111625,0.2230822595813801,0.10811874274568763,0.19389831586870745,21.324254075739702,56.64671400339054,0.40038174057192766,0.6111111111111112,,
2022,16025,"Hairston, Troy",RB,15,0.32000000000000006,0.4,-1.0,1.0,0.642079953484507,2.0064998546390838,0.0,1.0,-1.3666555802069995,0.20951056538024931,0.10643606035976827,0.1948747984657857,29.5409651174724,58.59452035905889,0.19036049113827308,0.10873250143959964,,
2022,15420,"Rochell, Robert",CB,16,0.4375,0.0,-2.0,5.0,1.3678792892649556,3.126581232605613,0.0,1.0,-1.427109514766066,1.7487886876202978,0.10601996552089028,0.18476448608822882,22.406597770592406,37.45757060685535,0.14896303361636343,-0.10102051443364381,0.514504112656036,
2022,15335,"Farrell, Luke",TE,16,0.39375,0.0,0.0,4.0,1.0714877215815402,2.721238657984864,0.0,0.0,-1.0309740653113488,0.29997950380146027,0.10581154185182648,0.1900807790930953,40.00619041869618,87.0786437956034,0.18661488692047967,0.019230769230769232,-0.08635823031525508,
2022,14494,"Dowell, Andrew",LB,16,0.5,0.0,-3.0,7.0,1.9121323175972944,3.824264635194589,0.0,0.625,-0.6135893517202623,0.4990881768309048,0.10364273890622343,0.17169549507713774,18.882466019787028,50.16023765719984,0.1986883980975898,0.2526695821305878,0.34535678298778233,
2022,14980,"Brown, Cam",LB,16,0.375,0.0,-2.0,2.0,0.9921567416492215,2.6457513110645907,0.0,1.0,-1.0957134517337586,0.24234262891208241,0.1028594569415369,0.18823820041868466,20.701774507448697,54.99313109480708,0.09629120178362602,0.0,0.4051753518457664,0.3462143809615292
2022,13895,"Sims, Cam",WR,16,0.48750000000000004,0.0,-2.0,3.4,1.8254708296765523,3.744555548054466,-1.0,1.85,-1.351509769827453,0.699337737657921,0.102749350294761,0.1725376156354822,25.14240313850891,48.20435326129442,0.4228623706075676,0.13635104019747105,0.6105250881304674,0.7356311592029197
2022,13065,"Tomlinson, Eric",TE,16,0.575,0.0,-2.0,9.1,2.6468141226765436,4.603154995959207,-0.8500000000000001,0.0,-0.34944902673732925,0.6695538360036063,0.10262075570186248,0.15767186937895927,33.18510614351521,72.23167232239128,0.19312978652323248,0.3507377485966967,-0.0036415541402289573,
2022,12851,"Matakevich, Tyler",LB,16,0.30625,0.0,-0.6,2.0,0.6179287479151622,2.017726523804611,0.0,0.625,-1.291832065527342,0.10552400767952415,0.10148368236293795,0.18928522062212505,20.816922102932267,55.29901438087037,0.2992541879546028,0.14285714285714288,0.3298702365130489,0.30892295117199997
2022,15960,"Horvath, Zander",RB,15,0.44666666666666666,0.0,-1.0,5.1,1.5300835126082357,3.4255601028542593,-0.15,0.0,-1.096741127172265,0.7610154385071031,0.10092884432381555,0.1765422621193254,26.76194586516687,53.08233416236886,-0.015825061926795822,0.0,,
2022,16005,"Jones, Tim",WR,16,0.375,0.0,-1.0,4.0,1.03289641300568,2.754390434681813,0.0,0.5,-1.6409219911352644,0.39491560516093566,0.09988305865470848,0.18446586732156936,26.880603307350974,51.53692312409209,0.1811421519067901,0.15805524699200396,,
2022,13455,"Ricard, Patrick",RB,16,0.4375000000000001,0.55,-3.0,3.0,1.5378048478269277,3.514982509318691,-0.125,0.925,-1.094394177150682,0.795768644365623,0.09689960018605226,0.17239308230285033,26.13297394478728,51.83476801659794,0.1220351777355764,-0.08935694959342998,0.17068043301279,-0.07444751926802735
2022,14286,"Boyd, Kris",CB,16,0.6,0.0,-3.0,12.0,3.154362059117501,5.257270098529169,0.0,0.25,-0.6569418107794889,3.7361636397679305,0.0958884610304797,0.1444265067564805,17.514765487772895,29.27979390881978,-0.06206918198483429,-0.04531948672039388,0.6097660611346883,0.6625158966577537
2022,15865,"Woods, JT",S,9,0.2777777777777778,0.0,0.0,1.5,0.5328701692569688,1.9183326093250876,0.0,0.0,-1.6255747939785263,0.14060598024318158,0.09518372816387727,0.18121415847790004,21.33899185439233,39.93541692636032,,0.3062870566386034,,
2022,13754,"Yiadom, Isaac",CB,8,0.25,0.0,0.0,1.0,0.4330127018922193,1.7320508075688772,0.0,0.25,-1.8301383406136587,0.4480568533998651,0.09150635094610966,0.17445763018700947,21.156673722159205,35.36804685243508,0.14285714285714285,0.2684747639175602,0.01713021599232709,0.919710792228057
2022,15923,"Lake, Quentin",S,8,0.25,0.0,0.0,1.0,0.4330127018922193,1.7320508075688772,0.0,0.25,-1.6681856625941593,0.08811325558417803,0.09150635094610966,0.17445763018700947,20.543372442673636,38.44643407569432,,0.14285714285714285,,
2022,16020,"Eifler, Milo",LB,9,0.2222222222222222,0.0,0.0,1.0,0.3424674446093876,1.5411035007422442,0.0,0.5,-1.4361908250606903,0.001689085577808051,0.08745107082702934,0.16553267128714716,18.204700358270102,48.35979026743875,,0.16064915440886857,,
2022,15874,"Butler, Percy",S,14,0.39999999999999997,0.0,-2.0,5.0,1.5311060427957672,3.8277651069894185,0.0,0.375,-1.199610679553281,0.6786688152055643,0.08285407246116805,0.15803367904656201,18.60935932500829,34.826974416023575,0.18248915624543757,-0.18917127685921264,,
2022,13780,"Allen, Marcus",LB,15,0.38666666666666666,0.5,-3.0,2.8,1.4282234496822344,3.693681335385089,0.0,1.0,-0.8671875270758076,0.4706398935809992,0.08238025529164796,0.1592385028310583,17.512489872831814,46.520970993409314,0.17656120017574123,0.0760181497626517,0.21073191926793386,0.41222991370996037
2022,15944,"Leonard, Deane",CB,16,0.375,0.0,-2.0,5.0,1.3635890143294642,3.636237371545238,0.0,0.25,-1.4289590882701033,2.224164450330659,0.08088455571786526,0.15865702443467536,19.240516428515672,32.16476727133355,0.0,0.14285714285714285,,
2022,13790,"Phillips, Darius",CB,9,0.2222222222222222,0.0,0.0,1.0,0.41573970964154905,1.8708286933869709,0.0,0.0,-1.83758487242867,0.5775002923729858,0.07740699496773072,0.15696545114107638,19.035377425931323,31.821832179081046,0.14285714285714285,0.14285714285714288,0.44862765893840245,0.9737334299101745
2022,14988,"Bradley, Shaun",LB,15,0.29333333333333333,0.0,-1.6,2.5,0.8473225805769345,2.888599706512277,0.0,0.75,-1.1716155097707075,0.29524847484000283,0.07543418080346123,0.15878836561491216,17.46298536670425,46.389464981966796,0.1704099702299355,0.3535718005177533,0.46880232636062363,0.3438420169917473
2022,15478,"Strachan, Mike",WR,12,0.4000000000000001,0.0,-2.0,7.2,2.207562758639793,5.518906896599481,-0.25,0.0,-1.2119871312220758,1.2448546560263491,0.06135998049130842,0.12470527627949674,18.172213161577098,34.84073411576666,-0.24048217280637146,-0.14285714285714285,,
2022,13316,"Taylor, Trent",WR,16,0.30624999999999997,0.0,-1.3,3.8,1.237673598934711,4.041383180194975,0.0,0.025,-1.5661466526858854,0.7905961546026076,0.06074721739127074,0.13686088987500072,19.943544800121256,38.236825395383065,0.19317789909895822,0.20113565848008924,,0.057891663775640874
2022,13752,"Moore, Tarvarius",S,12,0.2916666666666667,0.25,-3.0,2.0,1.162940478079405,3.9872244962722454,0.0,1.0,-1.3567131469093394,0.7236031981511988,0.05848276268386876,0.1348472922036457,15.879031164506848,29.717230048556488,0.1111111111111111,-0.16974571267859698,,0.8110430880469012
2022,15330,"Jordan, Brevin",TE,10,0.41000000000000003,0.65,-4.0,4.2,2.5804844506410034,6.293864513758544,-1.7999999999999998,1.95,-0.37814487812482683,1.0015786069140236,0.05621162817414689,0.11450964405852927,24.10077782109139,52.45845768156479,0.11450964405852926,0.9374517990749484,0.7562286439925547,
2022,15011,"Johnston, Clay",LB,16,0.225,0.0,-1.5,1.5,0.677772085586298,3.0123203803835463,0.0,0.625,-1.2604704554250663,0.3222016976433295,0.0560772766551837,0.1341064152473211,14.748551368836551,39.17871961135962,0.14402573877231822,0.34549150281252633,0.39622970562186044,
2022,14810,"Vaughn, Ke'Shawn",RB,14,0.22142857142857147,0.0,-1.2,1.6,0.6710105081448549,3.0303700367832147,0.0,0.375,-1.3578619500949256,0.6074284096803635,0.05494001032354382,0.1325117767657847,20.087388445867266,39.84334589513919,0.1745037271196887,0.1845208634386654,0.383897128481298,0.3276918584886648
2022,14552,"Blasingame, Khari",RB,15,0.2,0.0,-1.0,1.0,0.5416025603090641,2.70801280154532,0.0,0.5,-1.397196336877015,0.4821471988614406,0.053937246364589055,0.12973512444083093,19.666477224300515,39.00846825849549,0.125,0.11439478302055078,-0.158074780751064,0.26638098748367384
2022,14316,"Hart, Penny",WR,9,0.2777777777777778,0.0,-1.1,3.5,1.191430305489795,4.289149099763262,0.0,0.0,-1.5830326055945063,0.8667707527341696,0.05251842452129227,0.12675638238729803,18.47110298019583,35.413781581576885,0.1497170317700648,-0.13777296692827923,0.3033158936429124,0.3216374604887602
2022,12845,"Washington, Dwayne",RB,12,0.24166666666666667,0.0,-1.6,2.6,0.9068795705911317,3.7526051196874413,0.0,0.525,-1.286168015623733,0.8881185130539453,0.05084930487188468,0.12673410025141238,19.211553593362833,38.106126989386816,0.018558355911988983,0.12121212121212122,0.24115710202903745,-0.10767184074937913
2022,15151,"Welch, Kristian",LB,16,0.1875,0.0,0.0,2.0,0.5266343608235224,2.8087165910587863,0.0,0.0,-1.3396759706956733,0.27784550295446253,0.04922918140986616,0.1228191928674104,13.507222393078102,35.88119711776349,0.125,0.0,0.3352888697155126,0.23670068381445475
2022,12040,"Smith, Keith",RB,16,0.1875,0.0,-1.0,1.5,0.5555121510822243,2.9627314724385294,0.0,0.125,-1.3929684263614546,0.58114129615272,0.04731584799628598,0.12053907767261714,18.272453477068037,36.243421398536505,0.17817525748808136,0.08333333333333334,0.44147235441052585,0.1399803947900298
2022,10261,"Green, A.J.",WR,14,0.35714285714285715,-0.25,-2.1,6.0,2.450864070869201,6.8624193984337625,-1.4500000000000002,1.15,-1.1231445295201605,1.6579119687119606,0.045424040494965456,0.10349374817678643,15.081242020137031,28.914559755996223,0.16572689396677293,-0.1666512713524646,1.0907347729344403,0.45328517306834376
2022,14401,"Eguavoen, Sam",LB,16,0.1875,0.0,0.0,2.5,0.6091746465505602,3.2489314482696545,0.0,0.0,-1.2964197560619373,0.3737487077825,0.04412874208087258,0.11651936003461559,12.814388959433598,34.04072301591447,0.04347826086956522,0.08333333333333334,0.5479004359797198,0.3052620184356209
2022,15824,"Tindall, Channing",LB,15,0.13333333333333333,0.0,0.0,1.0,0.28674417556808757,2.1505813167606567,0.0,0.0,-1.4653932643848655,0.13446714808595295,0.042320232340621856,0.10362070088599212,11.39583984161735,30.272424913139613,0.07692307692307693,0.14285714285714285,,
2022,12859,"Anderson, Stephen",TE,15,0.22000000000000006,0.0,-2.0,2.0,0.9641576634555161,4.382534833888709,0.0,0.5,-1.0774076945285356,0.6262280263370105,0.040872935668687,0.11200730170151262,23.574111288550785,51.31209990777544,-0.061348593024009454,-0.27767439610383504,0.5150921665815902,0.2729968225741972
2022,15521,"Ogbongbemiga, Amen",LB,16,0.125,0.0,0.0,1.0,0.2795084971874737,2.23606797749979,0.0,0.0,-1.4691852073651404,0.15309088283873726,0.038627124296868424,0.0976937630932239,10.744016091535514,28.540890791460257,0.15018820695830562,0.14285714285714285,0.5800280643063596,
2022,14319,"Beck, Andrew",RB,12,0.35833333333333334,0.0,-3.0,9.4,3.0084487512485385,8.395670933716852,-1.075,0.925,-0.6473824048188065,2.692603858835854,0.038138131471530744,0.08939451532758673,13.551266145115415,26.878943760755842,-0.11009174311926609,-0.03466151091496359,0.06528853541086166,0.0
2022,15470,"Wildgoose, Rachad",CB,14,0.3857142857142857,0.0,-6.0,8.2,3.904184045511237,10.121958636510616,-1.95,0.0,-0.3336872642454726,8.273644594873685,0.03468042800016194,0.07865004292963416,9.537979477953426,15.944836578941809,0.22439862243888523,-0.3931809381698415,,
2022,15334,"Long, Hunter",TE,8,0.125,0.0,0.0,1.0,0.33071891388307384,2.6457513110645907,0.0,0.0,-1.3514489141364603,0.2851551541399866,0.03428648564717897,0.09393418752518262,19.77027351680546,43.03255539440241,-0.10102051443364381,0.0,,
2022,15981,"Turpin, KaVontae",WR,16,0.16875,0.0,-1.0,2.2,0.6658816993280413,3.945965625647652,0.0,0.025,-1.7749391147061406,0.7612604256008008,0.03411871670214104,0.10129770923593667,14.761232402782879,28.30102028815098,0.20879797170030256,0.0,,
2022,13277,"Golladay, Kenny",WR,11,0.2909090909090909,0.0,-3.0,5.3,2.263727635983922,7.781563748694731,-0.5,0.0,-1.1914782659726502,1.9404990639348292,0.03312725378237229,0.08913399748854656,12.988720691136121,24.902666509584165,-0.02294788379688126,0.0,0.5819949042266598,
2022,14979,"Strnad, Justin",LB,16,0.15625,0.0,-1.0,2.0,0.6051536478449089,3.872983346207417,0.0,0.0,-1.2985270080725353,0.5097018134328679,0.03206454627463635,0.09734270623237994,10.705408094028526,28.438330758867597,0.21414208040524416,0.0,0.7116727493797301,
2022,15302,"Eskridge, Dee",WR,10,0.31000000000000005,-0.5,-2.0,7.8,2.853226244096321,9.203955626117164,-1.65,0.5249999999999999,-0.9762201172825951,2.377807511509232,0.030380375156331612,0.08045206285900372,11.723578016744964,22.477067649112357,0.08045206285900372,0.09260065362095442,0.43096466681457424,
2022,12378,"Swaim, Geoff",TE,16,0.2625,0.0,-2.4,7.3,2.0173853746867505,7.685277617854287,-0.7749999999999999,0.3,-0.6217554207996419,1.274826975285705,0.03022355894075049,0.08699584819431672,18.30996529529821,39.85400582190939,-0.24356843620038687,-0.24778961111052503,0.5444562739008392,0.2704907914741471
2022,10312,"Rudolph, Kyle",TE,8,0.1875,0.0,-1.0,2.4,1.0421582173547355,5.558177159225256,-0.25,0.275,-1.0436627319176064,0.8571029162178784,0.028590261508298465,0.09181462944769968,19.32417136773052,42.06155641326483,-0.024435735609820566,-0.14285714285714288,0.5621781429883691,1.029080457563493
2022,10368,"Jones, Taiwan",RB,16,0.13125,0.0,-1.4,1.0,0.5264488935309865,4.011039188807516,0.0,0.5,-1.401802392379666,0.9885565661112327,0.026192171933748887,0.08598388099086114,13.034249933871694,25.85344182487746,0.06709555400694987,0.11635026370340713,0.17381959761920862,-0.12592841955016024
2022,15456,"Niemann, Nick",LB,16,0.09375,0.0,0.0,1.0,0.2633171804117612,2.8087165910587863,0.0,0.0,-1.4776704587485578,0.27784550295446253,0.02461459070493308,0.07420939210962321,8.161287657719084,21.680014044297927,0.04347826086956522,0.0,0.4064807324474041,
2022,15321,"Darden, Jaelon",WR,13,0.2,0.0,-2.0,5.0,1.4827209914415922,7.41360495720796,0.0,0.0,-1.4766664616787184,1.8273716688543493,0.02377102336242438,0.08055677649217843,11.7388370219751,22.506323025954305,-0.027522935779816512,0.0,0.13627504012570127,
2022,15627,"Wise, Daniel",DE,11,0.09090909090909091,0.0,0.0,1.0,0.2874797872880344,3.1622776601683786,0.0,0.0,-2.315054921822352,4.985900265763887,0.02184118848654929,0.07061011116965425,7.326327932036407,9.88489939137261,0.07692307692307693,0.0,,
2022,15994,"Weatherford, Sterling",LB,14,0.10714285714285714,0.0,-1.0,2.0,0.7116021016132599,6.641619615057093,0.0,0.0,-1.242741434724019,1.112864307466176,0.014020961856272223,0.06259799344828468,6.884306915933039,18.28778458525729,0.18289198792714328,0.14285714285714288,,
2022,15941,"Young, Dareke",WR,12,0.125,0.0,-2.0,2.5,1.0433320021290762,8.34665601703261,0.0,0.25,-1.6371113874047734,2.114234323904782,0.013373767021297226,0.061174591241048765,8.914440072392193,17.09123889267638,0.07005184514942119,0.0,,
2022,13387,"Johnson, Marcus",WR,13,0.1769230769230769,0.0,-4.9,6.0,2.705309266027097,15.290878460153158,0.0,1.0,-1.0302326873223495,4.249206538253621,0.010860253936325394,0.04774853169348997,6.957977416622595,13.340204575006096,-0.21295648501868278,0.37900437319588176,,0.6009747569899726
2022,12328,"Boyle, Nick",TE,12,0.041666666666666664,0.0,0.0,0.5,0.13819269959814165,3.3166247903554,0.0,0.0,-1.4347405008995866,0.4169025719704233,0.009652603293147499,0.03660774373388424,7.704810415888096,16.77051563010683,0.04347826086956522,0.08333333333333334,,0.5055644650602868
2022,14984,"Woerner, Charlie",TE,16,0.0625,0.0,-1.0,1.0,0.3903123748998999,6.244997998398398,0.0,0.0,-1.325667313707482,0.9919821071032451,0.008626641444734207,0.044953926274661764,9.461426574495118,20.594017722159492,0.1136229172359372,0.14285714285714288,0.33551441403006155,0.19385896578181278
2022,12675,"Thomas, Mike",WR,10,0.10999999999999996,0.0,-2.0,4.6,1.6213882940245987,14.739893582041812,-0.375,0.0,-1.4260314535089105,4.079808536543657,0.006988611417646606,0.04196249760126827,6.1148290910589855,11.723675736723079,0.04196249760126827,-0.33333333333333337,0.1939108104210419,0.1807855175665746
2022,16050,"Webb, Raleigh",WR,11,0.03636363636363637,0.0,-0.6,0.5,0.27723546694503465,7.623975340988451,0.0,0.0,-1.9168550875801251,1.8920491655463216,0.004216574714772838,0.028470581427411348,4.1487697230499645,7.9542420916540735,-0.008020666025076548,-0.014828963672967805,,
2022,15414,"Nwangwu, Kene",RB,16,0.04375,0.0,-1.3,1.0,0.47823732340753167,10.931138820743582,0.0,0.0,-1.4164566124513278,3.6779904180821092,0.003666875447290569,0.029596059649712056,4.48645064733846,8.898877296324406,-0.019765661758164313,0.0,0.1844945906247756,
2022,15713,"Ford, Jerome",RB,12,0.03333333333333333,0.0,-0.9,1.0,0.41699986677322687,12.509996003196806,0.0,0.0,-1.4350701353847237,4.2915989179252065,0.0024673088967195715,0.0235238789466082,3.5659720644247566,7.0731075270519,-0.045242381696105526,-0.16311860040264592,,
2022,12206,"Williams, Maxx",TE,10,0.030000000000000006,0.0,-1.8,1.2,0.740337760755184,24.677925358506126,0.0,0.0,-1.174237702402109,4.611875660381572,0.0011683186854526057,0.017238033143050415,3.628078755016642,7.896982298590648,0.017238033143050408,-0.06122448979591838,,0.6054466019450981
2022,12776,"Killebrew, Miles",S,16,0.012499999999999997,0.0,-1.8,1.0,0.5441449714919729,43.53159771935785,0.0,0.0,-1.6207636453545768,11.866891892174694,0.0002806995625617595,0.008095094845869514,0.9532431926261962,1.7839720165555124,-0.08247259533168988,-0.20930232558139533,0.4166031215874249,0.43686201896043375
2022,14966,"Hudson, Khaleke",LB,11,0.009090909090909084,0.0,-1.0,1.0,0.5177829405781142,56.95612346359261,-0.15,0.25,-1.3443146623427433,12.074153072183613,0.00015685847409411177,0.0059895976215455496,0.6587148574295398,1.749839971239461,-0.026349187868805645,-0.10721407708476308,0.24666669825415946,0.2002864160115172
