season,player_id,player_name,position,games_played,mean_score,median_score,min_score,max_score,std_dev,coefficient_variation,floor_score,ceiling_score,std_dev_vs_position,cv_vs_position,value_score,consistency_score_std,consistency_index_vs_avg,consistency_index_vs_replacement,consistency_score_trailing_10,consistency_score_trailing_5,consistency_score_last_season,consistency_score_2seasons_ago
2023,13130,"McCaffrey, Christian",RB,16,21.69375,20.65,5.1,44.4,10.379153912410201,0.4784398231015938,15.049999999999999,25.650000000000002,1.743248400991796,-0.18162778288493137,14.673407507712454,1.9064466626416412,297.149265198716,661.6500419594548,2.3019735675753883,2.0959820048877966,1.8041024019926029,
2023,16167,"Achane, De'Von",RB,10,17.020000000000003,13.75,0.0,56.1,16.95687471204526,0.9962911111659962,2.0250000000000004,26.475,3.7808717226204385,-0.08638341455623642,8.525810641945373,0.9478264048132601,147.7334379425765,328.951967450272,0.9478264048132601,1.1331253384313733,,
2023,15710,"Williams, Kyren",RB,12,16.825000000000003,15.100000000000001,2.5,42.8,10.737017354305927,0.6381585351742006,9.925,20.675,1.8541060851922992,-0.15225195976303105,10.2706787156048,1.4334987750382309,223.43300550335877,497.5090797130575,1.3650730051834055,2.3467974728810916,0.792424237181032,
2023,12447,"Mostert, Raheem",RB,15,14.046666666666665,9.7,-9.0,38.2,11.935709260683069,0.8497182672531849,9.1,19.15,2.225432667496777,-0.11334142017363281,7.593949259919371,1.085882991306882,169.25169703490232,376.86578955516785,1.3273961970793535,2.3279940247158053,1.039309947913929,
2023,13146,"Conner, James",RB,12,13.725,14.149999999999999,1.4,26.1,7.791782530332838,0.567707288184542,6.65,20.724999999999998,0.941741552277896,-0.16520951084411364,8.754823112351549,1.561116867102535,243.3242634263182,541.8001252606582,1.5480412827296928,1.8070444575928377,1.5725457162714584,1.3641887285781915
2023,14071,"Montgomery, David",RB,13,13.30769230769231,11.5,3.6,28.2,6.971641627496965,0.5238805847252054,7.9,19.3,0.6876811745962129,-0.1732702162688618,8.732765835514616,1.669379147927254,260.198618123043,579.3735565315053,1.9336220679567788,3.291180563126178,1.1020503978696827,1.1008751459122168
2023,15253,"Etienne, Travis",RB,16,12.743749999999999,13.350000000000001,-0.6,36.8,9.83100762574722,0.7714375773023813,4.625,17.225,1.5734455632929691,-0.12773897993362993,7.194015845258692,1.1765987468890569,183.39115377471913,408.34953607874536,1.2518879092475985,1.347350450931938,1.0418082163065092,
2023,15715,"Cook, James",RB,16,12.625,11.75,-7.0,43.2,11.977557138248184,0.9487173970889651,4.6499999999999995,17.025,2.2383961565053205,-0.09513327856305002,6.4786202549736,0.9728333202857488,151.63115336422908,337.63084999961234,0.9095539267760021,0.736360715596738,0.7126844179613134,
2023,16162,"Gibbs, Jahmyr",RB,14,12.549999999999999,8.7,0.1,30.8,9.2445930142976,0.7366209573145498,4.975,20.65,1.3917880979138,-0.1341425306334378,7.226677731338037,1.22503646386781,190.94092282422196,425.16029616945997,1.3926557531620618,1.0694721862144794,,
2023,15708,"Hall, Breece",RB,16,12.46875,11.05,-2.2,33.8,10.756028469537444,0.8626388747498702,6.15,18.974999999999998,1.8599952819134582,-0.11096503311462882,6.694131733761006,1.0606260466542234,165.3150106896873,368.1001320538752,1.1690417774254687,1.0405339365905526,,
2023,13132,"Kamara, Alvin",RB,13,12.269230769230772,13.9,0.0,22.3,6.779083738335215,0.5525272012436224,5.8,15.8,0.6280312658099761,-0.16800146642129615,7.902747700267497,1.577207699766513,245.83226912940526,547.3845983623245,1.5456447549262595,1.0686329966644974,0.900012501058599,1.2250127153456063
2023,15721,"White, Rachaad",RB,16,12.14375,11.75,-0.3,27.1,8.625106430502756,0.7102506581988888,6.7,18.200000000000003,1.1998857127218863,-0.13899261508779476,7.100567359400354,1.261674360453351,196.65150695026026,437.8758188683953,1.7002666036798213,1.278754519189292,0.8467832188276143,
2023,15749,"Pacheco, Isiah",RB,14,11.77142857142857,10.5,-4.3,27.1,8.572833218239762,0.7282746665980381,6.85,16.725,1.1836927000282749,-0.13567759910870045,6.8110866860067025,1.2296702870577205,191.6631759996844,426.7685075965705,1.1437618252596866,1.2291367902050925,1.2369595050910243,
2023,12626,"Henry, Derrick",RB,16,11.55625,12.2,-7.0,27.0,9.56686787498918,0.8278522769054996,4.125,17.875,1.4916212760195382,-0.11736306207459421,6.322310695459699,1.0936305948664882,170.4592811493186,379.55466741404047,0.9217816787658786,0.8146760713184671,1.3542053367314293,1.4905700038938816
2023,16178,"Mitchell, Keaton",RB,8,11.1625,11.5,0.0,29.3,8.962133883735502,0.8028787353850394,3.975,15.225,1.3042888972982598,-0.12195625174481253,6.191486859828116,1.1204928713339473,174.6461833429577,388.87747024933896,,2.1254733584734815,,
2023,13131,"Mixon, Joe",RB,16,10.975,9.649999999999999,5.4,21.4,5.001937124754768,0.45575736899815655,7.325,13.0,0.07751300939723954,-0.18579959062784818,7.539031045779921,1.8285763032628277,285.0119625803926,634.6244096351822,2.0213335871068088,2.0374249240964915,0.9031702736102243,1.3441670480087589
2023,14802,"Taylor, Jonathan",RB,9,10.955555555555556,9.0,3.6,22.7,6.2259512635261185,0.5682916974821001,7.0,13.4,0.45668382420319426,-0.16510202497766077,6.985661897684438,1.5161402500533148,236.3139604531518,526.1905720846066,1.3469001563549976,1.4893684426594234,0.8941053331839983,1.6185282888268013
2023,15716,"Robinson, Brian",RB,14,10.907142857142858,9.7,2.2,30.9,8.747935616533791,0.8020373191321091,4.6499999999999995,11.35,1.2379353079627462,-0.12211100690591561,6.052673127988225,1.1189182290702555,174.4007509368087,388.3309760094218,1.153202260806603,1.3105558955524077,1.0658119477599792,
2023,15711,"Walker III, Kenneth",RB,14,10.657142857142857,9.25,-2.6,32.2,8.550164099153243,0.8022942184192051,5.575,13.25,1.1766703396790745,-0.12206375741385582,5.913098287853496,1.1159120143378232,173.93218576985353,387.2876412323047,1.070122099248897,1.0393047104245794,1.099673144901953,
2023,14798,"Moss, Zack",RB,13,10.43846153846154,8.5,-0.1,38.5,10.278097583737392,0.9846372040426387,2.2,14.3,1.7119435252796327,-0.08852682724653649,5.259632096586091,0.9255516243726623,144.26156811789704,321.2212977693602,0.7501885745884466,0.8047790696265867,0.5280417895793125,0.8076373278530244
2023,13850,"Edwards, Gus",RB,16,10.056249999999999,6.4,0.0,27.3,8.079601533336902,0.8034407988402141,4.1,15.225,1.0309011154143435,-0.12185287577572138,5.576146445432051,1.1075651242047582,172.63119355310934,384.39077539545985,1.2887138948253556,1.0912286509895897,1.0520644768668193,
2023,13604,"Barkley, Saquon",RB,13,9.846153846153848,6.6,2.9,29.0,7.095785898319713,0.7206657552980957,5.7,11.7,0.7261381521999216,-0.1370770471107337,5.722293139057712,1.2162072922651557,189.5647595643452,422.09605006394935,1.142497955630356,1.2457140853596487,1.3392939900998921,0.6987818736087061
2023,16161,"Robinson, Bijan",RB,16,9.375,6.1,-8.7,27.9,9.520996533976891,1.0155729636242017,3.525,15.375,1.477411412589913,-0.08283705308158759,4.651282870525716,0.8910752864259609,138.88789641317197,309.2559640959622,0.7267693313416549,0.5981333026140156,,
2023,15713,"Ford, Jerome",RB,16,9.34375,8.100000000000001,-5.8,33.2,9.997622764312524,1.0699796938394674,2.2249999999999996,13.6,1.6250590176213873,-0.07283044544804965,4.513933169396894,0.849615430556559,132.42573518503315,294.8669355890686,0.7980150654429642,0.7885736636470101,0.0235238789466082,
2023,14797,"Swift, D'Andre",RB,16,9.2875,8.15,-4.0,28.7,8.646955750436105,0.9310315747441297,2.625,12.925,1.20665411855942,-0.09838609460586323,4.809605457244083,0.9627389448303569,150.05778847131705,334.127503132116,0.9853918990997752,0.7652860810069211,0.9342663386659757,0.9828758535259132
2023,13319,"Jones, Aaron",RB,10,8.84,6.1,-1.8,28.4,9.481265738286211,1.0725413731092999,1.3749999999999998,15.775,1.4651037457928235,-0.0723592956613457,4.265294828222376,0.8434095862782147,131.4584581542179,292.71313962528814,0.8434095862782147,1.220306224289069,1.1387775771093964,1.2290327835307433
2023,15742,"Warren, Jaylen",RB,16,8.76875,5.55,-0.9,30.0,8.380313146744578,0.9557021407549056,3.075,13.625,1.1240545062663927,-0.09384862886972413,4.483683796866553,0.9348035468350201,145.70362365254059,324.4322634918119,1.0344203047103624,1.168899908702759,0.8921703034259978,
2023,13404,"Ekeler, Austin",RB,13,8.253846153846153,2.4,-2.0,28.8,9.432971257539277,1.1428576546878901,1.2,13.6,1.4501432506192737,-0.05942656772084365,3.851793951777136,0.7911309204347321,123.31001768359135,274.5693425148066,0.8294916837736487,0.6143558193697614,1.2651774382144194,1.7242931153718568
2023,14080,"Singletary, Devin",RB,16,7.99375,7.5,-1.8,23.7,7.2649388116831375,0.9088273728454276,3.7,9.85,0.7785377495209064,-0.10246994113251641,4.187780473874898,0.96718804363079,150.75124948717013,335.6716042421409,1.247374459739013,1.6228065410089376,1.1742659728298166,0.9832241490346342
2023,14085,"Pollard, Tony",RB,16,7.90625,7.6,0.8,15.2,4.358679379984263,0.5512954156501835,4.65,12.025,-0.12175312282219829,-0.16822801918551153,5.096547002097798,1.4754101597366363,229.96554449888214,512.0548154987385,1.4371467831785556,1.2939339194768342,1.1735141623631826,1.4935815662730223
2023,15271,"Herbert, Khalil",RB,11,7.845454545454544,7.6,-3.0,20.8,8.487891229313743,1.0818864834582989,-0.1,14.6,1.1573796680688184,-0.07064052204299823,3.76843531469697,0.8268912823552683,128.88382442896523,286.98030864822186,0.7744058132145977,0.8378722210769546,0.9123017590089366,0.6015775679195703
2023,15259,"Stevenson, Rhamondre",RB,12,7.783333333333332,9.95,-1.7,23.8,7.539212307809233,0.968635414279559,0.17500000000000002,11.0,0.8635012329576255,-0.09146991224649802,3.95366926596803,0.9114814168767489,142.06850817001953,316.338101421685,0.7928586332026543,1.032477739468581,0.8859932856599294,0.7970139841614642
2023,16011,"Stonehouse, Ryan",PN,12,9.825000000000001,12.05,-8.0,23.0,8.968381961089749,0.912812413342468,3.75,14.700000000000001,3.95615942974647,0.8222659953346952,5.136415851061786,0.9856163255331286,87.94375588466701,107.87192163380597,1.0528496758271235,0.90152920208306,1.8027359628387496,
2023,9596,"Morstead, Thomas",PN,16,9.26875,9.0,4.1,15.9,3.1695265320706816,0.3419583581465334,7.175,11.325000000000001,-0.6939343360484274,-2.142462105266113,6.906883469023345,2.2229742223026285,198.34969985744092,243.29599144219927,2.6273289912308706,2.89206938957084,1.0926479268368132,1.1782375276228496
2023,14630,"Cole, A.J.",PN,16,8.587499999999999,8.3,0.1,17.2,5.075538764505695,0.5910379929555396,4.275,11.7,0.8344941112657275,-0.8488680843701973,5.3974198215390885,1.4134548939379001,126.11858075628481,154.69720985933873,1.423938697548093,1.1535284106887875,1.1740985215045987,1.4921426497653145
2023,13869,"Bojorquez, Corey",PN,15,8.54,7.7,0.4,20.0,4.960349450055577,0.5808371721376554,5.300000000000001,10.65,0.7421239669213474,-0.9018460037748249,5.402200903747699,1.4328018971975491,127.84485911398764,156.81466506519172,1.330033987490691,1.6274295032740513,1.0108815737540247,0.9822147325900275
2023,16330,"Baringer, Bryce",PN,16,7.575000000000001,7.45,1.2,13.9,3.6234479436028884,0.4783429628518664,5.2,9.8,-0.32993541388806014,-1.4341492424969224,5.123980152336975,1.638387647573917,146.1886939065838,179.3152359050985,1.9195474390908431,1.9413975012466023,,
2023,15887,"Camarda, Jake",PN,16,7.5375,6.85,-4.8,15.8,5.224566369565995,0.6931431336074289,4.175,11.899999999999999,0.9539991318175971,-0.3185854719386307,4.451779563338229,1.21092772612296,108.04765463125744,132.5313891344916,0.9599594124044288,1.1869759211690467,1.0471782484845888,
2023,13848,"Johnston, Cam",PN,12,7.441666666666666,7.85,0.1,12.8,3.7406457404511797,0.5026623615387924,5.2,9.725,-0.2359546704189433,-1.307846549154231,4.952321198120696,1.5697580190749336,140.0650663460264,171.80398663353728,1.8685368672825646,2.8045469576904254,2.1263742993667583,1.5087915841311703
2023,13782,"Dickson, Michael",PN,16,6.6625,5.949999999999999,0.0,13.7,4.230229751443767,0.6349312947758,3.8,9.925,0.15664203857240372,-0.6209084085998055,4.075094789175,1.2738446142181163,113.6615505300195,139.41740090826423,1.3418623639760872,1.134225527409097,1.0107639320798034,1.2960133592398728
2023,14489,"Gillan, Jamie",PN,16,6.43125,7.050000000000001,-0.8,11.7,4.0787128407746485,0.634202190985368,3.85,10.425,0.03514084745990931,-0.624695006025318,3.935406546066479,1.2663149505848121,112.98969994951821,138.5933081407856,1.2979748947017689,1.0702252654400937,0.7405459881860817,0.7446041193771505
2023,13844,"Cooke, Logan",PN,16,6.1625,4.85,2.0,12.0,3.2672379389937305,0.5301805986196724,3.45,8.4,-0.6155797004239316,-1.1649307022576405,4.02730240179427,1.4441425784317048,128.85675601157905,158.05585907311678,1.3557307543858714,1.564740603326526,1.291652808261275,1.1323381066708595
2023,15499,"Gillikin, Blake",PN,12,6.158333333333332,5.65,0.0,14.5,3.621339147638926,0.5880388331754685,3.6750000000000003,7.875,-0.3316264543158458,-0.8644442078946537,3.8779488288828734,1.3325863211055755,118.90290682346874,145.84645513336798,1.2938490766451352,1.2292003160419787,1.5920078720011188,1.3522393928006935
2023,10814,"Anger, Bryan",PN,16,5.7250000000000005,5.4,0.0,14.8,3.8938252400435234,0.6801441467324931,2.825,8.25,-0.1131202516580618,-0.3860956548245794,3.4074457308522326,1.1698415286993544,104.38164949026473,128.03466261536366,0.9754854262807436,0.8055445396024297,1.5778137591397126,1.2868279661532687
2023,13791,"Scott, J.K.",PN,16,5.61875,4.35,-2.0,17.1,5.405231117861659,0.9619988641355566,2.275,6.6,1.0988739316866263,1.0777156177167895,2.863788610028367,0.8772126870381814,78.27120595439611,96.00755971770121,1.2596063032163292,1.8245464346539872,0.7993157790593572,
2023,12323,"Pinion, Bradley",PN,16,5.487500000000001,4.85,-0.5,14.5,4.6468907615738075,0.8468138062093498,1.05,7.675,0.4907618988399417,0.47950251071530453,2.971333645844508,0.9717737125962422,86.70861870056143,106.35690080952406,0.9750139170487558,0.812168849061094,0.9046969773695482,0.48896899852605447
2023,11985,"Way, Tress",PN,16,5.40625,5.0,-3.4,20.0,5.205942367861942,0.9629488772923823,2.875,7.050000000000001,0.9390645718379186,1.0826495069943476,2.7541471214763256,0.8711408646004796,77.72943441875574,95.34302207033637,0.8402801039377201,0.7586298611238759,1.306273118688183,1.098201766133382
2023,10945,"Hekker, Johnny",PN,16,5.3374999999999995,6.2,-8.8,10.4,4.3289541173359645,0.8110452678849583,5.175,7.45,0.23580896452644812,0.2937387595033724,2.9471930352317677,1.0016036697775712,89.3702613747388,109.62167506299795,0.8382699303264762,0.4500989355087179,1.6350765108388048,0.6813847281440304
2023,12688,"Buckner, DeForest",DT,16,15.0,14.05,3.0,38.1,8.008042832053286,0.5338695221368858,10.5,18.25,2.5379741143412033,-1.0207948124701551,9.779189027175525,1.6651785831463362,155.71370987419442,216.1956318138362,3.1228006961719093,3.200844447104999,1.7160792531558582,1.6597203978747528
2023,14897,"Brown, Derrick",DT,16,14.899999999999999,13.25,0.5,30.3,8.113799972885701,0.5445503337507183,10.125,17.625,2.6070753821100525,-0.9831228914761718,9.646820614655848,1.6348833685541393,152.88075231436778,212.26230410593345,1.997200119670791,1.9973045088336407,1.2871182966303334,1.219628201369573
2023,13839,"Sieler, Zach",DT,16,12.64375,11.7,2.5,26.3,7.096827526261294,0.5612913515579867,6.925,18.1,1.9425898939944777,-0.9240762269532695,8.098264290891647,1.5615683993503868,146.02494359836933,202.7435796586924,1.6714894007682963,3.991497008400086,1.9269355168215523,1.4863652942335386
2023,14900,"Madubuike, Nnamdi",DT,16,11.93125,12.05,2.2,23.6,5.56717149345159,0.46660421108027994,10.075,13.85,0.9431191227023967,-1.2580439631319293,8.135289609738411,1.816801953763072,169.89227173015544,235.88139449419123,2.3167096564492726,1.8036917160110042,1.0240022425992428,1.4220725619070709
2023,14163,"Simmons, Jeffery",DT,12,11.799999999999999,12.2,1.0,26.3,7.913069358135734,0.6705990981470962,5.375,14.85,2.4759188488484063,-0.5385406569594714,7.063334352980124,1.3238985949581008,123.80003190327058,171.88612446216135,1.1709912998862826,1.4809615120988302,1.623389518967988,1.3082661887794405
2023,14157,"Williams, Quinnen",DT,16,11.6125,11.149999999999999,2.5,18.5,5.257360911141634,0.4527329094632193,7.75,17.125,0.7406902007656039,-1.3069689509975393,7.993554716324824,1.8558143225082633,173.5403853497863,240.9464990990586,1.8951987136698132,1.7799004778612513,1.7215779943148677,1.600455243899217
2023,13693,"Phillips, Harrison",DT,16,11.5625,9.75,5.0,26.4,5.471845552462167,0.4732406964291604,8.0,12.575,0.8808335567181028,-1.2346366453381232,7.848344149075692,1.7865846621758659,167.06660088438727,231.95818378723197,2.3078623616523397,2.3167347716176843,1.2116102154473933,1.3912011321881614
2023,14158,"Oliver, Ed",DT,15,11.253333333333332,10.0,-1.8,25.8,6.50915935859275,0.5784205591166544,8.05,15.350000000000001,1.5586100029567427,-0.8636603917929555,7.129489836112587,1.4986142650516685,140.13799435293203,194.57003660585792,1.3271185863588923,2.052503039038249,0.9936782451703657,1.416154760018957
2023,15357,"Barmore, Christian",DT,16,11.05625,10.0,-0.5,34.5,8.067757491242533,0.7297010732610544,6.25,12.55,2.576991419668136,-0.33008412597844256,6.392000427655016,1.2192926432668623,114.01814966095492,158.30478847437587,1.4759750468027728,1.4115649301595221,1.453198296055968,2.0554197666222196
2023,13723,"Payne, Da'Ron",DT,16,11.056249999999999,10.4,3.0,23.8,5.8879080272623145,0.5325411443538556,7.5,14.125,1.1526870150608701,-1.0254800877752328,7.214325070966687,1.605168064997297,150.10202323167027,208.4042681619011,1.5520306606671042,2.268639211536782,1.935822792366775,1.6350268427197523
2023,11757,"Donald, Aaron",DT,16,10.96875,10.05,1.0,22.6,6.566745650434468,0.5986776661364758,6.625,17.424999999999997,1.596236642075848,-0.7922122506957872,6.861139197939869,1.4495994059705437,135.55453067898682,188.20627566480175,1.4719220205145433,1.3535399480153245,2.217252388615212,1.9891112501627592
2023,12782,"Onyemata, David",DT,13,10.853846153846153,9.5,1.0,26.1,6.156499428011067,0.5672182322051302,9.0,13.5,1.328183498394893,-0.9031717313444527,6.925548676507174,1.5166417971562183,141.8237798490267,196.9106106036469,1.3694800678555903,1.108281781060347,1.492137807956116,1.127895812602245
2023,14162,"Wilkins, Christian",DT,16,10.818750000000001,10.4,4.0,19.3,4.728532905405228,0.43706832170123416,6.75,15.25,0.3951562222519043,-1.3622189763615835,7.528347703881273,1.8885725505376494,176.6036635272671,245.1996079713413,2.046693756903553,1.6007529425043594,2.0155528529820814,2.001830424376778
2023,14153,"Allen, Zach",DT,16,10.35,10.0,1.0,23.4,5.401388710322559,0.5218733053451747,7.25,12.55,0.8347973545617722,-1.063106253542551,6.800828928169238,1.616836669098083,151.19317444630667,209.91924154763146,1.7037251274836174,1.6042238811903964,1.4361139105565341,1.553012652685455
2023,14159,"Lawrence, Dexter",DT,15,10.340000000000002,9.0,2.5,20.1,5.409596411316961,0.5231717999339419,6.9,14.1,0.8401602316187412,-1.0585263782177394,6.78846601574979,1.6132060954326877,150.85367326599356,209.447872184981,1.5887378576090667,1.5917892779164537,1.7708958707127493,1.3363558551692494
2023,16282,"Turner, Kobie",DT,16,9.96875,9.75,2.5,25.9,6.697081337231913,0.6718075322615086,3.875,13.0,1.6813974276486994,-0.5342784308168792,5.962857450770632,1.2951337738604491,121.11018406813949,168.15149279312536,1.4674346112003722,1.3440669744908735,,
2023,12698,"Reed, Jarran",DT,16,9.93125,8.4,2.5,29.2,6.536887519110299,0.6582139729752347,7.375,11.2,1.5767274655656933,-0.5822238033198768,5.989124541135635,1.3176858450943616,123.21906699080137,171.07950264052195,1.3509091740634558,1.645747705554432,1.2063103153958123,1.1685078596889922
2023,12735,"Rankins, Sheldon",DT,14,9.700000000000001,8.75,0.0,30.0,8.823021834140176,0.9095898798082654,2.875,11.125,3.0704779415620562,0.30439545787378663,5.079624741713619,0.9874761721782386,92.34059321836085,128.20729086113968,1.1141270928445925,1.2793479898205438,1.4765039028779272,1.1627738669042178
2023,9051,"Campbell, Calais",DT,16,9.65,9.5,0.0,17.7,4.41955880150949,0.4579853680320715,7.25,12.425,0.19327385176713432,-1.2884431861601824,6.618722115864011,1.7805877477170688,166.50581911141185,231.17958458863828,1.8311081391252504,2.386170047973349,1.6774642944177662,1.4554660816294807
2023,12225,"Williams, Leonard",DT,17,9.635294117647058,9.8,0.0,17.7,5.397051610830251,0.5601335615635792,4.5,14.4,0.831963512128068,-0.9281598279729203,6.175941826410352,1.506208594805526,140.84815317430403,195.55603350490256,1.8472081678749672,3.6247406162132734,1.2127243820194724,2.1144817800629374
2023,13208,"Allen, Jonathan",DT,16,9.475,9.75,2.5,17.1,4.935015197544988,0.5208459311393128,4.5,13.575,0.5300708771524658,-1.0667298695479457,6.2300853794585125,1.596457580078198,149.28749082338447,207.2733571535867,1.5605099830915439,1.8892407811836565,1.339843249806232,1.4553823406132667
2023,11286,"Jenkins, John",DT,16,9.4625,8.75,0.0,21.1,5.883650546217034,0.6217860550823814,5.25,14.25,1.1499051949831418,-0.7107074517963308,5.834616699500068,1.3746339876593814,128.54438563169364,178.47326796220028,1.5201661217896238,1.2408477718552033,0.7282703558502316,
2023,13742,"Hill, B.J.",DT,16,9.38125,9.4,2.0,18.5,4.486955921056056,0.4782897717314917,5.975,12.325,0.23731084414400228,-1.2168282265812786,6.3460156319771635,1.7097367164915043,159.88041746848458,221.98076134198678,1.856212418036429,2.7693155935566054,1.8832119169302892,1.6015729271347001
2023,13692,"Vea, Vita",DT,14,9.328571428571431,10.65,0.0,21.0,6.1385699325108725,0.6580396558587457,4.125,13.225000000000001,1.3164684419952255,-0.5828386311885535,5.626265569468482,1.3067843443105784,122.19964892512347,169.66412481046615,1.1361452062955417,0.7920987028353589,1.1997836488015925,1.2038597763384342
2023,13298,"Stewart, Grover",DT,10,9.32,8.85,3.5,15.5,3.5512814588539725,0.38103878313883827,7.25,11.5,-0.37405488537733506,-1.559838822714678,6.748543280455466,2.0477749144406476,191.49095006516922,265.86937636653107,2.0477749144406476,2.104675136430304,1.597442790213694,1.0714065373921464
2023,13748,"Jones, Justin",DT,16,9.16875,9.15,-2.5,21.5,5.979623603329895,0.6521743534647466,5.375,13.299999999999999,1.2126135839009158,-0.6035259362718487,5.549505099611533,1.3136453369241428,122.84123213072711,170.55491012801264,1.466825412105221,1.0931523553186089,1.3464159794587998,1.5424345153554138
2023,13332,"Jones, D.J.",DT,15,9.073333333333334,8.5,1.5,23.2,5.764080344879156,0.6352770402144551,5.0,13.0,1.071778532000481,-0.6631238650426533,5.548499190169899,1.341399402537025,125.43656248412856,174.15831207619422,1.6140501729251957,2.044634320046076,1.1938162524408746,1.2037509264745703
2023,10266,"Heyward, Cameron",DT,10,8.93,10.5,0.0,18.1,6.1862832136914,0.6927528794727212,3.0,14.05,1.3476440977763384,-0.4604028215597635,5.275430399965778,1.2426451525019844,116.20188291616019,161.33672182952762,1.2426451525019846,0.9707021326735316,1.782474255066233,2.381711417628122
2023,12697,"Robinson, A'Shawn",DT,16,8.6875,7.75,0.0,22.0,5.567413560173161,0.6408533594443927,5.875,10.75,0.9432772880727309,-0.6434558224759833,5.294501150877775,1.3228190855352406,123.69908512267959,171.745968190584,1.8429752066115703,2.4980160753237315,2.2179282019307336,1.2815606995871942
2023,14595,"Strong, Kevin",DT,14,8.485714285714286,7.95,2.5,17.0,4.618419201238379,0.5442581550280918,4.5,12.0,0.3232083944573667,-0.9841534249368173,5.495010182128468,1.510338403343758,141.23433866519784,196.09222017895058,1.7596870307831163,1.6900682178979587,0.8752596311329813,
2023,12764,"Hargrave, Javon",DT,15,8.46,10.0,0.0,17.9,5.302678568421812,0.6267941570238548,3.5,12.05,0.7703005660395361,-0.6930435487625328,5.200412088691776,1.3422864434792812,125.51951120646198,174.27347952964143,1.257359650092668,1.0613099879597458,1.1137063465712225,1.517385220076822
2023,12739,"Clark, Kenny",DT,16,8.375,10.05,-1.0,19.8,5.3976267933231545,0.6444927514415707,3.25,11.625,0.8323393339321113,-0.6306194489174173,5.092755801239277,1.3090791742870214,122.41424241844553,169.96207016100325,1.3775443892438766,1.3646400601676814,1.3042761551722841,1.385438501027789
2023,12741,"Jones, Chris",DT,15,8.34,10.0,-1.3,23.5,6.076599926493981,0.7286091038961608,3.0,11.45,1.27597750260612,-0.33393557333370194,4.824688231250338,1.1785320756619282,110.20655896276708,153.01270944115373,0.8887126433317831,1.3733472439720333,1.378145040449005,0.9209475484865582
2023,15390,"McNeill, Alim",DT,12,8.216666666666667,8.55,0.0,19.8,5.472329384173515,0.6660035761671621,3.75,11.725,0.881149690308495,-0.5547493634897863,4.931962202368184,1.2695068775020162,118.71376896592676,164.82426825053574,1.6024882135314193,1.8810870701955946,1.0818588095780242,1.229920962606252
2023,16233,"Carter, Jalen",DT,15,7.886666666666667,5.6,0.7,17.9,5.579470305404348,0.7074560826801793,4.35,11.5,0.9511551143271416,-0.4085436623857075,4.618957258500631,1.1986780547042812,112.09044407123707,155.62832839737416,1.0926753251702213,1.0276482027153062,,
2023,15393,"Odighizuwa, Osa",DT,16,7.86875,6.5,0.0,18.5,5.178769007930359,0.6581437976718487,4.5,10.3,0.6893385841700725,-0.5824713162037722,4.745517253116577,1.2735141886515866,119.08849951557197,165.3445506842787,1.1127834855861067,1.1593755139077255,0.9809967376460189,1.179359295607379
2023,12305,"Jarrett, Grady",DT,8,7.7375,8.45,0.0,12.0,3.349603521314127,0.4329051400729082,6.875,9.625,-0.5058303953364565,-1.3769027902004856,5.399868968022758,1.7788977689769532,166.34778629625595,230.96016907058564,1.7488948942844478,1.5118026868028658,1.7578137621757384,1.632114086381058
2023,14400,"Ledbetter, Jonathan",DT,12,7.658333333333334,8.5,3.0,10.5,2.2231577891718697,0.290292638411996,6.5,9.1,-1.2418452644145135,-1.8799064091732627,5.935346064408062,2.3760342602715085,222.187045401454,308.4883707428615,2.4121843126334888,1.9070985317562466,0.5240412273472079,
2023,13777,"Nichols, Bilal",DT,16,7.5687500000000005,6.75,1.5,16.7,3.33067537257836,0.4400562011664224,5.875,8.3,-0.5181979675293495,-1.351680530106587,5.2558712596560015,1.7477066159068355,163.43104799025105,226.91051871281164,1.733696242393424,1.5601918888610884,1.0420653688232704,1.358005905775302
2023,16344,"Stills, Dante",DT,15,7.36,6.5,0.0,19.1,5.216103270961316,0.7087096835545266,4.0,10.25,0.7137326334640379,-0.4041221301273128,4.307343764032186,1.1840215130244742,110.71988568069119,153.7254212132783,1.570349385719255,1.8124713707342908,,
2023,12754,"Collins, Maliek",DT,15,7.2266666666666675,5.0,1.5,21.5,5.768704842124925,0.7982525150541869,2.5,9.75,1.074800158908706,-0.08829870810719713,4.018716284931155,1.06765870801333,99.83859988765836,138.61765415235416,1.199879904046752,1.4112221283066584,1.234674099856317,0.8991143541585271
2023,13265,"Ogunjobi, Larry",DT,16,7.168749999999999,7.0,1.5,18.9,4.534963995171295,0.6326017778791694,3.75,9.9,0.2686791163797345,-0.6725596902380477,4.390997300831414,1.2951755433737275,121.11409000708085,168.15691586690568,1.3669785141599033,1.6672969638859192,1.399278610901587,1.3098688867742585
2023,15089,"Roach, Malcolm",DT,12,7.166666666666667,5.75,0.0,15.5,4.6785562825394,0.6528218068659628,3.75,11.5,0.3625017086024975,-0.6012423257879493,4.33601894462895,1.2620578735308048,118.01719980814111,163.85713947753837,1.4032469040444602,1.633322510156526,0.7514709025192925,0.6097245439563088
2023,13317,"Godchaux, Davon",DT,16,7.125,6.75,1.5,20.0,5.23360535386458,0.7345411022967832,1.5,9.125,0.7251684202836488,-0.3130130270737091,4.107714709421108,1.1429982482902599,106.88372972266423,148.39923534466007,1.3347768702276759,1.2280940073650037,1.4039971286041795,1.098843144011179
2023,16254,"Kancey, Calijah",DT,13,7.06923076923077,6.0,-1.0,19.1,5.824006632417057,0.8238529512668307,2.5,10.0,1.1109341143938385,0.0019957044602176306,3.8759872413620577,1.0359355068104403,96.8721088467672,134.4989262293363,1.1085815888996304,2.3686599953799905,,
2023,10762,"Cox, Fletcher",DT,15,6.9,5.9,0.0,15.6,4.2246893376909975,0.6122738170566663,5.25,9.35,0.06594696969274258,-0.7442577373304956,4.279670070308837,1.320652684595672,123.49650124922033,171.46469720581842,1.1968902847315492,2.0656910283732106,1.5097723623066128,1.2743370676308063
2023,14215,"Saunders, Khalen",DT,16,6.8125,7.75,0.0,10.5,2.9201615965559165,0.4286475738063731,5.875,9.125,-0.7864259295984004,-1.3919195048302841,4.768495831235219,1.7378110142156298,162.50569327672625,225.62574008218212,1.7052378318935464,3.843191832831004,1.3044648906045795,0.4769341608593794
2023,12700,"Johnson, Austin",DT,16,6.76875,5.5,1.0,16.0,4.888343117816097,0.7221928890587032,2.625,9.125,0.4995755379886949,-0.3565659826299482,3.9303088771314036,1.1495169124095528,107.4933012026919,149.24557502384923,1.1076125426516108,1.5185034072916281,1.3249886576990366,2.598668562687378
2023,15904,"Bland, DaRon",CB,16,13.75,9.5,-1.2,42.6,12.876917332964439,0.9365030787610501,3.5,24.35,3.233876822517615,-0.27907556266978945,7.100427647549661,0.9908540686725179,126.27215405401154,215.68126707923523,1.0779890523307658,1.1129629391013272,0.7843191189211383,
2023,16241,"Witherspoon, Devon",CB,13,13.115384615384615,11.0,1.0,45.4,10.882862049595802,0.8297783380923486,6.8,16.0,2.444396625220534,-0.36070677789956324,7.167745044494392,1.1037227025479721,140.6558720758604,240.2496174927066,1.4552832417635515,1.9459084938191786,,
2023,13920,"Ward, Charvarius",CB,16,13.1,12.1,0.8,39.9,9.047168065201397,0.6906235164275876,5.75,17.25,1.7176143433730144,-0.46714299059404096,7.7486204780123185,1.3038499918571242,166.15963161525735,283.8117410182814,1.3807294534646206,1.2287174143647372,1.1859947665217712,1.1780333267357956
2023,15859,"Taylor-Britt, Cam",CB,11,12.127272727272727,8.0,3.0,28.6,8.864032625174914,0.7309172329604502,6.0,16.85,1.6451079266602604,-0.4363232853776833,7.006269564103314,1.2294436959100872,156.67746510712558,267.6155677411916,1.2465698441820108,1.1795233036002482,1.4018274456876545,
2023,15394,"Adebo, Paulson",CB,14,12.107142857142858,9.8,-4.8,42.8,11.018456223583247,0.9100789801189701,5.25,16.25,2.4980806509969407,-0.2992867271100979,6.338556145143672,1.0073792034442481,128.3780790631855,219.2783275535359,1.2279538143377013,1.936615870081147,0.8707140823182787,1.0510386138757846
2023,11348,"Slay, Darius",CB,12,11.808333333333332,10.0,1.0,36.5,9.065544507762468,0.7677243055268146,6.5,12.25,1.7248898876469043,-0.40817043118645324,6.679963213955034,1.1731440186099062,149.5027642606489,255.3606998245435,1.4284067439328554,2.576590455914285,0.8399349072972626,0.9786390624396921
2023,15832,"Stingley Jr., Derek",CB,10,11.719999999999999,9.5,-0.4,29.5,9.365020021334711,0.7990631417521086,5.25,19.25,1.843457306269947,-0.38420010088694995,6.514501758168357,1.130726228784535,144.09713909262004,246.1275312425205,1.130726228784535,1.4592401424672004,0.941035680471365,
2023,13281,"Douglas, Rasul",CB,15,11.653333333333334,7.0,2.0,38.5,10.305329796868328,0.8843246393193644,5.0,13.0,2.2157418428624145,-0.3189856097097733,6.184355439698876,1.030782254274564,131.36050980976216,224.37251832914092,0.9308378322130709,0.8474418428338446,1.3024190107162545,1.2226248442463854
2023,13959,"Williams, Darious",CB,16,11.55625,7.5,1.0,37.2,9.44053552175405,0.8169203263821785,4.0,17.0,1.8733551695174155,-0.3705415651734728,6.360350441458604,1.1068637213025359,141.05615625150517,240.93332958142167,1.1179246104460105,1.0422915655052623,1.060568781457161,1.3841182487300203
2023,13470,"Moore, Kenny",CB,15,11.346666666666666,7.0,1.0,55.3,12.633018465733183,1.1133682549118553,6.0,10.5,3.1373131377350254,-0.14379559693217023,5.368996454023065,0.8322930607911007,106.0655054190762,181.1669625307947,0.7953122254213537,1.4486391665752678,1.1216067922032105,1.32662187297402
2023,16267,"Stevenson, Tyrique",CB,15,11.16,8.0,1.8,34.1,8.52258176845491,0.7636722014744542,7.0,12.8,1.5099217600685428,-0.4112697891793527,6.32770646987013,1.1719510812676142,149.35073908093247,255.10103067076352,1.3885822983972929,1.7252977206276643,,
2023,15441,"Hobbs, Nate",CB,12,11.133333333333333,10.05,2.0,20.0,5.685117022151396,0.5106392534866524,7.25,16.25,0.38652149809040853,-0.6048086716165145,7.369948389489339,1.6653909417655066,212.23357526351552,362.5091119457073,1.6858912356934346,1.356166777588298,1.6479273594211432,0.9013765555673521
2023,14180,"Murphy, Byron",CB,14,10.592857142857143,6.5,1.4,29.6,8.733553055864023,0.8244756762110339,4.25,17.0,1.5934488593405318,-0.36476265782592465,5.805973343999729,1.088282673558288,138.68823044141087,236.8887542520715,1.1465356811503162,1.3029820128213727,1.2090051671420174,1.059261344232293
2023,15836,"Hill, Daxton",CB,16,9.9125,9.5,3.6,22.5,4.96234256677227,0.5006146347311243,5.0,13.525,0.10036287230244204,-0.6124762640238759,6.605626634966207,1.6625176914928856,211.8674148847766,361.8836855796785,1.9958463212557398,2.296274611792062,0.2706901242791401,
2023,15845,"McDuffie, Trent",CB,16,9.631250000000001,7.5,1.0,21.2,5.565038044568968,0.5778105691959992,6.0,14.025,0.3389802008637548,-0.5534309301895465,6.104186515183361,1.4670516659027752,186.95767602816878,319.3361890278419,1.2531641199770582,1.220586792892776,0.8547141768429478,
2023,12714,"Fuller, Kendall",CB,15,9.566666666666666,6.0,2.0,26.5,7.934873800018638,0.8294293170751189,4.0,13.0,1.2772382398351878,-0.3609737357726738,5.2293174583874045,1.0707108886805665,136.44892276005245,233.06386727113778,1.188715459562683,1.3423902539913692,0.9022911380822821,1.9003042434514674
2023,13414,"Hilton, Mike",CB,16,9.4875,8.75,3.0,21.4,4.824530417563972,0.5085144050133303,6.0,13.0,0.045800712639997056,-0.606433917665084,6.289300233706527,1.6288866775234414,207.58155613805752,354.56315278335353,2.066597529399958,1.8990107482658127,1.2091886112143388,1.0552360270080625
2023,14956,"Sneed, L'Jarius",CB,16,9.2625,7.6,0.0,21.0,7.046175824516445,0.7607207367898997,3.0,15.850000000000001,0.9253876874012902,-0.41352729430326635,5.260629812815829,1.1511679836497546,146.7021891207574,250.57713056299406,1.068176615517035,1.030619598389484,1.754708977427508,1.2035328188749215
2023,15375,"Newsome, Greg",CB,14,8.971428571428572,5.5,1.0,27.0,7.5289373725103905,0.8392127644517952,3.3,10.75,1.1165211456040363,-0.35349060961569606,4.877863368952118,1.0518811640409476,134.04930614075147,228.96516192447956,1.112035567243909,1.3330203706692476,1.2160438829748528,0.821804040135819
2023,15849,"McCreary, Roger",CB,14,8.792857142857143,9.5,-3.2,17.9,5.91432453403409,0.6726282979405139,7.15,12.5,0.4772686269249854,-0.48090710512101037,5.256910428744794,1.2716870750825233,162.06086378435992,276.8107719934445,1.304871704194382,3.355696080841317,1.2945299114719453,
2023,13266,"Witherspoon, Ahkello",CB,16,8.649999999999999,8.5,2.0,16.6,4.341946568072896,0.501959140817676,4.75,12.100000000000001,-0.14526239172137104,-0.6114478833031417,5.759144683051021,1.6192599251550508,206.35474504999308,352.46767756221004,1.749687565313722,1.970817710741673,,0.8062256082909139
2023,15856,"Taylor, Alontae",CB,16,8.58125,6.0,2.0,23.3,6.248421675711396,0.7281481923625807,4.75,13.25,0.6095433334126633,-0.43844125865743433,4.965575312304918,1.1838784198710122,150.8707315653963,257.6972792851638,1.232467842452727,1.23340510138301,1.1083314422428372,
2023,15177,"Bryant, Myles",CB,16,8.5625,7.0,1.0,22.0,5.043544760384307,0.5890271253003571,5.0,12.225,0.13251219352160498,-0.5448516532594299,5.388517202550284,1.4168009569694182,180.55384173977845,308.39801264340565,1.7093259782975352,1.656245274760705,1.11147515565683,0.8722893567905307
2023,15445,"Lenoir, Deommodore",CB,16,8.475000000000001,6.6,0.6,23.2,6.490714521529967,0.765866020239524,4.75,11.25,0.7054711671672877,-0.40959178939538093,4.799344855647906,1.13140074630277,144.18309804729114,246.27435487437475,1.239867755902451,1.3780097591359084,1.1246752009773207,0.265844572077117
2023,13710,"Davis, Carlton",CB,11,8.409090909090908,7.0,1.0,23.5,7.118535925245321,0.8465285965156598,3.0,9.5,0.9540362745675209,-0.34789490370862747,4.553999827004355,1.0357890864216144,131.99856893489846,225.4623659017261,0.976641695793743,0.9205282706981787,1.4136963268349865,1.2506524439174023
2023,13764,"Johnson, Taron",CB,16,8.36875,7.550000000000001,-1.2,19.0,5.505192861063089,0.6578273769754251,5.5,11.25,0.3152864809977312,-0.49222797746354074,5.048022560266873,1.286472235141752,163.94505043478497,280.0290885512157,1.7807742432307392,2.1573786943178628,1.556077002841567,1.3106719489965981
2023,13226,"Jackson, Adoree",CB,13,8.338461538461539,5.0,1.0,34.4,8.706632172486803,1.0441533048185279,4.0,9.0,1.5827904264990134,-0.19673646568279757,4.0791762138416505,0.8590478541153226,109.47507448795588,186.9907340699702,0.8179375959457925,1.3026216906615558,1.5177088391389604,1.4871711306989484
2023,15405,"Stephens, Brandon",CB,15,8.24,9.0,0.6,19.0,5.65176078757762,0.6858932994633035,3.2,11.5,0.37331520091698955,-0.47076102102143413,4.887616554750628,1.2387697428008038,157.8659549836189,269.6455877752466,1.159346697635398,1.4718790735728118,0.6088336661054056,1.3446257876951755
2023,15380,"Campbell, Tyson",CB,11,8.181818181818182,6.0,0.0,22.0,6.205835696682186,0.7584910295944894,3.0,12.5,0.5926828243753849,-0.41523274429384466,4.652749456279525,1.1354433442862666,144.69827739760092,247.15431559002346,1.2096011013041479,1.0238736412371,1.3963299455323963,1.2681228422238655
2023,15913,"Benford, Christian",CB,14,8.128571428571428,7.0,1.0,16.2,4.777690501760474,0.5877650880900408,4.699999999999999,11.0,0.027255998118615267,-0.545816955498609,5.119505076377183,1.4068893835858178,179.2907337193528,306.2405398391735,1.5935398185573375,1.9545813040069389,0.6979764095181771,
2023,16145,"McMillian, Ja'Quan",CB,15,8.08,5.0,0.0,20.8,8.014669882991646,0.991914589479164,0.1,16.5,1.3088308580812782,-0.23669261632299363,4.056398824867646,0.8963167930580435,114.22454199118735,195.10314156569132,0.9965564941282987,0.7602268039970795,,
2023,13774,"Reed, D.J.",CB,14,8.071428571428571,8.1,-2.2,20.0,5.5356543775560185,0.685833285714905,4.25,10.75,0.32734671034612695,-0.47080692410989855,4.787797607167159,1.2349839977992914,157.38350838411043,268.8215367826933,1.1698932009098773,1.1336985112048041,1.21501034051021,1.0469766283968058
2023,15392,"St-Juste, Benjamin",CB,16,8.06875,6.55,-1.2,21.0,6.784238972611446,0.8408042103933628,1.95,13.0,0.8216824595442219,-0.3522733504743884,4.383274415846638,1.0365496265453302,132.09549041173588,225.62791425312702,0.8387685688041345,0.467238583993399,1.141674533075615,0.6933336012107676
2023,16255,"Banks, Deonte",CB,15,8.033333333333333,6.0,1.0,18.0,4.842542949961541,0.6028061763437603,5.5,10.3,0.052932178728053426,-0.5343123849104185,5.012042910677175,1.3749720630442628,175.2232641051704,299.2930302574655,1.3180603930228396,1.237296146880505,,
2023,12291,"Nelson, Steven",CB,16,7.925,6.0,2.0,19.0,5.008430392847643,0.6319785984665796,5.0,9.25,0.11860982178596488,-0.511999093220406,4.856068582913032,1.3189800799612852,168.08777509908938,287.1051387813827,1.227492898188475,1.221030223614853,1.1285653665458932,0.7142453522349226
2023,15852,"Gordon, Kyler",CB,12,7.824999999999999,6.4,1.0,15.1,4.526611131225359,0.5784806557476498,4.75,12.25,-0.07215056931236609,-0.5529183969270842,4.9572986349292165,1.4158767125460918,180.43605816508696,308.1968304364425,1.4952105794420287,1.3760817644856582,1.0557526558197,
2023,13224,"Lattimore, Marshon",CB,10,7.7,5.6,2.0,24.0,6.140521150521347,0.7974702792884866,3.55,9.3,0.5668236913716507,-0.38541844349227883,4.283798229502843,1.078352663297945,137.4227728679946,234.7272682545119,1.078352663297945,1.7287383827609344,,1.1324490599147554
2023,15862,"Emerson, Martin",CB,16,7.675000000000001,4.5,0.0,29.7,7.736318568931866,1.0079893900888424,2.3499999999999996,10.100000000000001,1.198626867161538,-0.22439738374503174,3.822231351362083,0.8785164986192089,111.95611357912199,191.22851443306538,0.9363228488399591,1.0753247149360892,1.0231630838589945,
2023,15880,"Evans, Akayleb",CB,14,7.557142857142857,5.9,0.0,18.2,5.532851794471982,0.7321353981342889,3.25,11.75,0.3262371203239343,-0.4353915398155205,4.362905385619841,1.1567908005409853,147.41874791902544,251.80106081669922,1.113223323965452,0.9980434171562552,0.6105036039163217,
2023,16319,"Smith, Terell",CB,11,7.363636363636363,7.0,0.0,17.0,5.912586378730581,0.8029438292103259,2.5,12.0,0.4765804618558459,-0.3812318553690283,4.0842294941942665,1.065250538683122,135.7530683674981,231.87530152429397,1.208955223880597,1.6703053528549663,,
2023,15881,"Jones, Jack",CB,10,7.340000000000001,4.0,-2.0,25.0,8.774987179477813,1.1955023405283123,2.0,9.0,1.6098533293460906,-0.08097318875719388,3.343198440058938,0.7508961255120652,95.69246797992153,163.44912224290147,0.7508961255120652,1.0730192235600449,0.6160301628230854,
2023,10789,"Gilmore, Stephon",CB,16,7.3125,7.5,0.6,22.0,5.480405436644263,0.74945715372913,2.3,10.0,0.30547272062514896,-0.42214254103360366,4.179868014722584,1.128401621085396,143.80089645631128,245.6215290471779,1.1676008127982942,1.1417374971429979,0.9559245146213156,0.8450772369560392
2023,13707,"Ward, Denzel",CB,13,7.3076923076923075,5.0,-1.4,19.0,6.8897316614556114,0.9428053852518206,1.0,14.0,0.8634487984700896,-0.2742550783625087,3.761412421010511,0.926228244668093,118.03638830145525,201.61402948289768,0.7837078931281348,0.8452911978399166,1.3731640456524274,0.7499524412715616
2023,12715,"Apple, Eli",CB,9,7.288888888888888,7.0,0.0,13.8,4.293779594934578,0.5890856151587074,3.0,10.8,-0.16433251067624907,-0.5448069157582109,4.586844673036023,1.3768780430268304,175.46615779213383,299.70790888658445,1.4061969074950311,1.9999999999999998,1.0750693642372595,1.0450728215524931
2023,12742,"Howard, Xavien",CB,13,7.261538461538462,6.0,0.0,15.0,4.443411451288727,0.611910475283405,5.0,8.0,-0.10509072913605133,-0.5273487232364549,4.504926652493987,1.334005067689545,170.0025248337544,290.3756591269494,1.3292453843477998,1.065956313152405,1.169676675161536,1.3889811000838304
2023,15549,"Jacobs, Jerry",CB,14,7.257142857142858,5.1,0.0,35.3,8.643636328513123,1.1910522499919656,3.4000000000000004,7.15,1.5578493068901231,-0.08437695714387153,3.3121724309264957,0.7525317846843547,95.90091260715093,163.805159578714,0.9476969522652492,0.8911220756991979,0.9833279386876637,0.6929811072535128
2023,14669,"Nixon, Keisean",CB,16,7.24375,7.0,-2.2,15.6,5.082933300516544,0.7016991614172968,3.5,10.75,0.14810678244509237,-0.4586714932233412,4.2567747368265065,1.1908317323461173,151.75684564798615,259.2108212813507,1.5362702943118702,1.4419561404823382,0.5324141003110133,0.4571734702957105
2023,14199,"Murphy-Bunting, Sean",CB,13,7.207692307692308,5.0,0.0,17.0,5.577214846479109,0.773786478166792,3.2,12.0,0.3438012025955751,-0.40353361954902595,4.063449798727442,1.0958578176218015,139.6535893054571,238.5376516241287,0.9646937551663082,0.9997807801875569,0.8221807731126877,1.5242984744981127
2023,15384,"Samuel, Asante",CB,16,7.1375,8.0,-2.2,15.2,4.897815201699632,0.6862087848265683,3.5,10.0,0.07481539759925988,-0.47051971377225127,4.232868470516309,1.2101939033191675,154.22431599829173,263.42542532941917,1.0395618391238093,1.7632242074911386,1.3849964647277102,0.8369359345991322
2023,14924,"Johnson, Jaylon",CB,14,7.135714285714286,5.5,-0.8,23.7,7.0896914241591595,0.9935503497320143,3.0,8.075,0.9426162489552077,-0.23544146221919274,3.5794000822068592,0.8820749657278764,112.40959640888298,192.00309337372155,0.8327289666420288,1.0327908410950528,1.0377712737271114,0.837367014735755
2023,16261,"Brents, Julius",CB,11,7.109090909090909,7.0,0.0,18.2,6.870947340459821,0.9665015440544505,0.0,12.0,0.8560117682284829,-0.25613045020959474,3.6150955134434746,0.903206513979243,115.10255211301728,196.6028414560066,0.8192595174971367,0.7586361150125086,,
2023,12245,"Peters, Marcus",CB,12,7.058333333333333,6.0,0.0,31.3,8.038496784570828,1.138866132406729,2.0,8.1,1.3182643312234736,-0.12429287701319974,3.300035110374599,0.7809189405678901,99.51850619051616,169.98425087309533,0.8376306183925127,0.6854695742452019,1.0229008621035358,
2023,12711,"Ramsey, Jalen",CB,9,6.922222222222222,4.0,0.4,21.5,7.178018571812416,1.0369529236968178,3.0,6.0,0.9775864599305921,-0.2022438659107101,3.3983221417111804,0.8464424678712995,107.86867317817665,184.24689341462883,0.8873573123973052,0.9985053945504438,1.6930293355436055,2.0074946684414128
2023,13232,"King, Desmond",CB,9,6.833333333333333,1.0,0.0,18.8,7.573638491504595,1.1083373402201846,0.0,12.0,1.1342190743110714,-0.14764362389785057,3.2411005596569726,0.7970167321731972,101.56997157354478,173.48829067106647,0.8853249419734612,1.6398520134317718,1.3163657514373461,0.9471309504375885
2023,15895,"McCollum, Zyon",CB,16,6.8125,7.0,0.0,20.8,5.211270838288872,0.764957187271761,1.75,10.0,0.1989177832664715,-0.4102869341119156,3.8598669979812024,1.0967964813263174,139.77321044004086,238.74197250603467,1.2048450153842278,1.4563428146871413,0.5485837703548635,
2023,16016,"Kohou, Kader",CB,16,6.76875,8.5,-9.6,16.0,6.1355234852048275,0.90644852967015,3.0,10.0,0.5648450311845342,-0.3020635722924969,3.5504499044467335,0.9485989379804698,120.88725779025896,206.48350484925368,1.2411476522051708,0.7557955396338446,1.308838431964382,
2023,13479,"Davis, Michael",CB,16,6.6875,6.0,0.0,16.0,4.8419875825945695,0.7240355263692814,4.0,8.25,0.052712299398675666,-0.4415869390382314,3.878980390899187,1.1447302661040437,145.88178126516135,249.1758191880331,0.9058478511318131,1.132134157595808,0.9410360882498044,1.0875246753750005
2023,14219,"Dean, Jamel",CB,12,6.425,5.5,0.0,16.1,4.923096078688694,0.766240634815361,2.75,8.0,0.08482452418648818,-0.40930525561814474,3.637669677253041,1.0847367516318294,138.23634634069646,236.11690604733306,1.0092943453105803,1.447890694192343,0.9349278450166657,0.9496393226408908
2023,12589,"Hill, Troy",CB,15,6.413333333333333,3.0,-1.0,27.2,7.641454195519477,1.1914949369313113,2.0,7.5,1.1610684579926829,-0.08403835643518193,2.926465046875145,0.7421590380770166,94.57903373620903,161.54730223917682,0.87063713919156,1.7806192482613685,1.0549365591813267,1.0325512274380635
2023,15362,"Surtain II, Patrick",CB,16,6.35,5.5,1.6,15.0,3.4157722406507145,0.5379168882914511,4.15,8.25,-0.5119504654389244,-0.5839446576703771,4.1289617458161425,1.4380270661478354,183.25884807005997,313.01834399946154,1.7235150602987306,1.9774092787974231,1.2357392483083496,0.9549995343551627
2023,13227,"Lewis, Jourdan",CB,15,6.266666666666667,4.0,0.0,20.0,5.790413533495591,0.9240021596003603,2.0,9.0,0.42821016702754805,-0.2886372183475862,3.257099601160704,0.9228696655593362,117.6083787367454,200.88296057914584,0.9631180691011703,1.1942448259575107,,0.9973293659952354
2023,15894,"Woolen, Tariq",CB,15,6.253333333333333,6.0,-1.4,15.8,5.120659679724435,0.8188688187192593,2.0,10.6,0.16304329375887833,-0.36905120973812383,3.438034271067753,1.02167636505725,130.20007631869532,222.39042047400002,1.0785588652506353,0.8931839515523302,1.1536961678595212,
2023,15833,"Gardner, Sauce",CB,15,6.2,5.0,-2.0,16.0,4.888080741286229,0.788400119562295,3.0,10.0,0.07096136015513711,-0.39235599289402034,3.4667857221556377,1.0529746911462414,134.18866270946083,229.2031922451011,1.0818909111897586,0.7874706739712466,1.4762430633512589,
2023,16253,"Forbes, Emmanuel",CB,13,6.115384615384615,5.0,-3.0,17.0,6.282312919721667,1.0272964522815304,1.0,12.0,0.6229614498666223,-0.2096298711754917,3.0165221314832023,0.8397585606110356,107.01689147395305,182.7919934121843,0.6835607103876811,0.5886660702162204,,
2023,16414,"Aubrey, Brandon",PK,16,9.86875,7.699999999999999,2.1,36.9,8.150898627605425,0.8259301965907967,5.55,11.575,0.7899838344701684,-0.6526994979549626,5.4047794479909435,1.0784459976672718,143.02917032498996,183.8616585631444,0.9942633489747399,1.1222673924623237,,
2023,11387,"Hopkins, Dustin",PK,15,9.366666666666665,8.4,0.6,35.1,8.132376992955722,0.8682253017390452,4.199999999999999,12.149999999999999,0.778976485143201,-0.6046562683087007,5.013670812587575,1.0256548403435013,136.02772987377833,174.86142140336872,0.7671273551435531,1.1892071447742258,,0.8949096389751741
2023,10868,"Zuerlein, Greg",PK,15,8.733333333333333,8.3,-3.5,23.1,7.851595733069524,0.8990376793591058,2.8,13.45,0.6121090638552578,-0.5696563285104848,4.598820459571234,0.9866394260083114,130.8533007838485,168.20977745947837,0.9372105189648067,1.116345092693868,0.6977966348351798,0.6868704433589471
2023,13303,"Elliott, Jake",PK,16,8.4375,7.8,-5.4,24.6,7.675519119251805,0.9096911548742881,2.525,12.899999999999999,0.507467285024348,-0.5575549903316878,4.4182536943024315,0.9725642793266839,128.9865809328497,165.81013962967393,1.149637347375896,1.480993560311626,0.5618102711971104,0.78526898480885
2023,12860,"Fairbairn, Ka'imi",PK,11,8.436363636363636,7.3,-0.3,20.8,6.465470907025008,0.7663812497551196,2.4000000000000004,13.35,-0.2116605687726242,-0.7203414560016836,4.776071778124457,1.1300511034642193,149.8733103956437,192.65968865707282,1.0687689556752946,1.0654435805014177,1.1067632572444648,0.3189202432296873
2023,8930,"Prater, Matt",PK,16,8.337499999999999,7.4,-6.0,24.9,8.440962252610777,1.0124092656804533,2.4000000000000004,13.825,0.9623677362081039,-0.4408769546820912,4.143043933551384,0.8831197262434102,117.12397469641098,150.56095337936367,0.8064680487967543,0.8130591783565414,0.8485037413941097,0.496385833804497
2023,13354,"Butker, Harrison",PK,16,8.106250000000001,5.85,-5.4,29.5,8.334001796106119,1.0280958268133993,4.05,9.1,0.8988014726905614,-0.4230585084049465,3.9969758296563165,0.8684645854023404,115.18033297487082,148.0624337433838,0.6704697022300461,0.600656061657115,0.3525113579546011,1.1206021584391055
2023,15979,"Dicker, Cameron",PK,16,7.74375,6.9,-4.8,25.4,7.361892483424354,0.9506882948732014,3.2750000000000004,10.625,0.321079959926687,-0.5109861260410334,3.9697526356989594,0.9260762459395779,122.82109387111402,157.8845068762672,1.078095736400444,0.9016341708536736,1.4143462323171268,
2023,11945,"Santos, Cairo",PK,16,7.60625,7.95,-3.2,19.1,5.750811763351328,0.7560639951817686,4.025,10.2,-0.6363802543136415,-0.7320608790661035,4.331419595680899,1.1267163515494032,149.4310380884095,192.09115484148913,1.0702607028133717,2.355300926650581,0.5730580162947433,0.5600005338788566
2023,8851,"Folk, Nick",PK,16,6.98125,6.2,-0.7,18.3,5.109943584571165,0.7319525277810084,3.575,9.925,-1.0172462010719456,-0.7594492201373173,4.030855285014327,1.14260465802484,151.53822871081098,194.7999139139435,0.9344962652823242,1.6557636789344081,0.564577487960418,0.9917492347156392
2023,11936,"Boswell, Chris",PK,16,6.9125,8.4,-4.5,20.6,6.9833619231713895,1.0102512727915212,1.6500000000000001,10.475000000000001,0.09612043629717759,-0.443328230014652,3.4386248592699586,0.8658632874875363,114.83533518793728,147.61894473228145,0.6707601976247223,0.6371734099083254,0.49589682343313546,0.9557581591598598
2023,14717,"McLaughlin, Chase",PK,16,6.71875,5.0,-2.0,20.4,6.0278747032017845,0.8971720488486377,2.175,11.100000000000001,-0.4717226189499403,-0.5717755078986274,3.541455296095838,0.9560144828619451,126.79166003507719,162.98860472345592,0.9681623344703566,1.1161201270207362,0.7993791780346886,0.3252914540244672
2023,15368,"McPherson, Evan",PK,16,6.3125,5.4,-1.4,24.9,5.823859866961087,0.9225916620928454,2.9,8.75,-0.5929679956597863,-0.5429012371684787,3.2833285010341204,0.9250629589512931,122.6867064307146,157.71175402014876,1.4757667027870742,1.5649538772257743,0.6187412382643045,0.7315767276169843
2023,12437,"Myers, Jason",PK,16,6.2749999999999995,4.199999999999999,-9.3,24.0,8.286396985421348,1.3205413522583822,2.475,11.2,0.8705100831473703,-0.0908681168991606,2.7041103981590697,0.6757195508496008,89.61747453228672,115.2017974117249,0.8374125853696499,0.7218784183338293,1.3693217174211314,0.35900100298902854
2023,14244,"Gay, Matt",PK,16,6.2124999999999995,4.85,-8.0,37.0,10.250967942101859,1.6500552019479855,0.07500000000000007,10.95,2.0380484352843062,0.28342837667314646,2.3442907888987956,0.552174713497531,73.23230956099978,94.13893589469076,0.4962896612197037,0.35360790385844953,0.9252578445455009,1.2002724791135704
2023,11947,"McManus, Brandon",PK,16,6.0375,5.949999999999999,-11.7,21.8,9.644744358976032,1.597473185751724,0.7250000000000001,11.025,1.6777716629628772,0.22370019133052005,2.324374331607474,0.5671813052897754,75.22256255289112,96.69737355616873,0.42038737099747203,-0.1778761649677872,0.7912228570622667,0.8971122903453439
2023,13214,"Watt, T.J.",DE,16,15.90625,14.799999999999999,4.0,38.9,9.011414202970585,0.5665329164932391,9.525,19.25,2.0160017155723344,-0.9410152074096753,10.153792386059095,1.5888114983076318,166.16986922171085,249.1311270149593,2.085116805799209,1.9709609663213414,1.6462649777081093,1.543171922489295
2023,11721,"Mack, Khalil",DE,16,15.3125,11.5,2.0,53.0,12.838558865776173,0.8384364973568114,6.25,18.825,3.7132511095499496,-0.3008399948568769,8.329088343282647,1.1065097275315998,115.72711861182383,173.50454460242554,1.6513153906453524,1.9418988851089696,1.2115403967265088,
2023,14225,"Crosby, Maxx",DE,16,14.70625,13.4,5.0,30.0,7.25658913936155,0.4934357255834458,9.5,18.85,1.2377777292431142,-1.1131166912484218,9.847260078269962,1.781153179815022,186.28641048290612,279.2909665786395,1.6344798179770932,1.4644835808035586,2.2711632479026616,1.1661622312843647
2023,12221,"Hunter, Danielle",DE,16,14.53125,13.95,4.0,28.7,7.3125507476871565,0.5032292987655678,8.875,19.35,1.2625953972920194,-1.0900585072642173,9.666688915611791,1.7481096285689568,182.83046709690453,274.10962368725336,1.5819365503271738,1.2468359889798701,1.7240755882434255,
2023,15349,"Phillips, Jaelan",DE,8,14.1125,17.7,1.0,29.0,9.234370241115526,0.6543397867929514,5.375,19.4,2.114877518283107,-0.7342809611037446,8.530593359758353,1.3789319388998151,144.2190846407483,216.2212876612235,1.3489379099062668,2.2150960251710936,1.6981301290283228,0.9074936851273783
2023,13681,"Chubb, Bradley",DE,16,13.8,11.5,3.0,41.3,9.37636656706637,0.6794468526859688,7.875,16.7,2.1778495769328168,-0.6751683845293883,8.216991194409884,1.3299453051128636,139.09569364146344,208.54001439689233,1.330391618422765,1.3028192466825355,0.9637447589661441,
2023,14167,"Hines-Allen, Josh",DE,16,12.587499999999999,11.0,0.2,25.4,8.87136369167672,0.7047756656744167,4.625,22.5,1.9538925803389895,-0.6155337221719053,7.383669448977223,1.275153098716589,133.36511214646788,199.94840730839866,1.3867748186050461,1.5292165542871248,1.4654203418022913,1.0439220014130852
2023,14249,"Van Ginkel, Andrew",DE,16,12.1875,11.9,1.0,33.0,8.551525814145684,0.7016636565452868,5.75,17.424999999999997,1.8120519415237608,-0.6228606985191075,7.162108653564965,1.275974146659424,133.4509835222925,200.07715045983585,1.0378396893064075,1.301681879625837,1.0091803897617921,2.0231962605867833
2023,15805,"Hutchinson, Aidan",DE,16,12.09375,9.1,4.0,31.9,8.354076007405007,0.6907763106898197,7.0,12.600000000000001,1.7244875575357406,-0.6484940826953042,7.152779420635407,1.292885581689327,135.21970872994848,202.72892184550858,1.2907093820998958,1.3220628595285089,1.135302006403073,
2023,13198,"Garrett, Myles",DE,16,11.850000000000001,9.65,0.0,41.4,9.71165536867943,0.8195489762598674,7.0,13.075,2.3265423402024648,-0.34530915114540095,6.512602933259869,1.1062715884837984,115.7022122371709,173.46720357774873,1.8765719306925077,1.4174064582412849,1.3362732196715337,1.3521611397107884
2023,15484,"Cooper, Jonathon",DE,16,11.675,11.25,4.0,27.0,6.024585047951436,0.516024415242093,6.75,13.625,0.6914126498549515,-1.0599334298967837,7.701063309152331,1.6620198802212176,173.82655301426365,260.61045399144484,2.3249424862512367,2.7606040352275127,1.1149552509393177,0.7771974956521626
2023,15350,"Parsons, Micah",DE,16,11.44375,10.95,0.0,33.4,8.102312073568877,0.708011978028957,5.675000000000001,15.525,1.6128361249986842,-0.6079140838321859,6.700040835314322,1.2572355141755847,131.49115624728216,197.1388682064718,1.4139246448860683,1.3871491166075811,1.641026673605343,1.7807938762470836
2023,14147,"Bosa, Nick",DE,16,11.35625,11.5,4.0,21.4,4.785259756533599,0.4213767534647088,8.0,14.175,0.141800789022372,-1.2827737720633838,7.989612868170467,1.9629628535131525,205.30143506816415,307.7993509646311,2.028558474114236,3.762303601817369,1.6643966142934272,2.2007796082671103
2023,14148,"Sweat, Montez",DE,16,11.28125,11.25,2.0,26.9,7.469456033574333,0.6621124461894146,6.0,15.525,1.332179231938257,-0.7159808568335916,6.787296506841985,1.3319922737988426,139.30978103900077,208.86098615234948,1.3821322435123504,1.3502021187470346,1.2117694258353546,1.117865172666714
2023,15809,"Johnson, Jermaine",DE,16,11.13125,10.0,1.0,30.6,6.868926294370905,0.6170849001119285,5.925,15.025,1.0658582993029677,-0.8219946091693829,6.883528501954063,1.4145830807899196,147.94774948978392,221.8115097661822,1.4294510051478124,1.7392189980491919,1.158157203526072,
2023,14947,"Wonnum, D.J.",DE,15,11.106666666666666,9.1,3.0,36.4,7.881832838172152,0.7096488149614784,6.0,13.2,1.5150587265380222,-0.6040602823196678,6.496460892710835,1.2504926481989924,130.78593655400618,196.08156354707793,2.5779751470509393,2.378950959306261,1.3656310899907305,0.79383799605105
2023,14882,"Greenard, Jonathan",DE,15,10.853333333333332,9.0,0.0,23.0,7.100410003811205,0.6542146809408359,5.0,16.85,1.1685159253345965,-0.7345755128165806,6.5610186261679715,1.3398498752812373,140.13158816471497,210.0930851867715,1.2596730290849936,1.18596462313271,,1.554232752797323
2023,14405,"Granderson, Carl",DE,16,10.787500000000001,12.3,1.0,18.0,5.0390816375605585,0.46712228389900884,6.0,14.1,0.25436487313918626,-1.1750695830412747,7.352829493756481,1.7862815320969119,186.82277217774043,280.0951099179078,1.62245785542258,1.4975838979292622,1.1432309037604964,0.7926682358664143
2023,13700,"Landry, Harold",DE,16,10.59375,11.0,2.0,22.9,6.218668341172409,0.5870129407596374,5.25,15.025,0.7774840636172405,-0.8927966299044149,6.675276381129703,1.4675490685141288,153.4873312858029,230.11675946336047,1.9383882871641338,3.211341969342009,,1.769003071425285
2023,15853,"Mafe, Boye",DE,15,10.4,7.0,3.0,23.8,7.171703656268385,0.6895868900258063,5.5,13.55,1.2001329973526413,-0.65129447842375,6.15535079100972,1.2726844287876646,133.10692005780416,199.5613113424669,1.1937956494987045,1.0756970814897744,1.1155572697449985,
2023,14940,"Highsmith, Alex",DE,16,10.25,8.0,1.0,40.8,9.643521141160006,0.9408313308448787,3.75,13.475,2.296326399454173,-0.0597595571357497,5.281242031237197,0.9630271659217922,100.72063198726559,151.00598368508537,1.229231403679872,1.1934448919430614,1.1146529591591303,1.3630183204156854
2023,12083,"Autry, Denico",DE,16,10.056249999999999,9.3,2.0,17.1,5.310128146994195,0.5280425752138418,5.3999999999999995,15.95,0.37456767820868375,-1.0316376344167375,6.581132072575057,1.593668110336278,166.6778102748316,249.89266054455666,1.539718861432161,1.3692908825940542,1.0776098658457816,1.1854038458822278
2023,13284,"Hendrickson, Trey",DE,16,10.006250000000001,9.7,3.0,20.8,4.304135910667785,0.43014475059765495,7.8,11.925,-0.07156641492996352,-1.2621302247793837,6.996669390156771,1.8864995483760567,197.3043268974183,295.80964079172236,2.371800905450237,3.5039057720448,0.9412644032260825,1.4738426332919117
2023,13294,"Ebukam, Samson",DE,16,9.85,8.0,3.0,21.0,5.732364259186605,0.581965914638234,5.375,12.925,0.5618195457690494,-0.9046794488425373,6.226429981111515,1.4630818566537371,153.02011663421104,229.416285224233,1.3585169812316467,1.3327956348672325,0.9728836186012172,1.1797951667497248
2023,14894,"Jennings, Anfernee",DE,14,9.521428571428572,11.15,0.0,14.0,3.7842112919392883,0.39744154604013526,7.25,12.0,-0.30214085666117496,-1.3391273016927339,6.8134718038181985,1.990177270696806,208.1477237242884,312.06666551468356,2.5429978866064005,2.130434782608696,0.5325409780237262,
2023,15806,"Thibodeaux, Kayvon",DE,16,9.4,5.65,0.0,36.7,9.68826609874027,1.030666606248965,2.0,15.2,2.316169744513668,0.1517504065943929,4.6290218054866346,0.879469121853908,91.98150260031687,137.90379395900942,0.8884381040057613,0.9049535826446827,0.924214275060758,
2023,15565,"Hoecht, Michael",DE,16,9.3875,9.0,0.0,25.2,5.316586663452407,0.5663474475049168,6.125,11.15,0.3774318796200457,-0.9414518792940398,5.993242441166957,1.486166580174671,155.4344908331509,233.0360495535603,1.454359243421876,1.3739329806473746,0.7067762226701766,0.43863886551712106
2023,13684,"Hubbard, Sam",DE,14,9.35,9.5,1.0,17.1,4.338325878558621,0.46399207257311453,7.225,11.975,-0.05640396161410295,-1.1824394150034916,6.386646604968582,1.7514854305830716,183.1835338891586,274.63896109527917,1.5137529512859256,1.7708983426891611,1.5171830975205847,1.409204462307426
2023,16276,"Young, Byron",DE,16,9.275,8.6,1.0,28.0,6.590381248455965,0.7105532343348749,4.0,11.425,0.9423300681992004,-0.6019308993127866,5.422222362817288,1.2219412564931071,127.79981703578869,191.60460677712163,1.0960964633237134,1.3028202125307433,,
2023,14171,"Burns, Brian",DE,15,9.233333333333333,8.0,-1.0,24.2,6.818178316497417,0.7384308646026084,4.0,14.1,1.0433527547573314,-0.5362952507294415,5.311303153515973,1.181008280899624,123.51873824924307,185.1861749162353,1.3386897297409561,0.9489955722311266,1.6633360155881276,1.1783695809803243
2023,15346,"Rousseau, Gregory",DE,15,9.020000000000001,7.8,2.0,18.0,4.6048090803709405,0.5105109845200598,6.5,11.0,0.06177512295951554,-1.072914361126754,5.971489179779756,1.6093322485487829,168.31608378998132,252.34885148398288,1.3773824522969347,1.562473695571007,1.540557356839321,1.204425125354823
2023,15345,"Paye, Kwity",DE,15,8.72,6.0,1.0,24.0,6.071814665594903,0.696309021283819,4.65,12.05,0.7123578837004902,-0.6354677585503354,5.1405727910357015,1.2330639888547543,128.96311613319057,193.3486896036209,1.2447947684340224,1.0966151320681579,1.2997826012771891,1.2140317195641215
2023,12075,"Barrett, Shaq",DE,15,8.66,8.0,1.0,20.5,5.401209741036416,0.6236962749464683,5.0,11.4,0.4149602407875306,-0.8064286564278802,5.333509803294653,1.352869277893379,141.49325531762068,212.13457245526075,1.5095458930403591,1.3506982303832733,1.2700423100466969,1.4707779781873798
2023,16223,"Anderson, Will",DE,14,8.592857142857143,7.5,-1.0,21.0,5.860700139270818,0.6820432414779006,6.0,13.3,0.6187335152919146,-0.6690553949855742,5.108582782513467,1.252475253024311,130.9932922943772,196.3924428270196,1.1592082688838796,1.2218518865589774,,
2023,16266,"Tuipulotu, Tuli",DE,16,8.39375,7.0,1.0,17.8,5.334963536660771,0.6355876141963688,4.0,13.4,0.3855815942674233,-0.7784314501841637,5.1319476420247865,1.3249878947881741,138.57721034359616,207.76267534655125,1.1596088628261156,1.235074404092242,,
2023,14879,"Epenesa, A.J.",DE,14,8.178571428571429,4.5,1.0,32.6,8.797579096500563,1.0756865270830382,3.0,9.05,1.9211708333236015,0.25774620590504577,3.9401765738031616,0.834754315123886,87.30489143875593,130.8923579222156,0.8438372707900101,1.478538217279687,0.7512139758865207,0.6863149323857708
2023,12270,"Smith, Preston",DE,16,8.11875,8.5,1.0,22.8,5.592094727157257,0.688787649226452,4.1,11.275,0.4996132799479374,-0.6531762268986414,4.807442785194922,1.2315887947655586,128.80882922807982,193.11737407852644,1.1353536517352236,1.0069859825076166,1.4377158875287008,0.9744919986856158
2023,15808,"Karlaftis, George",DE,16,8.00625,6.6,2.0,22.7,5.918347399190081,0.7392159124671451,3.0,11.45,0.6442987305066209,-0.5344469183832924,4.603367496013088,1.1572489119203926,121.03380454862807,181.46062385038186,1.1061103689828362,1.015951073594886,1.6386481241123043,
2023,14254,"Omenihu, Charles",DE,10,7.95,8.5,2.0,14.5,3.959861108675404,0.49809573694030235,4.425,11.2,-0.22424425977917847,-1.1021450675890376,5.30673694875937,1.6028674645938124,167.6399480083053,251.33515104543145,1.6028674645938124,2.521905816177257,0.711871487585548,0.9063138675367483
2023,15815,"Walker, Travon",DE,16,7.949999999999999,6.6,1.0,19.8,4.428882477555709,0.5570921355415988,5.225,11.125,-0.016244222092835162,-0.9632427703317437,5.105670896754464,1.4643897768771361,153.15690877897214,229.62137162979352,1.2719224761092502,1.514645349657864,1.1630506315951672,
2023,13690,"Sweat, Josh",DE,16,7.893750000000001,7.0,1.0,14.7,4.185610581205566,0.5302436207386306,5.0,11.525,-0.12412963407237192,-1.0264554489442443,5.158492342670104,1.522241185755379,159.20744470335907,238.6926722268699,1.329523434590088,1.2662145531226967,1.2694404382696147,1.037063069655948
2023,12686,"Bosa, Joey",DE,9,7.866666666666666,4.0,-1.8,24.0,7.859742715608161,0.999119836729851,3.0,11.5,1.5052622724089166,0.07747606339482349,3.9350650832092766,0.887911412236385,92.86446089353304,139.22757423112753,0.8752532104729049,0.8830670220665204,,1.8024507325504429
2023,13888,"Gardeck, Dennis",DE,16,7.85625,7.5,0.0,23.4,5.455956464040013,0.6944733764887845,3.875,11.15,0.4392391355320002,-0.6397896372585907,4.636396244997007,1.216899470087769,127.27250905210956,190.814037266095,1.2900375019061787,1.0192724538366165,0.688618015904632,0.7917895080393677
2023,13245,"Reddick, Haason",DE,16,7.85,6.95,0.0,18.0,5.442196247839653,0.6932734073681087,3.5,12.325000000000001,0.433136800589181,-0.642614868483739,4.6359908363537246,1.2185285418202596,127.44288963975579,191.06948133679558,1.631810627412329,1.2756018403229394,1.311837991017144,1.3587681362461272
2023,15386,"Odeyingbo, Dayo",DE,16,7.8374999999999995,6.25,1.0,28.8,6.936846816097355,0.8850841232660103,3.0,8.75,1.0959794665165306,-0.1910118942608482,4.157639387690087,0.9874828356399846,103.27839006185786,154.84071711022025,1.4140066983016855,1.2009315479650666,0.814794469713551,0.5864929285120595
2023,15395,"Koonce, Malcolm",DE,16,7.78125,6.0,0.0,24.3,7.010993042180258,0.9010111540151337,3.0,9.125,1.1288615884044138,-0.1535129754795214,4.093216383062872,0.9713215276844465,101.58811879161334,152.30656823901197,1.3648506992502425,1.3796150458937597,0.41767544400664813,
2023,15861,"Bonitto, Nik",DE,14,7.75,7.05,1.0,22.8,5.813377429933236,0.7501132167655788,3.25,10.5,0.597746997451298,-0.5087900878504035,4.42828493937263,1.1374681763484724,118.96498628630026,178.35893623579287,1.3067000562410476,1.0345388207540733,0.5307379182497655,
2023,15356,"Browning, Baron",DE,9,7.666666666666667,4.0,1.0,24.2,7.108523834883802,0.9271987610718002,3.3,12.5,1.1721142201690298,-0.09185635124343841,3.9781400971858742,0.9455070766005258,98.88824913104345,148.25877320564265,0.8712904814225505,0.9882812500000002,0.6467436180504014,0.7912239920399873
2023,12801,"Hill, Tyreek",WR,15,21.46,20.8,3.0,46.0,12.159155672441514,0.5665962568705272,11.55,31.299999999999997,2.147969301835953,-0.015569805208522948,13.698487983667883,1.6308037182767343,251.51404536345004,511.2256953839209,1.6965854309883077,1.6513924099882304,1.5814500020786406,0.9999027840967357
2023,14832,"Lamb, CeeDee",WR,16,19.3125,16.65,5.4,37.9,10.419925323628764,0.5395430588286738,10.674999999999999,24.825,1.6008849935846081,-0.01700103104521558,12.544306500068583,1.6911231424640625,260.8169321678658,530.1346782552071,1.9693980829909161,2.0173776742277045,1.3970196903057654,1.1661943366636232
2023,14836,"Jefferson, Justin",WR,9,17.48888888888889,22.0,2.1,34.7,10.950235354593419,0.6261252744049604,6.3,26.0,1.7676968806052635,-0.01242047447888428,10.754945614684276,1.4634765232608185,225.70766581812794,458.77182820789767,1.2454444883512683,0.9221222194552317,1.39515220008775,1.3730374359521915
2023,15287,"St. Brown, Amon-Ra",WR,15,16.626666666666665,15.4,4.7,34.0,6.832614596347596,0.4109431393152123,12.55,21.5,0.47247701182592494,-0.023804497575106463,11.78407988484657,2.122747961379307,327.3851543689744,665.4407826759606,1.9177594232058428,1.890588236921287,1.1926819633199108,0.9220857623447736
2023,11222,"Allen, Keenan",WR,13,16.507692307692306,10.9,5.0,48.8,13.129090515015854,0.7953316714594879,7.9,18.2,2.4530675498977392,-0.0034687576865312154,9.194786996807462,1.1683478345721239,180.19083901487448,366.2546433304593,1.2063937550142056,1.156230206734242,2.3127589370957127,1.9069337421747454
2023,14840,"Aiyuk, Brandon",WR,15,16.326666666666664,13.0,4.9,33.8,9.335913928956762,0.5718199629822436,8.8,21.700000000000003,1.2599033493788605,-0.015293449594713028,10.38710987974079,1.5796055171208812,243.61789787266096,495.1760410355946,1.8584262441586492,1.9077147958885148,1.4899294752093108,1.110892837831222
2023,15290,"Collins, Nico",WR,14,15.592857142857142,9.2,2.6,45.6,13.0425383312624,0.8364431362238828,6.475,20.725,2.425842092609275,-0.0012937915156537084,8.49079224686443,1.1104016079588206,171.25396346956992,348.0896123930983,1.1423066360742904,1.1489995865083855,1.5773187980778491,0.7734184045392796
2023,13635,"Moore, D.J.",WR,16,15.35625,10.95,-0.4,55.0,13.58767680427747,0.8848303983249471,5.85,19.375,2.5973183462373406,0.00126609436470401,8.14728477089882,1.052686469959162,162.3527280392613,329.99702330504255,1.0942299228554413,1.2190657734203765,0.8531506314831252,1.1738194323027829
2023,16211,"Nacua, Puka",WR,16,15.325,13.65,-1.6,39.1,12.306273806477735,0.8030194979757087,4.85,24.125,2.194246106196788,-0.00306203993282966,8.499630767834583,1.1517123593638596,177.62519876075783,361.03974083417756,1.1119290797195587,1.7265826165356877,,
2023,14104,"Brown, A.J.",WR,16,14.86875,12.25,-0.9,35.0,10.40911372007723,0.7000664965163332,5.8500000000000005,23.4,1.5974841452414794,-0.00850867864170808,8.745981425119597,1.3032344461458618,200.99400310020573,408.5390096382773,1.1489255326587557,1.830698611879641,1.3485159379498524,1.0101854022021204
2023,11671,"Evans, Mike",WR,16,14.69375,12.2,-3.4,33.2,10.195799916509738,0.6938868509747164,7.725,20.599999999999998,1.5303851351851938,-0.008835607396936257,8.674575867652994,1.3124341368705648,202.41284425461984,411.4229362784637,1.3741439310242902,1.183459569581876,0.9439860491565003,1.3483583381141024
2023,14136,"Samuel, Deebo",WR,14,14.571428571428573,13.15,0.2,38.6,11.165599502261308,0.7662666325081289,8.3,17.05,1.8354408374821987,-0.005006418211076465,8.249846485939042,1.197756721213786,184.726484823124,375.4737653838096,1.2583279690051365,1.4443733291191856,1.1364621995709203,1.8736274797834647
2023,16204,"Dell, Tank",WR,11,13.845454545454546,9.3,0.0,31.0,10.376228394868694,0.7494321230699648,6.949999999999999,22.049999999999997,1.5871398884237362,-0.005897033243675243,7.914256496649929,1.2170513868814035,187.7022441751604,381.5222730997174,1.2683462252420836,1.263193821432157,,
2023,15281,"Chase, Ja'Marr",WR,15,13.653333333333334,11.1,1.4,45.9,12.229901425967785,0.8957447333472498,3.45,19.799999999999997,2.170222761049139,0.0018435077355769144,7.202094824879784,1.0320056736427705,159.16318984739993,323.5139902094886,1.1954911897411549,1.2844362812136332,1.2675164423129783,0.9861151129400924
2023,12175,"Cooper, Amari",WR,15,13.266666666666667,11.8,-3.8,60.0,16.194964923978343,1.2207259992948498,1.0999999999999999,19.200000000000003,3.4174549189185894,0.019036358042801436,5.974022311117738,0.7715436888252286,118.99290648915645,241.86415226937865,0.7411490339029528,0.6945257209869987,1.161928970707651,1.0915434322724489
2023,15284,"Waddle, Jaylen",WR,14,12.764285714285716,10.649999999999999,5.9,29.9,7.00485618725193,0.548785599448948,7.55,14.9,0.5266565353584652,-0.016512062498430367,8.241480111144629,1.5945677743234636,245.92548265102198,499.8664217706754,1.5488249631806172,1.5057026560726912,1.3864395868649233,1.23848740146595
2023,14102,"Metcalf, DK",WR,15,12.45333333333333,12.7,-0.6,36.8,8.336175515320093,0.6693931088319135,7.4,14.899999999999999,0.9454302269255456,-0.010131427452584841,7.459796777313293,1.333879521962518,205.72030271722,418.1456532943377,1.2620905140387613,1.7620648547484223,0.9164736800229266,1.0121687668824948
2023,15282,"Smith, DeVonta",WR,16,11.7,10.05,-3.3,29.2,9.037767976663265,0.7724588014242108,3.45,18.4,1.1661199283502597,-0.004678826917649692,6.600999690711447,1.1655977730508662,179.76670514121568,365.3925517753584,1.6252860292087794,1.251551654501328,1.0750573049668701,1.0280467527805548
2023,15754,"Olave, Chris",WR,15,11.026666666666666,10.7,-4.7,22.6,8.363768422321497,0.7585037867885276,2.8,18.85,0.9541097249861743,-0.0054171047902736285,6.270482184632736,1.1775885700442064,181.61601037956387,369.1514367119253,1.3817657765154083,1.5845905171317016,1.6049297225769321,
2023,14842,"Pittman, Michael",WR,15,11.006666666666666,13.8,-0.8,18.0,6.015587160775653,0.5465403235108105,6.8500000000000005,15.5,0.21547661523247205,-0.01663084686278519,7.116960676253411,1.5688874522442329,241.96488235314627,491.81613321325744,2.4633728863081763,4.54259708310317,1.1335173240743674,1.2236665089117935
2023,15762,"Pickens, George",WR,16,10.96875,8.55,-6.5,44.5,12.660307991415532,1.1542161131774844,3.0,16.45,2.305609472927503,0.015517710552054104,5.091759333199405,0.8029650581006685,123.83893155566521,251.71414903951472,0.757650935743445,1.0367285143085263,0.9625372039167311,
2023,16184,"Reed, Jayden",WR,15,10.533333333333333,10.4,-0.8,25.8,7.144663898478515,0.6782908764378337,6.15,12.55,0.5706338067054219,-0.00966069882128668,6.276226297368842,1.2932802954951939,199.45880381763828,405.4185742779009,1.4022740822542006,1.233480695332845,,
2023,16194,"Rice, Rashee",WR,16,10.5,8.899999999999999,2.4,23.9,6.219626194555425,0.5923453518624214,6.3500000000000005,14.1,0.27965819631394223,-0.014207571805771901,6.594046943220643,1.45436892673452,224.30302808018604,455.9167713330255,1.542612874202441,1.4146837990278354,,
2023,12186,"Diggs, Stefon",WR,16,10.41875,9.85,-6.6,34.5,9.74693661811238,0.9355188115764733,4.675,16.7,1.3891927581830525,0.003947720638769735,5.382923657308174,0.9694623100726889,149.51731143428796,303.9078449852485,0.6692918942547713,0.652493534424585,1.68305650568403,1.6016628385848672
2023,13164,"Kupp, Cooper",WR,12,10.4,6.199999999999999,-3.8,30.6,11.323353449103907,1.0887839854907602,2.0,23.675,1.8850631942569736,0.012056080930664051,4.978973446867229,0.8439261312233349,130.1562369971786,264.55466004407293,0.6957665751672235,1.245980465672277,1.8711121279801421,2.4116303435173654
2023,16186,"Addison, Jordan",WR,16,10.03125,7.5,-2.1,29.7,9.20195079521185,0.9173284281831128,3.575,13.75,1.2177645214737203,0.002985374277661346,5.231889254104344,0.9832678280224635,151.6464957309455,308.23561014479003,0.8890162454365347,0.5732449158302132,,
2023,16190,"Flowers, Zay",WR,16,9.893749999999999,10.399999999999999,-0.2,24.7,6.315404653504001,0.6383226434369175,6.625,13.8,0.30978582834096535,-0.011775183313262973,6.038950898734221,1.3524542344026038,208.58502580738164,423.96846947835627,1.2099079754838515,1.5141821104438304,,
2023,13163,"Godwin, Chris",WR,16,9.8375,8.05,-1.8,28.0,7.0699076196227635,0.7186691354127333,5.175,14.075,0.5471188150695171,-0.0075245222629316865,5.723905664738404,1.2190350204355702,188.00817412499785,382.14410418321984,1.0419580709151766,1.2740053278849748,1.3167929962342555,1.5337956467980463
2023,13633,"Kirk, Christian",WR,12,9.825,11.05,-0.7,15.8,4.582052851433879,0.46636670243601824,7.05,13.175,-0.23544935125389674,-0.02087236232893917,6.700233975361079,1.7601051551269749,271.4558244316727,551.7592165103961,2.438605010979455,1.9759615384615385,1.2246729989255114,1.353793204634494
2023,11675,"Adams, Davante",WR,16,9.787500000000001,8.5,-4.2,33.4,9.462549537518946,0.9667994418921017,4.375,13.475,1.299737264626213,0.005602595091191071,4.976358947196072,0.9354794416888349,144.27623391865134,293.254867360796,0.8173431780435586,1.0111883004067432,1.0360322852277144,1.6693436538286632
2023,11232,"Hopkins, DeAndre",WR,16,9.7,6.9,-2.3,33.3,9.638594295850407,0.9936695150361244,4.25,12.3,1.3551130950323391,0.007024132864952609,4.86540017131387,0.9117745944859926,140.62030528181364,285.82385229783785,0.8815496026771649,0.8851298334921144,0.9434805754070114,1.5556183189982535
2023,14109,"McLaurin, Terry",WR,16,9.60625,7.949999999999999,-3.0,26.7,7.2207572966760205,0.7516728480599632,5.875,12.600000000000001,0.5945693964585524,-0.005778489643260716,5.484043444892833,1.1685358967943489,180.21984329648222,366.3135972310759,1.0016497262154518,0.8445619179796793,1.7573894905936012,0.9698698374661201
2023,15751,"London, Drake",WR,15,9.580000000000002,6.3,-2.9,34.9,9.379139974788023,0.9790334002910251,4.699999999999999,15.05,1.2735003357689494,0.0062498219853450825,4.840747002345298,0.9230051837889062,142.35236593125592,289.3444267002681,0.9772661146454331,0.6964727536119201,0.8430457183943623,
2023,13172,"Brown, Noah",WR,10,9.419999999999998,4.25,-5.0,33.6,13.167748478764318,1.3978501569813504,0.65,13.525,2.4652276213742814,0.028406957052617143,3.928519041347779,0.6648904033071591,102.54408497169119,208.4303923123127,0.6648904033071593,0.3315494842614129,0.6459597131972872,0.43583029903953946
2023,14127,"Meyers, Jakobi",WR,15,9.206666666666667,9.5,-0.9,18.2,5.186580976155893,0.5633505767004953,6.050000000000001,12.5,-0.04529176162938823,-0.015741515085847025,5.889060843983985,1.488167164084764,229.51563049631045,466.5118706687,1.6319992221312516,1.4108946412528116,1.1736121548937768,1.135196309242641
2023,11938,"Thielen, Adam",WR,16,9.16875,5.449999999999999,-2.1,29.0,9.072328721860778,0.9894837051790897,2.175,14.8,1.1769911975826184,0.006802686246863223,4.608607738847826,0.9102909816773881,140.39149205612424,285.3587681302834,0.7729425424881536,1.026596503699423,1.1573134189392997,1.0888019093064465
2023,14835,"Higgins, Tee",WR,12,9.058333333333332,8.8,-8.0,28.5,10.520809405913385,1.1614509003768227,1.45,17.15,1.632618627032259,0.01590046065600288,4.190857785274753,0.7862584141600227,121.262315157955,246.47693651027592,0.9160612104386371,1.3168295660835185,1.115917029239517,1.096447037809839
2023,13629,"Ridley, Calvin",WR,16,8.56875,2.95,-3.0,29.7,10.505993453143782,1.2260823869460287,0.125,14.8,1.6279581889956436,0.019319733057683162,3.849251065570624,0.7447205697530412,114.8560559831739,233.45561876754508,0.7086105491568543,0.5228772039544737,,
2023,14845,"Davis, Gabriel",WR,16,8.55,6.25,-3.8,28.0,10.120523701864444,1.1836869826742038,-1.0,17.049999999999997,1.5067065949359895,0.017076841187487545,3.9153963309931132,0.768848682779798,118.57726365907912,241.01931955027314,0.6161228488687545,0.7179499664457094,0.788039832984163,0.9166651200043328
2023,13630,"Sutton, Courtland",WR,15,8.466666666666667,7.4,-1.0,18.2,5.445569044849419,0.6431774462420574,4.95,12.8,0.03617433543088329,-0.01151834420699485,5.152618596384652,1.313563877410061,202.58708080443597,411.7770882750741,1.4086333708053216,1.2599958153893123,1.0638298796428238,0.700464749332578
2023,15319,"Palmer, Joshua",WR,10,8.440000000000001,6.050000000000001,-0.9,26.1,9.375947952073966,1.1108943071177684,0.925,9.55,1.2724962677686213,0.013225808203617177,3.9983053493208964,0.813419654665191,125.45131313483185,254.99146459794625,0.8134196546651908,0.9494111906787598,0.8893233651791743,0.6769474980737739
2023,15789,"Watson, Christian",WR,9,8.233333333333334,6.4,-0.9,22.2,7.822190656501967,0.9500636424901174,2.9,11.7,0.7837535110551435,0.00471720222692533,4.222084425316421,0.9332527094350831,143.9328115737022,292.55682949633683,0.8026196931516467,1.0520909502481612,0.8390484620256998,
2023,12187,"Lockett, Tyler",WR,16,8.1,6.85,-2.8,18.9,7.196961164269264,0.8885137239838597,3.225,15.675,0.5870841943714945,0.0014609574947425715,4.289087178520937,0.98817108409737,152.4027104470585,309.7726869054368,0.9118221298515474,0.6783585124538616,1.3961177935065916,1.0224628412867687
2023,11674,"Cooks, Brandin",WR,15,8.066666666666666,6.9,-3.0,36.1,10.003976986956516,1.2401624363995682,-0.25,13.2,1.4700461957267095,0.02006462578824461,3.6009293502981716,0.7330682966920442,113.05896029200895,229.8028545926472,0.9637202261865188,0.9717997841973852,1.1277737641827934,1.2726701073142093
2023,14208,"Johnson, Diontae",WR,12,7.591666666666668,8.55,-5.3,19.0,6.694333217148832,0.8818002042347527,3.85,11.625,0.4289798564694538,0.0011057845904078208,4.034257542103877,0.9866568619288095,152.1691764301039,309.29800729046383,0.8862300261098107,1.3914106669614148,0.8485974966900522,1.4523605981611518
2023,13418,"Bourne, Kendrick",WR,8,7.5,7.2,-0.7,14.3,4.595922105519196,0.6127896140692262,5.55,9.85,-0.23108670240614218,-0.013125985952697167,4.650327565711913,1.3402616867384256,206.7046051583874,420.14633957500547,1.0401382413344904,1.8183692528627804,0.49308065085138253,1.049511357980542
2023,16080,"Shaheed, Rashid",WR,15,7.413333333333333,3.4,-2.7,34.6,10.3729048754703,1.399222779964519,0.2,12.45,1.5860944574304978,0.02847957447383698,3.0898895239078072,0.651841672334991,100.53161769749504,204.33986535903017,0.6012308137121525,0.5835308136390116,1.2052769602667057,
2023,14122,"Slayton, Darius",WR,16,7.38125,4.3,-1.7,22.7,7.451779883859963,1.0095552763908502,2.1,9.75,0.6672388001325626,0.00786455520804278,3.673076370039784,0.873336752900497,134.6921503948336,273.7743259977834,0.897735286123889,1.0745597515734733,0.8987234526166892,0.300415020220583
2023,15779,"Doubs, Romeo",WR,16,7.362500000000001,7.1,-2.2,12.8,4.576553697925984,0.6216032187335802,4.4,12.175,-0.23717913971744803,-0.012659709888384812,4.540259858234542,1.3202598591919308,203.619782316435,413.87615016974013,1.3997372092350393,1.2766267803816909,0.7427971470456929,
2023,16206,"Wilson, Michael",WR,12,6.916666666666667,6.25,-4.0,21.7,7.532356131310368,1.0890153442858364,1.975,11.425,0.6925844943518393,0.012068320765841646,3.310969776065116,0.8106397061047697,125.02256987131224,254.12000402914484,0.8039022112677289,0.4753728456558705,,
2023,13157,"Samuel, Curtis",WR,15,6.7266666666666675,9.8,-3.8,15.5,5.999162904568899,0.8918478054364071,1.2,10.95,0.21031027665544072,0.0016373441647821376,3.5556066652597225,0.961067310245865,148.22257538260598,301.27617351177963,0.6773106447791862,1.1738915337570732,1.104051109641798,
2023,16187,"Downs, Josh",WR,16,6.56875,4.85,-0.7,27.5,7.127387209735415,1.0850446751262288,2.0999999999999996,7.775,0.5651993308659538,0.011858255978625103,3.1504121126816274,0.8082240737997081,124.65001402884783,253.36274962071616,0.7519801113171566,0.8611321158635593,,
2023,15761,"Shakir, Khalil",WR,16,6.5125,4.9,-1.0,25.5,7.029213593994708,1.0793418186556174,1.525,9.35,0.5343182893220882,0.011556551333168345,3.1320006848179522,0.8111006045312951,125.09365287563574,254.26448684823652,1.121355729579814,1.0367933711823094,0.35541022803473105,
2023,15753,"Wilson, Garrett",WR,16,6.49375,6.8,-10.2,15.6,6.228710615970211,0.9591854654044598,3.6,10.95,0.28251575017905545,0.005199784308812433,3.314515197599943,0.8983275642067508,138.54640948077218,281.60846614908763,0.655914631562378,1.1620067862458903,0.8390368351811145,
2023,13168,"Reynolds, Josh",WR,16,6.206250000000001,5.85,-3.9,18.2,6.613855603012512,1.0656766329123886,0.475,10.925,0.40366518789232025,0.010833606605204752,3.0044634775433536,0.8151257816794456,125.71444406987318,255.52630270231194,0.5521348627146003,0.705018304579992,0.8107149887249262,0.7681567210886038
2023,14833,"Jeudy, Jerry",WR,15,6.153333333333333,7.5,-1.8,11.8,3.9053581426320205,0.6346735876433403,3.9,8.149999999999999,-0.44830733002302614,-0.011968233425978698,3.7642581245864557,1.2544106168019158,193.46404796777156,393.2336753249365,1.286258592872959,1.1399530050010669,1.1764498188578363,0.9589132748025373
2023,15757,"Robinson, Wan'Dale",WR,14,6.064285714285715,3.95,-2.3,20.0,6.528137684872544,1.0764891353146715,1.75,9.775,0.3767021533624998,0.011405632610171235,2.9204514539233224,0.8055492564212297,124.23748483730266,252.52424566158695,0.7863254436226922,0.8653439127410029,,
2023,11679,"Beckham, Odell",WR,14,5.8928571428571415,5.35,-4.0,18.2,6.0117105107703015,1.0201690563731423,1.775,6.775,0.21425719401666923,0.008426067976778154,2.9170118828751535,0.840430752782142,129.61715509420773,263.4589259258572,0.9040688835483061,0.878163892455963,,0.9321913523096593
2023,16342,"Douglas, Demario",WR,13,5.869230769230769,5.1,-2.7,12.3,4.574407841523504,0.7793879677562983,2.3,10.8,-0.23785413044904313,-0.004312245419008323,3.298454792088719,1.0528886540218931,162.38391029066017,330.06040413187463,1.4922748206546756,1.5353812630517092,,
2023,16185,"Smith-Njigba, Jaxon",WR,16,5.862499999999999,6.800000000000001,-3.5,13.6,4.95818452157642,0.8457457606100506,2.75,9.625,-0.11713510109616243,-0.0008016442896609711,3.1762229257741015,0.9839406582273647,151.7502643480886,308.4465295126581,1.5404474259793428,1.1515763379173047,,
2023,12652,"Thomas, Michael",WR,10,5.859999999999999,7.6,-1.0,10.1,3.779735440477283,0.6450060478630176,3.125,8.425,-0.4878226300842881,-0.011421603633814283,3.562296933566029,1.2260092787509689,189.08379340563647,384.330400435257,1.2260092787509695,0.8467232479854555,,
2023,13668,"Chark, D.J.",WR,14,5.8428571428571425,4.199999999999999,-0.9,19.6,5.473013571243946,0.9367015892104554,2.225,9.225,0.04480715956949434,0.004010294457443537,3.0169114206381837,0.902648678015099,139.21284211287457,282.96305247161587,0.7651597011029251,0.9902184286194471,0.9391124657483232,
2023,13066,"Raymond, Kalif",WR,16,5.768749999999999,4.550000000000001,0.5,16.7,4.522819744086647,0.7840207573714665,2.35,7.6,-0.25408144537573585,-0.004067151726834404,3.2335666365785665,1.0445298357196382,161.09475440874954,327.44007487258546,0.8276848895415876,1.032868402663433,0.8619764677861278,0.747297002877417
2023,15301,"Atwell, Tutu",WR,15,5.6466666666666665,2.3,-2.4,21.8,6.975181399473103,1.2352741557508446,0.15,10.8,0.5173221704449463,0.019806015565873338,2.526162910325383,0.708029872153093,109.19735795768652,221.95378860586538,0.5524379479653492,0.40470509372978875,0.5128407141922813,0.0
2023,13299,"Kittle, George",TE,16,11.93125,11.8,-2.3,27.3,9.516546035064401,0.7976151731850729,3.3,19.775,2.852054168348242,-0.11982188326498368,6.6372659610231395,1.134521729873922,242.60301593062817,529.7985934044091,1.554254769847041,1.7414242978542014,0.9251490399435227,0.968288899226256
2023,13671,"Andrews, Mark",TE,10,10.73,9.9,4.1,23.5,5.818255752371152,0.5422419154120365,6.725,11.375,1.152260641155072,-0.15434993486235024,6.957403953797543,1.573716268455973,336.5191718178379,734.8935181155708,1.5737162684559727,1.7151809486831717,0.9425852635597767,1.322209124122036
2023,16214,"LaPorta, Sam",TE,16,10.3625,10.3,-0.8,29.0,7.529597847826935,0.7266198164368574,5.525,12.75,1.9388209147717044,-0.1294208967339447,6.001610720178456,1.2148872883426773,259.78816659639455,567.327676112801,1.1504897914087342,1.1333722531299864,,
2023,11244,"Kelce, Travis",TE,15,9.919999999999998,9.0,-0.3,36.3,9.69104053580763,0.9769194088515758,1.4,13.75,2.9322546394367754,-0.09557883622588582,5.017908143136035,0.9278797481662167,198.41526116127514,433.3009870877736,0.8057567620786777,1.0766946264495423,1.8497868552523655,0.9687725341944835
2023,14138,"Hockenson, T.J.",TE,15,9.833333333333332,7.3,3.5,23.8,6.03640805630486,0.613872005725918,5.05,12.6,1.2525269387748337,-0.14466510147043796,6.093006941346818,1.3974933310643252,298.83614207796774,652.6009873536756,1.6699633271408518,2.6156066038890917,0.682807698630795,0.9987378075971474
2023,14867,"Kmet, Cole",TE,16,7.85625,5.550000000000001,-2.0,22.2,6.9668831580198045,0.886794992269824,3.8499999999999996,11.375,1.6801882185047934,-0.10776421747157179,4.163806895919779,0.9861133700814432,210.86777919878145,460.49490516544654,0.9789453819774352,1.053669019147271,0.8802754886549884,0.7607741886888857
2023,13192,"Njoku, David",TE,16,7.775,6.449999999999999,-1.1,24.2,6.738740609342371,0.8667190494331024,2.625,9.7,1.5753302441770332,-0.11047860971521138,4.165061690649787,1.0046854381724406,214.8391793159442,469.1676835637191,1.194893015336393,1.3264908511819244,0.9351961111479031,0.5121447251955739
2023,13424,"Hill, Taysom",TE,15,7.506666666666666,5.5,-1.0,29.2,8.004454315497647,1.066312741851374,1.65,12.350000000000001,2.1570725630724654,-0.08349230202416918,3.632880209576042,0.8336614750487295,178.2678839782765,389.3029681373703,0.9773800675231984,0.8820590512896834,0.9028385152107774,0.9329418513838327
2023,13189,"Engram, Evan",TE,16,7.3625,6.55,-2.6,25.0,6.544164862684925,0.8888509151354737,3.95,9.075000000000001,1.4859001104028264,-0.10748624392256202,3.897872479507966,0.9759198180326787,208.68801797873772,455.734723500323,0.8712466392710229,1.3472843812332893,0.8350320430572529,0.609099465628777
2023,13674,"Goedert, Dallas",TE,13,7.13846153846154,5.0,-1.0,24.9,7.462783401297035,1.0454330195782482,3.0,10.7,1.9081119235748827,-0.08631537024310504,3.489951257330065,0.8435122583153286,180.37434846179195,393.9030837465759,1.078755010111892,1.2712127715034556,1.4220610731958399,1.199769280679478
2023,15794,"McBride, Trey",TE,16,7.043749999999999,5.25,-0.5,24.7,6.984444211066476,0.9915803671434218,1.8499999999999999,10.9,1.6882595601296293,-0.09359658354687746,3.536764127727892,0.8821841337731848,188.64383627390478,411.9620637399865,1.0774641058437229,1.5401761068055104,0.3895232063525099,
2023,15799,"Ferguson, Jake",TE,16,6.8375,4.9,-3.8,18.2,5.719252027144808,0.8364536785586556,3.8,11.025,1.106756941216949,-0.11457067595691271,3.7232085294775454,1.0175983833286038,217.60044810167307,475.1977665496163,1.2418795062493484,1.1332643353873808,0.44174773755887337,
2023,13772,"Schultz, Dalton",TE,14,6.721428571428572,8.05,-2.5,21.5,6.93275646802179,1.0314409197907017,-0.07499999999999996,11.6,1.6645030444570412,-0.08820718909537219,3.308700000057633,0.8473005062645912,181.18441701613003,395.6721185584604,1.0444962011803174,1.0018138133253283,0.7739348666102588,1.0776878242297854
2023,12263,"Waller, Darren",TE,11,6.672727272727273,5.6,-1.0,21.1,6.155867992720577,0.9225415247946368,3.05,9.95,1.3074326414527933,-0.10293106410928579,3.470784472881564,0.9324832821839661,199.3996682530365,435.4507439263351,0.908936714258015,0.8519525992180449,1.1811422580231494,1.4167467395989282
2023,15329,"Pitts, Kyle",TE,16,5.825,5.7,-3.5,12.4,4.5929973873278005,0.7884974055498369,2.3,10.049999999999999,0.5891122458584009,-0.12105466211625253,3.256923930627243,1.0414809084656207,222.70742179262496,486.35042047537513,1.0840896819260184,0.9226416643288149,0.6278821441379309,1.0288202004333875
2023,16213,"Kincaid, Dalton",TE,15,5.12,4.6,-4.4,14.0,5.388159859048974,1.0523749724705027,1.55,9.2,0.9545816706960513,-0.08537677506779003,2.494670841672226,0.801482760758938,171.38687594651236,374.27616246288716,1.0170960132872562,0.4915766800044666,,
2023,16215,"Musgrave, Luke",TE,10,4.97,3.75,-0.3,12.7,4.050197526047341,0.8149290796875938,2.775,7.2,0.33963272417684015,-0.11748093549980174,2.7383990127346975,0.9841199229072314,210.44150592095195,459.564005843632,0.9841199229072316,1.0454714535241358,,
2023,12676,"Henry, Hunter",TE,14,4.950000000000001,4.75,-4.3,14.2,6.2467991803803,1.2619796324000603,-0.07500000000000001,10.875,1.3492260736577486,-0.057036922350994015,2.1883486168917585,0.6830601865443486,146.0637173835462,318.97522675212656,0.5080485361441158,0.5517858936253822,0.7561063359156648,0.9138489633254443
2023,13675,"Conklin, Tyler",TE,16,4.90625,3.6999999999999997,-2.0,11.5,4.482531197604764,0.9136369319958756,1.4,8.675,0.5383402134023203,-0.10413502039778026,2.5638353430412235,0.8948877485901889,191.36034243387817,417.89439371126707,0.8082456767162861,0.7611896311369254,0.48764152659286825,0.9512669422829753
2023,13193,"Smith, Jonnu",TE,16,4.81875,3.15,-4.3,22.5,7.076653406625196,1.4685662063035427,0.8,7.6,1.7306403852616843,-0.029105133622347578,1.9520440601087412,0.5966270628930577,127.58109521601982,278.61271440157674,0.43411015420905136,0.4191468868723371,0.4265170529750063,0.5384203090113804
2023,15331,"Freiermuth, Pat",TE,11,4.627272727272727,2.6,-3.1,20.5,6.2237216152236154,1.3450086005394848,0.8,6.35,1.3386192545931985,-0.04581088983296876,1.973243392884867,0.6405663138403606,136.97694415999112,299.1314517110079,0.6446211650927617,0.7589793349786942,1.325598441347055,1.0372111201675216
2023,14370,"Hudson, Tanner",TE,11,4.581818181818182,3.6,-0.9,8.8,2.9495202019121014,0.6437444885125618,3.3,7.35,-0.16625622668477077,-0.1406261561400096,2.787427251521499,1.1600948843355614,248.07150916076046,541.7407368697403,1.1515971419957047,1.370599373393994,0.4059107517783669,
2023,12678,"Higbee, Tyler",TE,15,4.566666666666667,3.7,-5.1,13.7,5.400822982554501,1.1826619669827372,0.5,7.800000000000001,0.9604018453506667,-0.0677611636752207,2.0922464109179146,0.7134499234103423,152.5621753882664,333.16661632323934,0.7264633277947777,1.3838750879755104,0.7301741019558456,1.1225128035614436
2023,15798,"Likely, Isaiah",TE,16,4.40625,0.8,-1.0,17.1,6.125404961102572,1.3901628280516476,0.0,8.225,1.2934313435543343,-0.03970575763950773,1.8434936516822056,0.6183859056507836,132.2339464899846,288.7736518112392,0.8772932021469524,2.054258037419598,0.41379489540044695,
2023,15889,"Okonkwo, Chigoziem",TE,16,4.331250000000001,4.1,-3.0,15.3,5.048108401916504,1.1655084333429155,0.375,6.775,0.7982885672446255,-0.07008042803264732,2.000107657541564,0.7161329976538663,153.1359166276846,334.4195574726138,1.0629289046135975,1.8167014385257199,0.8051373242535923,
2023,14861,"Johnson, Juwan",TE,12,4.133333333333334,2.05,-3.0,17.5,6.094852108314214,1.474560993946987,-0.7,8.0,1.2793887624054263,-0.028294601075309855,1.6703299467840405,0.5825820285231347,124.57774357693636,272.05396875786954,0.5786654778425848,0.8615830363551537,0.8812244516646284,0.5023581395019167
2023,11647,"Thomas, Logan",TE,15,4.053333333333333,3.7,-3.1,9.9,3.714272771650222,0.9163501903742326,1.3,7.0,0.18523631948673852,-0.10376817100210799,2.115131855176105,0.859800340300307,183.85734725258658,401.50928704587824,0.7305753326118697,0.34121454763277154,0.41951025069119763,
2023,15802,"Otton, Cade",TE,16,4.03125,3.6500000000000004,-2.0,12.0,3.700628113915258,0.917985268568126,1.725,6.7749999999999995,0.17896501595840436,-0.10354709826827202,2.1018148919410287,0.8575981554606076,183.38643808471443,400.480911476008,0.7713268093769454,0.3988282628031193,0.6362939465857809,
2023,14137,"Fant, Noah",TE,16,3.825,4.7,-1.3,12.6,4.44107250560042,1.161064707346515,-0.8500000000000001,6.425,0.5192851336416372,-0.07068124740514653,1.769960884094287,0.7029864049896377,150.32468529947744,328.2803658483661,0.5250840447339179,0.7085177707085321,0.8827131773873217,0.9116384121809149
2023,16222,"Kraft, Tucker",TE,16,3.7625,1.0,-1.3,12.9,4.7287518173403855,1.2568111142432918,0.0,6.9,0.6515071591249565,-0.05773573812816295,1.6671754123568134,0.6567748298348816,140.44292877755115,306.7004993096153,1.0627458598780808,2.175505461899068,,
2023,16212,"Mayer, Michael",TE,14,3.664285714285714,3.15,-2.0,13.5,4.336161426696122,1.1833578942250624,0.025,6.025,0.4710663192108474,-0.067667069986866,1.6782799210233357,0.6866894423309178,146.8397874897602,320.67001545488927,0.9524410031307111,1.3535691029007986,,
2023,15419,"Granson, Kylen",TE,14,3.6357142857142857,1.1,-1.2,14.3,5.21790969954953,1.4351814497778668,-0.32499999999999996,5.775,0.8763319669140069,-0.03361896019109713,1.4929952287727593,0.5847164821286618,125.03416928340778,273.0507152177376,0.5645595357081113,0.7224489565524359,0.7020274583910048,0.30459972334375773
2023,13743,"Warner, Fred",LB,16,13.200000000000001,14.55,3.0,27.0,6.482765613532545,0.49111860708579885,7.875,17.65,1.6694166734392506,-0.2846081948480381,8.852414514360945,1.764053650982715,199.3574853946854,587.4828794302088,1.915765735531963,1.7263299714925135,1.550920466746559,1.7018368978893539
2023,13813,"Oluokun, Foyesade",LB,16,13.162500000000001,10.8,6.0,32.1,6.1552695919837666,0.4676368161051294,9.875,14.95,1.502669821658723,-0.294581397933331,8.96849946496378,1.8395533293038029,207.8897803222319,612.6265412408449,1.6269909143657322,4.2387511589748055,2.2083184617533904,1.6402745089755097
2023,14218,"Okereke, Bobby",LB,16,12.76875,11.2,3.5,27.8,6.894990822147626,0.5399894917002546,8.125,16.275,1.8793039735538195,-0.26385171772842175,8.29145268121435,1.617322969417537,182.77530282286472,538.6171528925569,1.5432501335977415,1.240003964731638,1.6682309337898518,1.8816024848183293
2023,14322,"Edwards, T.J.",LB,16,12.10625,12.05,2.0,22.0,5.086190709902647,0.42012933070956304,8.5,15.7,0.9583409560773113,-0.3147588111600993,8.524751751976808,1.989134185411296,224.79406399873008,662.4414615550382,1.8749251960014883,2.430873523189575,2.1548649739519443,1.2290411891537483
2023,14221,"Williams, Quincy",LB,16,11.90625,10.0,3.5,24.7,5.999944661203135,0.5039323599960638,7.875,14.875,1.4235850648784305,-0.2791659285335123,7.916745670683728,1.7009063037297756,192.22113988122663,566.4529150797086,1.475942167896264,1.6370133821038224,2.151971255617456,1.362768201606724
2023,10768,"David, Lavonte",LB,14,11.892857142857142,12.05,1.5,19.6,5.2450608447668285,0.44102613709751115,8.75,15.649999999999999,1.0392307778994807,-0.30588350458264885,8.253047489347779,1.904362093256945,215.21388421557924,634.2098072817016,2.8200824691821382,2.4688395839080384,1.909620294547655,1.2991108724627394
2023,13697,"Edmunds, Tremaine",LB,14,11.621428571428572,11.5,1.0,27.8,6.647467678041936,0.5720009065309595,6.375,15.5,1.7532758623503553,-0.25025580669178094,7.392762003601107,1.5196440260606805,171.7365067449876,506.08712928980617,1.4551969780910672,1.5782558851643644,1.5819128255062285,1.6982772390599035
2023,13837,"Franklin, Zaire",LB,15,11.586666666666668,12.0,3.5,22.5,4.673880139194368,0.40338436184071064,9.0,13.0,0.7484101932658981,-0.32187074633248236,8.256231850459937,2.042106350930398,230.78050194403644,680.0827846018058,2.0006396370357282,1.9919519718932668,3.430831109725808,0.6950858767828947
2023,15869,"Bernard, Terrel",LB,16,11.51875,11.5,4.0,27.1,5.924126386016761,0.5143028875543579,6.375,13.6,1.3849816686143495,-0.2747613506405553,7.60663543249469,1.66356726579429,188.00141747894688,554.0178933278063,1.6874824631410135,1.6521674854368675,0.39730894395515226,
2023,14928,"Wilson, Logan",LB,16,11.112499999999999,10.25,3.5,24.4,5.6134743029606895,0.5051495435735154,6.725,13.55,1.2268110239644037,-0.2786489654526297,7.3829873233836825,1.6802817234846148,189.89033522984565,559.5843100445293,1.6439064896590976,2.010677674510338,1.7673017540888913,1.288319952898569
2023,10775,"Wagner, Bobby",LB,16,10.91875,10.5,3.0,21.0,4.38822554542266,0.40189816100035813,8.375,13.5,0.602967192209523,-0.32250196661796104,7.788547202464881,2.026409233977884,229.00655489777955,674.8551729240779,3.405843739178016,3.5373706141015004,1.6755347961236917,1.6137047511341918
2023,15404,"Jones, Ernest",LB,15,10.853333333333332,10.8,2.5,18.5,3.9710396063947226,0.3658820276162214,8.5,13.0,0.3905541020869903,-0.3377987645871912,7.946025435501847,2.183312585031842,246.7383611264004,727.1087041123599,2.083992151147693,3.991984251233995,1.6111219575741271,0.6946189800793152
2023,13696,"Smith, Roquan",LB,16,10.850000000000001,10.2,3.5,21.5,5.527996924745889,0.509492804124045,6.375,15.875,1.1832896289612935,-0.2768042927205357,7.187844798171284,1.6620718614113552,187.83242031876188,553.5198787281315,1.578114316938399,1.6895676602655028,1.5531617223147012,1.4143081563421953
2023,14412,"Singleton, Alex",LB,16,10.80625,10.5,3.5,19.7,3.9775100172721123,0.3680749582206697,8.375,13.899999999999999,0.39384855628655224,-0.33686738153007595,7.898872744556851,2.171015218955257,245.34862336154268,723.0133116462324,2.469835082074379,2.059338782838003,1.2256689380430175,1.2194062384300666
2023,15351,"Owusu-Koramoah, Jeremiah",LB,16,10.80625,9.5,2.5,24.7,6.584116184994004,0.6092877903985198,5.5,14.024999999999999,1.7210200139544527,-0.23441929466699388,6.714926978551158,1.4248529078947048,161.02406670962236,474.51883826105313,1.5553833448845258,1.7782240568444905,1.1834578256935557,1.7082998233660611
2023,13987,"Spillane, Robert",LB,16,10.7375,9.05,0.5,27.7,6.313663259154704,0.5880012348456068,6.5,13.75,1.5833170466778905,-0.24346013578896508,6.761644616129001,1.4681425189435118,165.9162693915513,488.93557968736945,2.143970941494051,2.3958703517605273,1.271284985550852,0.7304488228597712
2023,12287,"Hicks, Jordan",LB,13,10.653846153846153,9.0,0.0,34.2,8.61542582407727,0.8086681278917294,5.2,11.5,2.755275287367368,-0.14973833491094554,5.89043727235067,1.1079952514602787,125.21566282143515,368.99571640594104,1.059016998595519,1.0291602875726358,1.7005840049219276,1.2966821320793307
2023,14896,"Queen, Patrick",LB,16,10.1875,9.55,4.5,17.7,3.674723629063824,0.36070906788356555,7.5,12.075,0.23968278426599451,-0.3399958277502306,7.486905349903741,2.1792732166372333,246.28186802298296,725.7634730451404,1.8817384430022157,1.8716721587959655,2.0738916256157633,1.3484872043189808
2023,11728,"Mosley, C.J.",LB,16,10.05,9.5,2.5,17.5,5.009116688598899,0.49841957100486556,6.0,14.075,0.9190981880409642,-0.2815073242226591,6.707066695118177,1.672458785676083,189.00625712426248,556.9790366579747,1.4516953346286825,1.1668303214879023,2.2902560152048155,2.145181716888934
2023,10816,"Davis, Demario",LB,16,9.625,10.0,3.0,17.3,5.234202422528193,0.5438132387042278,3.875,13.9,1.033702137536054,-0.26222769316194816,6.234562419012919,1.5439023868103272,174.47796860254087,514.165892435995,1.5963984811364345,1.5716739226489542,1.7823979667516407,1.3383170750941313
2023,14251,"Cashman, Blake",LB,13,9.538461538461538,5.0,0.0,24.1,8.189537270814462,0.8585805203273227,3.5,12.0,2.5384312013534576,-0.12853950784350457,5.132121763969461,1.0379697320294072,117.30200812084351,345.67511401614024,1.1841293008213818,0.8530045690432845,0.751173136230674,
2023,14892,"Brooks, Jordyn",LB,15,9.373333333333333,8.5,0.0,25.3,6.839733588054111,0.7297013074026435,4.5,14.7,1.8511693727741856,-0.18327717947292305,5.4190473772656915,1.1956188597551405,135.11809532463099,398.17701124833616,1.0192386339361674,0.8009113851291797,2.142366744798874,2.2806965250118023
2023,12239,"Kendricks, Eric",LB,14,9.328571428571431,8.8,4.0,17.2,3.685963446727632,0.3951262500320584,6.25,12.225,0.24540561473325864,-0.3253781374951302,6.686542833207439,1.9907478013055973,224.97642036124864,662.9788441405113,1.9832440562968674,2.069511667002567,1.823218726717621,1.6265522611836838
2023,14260,"Holcomb, Cole",LB,8,9.3125,9.25,2.0,14.5,4.022883760438524,0.4319875178994388,7.0,13.125,0.41695090968528037,-0.3097223934028079,6.503199143565419,1.8540146346502293,209.52406705029273,617.4425905149162,1.9502533005850895,1.5022111099563864,,1.6918922838757664
2023,13952,"Luvu, Frankie",LB,16,9.29375,8.75,1.5,22.2,5.609419393974745,0.6035690000241825,5.6,10.75,1.2247464391658915,-0.23684818341114613,5.795665792903109,1.4061371273356225,158.90897743930518,468.2859208849244,1.4782273546588374,1.6093933281746353,1.4828214451561532,0.9859868721418829
2023,15846,"Walker, Quay",LB,13,9.246153846153847,8.5,2.3,24.1,5.974640688857091,0.6461757816567569,4.5,11.5,1.410701373326117,-0.21875220059696487,5.616747585029018,1.3256817460038905,149.81663350757194,441.4918610420787,1.5694738385822142,1.5815379370680671,1.5087060727737744,
2023,13762,"White, Kyzir",LB,11,9.20909090909091,8.5,4.0,22.0,4.547017912965205,0.4937531790978998,6.5,10.2,0.6838174182650233,-0.2834892375359174,6.165068659236208,1.660187699694684,187.61948929951356,552.8923962533181,1.687123862138779,2.8141237832226307,2.0972368699230275,1.437778224515946
2023,13426,"Morrow, Nicholas",LB,14,9.142857142857142,9.0,0.0,28.0,6.429365030380337,0.7032118001978495,5.0,11.375,1.642227399255812,-0.19452782194735016,5.368009511086692,1.2306377604909642,139.07561667784537,409.83935758757684,1.3767624820428053,3.2577540619327725,1.8790505332438676,
2023,15890,"McFadden, Micah",LB,15,9.046666666666665,7.5,2.0,20.8,5.229132071598711,0.5780175466026579,5.55,10.75,1.031120533488117,-0.24770041501081605,5.732931605319216,1.4523157580675332,164.127671154519,483.6647926870457,1.4937169736086502,1.6129101812795599,0.7491434633377708,
2023,13268,"Anzalone, Alex",LB,15,9.026666666666667,8.5,3.0,18.0,4.730252518511975,0.5240309289341183,4.5,11.7,0.7771125779059772,-0.27062964993755734,5.922889421266382,1.5752650755800726,178.02229774744498,524.6106103134017,1.525267898374596,1.8849717329186846,1.6663742138336886,1.354012863182383
2023,15822,"Lloyd, Devin",LB,14,9.014285714285714,8.25,4.0,14.5,3.45519425603522,0.38330205692942215,6.125,11.75,0.12790789413829715,-0.3304001172593394,6.516498453197656,2.0233204651120498,228.65749000753937,673.8265200675257,2.236297616677495,1.9365312655559626,1.262868563943532,
2023,14590,"Al-Shaair, Azeez",LB,16,8.975,9.0,0.0,17.0,4.874615369441983,0.5431326316927001,6.5,11.25,0.8506159163367774,-0.2625167610594023,5.816091122481871,1.5277595954086294,172.65365543649818,508.7898577732015,1.5853501821663774,2.260665777257444,0.8496160425676822,1.3035006890967784
2023,14168,"White, Devin",LB,13,8.76923076923077,7.0,2.5,18.9,4.880634355898456,0.5565635669007011,5.0,11.5,0.8536805246876822,-0.25681236463729495,5.6337119509300395,1.4912049004432597,168.5225724257257,496.6160458015617,1.5091086204776,1.643747978773099,1.4775541389300695,1.2831461095351326
2023,15373,"Davis, Jamin",LB,13,8.73846153846154,9.5,2.5,14.5,3.863147075305804,0.4420854927726712,6.5,11.9,0.33561987783403935,-0.3054335742814795,6.059600198640277,1.796873794509299,203.0665229741873,598.4129735413313,1.6729966675643564,4.572800444192939,1.8491757194839809,1.1113528849163226
2023,14217,"Barton, Cody",LB,13,8.661538461538461,8.5,0.0,25.3,6.080174397997082,0.701973953587585,6.5,9.5,1.4644345871605764,-0.19505356104632995,5.089113404632799,1.2233510044595417,138.25213301662018,407.41264884622944,1.1218357034292477,1.5030192907182078,1.6044005463333968,0.4036763605692701
2023,16013,"Landman, Nate",LB,15,8.633333333333333,7.0,0.0,25.0,6.227537412350265,0.7213363798089111,5.5,11.25,1.5394654794324143,-0.1868299375123222,5.01548299019378,1.19450551976125,134.99227564706752,397.8062355720798,1.4921685874598523,1.656245274760705,,
2023,14889,"Murray, Kenneth",LB,15,8.606666666666666,7.5,2.5,19.5,4.295806740945822,0.49912549275125745,5.75,11.15,0.5559115222842699,-0.2812075046328806,5.741124881327549,1.6251851866349507,183.66381993413128,541.2355075027009,1.9303590574139857,1.6748381339937417,1.2930840618914519,0.5303728543067611
2023,14303,"Elliss, Kaden",LB,16,8.60625,8.25,2.5,18.6,3.935966963466538,0.45733820926263336,6.125,10.975,0.3726966247221049,-0.2989554296083575,5.905458283670807,1.7435793358624538,197.0436623568884,580.6643171974151,1.8754652933131821,1.4914148722243745,0.9858204144331429,0.6136726594217718
2023,14210,"Pratt, Germaine",LB,16,8.537500000000001,7.4,0.5,20.9,5.944101593176213,0.6962344472241536,4.25,11.1,1.395152182722431,-0.1974912483002091,5.033207534472261,1.2294606991910342,138.94259579110607,409.44736080144526,1.3587748637560029,1.3523774363410905,2.007660769544659,1.1462009655813161
2023,15355,"Bolton, Nick",LB,8,8.4,6.25,4.5,15.0,3.759321747336878,0.4475383032543902,5.5,11.8,0.28275649802250624,-0.3031176527078412,5.802955252455095,1.76495737122633,199.45961573248266,587.7838454300935,1.9349951632442277,1.6791718206259891,1.9646154842095398,1.1745861926038819
2023,13702,"Jewell, Josey",LB,15,8.08,8.0,3.0,19.7,4.41243696838833,0.5460936842064765,4.25,10.75,0.6152946047306271,-0.26125914071475226,5.226073997027555,1.492858031824063,168.709394473298,497.1665882315664,1.7053685944112482,1.4265571663873888,1.8629808946095754,
2023,14257,"Speed, E.J.",LB,15,8.053333333333333,7.0,2.0,16.0,4.345091739218198,0.5395395371545776,4.75,12.0,0.5810053181205145,-0.26404282274536367,5.231001308493669,1.5066782248551747,170.27122845086254,501.76912783781694,1.3773259762244676,2.114599906759878,0.9114614875478956,0.7011443883541539
2023,14247,"Greenlaw, Dre",LB,15,7.953333333333334,7.5,2.1,13.5,3.221152312794634,0.4050065774678919,6.5,9.8,0.008743829074527023,-0.32118175774931457,5.660708968115196,1.8841616563387618,212.93101243010972,627.4824547208362,1.9267450530281012,1.9130505570980696,1.2610648146982057,
2023,13706,"Baker, Jerome",LB,12,7.8999999999999995,4.75,2.0,27.8,7.480530284233421,0.9469025676244837,4.0,6.7,2.177435417820929,-0.09102730465046197,4.057727454558344,0.9315455207662292,105.27490048116333,310.2326533862433,0.935227058613187,0.947636507031726,1.3395450299692897,1.6274530257847477
2023,14200,"Tavai, Jahlani",LB,16,7.88125,7.9,2.5,14.3,3.32607477930067,0.4220237626392603,5.25,10.25,0.062165824517984455,-0.31395420667393864,5.542277286121076,1.8218016104830346,205.88364064299344,606.7146853957289,2.355218203170756,3.7461576977267708,1.106557304932125,0.5292847119961209
2023,12831,"Roberts, Elandon",LB,15,7.613333333333333,8.5,-1.0,17.0,4.610837475147245,0.6056266385920199,4.0,10.75,0.7163115872797812,-0.2359742616847298,4.741658583847048,1.356897854742003,153.3443974950053,451.88776336390237,1.4178628774884459,1.2062248678028542,1.6157785026676312,0.8852872675573165
2023,13775,"Bentley, Ja'Whaun",LB,15,7.573333333333333,6.5,2.5,17.3,3.607855626576848,0.4763893873120838,5.25,8.75,0.20563648090381773,-0.2908639996208555,5.129631382085015,1.643570013273077,185.74150776746464,547.3582072772655,1.4693321891312072,1.953914100815226,1.5286860487661038,1.1254756934046
2023,15823,"Harris, Christian",LB,15,7.453333333333333,9.0,0.5,14.5,4.564773330139795,0.6124472267629422,3.0,11.75,0.6928577110353336,-0.23307741659119535,4.622373501361793,1.339377705281321,151.36442770311442,446.05302707485856,1.7473100483206438,1.9986896171705895,1.1380512557388156,
2023,15283,"Moore, Rondale",XX,16,4.456250000000001,3.95,-2.0,13.8,4.579979359942575,1.0277653542648133,0.925,6.025,,,2.19761620378195,0.7986140651326461,100.0,100.0,0.8145684093646048,1.3547946267086568,0.8439261185222376,0.6529642578738704
2023,14909,"Winfield, Antoine",S,16,14.8125,13.55,3.0,31.3,8.010842262209387,0.5408163552546421,7.875,20.3,1.56205184984483,-0.8100567107539408,9.613410416812469,1.6438529905381,191.97566292674077,321.14207111818286,1.7421339659466455,1.8254806860621302,1.3217900681768733,1.7997514620973782
2023,13737,"Bates, Jessie",S,16,14.375,12.0,3.0,44.3,10.878677539112923,0.7567775679382903,5.875,18.025,2.8499347913424935,-0.5149902875885854,8.182595373681904,1.2101515469771307,141.32629061720894,236.41443389405163,1.2602156484990577,2.587277906568503,1.1284172184596648,1.070812248954383
2023,15834,"Hamilton, Kyle",S,15,12.233333333333333,9.0,-2.5,30.7,9.921603813004339,0.8110302844417716,5.5,14.75,2.4201336324203826,-0.44086514813988315,6.754902686292798,1.120104111336388,130.81019443860487,218.82282433589805,1.1731611096033716,1.4619844031829796,1.0988572254278364,
2023,15366,"Holland, Jevon",S,11,12.181818181818182,8.0,2.5,34.9,10.13031617399595,0.8315931187608616,5.25,14.25,2.5138618502038756,-0.41277027917115044,6.650941225450562,1.0944718902306552,127.81676213816107,213.81532997926476,1.0338019860167573,0.9705897441091971,1.0368563657944363,1.4507335774935501
2023,15418,"Bynum, Camryn",S,16,11.325,8.75,6.0,28.0,5.758960409657284,0.5085174754664269,7.375,13.3,0.5507803003500573,-0.8541864635596772,7.5073707691045195,1.6755535339160594,195.67777793650788,327.3350690410915,1.4184626787274437,1.775458490824689,1.0052919273766212,0.46996400336814875
2023,16244,"Branch, Brian",S,14,11.200000000000001,9.75,2.0,26.8,7.849385781247928,0.7008380161828507,4.125,16.25,1.489545228108515,-0.5914201392496314,6.584989219100293,1.2656245616202069,147.80464897525368,247.25160663163032,1.1948671718873216,1.3261954378592062,,
2023,14995,"Metellus, Josh",S,16,10.95,10.0,3.5,23.0,5.693746569702589,0.5199768556806018,6.925,11.875,0.5214941719926804,-0.838529585690402,7.204057061182623,1.6358551800515089,191.0416469417571,319.579623965756,1.6482546290785207,1.8110946346376018,0.5471266869408159,-0.04489411367792064
2023,16018,"Blankenship, Reed",S,14,10.9,9.25,3.0,20.6,6.242252340759246,0.5726837009870868,5.125,18.0,0.7678162782677727,-0.7665165601676399,6.930827853788191,1.5050566435879382,175.76647580907456,294.026905358365,1.457566786561862,1.864812064032093,0.676610023443758,
2023,14179,"Love, Julian",S,16,10.69375,9.5,1.0,27.5,7.22369960183146,0.6755066839819016,5.0,13.625,1.2085630658166253,-0.6260301763653999,6.382397696311136,1.300357566273268,151.860906823181,254.03702425391435,1.143021578471628,1.5500754832074495,1.4422106610242358,1.0061065025652098
2023,14182,"Hooker, Amani",S,13,10.607692307692307,9.5,3.0,32.5,7.617839542149784,0.7181429590133952,6.5,10.5,1.3855628083705107,-0.5677765065776412,6.173928806124222,1.230899259125233,143.74929061585317,240.46769369803468,1.4650857413059033,1.5062171662171018,1.3621749204232572,1.0621914695487662
2023,14933,"Blackmon, Julian",S,15,10.38,8.0,0.5,22.5,6.322046082295404,0.6090603162134299,6.0,15.0,0.8036499258242837,-0.7168154235222252,6.450970106842887,1.417636529917325,165.5572086959896,276.9485677435289,1.3225222359115032,1.2306515637468793,0.7772612438753264,1.0899088344611318
2023,15871,"Joseph, Kerby",S,14,10.221428571428572,9.25,3.5,27.8,6.560398351518926,0.6418279309662122,4.875,11.75,0.910688786832952,-0.6720452411333768,6.225639349071911,1.3519695783457004,157.8883620090275,264.11991399339894,1.375620658847369,1.260600205731438,0.8527525397165806,
2023,14518,"Thompson, Jalen",S,14,10.157142857142857,7.25,1.0,24.5,8.060903377742852,0.7936191792433188,3.625,16.325000000000003,1.5845332166259465,-0.4646538297759174,5.662931671720799,1.1209856714831328,130.91314652407434,218.99504536355101,1.2194410458766598,1.1880566593151738,1.6308660974395897,1.395373036359534
2023,15448,"Pinnock, Jason",S,16,10.05625,7.0,1.0,40.3,9.344715669162973,0.9292445662312465,4.75,10.975000000000001,2.1610656149547003,-0.27934973126834767,5.212532499000243,0.9721146836328356,113.52740294017616,189.91170418715754,1.4925798580512932,1.3326328143366009,0.7208991907131626,0.287837117250913
2023,14982,"Gilman, Alohi",S,13,10.015384615384617,9.5,1.5,26.2,7.1551859787522325,0.7144194909660446,4.0,11.5,1.1777950760598324,-0.5728638571479107,5.841851815241046,1.2281000876594357,143.42239228559788,239.92084934691857,1.1495841225345116,0.9532355361154702,0.7496131892564869,0.7352908901395176
2023,12767,"Simmons, Justin",S,14,9.842857142857143,7.25,1.5,23.1,7.069624589519213,0.7182492326071769,3.75,16.625,1.139371302375374,-0.567631305646398,5.728422254507358,1.2197416414687985,142.44625983475152,238.28794863350842,1.2491192995480493,1.2621204730227362,1.1236203091951207,1.211030651644934
2023,15835,"Brisker, Jaquan",S,14,9.814285714285713,8.75,1.5,29.0,6.524224873813106,0.6647681821934752,5.35,12.75,0.8944440585366067,-0.6407021226537699,5.895286694724396,1.3043583729724517,152.3281368752224,254.8186192973366,1.4578152103407567,1.4122938664750588,1.6673882562875502,
2023,14921,"Dugger, Kyle",S,16,9.625,8.75,2.0,24.0,6.672003072541259,0.6931951244198711,3.5,13.125,0.960808058868151,-0.6018625733660107,5.684519085358076,1.2545615413592155,146.5126656526571,245.0903420539054,1.3096177717285329,1.5606299461655142,1.2154529731527837,1.4023151326486998
2023,13714,"James, Derwin",S,15,9.379999999999999,9.0,-4.0,20.6,5.707094999501352,0.6084323027186943,5.75,12.8,0.527488663786563,-0.7176734743420391,5.831765492489309,1.3985190310704363,163.32459146333105,273.21378536966245,1.9129743259117609,1.8487127863083113,1.7734219787284051,1.5884508507016675
2023,13760,"Whitehead, Jordan",S,16,9.375,7.25,2.0,31.5,7.102684351708162,0.757619664182204,5.275,11.625,1.1542177282199881,-0.5138397368782754,5.333918475680036,1.157023967991992,135.12184152469843,226.03546396974141,1.4761388981390187,1.8296545542617,1.391394690911418,1.2991048231025113
2023,14991,"Fuller, Jordan",S,16,9.3625,7.0,3.5,18.5,5.12370410445412,0.5472581152955001,5.375,13.85,0.2655004010689008,-0.8012553752246308,6.051026591779693,1.5288949041790114,178.5504022954045,298.68393273376694,1.569554572502268,1.4388094349537288,,1.497871867986394
2023,13231,"Peppers, Jabrill",S,14,9.314285714285715,8.5,2.5,17.7,5.004691676368306,0.5373135235364744,6.0,13.725,0.21205448763295506,-0.8148426073192834,6.0588068547389735,1.5511680226550921,181.15154528659846,303.0351949444636,1.5440032251077576,1.510635321517482,0.8052423895499432,
2023,15003,"Stone, Geno",S,16,9.225,6.75,-0.1,23.4,7.099427793843669,0.7695856687093409,2.0,15.15,1.152755278352153,-0.49749066145159315,5.21308471419093,1.138969348799167,133.01335158771334,222.508325086759,1.2438357821123829,0.938831553219772,0.582004958869371,0.47050885282874183
2023,14908,"McKinney, Xavier",S,16,9.16875,7.75,2.5,21.3,5.119780116128036,0.5583945593595676,6.25,10.05,0.2637382225823956,-0.7860397229510951,5.883458681842394,1.4982155937002908,174.96755090833506,292.6904422182987,1.541956798406709,1.389056308158762,1.4557409006269415,0.9172118001317499
2023,13288,"Jenkins, Rayshawn",S,16,8.90625,8.25,2.0,21.8,5.529858582052529,0.6208964021953717,5.375,11.0,0.447895613068896,-0.7006438549726215,5.494644807612141,1.363926934723983,159.2847894455349,266.4558955042291,1.2625052573101487,1.4138951736852237,1.0152304559859315,0.985920678982317
2023,13717,"Reid, Justin",S,16,8.86875,8.5,3.0,19.3,4.456556791683463,0.5025011181602212,5.375,10.375,-0.03410106157543938,-0.8624065740543673,5.902657836860437,1.6253381644478044,189.8134282055603,317.52502650941636,2.035887607714579,2.1829277663488975,1.4286766681163041,1.0584414909579536
2023,15452,"Hufanga, Talanoa",S,10,8.49,8.0,0.2,20.2,6.445998758920141,0.7592460257856468,3.75,11.399999999999999,0.8593143982797377,-0.5116176494249867,4.825931038388177,1.1402096985080972,133.15820453928714,222.75063901429962,1.1402096985080972,1.2817541905241239,1.4174705445627844,0.6855871056766271
2023,15001,"Curl, Kamren",S,16,8.375,7.25,2.0,17.5,4.321096504360901,0.515951821416227,5.5,10.375,-0.09493335368723181,-0.8440289642535648,5.524581904044905,1.5739237191312494,183.80904564795378,307.48073328527215,1.5251490136703434,2.5828754440515507,1.7286693364941241,1.853661251957576
2023,14907,"Delpit, Grant",S,13,8.338461538461537,8.5,2.0,18.1,4.484595593042487,0.5378205047006673,4.5,10.6,-0.021509440898634657,-0.8141499221983226,5.422259303327859,1.5203420921388147,177.55157103083556,297.01306083203184,1.938139768113352,2.1679528015928886,1.3529545378644972,1.114248983549528
2023,15094,"Locke, P.J.",S,11,8.200000000000001,7.5,0.0,18.2,6.385067807712844,0.7786668058186395,2.25,13.7,0.8319516228438235,-0.48508316192046186,4.6101945418753765,1.1103486404601532,129.67091191187805,216.91700177149607,1.2669237147118435,2.0645035704047445,0.459342061486409,0.17697443431266854
2023,15381,"Grant, Richie",S,16,8.03125,7.25,0.5,17.1,4.3892936148656085,0.5465268314229551,5.0,11.125,-0.06430750289803468,-0.8022545237009195,5.193088045301141,1.4902231301421258,174.0341593588302,291.1290396383968,1.5510603428586818,1.175062871767079,1.4090705650034432,0.7635299681373969
2023,15850,"Pitre, Jalen",S,14,7.928571428571429,8.0,0.0,22.8,5.176240854882537,0.6528592069221217,5.25,9.75,0.28909352206277245,-0.6569732793731498,4.796882514473601,1.283721217300587,149.9180480997464,250.78695773599372,1.655882803291657,1.8990712976620066,1.1454116393145193,
2023,15365,"Moehrig, Trevon",S,16,7.7375,7.25,0.5,22.4,5.36107207095745,0.6928687652287496,3.5,8.9,0.3720972329649434,-0.6023084758407871,4.5706437255663275,1.2163830111793363,142.05402568725987,237.63180876364993,1.4662784574625216,1.1385280659746673,0.8410452169093787,0.7680416864690968
2023,15402,"Molden, Elijah",S,14,7.700000000000001,6.0,0.0,28.6,6.6210702630746505,0.8598792549447597,4.25,7.15,0.9379352331508312,-0.37412311227837586,4.1400537048458546,1.010356778536445,117.99346624576685,197.38265544127367,0.9637327654184311,1.0206266303367357,,1.029499355830441
2023,12752,"Byard, Kevin",S,15,7.64,6.5,1.5,22.0,4.766662004659724,0.623908639353367,4.5,9.5,0.10516049820732665,-0.6965282546160081,4.7046981676519755,1.324856562397195,154.72199662196587,258.82313250133063,1.2674333357403704,1.4857431261455438,1.1273188077471143,1.2358363916141444
2023,16014,"Adams, Tony",S,14,7.5857142857142845,5.3,2.5,24.8,5.913888875575281,0.7796087029948582,4.125,9.625,0.620355331390064,-0.48379625383487185,4.262574279923716,1.0971704090461105,128.13190585326163,214.342510892847,1.3465735763894313,1.4902400508908777,0.3716107764822293,
2023,13339,"Ford, Rudy",S,13,7.56923076923077,5.5,-0.5,20.7,6.391867984506637,0.8444541036441694,3.0,10.0,0.8350054355095737,-0.39519839780993476,4.103778323502822,1.0239943117349886,119.58611138590123,200.0468752234147,1.057259583711419,0.9620119577641154,0.533243147889989,0.645637397959553
2023,11313,"Mathieu, Tyrann",S,16,7.362500000000001,4.25,-0.5,27.7,7.030724980398537,0.954937179001499,3.75,9.5,1.1219023272843296,-0.24424607882222055,3.7661056728996583,0.9167914500833305,107.06653661146599,179.10379258842798,0.8274267367021511,1.1110298336234283,1.3169379793173819,0.890960820266811
2023,12736,"Neal, Keanu",S,9,7.144444444444444,5.0,3.0,20.8,5.244067783084068,0.7340063771035243,4.0,9.0,0.31955313196730484,-0.5461024199355754,4.120195022799448,1.1441971312034127,133.62387272218737,223.52962132086148,1.0356074017726546,1.2065744027409364,0.9355577423604589,1.3708563950207606
2023,13253,"Williams, Marcus",S,10,7.090000000000001,5.25,0.6,21.3,5.944484838907406,0.8384322762915946,4.125,7.5,0.6340953183312518,-0.4034259819939816,3.8565467389974457,1.0209540613116939,119.23105890016512,199.45293384101944,1.020954061311694,1.1889380555935094,1.2420092176588442,1.1111940891780228
2023,13953,"Thomas, Tavierre",S,9,6.955555555555556,5.0,1.0,18.0,5.738585019383381,0.8250361848953742,4.0,7.2,0.5416301522326066,-0.4217289759601672,3.811187752397525,1.0321982338351545,120.54419790144976,201.64958820912827,0.9450529223331504,1.0869403884553452,0.9643943647966128,0.9376432343370938
2023,13325,"Woods, Xavier",S,13,6.869230769230769,6.0,0.4,16.8,5.330375165810004,0.7759784675871227,1.5,11.2,0.35831191523258993,-0.48875622124613943,3.8678570121198788,1.0851222225076158,126.72487091090012,211.98878485988595,1.2062097720250737,1.829947810524763,1.6835407605751183,1.2987856407101728
2023,10783,"Smith, Harrison",S,16,6.8,4.5,1.5,29.5,6.691879407162086,0.984099912817954,3.5,6.375,0.9697340918602905,-0.2044012221925733,3.4272467611483215,0.884049221269429,103.24276945076008,172.7072916635613,1.1550621415349378,0.9949289425799008,1.308626825139638,1.9356483984922979
2023,14283,"Wilson, Donovan",S,14,6.778571428571429,5.5,0.0,18.5,5.033626720286644,0.7425792843415491,4.5,8.6,0.22504859150427262,-0.5343893116259003,3.88996442772059,1.1234654947711773,131.202750109312,219.47950205847056,1.2492929055224324,1.7483899571637405,1.495068584609046,0.9233676600966412
2023,11317,"Poyer, Jordan",S,15,6.76,5.5,1.0,17.8,4.587199581443999,0.6785798197402365,3.25,8.75,0.024567796331882944,-0.6218313706407732,4.027213910534277,1.2099084526085415,141.2979010940385,236.3669431333478,1.5074725262338429,1.862733059924738,1.2179797961399865,1.3815860232159844
2023,9861,"Jackson, Kareem",S,9,6.733333333333333,6.0,0.5,15.8,4.382287581211946,0.6508347892889028,4.5,8.0,-0.06745376143763006,-0.6597392282331508,4.078744509760251,1.2510170130703362,146.0987216005205,244.39788526952162,1.3008937595381254,1.4146512478360451,1.1794693783164807,1.2399217167711847
2023,13251,"Baker, Budda",S,11,6.681818181818182,7.0,3.5,11.0,2.1560984046602587,0.3226813938947326,4.75,7.75,-1.0671872845301023,-1.108093112827983,5.051721610858286,2.1171133865635765,247.2448863834091,413.5979200491036,2.2571807090964016,2.326181583117643,1.5990521089854277,1.2237474823877332
2023,12750,"Bradberry, James",S,15,6.533333333333333,4.0,1.0,29.8,7.015665011640419,1.073826277291901,2.9,7.0,1.1151392202749166,-0.08180866448295843,3.1503763863310983,0.8150706552538772,95.18717931296024,159.2316830291509,0.6464293537551571,0.9916006021268758,1.1798574401439204,1.8069032632407587
2023,15698,"Purdy, Brock",QB,16,39.2125,45.45,-9.2,65.8,22.353016435148074,0.5700482355154115,28.150000000000002,54.900000000000006,0.7702202167079809,-0.4067077389145869,24.97534732563641,1.6791192739016871,173.06394891667122,286.60489461257004,1.774968136008568,1.5274872234632917,1.0178494527293005,
2023,12620,"Prescott, Dak",QB,16,35.475,33.75,-15.1,80.2,24.517990843460236,0.6911343437198093,24.625,51.125,1.2430638805382757,-0.3077834020822105,20.97704427311753,1.3901956551995376,143.2850861729301,237.28920597968482,1.7002721080421515,1.3811736585618586,1.5182809993574584,1.34341057883687
2023,13593,"Jackson, Lamar",QB,16,33.98125,32.45,-1.2,80.9,22.699648090609248,0.6680050937093028,14.675,47.125,0.8459266921926505,-0.3266794237039252,20.37238982552064,1.433829307088519,147.78233197251862,244.73693074562385,1.526381228608347,1.6005074054072805,1.2326977652274804,0.996174959112164
2023,14778,"Tagovailoa, Tua",QB,16,33.8875,33.5,7.9,70.8,17.984780892465718,0.53072020339257,19.725,41.7,-0.18382916629877824,-0.43883776236952515,22.13827185719138,1.7849824125938984,183.9750813844771,304.67442319211847,1.7334266492935337,1.8122047955595417,1.477745639056512,0.9252088344710725
2023,10700,"Cousins, Kirk",QB,8,33.5,36.4,3.0,58.2,19.302266706270537,0.576187065858822,23.55,47.6,0.10391780052545242,-0.4016924673061937,21.25382242097435,1.6500620588169708,170.06907150370637,281.6451873442837,1.2351584514442517,1.2843640155140763,0.9846751122207877,1.505894307726411
2023,16150,"Stroud, C.J.",QB,14,32.59285714285714,32.6,-15.4,88.6,23.953808652896765,0.7349404364246214,18.349999999999998,47.725,1.119843036435176,-0.271994914581018,18.786153379435177,1.3061275573688267,134.62033125371062,222.93982133885265,1.1589453995521242,1.0079199458001071,,
2023,13589,"Allen, Josh",QB,16,32.34375,33.55,-8.9,74.4,21.713416611337333,0.6713326875002847,17.525,51.5,0.6305276998289199,-0.3239608623932854,19.352071698169603,1.4239931646327357,146.7685376090311,243.05802287067374,1.6277426299961304,1.3951083401475717,1.9923245973430226,1.4178244525579438
2023,13116,"Mahomes, Patrick",QB,16,30.59375,27.5,-3.6,77.3,19.881255894371964,0.6498469750969386,16.025,42.425000000000004,0.2303725835329994,-0.3415141546940366,18.543386424187876,1.4651297869610325,151.00841884670285,250.07953557103292,1.171244495635119,3.2057830081405325,3.003060886702958,1.4136355209846168
2023,14783,"Hurts, Jalen",QB,16,30.1625,30.15,7.6,55.7,14.350430089373628,0.4757705790094862,19.875,40.25,-0.9775936296479705,-0.48373023791353076,20.438474942524326,1.9649286583103664,202.521832863339,335.38902196487703,2.0998147630342143,2.3562413218980423,2.5700347893577176,1.5749960644371557
2023,12611,"Goff, Jared",QB,16,29.96875,33.0,-22.6,57.7,21.495223851765303,0.71725460193586,19.075,46.125,0.5828730654548744,-0.2864438011962734,17.451547351345717,1.3322272406570523,137.31038092769182,227.39471450487642,0.98006754071734,0.8767045504689644,1.5803962843220871,1.3128210244780494
2023,9431,"Stafford, Matthew",QB,15,29.839999999999993,28.5,5.6,57.7,15.349953311546802,0.5144086230411128,17.9,41.2,-0.7592916392681933,-0.45216391755680796,19.704061074399934,1.8250816642348535,188.10804260137832,311.5188695451724,2.1045861110549064,3.2556246144787484,0.9005190484648028,1.645743481418962
2023,14782,"Love, Jordan",QB,16,27.881249999999998,31.049999999999997,-8.1,57.9,18.871182353988843,0.676841330786419,17.725,41.925,0.00976633907159716,-0.3194604379266978,16.627244026078493,1.4030997000238012,144.61508398130232,239.49176684859813,1.7583204709152966,2.027004415343329,,
2023,14779,"Herbert, Justin",QB,13,27.86923076923077,24.3,-12.2,75.4,24.5894093718096,0.8823138885827347,6.8,46.1,1.258662124323711,-0.1515944719734339,14.80583601825016,1.0890923805350787,112.25088714066803,185.8946006982022,0.9224344407667107,0.8598366818307137,1.6777563992582023,1.722606284535652
2023,13590,"Mayfield, Baker",QB,16,26.80625,26.4,-0.1,66.2,18.59255458342129,0.6935902852290525,11.1,37.099999999999994,-0.05108767166137048,-0.3057769589922164,15.828060797109817,1.3681855464974817,141.01654195021277,233.53235262030086,1.3928912655847399,1.679839513503729,0.5736105192455488,0.6991506399075256
2023,11150,"Smith, Geno",QB,14,24.707142857142856,23.0,-14.6,58.9,21.210794566032856,0.8584883605795317,9.275,40.699999999999996,0.5207519682954792,-0.17105933538633258,13.294214470860844,1.1123934708273644,114.65249062573587,189.8718086496425,1.0882316125854448,1.541186248738347,1.7661421702373394,
2023,15237,"Lawrence, Trevor",QB,15,23.88,26.9,-15.2,55.6,20.526672079678836,0.8595758827336196,8.95,36.5,0.3713354293681129,-0.17017085685251052,12.841637828135223,1.109321492500585,114.3358670788073,189.34745994000448,0.9260652430313143,0.9127560052512437,1.205928353856971,0.5666202871746643
