season,player_id,player_name,position,games_played,mean_score,median_score,min_score,max_score,std_dev,coefficient_variation,floor_score,ceiling_score,std_dev_vs_position,cv_vs_position,value_score,consistency_score_std,consistency_index_vs_avg,consistency_index_vs_replacement,consistency_score_trailing_10,consistency_score_trailing_5,consistency_score_last_season,consistency_score_2seasons_ago
2021,15283,"Moore, Rondale",XX,14,4.514285714285715,1.7999999999999998,-1.0,17.8,5.913526521321042,1.3099584066217496,0.275,6.125,,,1.9542714281542988,0.6529642578738704,100.0,100.0,0.5175016857777026,0.3119525546791,,
2021,13733,"Leonard, Shaquille",LB,15,14.053333333333333,12.0,3.0,29.1,7.747590306382725,0.5512991204731541,10.25,18.6,2.1836347403994214,-0.5177048938164286,9.05907387419068,1.6065376682169537,190.76014341555407,405.6320659939156,1.4352541551344062,1.368792747368364,1.7287992194840203,1.2785457062820937
2021,13813,"Oluokun, Foyesade",LB,16,12.8125,12.4,3.5,27.9,6.811192535085174,0.5316052710310379,7.875,14.125,1.7098264761743847,-0.531869368599116,8.365406049676853,1.6402745089755097,194.766052961785,414.1502256908427,1.7399171586885425,1.8416331827847126,1.7315814776878187,0.9196334436107335
2021,12828,"Grugier-Hill, Kamu",LB,13,11.715384615384615,7.5,1.5,35.8,9.271863654158302,0.7914263132242806,5.0,13.5,2.9549023910189565,-0.3449973905749806,6.539696625477605,1.140531553944638,135.42661781588714,287.97094503939024,1.1622685648598514,1.4666131559492193,0.49226703068748473,0.799553039328416
2021,12779,"Campbell, De'Vondre",LB,16,11.649999999999999,10.9,4.0,24.5,5.5596762495670555,0.4772254291473868,7.375,14.75,1.076571275161867,-0.570981168519769,7.886406346744283,1.776002283766506,210.88235717103555,448.4199093655075,1.7510284977522048,2.177591497706608,1.367882920169816,1.3708823276285111
2021,14260,"Holcomb, Cole",LB,15,11.193333333333333,10.0,4.5,24.2,5.615866411833134,0.5017152839636511,7.0,14.5,1.1050029567248445,-0.5533672463662451,7.4536987489329345,1.6918922838757664,200.8951430774828,427.18311317865255,1.5047138432515095,1.82881763895742,1.3296312783400093,1.823635075072349
2021,13696,"Smith, Roquan",LB,16,11.10625,8.75,3.0,33.1,6.852779431551843,0.6170200951312859,7.3,12.2,1.7308690457247962,-0.4704361721287339,6.868343834093344,1.4143081563421953,167.93482784444177,357.0963512146278,1.8045508606599026,2.857294830831646,1.737968663687516,1.348522038261978
2021,12238,"Perryman, Denzel",LB,14,11.064285714285715,12.0,2.5,20.5,4.153932240808039,0.37543609665146893,9.0,12.649999999999999,0.3652783298444993,-0.6441914587437657,8.044201938004953,2.146765847381619,254.9067905644825,542.0333946138068,1.8751126644486955,1.4134783140473555,0.7965993499500409,1.3112714197503748
2021,14590,"Al-Shaair, Azeez",LB,13,11.007692307692308,9.5,1.5,25.1,7.44471537281638,0.6763193560210548,4.7,15.5,2.0303829376409728,-0.4277861616280503,6.566584265793116,1.3035006890967784,154.77755879222588,329.11875519834706,1.3070453864988176,1.3676340611311975,0.5505432811915099,0.5182133222418769
2021,12231,"Thompson, Shaq",LB,13,10.653846153846153,9.5,2.0,27.4,7.192476345204853,0.6751060829434159,4.5,12.0,1.9027524161833858,-0.4286587881789559,6.360102361472968,1.3004427116938786,154.41445482057352,328.3466514897066,1.431517904152878,1.8400689107811206,1.185078647731463,1.7329474241828835
2021,10775,"Wagner, Bobby",LB,16,10.49375,10.0,0.0,22.9,5.5028934150590265,0.5243972283558334,7.875,14.625,1.0478397071459093,-0.5370536338188516,6.883868459481672,1.6137047511341918,191.61116221966395,407.44167102738834,1.6727683141154563,1.4071887598179316,2.085267189207548,2.090712901974088
2021,14928,"Wilson, Logan",LB,13,10.46923076923077,8.0,4.0,30.0,7.12626610779118,0.6806866965561009,6.0,11.0,1.8692506729878313,-0.42464502433755297,6.229138833955963,1.288319952898569,152.97499949242547,325.2857959660729,1.6161346340761302,1.9062499999999998,1.03069071477587,
2021,12239,"Kendricks, Eric",LB,16,10.44375,11.15,0.0,22.0,5.420789696852295,0.51904629054241,6.7,13.675,1.0062960155627396,-0.540902207148547,6.8752019375728315,1.6265522611836838,193.1366744488879,410.6855178087944,1.3150687652998645,1.154234807974868,2.1019917980396277,1.8123909835809178
2021,14268,"Long Jr., David",LB,9,10.433333333333334,12.0,2.5,16.9,4.357879198774458,0.4176881021189576,7.5,13.0,0.46847352862647046,-0.6138024041447016,7.359399657610922,1.9472878999809882,231.22079638756543,491.6675342140639,2.0333850716743145,3.3684984942870195,0.8004510402896943,0.40582754760443984
2021,14892,"Brooks, Jordyn",LB,16,10.35625,10.75,3.2,16.0,3.540827719262828,0.34190249552326646,8.5,12.55,0.05505333994589599,-0.6683099455306782,7.717587555392125,2.2806965250118023,270.8097076126907,575.8493321681324,2.3880851296497054,2.2026689728381754,0.7676029717202166,
2021,13762,"White, Kyzir",LB,16,10.04375,9.25,3.7,29.8,5.9856044755312725,0.5959531525108921,5.875,10.875,1.2920868601134545,-0.485588221420669,6.293261167596492,1.437778224515946,170.72166170422085,363.0222703080175,3.3196233030972864,3.455767262643882,1.6346295080430746,0.6630811318907379
2021,11728,"Mosley, C.J.",LB,15,9.913333333333332,10.0,3.0,17.1,3.6212091289451314,0.36528673123185595,6.95,11.25,0.09572555998413822,-0.6514912215945443,7.260990022505264,2.145181716888934,254.71869104714662,541.633420098883,2.3528210052855956,3.301919113224767,,
2021,12745,"Jones, Deion",LB,15,9.853333333333333,9.5,3.5,21.5,5.413669940273624,0.5494252307449551,5.0,12.75,1.0026934872252677,-0.519052657943428,6.359347413360441,1.5363019028249159,182.42035472329354,387.8983525639303,1.4470589213402636,1.7935586237154861,1.5288785858673049,1.3673819460222072
2021,13743,"Warner, Fred",LB,15,9.58,9.0,2.0,19.0,4.629211595941581,0.48321624174755545,7.75,10.75,0.6057651114029117,-0.5666723758557292,6.458936822801139,1.7018368978893539,202.07596568312377,429.6940124919071,1.729538855878337,1.3139572722284223,1.2594930097283628,1.2883004588800087
2021,14412,"Singleton, Alex",LB,16,9.4,7.75,0.0,29.4,6.708669763820545,0.7136882727468664,6.0,10.5,1.6579509401731372,-0.40090918766849754,5.485244982701998,1.2194062384300666,144.79219101218587,307.8858850096132,1.1168923346226105,1.5097824474534556,1.1731814483502192,0.21961237602600223
2021,10816,"Davis, Demario",LB,15,9.226666666666667,7.0,1.0,24.3,5.894230700910472,0.6388255817460772,5.5,11.3,1.2458526091617679,-0.45475293731030764,5.630047986458796,1.3383170750941313,158.91165344650037,337.90948750543464,1.2373283788585454,2.5725400100744773,1.5239569583602492,1.5238239896230579
2021,10768,"David, Lavonte",LB,13,9.215384615384615,7.5,0.0,22.2,6.093609029624165,0.6612430499592167,5.0,12.0,1.3467361254916093,-0.4386295448709577,5.54728256988696,1.2991108724627394,154.2563123457565,328.0103775824173,1.2565336849681077,1.1657046433973821,2.0374390924002923,1.7268749035049802
2021,14221,"Williams, Quincy",LB,15,9.186666666666667,9.5,1.5,20.3,5.741180676094035,0.6249470982685814,4.25,12.5,1.1684107689303562,-0.4647348065135187,5.653517383092208,1.362768201606724,161.81497808836252,344.08311241283525,1.425131446890068,2.0342901681295116,,1.0829761139673255
2021,12287,"Hicks, Jordan",LB,16,9.131250000000001,7.25,-1.0,21.2,6.0420111252380195,0.6616849966037529,5.0,12.3,1.320628082238823,-0.43831168207220794,5.49517508954042,1.2966821320793307,153.96792392323516,327.39714889878593,1.2593436127894295,0.9885895295893549,1.7935695340313842,1.6390863474208377
2021,11772,"Kirksey, Christian",LB,12,9.091666666666667,8.95,2.5,21.7,4.961931467572773,0.5457669808512674,5.875,10.0,0.7741181657168976,-0.5216837935434137,5.881654078067967,1.5249532330448061,181.07281465768634,385.0329455085839,1.7526762751879634,1.388556459119004,1.3606005135771253,
2021,13230,"Adams, Jamal",LB,12,9.075000000000001,7.2,3.0,21.5,6.032844133021616,0.6647762130051367,5.375,10.0,1.3159896723628575,-0.4360883759128954,5.451183125459519,1.2903741115759644,153.21891011565606,325.80444712793206,1.4520050998754865,1.3943937731610372,2.002809680422831,1.144351815715272
2021,14218,"Okereke, Bobby",LB,16,9.01875,8.0,3.5,19.1,3.7931218590364324,0.4205817723117319,6.5,11.075,0.1827117476273205,-0.6117211798215729,6.348631367642898,1.8816024848183293,223.4213158869645,475.0827312647071,1.859104230307878,2.083238557711751,1.2217732144883466,1.2267170961438771
2021,14168,"White, Devin",LB,16,8.98125,8.75,0.6,26.5,5.999397756233537,0.6679913994414517,5.75,10.0,1.29906612745884,-0.4337759063607808,5.38447020950317,1.2831461095351326,152.3606577800932,323.97946072466596,1.1310936667982077,1.5760094390964932,1.5205131805292453,1.3229151922929763
2021,14322,"Edwards, T.J.",LB,16,8.89375,8.75,2.0,27.7,6.23633192970836,0.7012038712251142,4.25,10.5,1.4189525399543979,-0.4098883865321608,5.227915448837538,1.2290411891537483,145.9362442256354,310.31859794570903,1.5047348090432071,2.447526161367204,1.0165639425247617,0.5845843373017136
2021,13706,"Baker, Jerome",LB,15,8.746666666666666,9.5,0.5,15.0,4.374451076674903,0.5001277907783808,5.5,11.75,0.4768587394243124,-0.5545090245268094,5.83061437861119,1.6274530257847477,193.2436311595098,410.91295038839223,1.3806366912087467,2.1758113488225064,1.2625488196171528,1.4800355961612985
2021,13307,"Milano, Matt",LB,15,8.42,7.5,1.0,19.0,5.201563867402444,0.6177629296202428,5.0,11.5,0.8953698547913451,-0.4699019007351464,5.204718099194254,1.357722048830041,161.21579834522882,342.809017558652,1.855118871029927,1.6540803088495066,1.4756118904354052,1.7831414223897797
2021,14887,"Simmons, Isaiah",LB,16,8.40625,7.5,0.0,20.0,4.627292506153031,0.5504585880925539,6.0,9.75,0.6047940704313545,-0.518309432799223,5.4217829902453305,1.4938356218036264,177.3779121972261,377.1761107848987,1.6760964405330743,1.2848285655064051,0.8831241119138827,
2021,12768,"Schobert, Joe",LB,15,8.366666666666667,9.0,1.5,19.0,4.692073694599815,0.5608056208685037,4.25,11.0,0.6375727285969687,-0.5108675009787657,5.360479584902489,1.4698802432238873,174.53345262192295,371.1276564615397,1.4170652412246227,1.879934485439027,1.2336835543081799,1.175662879651061
2021,11720,"Barr, Anthony",LB,12,8.116666666666667,7.0,0.0,26.2,6.5765788134020635,0.8102561166409112,5.75,9.125,1.5911141899629226,-0.33145436657442906,4.4837117753966504,1.0712838692193438,127.20415373631582,270.4867104794925,1.2609486351684203,1.3726353159381774,,1.409450563500967
2021,14210,"Pratt, Germaine",LB,15,8.08,6.5,0.0,21.0,6.0493746233253995,0.7486849781343317,3.25,11.55,1.324353941434933,-0.3757383873942862,4.620614976987184,1.1462009655813161,136.0998032620117,289.40240550287757,1.1844426825065217,1.4896224350947103,1.3827830873710574,0.9145238549733935
2021,13306,"Walker, Anthony",LB,12,8.041666666666666,7.5,3.0,16.5,3.526437847019126,0.4385207685412385,6.0,9.25,0.04777220301969326,-0.5988188541250955,5.590233274714193,1.7765993786841643,210.9532561697821,448.57066888384054,1.8074619807661974,1.952213685437287,1.101250080289515,1.3132041733689739
2021,15355,"Bolton, Nick",LB,15,8.0,6.5,2.0,22.0,5.8109092805400655,0.7263636600675082,3.75,10.0,1.2036927719979498,-0.3917926254346017,4.634017840532605,1.1745861926038819,139.47026265728837,296.5693450080363,1.10432431495692,0.9093096594468826,,
2021,13697,"Edmunds, Tremaine",LB,14,7.864285714285714,7.0,2.0,14.6,3.630743163371288,0.461674879992716,5.75,9.375,0.10054968968732984,-0.5821656432465449,5.380324873835764,1.6982772390599035,201.65329210238534,428.7952400611144,1.8626974697373793,2.0630447755020302,1.6773871317256794,1.6938022232298962
2021,13952,"Luvu, Frankie",LB,15,7.8533333333333335,6.0,-0.8,24.0,6.964947156216542,0.8868778212499842,3.0,10.05,1.7876248353630066,-0.27634547555077943,4.162078352339104,0.9859868721418829,117.07599569974047,248.95021131604116,1.2318478458024151,1.3844395878302853,0.5680919031986285,0.44465592811191273
2021,15029,"Crowder, Tae",LB,16,7.71875,7.75,-1.0,16.1,4.568262627903523,0.5918396926838572,4.125,11.1,0.574925519898541,-0.4885467592200406,4.848949322897027,1.3862043721357564,164.59778694474713,350.00047274539946,1.3120497867650085,1.5025708291489404,0.8222442847812969,
2021,13775,"Bentley, Ja'Whaun",LB,15,7.533333333333333,6.0,0.5,20.0,5.693466040607913,0.7557698283992805,3.5,9.5,1.1442676223843296,-0.37064272627369416,4.290615553065634,1.1254756934046,133.6388862409096,284.1695154576301,1.0165289256198349,0.8137008487227775,1.3845119905343604,1.04636239451597
2021,15351,"Owusu-Koramoah, Jeremiah",LB,13,7.376923076923077,6.0,2.5,12.8,3.3182835799792283,0.44981946339655854,5.0,9.5,-0.05755185367957168,-0.590692455127995,5.088166673966992,1.7082998233660611,202.843372893805,431.3258259659049,1.9076319983989651,1.8703227518022036,,
2021,12831,"Roberts, Elandon",LB,16,7.30625,5.25,1.5,34.3,7.2529708352853595,0.9927077276695102,4.15,7.6,1.933362046213267,-0.20022906950535585,3.6664935346764205,0.8852872675573165,105.11893338338565,223.52473299672928,2.1615764282650507,2.256733691148324,1.3147947036300596,0.6742437919385229
2021,14896,"Queen, Patrick",LB,16,7.3,6.5,1.5,17.0,4.4134736886040224,0.6045854367950716,4.25,10.075,0.4966038056668803,-0.47937959403069985,4.5494617068073975,1.3484872043189808,160.11925370877137,340.4773267852191,1.2824511410065067,1.1410869403070878,1.084927259106474,
2021,13765,"Young, Kenny",LB,13,7.015384615384614,6.0,2.0,23.3,5.850686501973823,0.833979435588374,2.5,7.0,1.2238196633905978,-0.31439176263909197,3.8252253429079213,1.0240411108234684,121.59455270097517,258.55846374710245,1.5819801015409267,1.680761665195086,0.594446125464709,0.40472246325442807
2021,13216,"Cunningham, Zach",LB,13,6.884615384615385,5.5,2.5,19.5,4.377186689371321,0.6357924800204153,4.5,8.0,0.4782429331323832,-0.4569344454523668,4.208733973718636,1.2803378015912457,152.0271995383543,323.27039564903015,1.1516626646013068,1.4167820829394535,2.0565244983964455,1.6957860480401665
2021,13293,"Reeves-Maybin, Jalen",LB,14,6.857142857142857,6.0,0.5,15.0,4.277969192054012,0.6238705071745435,4.125,9.375,0.4280398339520796,-0.465509126813244,4.222715313103355,1.2992010009202577,154.26701419098688,328.03313396911847,1.6761952813467642,1.885531537747094,0.3737753938540912,0.5780016832377857
2021,12233,"Alexander, Kwon",LB,11,6.763636363636363,8.0,1.0,12.5,3.846432284899092,0.5686929453479841,3.35,9.55,0.20968631027293994,-0.5051946735805041,4.311638159458912,1.3955908111439113,165.71233189864432,352.37043936524816,1.536526441301121,1.5615951120371852,1.3955182760413873,1.0975501895792772
2021,13268,"Anzalone, Alex",LB,14,6.685714285714285,7.0,0.0,13.0,3.937703671441216,0.5889727713694127,3.875,9.9,0.25586875384177926,-0.4906087448557972,4.207570076831703,1.354012863182383,160.77536996306242,341.87249134630093,1.2436760943574154,1.0305256103651041,0.6605298524035814,
2021,5848,"Brady, Tom",QB,16,41.237500000000004,39.0,-11.8,85.8,22.233501607933913,0.539157359392153,34.275,58.05,0.4566307863893882,-0.8224367106762095,26.792257301284383,1.7749154086148589,157.72062319974611,253.86737954636232,1.539884425176886,1.422180308547001,1.306824803353499,1.3802342782161021
2021,7836,"Rodgers, Aaron",QB,15,40.540000000000006,45.1,-14.1,78.6,19.53198402620686,0.48179536325127914,34.900000000000006,49.650000000000006,-0.06324029807077622,-0.9024872074001992,27.358703506163778,1.974480398399642,175.45415258651863,282.4112981804322,2.7323645607148235,5.738107009297985,1.8824722116460924,1.139812458365965
2021,14779,"Herbert, Justin",QB,16,40.075,36.650000000000006,7.0,79.5,22.264166838217864,0.5555624912842885,26.675,56.05,0.462531901610984,-0.799542825436183,25.76238513369763,1.722606284535652,153.07238610136866,246.38556931929517,1.7886200380816315,4.7783405817267415,1.5569493591497463,
2021,13116,"Mahomes, Patrick",QB,16,36.9375,42.65,-6.5,79.7,25.129436797310042,0.6803231620253142,11.924999999999999,58.45,1.0139149505238523,-0.6254353268074738,21.98237864880633,1.4136355209846168,125.61695856874033,202.1932671293262,1.1432635004229779,2.2637359851798626,2.3915304243224846,1.8983055380033518
2021,14056,"Murray, Kyler",QB,13,36.76923076923077,39.4,14.2,58.4,14.022695045224399,0.3813703673387389,24.3,45.5,-1.1234295992696908,-1.042633494962447,26.617937982894514,2.447578857091919,217.49411876046523,350.0788982207972,2.498246675305079,2.603709085809565,1.7114086307041636,1.0841307584991045
2021,9431,"Stafford, Matthew",QB,16,36.4375,39.2,-6.5,63.3,21.14044923245483,0.5801838554361531,23.4,53.8,0.2462874121112925,-0.7651829257991728,23.059025615688707,1.645743481418962,146.24228639655828,235.39182938266913,1.2482213571473748,1.2479415555030176,1.6270101363071556,3.0541725644670503
2021,13589,"Allen, Josh",QB,16,35.056250000000006,38.8,1.2,74.9,23.725381154735956,0.676780350286638,14.325,52.675000000000004,0.7437231388974525,-0.6303794336824179,20.906882642086842,1.4178244525579438,125.98919089884436,202.79241291196914,1.2286519184647098,1.1188563870305788,1.6457205441297238,0.8799901114197031
2021,14777,"Burrow, Joe",QB,16,34.75,26.15,-6.7,99.8,28.371905117563045,0.8164577012248359,17.275,54.275,1.6378848011661078,-0.43545523166835226,19.130640904309583,1.1831033724544173,105.13165884274689,169.22009434345975,1.1403296552105606,1.458676184568149,1.2079703141817126,
2021,12620,"Prescott, Dak",QB,15,34.06666666666667,35.4,-20.2,65.0,24.35834331166405,0.715019862377614,18.4,56.55,0.8655282773019523,-0.5770149738779164,19.86371552539247,1.34341057883687,119.37670532289557,192.14894504202394,1.0937636612052553,1.2362937206675781,,1.9802326378699453
2021,10700,"Cousins, Kirk",QB,15,32.32,33.1,-14.3,60.5,20.46232961647655,0.6331166341731606,19.7,49.65,0.11579232204159623,-0.6913135433517382,19.790380750339654,1.505894307726411,133.81515960409217,215.3891052614342,1.3737562423316723,0.906522317000069,1.4568018515737744,1.3017381200568106
2021,14783,"Hurts, Jalen",QB,15,29.419999999999995,30.8,-12.3,65.1,17.679411754919904,0.6009317387804184,25.1,35.849999999999994,-0.41974316232349757,-0.7362285922784055,18.376798515102212,1.5749960644371557,139.95560555420155,225.27277735817785,1.648603981955067,1.1978376383920057,0.5325875463463646,
2021,11760,"Garoppolo, Jimmy",QB,14,29.23571428571429,29.950000000000003,-6.2,61.2,14.853023123875065,0.5080437911904493,22.5,35.425,-0.9636440174079995,-0.8658566883088806,19.386515468914617,1.8441728153215486,163.87490035231303,263.7733143697718,1.8323370606360336,4.993497049705065,,1.273405633728583
2021,11644,"Carr, Derek",QB,16,28.693749999999998,23.799999999999997,1.7,60.3,19.883676368757865,0.6929619296452316,11.35,47.625,0.004438210022234922,-0.6077975231391921,16.948845391941514,1.3739798248801662,122.09311677174183,196.5212854645886,1.480137322311787,1.9220945257714173,1.5822127251850537,1.489093027362287
2021,13593,"Jackson, Lamar",QB,12,28.666666666666668,32.8,-18.4,95.8,27.776738869460935,0.9689560070742186,11.025,42.15,1.5233529821145624,-0.22263897780525924,14.559323094914683,0.996174959112164,88.52102731462917,142.4835939853999,0.8707826726227538,0.48626290075559686,1.6205900870493226,1.7833085489206364
2021,10703,"Wilson, Russell",QB,13,27.238461538461536,27.0,-17.5,56.2,22.473216142487978,0.8250545322009143,12.2,45.0,0.502760656460349,-0.42345807961323245,14.92473844363076,1.160406029285362,103.11475195680373,165.97367763817613,0.9288651213201706,1.13926763917999,1.7240583949364605,1.3784693579801315
2021,11640,"Bridgewater, Teddy",QB,14,24.55,26.75,1.9,49.1,14.388475050738153,0.5860885967714115,12.95,34.1,-1.0530401080346519,-0.7569426707746917,15.47832829135343,1.5953497613671856,141.76425386985753,228.18398071954812,1.8486642002330076,1.5170455270367489,1.661082039317811,0.7774118270917186
2021,10976,"Tucker, Justin",PK,16,9.631250000000001,9.3,0.1,22.5,6.718232538212711,0.6975452343374651,4.949999999999999,13.725,0.3149672870695561,-0.828516264283475,5.673633789063054,1.247856935161775,169.52813399075993,237.5458847573595,1.1548966880148084,1.0916711435428452,0.9852664999400386,1.0430744424852612
2021,11936,"Boswell, Chris",PK,16,8.4125,10.35,-5.4,24.6,7.8019128263522655,0.9274190581102247,3.525,12.424999999999999,1.095769249794651,-0.5740861155447355,4.364645023406689,0.9557581591598598,129.8449306993747,181.94106322153075,0.8705259490665609,0.6443861003533443,0.9259503429114365,1.039968731305143
2021,13718,"Carlson, Daniel",PK,16,7.7562500000000005,6.45,-5.4,21.8,7.461146757536673,0.961952845451948,1.8000000000000003,13.524999999999999,0.8502440535966876,-0.5358632482966906,3.9533315074212703,0.9166901629606184,124.5373314804331,174.5039592865009,0.9873960884064283,1.3146789626447086,1.047047946118874,0.4388510555100725
2021,8851,"Folk, Nick",PK,16,7.7,7.25,-3.7,17.8,6.764059432027486,0.8784492768866865,1.8,14.575,0.34798600027103027,-0.6282871050959644,4.099125855962352,0.9917492347156392,134.73451355728517,188.79243507783914,1.0473123155423971,0.9934600394489065,0.8258506510545521,
2021,14244,"Gay, Matt",PK,16,7.5687500000000005,7.449999999999999,-5.4,16.0,5.305859820754785,0.7010219416356446,4.125,11.45,-0.7026606996715946,-0.8246681569153593,4.449531081722643,1.2002724791135704,163.06352750141772,228.48756132767642,1.1693358559317935,1.0145048935191536,,0.7712029502282328
2021,15368,"McPherson, Evan",PK,16,7.34375,6.9,-11.4,29.7,9.038249882444056,1.230740409524297,2.2249999999999996,11.274999999999999,1.9865618669082343,-0.2383623898533412,3.292068395159456,0.7315767276169843,99.38866708938488,139.26519630003958,0.9640712215262975,0.9554856313352182,,
2021,13347,"Gonzalez, Zane",PK,12,7.25,5.05,-4.8,21.5,8.385652429397886,1.1566417143997085,1.65,12.4,1.5163591901735365,-0.32037669540790725,3.3617081370504804,0.7724556235740668,104.94228686416153,147.04702868354937,0.9185812148485564,0.9318895443034426,0.7434247440775585,0.7622278034335237
2021,9694,"Gano, Graham",PK,16,7.0,3.7,0.3,28.5,7.564968605354552,1.080709800764936,1.8499999999999999,9.375,0.9250486831882399,-0.4044200534685898,3.364236568418419,0.8172826221013605,111.03227779068823,155.5804340172324,0.9736084101194078,1.3309711972855571,0.937731806943221,
2021,13354,"Butker, Harrison",PK,15,6.6066666666666665,5.2,-1.4,15.4,4.895639783408179,0.7410151034422068,3.1,10.2,-0.9982281413007845,-0.7804027162489398,3.794721053025015,1.1206021584391055,152.23988224384942,213.32127400719537,1.1791764562357172,1.4260495551879973,0.7521816880990838,1.0645280874326266
2021,13898,"Joseph, Greg",PK,16,6.6,8.25,-5.1,20.0,5.628387868652977,0.8527860407049965,3.65,9.025,-0.47027617114506703,-0.656691822482488,3.5622030040169443,0.9957172288020094,135.27358707941252,189.5477946382174,1.3679670981013776,1.7939184668320267,,
2021,14600,"Slye, Joey",PK,11,6.409090909090909,6.5,-4.6,15.8,5.67169279611949,0.8849449752810551,3.3,10.55,-0.439074558703108,-0.6210975022020091,3.4001474807694487,0.9606393916726322,130.5080726158461,182.87026965800626,0.8994457520079077,0.9063903908951186,0.6920730977055325,0.7494006492304586
2021,13303,"Elliott, Jake",PK,16,6.2124999999999995,5.55,-5.4,20.3,6.91130188531799,1.1124832008560146,0.525,12.225,0.4540755894090385,-0.3692524524845817,2.9408517887775805,0.78526898480885,106.68305149756938,149.48621954386834,0.9958839832286938,0.8732028369905231,0.4984909084002633,0.5872148514924257
2021,11387,"Hopkins, Dustin",PK,16,5.975,7.449999999999999,-5.7,15.9,5.67665174200426,0.9500672371555248,1.9500000000000002,8.774999999999999,-0.43550159099090224,-0.5490185394780771,3.0639969156732585,0.8949096389751741,121.57832914246501,170.35775174073723,0.8973779932031051,1.248327968068177,0.7687017836242233,0.6564249727093536
2021,11947,"McManus, Brandon",PK,16,5.84375,5.0,-2.8,16.5,5.513956015194536,0.9435646657017387,1.05,9.75,-0.5527254107930575,-0.556215749647629,3.006717555183619,0.8971122903453439,121.87757128000112,170.77705523122202,0.7837089880666452,1.6348204900524983,0.9782308335399651,0.8565103790246122
2021,13403,"Koo, Younghoe",PK,16,5.49375,4.199999999999999,-6.0,15.5,5.330509913460437,0.9702862186048576,2.5749999999999997,8.925,-0.6849000732427689,-0.5266396606084892,2.7883004753949288,0.8678210878903687,117.8982025281708,165.20109182811606,0.7929807332335573,1.3165091195433751,1.194304228658946,1.004871706817069
2021,8153,"Gould, Robbie",PK,12,5.400000000000001,6.0,-1.4,13.8,3.9566399886772614,0.7327111090143075,2.2,7.675,-1.6747864313690313,-0.7895937868229633,3.116503363951949,1.0894476928595846,148.0073790887575,207.39061410404668,0.9676525391881879,1.0230397459073004,0.706791445632281,0.49533742047309787
2021,13164,"Kupp, Cooper",WR,16,22.14375,21.6,3.3,36.6,8.182066422212667,0.3694977780282322,17.425,27.325,1.0129608013956277,-0.13610641733824472,16.169248578031286,2.4116303435173654,359.1475312132924,732.1334534528129,3.2559871569533336,4.366150499288603,1.2971510913080542,0.9204362252749573
2021,14136,"Samuel, Deebo",WR,15,19.166666666666668,17.1,3.9,33.1,9.229710480592312,0.4815501120309032,12.65,29.2,1.3807956402001023,-0.11339215017403426,12.936900690043535,1.8736274797834647,279.02646256978846,568.8041539804423,2.1175908325596993,2.8317861257157033,,1.1545529204538387
2021,11675,"Adams, Davante",WR,15,18.60666666666667,18.3,0.4,39.2,10.1460972244942,0.54529365233756,9.7,25.75,1.7025451576335875,-0.10047061830765198,12.040861384838044,1.6693436538286632,248.60387647333658,506.7867625577152,1.802735840789396,2.8547168187865166,1.4380418893824756,1.4007312618786059
2021,15281,"Chase, Ja'Marr",WR,16,16.625,15.1,-6.2,61.7,15.859086512154477,0.9539300157686903,7.3500000000000005,20.375,3.708413922802197,-0.01763543584938344,8.508493070802029,0.9861151129400924,146.85534591010628,299.3692068436365,0.7677613798740174,0.9274449600585277,,
2021,14836,"Jefferson, Justin",WR,16,16.362499999999997,16.2,0.7,39.4,10.91700937757223,0.6671969061923442,8.475,23.55,1.9732175728415284,-0.07575945900080404,9.814377617440384,1.3730374359521915,204.47702804503538,416.8328045821152,1.296810634591767,1.2066221113590154,1.3110788032715097,
2021,12801,"Hill, Tyreek",WR,16,14.381250000000001,11.05,-1.4,47.2,13.382648222138249,0.9305622405658929,3.8,19.0,2.8389198690429103,-0.02237234645203899,7.449254780713272,0.9999027840967357,148.90864900873416,303.55492930567124,1.0778055602675092,0.8977572735337179,1.3815505678549242,1.3653963368935893
2021,14835,"Higgins, Tee",WR,14,13.835714285714287,11.25,2.4,45.8,11.618679980522568,0.839760039893216,5.325,18.95,2.219578816496429,-0.04077897281582602,7.520390695363372,1.096447037809839,163.28632113709162,332.86426274974593,1.1739632819381258,1.3192529795656025,1.287910442790862,
2021,13163,"Godwin, Chris",WR,14,13.378571428571432,14.0,-3.1,26.5,7.722525361511199,0.5772309399954979,8.05,17.349999999999998,0.851612860141035,-0.09399657124009736,8.482316120814634,1.5337956467980463,228.4176434477039,465.63649640571805,1.3274874364450473,1.1287943360781663,1.6964223607405808,1.4269051229779355
2021,14832,"Lamb, CeeDee",WR,15,13.040000000000001,12.0,-3.4,35.7,10.181669804113666,0.7808028990884712,7.35,18.25,1.7150349283582202,-0.052730247721398504,7.322539741301357,1.1661943366636232,173.67330696162617,354.03845759104524,1.094865790378731,2.2067887344658996,1.241466247113708,
2021,12187,"Lockett, Tyler",WR,15,12.886666666666663,9.2,-2.4,34.6,11.603555010809785,0.900431066539818,2.15,22.95,2.2142683384273516,-0.02848027399224775,6.780917705228779,1.0224628412867687,152.2683632641178,310.403811691411,1.0208493795563258,1.414870247929909,0.9330362809203929,1.0747021517959765
2021,11671,"Evans, Mike",WR,15,12.713333333333335,14.1,-1.3,28.1,8.428749742531345,0.6629850348084434,4.2,18.85,1.0995729657460998,-0.07661325265648045,7.6448873965951005,1.3483583381141024,200.80173963072824,409.3406144225125,1.3560299311321133,1.073444958740925,1.1551663967555126,0.9993055984562255
2021,14123,"Renfrow, Hunter",WR,16,12.5125,10.9,4.2,23.2,5.587807597797189,0.4465780297939812,8.825,17.4,0.10209916965796197,-0.12048138420283412,8.649723514591193,1.8993420518510422,282.85595704397355,576.6106980067702,2.115530698643753,4.0664759216901425,1.3089059835532795,0.8641462140956809
2021,11228,"Woods, Robert",WR,9,12.377777777777776,11.1,4.1,26.0,6.0508544443056005,0.4888482046566464,8.5,16.0,0.26467801576698996,-0.11191274479470198,8.313660008497845,1.7555003972283525,261.43460808713985,532.9426094738983,1.559782463089897,2.2892183684077,1.2058076877825568,1.2183279630358212
2021,13154,"Williams, Mike",WR,15,12.16,11.2,-0.8,32.9,10.593003980615382,0.8711351957742913,2.5999999999999996,18.35,1.8594571100124506,-0.034418876175764015,6.4987287008772725,1.0489084641334283,156.2067281061039,318.4322913609762,1.0257324680108393,1.2847607184399668,0.9342560765572219,1.6863033680223332
2021,12186,"Diggs, Stefon",WR,16,11.5875,10.45,4.5,30.4,6.234668696089632,0.5380512359084904,7.075,13.75,0.3292164294907499,-0.10193873749631997,7.5338842617655315,1.6016628385848672,238.52463784928614,486.2399199911752,1.4404264805122151,1.8761311384422104,1.6819799749432802,1.0424300174265602
2021,13633,"Kirk, Christian",WR,16,11.35,11.65,-1.7,23.8,7.383850621457614,0.6505595261196135,6.425,17.3,0.732701892796424,-0.079132042885362,6.8764560262078565,1.353793204634494,201.61111694616932,410.9905553453929,1.2363061293275313,1.1863086202343984,0.7968652399476086,0.7651840172718478
2021,11232,"Hopkins, DeAndre",WR,10,11.34,10.3,0.7,21.6,6.289705875476214,0.5546477844335286,9.95,15.575,0.348540351433502,-0.09857443062527776,7.294256688586211,1.5556183189982535,231.66754402481735,472.26152018038323,1.5556183189982535,1.7513064380352876,1.370806012718715,1.2303192240673941
2021,14104,"Brown, A.J.",WR,12,11.141666666666664,6.4,-1.9,28.0,10.029328519674463,0.9001641154532056,4.1,17.4,1.6615468840584888,-0.028534387977066172,5.863528616321269,1.0101854022021204,150.43996864770162,306.6765721910612,1.018585419447069,0.9813405355860774,1.2891285228798226,0.9964014868154303
2021,11674,"Cooks, Brandin",WR,15,10.959999999999999,11.2,0.2,23.9,7.61181537698684,0.6945087022798212,4.550000000000001,16.049999999999997,0.8127418438012408,-0.07022305104833244,6.46795143940791,1.2726701073142093,189.5300116452374,386.36284506817685,1.2240429122387242,1.9828297185203125,1.1815757338464052,0.9870289632850963
2021,14208,"Johnson, Diontae",WR,15,10.939999999999998,10.6,-0.3,25.0,6.532564580622223,0.5971265613000205,5.65,15.45,0.43380966780590835,-0.08996350524703994,6.849801553043558,1.4523605981611518,216.29008138132275,440.914082561949,1.2325706696644365,0.9560184180464503,0.9717420861637835,0.7231887324043208
2021,11938,"Thielen, Adam",WR,13,10.930769230769231,9.5,-1.5,30.6,9.039263466879845,0.8269558414457282,3.7,16.9,1.3139284193826928,-0.04337452771388709,5.983050593121816,1.0888019093064465,162.1477846963048,330.5433206748856,1.0334963457315025,1.2352120461874003,1.3162441368552031,0.7426222337883925
2021,11222,"Allen, Keenan",WR,15,10.913333333333334,12.5,0.2,17.4,4.722974580588899,0.4327710367063744,7.9,14.35,-0.20154948938146172,-0.12328021684222236,7.616941614356393,1.9069337421747454,283.9865353039556,578.9154170816391,2.292081619805593,2.090951224874387,1.3832605024547269,1.2140335297349263
2021,15284,"Waddle, Jaylen",WR,15,10.846666666666668,14.0,-1.7,27.9,7.7579951591173915,0.7152423318178295,4.75,15.6,0.8640665434130812,-0.06602011137017402,6.323693431219874,1.23848740146595,184.43941621107686,375.985507368674,1.5711340521817512,1.864519092125997,,
2021,13418,"Bourne, Kendrick",WR,16,10.537500000000001,8.7,-2.4,31.7,9.040386814180021,0.857925201820168,4.375,17.775,1.3143228341362312,-0.03709669038268996,5.671649208308627,1.049511357980542,156.29651294288726,318.61532055346385,1.01169115320238,1.2550663648825058,1.1104046599095303,0.9605281231284123
2021,14842,"Pittman, Michael",WR,16,10.18125,8.3,-3.1,25.0,7.320281650148442,0.7189963560612344,5.75,17.35,0.7103824016224454,-0.06525912847441757,5.922787424243569,1.2236665089117935,182.23224255135284,371.48611496465344,1.1439103953661496,0.9316889948153185,0.7125548443192224,
2021,12175,"Cooper, Amari",WR,14,10.178571428571429,8.45,-2.4,29.3,8.324934883608792,0.8178883394422672,3.3,16.299999999999997,1.0631228741411816,-0.045212612255827254,5.599118057874909,1.0915434322724489,162.55606086833546,331.37560439623405,1.2139800292849285,0.9209090731127207,1.280458822362,0.9855170322341716
2021,13635,"Moore, D.J.",WR,16,10.0125,10.8,-1.2,27.8,7.529846860992593,0.7520446303113701,3.9000000000000004,14.775,0.783962149374854,-0.0585598719411642,5.714751683135262,1.1738194323027829,174.80886004563462,356.353317999985,1.1866329491939098,1.2619243048922908,1.4901227653933986,1.4579723373461988
2021,14102,"Metcalf, DK",WR,16,9.8125,8.6,-0.4,27.6,8.694529530112598,0.8860667037057425,2.575,14.425,1.19289002752913,-0.031392091742059806,5.202626174737302,1.0121687668824948,150.73533751729926,307.2786908519091,0.903581748049252,1.168209590160429,1.5569630535799543,1.055631479119102
2021,12650,"Boyd, Tyler",WR,16,9.73125,8.649999999999999,-1.1,23.5,7.440826461993319,0.7646321348226918,3.175,14.875,0.7527064916404387,-0.056008243338818015,5.51460545683522,1.1528788139191224,171.69031768080342,349.9960720415078,1.3059012377432426,2.5239960852773167,1.1251947254615295,0.9159403145799795
2021,14109,"McLaurin, Terry",WR,16,9.4,8.45,-3.0,25.1,8.692022204297455,0.9246832132231335,1.85,13.9,1.1920096886586267,-0.023564091353362966,4.883920603359175,0.9698698374661201,144.43604869233806,294.43739394493804,0.9346311981843227,0.7677520507052131,1.2996844274056725,1.1991357423386757
2021,15282,"Smith, DeVonta",WR,16,9.1875,7.5,-2.3,26.2,7.936850367116669,0.8638748698902498,3.1750000000000003,15.05,0.9268638036824794,-0.03589062581219213,4.92924720882201,1.0280467527805548,153.0999368230165,312.09900034945304,1.1306118162529168,1.2830720609885788,,
2021,14974,"Mooney, Darnell",WR,16,9.16875,9.4,-1.7,25.0,7.330562627622794,0.7995160330058945,3.85,11.95,0.713992121604898,-0.04893688520857599,5.0951199277089,1.1006159379437246,163.9071667799508,334.1298759729026,1.3447842786512292,1.1336297260750632,0.890693326509476,
2021,15287,"St. Brown, Amon-Ra",WR,16,9.11875,7.15,-0.1,33.3,8.889264504867654,0.9748336674289408,2.475,12.4,1.2612627801598353,-0.013398030776614457,4.617477487039102,0.9220857623447736,137.31989481855987,279.9308921368644,1.0927707728394989,2.0651037602039617,,
2021,15288,"Moore, Elijah",WR,11,8.990909090909092,6.4,-4.1,30.7,9.923567407069124,1.1037334830916112,3.0,12.45,1.624413449762936,0.012731410224673258,4.2737871328150385,0.8230744367532055,122.57481863225541,249.8725940518562,0.984791217007482,1.5708629388910345,,
2021,14558,"Harty, Deonte",WR,12,8.883333333333331,7.4,-2.7,19.3,7.1842226827650295,0.8087305083788028,4.175,16.975,0.6626111877878658,-0.04706900751320118,4.911363684187326,1.085421753252211,161.64440128795715,329.51715788345734,1.1444169253266545,0.8912028404697492,0.9780824464000596,0.4380003792810522
2021,10261,"Green, A.J.",WR,15,8.799999999999999,8.8,-3.7,21.9,7.067955857247553,0.8031768019599493,3.6999999999999997,13.75,0.6217891273939232,-0.048194806207822044,4.880275739148211,1.0907347729344403,162.43563279128003,331.13010800189875,1.2269729046058415,1.5704615693324142,0.45328517306834376,
2021,13153,"Davis, Corey",WR,9,8.655555555555557,5.0,-2.4,24.9,9.122025982460878,1.0538926038786636,2.2,10.9,1.342986892376743,0.002628103977477625,4.21422012972344,0.8551208592581787,127.34727207140595,259.60138936347687,0.7422657305498225,1.235741132374586,1.0669410130272419,0.8211387648992987
2021,14105,"Brown, Marquise",WR,15,8.48,7.1,-8.1,30.0,10.435784589574471,1.2306349751856687,1.2,17.75,1.8042563298448848,0.03845576858469327,3.8016081045685937,0.7415319809128674,110.43126114930676,225.11757305210472,0.3855639651324863,0.3078157103692856,1.051530476356546,0.6886938041040452
2021,14840,"Aiyuk, Brandon",WR,16,8.18125,7.75,0.0,20.3,6.364571740305863,0.7779461256294408,2.6500000000000004,12.725,0.3748262575113391,-0.05330934780131738,4.601517381244394,1.110892837831222,165.43763484403132,337.249782896303,1.813601594165516,1.8515844249050593,1.5601113219624663,
2021,12176,"Parker, DeVante",WR,9,8.011111111111113,12.4,-2.8,14.4,6.289575934202461,0.7851065659892114,3.4,13.0,0.3484947281828354,-0.05185784608301005,4.48774950680425,1.0989817766385053,163.66380236883722,333.6337700240348,0.9127559687587137,0.8938633156456492,1.13591199659733,1.2786122784164569
2021,9918,"Sanders, Emmanuel",WR,14,7.992857142857143,5.85,-5.0,24.8,8.0836222684878,1.011355779792933,2.5,12.075,0.9783964003216251,-0.0059945882243401276,3.9738654012170835,0.8799195856685219,131.04037594673648,267.12989689649936,0.7649646466355112,0.7097277795851494,1.2820010300966769,0.7565850880954152
2021,14858,"Jefferson, Van",WR,16,7.91875,6.75,-3.3,21.5,6.961700470251503,0.8791413379954542,1.475,12.35,0.5844821500525448,-0.03279594118753052,4.214025757342557,0.99460536471926,148.11974075157275,301.94671519705184,1.2269112161617766,1.0251685893194709,0.2992607551645794,
2021,14127,"Meyers, Jakobi",WR,16,7.71875,7.5,-2.9,16.6,5.799484756208952,0.7513502518165444,4.55,11.175,0.17642043633264426,-0.05870063026436147,4.407313723793353,1.135196309242641,169.05698379640575,344.6279387165612,0.9183303142403402,1.0504227875283747,0.9133866673780182,0.7319747756395897
2021,14841,"Claypool, Chase",WR,14,7.65,7.7,-5.6,29.0,7.86944815636486,1.0286860335117463,5.3,9.975,0.9031984364915431,-0.00248155106633416,3.770913721310295,0.8625113834743185,128.44789204566263,261.84503753772293,0.7805354385618917,0.736827881110543,0.8413835361239195,
2021,13377,"Patrick, Tim",WR,15,7.58,6.9,-2.7,20.0,7.011818594344837,0.9250420309162054,1.15,12.3,0.6020789587678705,-0.023491354975167703,3.937576363666393,0.9461023000883172,140.89651271195737,287.22193935951424,0.6846688712518306,0.5959952500285498,1.0831166809899233,0.6000194279207116
2021,13652,"Wilson, Cedrick",WR,15,7.46,4.8,-6.0,27.3,8.282817556041342,1.110297259522968,2.35,11.75,1.048335198620347,0.014061961460352417,3.535047001713081,0.8036353138433668,119.67988366811919,243.97117875977773,0.6913048848976332,0.5976212525210423,0.34320032240092474,
2021,15034,"Callaway, Marquez",WR,16,7.225,5.85,-3.4,21.0,6.7125349161103065,0.929070576624264,2.175,11.625,0.4969984567980731,-0.02267472349390026,3.745326940107725,0.9367866827945348,139.50920185738,284.39386287645164,1.0939570438417612,1.14193820567687,0.7039264072378627,
2021,13646,"Gallup, Michael",WR,9,7.111111111111111,5.9,3.3,17.2,4.064328410955341,0.5715461827905948,3.9,7.6,-0.4328045666173888,-0.09514893540158606,4.524913864436303,1.4041567872510192,209.11141914148854,426.280155498422,1.0551640574818733,2.310585189841777,0.8234929691450547,1.3151948114366252
2021,14845,"Davis, Gabriel",WR,15,7.1,7.8,-2.0,22.5,6.7454676141342,0.950065861145662,3.3,8.7,0.5085613474307478,-0.01841874341055562,3.640902669732783,0.9166651200043328,136.51263581247187,278.28526945372494,1.121195850070446,1.6806031672990431,0.7596002870181993,
2021,13809,"Gage, Russell",WR,13,7.061538461538461,8.0,-3.0,17.0,6.978156959843554,0.9881921620693487,0.0,14.4,0.5902601336605863,-0.010690113811969486,3.551738406507284,0.8851089915980962,131.81319850351022,268.7053198027506,1.010326443311487,1.40113350889665,0.9374449965862902,0.768444387344642
2021,15293,"Bateman, Rashod",WR,11,7.054545454545454,6.6,-2.0,19.0,6.3123779752545985,0.8947958470077396,3.05,10.35,0.3565006773673307,-0.02962259631083108,3.7231163798917897,0.9647402634845106,143.67213649633212,292.8801350872559,0.9798336171741218,0.7449511819790894,,
2021,14857,"Peoples-Jones, Donovan",WR,13,6.946153846153846,4.6,-3.7,25.2,9.25681581610299,1.332653439749046,-0.8,14.2,1.3903125048628313,0.059136057669254886,2.977790754421341,0.677223221191954,100.8541995771469,205.5944340816979,0.7997492521038325,0.6468580646458861,0.613994270376079,
2021,14977,"Osborn, K.J.",WR,16,6.800000000000001,4.1,-1.0,19.7,7.085107620918683,1.041927591311571,0.275,12.4,0.6278112263832885,0.00020266148677862677,3.3301866476235937,0.8410525028023484,125.25216844040305,255.33045521135898,0.7551702581823164,1.720999907579762,0.333432415031416,
2021,10308,"Cobb, Randall",WR,12,6.683333333333334,4.6,-1.0,21.5,7.034063943095453,1.052478395475629,2.3,7.875,0.6098894495604092,0.002341428043608774,3.256225911106157,0.8318745507467674,123.88535912353721,252.54417175289308,0.8001515905351627,1.0653489549968573,1.149848856156495,1.117004331435291
2021,13863,"Pringle, Byron",WR,16,6.61875,5.3,-2.1,20.5,6.22226031579361,0.9400959872775992,2.55,10.8,0.32485976414291107,-0.02043974886883783,3.411558007131198,0.9164374739478919,136.47873404996463,278.2161596525836,0.9985350651033044,1.0677888017033845,0.3174054530961948,0.37939518324957927
2021,13793,"Valdes-Scantling, Marquez",WR,10,6.6,3.65,-4.0,22.1,9.08823415191312,1.377005174532291,-0.7999999999999999,12.525,1.3311223545663846,0.06812665266247317,2.776603126789003,0.6542274793203906,97.42960179673229,198.6132846047918,0.6542274793203908,0.8400446656715892,0.6069706721191801,0.4096487979241192
2021,13630,"Sutton, Courtland",WR,16,6.5687500000000005,4.199999999999999,-3.6,26.8,8.377702455775092,1.2753876240951614,1.875,9.9,1.0816499218026885,0.047527633376122765,2.8868707601467034,0.700464749332578,104.31540061725117,212.65020044608113,0.5989883716262562,0.22810768636620884,,1.2711828330417405
2021,13632,"Lazard, Allen",WR,14,6.450000000000001,6.55,-2.4,19.8,7.072961594288895,1.0965831929130068,0.3,11.55,0.6235466751631029,0.01128196606213952,3.0764340865664996,0.7989632955225459,118.98411209175943,242.55282668230774,0.9305675799708457,1.0662925968079544,0.9632109011323741,0.7000939592254007
2021,11679,"Beckham, Odell",WR,13,6.430769230769231,6.6,-0.9,17.4,5.898550619286405,0.9172387326641538,0.7,12.3,0.2112031237202683,-0.025073171211631745,3.3541828261695774,0.9321913523096593,138.82485087332947,282.99879203290686,0.9774781943152125,1.1678257599226547,,1.0471931937543975
2021,14833,"Jeudy, Jerry",WR,9,6.388888888888889,7.4,-4.0,12.9,5.662634731179951,0.886325436184688,4.0,10.3,0.12837147686564046,-0.031339643761362806,3.386949444848265,0.9589132748025373,142.8043631225379,291.1111519765436,0.9033807903481705,0.8881380341684476,0.8202679843755217,
2021,10729,"Hilton, T.Y.",WR,9,6.211111111111111,4.7,-3.5,15.5,5.821692087823959,0.9373028406156643,3.8,11.0,0.18421757905449376,-0.021005951082050996,3.2060610147751882,0.9104942045386841,135.59364378669514,276.41187552211545,0.9757282100687565,1.7101816935495122,1.0351907503673232,1.07720896470241
2021,10738,"Jones, Marvin",WR,16,6.20625,5.15,-0.3,20.0,5.565796074013132,0.8968050068903335,2.425,8.575000000000001,0.09437077637573191,-0.029215317026958572,3.2719493977795175,0.9452395307499443,140.76802640446166,286.96001601088244,0.9044881497183881,0.9236097784158522,1.0746348603578812,1.154991701639922
2021,10271,"Jones, Julio",WR,9,6.18888888888889,5.6,-0.7,22.6,6.702477890791077,1.082985655603585,0.9,8.8,0.4934673679157739,0.008525592462512742,2.9711625100440457,0.8034932364152836,119.65872505329483,243.92804626297533,0.8964899495864892,0.941452220482438,1.4633127855179011,1.4136306900271585
2021,15289,"Toney, Kadarius",WR,10,6.070000000000001,2.85,-1.4,33.7,10.08544000031729,1.6615222405794543,-0.75,6.65,1.681248000360582,0.12580145889023575,2.280649737752509,0.5475650943784157,81.54510592935961,166.23224393203867,0.5475650943784157,0.6614751926046567,,
2021,10266,"Heyward, Cameron",DT,16,16.2,15.05,5.6,28.7,5.80183160734608,0.3581377535398815,12.325,19.55,1.1862505451833811,-1.098053534848452,11.92809783674443,2.381711417628122,215.85295184760747,300.43718437687363,2.854811307171007,4.080035078819809,1.784080001928391,2.462579472878856
2021,11757,"Donald, Aaron",DT,16,15.975,16.549999999999997,5.5,29.7,7.031224999955556,0.4401392801224135,9.875,19.4,2.025456988126272,-0.9077249139831237,11.092677090678412,1.9891112501627592,180.27185481963187,250.91326303771854,2.0782748655209202,3.339454637344786,1.0676061694304213,1.4102360092292736
2021,14162,"Wilkins, Christian",DT,16,13.78125,13.6,2.5,23.0,5.884324382416388,0.4269804540528898,9.35,18.75,1.2425616240873425,-0.9382670431652977,9.65763053085884,2.001830424376778,181.4245852801064,252.51770296279742,2.016156777442355,3.172552044792,1.5332795514528827,1.6049465489246675
2021,12225,"Williams, Leonard",DT,16,11.850000000000001,11.25,2.5,19.7,4.604210029961709,0.3885409307984564,8.975,14.625,0.3687321251314415,-1.0274866193444503,8.534138056114676,2.1144817800629374,191.63410414730316,266.7279283780546,1.8903721322278115,1.879934485439027,1.4455771286768453,1.4343040230865496
2021,12688,"Buckner, DeForest",DT,16,11.7,11.75,1.5,20.9,6.049380133534344,0.5170410370542174,6.825,17.425,1.3552317023679465,-0.7292330498808178,7.71238200828041,1.6597203978747528,150.41937678567595,209.3627798480045,1.5600166215890563,1.7427697522385692,1.9606800078010203,1.4478447948677942
2021,14163,"Simmons, Jeffery",DT,16,10.725,12.25,0.5,25.7,7.197872949698403,0.6711303449602241,3.0,15.65,2.1392139303452105,-0.3715859829774255,6.417811771741404,1.3082661887794405,118.56731111936674,165.02914973795924,1.092679228812535,1.2599851767508592,1.6884325322921958,1.711216757461705
2021,13208,"Allen, Jonathan",DT,16,10.7125,9.0,2.5,23.8,6.3606087562433835,0.5937557765454734,5.0,15.55,1.5676820595732055,-0.5511752602771305,6.721544265219703,1.4553823406132667,131.90035197509582,183.58688184025232,1.4633002241887263,1.3898749244578021,1.5199671923006595,1.358809431300123
2021,12764,"Hargrave, Javon",DT,16,10.54375,10.65,2.5,23.6,5.948631013729125,0.5641855140466272,6.45,12.675,1.2864585082303868,-0.6198089493629872,6.740728580667381,1.517385220076822,137.51963248750488,191.4081360826493,1.625187548403903,2.6311005542169696,0.9852216828051831,1.2516639605175448
2021,14153,"Allen, Zach",DT,14,10.528571428571428,10.2,0.0,21.0,5.779449871426045,0.5489301099047804,6.125,14.5,1.1709723623809896,-0.6552173149394328,6.7973185886474035,1.553012652685455,140.74852345994,195.90230168990584,2.35522058444075,2.753140018530032,0.7591045211015713,
2021,12700,"Johnson, Austin",DT,16,10.125,9.25,4.0,15.3,2.8962259925634255,0.2860470116112025,8.45,12.675,-0.7971690560892095,-1.2653788525623124,7.87296258113851,2.598668562687378,235.51563635205827,327.8048970685148,2.438264139186028,2.336423457091183,0.6481174634657474,0.7984378631716516
2021,14157,"Williams, Quinnen",DT,14,9.807142857142859,9.7,2.0,20.9,5.127720781025745,0.5228557242123847,6.625,12.075,0.726090150547776,-0.7157369427508677,6.439968475815447,1.600455243899217,145.04821454803508,201.88687161651782,1.612651299347132,1.7419110711932135,1.1472336328386743,1.2030510494261395
2021,13839,"Sieler, Zach",DT,16,9.75625,8.75,1.5,20.5,5.563830599281398,0.5702837257431286,5.75,13.875,1.0237866987079756,-0.6056547711383692,6.213049170705062,1.4863652942335386,134.7083168470757,187.49517706042798,1.6619506075314006,1.7449399218797257,1.7340638513840612,
2021,13332,"Jones, D.J.",DT,16,9.64375,9.5,0.0,27.5,7.011416471548385,0.727042537555244,4.125,13.2,2.0119353238937756,-0.24181168547753434,5.5839678469364395,1.2037509264745703,109.09516108697532,151.84523883302003,1.3089404411370191,1.234083841322477,1.0173313687212946,1.0597897531085214
2021,12305,"Jarrett, Grady",DT,16,9.35625,9.25,0.0,16.5,4.732595581443654,0.5058218390320539,5.375,13.625,0.4563704536210184,-0.7552732295672808,6.2133844505896,1.632114086381058,147.9174347865597,205.88042575808018,1.9204411937679795,2.449054592028898,1.5412349462273596,1.8235730707843685
2021,11872,"Harris, Shelby",DT,15,9.326666666666666,7.7,3.0,19.7,5.272629535840937,0.5653283991251898,4.5,13.0,0.8250075202121915,-0.6171562702010761,5.9582811324952845,1.4868830708677092,134.75524260561062,187.56049116731555,1.3676677837517355,1.3374922644160276,1.4644066289821591,1.5109611277626676
2021,13212,"Wormley, Chris",DT,14,9.314285714285715,8.5,1.5,20.1,5.6044443005856825,0.6017041427009168,5.625,14.325000000000001,1.0515103549527591,-0.5327268041136273,5.8152348276874966,1.4103057411597404,127.81508917655509,177.90076616693187,1.4986958437162055,2.1430947269151717,0.4196010845019198,0.8958665953552662
2021,13265,"Ogunjobi, Larry",DT,16,9.275,8.25,0.0,20.4,6.080861369904761,0.6556184765395968,4.0,14.325,1.3767213708114912,-0.40758961177049396,5.602136078709178,1.3098688867742585,118.71256259296727,165.23131951780985,1.3858444032603427,1.706728379978594,1.5662310139196876,1.5591683707296238
2021,13693,"Phillips, Harrison",DT,13,9.23076923076923,9.5,1.0,19.0,5.6351076182999815,0.6104699919824981,4.0,14.0,1.0724416971435813,-0.512380938932721,5.731723830138616,1.3912011321881614,126.08365093013798,175.49084576870058,1.822870669131761,3.44550516001226,0.9427017282054497,
2021,13748,"Jones, Justin",DT,10,9.16,8.5,2.0,18.4,4.938663786896209,0.5391554352506778,5.825,10.3,0.597036384267025,-0.6779047016730225,5.951315760716615,1.5424345153554138,139.78983377535482,194.56793944439312,1.5424345153554138,2.249474050015653,1.5959491163590231,1.2199990881996032
2021,12741,"Jones, Chris",DT,13,9.146153846153847,7.0,0.2,34.5,8.931242947748984,0.9765025931096449,4.0,10.0,3.3224440331850706,0.3371944661563711,4.627443383094247,0.9209475484865582,83.46487545313516,116.17145821202402,0.852706942857798,1.056802846035049,1.1945874309017992,1.432422885305939
2021,13723,"Payne, Da'Ron",DT,16,8.91875,8.5,3.0,17.5,4.454803411768021,0.49948741827812426,5.074999999999999,10.8,0.2667444315581767,-0.7699756578795479,5.9478658448775015,1.6350268427197523,148.18141599312676,206.2478507562123,1.5350509267956478,2.267359754352657,1.3623135596680596,1.7802075049625885
2021,12739,"Clark, Kenny",DT,15,8.913333333333332,9.5,1.0,17.1,5.433582816358118,0.6096016622690485,3.25,12.75,0.9348771769346103,-0.5143963647876396,5.537601968407665,1.385438501027789,125.56138742786442,174.7639278610101,1.0785457654849377,1.5427724606877984,1.1765528700206351,1.5481286361860738
2021,9904,"Joseph, Linval",DT,13,8.76923076923077,6.5,2.5,20.5,4.905316521644122,0.5593781998366103,5.5,12.0,0.574272930337379,-0.6309669060717312,5.62354326240395,1.4849721834705814,134.58206012755488,187.31944532733462,1.36118945113166,2.176430057515084,1.8910182161942983,1.5483597930448536
2021,9051,"Campbell, Calais",DT,14,8.678571428571429,9.5,0.0,16.0,4.9627438509973745,0.5718387976457879,4.625,12.375,0.6134738769863269,-0.6020453908876041,5.521285924211634,1.4554660816294807,131.907941368759,183.5974452170502,1.406167446590597,1.0306250993094046,1.1290300559302164,1.5557154433179907
2021,14159,"Lawrence, Dexter",DT,15,8.606666666666666,7.5,0.0,19.6,5.440400312068548,0.6321146760730305,5.5,11.6,0.9395309243512809,-0.4621428147940137,5.273322268858486,1.3363558551692494,121.1130592573561,168.5724758595782,1.7031596206833304,1.372008383607582,1.535190560275894,1.2049849224336664
2021,10823,"Hicks, Akiem",DT,9,8.455555555555556,8.5,0.0,19.9,5.164862289464821,0.610824712288875,5.2,11.0,0.7514436243585728,-0.5115576197883182,5.249208986582266,1.371572495626596,124.30472040513878,173.01482274673995,1.207295115658933,1.6597747640423461,1.5922043440496283,
2021,12697,"Robinson, A'Shawn",DT,16,8.45,7.5,0.0,17.7,5.59352304008842,0.6619553893595764,4.125,14.0,1.0440553025428005,-0.39288139927939314,5.084372332795378,1.2815606995871942,116.14701005769513,161.66042843908932,1.6309869294489208,1.3387184217392183,,1.4042057953447926
2021,14161,"Tillery, Jerry",DT,15,8.26,8.0,1.0,16.3,4.480148807052433,0.5423908967375827,4.75,11.35,0.28404566251441743,-0.670395074129129,5.3553220636035235,1.5072583411184313,136.60184005472183,190.13069710399492,1.5124742662213877,1.808314802137008,1.035162581383552,0.8064332701795571
2021,14897,"Brown, Derrick",DT,15,8.26,7.0,0.5,19.5,5.772555759799987,0.6988566295157369,3.5,12.55,1.1662663155372899,-0.3072322359059102,4.862093631970893,1.219628201369573,110.5341081516853,153.84805232659713,1.2316361983166328,1.014439539837801,1.0769899831127523,
2021,13317,"Godchaux, Davon",DT,16,8.24375,6.0,1.0,23.5,6.502208158579668,0.7887439767799446,3.0,11.75,1.664340404633321,-0.09860032926913982,4.608680787756003,1.098843144011179,99.58743720871435,138.6118140993422,1.0671242040676423,1.358832790613398,,2.0166364196715043
2021,13742,"Hill, B.J.",DT,16,8.243749999999999,8.25,2.5,15.9,4.14728356126031,0.5030821605774448,5.375,10.625,0.05682575017407736,-0.7616321260855717,5.484563795789423,1.6015729271347001,145.14950945044177,202.02785998387768,1.7527853129845068,3.496424815681771,0.8499890386038546,1.0591326345513636
2021,10457,"Guy, Lawrence",DT,16,8.225,7.75,3.0,14.0,2.5708704751503917,0.3125678389240598,6.5,9.625,-1.0192626903168085,-1.2038230169940156,6.266342779465181,2.3033599390506017,208.75200846403632,290.5536621997672,2.126240167593918,2.9210665812376795,2.047176772375846,1.6187372489230336
2021,11283,"Richardson, Sheldon",DT,16,8.00625,6.25,0.0,21.5,6.63950946512617,0.829290799703503,1.875,12.15,1.7580647907988671,-0.004489631467137447,4.37669614983997,1.0480057700756802,94.98007917745205,132.19901472606387,1.5449637185969076,2.117424485096827,1.5437747381427844,1.6086642952031318
2021,14237,"Gaines, Greg",DT,16,7.91875,7.0,2.5,16.0,3.3908366869402604,0.428203527948257,5.574999999999999,9.625,-0.4595387385970527,-0.9354282427499503,5.544552891124697,1.803471767363353,163.44746961278744,227.49606685323056,2.421767439383918,2.423042616232867,0.8449086741815881,0.7066419133718365
2021,12360,"Covington, Christian",DT,15,7.913333333333333,9.0,0.0,18.0,4.714356324627526,0.5957484824718863,4.75,10.5,0.4439200029137022,-0.5465501150320281,4.959010408128493,1.3848162214226536,125.50499063325327,174.68543139368907,1.2978170726357392,1.1616650643592916,1.1973703745219402,0.8454616942603326
2021,10762,"Cox, Fletcher",DT,16,7.83125,8.0,-1.0,21.5,5.14535211987479,0.6570282036552006,5.0,9.8,0.7381256253183228,-0.4043175822255405,4.726081295855571,1.2743370676308063,115.49233700649908,160.74921491847175,1.5911081613052154,1.8358119003825455,1.5789952881632323,1.4402479213962374
2021,13777,"Nichols, Bilal",DT,16,7.81875,8.9,0.0,18.8,4.757522825746609,0.6084761407829395,4.199999999999999,10.774999999999999,0.473386247059967,-0.5170087423997786,4.860967347761935,1.358005905775302,123.0751892183488,171.30348692899523,1.2702953822118854,1.6659434813030782,1.2374877385469514,1.0496694736195855
2021,12173,"Brown, Malcom",DT,16,7.6625,6.0,2.5,17.0,4.430981127244845,0.5782683363451674,4.0,10.875,0.2504829038993744,-0.5871221902539976,4.855004579097258,1.4108868766935325,127.86775711082458,177.9740725810598,1.5078619188364468,1.3976724706890635,1.1732392722867364,1.1175923347323113
2021,12782,"Onyemata, David",DT,10,7.659999999999999,7.5,0.0,17.5,5.791407428250925,0.7560584109988153,2.825,12.125,1.1791348096412562,-0.1744647541962056,4.362041690653744,1.127895812602245,102.22046160789915,142.27661659620674,1.127895812602245,0.9697851618741088,1.6712572783149735,1.3334675261037905
2021,12796,"Jefferson, Quinton",DT,16,7.612500000000001,7.3,1.0,14.5,3.514234447216065,0.4616399930661497,5.75,9.25,-0.3753051677232315,-0.857820952279631,5.208190824083096,1.686332442191752,152.83120899927144,212.71971369227097,1.9369002110669358,2.6646253848431485,1.0298769828577987,0.8648432031554787
2021,12952,"Pierce, Michael",DT,8,7.5625,5.75,0.0,21.3,6.612476370468178,0.8743770407230649,2.5,9.925,1.739611505344389,0.1001572261083528,4.03467383333007,0.9934349391661751,90.03436037650513,125.3152643832597,1.0999725924410826,1.4828320747588564,,1.334820643806549
2021,9940,"Woods, Al",DT,16,7.425000000000001,6.25,1.5,19.6,5.3015917421091565,0.714019089846351,2.875,9.274999999999999,0.8447776525784807,-0.27203959640368697,4.331923748098743,1.17827372890311,106.78617929350472,148.63145841968785,1.2971669364686058,1.129463373996597,,1.0986827902737601
2021,12698,"Reed, Jarran",DT,16,7.25625,6.5,0.0,17.5,5.209842697961235,0.7179800445080082,3.4,10.075,0.7821480748976072,-0.2628460719721076,4.223710294654808,1.1685078596889922,105.90110493830667,147.3995584388731,1.6077937796393653,2.172974056396954,1.4698599174646028,1.0050636330707614
2021,15618,"Jones, Naquan",DT,11,7.245454545454546,7.5,3.0,13.5,3.4757245513741153,0.47971104222227434,4.25,8.25,-0.40159272783369154,-0.8158773689487394,4.896533403287378,1.6188338809255098,146.71385843070652,204.20521544272444,1.5545626892868212,1.4667605631836498,,
2021,10763,"Brockers, Michael",DT,15,7.2,8.0,1.5,13.5,3.4389921004077144,0.4776377917232937,4.5,9.25,-0.42666697152281435,-0.8206894611697567,4.872642023863647,1.6219898204681849,146.99987917238707,204.60331639788092,1.9558741952237897,1.9805659915296379,1.3676850899042752,1.6013643333138243
2021,13692,"Vea, Vita",DT,15,7.2,6.0,0.0,16.5,4.980762993759089,0.6917726380220957,3.75,10.25,0.6257740738092831,-0.32367444603780876,4.255891032980499,1.2038597763384342,109.10502607911891,151.85896952531846,1.604390908281171,1.635819505322322,,1.1862583454760487
2021,14269,"Watts, Armon",DT,16,7.175000000000001,7.75,0.0,16.1,5.092089453259831,0.7096988785031123,2.5,11.0,0.701767553719518,-0.2820669690767772,4.196645438687956,1.1777568361476887,106.73933364032418,148.56625580827398,1.2440218452459701,1.1063082753096078,1.0591030842336553,
2021,12791,"Lowry, Dean",DT,16,7.09375,5.75,1.0,16.3,4.289299003042339,0.6046588902967174,4.875,8.95,0.15376809137853975,-0.5258687240466926,4.4207214647895015,1.341151255756153,121.5476632838194,169.17738401076105,1.1790403357078756,1.5154335962305308,0.913277026682989,1.2142540936762174
2021,13782,"Dickson, Michael",PN,16,7.5874999999999995,9.3,-1.8,14.0,4.854492120706347,0.6398012679678876,3.375,11.725,1.3941460710452098,-0.6473750345700551,4.62708509147743,1.2960133592398728,138.7615775438074,190.20287742139163,1.2636461333331557,0.7373844000187295,1.25155203057629,1.3735425268001782
2021,14630,"Cole, A.J.",PN,16,7.581250000000001,7.2,2.0,14.0,4.080780983770142,0.5382728420471744,3.625,11.3,0.5569065683021694,-0.8389215739553257,4.92841698349863,1.4921426497653145,159.76075132687706,218.98680556425782,1.2100135624671557,1.4674839437957317,0.5108347950950067,1.0712314027223004
2021,13848,"Johnston, Cam",PN,16,6.8875,7.25,-2.6,13.1,3.564911464538776,0.517591501203452,6.0,8.850000000000001,-0.0013202933038978816,-0.8779396049406175,4.538441335852371,1.5087915841311703,161.5433196781666,221.4302026170806,1.8436330797331728,1.5042786192807835,0.6515261125447684,0.9660557901502396
2021,15499,"Gillikin, Blake",PN,16,6.7,6.0,-0.2,13.7,3.954743986657038,0.5902602965159758,4.800000000000001,9.725,0.42052084532025813,-0.7408405005550077,4.213146750050106,1.3522393928006935,144.78158733792438,198.4546082334353,1.214638230761624,2.6251805497701475,,
2021,15032,"Fox, Jack",PN,16,6.03125,6.0,0.3,12.0,2.9471848325987295,0.48865240747750954,4.7,7.475,-0.6697676161699004,-0.9325369574148804,4.051483052527908,1.527987731962674,163.5986131185258,224.24742863325363,1.3275751843527945,0.9918496946703222,1.1131718472836098,
2021,10814,"Anger, Bryan",PN,16,6.0125,5.55,1.1,16.3,3.6723417256568056,0.6107844865957265,3.2,8.15,0.11493091997730692,-0.702118954861668,3.732653281698145,1.2868279661532687,137.77811574075565,188.8548294380411,1.4326303460749579,2.2169622771063207,0.9550483568588556,0.8506405266032459
2021,13844,"Cooke, Logan",PN,15,5.859999999999999,6.3,-1.2,14.6,4.175132732421011,0.7124799884677493,3.15,7.55,0.6590054103017815,-0.5102572050316609,3.421937797499909,1.1323381066708595,121.23719317736985,166.1819028077053,1.056468403864109,1.2948260137710104,0.9653598824982751,0.7274529373194559
2021,11985,"Way, Tress",PN,15,5.24,4.8,0.0,13.9,3.7714365079281573,0.719739791589343,3.4,5.85,0.222162239616612,-0.49656064515742815,3.0469725859848342,1.098201766133382,117.58228296307145,161.17205460778177,1.1065815407846546,1.876190268421904,1.1626348308196894,1.244295391879428
2021,11383,"Martin, Sam",PN,16,4.8125,4.4,-5.4,16.7,5.100352316262083,1.059813468314199,2.15,7.35,1.6601935118078002,0.14503243896603996,2.336376605954842,0.7888888625614333,84.46476442184847,115.77730318526875,0.776880035006437,1.075005074339749,0.4881008872163071,1.0699539996543361
2021,12266,"Berry, Jordan",PN,16,4.56875,4.7,-2.8,10.3,2.948032977681898,0.6452602960726453,2.75,6.55,-0.6688498310511573,-0.6370758702484309,2.776916218610474,1.1572218433399606,123.9014454636382,169.8338391721847,1.5790099969247917,1.9305892474556876,1.1892625907871404,0.5435858276162451
2021,9596,"Morstead, Thomas",PN,13,4.4923076923076914,5.8,-0.1,8.8,2.812735197266324,0.626122561035312,2.0,6.3,-0.8152567276171455,-0.6731816887404476,2.762588626436343,1.1782375276228496,126.15155305972552,172.91810029733966,1.1966657723420457,1.2842348621975455,0.5643942854524414,0.9069332996191163
2021,9577,"Huber, Kevin",PN,16,4.487500000000001,2.9,-1.8,15.7,4.642450188208808,1.0345292898515448,0.75,7.95,1.1646936647790833,0.09733055802184849,2.205669892482818,0.7953105211947923,85.15231866352336,116.7197455923433,0.7175073991271665,0.5260760570472033,0.7301658141824305,0.9312625720429516
2021,13051,"Palardy, Michael",PN,16,4.3374999999999995,4.65,-1.9,10.5,3.2266226537976204,0.7438899490023333,2.525,6.325,-0.36738553673571445,-0.45099824195735955,2.4872555762371653,1.0262330837844622,109.87673901532816,150.60993318411124,1.3343119215335588,1.058262493677534,,0.9110768495223289
2021,7578,"Lee, Andy",PN,15,4.2333333333333325,3.9,-1.2,11.2,3.2671428224401553,0.7717660210488557,1.75,6.949999999999999,-0.3235383123314245,-0.39840641770967855,2.3893297890583036,0.9920767852135101,106.21969193400605,145.59715594385995,0.9091496333595401,0.5199945975033756,0.814138473247123,0.7812864660966155
2021,15051,"Townsend, Tommy",PN,15,4.1866666666666665,3.0,-3.0,22.2,6.243168711123827,1.491202717625118,0.4,6.050000000000001,2.896845001599568,0.9589041904895544,1.6805804830920574,0.5780158979642318,61.887014724878455,84.82959392686175,0.6520136567307018,0.618031395450777,0.9783053028545702,
2021,11840,"O'Donnell, Pat",PN,16,4.025,3.5,-0.2,14.1,3.3698108255508945,0.8372200808822098,1.6,5.775,-0.21244037956489165,-0.2749188472475269,2.1908099317460357,0.921092505072591,98.61954597645006,135.17950535543724,0.9248832052626292,1.0340284987148123,1.4250623532570612,0.5537293795860072
2021,13671,"Andrews, Mark",TE,16,15.387500000000003,13.8,0.8,39.9,10.637720326742944,0.6913221983261051,9.075,19.225,2.7179288030395354,0.09174765436171721,9.097911690172902,1.322209124122036,292.8376172275241,776.0923601426873,1.3959301769153087,1.9617399623090193,0.906677327848311,1.1167701639594418
2021,11244,"Kelce, Travis",TE,15,12.353333333333333,12.6,-4.6,41.7,11.751531342292752,0.9512842424953658,3.2,18.55,3.1513258671124507,0.11263311351745958,6.330873311176586,0.9687725341944835,214.55988721705316,568.6369491691805,0.8006044280745395,0.7185214843663966,2.231036025297274,1.8609664427825783
2021,13299,"Kittle, George",TE,13,12.284615384615384,10.5,-4.1,40.2,11.686931962590732,0.9513469975809613,2.9,17.2,3.1261894830105508,0.11263815528723489,6.295454063190364,0.968288899226256,214.45277366812974,568.3530716818063,1.0168845031652491,1.2611680385275565,,1.7388646422812328
2021,13424,"Hill, Taysom",TE,11,11.281818181818181,7.6,0.3,34.9,11.09273457406146,0.9832399703035943,5.300000000000001,10.100000000000001,2.894980238288493,0.11520045003023231,5.688579471344137,0.9329418513838327,206.62425011813858,547.6055414434876,1.027443380234788,1.4174099784026644,0.693817944965272,0.9128223716261668
2021,13674,"Goedert, Dallas",TE,15,10.333333333333332,8.7,-2.5,28.5,7.612767054246585,0.7367193923464438,5.1,12.3,1.5408836410193603,0.09539488388142264,5.949915328216719,1.199769280679478,265.7201277522961,704.2242831953788,1.1715291339086562,1.1307843494314416,1.0070823359795333,1.0352990145583207
2021,9902,"Gronkowski, Rob",TE,11,10.045454545454545,9.7,-3.2,24.5,8.84198287473035,0.8801973902446503,3.3,17.05,2.0191860821625456,0.1069219661307821,5.34276592318184,1.0206738492958178,226.05478402873698,599.1012784470854,0.9621557543284913,0.8889523551337886,0.8177672336432491,
2021,15329,"Pitts, Kyle",TE,16,9.88125,8.7,-0.9,31.1,8.604447886848988,0.8707853648930032,4.075,11.625,1.9267584037457,0.10616580008476251,5.281872621750567,1.0288202004333875,227.85900547351687,603.8829130354155,1.21488485294027,2.1038605190407678,,
2021,12263,"Waller, Darren",TE,10,9.209999999999999,9.5,0.8,20.7,5.500809031406199,0.5972648242569163,4.65,12.325,0.7190957490290507,0.08419104566256655,5.766107072623163,1.4167467395989282,313.77543224450005,831.5827661451733,1.4167467395989284,1.206193239256937,0.9737901903857629,1.2983451810308064
2021,14143,"Knox, Dawson",TE,14,8.721428571428572,8.85,-2.7,26.4,7.09065567907395,0.8130153931780123,4.075,12.45,1.337723918265861,0.10152453643976574,4.810454783917133,1.0779631364100788,238.74298744916297,632.7281663850446,0.8582415211685704,0.5185917190125565,0.5741963883125357,0.6057943120769548
2021,13772,"Schultz, Dalton",TE,16,8.525,8.8,-3.8,22.5,6.910454037181638,0.8106104442441804,3.25,12.8,1.2676053241355136,0.10133132183841999,4.708356801486732,1.0776878242297854,238.6820124026291,632.5665673793488,0.861168675631758,0.9469749946894384,0.9226699512640251,-2.639878117117183e-18
2021,14138,"Hockenson, T.J.",TE,12,7.675,7.85,-3.0,22.9,6.68469956941472,0.8709706279367714,2.825,11.025,1.1797615856865555,0.1061806841950412,4.10214884477565,0.9987378075971474,221.19647677215403,586.2255585147986,0.964755226603093,1.0990133130850344,1.1113289260858208,0.4219990967440439
2021,13672,"Gesicki, Mike",TE,16,6.73125,5.65,-7.0,20.5,6.928719105108822,1.0293361716039104,2.625,11.125,1.2747124784949329,0.11890383808662792,3.31697137920716,0.8489706736694405,188.02664770482923,498.31727961909803,0.7311066583716499,1.3836832857479777,0.9425826023393137,0.6236232613435332
2021,12676,"Henry, Hunter",TE,16,6.6187499999999995,5.75,-3.7,21.4,6.242717632369736,0.9431867999803191,3.425,7.300000000000001,1.0077811767892706,0.11198256160533557,3.4061316184666524,0.9138489633254443,202.39563322009465,536.398657233689,0.7246907279687284,0.46014570105064284,1.1771741199325303,1.2940339569355037
2021,14137,"Fant, Noah",TE,15,6.526666666666667,6.1,-2.4,19.9,6.159271241163375,0.9437085660618041,2.15,9.05,0.975311197186434,0.11202448051014542,3.3578422097971754,0.9116384121809149,201.90604914590105,535.1011379353608,0.9584182251461416,1.4219445062969536,0.9202704970922652,0.5117240173973159
2021,11247,"Ertz, Zach",TE,16,6.3500000000000005,6.25,-3.6,24.1,6.336304127801948,0.9978431697325901,3.0,7.75,1.0441967910999015,0.11637367716880208,3.1784276644947775,0.86555844596679,191.7004415291564,508.0537449912514,0.9451068975124219,0.9693331972029873,0.5589780902164836,1.141604940958068
2021,15331,"Freiermuth, Pat",TE,15,5.786666666666668,6.2,-5.3,14.1,4.579063465625064,0.7913128108799072,2.55,9.350000000000001,0.3604336273094368,0.09978094191768971,3.2304054498578676,1.0372111201675216,229.71739299820047,608.8081011780674,1.05445493137935,1.8857920507726602,,
2021,12317,"Uzomah, C.J.",TE,16,5.75625,3.05,-1.0,26.2,8.0552753483354,1.3993963688747708,0.675,6.125,1.7130688616793819,0.14863462882558004,2.399040889896599,0.6356791791050452,140.78769593567623,373.12233398237106,0.6225747152313295,0.8548760927719282,,0.4271637391510826
2021,13192,"Njoku, David",TE,15,5.466666666666666,2.9,-4.0,38.3,9.674066133511571,1.7696462439350438,1.05,7.4,2.342959537789569,0.17838065835731898,1.9737779431714584,0.5121447251955739,113.42777648846017,300.61175744463816,0.5365530725396342,0.6632488456865497,0.6042543447898637,
2021,13675,"Conklin, Tyler",TE,16,5.15625,5.1,-2.5,15.5,4.420402802630095,0.8572902405100791,3.0,7.325,0.29869688331437166,0.10508159615798576,2.7762219859529913,0.9512669422829753,210.68281835555408,558.3617545010767,1.2251536479887646,0.8023416754258869,0.2886793688204336,0.2618859012603515
2021,9474,"Cook, Jared",TE,15,5.12,3.8,0.0,16.5,4.328232895767048,0.8453579874545015,2.3,6.6,0.26283248040163865,0.1041229539661049,2.774529405572173,0.960918957590522,212.82050831135618,564.02716340161,1.035541721297864,1.305437810423527,0.8480081362659266,1.3268970938166258
2021,12678,"Higbee, Tyler",TE,14,5.107142857142857,5.25,-3.9,12.1,3.549741295546215,0.6950542396873708,3.7,6.275,-0.04008782585389499,0.0920474881227085,3.0129672181373963,1.1225128035614436,248.60967051682636,658.8773251620511,1.1264044079556872,0.8810082855269409,0.9435341311499095,0.9607357352639849
2021,13236,"Everett, Gerald",TE,14,5.0928571428571425,6.45,-14.6,15.8,7.165040552742809,1.406880332936877,1.625,9.75,1.3666679540218771,0.14923589362268402,2.115957770381893,0.6237393568298132,138.143311593282,366.1140592093301,0.5288159886627942,0.45846549074885024,0.6424662738147091,0.618355753886038
2021,13880,"Arnold, Dan",TE,11,4.736363636363636,3.3,-1.0,10.9,4.205899045015168,0.8880017177575211,1.7000000000000002,9.0,0.21523092949901335,0.10754896906126364,2.508664897820784,0.9098070468536787,201.50044563816772,534.02618797989,1.0557095766986897,1.0168720599457728,0.6338683943432296,
2021,15330,"Jordan, Brevin",TE,8,4.2625,3.5,-1.6,11.2,4.636522808096602,1.0877472863569742,0.45000000000000007,7.625,0.38279173832024593,0.1235966114309635,2.0416743098432533,0.7562286439925547,167.48651188822225,443.88082219096566,,0.8688613731372802,,
2021,14867,"Kmet, Cole",TE,16,4.175,3.5500000000000003,-2.5,14.9,4.48783076775406,1.0749295252105533,1.075,7.8,0.32493390352081314,0.12256682714938841,2.0121165318018894,0.7607741886888857,168.49324104595564,446.54890430229733,1.1186969748850653,1.4752821131186156,0.3767909408320684,
2021,13427,"Tonyan, Robert",TE,8,4.1,0.35,-4.4,15.1,6.987488819311269,1.7042655656856756,-0.525,9.825000000000001,1.2975804706732756,0.17312794737208437,1.516123287603387,0.5133027529362509,113.68425186597537,301.2914808454047,0.5596128154009102,0.4631614495184845,1.0329999440528344,0.38358448418537544
2021,14873,"Okwuegbunam, Albert",TE,13,4.046153846153846,1.4,-2.0,19.0,5.55927712298798,1.3739658288753562,0.7,6.3,0.7418463762716638,0.1465915286254584,1.7043858832924623,0.6168597194915713,136.61963688194766,362.07594308885086,0.6737238296773944,0.5717713585997842,,
2021,14239,"Moreau, Foster",TE,16,3.975,1.35,-5.9,15.0,6.07417689897158,1.528094817351341,-0.1,8.825,0.9421999803280382,0.15897431590433958,1.5723302673293589,0.561902827250174,124.44800299998755,329.8180926266144,0.7136821837058617,0.8679545196440952,0.4306091380049502,0.8984540789442104
2021,13189,"Engram, Evan",TE,14,3.692857142857143,4.1,-6.8,12.0,5.062814616074214,1.3709749443914698,0.95,5.300000000000001,0.5486669320797838,0.1463512397174089,1.5575268526529895,0.609099465628777,134.9009267257382,357.52093463685463,0.8568571680185293,0.7704656353109712,0.849169529554427,0.8610984741680755
2021,11516,"Doyle, Jack",TE,16,3.60625,2.1500000000000004,-2.0,17.7,5.153089940753993,1.4289330858243308,0.0,5.075,0.5837941306154638,0.15100762099609516,1.484705371690432,0.586087646162067,129.80436048839968,344.0137692760383,0.5852889136950729,0.46965461353376814,0.548499712391481,0.7585186693611436
2021,12212,"Kroft, Tyler",TE,8,3.5749999999999997,2.3499999999999996,0.0,8.0,2.9243589041018887,0.818002490657871,1.175,6.699999999999999,-0.2834315247318213,0.10192520193327709,1.9664439506385567,0.9109768212747499,201.75952262372974,534.7128062876304,0.8539318039210154,1.216680444769034,0.5186842525247487,0.2230220784121055
2021,12677,"Hooper, Austin",TE,15,3.4666666666666672,3.0,-3.0,8.5,3.4967921807787716,1.0086900521477224,1.75,6.55,-0.06069095382183135,0.11724512023031643,1.7258345372697266,0.7709199196450961,170.74027717968448,452.50410771114275,0.7062305063811529,0.6551228693378203,1.2191656591813167,1.2318542728958215
2021,14802,"Taylor, Jonathan",RB,16,22.043750000000003,19.3,4.6,50.8,12.619626022093522,0.5724809082889036,14.375,28.9,2.4556250221374314,-0.18388704950647222,14.018453186809706,1.6185282888268013,234.69741870324125,421.60468749264163,1.635237238537659,2.5000062126068996,1.4454951846001662,
2021,12626,"Henry, Derrick",RB,8,21.5875,23.6,1.6,44.9,13.482714628367686,0.6245611871855327,11.4,28.8,2.731229207820299,-0.1727089527867502,13.288203713274237,1.4905700038938816,216.14261222703283,388.27328815680283,1.538888113799884,1.6500654474068586,1.2808768083885103,1.2191567347431684
2021,13610,"Chubb, Nick",RB,13,16.546153846153846,12.5,1.3,36.1,11.478583092981694,0.6937311957636542,7.3,25.8,2.091263582279466,-0.15786285245144088,9.769055377582312,1.3259641517681497,192.2736635876737,345.39569415735957,1.2368478000073395,0.8778140839719355,1.8211266412051608,1.243417020130476
2021,13404,"Ekeler, Austin",RB,15,15.820000000000004,14.8,4.3,33.5,8.174774206871609,0.5167366755291787,9.9,19.45,1.0362808712471852,-0.1958515481335185,10.430287771923572,1.7242931153718568,250.034025391601,449.1549916492428,1.5245012563548908,2.2868048737524,1.3195522244363411,1.2244204051401062
2021,13131,"Mixon, Joe",RB,16,14.425,10.8,-0.2,30.5,9.73155306207596,0.6746310614957338,6.15,22.5,1.5333964229505872,-0.1619623533129908,8.61383759782647,1.3441670480087589,194.91320519475343,350.1373019710518,1.3080153416917273,0.8555367363228898,,1.011760041568914
2021,15263,"Mitchell, Elijah",RB,11,13.5,11.3,0.0,25.4,8.21506376891091,0.608523242141549,7.800000000000001,20.2,1.0491462617258005,-0.17615120971557857,8.392791379269363,1.4649925750427562,212.433714106521,381.6107145261247,1.3776655832438065,1.2635774391129402,,
2021,13146,"Conner, James",RB,14,13.342857142857142,11.95,2.2,37.6,8.780800019337182,0.6580899372094248,8.2,14.525,1.229798951932306,-0.16551260863117562,8.047125094621375,1.3641887285781915,197.81648268467166,355.3526784571012,1.6115204335377742,2.555322107739607,1.0338803320271475,1.049642219448777
2021,13129,"Fournette, Leonard",RB,14,13.192857142857145,12.4,1.1,34.2,8.885097015767013,0.6734778463494215,5.7,18.75,1.2631033989627207,-0.1622098702371938,7.883496738027616,1.3346209067866668,193.52895091951575,347.6506615369707,1.5525339828479479,1.5694514451635313,0.8854028181777713,1.1747033707071894
2021,15254,"Harris, Najee",RB,16,13.031250000000002,13.8,-4.8,33.7,8.946418190398882,0.6865356884718565,9.525,17.725,1.2826846705455885,-0.1594072388902083,7.72663756188131,1.3101449939616312,189.97977998435385,341.2750179050783,1.1418312664606243,1.0328587877846682,,
2021,11225,"Patterson, Cordarrelle",RB,15,12.966666666666667,13.4,-1.9,31.2,9.073673762900865,0.6997691847995526,5.85,17.299999999999997,1.3233203227579586,-0.15656690652208327,7.628486727858745,1.2871835014570414,186.65021011671362,335.29386024562257,1.0497654755726962,0.7941456377119455,0.519280506131005,0.3904467218173104
2021,13128,"Cook, Dalvin",RB,12,12.641666666666666,11.7,-3.4,40.9,11.3060056557959,0.8943445475909744,5.375,17.075000000000003,2.036155608779329,-0.11480479866404916,6.673372424643126,1.0272761950757494,148.9619136989738,267.5915287878467,0.9402206407556715,0.8299637570089962,1.413633295366404,1.4369395975317936
2021,14075,"Harris, Damien",RB,14,12.471428571428573,9.7,-1.8,32.6,10.060987495656434,0.8067229377960484,4.425,17.675,1.6385924690376585,-0.1336112038864456,6.902789747409742,1.1275149326699816,163.49720055793293,293.70236165361416,1.4221570405567383,1.7896806178685267,1.8798753221907876,
2021,13132,"Kamara, Alvin",RB,12,12.333333333333334,14.35,-2.3,26.8,9.067922707115573,0.735236976252614,6.725,17.35,1.3214838774208286,-0.1489543819408658,7.107578677794301,1.2250127153456063,177.6350306355556,319.0992129041893,1.4115052139988888,1.0076752576510577,1.6405113061587804,1.0704392902414448
2021,13138,"Hunt, Kareem",RB,8,12.0,11.649999999999999,0.0,30.0,9.339432530941053,0.7782860442450877,4.35,16.975,1.4081832537726355,-0.13971467247869335,6.7480707273357705,1.160605281197943,168.295522241351,302.3219490568509,1.252338436600228,1.085599495703069,1.5944571262578462,1.4221817216065538
2021,12625,"Elliott, Ezekiel",RB,16,11.850000000000001,10.7,1.0,25.1,7.802323371919417,0.6584239132421449,5.375,17.9,0.9173486917146287,-0.1654409266725743,7.1453383573285425,1.3462354766246236,195.21314116761633,350.67609959739696,1.3381926371074864,1.1545585992357545,0.9942721868752147,1.7905508814572781
2021,13319,"Jones, Aaron",RB,15,11.399999999999999,11.2,-1.4,32.5,8.275586585453224,0.7259286478467741,5.449999999999999,14.35,1.068472599076475,-0.15095224749427297,6.605139797767628,1.2290327835307433,178.21796738900994,320.1463861927837,1.4329280479780795,1.4104837185305656,1.1732206722762335,0.9329015361260425
2021,13608,"Penny, Rashaad",RB,9,11.066666666666666,3.3,-2.1,36.0,13.656825725214807,1.2340505173386873,0.6,23.5,2.786826914377971,-0.0418930119655971,4.953633134424298,0.7550520743129376,109.48759688113023,196.6808340817587,0.6960429999763056,1.4476956192694663,,0.6824077556320244
2021,14087,"Henderson, Darrell",RB,12,10.691666666666668,12.0,2.3,21.1,6.925491358420394,0.6477466586207694,3.225,16.0,0.6373559177348235,-0.16773260765791861,6.4886592916025245,1.3490225631635275,195.61728734219906,351.4020978745734,1.1942099190623117,1.1468350372569063,0.8771830767734061,0.3675771429364399
2021,14071,"Montgomery, David",RB,13,10.399999999999999,7.3,0.0,28.2,8.447029518849078,0.8122143768124115,4.5,14.7,1.1232182992353728,-0.1324325651050136,5.738835390045324,1.1008751459122168,159.63425344109004,286.763058183658,1.0852850119662236,1.0676770105547781,1.2177345080998814,0.8943803882178724
2021,13726,"Edmonds, Chase",RB,12,10.308333333333332,8.55,0.1,22.3,6.359567376970089,0.6169345879033232,6.375,14.275,0.45664328066350013,-0.17434586538063834,6.375232127788257,1.4006710999875702,203.10667035520075,364.8558418575943,1.2735513278862924,1.24082396724326,0.968366297252381,0.5441383268953289
2021,14797,"Swift, D'Andre",RB,12,10.133333333333333,9.8,-6.2,23.7,9.309881249988578,0.9187382812488729,3.925,18.125,1.39874684520046,-0.10956912174449299,5.281248324673923,0.9828758535259132,142.52356744131137,256.0258414576277,0.8710697820565784,0.46309123403306535,1.0331783691028609,
2021,14085,"Pollard, Tony",RB,15,10.08,8.5,3.9,29.0,5.748878151430938,0.5703252134356089,7.1,11.55,0.2616360641546606,-0.1843497306994083,6.4190525082041106,1.4935815662730223,216.5793088986495,389.05775934861776,2.1149191451690275,2.4028810960657143,0.7449876477584426,0.4905140840057648
2021,15256,"Williams, Javonte",RB,16,9.84375,8.899999999999999,-0.6,28.1,7.447312329793884,0.756552363661601,3.975,13.2,0.8039854420295164,-0.14437941676932897,5.604017394323688,1.165311476086997,168.9779519523423,303.5478490545069,1.1797333869663036,1.0470222720893452,,
2021,13134,"Foreman, D'Onta",RB,8,9.8125,9.0,3.4,18.9,5.738126327469621,0.5847772053472224,4.7,12.8,0.258202757694671,-0.1812478701333138,6.191722071021393,1.456265365639843,211.16821041808618,379.33739473406524,1.1931443416125982,1.6955763277293348,,
2021,14805,"Dillon, AJ",RB,16,9.8,12.0,-13.4,27.1,8.796306042879591,0.8975822492734276,5.575,14.25,1.2347503844509593,-0.11410988413358164,5.164466522466871,1.0003770765331585,145.06136174018494,260.58467290199934,1.0397921937667793,2.2703769990745934,0.4947446564016182,
2021,13623,"Williams, Darrel",RB,16,9.5625,8.15,-2.2,25.8,8.168374608819065,0.8542091094189871,3.65,14.875,1.0342373313404505,-0.12341914980194095,5.157185320374351,1.0429874877496634,151.24015613719007,271.6841076347029,1.1490969701257951,1.251608111293906,0.6004653778825064,0.5987436185420768
2021,14073,"Jacobs, Josh",RB,14,9.085714285714285,11.4,1.0,14.9,4.9270183888515815,0.542281898144042,3.875,13.175,-0.0008027966582544612,-0.19036872478530759,5.891085343508143,1.5329316849773993,222.28533909246076,399.3079320602623,1.4536652919736757,1.5956599777971578,1.0242170158746893,1.7454268076233566
2021,12151,"Gordon, Melvin",RB,15,9.066666666666666,8.9,-4.0,22.7,6.779052703405953,0.7476896364050684,5.550000000000001,11.149999999999999,0.5905946628945191,-0.14628164203718272,5.187801356604973,1.16552323430036,169.0086583084861,303.60300919967415,1.0387119284376403,0.8967228541176279,0.9979833129111455,0.9033469907706455
2021,14079,"Sanders, Miles",RB,12,8.866666666666665,5.35,2.9,21.7,6.1706743733746166,0.6959407188016485,5.175,10.875,0.39632536885389374,-0.1573886180051896,5.228170164421696,1.2365178231477678,179.30334815691762,322.09613758754807,1.1801870475470118,1.5022528139046925,1.1971023680701787,0.9624044898148204
2021,13108,"McKissic, J.D.",RB,11,8.70909090909091,6.7,-3.1,19.1,6.744216990126976,0.7743881721440159,4.699999999999999,14.85,0.5794708126650739,-0.14055128073559936,4.908221913228606,1.1245928310368942,163.07347629237114,292.9411937739149,1.2808701070457256,1.7537850525501495,0.9402893136529861,0.5919949093066679
2021,14813,"Robinson, James",RB,14,8.628571428571428,7.65,-5.5,27.4,8.54261824797364,0.9900385386724418,2.25,15.1,1.153741994785661,-0.09426580174492745,4.335881572588821,0.9042142527711083,131.11710962672493,235.53556035914926,0.7852802798289976,0.33227060986933005,1.3940792695111999,
2021,15258,"Carter, Michael",RB,13,8.576923076923077,9.0,-1.0,25.9,7.012752542679092,0.8176303412989075,3.3,10.7,0.6652204352994333,-0.13127012557620857,4.71873894380189,1.0704090799308963,155.2164702653375,278.8270608236765,1.2816308830370067,1.3429464217702505,,
2021,13214,"Watt, T.J.",DE,14,17.37857142857143,18.5,2.0,37.0,10.261591255845303,0.5904738083922492,10.925,23.650000000000002,3.042007936398976,-0.18611049730786644,10.92666307164076,1.543171922489295,158.99636978076242,216.1274545170695,1.4270141882310443,1.2605697788327241,2.2578342795846633,2.324100810450487
2021,14147,"Bosa, Nick",DE,16,12.25625,11.55,1.0,19.1,4.569049237806483,0.3727934105298507,9.825,16.700000000000003,0.14194372868034016,-0.360014565824559,8.927963891718793,2.2007796082671103,226.75112429310437,308.22806438868673,1.9349695527970203,1.483880244694187,,0.9969103694733558
2021,10269,"Quinn, Robert",DE,15,11.740000000000002,10.9,3.7,27.3,5.999977777736626,0.511071360965641,8.05,12.55,0.8709299406932587,-0.2495448202568653,7.769322020965063,1.6771481814326583,172.80023602428523,234.89137018269406,2.0419307529089274,3.365137665351029,0.6476422428916294,1.4248698633151997
2021,14167,"Hines-Allen, Josh",DE,15,11.626666666666667,9.7,1.0,38.2,10.137485991221997,0.8719167997037268,4.0,15.9,2.97878253818795,0.0387332723893617,6.211102260798583,1.0439220014130852,107.55756124126856,146.2054885730594,1.0222093111537693,0.953717849152731,1.0291708544788323,1.4065124835540903
2021,10753,"Jones, Chandler",DE,14,11.542857142857144,8.85,-3.0,44.7,11.554696898151992,1.0010257213745537,4.25,16.725,3.700780305257944,0.14187791463019694,5.768470149862978,0.919405481191363,94.72835251574234,128.7664474858984,1.1707472449967011,1.9788468086068063,,1.1201287919887761
2021,13700,"Landry, Harold",DE,16,11.506250000000001,10.9,4.0,21.4,5.5043697130098375,0.4783808550144345,7.6,14.3,0.6184425273344667,-0.27566114511941725,7.783007985373064,1.769003071425285,182.26424573221212,247.7560181650316,1.66215757168409,2.0893639674762676,1.6197852809038897,1.2351203475967774
2021,11723,"Van Noy, Kyle",DE,15,11.486666666666668,9.0,-4.2,40.7,9.697825644041156,0.844268047943223,6.5,13.5,2.75479767652652,0.01664478638981343,6.228306497787513,1.0737384445095073,110.62961442148618,150.3814017394859,1.2692630882246407,1.8086973164925777,1.257890155743873,1.2640798459301286
2021,12075,"Barrett, Shaq",DE,15,11.4,11.5,1.0,29.7,6.750999925936897,0.5921929759593769,7.0,14.399999999999999,1.2535379995003382,-0.18473706066717063,7.159936120890699,1.4707779781873798,151.53746376363645,205.98839050456186,1.1912209202632276,1.2268563940574202,1.2948520612630017,1.219180520725582
2021,15350,"Parsons, Micah",DE,16,11.34375,10.2,1.5,20.7,5.370052228563518,0.47339303392295473,8.65,16.525,0.5500145161086881,-0.2796458970279929,7.699065856037687,1.7807938762470836,183.47907807599623,249.40736795678532,2.0103593737681016,1.7190079850698954,,
2021,10292,"Jordan, Cameron",DE,15,11.253333333333334,10.7,1.0,24.6,6.6314268617110015,0.5892855623558354,8.5,13.5,1.192621529728152,-0.18705978269212878,7.080749740564089,1.4746040992405298,151.9316773628648,206.52425419663678,1.4629194315174059,1.2203268563272098,1.242752405939612,1.4423301221123281
2021,13198,"Garrett, Myles",DE,16,11.243749999999999,9.0,2.0,29.7,7.315392056308398,0.6506185264087514,7.2,14.1,1.541067439111283,-0.13806110349211906,6.811840422307031,1.3521611397107884,139.31611211914404,189.37562365130418,1.3425660824546761,1.153185343929663,1.9019219564572916,1.449592995758739
2021,13245,"Reddick, Haason",DE,15,11.106666666666666,9.6,1.0,28.3,7.174070594083172,0.6459247233568283,5.1,14.5,1.4690712530342878,-0.14181096547124633,6.747979727781753,1.3587681362461272,139.99684538610134,190.3009601756251,1.1850809406908138,1.1813253395747387,0.9532263705002324,1.177162791338525
2021,13688,"Davenport, Marcus",DE,10,11.0,11.8,-1.0,22.0,6.981976797440679,0.6347251634036981,7.4,16.025,1.3712091129916917,-0.15075825268944185,6.728959855916485,1.3781047325929352,141.98913709271756,193.00912851808576,1.3781047325929352,1.4182680321576122,1.0915473675440566,0.9082340862384284
2021,14940,"Highsmith, Alex",DE,15,10.746666666666668,9.0,1.0,24.0,6.884462377137537,0.6406137447708625,5.5,14.0,1.3215304142378788,-0.14605388671254388,6.55039414421559,1.3630183204156854,140.43475113335558,190.89621561826792,1.5086792332142358,1.5847206696184246,0.9059538630981155,
2021,12734,"Floyd, Leonard",DE,16,10.6,10.0,2.0,27.7,5.904976714602691,0.557073274962518,7.275,12.225,0.8225316711650068,-0.21279406050922436,6.807643654570568,1.5351246554652456,158.16724230323786,215.0004022992444,1.3419886980855078,1.4088904889634442,1.0188694437461634,0.9196239129119087
2021,13684,"Hubbard, Sam",DE,16,10.58125,10.2,1.0,24.8,6.5086690987866325,0.6151134411139167,5.0,14.825,1.13008261594439,-0.16642598543113035,6.5513974007313625,1.409204462307426,145.1934100928319,197.3647711534956,1.5477739969887703,1.5095540442956148,1.684498999789159,1.6666879445239025
2021,14882,"Greenard, Jonathan",DE,11,10.545454545454545,12.0,0.0,18.8,5.784990553361287,0.5485766904049497,6.0,14.1,0.7614047492143043,-0.21958195063422886,6.809772232008044,1.554232752797323,160.13599125786953,217.67656843268762,1.466242668668952,1.564877925113758,0.4636841852734999,
2021,14249,"Van Ginkel, Andrew",DE,16,10.431249999999999,10.15,2.0,18.0,4.155827046148576,0.3984016341424639,7.0,13.774999999999999,-0.06857222079613025,-0.33955625025066993,7.459409189261075,2.0231962605867833,208.45432456314242,283.35679998876367,2.047006152012748,3.0189449795045054,0.8655493003282602,
2021,12278,"Golden, Markus",DE,15,10.3,8.0,1.0,23.4,7.006378046703826,0.6802308783207598,4.5,14.9,1.383640323756132,-0.1144039045600334,6.130109934828675,1.2864743508134047,132.5482589557764,180.17592381689371,1.2043739998070515,0.9208471514647887,0.8538152939072241,1.6121655984325385
2021,12691,"Ogbah, Emmanuel",DE,16,9.675,9.65,1.0,20.1,4.923730800927281,0.5089127442818895,6.75,12.475000000000001,0.322636168557788,-0.25126933117911054,6.41190157394055,1.6332612546278282,168.27847021121497,228.74482899783092,1.768165726913043,1.60738984020997,1.459177736528288,2.0346246433989963
2021,12795,"Judon, Matt",DE,16,9.5,10.2,0.0,18.3,5.149878639346757,0.5420924883522902,6.675,12.15,0.4378471322669693,-0.2247621557841413,6.1604605895919065,1.54474593030491,159.15854323988395,216.34790066284313,1.4239148057343212,1.489226964775996,0.8952250118389492,1.273916196466599
2021,14171,"Burns, Brian",DE,16,9.3875,9.15,-1.0,23.1,6.966515897491371,0.7421055549924231,4.575,12.825,1.3633325611067828,-0.06497245314308502,5.388594263474941,1.1783695809803243,121.40998867690934,165.03541459385903,0.9269248125990428,0.9104112105958224,1.8591411836273852,0.7358711283127488
2021,12686,"Bosa, Joey",DE,15,9.34,9.9,2.0,17.3,4.181833728561351,0.4477338039144915,5.8,12.3,-0.05532312248683429,-0.30014496142375935,6.451462261049514,1.8024507325504429,185.71043122784937,252.4404980685208,1.9937244452954141,1.959402874570191,0.8990514083051504,1.54851591981073
2021,14149,"Gary, Rashan",DE,15,9.1,8.7,-1.0,21.2,5.890444239047962,0.6473015647305453,4.5,13.9,0.8151281048720811,-0.1407110119662786,5.524185853297916,1.3206695656037015,136.07146653640703,184.96510162760038,1.5259814331662065,2.305418247738754,0.8128796240310078,0.49705205619754667
2021,13746,"Green, Rasheem",DE,16,9.05,7.5,2.5,20.3,5.217638354658169,0.576534624824107,4.375,14.0,0.4723673034799574,-0.1972464597468605,5.740438463893366,1.4555365693181344,149.96710815695508,203.85376969261097,1.770751060458711,1.4608468718251797,0.7334938249865204,1.0485383668250872
2021,13204,"Harris, Charles",DE,16,8.943750000000001,6.4,-3.0,29.5,7.3537378888222555,0.8222208680723695,5.5,9.875,1.560602714571037,-0.0009686244478697113,4.908159135210167,1.0706285161241669,110.3091917152788,149.94584372040936,1.0933653112209856,1.0700221849658669,0.8490202641542957,0.9017463479385729
2021,13703,"Carter, Lorenzo",DE,13,8.692307692307692,6.0,2.0,22.4,6.3113404084615246,0.7260834098230073,5.0,12.2,1.0295535605321655,-0.0777724859374379,5.0358561138126,1.188880178831224,122.49291850356326,166.50746623364208,1.159234558725348,1.636012167406785,,1.2503668221637652
2021,10267,"Miller, Von",DE,14,8.592857142857143,7.5,2.0,20.2,5.316479002083224,0.6187091107993777,4.75,9.025,0.5227216483327154,-0.16355341815596822,5.308462827279496,1.3603871935651415,140.1636603938388,190.5277156861267,1.15792237772225,1.363557074344983,,1.1425370388863687
2021,13759,"Armstrong, Dorance",DE,12,8.575,5.0,1.0,25.6,7.660083224090976,0.8933041660747495,2.875,11.075,1.7166702744061875,0.05581956065096729,4.5291190679508855,0.9901752417512238,102.01991533858117,138.67803801167233,1.107152206106926,1.2122210488673333,1.0054301202552662,0.6328069662306058
2021,13256,"Bowser, Tyus",DE,16,8.55,8.0,0.0,24.6,5.915023245939107,0.6918155843203634,3.925,12.0,0.8276498742187808,-0.10514892558312844,5.053742310474525,1.2364383597728388,127.39294163960876,173.16818137404778,1.4053719616945775,1.5165391276414595,0.9553287328028354,0.7546948158201123
2021,12270,"Smith, Preston",DE,15,8.493333333333334,8.3,0.0,26.6,7.715652201135617,0.9084362874178512,0.5,12.2,1.7449798768432059,0.06790855668687645,4.450414923112244,0.9744919986856158,100.40403659073654,136.48153653769876,0.9991774120847888,1.9454140389181271,0.9438922233035307,1.2041573716564344
2021,13284,"Hendrickson, Trey",DE,16,8.15,8.65,0.0,16.4,4.529762686940674,0.5557991026921072,5.45,11.5,0.12192920447487784,-0.21381199204551116,5.238465548602959,1.4738426332919117,151.8532218649533,206.41760781798132,2.0195895738854652,1.784018094074486,1.2009536839180903,0.7858659648069117
2021,14384,"Reed, Malik",DE,13,8.13076923076923,6.0,1.0,21.8,6.664531216174244,0.8196679830677879,3.0,10.7,1.2094865354135305,-0.0030081148802265814,4.468270754020479,1.060830597651047,109.29969079970941,148.5736057031797,1.0547085795268833,1.2970278538955957,1.0117574699972296,0.7675393981703602
2021,11706,"Clowney, Jadeveon",DE,13,8.099999999999998,7.0,2.0,17.8,5.086482841051142,0.6279608445742152,4.0,11.1,0.40555015756317886,-0.15616224210117907,4.975549643590176,1.3308178485887459,137.1170662720004,186.3864096084626,1.2631545512059583,1.2760659346205712,1.5707078590388914,1.1315333680846185
2021,12215,"Gregory, Randy",DE,11,8.018181818181818,6.0,0.0,20.3,6.637745808743176,0.8278367788681966,2.5,12.4,1.1958407158246989,0.0035179060133549494,4.3867055914843265,1.0498099856901684,108.16421310665004,147.03012452936278,1.0366388415877161,0.9946776313219373,0.7394850843500137,
2021,15346,"Rousseau, Gregory",DE,16,7.99375,6.0,0.0,21.0,5.636983762394566,0.7051738873988511,4.0,10.5,0.686002723964123,-0.09447702642895404,4.687938314721689,1.204425125354823,124.09454825697492,168.6845987188741,1.2926773141629138,1.1678048815836928,,
2021,13262,"Kpassagnon, Tanoh",DE,8,7.95,9.15,1.0,12.3,3.6732138516563393,0.46203947819576596,5.725,10.274999999999999,-0.31443940053490677,-0.2887162109031872,5.437609666881719,1.7011847204857236,175.27677308139164,238.25778446565943,1.3115204334337798,1.340435286117536,1.012337897651908,1.0198171620479461
2021,14225,"Crosby, Maxx",DE,16,7.93125,7.5,-1.0,20.4,5.80115492272875,0.7314300927002364,4.75,10.25,0.7696396834307534,-0.07350104066928642,4.58075092574537,1.1661622312843647,120.15223880599997,163.32572601170057,1.9483140582716243,2.670554868954531,1.429710055955133,1.1853947621690413
2021,12083,"Autry, Denico",DE,16,7.66875,5.5,0.0,19.2,5.469314256604753,0.7131950130861944,3.5,11.225,0.6005835332183986,-0.0880689786450902,4.47628550248072,1.1854038458822278,122.1347443358088,166.0205917769656,1.281192918741367,1.399485623024432,1.0760843238703628,1.1088778901161143
2021,14962,"Gipson, Trevis",DE,15,7.633333333333334,5.0,-3.0,22.5,7.211256632669665,0.9447061090833622,3.25,12.0,1.488015671747368,0.09688438369723665,3.925186071910531,0.9296181662332925,95.78058773575708,130.19677523469278,0.986428567782632,0.7609505802217159,,
2021,12217,"Fowler, Dante",DE,13,7.584615384615384,8.0,2.0,15.3,4.563373609318533,0.6016618349000095,3.0,10.9,0.13905228106659343,-0.17717242411671943,4.735466138574055,1.3633122485089468,140.4650351860422,190.93738143374307,1.3659596987957576,1.273411976023763,1.0310322444853368,1.0785804860301358
2021,15378,"Oweh, Odafe",DE,15,7.366666666666666,7.3,-0.8,20.0,6.359839271204545,0.8633265979010695,1.4,12.25,1.0542612948818453,0.031870591791883854,3.95350266290665,1.0009276555112872,103.12775998590537,140.1839569452725,0.7706079680315446,1.0836251273760626,,
2021,13296,"Wise, Deatrich",DE,15,7.213333333333334,6.5,-3.0,17.1,5.267873279501785,0.7302966653653121,3.25,10.75,0.4979594742631954,-0.07440653159473007,4.168841955093525,1.1508422413266626,118.57378681834123,161.18009960123288,1.4252681810411383,1.1871559985365492,0.9909259745492414,1.1934518115715707
2021,15385,"Ojulari, Azeez",DE,16,7.106249999999999,6.0,3.0,19.6,4.040029200080119,0.5685177414360767,4.75,7.775,-0.1275654065556514,-0.20365111837342018,4.5305512410039945,1.4099620692449628,145.27146798841278,197.47087706207785,1.4502450402463902,2.0222056679384606,,
2021,13690,"Sweat, Josh",DE,16,7.04375,5.5,0.0,19.8,5.792017000795147,0.8222916771315203,2.7,9.925,0.7649843712260137,-0.00091205535117986,3.8653252321755684,1.037063069655948,106.85087053878375,145.24486750435494,0.972880631343978,1.2978954600439538,1.140222244050322,0.9050650488666443
2021,14148,"Sweat, Montez",DE,11,6.8999999999999995,7.0,0.0,15.5,5.1724796234055335,0.7496347280297875,2.0,11.399999999999999,0.44936119834155897,-0.05895742452028951,3.943680294783522,1.117865172666714,115.17608749104598,156.5615280713593,1.0398390870916197,0.8685955827941484,1.2683218794841655,1.0667159282694485
2021,14164,"Jones, Dre'Mont",DE,15,6.886666666666668,4.5,-1.5,20.9,6.672817162854748,0.9689473130960427,2.25,11.85,1.213707809023641,0.11625059234507791,3.497638875789839,0.8975408276383866,92.47558955992761,125.70421453088223,1.0472716911996183,1.1795721065009652,1.3503119341474588,0.6775432200315403
2021,14947,"Wonnum, D.J.",DE,16,6.8375,4.0,1.0,33.5,7.613218356910565,1.1134505823635195,2.75,8.325,1.6927949787160168,0.23169372221046208,3.235230602058114,0.79383799605105,81.79086058185311,111.18021452119511,0.8782202350061505,1.0307768486551439,1.2077606679744823,
2021,12752,"Byard, Kevin",S,16,11.7125,11.0,3.5,38.0,8.477387200665072,0.7237897289788748,4.675,14.35,2.0164777650903516,-0.12245141419992578,6.79462222282654,1.2358363916141444,141.8676289885302,262.6595406620267,1.438202292301661,1.4351990993331794,1.2712379224934653,1.4847978903540464
2021,14909,"Winfield, Antoine",S,12,11.6,9.35,5.5,22.0,5.445334394384487,0.46942537882624885,7.5,15.0,0.5878630190504223,-0.27474038687907415,7.894242312097452,1.7997514620973782,206.6021638696931,382.51171073128796,1.9206937419954118,2.167222198446784,1.2679404133489895,
2021,13714,"James, Derwin",S,14,11.17857142857143,10.65,2.5,21.8,6.037404666083003,0.5400873183716424,5.225,16.225,0.8668292425569183,-0.23243479580694815,7.258401062863567,1.5884508507016675,182.34594601921918,337.6027552195367,1.5046235138705415,1.1192410056353632,,
2021,11382,"Hyde, Micah",S,16,10.96875,9.1,2.5,27.8,7.342829729572926,0.6694317702174747,4.875,13.125,1.4819074139161912,-0.15499574555666673,6.570349382156011,1.314751751569248,150.92670435123605,279.4318839411504,1.1760441155022259,1.1119143795445587,0.7666385769927473,1.02946762047836
2021,11317,"Poyer, Jordan",S,15,10.546666666666669,9.5,1.1,25.9,6.633738681082401,0.6289891290533249,5.0,14.149999999999999,1.1478044174050106,-0.17920891957898646,6.474362829416662,1.3815860232159844,158.59893323042755,293.63656282124435,1.171837425196898,1.2716036319141932,1.6291417191405415,1.6975383619166926
2021,12767,"Simmons, Justin",S,16,10.525,8.45,0.5,30.6,7.690944350338261,0.7307310546639677,4.875,15.825,1.6459288582351372,-0.11829561423432566,6.0812452469939045,1.211030651644934,139.0200582755967,257.38743157840884,1.3414397987723525,1.2573145262096121,1.273602408202509,1.5755119703056946
2021,12720,"Kearse, Jayron",S,16,10.3125,9.0,3.9,22.5,5.291015379868027,0.5130681580478086,7.5,11.175,0.5151524055426695,-0.24861127716489353,6.815621586608099,1.6392425351559603,188.17656882233365,348.3978091593146,1.6445716965149353,1.3775065520434986,1.1492371105761878,0.6415980696925258
2021,10783,"Smith, Harrison",S,14,10.135714285714286,9.25,4.5,21.0,4.236340594505246,0.41796172179755775,7.0,11.0,0.018220443300870092,-0.3055518879974847,7.1480873777503575,1.9356483984922979,222.20242963624113,411.3946819183113,1.8189231633858687,2.0823314573492424,1.0791339592656168,1.4859660175828
2021,11316,"Ryan, Logan",S,14,10.0,9.0,4.0,23.0,4.5,0.45,7.5,11.25,0.14244905628600615,-0.28637044031847186,6.8965517241379315,1.8181818181818181,208.7178734707826,386.42882216790275,2.525447718928997,2.3789562120000616,1.5071939741019136,1.8602516252631158
2021,13251,"Baker, Budda",S,16,9.94375,8.5,1.5,26.6,7.12565512339041,0.7165963669028697,4.0,13.424999999999999,1.3795810810056668,-0.12675810937952411,5.792712947389482,1.2237474823877332,140.47988470405542,260.09021403751547,1.1119474593481506,1.4601055595961587,1.0815180252595065,1.5484533619439496
2021,14921,"Dugger, Kyle",S,15,9.860000000000001,8.5,2.0,23.1,6.0312298358903,0.611686595932079,5.5,11.75,0.8639198428758453,-0.1895680166466393,6.1178147320246925,1.4023151326486998,160.97852783228427,298.0422417597149,1.4341372945630386,2.045762777619788,0.9648353239841022,
2021,14908,"McKinney, Xavier",S,16,9.63125,5.75,1.5,36.7,9.500573584657928,0.986432039938526,4.35,9.5,2.498573312071468,0.03479360733757752,4.848517244163086,0.9172118001317499,105.29117304519401,194.9403915818777,0.9067055215685776,1.324542824703225,,
2021,13713,"Fitzpatrick, Minkah",S,15,9.393333333333334,8.0,3.5,19.7,4.609912026155042,0.4907642327347454,7.25,11.15,0.19423639356686248,-0.26196472811272,6.301018717159354,1.67441722607037,192.21444150053986,355.87369206841106,1.8369397211427474,2.2561097374444086,1.1331703499970927,1.0054445520091835
2021,11313,"Mathieu, Tyrann",S,15,9.346666666666666,5.5,1.0,40.5,9.490547344009665,1.0153937957214336,4.0,10.35,2.4938492402453494,0.05213312851071723,4.637637908040159,0.890960820266811,102.27769626353012,189.36111720539876,1.22351395859117,1.205159525183518,1.073760638867724,1.2829892932958253
2021,12718,"Bell, Vonn",S,16,9.325,7.5,2.5,19.8,5.614879784999854,0.6021318804289388,5.375,13.75,0.6677478563641028,-0.1952884637428682,5.820369792219238,1.409700599721512,161.82634127239848,299.61191829787356,1.2322676338035186,1.5934484182997075,1.440674353069086,1.4014731738504442
2021,13325,"Woods, Xavier",S,16,9.318750000000001,8.0,0.1,24.9,6.174971533335194,0.662639467024568,6.0,10.375,0.9316467334383123,-0.15906232514909938,5.604792972150891,1.2987856407101728,149.09387736287835,276.03851296351934,1.1294402299763369,1.2200017962636425,1.1092234029307415,1.1962767030873314
2021,12250,"Collins, Landon",S,13,9.3,7.5,1.5,24.0,6.3806196950067235,0.6860881392480347,4.0,13.5,1.0285421422687226,-0.1450235095624846,5.515725888533701,1.2600567952704314,144.64800611868952,267.80724479355825,1.3835861523002049,1.331267006858056,,1.389568453280641
2021,14927,"Chinn, Jeremy",S,16,9.1625,8.95,3.0,18.0,4.0909771143334455,0.44649136309232695,5.875,10.875,-0.05027058392627898,-0.28847107552876394,6.334292919946854,1.7997527378788134,206.6023103228066,382.5119818805825,1.9722271179243294,1.8810601582165838,1.0255827310185892,
2021,14184,"Abram, Johnathan",S,14,9.092857142857143,8.25,5.0,18.9,3.686357917223658,0.4054124967881478,7.0,10.875,-0.24091533467881154,-0.31306516013430646,6.469884936726731,1.9402822625729002,222.7343732775119,412.3795441696256,1.8499775929134723,2.5960019614308143,1.6131942944894195,
2021,14224,"Gardner-Johnson, Chauncey",S,11,9.054545454545455,7.0,1.0,19.9,6.9952404125771155,0.7725667122324124,3.0,15.85,1.3181334773945166,-0.09324843561581163,5.108154966501625,1.1324919561270443,130.00422204308194,240.69514299643888,1.2587709603063397,1.3070392581145303,1.0941587972541615,0.8280144438158156
2021,12349,"Diggs, Quandre",S,16,8.899999999999999,7.0,1.0,20.8,6.677106409216495,0.7502366751928647,3.5,15.725,1.168238024559306,-0.10661751976065963,5.085026571631677,1.1592909522936141,133.0806082631529,246.39089048460022,1.1756933531910134,1.0190088172614455,1.0717068695061485,0.8433541998402707
2021,12088,"Phillips, Adrian",S,16,8.8375,6.75,3.5,33.7,7.286792418478793,0.8245309667302736,4.0,11.125,1.455504269224358,-0.062137224753248836,4.843710608999753,1.0664560608871025,122.42364264811091,226.66014772633335,1.1025412636236438,1.713011773691969,1.5509814065055725,
2021,13760,"Whitehead, Jordan",S,13,8.823076923076922,7.5,0.0,22.6,5.791658968677926,0.6564216791003753,5.0,9.0,0.7510410457413674,-0.16278494010966266,5.326588654568233,1.2991048231025113,149.13051785147636,276.1063506652798,1.5148662579705778,1.257082757355352,1.1052325998158619,1.2947302131349743
2021,12750,"Bradberry, James",S,16,8.69375,8.5,2.0,15.0,3.81140865527432,0.43840789708403394,5.300000000000001,12.0,-0.18199507840481188,-0.2933106795587749,6.044008808366614,1.8069032632407587,207.42315366906587,384.0317248820065,1.6072353592172715,1.5291492667794615,1.338827308524781,0.8811638151378133
2021,13322,"Clark, Chuck",S,15,8.633333333333333,7.0,1.0,37.1,8.683522070885498,1.0058133672840346,3.25,9.5,2.1136024967770584,0.04639728697599683,4.304155847272706,0.8915488879082885,102.3452033887025,189.48610266272692,0.7799837429513158,1.0081952887020262,0.954495591255982,1.3428209411363328
2021,15366,"Holland, Jevon",S,15,8.620000000000001,9.0,0.0,14.5,4.941821526522381,0.5732971608494641,5.25,13.45,0.3506224583455926,-0.21255192782348592,5.478939525541277,1.4507335774935501,166.53671499691302,308.3328971966433,2.374727688300458,3.0199722929928403,,
2021,14518,"Thompson, Jalen",S,16,8.1875,6.85,2.0,20.5,4.867606573050044,0.5945168333496237,5.5,8.5,0.31565453935433063,-0.1998476234518306,5.134784298764915,1.395373036359534,160.18161106608702,296.5667974088957,1.4166419763785645,1.5058304362177475,,0.9965300636123153
2021,13767,"Maddox, Avonte",S,16,8.15,7.0,3.0,15.0,3.8812047098806834,0.47622143679517587,5.050000000000001,11.25,-0.1491092155268578,-0.2706715592869417,5.520851951380249,1.6696697812125194,191.66945937320713,354.8646898298116,1.4363394776541296,1.446807359867487,0.9398204262683356,1.3417515917054528
2021,13737,"Bates, Jessie",S,15,8.12,5.5,0.6,26.8,6.583028684934211,0.8107178183416517,4.25,9.0,1.123911347957516,-0.07040721296624193,4.4844093970626036,1.070812248954383,122.92371051852378,227.58599386952292,0.996439112568428,1.0782597359032942,1.6764151671987884,1.5170981246439934
2021,14911,"Davis, Ashtyn",S,12,8.05,5.5,1.0,20.0,6.096925454686157,0.7573820440603921,3.0,11.125,0.8948737001330709,-0.1023395583104942,4.5806772791422485,1.134294005397016,130.21108798341686,241.07814307372496,1.2157097432195545,0.9181021423116238,0.6521739130434783,
2021,13253,"Williams, Marcus",S,15,8.0,6.5,1.5,21.5,6.199462342278831,0.7749327927848538,3.75,8.5,0.9431860874782063,-0.09183185355000241,4.5072129111142685,1.1111940891780228,127.55933701859703,236.1685826945494,1.1188999390309988,1.8111468718235737,0.9924898438198934,0.9361985320728202
2021,14991,"Fuller, Jordan",S,15,7.7733333333333325,6.5,3.0,19.6,4.189584970163778,0.538968906967896,5.0,9.25,-0.003809441619394043,-0.23310439327061386,5.051000899458386,1.497871867986394,171.94794705980593,318.3514739374302,1.4013276644790411,1.3551445341084873,1.0920415221701174,
2021,14226,"Willis, Khari",S,11,7.736363636363635,7.8,0.0,19.5,6.622039335331503,0.8559627813001944,2.25,11.75,1.1422920273093855,-0.04331886932166984,4.168382962369496,1.0149991748930223,116.51665814704882,215.7237146104171,0.9729118461901632,0.7771082149791467,1.0981371490936005,1.0309574137686683
2021,13953,"Thomas, Tavierre",S,16,7.725,7.0,0.0,30.2,7.2387412579812525,0.9370538845283175,2.0,11.0,1.4328639654971527,0.005230704534177913,3.9880150272025485,0.9376432343370938,107.6365960698077,199.28280386222232,1.2618139928872045,1.0121963363855506,0.6370596770680784,0.4034259474088834
2021,14186,"Rapp, Taylor",S,16,7.65,6.75,1.0,28.7,6.337882138380296,0.8284813252784701,3.375,9.025,1.0084054535277613,-0.05977212899726669,4.183799907737607,1.0425351423930882,119.6776448663647,221.57609492898436,1.3154155236119145,1.8369358045764166,1.3610302429332966,1.320017789216653
2021,14185,"Adderley, Nasir",S,14,7.571428571428571,7.0,2.5,15.0,3.4941642310385737,0.4614933890050946,4.75,9.5,-0.331471387532191,-0.27948930149875345,5.180610893206152,1.6847244965230967,193.3976628641396,358.06435657785835,1.7588465380637834,1.7603986446980737,1.1017552985012165,
2021,12910,"Harris, Erik",S,12,7.516666666666667,5.6,1.0,18.0,4.690741471831032,0.624045428624971,4.875,10.0,0.23232086814057695,-0.18216873316534687,4.6283598563069726,1.3208589256556285,151.6277763647599,280.7298773900863,1.3551160815693726,1.2386556005223057,1.2912144942399495,0.7670723652994348
2021,12308,"Amos, Adrian",S,16,7.39375,4.5,2.5,21.5,5.521035766728921,0.7467165872160839,3.375,8.600000000000001,0.6235312952106197,-0.1087250107726765,4.232941997639213,1.1338306159465905,130.157893270042,240.97965620198178,1.085959502094744,1.9460154211056577,1.3372990671075882,1.3687970931061595
2021,13747,"Walker, Tracy",S,14,7.364285714285714,7.75,2.5,14.0,3.2607201533353556,0.4427748025867602,4.625,9.75,-0.4414634203528906,-0.29069619544416503,5.1042516829946285,1.7284133783160671,198.41292064031944,367.34981030105797,2.0174533695085,2.3852786185974097,1.1474056529744698,1.8971783331357819
2021,13717,"Reid, Justin",S,13,7.3307692307692305,5.5,1.0,23.6,5.926003273109069,0.808374003676998,5.0,7.5,0.8143401591206769,-0.07181046435432467,4.053790430443842,1.0584414909579536,121.50361145229375,224.95676427648652,1.4899382394263179,1.4640601845446892,1.3325210647012629,1.1615240136544116
2021,14222,"Edwards, Mike",S,13,7.300000000000001,3.0,-7.5,41.9,11.613453736606855,1.5908840735077883,1.5,9.0,3.494100743334152,0.3966815022837504,2.817571065661984,0.57874711815162,66.43717727787245,123.00451196021925,0.6087989021479508,1.3468042996649745,0.5456390075510328,1.1825812541168605
2021,9430,"Jenkins, Malcolm",S,15,7.12,5.5,1.8,30.1,6.818034907508175,0.9575891724028336,3.25,7.8,1.234639417826507,0.017525265042378675,3.6371267783733137,0.9107147875692131,104.54534958991293,193.55954348019455,1.3815838975984576,1.400584027862075,1.5800640527462237,1.5228122624225526
2021,12246,"Williams, P.J.",S,16,7.06875,5.0,0.0,21.0,6.077285449730002,0.8597397630033602,3.0,10.2,0.8856199032880621,-0.041057574989119223,3.8009350236101973,0.9987939655973141,114.65638389420675,212.2795266427984,1.1298332799313593,1.3896944428887048,0.776223067245296,1.1927534540685671
2021,11956,"Sorensen, Daniel",S,16,6.96875,4.0,0.5,28.3,6.689424372657187,0.9599173987669506,2.75,9.125,1.1740418892466562,0.018919183651425656,3.555634540712927,0.9062772012922279,104.03593762582139,192.6163972991384,0.827484985248361,1.0605102654674756,1.272851426016471,0.9099673600776063
2021,13716,"Edmunds, Terrell",S,16,6.9625,5.0,2.5,17.8,4.566026034748378,0.6558026620823523,3.5,8.75,0.1735585958918771,-0.16315554812013688,4.204909292296883,1.2508924601741918,143.5959878255061,265.8594950241027,1.2436743248155553,1.3090363964825664,1.1487721006218632,1.5505470806500492
2021,9846,"McCourty, Devin",S,16,6.95625,5.25,2.0,21.8,5.988318707074632,0.8608544412685905,2.0,8.5,0.8437013719876413,-0.04039021257069134,3.73820211067006,0.9954110983744677,114.26804822506418,211.56054607473718,1.1408093556663639,1.1569669738974095,1.0757465516285054,1.2938254077859275
2021,11768,"Ward, Jimmie",S,15,6.9399999999999995,5.0,2.0,31.1,6.883584337634962,0.9918709420223288,3.5,7.0,1.265524395251592,0.038049900172433565,3.484161475318215,0.8803102374220261,101.05506441210676,187.09748650413724,0.9039971383817123,1.3903037275384436,1.04739233807188,1.5896613482365995
2021,14910,"Jones, Brandon",S,14,6.8928571428571415,6.5,0.0,15.4,5.058862701905904,0.7339282676340172,2.125,11.0,0.40576884257095763,-0.1163814298041839,3.9752839096755688,1.1376486779753059,130.59618705311914,241.79113126897803,1.4580838745681524,1.553892938558933,1.0713998297948013,
2021,13281,"Douglas, Rasul",CB,11,14.718181818181819,10.0,3.0,38.0,11.03818316587045,0.7499692083049718,6.0,23.55,2.8340121575818524,-0.1889952111098911,8.410537595937425,1.2226248442463854,144.67231140802278,211.00416379750123,1.2946385106355063,1.6828565108857523,1.8257866511021428,0.8265833300778707
2021,14903,"Diggs, Trevon",CB,16,13.65,14.0,-2.8,33.9,9.566347265283651,0.7008313014859817,4.0,18.925,2.198021612189825,-0.20379899174731736,8.025487294403785,1.2918371559533983,152.86215407289853,222.94902654502056,1.1173752056456057,2.0915917944315856,1.1025268053520423,
2021,13917,"Jackson, J.C.",CB,16,13.10625,11.25,5.0,40.2,8.458831830548473,0.6454044315153818,7.0,16.5,1.719456477933694,-0.2204974487549896,7.965366902488179,1.3856097914408136,163.95820204430098,239.13258164879903,1.3632386515041544,2.3506846254523324,1.4277438914688543,0.6994512508660715
2021,13470,"Moore, Kenny",CB,16,12.125,10.5,2.0,27.8,8.139755831718787,0.6713200685953639,5.525,15.325,1.5815815161690756,-0.21268984295231555,7.254744454896827,1.32662187297402,156.97820441878304,228.95227452612397,1.4104767810348284,1.079652434541315,1.1674791350464404,1.3603765830227448
2021,12711,"Ramsey, Jalen",CB,15,11.633333333333331,11.2,5.0,22.8,4.794951048296068,0.41217344254694,7.5,14.5,0.13626806947928521,-0.29076296517711886,8.237892728213264,2.0074946684414128,237.5453886688514,346.45928866554243,1.93239658972264,2.876792385148947,0.815922903793119,1.1856460887727265
2021,12742,"Howard, Xavien",CB,15,10.78,9.0,2.0,25.0,6.761084725594456,0.6271878224113596,4.75,14.7,0.9858481274464146,-0.22598556785878238,6.624926668898566,1.3889811000838304,164.35712655180657,239.7144119334286,1.2152520892112582,1.42090734495436,1.5205048442912996,
2021,13224,"Lattimore, Marshon",CB,15,10.593333333333334,7.0,0.0,28.3,8.35435747911764,0.7886429338374109,5.0,15.1,1.6743123829163873,-0.17734397510337477,5.922553424682736,1.1324490599147554,134.0018762261419,195.44136376344193,1.1667729750351912,1.588180493643881,1.4108731160907273,1.386186524881554
2021,14918,"Terrell, A.J.",CB,15,10.566666666666666,9.0,1.0,24.3,6.999587289420872,0.6624215100398302,5.9,14.5,1.0889067466748792,-0.2153707123131265,6.356189812783101,1.3209014770850307,156.3013141205664,227.96503190887546,1.6550368335128558,1.7594018791682247,1.2148814104842331,
2021,11348,"Slay, Darius",CB,16,10.475,5.0,2.0,29.7,9.703639781030622,0.9263617929384843,3.85,13.0,2.2573466646181206,-0.13585340475248225,5.437711668907932,0.9786390624396921,115.80165073825275,168.89638551140405,1.021271192944358,1.3165026542969707,1.2883958261290829,1.404654167325678
2021,13227,"Lewis, Jourdan",CB,15,10.326666666666664,6.0,2.0,32.4,9.354319263788728,0.9058411165708906,3.5,15.85,2.106402835765513,-0.14203567036254428,5.418429992342202,0.9973293659952354,118.01326080737802,172.12201264585815,1.260313857652823,1.4250993475753457,1.1167577378505382,0.9077170378012492
2021,14245,"Oruwariye, Amani",CB,14,10.214285714285714,10.75,-1.8,26.5,7.327916985538167,0.7174184461366038,3.95,14.600000000000001,1.230780295498349,-0.1988017815138084,5.9474647761371875,1.2265114712386445,145.13221316218477,211.6749292267772,1.3328048055693633,1.4104053151294962,1.1513597774882371,0.6265150229341764
2021,13263,"Awuzie, Chidobe",CB,14,10.192857142857141,9.5,-1.6,28.3,7.768660877959257,0.7621671499049026,4.5,14.5,1.4212288016173664,-0.18532033638763842,5.7842737242078375,1.1624189012118964,137.54818581848585,200.61364644018153,1.4023572862937257,1.6699625366284854,,1.591768340516396
2021,14180,"Murphy, Byron",CB,15,9.860000000000001,9.0,1.0,34.4,8.308373286430182,0.8426342075486999,3.5,12.0,1.654442292932138,-0.16107802028154117,5.351034925763694,1.059261344232293,125.34162689104717,182.81041419579583,1.1627484835332755,1.4678014330450648,0.9094348055144572,1.5652921805752011
2021,12817,"Brown, Anthony",CB,16,9.85,9.5,-15.2,24.0,9.334479096339548,0.9476628524202587,4.75,15.0,2.09782976120493,-0.12943603306681878,5.057343465661893,0.9531201242149544,112.78201327953008,164.4922526766669,0.695753479328127,1.3389507646232295,1.3498046966578885,0.8415708904213431
2021,13710,"Davis, Carlton",CB,9,9.600000000000001,8.0,3.0,21.0,6.675993475797358,0.6954159870622247,4.0,14.0,0.9490796056669351,-0.2054304639039825,5.66232716528446,1.2506524439174023,147.98879695688638,215.84124874605658,1.3343823985997187,1.4543756889579482,1.5477444050543339,1.558270756512565
2021,13266,"Witherspoon, Ahkello",CB,8,9.6,5.5,0.0,34.8,10.907336980216572,1.1361809354392263,2.0,11.25,2.777472609291653,-0.07264117695946878,4.494001346391624,0.8062256082909139,95.40009170980048,139.14076841323683,0.9142867567142012,1.0453094995301329,0.5445432907938458,0.8883576290389676
2021,12714,"Fuller, Kendall",CB,15,9.54,10.0,2.0,17.0,4.020248748522907,0.42140972206739075,7.0,12.0,-0.1984861907971199,-0.2879803505974953,6.711646791133807,1.9003042434514674,224.86162339360675,327.9600522901819,1.8148148148148149,3.3532998457573893,1.2304986442493997,1.0846618296218538
2021,13774,"Reed, D.J.",CB,13,9.523076923076921,7.0,1.2,33.4,8.095787493995195,0.8501230809526458,6.0,11.0,1.5625824911570754,-0.15882184686532583,5.147266698696283,1.0469766283968058,123.88798537273978,180.6902820844983,1.093787387822987,1.2738280205221757,1.1150950112647682,0.3817201804374061
2021,13920,"Ward, Charvarius",CB,12,9.416666666666666,8.0,1.0,25.0,6.993548614417592,0.7426777289647001,4.0,12.75,1.0862973931407998,-0.19119191560268387,5.403561720078315,1.1780333267357956,139.39582947016,203.3084295671182,1.2825534285703846,1.8491096388479227,1.17109368746825,1.297781811118001
2021,13223,"Humphrey, Marlon",CB,12,9.35,7.0,3.0,23.0,5.324237034543072,0.5694371159939114,6.75,13.05,0.36497623112107114,-0.24338412723595773,5.957549942406403,1.478439209177355,174.94263974308208,255.15335348039167,1.3829178412817968,1.7761039540937265,1.6747469195538824,1.7895946396243012
2021,11883,"Mitchell, Terrance",CB,13,9.299999999999999,8.0,2.0,21.3,6.267621312992428,0.6739377755905837,3.0,11.0,0.7726191494152003,-0.21190120618207134,5.555762069303237,1.2796484020671606,151.4198676624727,220.84545582698527,1.256662627953498,1.2509797775881855,1.6808554507690436,0.6134436587434214
2021,15362,"Surtain II, Patrick",CB,16,9.20625,7.0,0.0,40.5,8.640057056379895,0.9384990692605453,5.75,9.25,1.7977651604229363,-0.13219680666275288,4.749164003216052,0.9549995343551627,113.0044025188353,164.81660676364086,0.9930940895891407,1.5694522937937374,,
2021,14956,"Sneed, L'Jarius",CB,14,9.0,7.8,2.2,25.3,6.477984695434662,0.719776077270518,4.1,10.5,0.8635186323511774,-0.19809149781656016,5.2332394425930335,1.2035328188749215,142.41316588767077,207.70920633964786,1.148995385435057,1.0500111348608832,1.2270922778963862,
2021,14964,"Hall, Bryce",CB,16,8.875,7.0,1.0,19.6,4.954227992331399,0.5582228723753688,6.7,11.15,0.20509274651360634,-0.2467626431982902,5.6955908922520635,1.490537482177427,176.37421961584718,257.24130874302796,1.6534635693984319,1.8304332035184507,,
2021,13232,"King, Desmond",CB,15,8.84,6.0,1.0,30.8,8.333450665840651,0.9426980391222456,2.5,11.5,1.6652784032633972,-0.1309317827177005,4.5503726374244495,0.9471309504375885,112.07331868864769,163.45862358702578,0.87180258466433,1.086061840936523,0.9080707590559389,1.1215811023424191
2021,13738,"Jackson, Donte",CB,13,8.600000000000001,8.0,0.0,20.2,5.723366411206177,0.6655077222332763,5.0,12.0,0.5374428150960545,-0.21444092894891797,5.163590588741478,1.2791211238563382,151.35747521406654,220.754456614523,1.245786968010104,1.080021366581433,0.9046757484427204,0.8666645364415846
2021,13764,"Johnson, Taron",CB,15,8.526666666666667,7.0,1.0,21.9,5.505568897842338,0.6456882991996487,5.0,11.05,0.44333099240300095,-0.22041192791781966,5.1812160728209955,1.3106719489965981,155.0908614783423,226.19959009694074,1.400881835926867,1.5838428073709478,1.2558303457118756,1.5318445516800079
2021,13959,"Williams, Darious",CB,13,8.430769230769231,8.6,2.0,20.0,5.091075844498672,0.6038684852051345,4.0,11.0,0.2642256567116063,-0.23301098621619837,5.25652153436442,1.3841182487300203,163.78170887671183,238.87516685476777,1.2305467288687912,1.771524956969905,0.9561386797337482,0.6233980880647708
2021,15380,"Campbell, Tyson",CB,14,8.25,7.0,2.0,21.0,5.50567888638631,0.667355016531674,4.0,10.5,0.443378519219027,-0.21388439446593752,4.947956444909451,1.2681228422238655,150.05605652232794,218.856341072384,1.189992433944453,1.1326930708387446,,
2021,13479,"Davis, Michael",CB,13,8.238461538461538,6.0,-1.0,21.0,6.575424930584448,0.7981374799028742,5.0,9.0,0.9056232367240784,-0.17448355254360187,4.581663877506482,1.0875246753750005,128.68600637404896,187.68818236970765,1.0499151999094243,1.4973289211701426,1.0660043457097506,1.209868376590661
2021,13226,"Jackson, Adoree",CB,12,8.125,7.0,3.0,16.5,4.463392767839281,0.54934064834945,4.75,10.0,-0.007000573127465218,-0.2494385914542172,5.2441662901284865,1.4871711306989484,175.9758816860274,256.66033398032164,1.4375671121088127,1.5586537306305437,,1.043587865323176
2021,15464,"Echols, Brandin",CB,13,8.1,5.6,-2.0,30.0,8.07522326435813,0.9969411437479172,5.0,10.0,1.55369654428132,-0.11458995877860928,4.056203671980879,0.8925400250825559,105.61361407019334,154.0371623680117,0.9671120246659817,0.9299228127388608,,
2021,13761,"Averett, Anthony",CB,14,8.057142857142859,7.0,0.0,19.0,6.552830826195248,0.8132946060880626,2.0,13.0,0.8958601668279016,-0.1699171640735785,4.443372207743479,1.0667712600153205,126.2302697809108,184.10649737899348,0.8569144939317931,0.5915148045708015,0.8756190815504132,0.6535650235877761
2021,13934,"Facyson, Brandon",CB,11,8.036363636363637,6.0,0.0,18.0,6.408981301448308,0.7974976732571423,3.0,14.5,0.8337017851348635,-0.1746763071366836,4.470861774080299,1.084678623064238,128.34923506752446,187.19700235583628,1.2327825657529243,0.9237837359987574,0.3654415010653573,0.7340213727991856
2021,13707,"Ward, Denzel",CB,15,7.886666666666667,5.0,-2.4,39.9,9.516222406443058,1.2066216069031772,2.5,10.1,2.1763623115170954,-0.05141951092174611,3.5740911092296397,0.7499524412715616,88.74132865484427,129.42898101824528,0.7084387808010416,1.4604364792798539,1.6033820241351593,1.0834497928757834
2021,15432,"Carter, Michael",CB,14,7.535714285714286,7.0,2.0,13.0,3.1985727046510566,0.42445514564089853,5.25,10.0,-0.5535381331157424,-0.28706285562367945,5.290243296726466,1.7948276273426065,212.38065188073728,309.7565900531957,1.571042663457243,1.4373294145355127,,
2021,13998,"Moseley, Emmanuel",CB,10,7.4799999999999995,7.8,1.0,15.2,4.065661077856834,0.5435375772535875,4.25,8.75,-0.17886320695150784,-0.2511868830907127,4.846010949282585,1.4766088542119002,174.7260551670401,254.8374654786421,1.4766088542119002,1.4292856034570196,1.0849917815779535,0.856339276888011
2021,11788,"Breeland, Bashaud",CB,13,7.438461538461539,6.0,2.0,20.7,5.397369510524186,0.7256029331625069,3.0,10.0,0.3965772834303366,-0.19633604053286563,4.310644931988551,1.162737516759767,137.58588736526687,200.66863404129867,1.1035651043272348,1.2064183621311415,1.4101998984109627,0.8222512530732514
2021,10851,"Norman, Josh",CB,14,7.428571428571429,4.3,-6.6,32.0,10.191553125114975,1.3719398437654773,3.0,8.5,2.468177419381298,-0.001614074094922205,3.131854902685264,0.6637659085851958,78.54293872791186,114.55465767558317,0.606848827959216,0.40437896005069734,0.6856226779463651,0.9118086970802975
2021,14904,"Fulton, Kristian",CB,13,7.4,8.0,-1.8,18.0,5.720139858430037,0.7729918727608157,3.0,11.0,0.5360485991654501,-0.1820591713728124,4.173735996024101,1.101167558397928,130.30035883096534,190.04271093796547,0.9794521720722288,0.9828440227640143,,
2021,13414,"Hilton, Mike",CB,16,7.1625,4.0,1.0,22.6,5.787580992953792,0.8080392311279292,4.0,9.25,0.5651903831853398,-0.17150045125680813,3.9614737759488428,1.0552360270080625,124.86531402228742,182.11571320152478,1.0407697483416087,1.4171697942834431,1.2351371785875216,1.7760341353619988
2021,15384,"Samuel, Asante",CB,11,6.827272727272727,5.0,-1.0,25.9,7.157461575052087,1.0483632133897864,3.0,9.5,1.1571253252419211,-0.09909802824715862,3.3330381460885734,0.8369359345991322,99.03402235664835,144.4408461542615,0.9460887872242183,1.7849462365591398,,
2021,13731,"Hughes, Mike",CB,16,6.78125,5.5,0.0,34.5,8.83347459596166,1.3026321984828253,0.0,6.5,1.8813422266148585,-0.022494393255452945,2.9449992076320646,0.6896087373617535,81.60090192080844,119.01468848701391,0.5362192032154924,0.6528042186424344,,1.0453997680666884
2021,12276,"Darby, Ronald",CB,11,6.7272727272727275,7.0,2.0,10.0,2.4528613751330983,0.3646145287360011,5.0,8.5,-0.8757651931949657,-0.3050910424801454,4.9297970859976,1.9483182197007285,230.54308239270975,336.2464444379819,1.8787893146779202,1.6698393644890983,1.1106097869579103,1.2488294686618877
2021,14722,"Needham, Nik",CB,16,6.69375,5.5,0.0,21.2,5.538215952587981,0.8273711973987647,2.0,9.25,0.4574380121766368,-0.1656763084210581,3.663048870163025,1.0237884536913247,121.1441454714307,176.6883992201465,1.0486097705663422,1.129177000159385,1.018554301903387,1.3073978968523863
2021,12268,"Jones, Byron",CB,15,6.666666666666667,6.0,0.0,16.0,4.346134936801766,0.6519202405202649,4.0,10.0,-0.05766849873201348,-0.21853443051860075,4.0357073562867845,1.2470068087459996,147.55741159016554,215.21207438854813,1.161161888523281,0.7020344487030057,0.6917172781839352,1.1855277996363462
2021,14199,"Murphy-Bunting, Sean",CB,8,6.65,7.0,2.0,12.0,3.362662635472075,0.505663554206327,4.25,8.649999999999999,-0.4826337309642574,-0.26259719267337056,4.416657347799975,1.5242984744981127,180.36913336019592,263.06787932772033,1.3905558269604417,1.6698393644890983,1.104455673878201,0.7833066905618262
2021,15377,"Stokes, Eric",CB,16,6.625,6.0,0.0,21.0,4.78114787472632,0.7216826980718973,4.0,8.25,0.13030362202745652,-0.19751709003386098,3.8479796581677332,1.1459661893380695,135.6013483507883,197.7741894084721,1.4639907048599536,1.963550296063416,,
2021,14177,"Williams, Greedy",CB,15,6.406666666666666,5.0,0.0,20.0,6.396505990686548,0.998414046413093,0.5,9.0,0.8283111164522045,-0.11414621728925639,3.2058755182219842,0.8661747417948072,102.49382921377075,149.48696483227886,0.8946483803391123,0.7748723650979842,,1.4828840785042532
2021,13711,"Wallace, Levi",CB,16,6.4,6.0,-1.8,17.2,5.271977807237052,0.8237465323807893,2.7,9.0,0.34239465496650767,-0.1667683115055184,3.509259585346651,1.0204117738770102,120.74458539711961,176.10564196309886,0.9868556502076218,0.7361208624071576,1.0821923240463425,1.6685216011026291
2021,14935,"Dantzler, Cameron",CB,13,6.3538461538461535,5.0,0.0,16.0,5.521512527534098,0.8690031822995554,2.0,10.0,0.4502203458554805,-0.1531338374069333,3.3995908696252757,0.9742902627296889,115.28706042147859,168.14585696566877,0.9985505862972903,1.1637385387057562,1.0454644911143907,
2021,13270,"Moreau, Fabian",CB,15,6.253333333333333,6.0,-1.6,17.0,4.172587792831792,0.6672581758259796,5.0,7.3,-0.13265942856372082,-0.21391356967214145,3.750668867006969,1.2089371091969179,143.0526516433239,208.64189453560437,1.3705617032111646,1.4605326736172441,0.3810343012792033,0.8938479920943786
2021,12715,"Apple, Eli",CB,16,6.1312500000000005,5.5,0.6,19.5,4.866816047222249,0.793772240117798,1.6,7.35,0.16732143612392103,-0.17579866864014387,3.4180760872948723,1.0450728215524931,123.66270928912566,180.36171754312932,1.1990253351409115,3.1279184267247637,,1.4142409993919363
2021,14924,"Johnson, Jaylon",CB,14,6.121428571428572,4.0,-1.0,24.5,6.310329238798939,1.0308589188236306,2.0,7.75,0.791073541657852,-0.10437154830011537,3.01420670569002,0.837367014735755,99.08503175667879,144.51524322232848,0.8874723935371617,1.2251752651358008,1.3559361927647817,
2021,12015,"Williams, K'Waun",CB,14,6.05,4.0,-3.0,21.6,5.737439697784569,0.9483371401296808,3.2,7.75,0.5435239802605143,-0.1292328903612581,3.1052120679675146,0.8979672206920656,106.25581019191146,154.97380362533534,1.2601338121237493,1.3877861320456029,0.9583592189474333,0.9385194614786558
2021,13225,"Jones, Sidney",CB,15,6.04,6.0,0.0,17.0,4.884915557100245,0.8087608538245439,2.0,9.0,0.17514236042264608,-0.17128304793633248,3.3393026984350587,1.0263528748025352,121.44759156229684,177.13097449967074,1.3276018015108582,1.8766982022534393,0.7807913309539415,0.709652905239514
2021,13249,"White, Tre'Davious",CB,12,5.983333333333333,6.2,0.0,15.0,4.302292670451677,0.7190461287662969,3.25,8.55,-0.07661304742531493,-0.19831140945367795,3.480612435704315,1.128442676632492,133.52780379700783,194.74993044413344,1.0626828240577955,1.1509423567131227,1.1467106475081517,1.1050978537937388
2021,15394,"Adebo, Paulson",CB,16,5.925000000000001,4.8,-1.6,17.0,4.637280992133213,0.782663458587884,3.75,7.7,0.06813773988817622,-0.17914541203163048,3.323678382173952,1.0510386138757846,124.36863716949915,181.39131139318852,1.041953747663935,0.9418245109467598,,
2021,9820,"Haden, Joe",CB,11,5.890909090909091,5.0,2.0,11.0,2.5461038132996805,0.43220898065272356,4.4,7.5,-0.8354744861401885,-0.28472685720525487,4.113163072210545,1.6612342449804223,196.5726438019663,286.7006542386508,1.7559435351191586,2.591453010192933,1.3084882762784769,1.1498177984835518
2021,10779,"Jenkins, Janoris",CB,13,5.876923076923077,6.2,1.0,11.0,3.0719960552242918,0.5227218418575366,3.0,8.0,-0.608232785060792,-0.2574580411549947,3.859485636427164,1.4432536272679095,170.77915534553293,249.08092306686828,1.389907696704847,1.6754587363797226,0.9674544256991575,1.2450989780891273
2021,13273,"Griffin, Shaq",CB,13,5.846153846153846,6.0,2.0,9.0,2.106625221173716,0.36034378783234616,4.0,8.0,-1.025376247187652,-0.3063776888920466,4.2975561754646305,1.8818342831663186,222.67608638391684,324.77245264039476,1.7120758196182773,1.752509348942124,1.565262963093159,1.7756541664783478
2021,15441,"Hobbs, Nate",CB,15,5.833333333333332,4.0,0.0,22.4,5.471583155013019,0.9379856837165178,2.9,7.5,0.4286455161831628,-0.13235147436164785,3.0099981554799826,0.9013765555673521,106.65923431591222,155.56219658810792,0.857506323436533,0.7345698742115524,,
2021,14997,"Rodgers, Isaiah",CB,16,5.7875,5.0,0.0,17.8,5.370972328172991,0.9280297759262188,1.75,8.25,0.38517087705469655,-0.13535089140065512,3.0017689935414533,0.9084170675812189,107.49233299809211,156.77726869888932,1.0445431494375645,1.3434554592097043,0.3556703501755264,
2021,14219,"Dean, Jamel",CB,14,5.778571428571429,4.5,0.0,19.9,5.085017006774281,0.8799782211970325,2.3,6.6,0.2616075907252822,-0.1498273866677113,3.0737438143789015,0.9496393226408908,112.37013255287687,163.89152578244693,1.127315556885018,1.0887790643090223,1.1994877347706459,0.7900210158460272
