season,player_id,player_name,position,games_played,mean_score,median_score,min_score,max_score,std_dev,coefficient_variation,floor_score,ceiling_score,std_dev_vs_position,cv_vs_position,value_score,consistency_score_std,consistency_index_vs_avg,consistency_index_vs_replacement,consistency_score_trailing_10,consistency_score_trailing_5,consistency_score_last_season,consistency_score_2seasons_ago
2025,13893,"Sherfield, Trent",WR,12,-0.10833333333333332,0.0,-2.9,1.0,0.8911213285643106,-8.225735340593637,0.0,0.025,-1.358786630345817,-1.2266293311483707,,-0.05728523691051443,-9.760534720853355,-17.767128538103734,0.1136229172359372,0.08333333333333334,0.5063592308821349,-0.002487421568024827
2025,13988,"Dwelley, Ross",TE,11,-0.14545454545454545,0.0,-1.9,1.0,0.7049998534669562,-4.846873992585324,0.0,0.0,-1.0427772690620187,-1.1803378361988315,,-0.08531059117616777,-18.460848693842415,-47.19097179589709,-0.09206859707537535,-0.15852362774253165,-0.07947498383823628,0.08461313567702732
2025,17040,"Cook, Brady",QB,4,-13.249999999999998,-13.899999999999999,-24.9,-0.3,9.411030761824126,-0.7102664725905001,-20.4,-6.75,-1.0683106322775802,-0.9513845305494437,,-1.2726885841684377,-160.81408228590863,-381.56173739884974,,,,
2025,16037,"Baccellia, Andre",WR,5,-0.27999999999999997,0.0,-1.9,0.5,0.8328265125462805,-2.974380401951002,0.0,0.0,-1.3794901046424497,-0.5408447301527728,,-0.15276950550600993,-26.029604540316065,-47.38176164424018,-0.08721057872102159,-0.15276950550600993,,
2025,16890,"McGlothern, Dwight",CB,10,-0.41999999999999993,0.0,-2.8,0.0,0.8964373932405988,-2.1343747458109497,0.0,0.0,-1.3813035917273184,-2.335204521496467,,-0.2214678963286583,-28.26581688984151,-48.980425852062965,-0.2214678963286583,-0.17948717948717946,,
2025,17069,"Blue, Jaydon",RB,4,-0.7500000000000001,-1.05,-3.7,2.8,2.339337513057917,-3.1191166840772224,-2.05,0.25,-0.6705228518334128,-0.42866004199121066,,-0.22459544657203753,-34.30504565574475,-69.21258616039755,,,,
2025,17064,"Hunter, Jarquez",RB,5,0.0,0.0,0.0,0.0,0.0,,0.0,0.0,-1.35054830386017,,,0.0,0.0,0.0,,0.0,,
2025,16393,"Bobo, Jake",WR,10,-0.05,0.0,-4.0,3.4,1.790111728356641,-35.80223456713282,0.0,0.07500000000000001,-1.039509104377409,-4.827897716144611,,-0.01792042931178591,-3.05336910421645,-5.558056284865644,-0.017920429311785915,0.010258902919199687,0.31294868670801734,0.45299148665534483
2025,16210,"Shorter, Justin",WR,7,-0.07142857142857142,0.0,-2.0,1.0,0.8630747123996123,-12.083045973594572,0.0,0.25,-1.3687474199414777,-1.7303629892759196,,-0.038339080528108554,-6.53239729539308,-11.890940991300816,-0.029021820446068273,-0.16027526411483162,-0.13645492859214775,
2025,15885,"Williams, Joshua",CB,14,-0.08571428571428573,0.0,-2.0,1.0,0.9760394772879272,-11.387127235025815,0.0,0.75,-1.346720470876709,-9.042977216669426,,-0.043376808358063165,-5.536156448134842,-9.593329691127469,0.1664339677705872,0.08820872133884732,0.4473087063928213,0.3972602739726027
2025,16658,"Thomas, Xavier",DE,4,0.0,0.0,0.0,0.0,0.0,,0.0,0.0,-1.9723548445821453,,,0.0,0.0,0.0,0.3613054160365736,0.2727272727272727,0.5225025716147239,
2025,17259,"Matavao, Moliki",TE,5,0.0,0.0,0.0,0.0,0.0,,0.0,0.0,-1.340044560633781,,,0.0,0.0,0.0,,0.0,,
2025,14875,"Bryant, Harrison",TE,11,-0.19090909090909092,0.0,-1.1,1.0,0.5884564484611731,-3.0823909205109064,-0.5,0.0,-1.0919184741080195,-0.8999701599321235,,-0.1201852849626663,-26.007583939260464,-66.48248845495594,-0.07070373286210807,-0.1527777777777778,0.4548701512471895,0.222036329182293
2025,16709,"Jones, Elijah",CB,9,0.0,0.0,0.0,0.0,0.0,,0.0,0.0,-1.7707607658260858,,,0.0,0.0,0.0,,0.0,,
2025,17215,"Ouzts, Robbie",RB,11,-0.13636363636363635,0.0,-3.0,1.5,1.0890135046100853,-7.986099033807292,0.0,0.0,-1.0339813712982753,-1.0346648998215262,,-0.06527657004739595,-9.970441297473466,-20.115992098760167,-0.0700518451494212,-0.14285714285714285,,
2025,11840,"O'Donnell, Pat",PN,5,-1.3800000000000001,-0.4,-8.4,2.3,3.803892742967393,-2.756444016643038,-1.9,1.5,0.25999163467967795,-4.325485592923733,,-0.2872670298520374,-33.286836627646736,-40.215207611918736,0.12762743835197252,-0.2872670298520375,,
2025,16218,"Durham, Payne",TE,16,-0.14375,0.0,-2.0,1.0,0.7314102388536818,-5.088071226808222,-0.2,0.0,-1.0316411763455877,-1.218662889667057,,-0.08302480646942047,-17.966214615749788,-45.92655198423672,-0.05306647611875207,0.025456397014048213,0.16399853516730964,0.2729381307499578
2025,13124,"Rush, Cooper",QB,4,-5.425000000000001,-5.1,-14.9,3.4,6.773985163845578,-1.2486608596950373,-9.65,-0.875,-1.4757465618770143,-1.2912483227201488,,-0.6978402821284009,-88.1775368684897,-209.21783520969805,0.5591684370004001,-0.7734542701526133,0.5835178308146463,
2025,15717,"Pierce, Dameon",RB,4,-0.07500000000000001,0.0,-1.5,1.2,0.9575359001102779,-12.767145334803704,-0.375,0.3,-1.0722007889463532,-1.6299695620782482,,-0.03831347358471172,-5.852057468725833,-11.806893826475843,-0.018484553435844056,-0.02151344918079,0.3097087157185299,0.5956477847928892
2025,16183,"Hyatt, Jalin",WR,8,-0.1875,0.0,-2.0,1.1,0.872406871820712,-4.652836649710464,-0.25,0.1,-1.3654330922549978,-0.7600375787808673,,-0.10013849170382325,-17.062078781237517,-31.058149527999994,-0.06686232591132864,0.05948219129905672,0.02002494323147308,0.36634164224709365
2025,17232,"Wester, LaJohntay",WR,16,0.0,0.0,0.0,0.0,0.0,,0.0,0.0,-1.6752694461661168,,,0.0,0.0,0.0,0.0,0.0,,
2025,13676,"Smythe, Durham",TE,16,-0.21875,0.0,-2.0,2.2,0.8938811092645375,-4.086313642352171,-0.30000000000000004,0.0,-0.9631343881968643,-1.0594885396369944,,-0.11550355454200002,-24.994477410168404,-63.892711439093745,-0.16586261481958733,0.008582721722070474,-0.05510232725332687,0.754744005181524
2025,13301,"Kazee, Damontae",S,4,0.0,0.0,0.0,0.0,0.0,,0.0,0.0,-1.6826202768578782,,,0.0,0.0,0.0,0.4328002696201658,0.0,0.518641549581328,1.0260967552759783
2025,16750,"Oladapo, Kitan",S,16,0.0,0.0,-1.5,1.0,0.5863019699779287,,0.0,0.0,-1.4178303590391947,,,0.0,0.0,0.0,0.0,-0.14285714285714288,0.10275326544969055,
2025,17035,"Leonard, Riley",QB,4,-2.4,-1.65,-11.0,4.7,5.620053380529406,-2.341688908553919,-4.475,0.42500000000000004,-1.6540344417643233,-1.9812270196228676,,-0.36253484104203276,-45.80909146516418,-108.69070842337831,,,,
2025,11640,"Bridgewater, Teddy",QB,4,-1.125,-0.7,-3.1,0.0,1.1755317945508748,-1.0449171507118886,-1.3,-0.5249999999999999,-2.340733900202222,-1.1626342226766198,,-0.5171149430304003,-65.34148733179632,-155.035001140132,0.419323399256836,-0.5736046516700428,,
2025,14067,"Minshew, Gardner",QB,4,-3.5500000000000003,-2.0,-8.6,-1.6,2.921044333795706,-0.8228293898016072,-3.725,-1.825,-2.0710440152037024,-1.0224403602859005,,-0.9053710434749097,-114.40065959245196,-271.43713916834804,0.16047284502289158,-0.11971195548806808,0.5726193946306074,1.146246984194317
2025,15257,"Sermon, Trey",RB,4,-0.375,0.0,-2.0,0.5,0.960143218483576,-2.5603819159562025,-0.5,0.125,-1.0714428637451017,-0.35909003754301044,,-0.1913125512788351,-29.2213662668019,-58.95594341314844,0.12848317229372083,0.0,0.44599677940511656,0.27060222941847356
2025,12680,"Vannett, Nick",TE,9,0.0,0.0,0.0,0.0,0.0,,0.0,0.0,-1.340044560633781,,,0.0,0.0,0.0,0.17307692307692307,0.0,0.34162558582480196,
2025,17414,"Kallerup, Nick",TE,8,-0.375,0.0,-3.0,1.0,1.3169567191065923,-3.511884584284246,-0.5,0.25,-0.784742094851921,-0.9682145893569059,,-0.16185023954379185,-35.02370270896429,-89.53015076050688,,0.2684747639175602,,
2025,15271,"Herbert, Khalil",RB,6,-0.08333333333333333,0.0,-1.0,1.5,0.8374896350934075,-10.04987562112089,-0.75,0.0,-1.1070972137574575,-1.2916328827561414,,-0.04535172974137465,-6.92709127941222,-13.97584212038409,0.16771700592059668,-0.05217803813052,0.5004112883953468,0.8268912823552683
2025,16429,"Drummond, Dylan",WR,8,-0.012499999999999983,0.0,-2.0,2.1,1.2149459864537189,-97.19567891629764,-0.35,0.3,-1.2437799120956778,-12.845386388814697,,-0.005643478475975545,-0.9615630585100643,-1.7503359136195784,,-0.20616665548978858,,
2025,17392,"Washington, Trey",S,4,-0.35,0.0,-2.9,1.5,1.5945218719101975,-4.555776776886279,-0.725,0.375,-0.9624908264330595,-1.223229750133311,,-0.1348996143718438,-16.806704757721622,-34.54043228823661,,,,
2025,15692,"Pickett, Kenny",QB,5,-2.2600000000000002,-1.0,-22.8,17.6,13.009165999402114,-5.756268141328369,-6.3,1.2,-0.5123818396655558,-4.136694971209693,,-0.16132295099483102,-20.384407182248175,-48.3658502398813,0.06245403388698313,-0.16132295099483102,,0.825337414397796
2025,13968,"Mullens, Nick",QB,4,-1.275,-1.5,-2.1,0.0,0.7790218225441442,-0.6109975078777602,-1.725,-1.0499999999999998,-2.4019965530603473,-0.8887205659907251,,-0.7166859809379109,-90.55883720919181,-214.86791934630597,0.250547457311318,-0.7653496909730567,,
2025,13797,"Nickerson, Parry",CB,5,0.0,0.0,0.0,0.0,0.0,,0.0,0.0,-1.7707607658260858,,,0.0,0.0,0.0,0.15789473684210525,0.0,,
2025,15829,"Asamoah, Brian",LB,4,0.0,0.0,0.0,0.0,0.0,,0.0,0.0,-1.5673722032937554,,,0.0,0.0,0.0,0.2930420565193672,0.0,0.20665922793480399,0.09970820234805836
2025,13308,"Agnew, Jamal",WR,11,0.0,0.0,0.0,0.0,0.0,,0.0,0.0,-1.6752694461661168,,,0.0,0.0,0.0,0.0,0.0,,0.44696067870432626
2025,14876,"Deguara, Josiah",TE,11,-0.3,0.0,-2.0,1.0,0.8257228238447705,-2.7524094128159016,-1.0,0.0,-0.9918737259502995,-0.8475377223601005,,-0.16431848037493071,-35.5578195155109,-90.89549921070372,-0.24556471446029624,-0.40271214587634024,0.011193866696363448,0.4444087402049116
2025,13994,"Brown, Pharaoh",TE,6,-0.3499999999999999,0.0,-2.8,1.0,1.2244046172187797,-3.4982989063393712,-0.6000000000000001,0.375,-0.8237672273000562,-0.9660558919932445,,-0.15734547451066358,-34.04889073624964,-87.03826509080722,-0.2072813418435597,0.08757305881587236,-0.19626659143273062,0.4295301064371085
2025,14236,"Amadi, Ugo",CB,7,-0.2857142857142857,0.0,-2.0,0.0,0.6998542122237652,-2.4494897427831783,0.0,0.0,-1.4667091434495614,-2.563646790431425,,-0.16808164115469149,-21.452160652540485,-37.17338042283601,0.43123361038307356,-0.22222222222222224,1.61193008093349,0.3186337491882127
2025,17360,"Price, Myles",WR,16,0.0,0.0,0.0,0.0,0.0,,0.0,0.0,-1.6752694461661168,,,0.0,0.0,0.0,0.0,0.0,,
2025,16979,"Grandy, Cam",TE,5,-1.1199999999999999,0.0,-5.3,0.0,2.0932271735289505,-1.8689528335079917,-0.3,0.0,-0.4574231395663065,-0.7071608198308553,,-0.3620813917531419,-78.35287149994522,-200.29134144384025,-0.1822398834422639,-0.3620813917531419,,
2025,17050,"Mullings, Kalel",RB,8,-0.012499999999999983,0.0,-2.0,1.8,1.086781371757908,-86.94250974063276,-0.25,0.275,-1.0346302332702277,-10.865801527599821,,-0.005990086057491476,-0.914934736302303,-1.8459383468816142,,0.07868927604593609,,
2025,17282,"Brosmer, Max",QB,7,-7.5,0.0,-43.0,3.3,15.44982662870826,-2.059976883827768,-7.45,1.05,-0.13528831003513708,-1.803395082075333,,-0.45593185686899523,-57.610529440872185,-136.69184559872932,,-0.6120126558783998,,
2025,15936,"Robinson, Mark",LB,8,-0.012500000000000011,0.0,-2.6,1.5,1.2251913115917856,-98.01530492734277,-0.25,1.0,-0.9431871109568144,-13.147402889272568,,-0.005617494520530984,-0.6423755237775403,-1.4359627188341277,0.23501090736953342,-0.23452898811387513,0.25775811361279244,0.4245675896773899
2025,16848,"McAtamney, Jude",PK,4,-0.37499999999999994,-0.10000000000000003,-3.4,2.1,2.0253086184579376,-5.4008229825545016,-1.45,0.975,-2.1784828517721206,-0.898153956829848,,-0.1239542960053924,-18.116232578476435,-25.609359496293237,,0.06357898785408524,,
2025,16310,"Robinson, Jammie",S,5,0.0,0.0,0.0,0.0,0.0,,0.0,0.0,-1.6826202768578782,,,0.0,0.0,0.0,0.0,0.0,0.20089846278769524,0.25552550412012137
2025,15423,"Brown, Tre",CB,9,-0.2222222222222222,0.0,-2.0,0.0,0.6285393610547089,-2.82842712474619,0.0,0.0,-1.4976918764513298,-2.838357026858326,,-0.13645492859214775,-17.41566199544446,-30.178733003079365,-0.05882352941176471,0.0,0.5236582013457931,0.6014507911376662
2025,16839,"Westover, Jack",RB,16,-0.125,0.0,-2.0,1.0,0.5994789404140899,-4.795831523312719,0.0,0.0,-1.1762848916077284,-0.6374336238040237,,-0.07815045065090928,-11.936817146186314,-24.08327898764882,-0.11439478302055078,0.0,,
2025,16118,"Brown, Mike",S,9,0.0,0.0,-3.0,2.0,1.247219128924647,,0.0,0.0,-1.119342192251955,,,0.0,0.0,0.0,0.19811643417832617,-0.07692307692307694,0.6530326485166685,0.3815944890586094
2025,13455,"Ricard, Patrick",RB,10,-0.039999999999999994,0.0,-1.0,1.0,0.5782732917920385,-14.456832294800964,0.0,0.0,-1.1824491927011953,-1.840358347652469,,-0.025344153137497688,-3.8711039950187947,-7.810195662754637,-0.025344153137497688,-0.2684747639175602,0.139579585880386,0.1824818194090812
2025,8269,"Lewis, Marcedes",TE,5,-0.6,0.0,-3.0,0.0,1.2000000000000002,-2.0000000000000004,0.0,0.0,-0.8340575761941673,-0.727983569639107,,-0.2727272727272727,-59.01702059601931,-150.86362499431462,-0.15789473684210525,-0.2727272727272727,-0.11495189541901381,0.127433975314573
2025,14057,"Lock, Drew",QB,5,-0.5,0.0,-2.8,0.8,1.2231107881136525,-2.446221576227305,-0.5,0.0,-2.333382722245149,-2.0472137195070528,,-0.22491006866295607,-28.419133116155244,-67.42975274945532,0.2885341249642134,-0.22491006866295607,,
2025,13403,"Koo, Younghoe",PK,6,-0.14999999999999977,0.75,-11.1,7.1,5.567390172543445,-37.11593448362302,-0.9749999999999999,2.55,-0.3530089766491578,-5.640153392147679,,-0.02284012310203692,-3.3381415212872723,-4.718843495623661,0.2848082492078397,-0.05946646154213594,0.4387606449128134,0.6329142611606836
2025,14331,"Johnson, D'Ernest",RB,6,-0.35000000000000003,-0.3,-1.0,0.0,0.3403429642777023,-0.9724084693648636,-0.45,-0.075,-1.2516135085024291,-0.16136595440692264,,-0.2611271960446419,-39.8849599089928,-80.47041394165535,-0.07801605373598847,-0.23434410428441688,0.3804057962979607,0.5081320695092116
2025,15148,"Franklin, Sam",S,16,-0.03125,0.0,-3.0,2.5,1.6150536949278187,-51.6817182376902,-0.5,1.0,-0.9532180966659937,-11.686027790108584,,-0.01195004143150589,-1.4888168444147898,-3.0597537200425258,-0.1231896253134148,-0.2692307692307693,-0.17521759967240655,0.4352782319282479
2025,16792,"Washington, Tahj",WR,5,-0.96,0.0,-4.8,0.0,1.9200000000000002,-2.0000000000000004,0.0,0.0,-0.993379127870225,-0.41359850837241496,,-0.3287671232876712,-56.016926785815635,-101.96776785054229,,-0.3287671232876712,,
2025,17255,"Lovett, Dominic",WR,12,0.0,0.0,0.0,0.0,0.0,,0.0,0.0,-1.6752694461661168,,,0.0,0.0,0.0,0.0,0.0,,
2025,17048,"Johnson, Kaleb",RB,10,-0.18999999999999997,-0.25,-2.5,1.6,1.0396634070698074,-5.471912668788461,-0.4,0.325,-1.048327023518217,-0.7216148328171418,,-0.09315262476221757,-14.22827174011902,-28.706432680745486,-0.09315262476221758,-0.3926700649362085,,
2025,16580,"Maye, Drake",QB,16,40.0125,40.2,15.8,69.9,14.93058417309919,0.3731479955788613,30.674999999999997,47.825,-0.2155137080148862,-0.26747444815634314,29.139248011742843,2.51167813843049,317.3700305430111,753.020248792779,2.5487019902135852,2.4369321171196083,1.0179543627336112,
2025,12620,"Prescott, Dak",QB,16,36.537499999999994,42.599999999999994,-0.2,63.2,16.851775685369184,0.4612186297740455,21.05,47.324999999999996,0.08131940338079884,-0.21187947831011678,25.00481396521063,2.0467151640239973,258.61834929416716,613.6208053251551,2.0256927962799645,3.8810350454612728,1.0037616098607576,1.3901956551995376
2025,9431,"Stafford, Matthew",QB,16,38.481249999999996,43.400000000000006,3.6,77.6,21.14622362119298,0.5495201850561763,17.4,54.1,0.7448317780587328,-0.15613873852612425,24.83430056034081,1.7375987282624157,219.55908801465313,520.9453419361325,1.7795591090891123,1.3797316171585985,1.3615477463454695,1.8250816642348535
2025,15698,"Purdy, Brock",QB,8,36.0,32.8,-0.2,60.2,19.38459439864554,0.5384609555179316,25.799999999999997,54.1,0.4726517897990139,-0.16311992514206927,23.400008866575618,1.7660395539874971,223.1528071265605,529.4721182518095,1.984712197249358,1.584526599837789,1.3970725075587167,1.6791192739016871
2025,12611,"Goff, Jared",QB,16,33.65,34.2,-23.8,78.5,24.193723359582336,0.7189813776993265,16.175,50.6,1.2156848000225946,-0.04916562562424559,19.575546562951683,1.33565013474681,168.769762961849,400.43809012712234,1.245936121386463,1.155851507719246,1.3570980891528917,1.3322272406570523
2025,13589,"Allen, Josh",QB,16,32.7875,33.2,-6.4,73.3,22.646436667829224,0.6907033676806473,19.224999999999998,45.75,0.9766217394162419,-0.0670162421057347,19.392816402192885,1.3865725504683382,175.20420549076485,415.705018468393,1.411233165252812,1.450411392446415,1.696742859146799,1.4239931646327357
2025,13116,"Mahomes, Patrick",QB,14,32.15714285714285,37.5,-18.1,58.0,21.810800544871416,0.6782567917107949,15.174999999999999,50.875,0.847512033908999,-0.07487319717431248,19.16103841555871,1.409733200458534,178.13073340941673,422.64875785560525,1.2523596641416128,0.7838453023542422,1.8261091014715052,1.4651297869610325
2025,14782,"Love, Jordan",QB,15,30.466666666666665,32.3,2.7,71.8,18.82050890798534,0.6177409926034575,15.85,41.75,0.38549793230149126,-0.11307405785094293,18.832845805332624,1.5371283758709229,194.2281027709732,460.8428023934866,1.3331986987056792,1.39971047806657,2.272242186052844,1.4030997000238012
2025,16579,"Williams, Caleb",QB,16,30.03125,34.1,-1.1,65.2,19.904701666628917,0.6627996392633978,13.775,41.525,0.553010805352128,-0.08463059170285735,18.060654627820053,1.436578740941335,181.52287584701992,430.6972554970936,1.625691099256693,1.4791191838214268,0.7163383863268937,
2025,14059,"Jones, Daniel",QB,13,30.1076923076923,31.3,-7.1,56.1,20.41927677233759,0.678207966378101,11.3,48.8,0.6325150758523628,-0.07490401837735769,17.940382187954064,1.4056353362301925,177.61293645310667,421.4201869278538,1.1833515123438612,0.7864467292890729,0.7389622581205952,
2025,16582,"Nix, Bo",QB,16,28.24375,30.45,-12.2,60.9,18.814554497449574,0.6661493072785865,18.799999999999997,38.2,0.38457794790921696,-0.08251609923892701,16.95151201432966,1.4254042402838472,180.1108909430999,427.3470550329152,1.5956406570624566,2.3175242317821376,1.1125159240290652,
2025,14783,"Hurts, Jalen",QB,16,27.25,33.05,-19.8,59.7,19.55891740357835,0.7177584368285632,19.275,36.075,0.49958551275769575,-0.04993761235347841,15.863697371971995,1.3254588977169122,167.48202105019195,397.3826795924926,1.1227275538148112,0.757053380321587,1.5058853277786404,1.9649286583103664
2025,12616,"Brissett, Jacoby",QB,13,24.846153846153847,27.7,-1.0,53.0,14.97020709915918,0.6025160751983571,13.4,36.1,-0.2093917798521433,-0.12268485300170755,15.504464654483062,1.5557815682591853,196.58507843095438,466.43517163780626,2.293331102064644,2.707504360660868,0.29605553575566973,
2025,15237,"Lawrence, Trevor",QB,16,26.706249999999997,22.25,-6.7,84.0,20.03903904725723,0.7503501632485741,17.075,32.225,0.5737665615659024,-0.02936394368270095,15.257661330138854,1.26936643541624,160.39430300176346,380.56573188300376,1.3101793074042758,2.425944848193143,0.9634441548168275,1.109321492500585
2025,14777,"Burrow, Joe",QB,7,27.228571428571428,30.4,-4.9,62.8,22.83516800812255,0.8386473035511955,8.1,43.05,1.005781617855926,0.026374009126326113,14.809023664289333,1.1423696035745363,144.34726744264,342.4911137836111,1.295501859517374,1.459004290139068,2.183185507425604,0.9205906335197592
2025,16150,"Stroud, C.J.",QB,13,24.323076923076922,18.8,0.2,56.4,17.423289181930024,0.7163275122235621,8.9,40.0,0.1696209226751129,-0.05084088971708814,14.171582492181537,1.3202353110178362,166.82198032090258,395.81660848825993,1.5355595448345973,2.198009265084986,0.9278420066696057,1.3061275573688267
2025,13592,"Darnold, Sam",QB,16,26.137500000000003,25.700000000000003,-12.2,65.0,22.633820794333424,0.8659520150868837,9.0,41.85,0.974672527711518,0.04361022671869924,14.007594937420171,1.1059362862845636,139.7436349770856,331.5681275815712,0.7937490983072326,0.7213277827074437,1.5292791214047914,-0.5784940454317195
2025,13593,"Jackson, Lamar",QB,12,24.075000000000003,20.9,-4.6,54.3,17.60876320661581,0.7314128019362744,12.175,40.6,0.1982775305556627,-0.04131823515278509,13.904829612601013,1.2937453033655042,163.4747622163732,387.87470229905904,1.1921507535239597,2.1431568895693247,2.833368086385568,1.433829307088519
2025,16583,"Penix Jr., Michael",QB,9,24.255555555555556,30.8,-6.8,54.3,18.318667534701138,0.7552359496670189,7.3,36.2,0.30796108326397675,-0.026279769813729356,13.818971495061398,1.2555501310836545,158.648505695599,376.4234985423809,1.1910161572690798,2.153941863051837,,
2025,14779,"Herbert, Justin",QB,16,25.55625,20.4,-11.1,67.9,21.963406177947444,0.8594142794012206,15.625,42.825,0.8710903209215952,0.039483252709388524,13.744247467127,1.112911987096346,140.62506892589468,333.65949585062606,0.9896125765751853,0.7873014348220643,1.8042431963908245,1.0890923805350787
2025,13130,"McCaffrey, Christian",RB,16,19.39375,17.65,7.1,38.7,8.828892112688886,0.4552441953046154,12.3,26.925,1.2159352908814187,0.01639603195657462,13.326801139337617,1.9731369291319305,301.37989648510614,608.0528870829237,1.7813204494842052,2.039648098201772,,1.9064466626416412
2025,16211,"Nacua, Puka",WR,15,20.933333333333334,16.5,4.6,46.5,12.0774537419478,0.5769484271631115,11.75,30.85,2.6140528331571624,-0.07706982776392411,13.274583348925272,1.6007193561072732,272.7382777177514,496.4662465796402,1.350026514771551,1.613281662001814,1.3979535173866846,1.1517123593638596
2025,16161,"Robinson, Bijan",RB,16,20.59375,21.3,-1.4,40.8,11.60815816301191,0.5636738409960259,11.95,26.75,2.0238442145078417,0.02989698332646381,13.170105849492394,1.6333670416996455,249.48293384088237,503.34750250126046,1.3871601637381314,1.8448334237078117,2.490119956337594,0.8910752864259609
2025,16185,"Smith-Njigba, Jaxon",WR,16,18.90625,19.4,2.6,38.2,8.499740345298791,0.44957304305712614,15.149999999999999,22.65,1.343423600442335,-0.09370402560170403,13.042633546859442,1.9901859748573316,339.09747704971005,617.2600819519585,1.8693829343405663,1.7720193594461806,1.199182903366228,0.9839406582273647
2025,16581,"Daniels, Jayden",QB,7,21.12857142857143,22.2,-7.4,39.0,14.533578291638426,0.6878637460545569,15.25,31.8,-0.2768529812126661,-0.06880876557419659,12.517936639115709,1.3601870111244576,171.87018776797893,407.7944326742768,1.6657065703524379,1.1337705538919103,2.2238493804169472,
2025,13590,"Mayfield, Baker",QB,16,22.86875,24.950000000000003,-16.4,75.0,20.735679357993074,0.9067255253563521,11.35,32.4,0.6814007613001333,0.06934868193331889,11.993729404616854,1.0521295250700433,132.94473300442132,315.4364504783057,0.769871002430438,1.8820305737861172,1.4599708768382231,1.3681855464974817
2025,7836,"Rodgers, Aaron",QB,15,21.15333333333333,23.0,-9.4,43.0,16.385191145936897,0.7745914503279342,8.8,33.85,0.00922990075481358,-0.014061526066132484,11.92011453082585,1.2167443633932715,153.7450957050029,364.7892336285385,1.2032243941118232,1.3160333697010622,0.9127706818161567,
2025,14802,"Taylor, Jonathan",RB,16,20.518749999999997,16.0,0.8,53.2,15.08630251047287,0.7352447157099176,8.275,31.125,3.0349110951499134,0.05125986818356243,11.824701043164067,1.2755417217002736,194.828157322861,393.0780550621966,1.0291674980026404,1.3981243744265033,1.03630067760781,1.5161402500533148
2025,16167,"Achane, De'Von",RB,16,17.925,16.4,6.2,44.0,9.328953585477848,0.5204437146710096,11.2,22.1,1.3612988936862018,0.024514250315518935,11.789321648041785,1.7354129681831403,265.0695818358863,534.7945446691039,1.9397359504842961,3.901742502366671,1.1101972436491727,0.9478264048132601
2025,15694,"Willis, Malik",QB,4,23.3,14.600000000000001,1.0,63.0,23.987705184114635,1.0295152439534179,6.550000000000001,31.35,1.1838540243619817,0.1468602244038939,11.480574028413058,0.9324585762606342,117.82337963607674,279.5581879466103,0.8512858218988149,0.8154364064418009,,
2025,17039,"Shough, Tyler",QB,10,21.339999999999996,17.45,-6.6,52.7,19.560633936557373,0.9166182725659502,4.8,39.1,0.49985072516453966,0.0755935215196338,11.134194171816075,1.0379057409342272,131.14744746191863,311.17205158704485,1.0379057409342274,2.2163729527970886,,
2025,14056,"Murray, Kyler",QB,5,17.020000000000003,19.2,-0.0,27.1,9.132885633796144,0.536597275781207,17.2,21.6,-1.11128536084826,-0.16429638105967517,11.076422084210076,1.679679472867365,212.24054047764977,503.58070773394627,2.127274687184016,1.6796794728673645,1.495996790969215,
2025,15241,"Jones, Mac",QB,11,21.19090909090909,20.6,-2.1,51.9,19.64107266768264,0.9268631460510898,2.85,36.05,0.5122788868986199,0.08206064234474855,10.997620217262293,1.0266379772058707,129.72367804500814,307.79389014341047,0.9376917674696965,0.700599659820158,0.5230467498345422,0.4189855806950587
2025,17032,"Dart, Jaxson",QB,13,20.646153846153844,27.5,-20.5,43.2,18.896992653884023,0.9152790778706867,8.3,37.2,0.3973150302437359,0.0747481490594288,10.779710426904066,1.0376519811461848,131.11538294280317,311.09597246854577,1.3300532600635826,0.918243266560608,,
2025,14171,"Burns, Brian",DE,16,15.03125,15.5,2.0,29.5,6.436295397004398,0.42819428836619694,12.0,18.825,1.1135737266250838,-1.392894616281418,10.524653488983779,2.0213357858343173,216.9884493823287,294.9494118887071,1.9972097568757885,1.4636146076265062,1.976098614749784,1.181008280899624
2025,14163,"Simmons, Jeffery",DT,14,15.614285714285714,17.5,4.0,26.2,7.603275341480626,0.48694352598686536,7.125,21.95,2.694873360308221,-1.1308251252524384,10.500927198242255,1.8149233977205816,181.20660842711595,259.3088826514849,1.9253558242784425,4.3165789874046,2.2795069801644248,1.3238985949581008
2025,14249,"Van Ginkel, Andrew",DE,11,14.063636363636363,14.0,7.0,23.0,5.006772273135789,0.35600837106977173,10.35,16.45,0.4281784830816129,-1.5911253424679872,10.371349221495873,2.341296743765941,251.33594998614885,341.63749658529656,2.2328733443466593,2.436540817239281,1.647249109462254,1.275974146659424
2025,15252,"Mills, Davis",QB,5,17.380000000000003,19.9,1.7,32.4,12.331974699941613,0.7095497525858234,4.6,28.3,-0.61701107581674,-0.05511937988726173,10.166419534565424,1.3036328369327101,164.72412883791813,390.8390602208814,0.7214284065551213,1.3036328369327101,,
2025,12610,"Wentz, Carson",QB,5,17.160000000000004,16.1,-3.1,31.1,11.927044898045787,0.6950492364828545,14.6,27.1,-0.6795746319359096,-0.06427289357393115,10.12359973425089,1.3274495552029932,167.73355607671132,397.9794938787238,0.5704541281974401,1.3274495552029932,,
2025,15715,"Cook, James",RB,16,16.65,18.1,0.7,46.7,11.369586623971868,0.682858055493806,9.4,21.075,1.9544935039879412,0.04473702337023976,9.893882580081502,1.3460433647582712,205.59668411547293,414.8042348181881,1.2103657758755153,1.213278261688398,1.4177047660877773,0.9728333202857488
2025,12688,"Buckner, DeForest",DT,10,13.669999999999998,11.5,4.5,22.5,5.510907366305479,0.40313879782776,10.125,18.425,1.2699636009891428,-1.3745242096029378,9.742443171810887,2.099553753558752,209.62483340653662,299.97571169440056,2.099553753558752,2.171370202206644,2.1703829874874345,1.6651785831463362
2025,14225,"Crosby, Maxx",DE,15,15.273333333333333,13.0,3.0,40.9,8.995811370978284,0.5889880862709483,10.0,17.9,2.340752248640008,-0.9513365878079919,9.611987317775888,1.527973344682928,164.02646659888268,222.95891783750906,1.8406598335406068,2.209786188492836,1.4661206261638844,1.781153179815022
2025,15710,"Williams, Kyren",RB,16,13.712499999999999,16.8,2.5,21.0,6.161257481228974,0.44931686280612393,7.825,18.825,0.44047666809830854,0.015657999222952614,9.461354070945028,1.9148173398237789,292.47207486905785,590.0807969918862,1.8382906980796407,1.9082066548760075,1.506461627426848,1.4334987750382309
2025,16162,"Gibbs, Jahmyr",RB,16,17.95,16.65,-2.7,55.8,17.036211433297016,0.949092558958051,3.75,23.85,3.6017329792316177,0.07788680506819941,9.209413846203251,0.9952200918903701,152.01141078727568,306.6925772977665,0.9687440439037636,0.6869181454317655,2.2173262527850284,1.22503646386781
2025,13198,"Garrett, Myles",DE,16,14.962499999999999,11.5,2.0,38.7,10.856039505731362,0.7255498416528897,6.75,20.525,3.232652137614934,-0.5763224998452217,8.671149125236248,1.2620150255713076,135.47609724966497,184.1507938441453,1.373873996201945,1.4306977679335189,1.4380326761253697,1.1062715884837984
2025,16927,"Redmond, Jalen",DT,16,11.74375,11.25,4.0,19.0,4.240278403300897,0.36106681454398265,9.125,15.25,0.4046609241465795,-1.496866994172332,8.62834202884792,2.2410545959929364,223.7526405521613,320.19277726969443,2.6566738456660626,4.115880267874,0.6770109933838802,
2025,12626,"Henry, Derrick",RB,16,15.287499999999998,15.85,-6.4,48.2,12.129503029802995,0.7934261998235812,7.5,19.675,2.175394718324629,0.05850424662487997,8.52418683384007,1.164362426003369,177.84646480385194,358.816422869194,1.6227787127791853,1.6433897796792052,1.885417613527954,1.0936305948664882
2025,14892,"Brooks, Jordyn",LB,16,11.51875,11.25,3.6,19.0,4.276274481075788,0.3712446646620326,8.875,15.225,0.6112155458803309,-0.02828780217113615,8.40021499944286,2.1831218298657245,249.6458205352408,558.0568965225804,2.206087758092906,2.5623109208215977,1.9019173723620784,1.1956188597551405
2025,13214,"Watt, T.J.",DE,13,12.76923076923077,13.0,2.6,25.0,6.671568217833578,0.5224722098303404,8.0,17.5,1.2263769892228817,-1.1339967379258156,8.387168374425524,1.664487677962245,178.6811487671474,242.8788255526411,1.625265679944937,1.9645898275453413,1.4463239019084537,1.5888114983076318
2025,16708,"Smith, Tykee",S,15,12.173333333333334,12.3,1.0,21.0,5.5373238622601395,0.4548732636029687,9.5,16.0,0.8181858017546372,-0.11077623095562533,8.367280943211702,1.862127927240959,231.99646967099903,476.789380624985,1.542375596644369,1.2521743959027065,0.9657012768367137,
2025,15762,"Pickens, George",WR,16,14.96875,13.5,-9.1,34.6,12.228793825946203,0.8169549111279301,5.5249999999999995,27.475,2.667801446724141,-0.04572691669329797,8.238371744022913,1.131527953110974,192.79518545429386,350.9456130692914,0.979705551201278,0.6178603571371292,1.3701333912808076,0.8029650581006685
2025,16239,"Campbell, Jack",LB,16,11.7375,11.15,4.0,22.5,5.024549109124121,0.4280766014163255,7.5,13.649999999999999,0.992431004546068,-0.020709685833137988,8.219096922643425,1.9482785827446691,222.79086708158857,498.02548102172295,1.830766417833752,1.5588851609855254,1.851280798621592,1.2741320459071517
2025,14832,"Lamb, CeeDee",WR,13,12.692307692307688,14.7,0.0,22.9,6.960488658626195,0.5484021367402458,7.0,17.4,0.7967565053576134,-0.08079774305745967,8.197035764254375,1.5944131367556147,271.6637936751117,494.510360284094,1.7374497107214844,1.5663938142309806,1.2985064608545076,1.6911231424640625
2025,12801,"Hill, Tyreek",WR,4,11.75,10.850000000000001,5.5,19.8,5.335962893424204,0.45412450156801737,7.9750000000000005,14.625,0.21980421831935149,-0.09310964182926637,8.080463527937045,1.8544931840107157,315.9774854452973,575.1746968390037,1.5558707877339788,1.987731185648497,1.2481877433880921,1.6308037182767343
2025,16672,"Lassiter, Kamari",CB,16,11.875,12.5,3.0,20.0,5.655473012931809,0.4762503589837313,6.0,17.0,0.686259160402167,-0.4426347358368566,8.044028526553515,1.7842458345074006,227.7222427299614,394.6085290359673,1.8586453537427936,2.225199734884788,1.5567335146955743,
2025,13299,"Kittle, George",TE,10,12.919999999999998,11.25,-2.0,26.0,8.011966050851688,0.6201212113662299,9.025,19.25,2.03824755728539,-0.3116592040535356,7.974711959424757,1.4336494308896088,310.2356326310392,793.0470170884893,1.4336494308896088,2.623388476976213,1.8141596597736984,1.134521729873922
2025,10266,"Heyward, Cameron",DT,16,11.4375,12.5,1.0,21.5,5.032131134022642,0.43996774942274464,9.0,13.875,0.9439153465693024,-1.2674278442970686,7.942886224073472,1.8960960472974142,189.31109401881315,270.9065010909544,2.630696438747009,2.9307877136973457,2.7769004729431286,1.2426451525019844
2025,15817,"Davis, Jordan",DT,16,12.03125,11.5,1.5,25.0,6.282686402925106,0.5221973114119568,7.425000000000001,17.0,1.7955477689580335,-1.028309247965981,7.903870220898022,1.652034611179691,164.94337406860035,236.03599450236342,1.976840095792907,2.3014995764439585,0.900701349061411,1.0643087858409541
2025,15281,"Chase, Ja'Marr",WR,15,13.866666666666667,16.5,-1.5,34.0,10.502676907447082,0.7574045846716645,4.6,19.25,2.054768938926594,-0.05350370903453774,7.890423632448514,1.2055164878784943,205.401708556774,373.89330218531927,1.6587705674393765,2.609042466374824,1.2668473601500925,1.0320056736427705
2025,15290,"Collins, Nico",WR,15,12.393333333333334,13.3,-1.6,24.0,7.158534921492122,0.5776117472962982,8.15,18.85,0.8670928747445712,-0.07698320350443588,7.855756243304448,1.5190635883270454,258.82537450637324,471.14055011276264,1.5466198098680943,1.910071898276564,1.9122572088743583,1.1104016079588206
2025,15287,"St. Brown, Amon-Ra",WR,16,13.95,12.75,-1.6,33.8,10.989767968433181,0.7877969869844574,7.2,18.25,2.2277599173718516,-0.049534706417707616,7.802899379268993,1.1634920739690495,198.24138640034485,360.8593478205336,1.0583793515553575,0.9132870922303281,1.4487309071263315,2.122747961379307
2025,13697,"Edmunds, Tremaine",LB,12,11.883333333333333,8.5,5.5,28.5,6.216890076414592,0.5231604552382546,8.0,14.875,1.5998801838896528,-0.008030960678247644,7.8017606697086475,1.646600295627208,188.29314803778388,420.909469283902,1.6652169177927136,2.772243470587563,1.6172831294772727,1.5196440260606805
2025,15805,"Hutchinson, Aidan",DE,16,12.21875,11.25,1.0,25.2,7.017230467748654,0.5743001917339051,6.375,19.0,1.392107265290877,-0.9916712141350859,7.761385067572465,1.524061214050541,163.60650314419505,222.38806729533746,1.5678554951276937,1.844807069690301,,1.292885581689327
2025,15401,"Wright, Nahshon",CB,16,11.8125,11.45,2.0,23.7,6.308117290444115,0.5340205113603483,7.0,16.45,0.9698004293499412,-0.400754327692411,7.700353360676277,1.6163533685270333,206.29422639326168,357.47698709515345,1.8840146778255726,1.5045747065724748,,0.1629884904108973
2025,16013,"Landman, Nate",LB,16,10.88125,9.45,5.5,22.0,4.498085530256178,0.4133794858362944,7.375,13.5,0.7242192448978646,-0.022669436953005776,7.698746238390166,1.979097986038969,226.31514828227867,505.90363986737594,2.078952337284378,2.13196804722926,1.0613172066359402,1.19450551976125
2025,14800,"Dobbins, J.K.",RB,10,11.03,11.4,1.0,18.2,4.913461101911768,0.44546338185963447,9.0,14.825,0.07775290885189051,0.015178188941072571,7.630770961357426,1.8652359100551286,284.89893285816186,574.8015069074468,1.8652359100551288,1.2913814604473124,1.3312728799621736,
2025,10775,"Wagner, Bobby",LB,16,10.43125,9.0,5.5,18.1,3.86437555595985,0.37046140740178307,7.0,12.5,0.40136981307559116,-0.02839224370488881,7.611487593639208,2.1444170747095375,245.21982825785327,548.1630576870003,2.2039491852353734,2.9576807293663694,2.095952110513176,2.026409233977884
2025,12225,"Williams, Leonard",DT,16,10.35,9.4,4.5,16.5,3.7257549570523287,0.359976324352882,7.949999999999999,13.725,0.054268694550014755,-1.5000380737391066,7.610426604246103,2.1901262537014343,218.66782419514658,312.91634259951064,2.2000625314541726,1.8891757462903978,1.178811811934118,1.506208594805526
2025,15794,"McBride, Trey",TE,16,12.3,11.5,-0.1,31.8,7.592265801458745,0.6172573822324182,7.6,15.325,1.8612785043196494,-0.31211425240859164,7.605468452412575,1.4315199604174,309.7748242877436,791.8690650943848,1.5670589047584738,1.1481230260177313,1.3862971975376388,0.8821841337731848
2025,15380,"Campbell, Tyson",CB,16,11.66875,11.5,2.0,26.1,6.380705167730288,0.5468199393877055,6.75,16.25,1.0013362284753058,-0.3914753964840152,7.5437028595706925,1.5809803717695947,201.7795916955674,349.6538015519457,1.2704497179014678,1.4379899263822766,1.4508815589137547,1.1354433442862666
2025,15253,"Etienne, Travis",RB,16,12.04375,10.4,2.7,27.5,7.2342906312574975,0.6006676185787232,6.425,16.1,0.7523982479536291,0.03450320691916949,7.524204188433559,1.4626335818512082,223.40484889099318,450.73332674399484,1.5369790600397266,1.3488248407192422,1.0826679694303951,1.1765987468890569
2025,16223,"Anderson, Will",DE,16,11.943750000000001,9.75,1.0,26.9,7.327769847470647,0.6135233781241777,7.475,16.25,1.5409976261675837,-0.8839598901996077,7.402278864955376,1.4342075031801722,153.96079384164003,209.27678743626436,1.4452930173744583,1.7257871846387574,1.1140910910192867,1.252475253024311
2025,15256,"Williams, Javonte",RB,16,11.94375,11.55,-5.7,29.8,7.520968085127074,0.6296990547463799,8.4,15.775,0.8357329373968416,0.03811801175781174,7.328807097982107,1.4016893245788846,214.09613155013676,431.95240432627696,2.1281351011288243,1.6094056926906803,0.4860254534514823,0.9454938958934869
2025,15789,"Watson, Christian",WR,10,12.280000000000001,11.1,-0.6,25.6,8.346352496749704,0.6796703987581192,6.85,16.425,1.2889477208226165,-0.06365516676179193,7.3109581552900735,1.3138815387361547,223.86546813021303,407.5029351634246,1.3138815387361542,1.1599336148688628,0.7885988705062086,0.9332527094350831
2025,17147,"Schwesinger, Carson",LB,16,10.5125,10.25,3.5,23.9,4.633960913732441,0.44080484316123103,7.0,12.65,0.7934422209172262,-0.019012469404669656,7.296269199744502,1.8659163883044365,213.372529849635,476.97178168560635,2.105060899090374,2.631013367584586,,
2025,13223,"Humphrey, Marlon",CB,14,11.507142857142856,12.95,2.0,25.0,6.6936498996879,0.581695211642648,6.0,15.8,1.1372950493325211,-0.36619260639089374,7.275196113916453,1.4956675969372684,190.89117259848868,330.78580257250275,2.24755473787722,5.417867639115497,1.4524844083535875,0.720070457888664
2025,14472,"Dodson, Tyrel",LB,15,10.273333333333333,9.0,3.5,20.9,4.288662055026278,0.41745574838023475,7.5,10.95,0.617526510475788,-0.022125897641372676,7.247727729823629,1.942520287067631,222.13239056895748,496.5535262408095,2.8355419109912066,2.4250998595321733,1.1859606739447046,0.9933377308438932
2025,16276,"Young, Byron",DE,16,11.46875,9.35,0.6,23.6,6.7961127446136445,0.5925765880862033,6.75,17.1,1.2860907670828865,-0.9414821543201038,7.2013805086648786,1.4710857033107674,157.9196330995351,214.6579831367815,1.3417384806135624,1.95847155239718,1.4049472482876255,1.2219412564931071
2025,16222,"Kraft, Tucker",TE,8,12.9875,10.149999999999999,2.5,33.6,10.486829537567587,0.8074555948078989,4.55,16.025,3.081788151071294,-0.28189269248896215,7.1855153937435166,1.1306427032389121,244.66626691389607,625.4338082079757,1.2026022044806592,1.203423755253904,1.0750057244622295,0.6567748298348816
2025,16675,"DeJean, Cooper",CB,16,11.43125,10.5,1.0,28.7,6.768282532334181,0.5920859514343734,8.0,14.75,1.1697191923068548,-0.35865985105794557,7.180045769326168,1.47152861039996,187.81032799445921,325.4471604494928,1.4451173966131774,1.1824072365499492,1.0463689930668032,
2025,14797,"Swift, D'Andre",RB,15,12.706666666666669,9.9,-4.2,34.0,9.815665483750395,0.7724815438418463,6.15,20.0,1.5027818890992695,0.05589635484339034,7.168856968250864,1.1748390966563582,179.44668720620473,362.04497216220716,1.4155140501818944,2.167425115041451,0.932650099141045,0.9627389448303569
2025,14169,"Wilson, Mack",LB,8,10.675,10.5,3.0,19.9,5.227511358189478,0.4896966143503023,7.375,12.5,1.0958320072916563,-0.012493115126045989,7.1658886092425345,1.7141678892262253,196.01968309178764,438.1813233204153,1.326650158875892,1.38464843785357,0.9093361654758002,0.8523247774680802
2025,14157,"Williams, Quinnen",DT,14,11.099999999999998,8.75,0.5,24.8,6.1205742027548835,0.5514030813292689,7.5,15.575,1.68514880526337,-0.9433806342356469,7.154813686775283,1.5588630472673835,155.64088608502826,222.72401992352692,1.594923111178522,2.010677674510338,1.0269987345237288,1.8558143225082633
2025,13813,"Oluokun, Foyesade",LB,16,10.2875,9.75,3.5,22.5,4.5348477096811095,0.4408114420103144,7.375,13.025,0.7429480786251016,-0.019011589497193216,7.140073780678897,1.858678059381098,212.54480757658075,475.12149586110144,2.237020013269489,2.438763524187192,1.4943294774894031,1.8395533293038029
2025,10700,"Cousins, Kirk",QB,9,15.911111111111113,11.7,-9.7,62.5,19.753561954152556,1.2414948155542807,1.8,19.9,0.5296590099567803,0.28067324844829633,7.098437614354503,0.7666689287487577,96.87457067465517,229.8531880477487,0.6920049468125713,0.9245743907214575,0.7129600513063253,1.6500620588169708
2025,13743,"Warner, Fred",LB,6,11.583333333333334,11.0,0.5,25.0,7.379118435754293,0.6370461958924569,8.375,13.625,2.191988215449682,0.007154856332492208,7.0757522679551075,1.3824047746963963,158.08168356419353,353.37492747828804,1.3226363032776418,1.3834991446184788,1.052333419794072,1.764053650982715
2025,14940,"Highsmith, Alex",DE,12,11.416666666666666,9.6,2.0,25.4,7.04873905193136,0.6174078001691703,6.15,14.725,1.4072142848060094,-0.8732928261567416,7.058619765202417,1.4184416457043845,152.26834422944364,206.9762639789579,1.5029225347571638,2.08245468212882,1.5144141873194437,0.9630271659217922
2025,14252,"Jackson, Michael",CB,16,11.73125,9.5,-2.6,25.0,7.813667412777434,0.6660558263422427,5.75,16.5,1.6238865936813474,-0.30503547196094594,7.041330677229153,1.3310293491439056,169.87849020823583,294.3739721350595,1.7307577003933858,3.6974278063206474,1.0092541154090897,0.6202615663289182
2025,14109,"McLaurin, Terry",WR,9,10.166666666666666,10.1,2.9,16.8,4.514667454223203,0.4440656512350692,5.7,13.8,-0.0718798485825938,-0.09442324655464765,7.040307799005814,1.8435684020948357,314.11606845623487,571.7863543092626,1.1686730185391705,2.3054213014623954,1.2774240159169048,1.1685358967943489
2025,17045,"Skattebo, Cam",RB,8,11.737499999999999,9.65,-0.2,25.5,7.854924808678947,0.6692161711334567,7.325,15.15,0.9328113070733403,0.04303842501949999,7.03174352308714,1.3255335594149553,202.46398565950838,408.4838187495483,,1.5794205626253333,,
2025,11675,"Adams, Davante",WR,14,11.164285714285713,11.649999999999999,-2.8,18.6,6.585330791437364,0.5898568847096808,6.95,17.349999999999998,0.6635187358427178,-0.0753840873195102,7.022195407434041,1.471825820290978,250.77677595083466,456.4896637445876,1.3149306900396112,0.9958681825360061,0.9292033225434185,0.9354794416888349
2025,16194,"Rice, Rashee",WR,8,11.9,13.350000000000001,1.3,26.2,8.315196930921118,0.69875604461522,3.0500000000000003,17.3,1.2778827839999378,-0.06116273534517962,7.005125920064311,1.2774823858526079,217.66360505536034,396.2136665344008,1.3481794934028213,0.9069698211770718,,1.45436892673452
2025,16667,"Gray, Cedric",LB,15,10.426666666666668,11.0,-0.4,20.5,5.096726618352433,0.4888164915299647,6.5,13.95,1.0292025069523265,-0.012610472962240823,7.003325611977757,1.7102073488550729,195.56678470691824,437.16891675755585,2.3371200570602952,2.703804143403795,,
2025,15923,"Lake, Quentin",S,10,11.53,9.5,0.5,24.1,7.569682952409566,0.6565206376764585,6.6,18.1,1.7360544496784693,-0.06600692375829217,6.960372082156919,1.3454406731299287,167.62408304589346,344.49396082027215,1.3454406731299287,1.38879137708649,1.5835220110938066,1.125891889550147
2025,14877,"Young, Chase",DE,11,12.354545454545452,9.3,1.0,34.3,9.616497532542107,0.7783772837230551,5.55,15.95,2.6383447364885635,-0.43125234494027864,6.947089106244686,1.1637119885042888,124.92336091944576,169.80660463373,1.2772829167496316,1.2494100902943523,1.1887766266312454,0.9183342582620305
2025,17044,"Hampton, Omarion",RB,9,11.866666666666667,13.4,0.5,31.5,8.42839117375183,0.710257683181334,6.0,13.9,1.099513085655546,0.04814864607363931,6.938525570364869,1.2586099206090298,192.24196860739738,387.8602567507667,,2.21585979815405,,
2025,14251,"Cashman, Blake",LB,12,9.833333333333334,10.25,2.5,18.0,4.1449433718152955,0.421519664930369,7.25,11.625,0.5443076925639615,-0.021584004576246624,6.9174796352993155,1.911261722957279,218.55789015430943,488.5631076400079,2.668458073929974,2.8297559727249966,1.8021885500752544,1.0379697320294072
2025,16651,"Latu, Laiatu",DE,15,10.353333333333333,11.3,2.0,20.5,5.160344519075791,0.4984234886422206,5.5,14.6,0.5018098117044856,-1.2000372572338025,6.909484142373454,1.680641935085572,180.41529270734745,245.23602353598238,1.535078688010463,1.6127336759335982,0.9347036138609973,
2025,14893,"Baun, Zack",LB,16,9.68125,8.0,4.5,17.0,3.9188995186786815,0.40479271981187154,6.5,12.875,0.4291475522598607,-0.023814418377474496,6.891586113356641,1.9681739712789628,225.06595797553865,503.1112067144763,2.087582423587576,2.6044025857409947,1.5324152345220716,0.650642520684074
2025,12141,"Mariota, Marcus",QB,11,14.454545454545455,14.9,-14.2,37.9,15.883517107444412,1.098859674099928,1.55,25.95,-0.06828109427150399,0.19063419671860427,6.886856531151433,0.8561335509988048,108.17912019538278,256.67536365778926,0.7652051159130807,0.8496205018885461,,
2025,15846,"Walker, Quay",LB,14,9.321428571428571,9.25,4.0,14.5,3.309116967113858,0.3550010539432491,6.625,11.625,0.1184881681678843,-0.030453766922756146,6.879277727719742,2.1631876420546177,247.36629284020904,552.9612528290497,2.1105226201345895,1.8383504889204068,1.7941583123497908,1.3256817460038905
2025,15708,"Hall, Breece",RB,16,11.98125,10.5,0.9,33.7,8.921828480614273,0.7446492211258653,5.175,19.0,1.2429510999536098,0.05243085578080981,6.867426331276039,1.207564716867412,184.4452475625594,372.12988191029285,1.1320986496075984,1.1103667040217986,0.9512105397836352,1.0606260466542234
2025,15742,"Warren, Jaylen",RB,15,11.560000000000002,8.1,2.3,32.2,8.021371453810128,0.6938902641704261,6.75,12.149999999999999,0.9811959264204271,0.04611068194761273,6.8245270927638595,1.2814016204950411,195.72320706122719,394.8838741756931,1.1280873763754942,0.9298506734267447,1.2631052085559102,0.9348035468350201
2025,14835,"Higgins, Tee",WR,14,11.485714285714286,10.100000000000001,2.0,32.7,7.918139855768538,0.6893902859499971,6.175,13.525,1.1368674843346103,-0.062385827888779645,6.798733472801703,1.2879047056303967,219.43941012398304,399.4461694469131,1.6314343011727321,1.7626799721810786,1.49328842263012,0.7862584141600227
2025,14210,"Pratt, Germaine",LB,15,10.493333333333334,9.5,3.0,24.5,5.729044907797071,0.5459699721534693,6.25,13.2,1.3513429320019947,-0.004989481139298492,6.787540199578763,1.5594090212081229,178.32259259370008,398.6213443883912,1.823225898310758,2.688712428954161,1.7982064573161112,1.2294606991910342
2025,14789,"Huntley, Tyler",QB,5,13.959999999999999,5.5,-2.1,36.7,14.781014850137998,1.058811952015616,3.8,25.9,-0.2386228708549088,0.16535389844400508,6.780609558018591,0.8846072405715989,111.77699190956538,265.21199280548416,0.8742814737284555,0.8846072405715989,,
2025,16586,"Rattler, Spencer",QB,9,13.9,15.5,-4.8,34.2,14.68809041366508,1.056697152062236,-1.0,26.5,-0.25298013270349784,0.16401892180038963,6.758408736095427,0.8860224306135075,111.95581215725258,265.6362775659961,0.8091043332390989,0.5915056572827218,,
2025,14168,"White, Devin",LB,16,10.46875,9.25,2.0,26.5,5.74855620460477,0.5491158165592617,6.875,13.625,1.361283143366785,-0.004570006170648327,6.757887233539531,1.5512577331513984,177.390471001812,396.5376848997785,1.7550874271418628,1.6595186006812628,,1.4912049004432597
2025,15404,"Jones, Ernest",LB,14,12.528571428571427,8.5,3.0,46.2,10.948217635202322,0.8738600164927739,5.875,16.9,4.010298949691512,0.0387322190874131,6.685969772715806,1.048572415659658,119.90706039253682,268.03958444142586,0.8967075310250437,0.8894626604733071,1.882845893817348,2.183312585031842
2025,15355,"Bolton, Nick",LB,16,10.13125,9.75,1.5,20.5,5.249609360466738,0.5181600849319421,5.875,13.375,1.1070900397812706,-0.008697722891158596,6.67337397455959,1.621101322602245,185.37727226917667,414.3913366006248,1.7554374862355555,3.7673338426589935,1.8028825275617368,1.76495737122633
2025,14170,"Bush, Devin",LB,16,10.53125,11.25,1.5,24.6,6.146108397799376,0.5836067321352523,5.0,13.125,1.5638198003526504,0.000029101052618814082,6.650167485585398,1.4737042056685103,168.52201769837964,376.7131930782932,1.2779421515015434,1.106092966113054,1.126326157306733,0.4669911069237299
2025,15768,"Pierce, Alec",WR,14,11.192857142857141,11.350000000000001,-5.0,25.2,7.654920386421336,0.6839112023605535,5.8,15.15,1.0433847719727152,-0.06310135201485963,6.646940246710566,1.2932362913953042,220.3478313993786,401.0997712247151,1.254466793151925,0.9538380898541455,0.8014856675768242,0.6798866037959727
2025,14148,"Sweat, Montez",DE,16,10.36875,9.2,1.0,26.4,5.874597725589387,0.5665675925824605,7.5,11.525,0.8442636987778696,-1.0129058095036818,6.6187696267272385,1.5082700710478365,161.9113391550426,220.08385422280446,1.357032271778595,1.452418131913752,0.9817918035060275,1.3319922737988426
2025,14179,"Love, Julian",S,7,10.185714285714285,8.5,4.5,19.4,5.650898429561841,0.5547866620888203,5.5,13.95,0.8694791657241326,-0.08859367762213902,6.551197366222587,1.5314794525264335,190.80205025775948,392.12834356223175,1.4874181605170536,1.5216470177606647,1.3375316761069016,1.300357566273268
2025,16227,"Harrison, Zach",DT,7,10.442857142857141,6.5,3.0,20.9,6.336934171496304,0.6068199617027925,5.8,15.55,1.8324906852019662,-0.7822316954914126,6.499083526315263,1.4233270871404604,142.10862809256523,203.35919250229853,1.2691686030659837,1.7006382110660474,0.6192734489799779,0.8134849130186991
2025,15238,"Fields, Justin",QB,9,16.744444444444444,12.1,-19.3,50.0,26.528270501532308,1.5843028169461897,-5.0,45.5,1.576383297501449,0.4970722862727617,6.4792888568031515,0.6082635828325066,76.85882554298325,182.3620580471112,0.5706592611544351,0.2615076189228354,0.9311655549033208,0.7339314826726437
2025,15428,"Sherwood, Jamien",LB,16,9.58125,7.5,4.0,18.8,4.602203106936938,0.4803343099216634,6.5,13.5,0.7772629113028642,-0.01374150883218907,6.4723555590000625,1.7102646614393544,195.57333855422726,437.183567191846,1.5118800202022278,1.4602640382184875,1.5629810876811183,0.6033220221989648
2025,16181,"Brown, Chase",RB,16,11.60625,10.45,-4.9,28.3,9.224659123105852,0.7948010014523083,7.25,15.425,1.3309813834840523,0.05867542794539736,6.466594341438696,1.1351234168552384,173.38045465509487,349.80596664313447,2.110903777200806,1.779484835391067,1.4399516635991751,0.5424161521652858
2025,13447,"Wilson, Eric",LB,16,9.393749999999999,8.5,2.2,20.6,4.277187853894191,0.4553227256307856,6.5,10.5,0.6116808721453796,-0.017076617687855553,6.454753873185368,1.7800673881768443,203.55546706102237,455.0267734293711,1.658908744457795,1.2873305162754707,0.8447190945192772,0.46606862769082147
2025,16698,"Sainristil, Mike",CB,16,10.3,9.0,2.0,22.0,6.182131509439119,0.6002069426639921,5.75,12.5,0.9150659140153463,-0.3527725474376152,6.436667486801906,1.4341146477843272,183.03520602893752,317.17258949764994,1.7615466494773777,2.2125425763162503,1.3668973402555065,
2025,16148,"Young, Bryce",QB,15,15.613333333333335,14.9,-13.1,73.6,22.503803135371484,1.4413195859546208,-3.55,27.05,0.9545841887824879,0.40681350151284723,6.395448356356059,0.6642896574400091,83.9381549910228,199.15910222021031,0.6797020093085293,0.7751287460268208,0.6126320325551783,0.1994017691648675
2025,16214,"LaPorta, Sam",TE,9,10.255555555555553,9.6,2.0,20.9,6.263848854269697,0.6107761613047377,6.1,13.0,1.301143766664096,-0.31314408651673564,6.366840906838661,1.4118624659332397,305.5210261793383,780.9951952150354,1.5077885933466708,1.6494735241581135,1.3484789029137139,1.2148872883426773
2025,11769,"Lawrence, Demarcus",DE,15,11.593333333333332,10.0,2.0,38.8,9.522917386786233,0.8214132306026078,3.5,15.0,2.593477055987107,-0.313070747731666,6.36502092910444,1.1017223558070726,118.268833566289,160.76119721781458,1.1999046341984312,2.360708641932597,,1.0985610047797405
2025,14590,"Al-Shaair, Azeez",LB,15,8.386666666666667,8.5,3.0,12.0,2.689452649807309,0.3206819534746394,6.0,10.4,-0.19720557325555008,-0.03502996387854486,6.350254612476396,2.27314657828843,259.9403913104537,581.0693235102631,2.269980965356603,3.0581605003491275,1.5237541934443022,1.5277595954086294
2025,13208,"Allen, Jonathan",DT,16,9.76875,9.55,3.0,21.7,5.289815539080734,0.5415038299762747,4.875,13.75,1.1193993092125705,-0.9721670588619526,6.337155840962362,1.5531059598335564,155.0660837051524,221.9014706568926,1.4079656328775383,1.3592160454859916,,1.596457580078198
2025,13630,"Sutton, Courtland",WR,16,10.8375,12.05,-1.3,24.6,7.717178483746505,0.7120810596305887,4.125,15.625,1.0654958104110253,-0.059422595855020355,6.3300157075146775,1.2432348402877045,211.82834320399678,385.5917231335781,1.3384292670534657,1.484227598097466,1.2428937058081808,1.313563877410061
2025,15850,"Pitre, Jalen",S,13,10.438461538461537,7.5,4.0,26.5,6.7947421371277335,0.6509332924293334,6.0,10.5,1.3860700980984388,-0.06724741388089076,6.322763970130759,1.3391670121762336,166.8424680065194,342.8876184865339,1.38681666396827,1.9524107207625603,1.416732434697257,1.283721217300587
2025,14073,"Jacobs, Josh",RB,15,11.58,10.2,-2.4,30.9,9.681749153260823,0.8360750564128517,5.25,15.2,1.4638535546171294,0.06381460372437506,6.306931712597795,1.0840921120549782,165.5858565554239,334.0798749779918,1.1011234106173113,0.8175853870293948,1.9980039943486116,1.0859019178454516
2025,15751,"London, Drake",WR,11,12.381818181818183,7.0,-1.0,28.1,11.99619774472639,0.9688559118354646,0.6499999999999999,24.4,2.585194667631768,-0.025889871134923515,6.288839171717366,0.9527262069279062,162.3300822987421,295.48990094167203,1.0741476551770797,1.1024718196908938,1.3380269320418356,0.9230051837889062
2025,16245,"Battle, Jordan",S,16,9.7125,9.25,1.5,19.5,5.311999976468374,0.5469240645012483,5.875,14.0,0.716423405828125,-0.09033931427317092,6.2785887315880995,1.5387357471813934,191.70608843806724,393.98628478289584,1.660389988651974,1.7329707791575775,0.7185522017147816,0.8645136506393968
2025,17136,"Nolen, Walter",DT,6,9.600000000000001,10.55,1.0,17.7,5.160426338976267,0.5375444103100278,7.0,11.625,1.0312848206681207,-0.983680811945094,6.2437220906447015,1.5583337048057813,155.58803517557178,222.6483896228595,,1.587707482422584,,
2025,15756,"Williams, Jameson",WR,16,11.743749999999999,11.35,-3.6,27.8,10.478130126005308,0.8922303460142892,1.65,18.2,2.04605111985864,-0.035896552019518115,6.206300424647832,1.0231413889787582,174.32776034546416,317.329307706905,1.1356885571929451,1.7429058985379606,1.2335325148871392,0.6745897074517047
2025,13604,"Barkley, Saquon",RB,16,11.237499999999999,10.1,-0.1,35.8,9.111728362390968,0.8108323348067603,5.375,13.55,1.2981533750525205,0.06067154488032603,6.205709818628343,1.111333255528913,169.74670970205386,342.47465776889186,1.0337874584747244,1.4408074114555545,1.5857738724242687,1.2162072922651557
2025,16653,"Verse, Jared",DE,16,10.65625,7.35,1.0,23.0,7.7003221320604505,0.7226108745628576,4.75,18.025,1.7196205246472407,-0.5843932372177639,6.186103987474366,1.2248109711630113,131.48227784896608,178.7220501170989,1.0695264046333253,0.9978732861675257,1.319707382344075,
2025,14897,"Brown, Derrick",DT,16,10.1875,9.0,0.0,26.6,6.692801636833412,0.6569621238609484,5.75,14.575,2.0748376482597157,-0.6364213185148576,6.148299863524781,1.3242899636488588,132.22050759181585,189.20917059730894,1.2519818608300735,1.9357585288726513,,1.6348833685541393
2025,16641,"Bowers, Brock",TE,12,11.033333333333333,8.0,2.9,34.6,8.904618027867464,0.8070650780544529,5.65,13.3,2.4146394589556164,-0.28195474367916046,6.1056646311887075,1.1139584890896483,241.0558740102859,616.2046577765981,1.0947823216815937,1.4722359015795505,1.4900467288928692,
2025,15358,"Togiai, Tommy",DT,14,9.392857142857142,8.25,1.0,22.3,5.067891120393498,0.5395473436160378,6.625,12.175,0.9682680197976744,-0.9778564029479897,6.1010511835222365,1.5479607258094674,154.55237033948643,221.166340520027,1.5048424957816837,1.6326783647923682,,
2025,16314,"Dennis, SirVocea",LB,15,8.8,8.5,1.5,15.5,3.91850311556169,0.445284444950192,6.25,11.55,0.4289456010104182,-0.018415147802708122,6.088766838076134,1.7891622294916545,204.59548649173516,457.3516271544702,1.7217077718351088,1.45612352134326,,0.2475522395161915
2025,15284,"Waddle, Jaylen",WR,16,10.41875,8.95,-0.1,23.0,7.421524333821186,0.7123238712725793,4.7250000000000005,16.175,0.9604938820786935,-0.059390886612936115,6.0845673968540215,1.237157263579691,210.7928163968042,383.7067508022227,1.0514828438241088,0.9535461609971531,0.846101086961028,1.5945677743234636
2025,16734,"Booker, Austin",DE,9,9.066666666666668,7.6,4.0,16.8,4.452964056545807,0.49113574153078743,5.8,12.9,0.1626511116468334,-1.2200502383840055,6.080376463486084,1.662704278379192,178.48970253992093,242.6185953316801,1.3544961046713602,1.8412570817747684,0.7661220157978542,
2025,16241,"Witherspoon, Devon",CB,11,10.10909090909091,10.0,0.0,27.5,6.727211301930871,0.6654615496514351,6.6,12.0,1.1518757986128352,-0.3054662921914258,6.069843468440711,1.3082456935744537,166.97062569566714,289.33507859446973,1.2562898338197916,1.43078300962209,1.12686077616767,1.1037227025479721
2025,14221,"Williams, Quincy",LB,12,8.358333333333333,8.55,3.7,13.0,3.155275564651824,0.3775005660600388,5.875,11.325,0.04011223692148051,-0.027453624219430938,6.067753102447025,2.011499166128995,230.02030989040668,514.1861377826762,2.0550796295969285,1.9867252480450468,1.497767518494342,1.7009063037297756
2025,12186,"Diggs, Stefon",WR,16,10.8125,9.55,1.1,26.2,8.469125914166113,0.7832717608477331,3.575,17.55,1.3325508482602988,-0.05012566445365224,6.063293457223786,1.1418688586476768,194.55711877218727,354.1528651953146,1.1946753113492279,1.0151352905342823,1.7991840090032034,0.9694623100726889
2025,15839,"Cross, Nick",S,16,8.5375,8.7,2.5,16.0,3.494437544154996,0.40930454397130267,5.5,11.5,-0.10443722866829826,-0.12089329802457562,6.057952510350982,1.8995702835170098,236.66129121474654,486.3763255372226,1.5966624248976526,2.1174477181902596,1.814218549066262,0.5559551781088665
2025,15822,"Lloyd, Devin",LB,14,11.02142857142857,7.25,2.0,31.9,9.053111428156193,0.8214099805196805,3.875,15.375,3.0448194922045317,0.03173839664819689,6.051042153773617,1.0963201442849195,125.36714087374412,280.2450183700741,1.006088266398227,1.53203353814744,1.3914904200277547,2.0233204651120498
2025,10816,"Davis, Demario",LB,16,8.575,8.5,4.0,17.5,3.6196512262923894,0.4221167610836606,5.275,10.275,0.27669273051277027,-0.021504386242383086,6.029743994765806,1.8562007346346943,212.26151886562215,474.48823383204564,1.9988717278807944,2.07427258553522,1.2234740747084931,1.5439023868103272
2025,16190,"Flowers, Zay",WR,16,11.125,11.350000000000001,-12.8,30.2,9.442755159380127,0.8487869806184384,9.100000000000001,16.675,1.6783364503025762,-0.04156990515447119,6.017459078102428,1.0653318813097952,181.51637974369172,330.4147716197518,1.168961056731222,0.7586052009237777,1.1170705546421338,1.3524542344026038
2025,13759,"Armstrong, Dorance",DE,7,9.200000000000001,10.9,0.0,15.1,4.876181175586368,0.5300196929985183,6.75,12.45,0.3655656329534738,-1.1132704920686765,6.012994500724319,1.5656426725273591,168.07023265473566,228.45555336527315,1.6859146070145818,1.3147894356885552,0.9344892989741348,1.1874073140661745
2025,16266,"Tuipulotu, Tuli",DE,16,11.399999999999999,7.1,0.0,39.8,10.232179630948627,0.8975596167498797,3.0,17.5,2.9335379899147163,-0.10396412433763,6.00771638444003,1.0149410332246618,108.95294218670185,148.09823432071173,1.341222724691622,1.509635875262458,1.1047075280140957,1.3249878947881741
2025,10768,"David, Lavonte",LB,16,8.7125,8.0,2.5,18.5,4.030954446530003,0.4626633511081782,5.75,11.7,0.4862349759347929,-0.016097799842849547,5.956599646390967,1.7317787494596115,198.03353206400257,442.6830702556932,1.7720063737068845,1.3493960236942733,1.5968895135098198,1.904362093256945
2025,16712,"Hunt, Jalyx",DE,16,10.0625,7.5,1.0,22.8,6.988640336288597,0.6945232632336494,5.0,15.95,1.3783995191286635,-0.6615250075015886,5.938248366562868,1.2596010805857467,135.21696258090682,183.79855565650098,1.6739294013500403,1.6593602772740237,0.7469010705871719,
2025,15394,"Adebo, Paulson",CB,11,8.472727272727273,8.0,2.0,14.0,3.7067728942108387,0.43749465489612904,5.9,11.5,-0.1603534944531481,-0.47073064070019743,5.894093062446551,1.8001138918660007,229.7474735247222,398.1179505808209,1.7138348921730355,1.8903862227503914,,1.0073792034442481
2025,17071,"McMillan, Tetairoa",WR,16,9.95625,9.05,-1.5,29.5,6.891386720936505,0.6921669022911743,6.025,12.25,0.7722148687502771,-0.062023224188991595,5.883728127833818,1.2616603839202611,214.9677761203187,391.30644161533036,1.062079441399469,0.9919510698151689,,
2025,17144,"Emmanwori, Nick",S,13,10.184615384615386,7.0,2.5,26.6,7.445891603773717,0.731092075899232,6.5,9.5,1.6801469093487236,-0.049450736794381674,5.883347007596283,1.2058662202182169,150.2349553398526,308.756557400601,1.2584943159405877,1.2096938246276976,,
2025,13298,"Stewart, Grover",DT,16,8.925,7.9,1.5,17.0,4.6155308470424075,0.5171463133941072,5.25,14.0,0.6602091239085518,-1.0429972449208686,5.88275495989131,1.5893421731804087,158.68400021395453,227.07875362447916,1.5732339943395792,1.265867965218507,1.8124901919093335,2.0477749144406476
2025,12221,"Hunter, Danielle",DE,16,10.55625,9.05,0.0,34.6,8.392702838627137,0.7950458580108597,6.25,12.55,2.0515874827736855,-0.38547854709550283,5.880768980296511,1.1238777784588072,120.64719684482053,163.99407367855446,1.2051504525270749,2.362407853396628,1.2403925584817157,1.7481096285689568
2025,16303,"Herbig, Nick",DE,14,9.942857142857141,9.25,1.0,25.2,6.87705442402635,0.6916577725313859,3.25,14.75,1.3248988431101953,-0.6693939703694842,5.877581922482296,1.2622557376942507,135.50193746417608,184.1859180919789,1.1679942233546787,1.0266181333820812,0.8907755740404193,0.8430750736706574
2025,15754,"Olave, Chris",WR,16,10.9375,8.7,-6.5,30.1,9.630672030029888,0.8805185856027327,4.6,18.325,1.7450753538132708,-0.037426013469875036,5.816214784441695,1.0288625186727023,175.3025539926909,319.1037272980163,1.5251820440232806,1.5552392912435404,0.779323842872189,1.1775885700442064
2025,16233,"Carter, Jalen",DT,12,9.566666666666666,9.6,-3.0,20.7,6.195607763210608,0.6476245048652204,8.5,12.5,1.7362469169905248,-0.6635745501911483,5.80633914973803,1.3295147514263779,132.74216380832874,189.9556670513087,1.716139018924822,3.3753955295995635,1.3651708319136402,1.1986780547042812
2025,14303,"Elliss, Kaden",LB,16,8.80625,7.85,2.5,18.9,4.560491852585639,0.5178699051907042,5.75,10.5,0.7560127253911397,-0.008736416202765033,5.801715924325931,1.5837178137227335,181.10236803752133,404.8352391529126,1.5735821084535517,1.7865126497564003,2.208592762334278,1.7435793358624538
2025,16295,"Conner, Chamarri",S,16,8.7625,8.5,2.0,20.0,4.4844000434840785,0.5117717595987537,5.0,10.325,0.3426567642971254,-0.0981437518172004,5.796179181390249,1.5977135020284625,199.05393533595182,409.0872704846948,1.9462226847856996,2.454707420348584,0.9513146458344552,0.616850454989269
2025,15904,"Bland, DaRon",CB,12,10.35,7.5,3.0,32.2,8.161750220796192,0.7885749005600186,6.0,11.25,1.7751111496687888,-0.21621540445845924,5.786729980812838,1.129696810169154,144.182537092837,249.84673518408326,1.2019742819863588,1.5152444669582261,,0.9908540686725179
2025,16598,"Irving, Bucky",RB,9,9.71111111111111,6.8,-0.4,23.5,6.590809163683831,0.6786874424846051,5.7,12.7,0.5653436765567782,0.044217725874976355,5.784942965164386,1.2793248916823372,195.4060043849407,394.2438978356788,1.1914096941156582,1.2664045302504423,1.2693274334399558,
2025,15856,"Taylor, Alontae",CB,16,9.5625,7.75,2.0,26.0,6.512188092338857,0.6810131338393576,5.7,11.05,1.0584589775333102,-0.29419218841484446,5.688533782100611,1.2729313859635796,162.46348145910838,281.5248728981801,1.2659481103805537,1.1134317375967215,1.7484459284491969,1.1838784198710122
2025,15452,"Hufanga, Talanoa",S,16,8.95,8.0,1.0,19.5,5.199158585771355,0.5809115738292017,4.725,13.025,0.6654611643566621,-0.08279348208484384,5.661290706046117,1.4437443204860938,179.87141514847573,369.66416231419885,1.4293932672565468,1.0485362258021151,,1.1402096985080972
2025,14412,"Singleton, Alex",LB,15,7.546666666666667,7.0,3.0,12.5,2.5345260350255274,0.3358470894468455,5.75,9.0,-0.2761343759968773,-0.03300780571814647,5.649349185460762,2.135128328913883,244.15763533111127,545.7886374506231,1.8764469981484087,1.6300112667692095,,2.171015218955257
2025,16244,"Branch, Brian",S,12,9.233333333333333,6.55,2.0,19.3,5.958933536203345,0.6453718631267161,4.625,15.0,1.0085961988392416,-0.06848215020239813,5.611700029795781,1.3268316596641696,165.30564650619084,339.7292076179896,1.3781545744441863,1.6311641819077376,1.0999857240056006,1.2656245616202069
2025,11721,"Mack, Khalil",DE,12,8.675,7.2,2.0,16.3,4.739747707772359,0.5463686118469578,5.125,13.475000000000001,0.30015161597220114,-1.068374504359839,5.609917282037121,1.5113904724859126,162.2463112434228,220.5391771708605,1.6426367331991183,1.5928797925829818,1.3714328572848056,1.1065097275315998
2025,16696,"Cooper, Edgerrin",LB,16,8.20625,7.5,2.5,19.5,3.821889053530989,0.46572905450491864,6.0,10.0,0.37972466983083714,-0.01568901108207341,5.598749628915446,1.7018744954305203,194.61390062957827,435.0388449229623,1.4033530219691188,1.2728040634196462,1.2006032691631858,
2025,14167,"Hines-Allen, Josh",DE,16,8.575,7.65,1.0,17.0,4.642938186105863,0.5414505173301298,5.0,13.325,0.25373558773729604,-1.081880150392175,5.56294211432251,1.5195984285480049,163.12742741966292,221.73686625858582,1.551729587012896,1.620753379626826,1.1833739258937117,1.275153098716589
2025,13774,"Reed, D.J.",CB,10,9.84,7.0,2.0,27.1,7.601605093662784,0.772520842851909,5.0,10.475000000000001,1.5317561312999595,-0.22785377585839775,5.551415679923891,1.143972536852407,146.004539663356,253.00399266421815,1.1439725368524065,1.4081995114931825,0.9439463234634035,1.2349839977992914
2025,14669,"Nixon, Keisean",CB,16,9.05625,8.0,1.0,22.0,5.733887070522056,0.6331414294572318,4.25,12.850000000000001,0.7203261432266094,-0.3288967276208924,5.545294385808221,1.3448770235016578,171.64586071310356,297.4365604304612,1.2948827729557597,1.4418977892212985,1.2331511648798514,1.1908317323461173
2025,13806,"Elliott, DeShon",S,5,10.58,6.4,3.0,29.5,9.623180347473491,0.9095633598746211,5.5,8.5,2.6634697310910944,-0.009826934228598032,5.540533622667889,0.9959352711654038,124.08034031987563,255.00469335911725,1.1929324512591033,0.9959352711654038,1.9246271862983646,1.3655224902237875
2025,14823,"Dowdle, Rico",RB,16,11.3,8.05,0.7,41.8,11.797934141196075,1.04406496824744,3.5749999999999997,11.4,2.07901047188975,0.08971214924525622,5.528200020808782,0.8829550047164034,134.8638728481491,272.096341543982,1.4162440362053526,1.4038461122519026,1.1747345156392828,0.6148603491653484
2025,11244,"Kelce, Travis",TE,16,9.30625,10.15,-2.3,21.8,6.439086576332081,0.6919099074634876,4.7,13.924999999999999,1.3750337721194401,-0.3002523335510363,5.500440631588911,1.250993640752672,270.70969735989536,692.0079301255395,1.0773378819176729,0.6580209018008718,1.0658306895126743,0.9278797481662167
2025,15868,"Jones, Marcus",CB,16,10.18125,7.5,-1.0,29.0,8.68376493449126,0.8529173661869868,2.75,16.95,2.001900412105427,-0.16957040508386723,5.494713464179688,1.0513731042496517,134.18612873589373,232.52445717519365,1.0002053759972576,0.8829085956823759,1.4617995061407376,
2025,14882,"Greenard, Jonathan",DE,12,8.616666666666667,9.0,0.0,18.9,4.899121236394225,0.5685633930051325,6.0,10.025,0.37656441170827487,-1.0074251149038596,5.493349331682683,1.4606695338801874,156.8014673454408,213.1380758214244,1.390007921971334,1.1308698562821655,1.4159992386789313,1.3398498752812373
2025,16689,"Murphy, Byron",DT,16,8.58125,9.35,0.0,16.2,4.832729398331754,0.5631731272637149,3.875,12.3,0.8081220814351783,-0.9091540520368215,5.489635057264071,1.4712237468884404,146.8907534862978,210.2024726856857,1.4502606636069704,1.8232061976900438,1.0335287449247248,
2025,16787,"Laulu, Jonah",DT,16,8.28125,8.25,1.5,18.2,4.251208467894747,0.5133534753684222,5.375,10.125,0.41210433558020254,-1.0540265886614075,5.472118797615309,1.5770179475125699,157.45351790403208,225.31791832339385,1.657002958213934,2.1976254590319146,0.7147863459524119,
2025,9064,"Flacco, Joe",QB,12,14.316666666666668,5.95,-18.7,56.6,23.172139641292418,1.6185429318714144,-0.7249999999999999,30.875,1.0578453177458513,0.5186865073374181,5.467417200769309,0.5922796607632537,74.83913290892393,177.56995638841917,0.6245258959581784,0.6179349170226244,,
2025,15418,"Bynum, Camryn",S,16,8.8,7.25,1.5,18.1,5.380288096375509,0.6113963745881259,5.0,13.875,0.7472641783039251,-0.07602531356146708,5.461102022306143,1.379248063265211,171.8360359656892,353.15018919606985,1.5392127885748592,1.6888132997065415,1.3626884749516541,1.6755535339160594
2025,15499,"Gillikin, Blake",PN,5,7.68,9.0,3.2,11.9,3.1441374015777366,0.40939289083043445,5.0,9.3,-0.4292531648222607,-0.602362336950618,5.449154774347438,1.853220406513574,214.74042788137564,259.4368154151723,1.2527565484305379,1.8532204065135744,1.0991744802572823,1.3325863211055755
2025,15484,"Cooper, Jonathon",DE,16,7.625,7.800000000000001,3.0,14.8,3.0656361493171365,0.40205064253339495,5.0,8.775,-0.5025133288390172,-1.4646880365592188,5.438462612322067,1.875475256505847,201.33046207172126,273.6657253064451,1.8004334298958005,1.500356659026989,1.4577045113814784,1.6620198802212176
2025,13714,"James, Derwin",S,16,9.08125,7.5,0.0,20.7,6.09448713490315,0.6711066356397136,4.4,13.8,1.0698158912463802,-0.06276857251966579,5.434273197367577,1.280043197953304,159.47642404544368,327.74923494630923,1.1508505645096612,1.5222781570874506,1.3821316887349324,1.3985190310704363
2025,14896,"Queen, Patrick",LB,16,8.19375,7.5,2.5,16.6,4.184117103703002,0.510647396332937,5.875,10.375,0.5642651140900274,-0.009699484074497342,5.4239990218035965,1.5805487870147115,180.73998135712662,404.02516195727355,1.7085560794080552,1.9960788960033353,1.7016953487247146,2.1792732166372333
2025,13696,"Smith, Roquan",LB,14,10.049999999999999,9.0,2.0,39.0,8.583435043317865,0.8540731386385936,6.25,9.5,2.80553849595105,0.03609378600016817,5.420498140315813,1.048684522258796,119.91988008200461,268.0682415048745,2.030880302514215,1.866194676957413,1.7822845903140974,1.6620718614113552
2025,14104,"Brown, A.J.",WR,15,10.659999999999998,11.5,-6.1,29.2,10.349286609874776,0.9708524024272774,0.8500000000000001,17.05,2.0002921895333223,-0.025629145566018866,5.408827158680819,0.9392660848590215,160.03668183667367,291.31521769282705,1.3619453889120972,2.1278327616966584,2.0741507001134676,1.3032344461458618
2025,14909,"Winfield, Antoine",S,16,8.49375,7.0,1.0,20.0,4.9298160145689005,0.580405123128053,5.5,9.375,0.5438187327331498,-0.08290592315740532,5.374413101868812,1.432380023112319,178.4555742535306,366.75438569422806,1.4002868441089407,1.2778149741004847,1.0959638140928096,1.6438529905381
2025,16268,"Turner, DJ",CB,16,8.912500000000001,7.0,2.0,26.0,5.86844048704594,0.6584505455311012,5.0,10.424999999999999,0.7787828673211851,-0.31054891188312705,5.373992021658909,1.2976016923796911,165.61213810566477,286.981023131209,1.6051727571086154,1.682119955994556,0.8638296027498574,0.6818994825333196
2025,15089,"Roach, Malcolm",DT,11,7.3090909090909095,8.0,3.0,11.5,2.674612816653705,0.36592961421879044,5.1,9.3,-0.661562704159941,-1.4827262666243504,5.351001129930961,1.9890778358920957,198.59463434778263,284.19136134329636,1.9073800797191258,2.5945548080997107,1.2322338055336548,1.2620578735308048
2025,13742,"Hill, B.J.",DT,16,8.10625,8.0,2.5,17.2,4.177539459717885,0.5153479672743729,4.375,10.825,0.36193548862976105,-1.04822672674548,5.34943140127779,1.5656568265810367,156.31919444194048,223.6946875147965,1.9161372798690102,2.1045284723674063,1.444204154866605,1.7097367164915043
2025,12782,"Onyemata, David",DT,16,7.99375,8.25,0.0,14.5,3.983947280963944,0.498382771660853,4.875,11.125,0.23009855167260657,-1.0975604902175438,5.3349185209460765,1.6038993892515514,160.1374300147414,229.15862952374036,1.7996957364838577,1.529011579931858,1.6509494051120168,1.5166417971562183
2025,16251,"Gonzalez, Christian",CB,13,7.815384615384615,8.6,3.0,15.0,3.7305075245243167,0.477328718689135,4.0,10.0,-0.15004198567421306,-0.4418529801597309,5.290213692128974,1.6521239158520318,210.85960023524447,365.3880959736147,1.8139199779968058,1.7028412291520405,0.9961125383502248,
2025,13920,"Ward, Charvarius",CB,7,7.8,6.0,5.0,16.0,3.727887184068592,0.4779342543677682,5.0,8.8,-0.15118039243497314,-0.44141399773846507,5.277636658700146,1.6497855588186212,210.56115710725555,364.8709387459114,1.6905684303841755,1.525148375884538,1.6494582794834622,1.3038499918571242
2025,13839,"Sieler, Zach",DT,16,7.74375,6.85,3.0,14.6,3.624218665795429,0.4680185524836712,5.5,8.725,-0.014877867648209505,-1.1858578043792043,5.274967395268075,1.6746072276553925,167.19708201022755,239.26107825200594,1.6497337024512975,2.003877313875347,2.0572850041328263,1.5615683993503868
2025,14218,"Okereke, Bobby",LB,16,8.4125,7.0,2.5,24.1,5.013964873231563,0.5960136550646732,5.75,10.375,0.9870387672722591,0.0016834720053846752,5.270944877761155,1.3988275916682567,159.95967661174245,357.57298282549624,1.3439488398774702,1.446453168022646,1.8015904530478328,1.617322969417537
2025,16670,"McKinstry, Kool-Aid",CB,16,8.9875,8.0,0.0,27.4,6.346837302940733,0.7061849572117643,5.5,11.25,0.9866223365591983,-0.27594390286933174,5.267600069975597,1.2233155069872796,156.1310361104994,270.5516938434734,2.050926434989659,2.1503733610321065,0.9073280191125721,
2025,15872,"Bryant, Coby",S,15,8.066666666666666,8.3,1.5,17.2,4.288848589332832,0.5316754449586155,5.0,10.5,0.2543404083483609,-0.09372477929980988,5.266563940303045,1.525221705710476,190.0224179091119,390.5260759710309,1.3446461432171462,1.0705783179958848,0.8186983736882113,0.6666666666666666
2025,14153,"Allen, Zach",DT,16,8.5625,6.95,3.0,23.8,5.40368797674329,0.6310876469189244,4.5,11.6,1.1969468293753411,-0.7116627336155433,5.24956461792492,1.3371201143929896,133.50150275936534,191.0422904181725,1.256936832025247,2.0998514343322605,1.6656622227256461,1.616836669098083
2025,12752,"Byard, Kevin",S,16,9.6625,6.75,1.0,35.1,8.206085775203668,0.8492714903186203,5.0,15.125,2.0234712754373394,-0.02321280271340367,5.225030532610006,1.0495774464784664,130.7634446952782,268.739528205178,1.2581688592178366,1.057791573313962,1.7117435363623952,1.324856562397195
2025,15365,"Moehrig, Trevon",S,15,8.653333333333334,8.0,1.5,27.4,5.73072033478825,0.6622558168091197,6.25,9.25,0.9055289093840888,-0.0647336118810531,5.205777140815994,1.285647434882699,160.17463772013244,329.1841743053902,1.2089865922698633,2.363942709228989,1.3527346852887032,1.2163830111793363
2025,13744,"Shepherd, Nathan",DT,16,7.7875,7.0,3.0,17.4,3.8677957223721107,0.4966671874635134,4.875,9.5,0.15099894234897854,-1.1025493053739404,5.20322758809052,1.599800082860728,159.72814474743058,228.57293727844473,1.4325097005108935,1.6457027405040152,1.493696409964597,1.3261384735891946
2025,15819,"Wyatt, Devonte",DT,10,8.35,9.75,0.0,15.7,5.095733509515583,0.6102674861695309,4.375,11.45,0.9872287821748068,-0.772206502709628,5.185473886616687,1.369810538299526,136.7653985533079,195.71296539390636,1.369810538299526,2.422456726143051,0.9528428758182627,1.0961850802907527
2025,14927,"Chinn, Jeremy",S,15,7.693333333333333,7.0,2.0,14.4,3.7465480408266787,0.4869863137989617,4.75,11.0,0.009422729362262842,-0.10364656206767923,5.173775482625902,1.6208270235885847,201.93357390705575,415.00538248306924,1.6542720460498281,1.6389857921576187,1.2337976490029852,0.7059837311885061
2025,15920,"Roberts, Sam",DT,5,7.3,8.0,1.5,10.0,3.043024810940588,0.4168527138274778,7.5,9.5,-0.410672873911205,-1.3346449707413084,5.152264542924735,1.8055788280709792,180.273622618711,257.97376849860075,0.7406865557489521,1.8055788280709792,,
2025,14908,"McKinney, Xavier",S,16,8.525,7.0,1.5,22.5,5.588213041751361,0.6555088612025057,5.0,9.5,0.8411687394647869,-0.0662315561492943,5.149474098137856,1.2939775848131618,161.21246404099156,331.3170712818849,1.3469923081290394,1.7803684802828186,1.366180160922993,1.4982155937002908
2025,12860,"Fairbairn, Ka'imi",PK,14,9.207142857142857,7.4,-4.8,23.2,7.343360877663023,0.7975721666973027,5.7,10.025,0.5622686858428654,0.028621479436190957,5.1219878832788295,1.1035292602280173,161.2835809625759,227.9927235327802,1.3541592613332092,1.2054047492550692,0.8461435761766868,1.1300511034642193
2025,15350,"Parsons, Micah",DE,14,9.071428571428573,5.9,2.0,24.8,7.001268106710443,0.7717933345980015,4.075,12.3,1.3844539953656547,-0.44933261689797044,5.119913476526747,1.1337488571118641,121.70684762905366,165.4344424009756,1.2404578075385333,1.697285266323544,1.326787202127371,1.2572355141755847
2025,16213,"Kincaid, Dalton",TE,11,9.063636363636364,7.1,-1.0,23.2,6.981830018929359,0.7703122387986253,4.35,12.2,1.6038847036562494,-0.287794588958178,5.119795347394286,1.1355336235100775,245.72464123594452,628.1393020674185,1.116525439107784,0.968288087300117,0.8816277613791841,0.801482760758938
2025,17163,"Parrish, Jacob",CB,16,7.60625,7.0,0.0,14.5,3.7147457433181077,0.4883807057772368,5.0,10.625,-0.156889690615595,-0.43384085432978087,5.110419646314881,1.6132895418124777,205.9031919980674,356.7993830735161,1.3559639909657033,1.7458355098871192,,
2025,9051,"Campbell, Calais",DT,16,8.39375,9.25,-1.5,19.3,5.4028312890094945,0.643673124528309,4.875,12.425,1.1963634220937072,-0.6750649253904769,5.106702710375449,1.310943490641075,130.88796148477795,187.3022807487714,1.3862889979941315,1.6394910273491572,1.5601282889796342,1.7805877477170688
2025,17424,"Smyth, Charlie",PK,5,9.02,10.2,-4.1,15.2,6.939855906285086,0.7693853554639785,9.4,14.4,0.3543153193024852,0.02440702655787361,5.097815448819922,1.1360407678003182,166.03521968456968,234.7097064209674,,1.1360407678003182,,
2025,16725,"Mustapha, Malik",S,11,7.363636363636363,6.5,1.5,12.5,3.275882317586773,0.44487290732659884,5.25,9.75,-0.20314271397311837,-0.11299648809647167,5.096390365060591,1.7221326071930483,214.5549074955695,440.94421609059225,2.0744171407400485,2.7679845724444827,1.1884205918891293,
2025,12437,"Myers, Jason",PK,16,9.55,8.55,-4.5,30.8,8.365927922233134,0.8760133949982338,4.625,10.425,1.0892665533175374,0.040349902976373704,5.090581989159514,1.0196533733011026,149.02490882080625,210.66369331273557,1.0959464907528667,1.2545076891173315,0.969774364661211,0.6757195508496008
2025,15711,"Walker III, Kenneth",RB,16,9.8875,8.15,-1.7,33.3,9.326365516641516,0.9432480927071066,3.15,13.575,1.360546564161078,0.0771590902985549,5.088130556827609,0.9575004859227324,146.25006154985257,295.0686930302196,0.9039642415309194,0.6307636605602109,1.2710527955048212,1.1159120143378232
2025,14322,"Edwards, T.J.",LB,9,9.100000000000001,6.5,2.0,26.6,7.220033856491872,0.7934103139002056,3.5,11.0,2.1109410990876762,0.0280048492242387,5.074131630374002,1.107051401353191,126.59428882285697,282.98817815775936,1.151315124384954,1.2113261909999697,1.5728276168231816,1.989134185411296
2025,15349,"Phillips, Jaelan",DE,17,8.147058823529411,7.6,1.0,19.0,5.013407629084566,0.6153641133172392,4.0,11.3,0.4313598526800296,-0.8789050223291981,5.043481377581787,1.3548156596145564,145.43815591594932,197.69208303804223,1.447076681708413,1.6017516267056862,,1.3789319388998151
2025,14954,"Hawkins, Jaylinn",S,14,7.95,6.25,2.5,17.7,4.613760474307885,0.5803472294726899,4.125,11.375,0.4010794536292362,-0.08291877657964122,5.030540030530287,1.4161630223420154,176.4351508055365,362.6020964557953,1.6692251042279957,1.8634389414485397,0.9277368916522387,0.29039694107438
2025,15282,"Smith, DeVonta",WR,16,9.575,8.850000000000001,-2.9,36.6,8.66223845203998,0.9046724231895542,4.375,12.7,1.401134999259121,-0.03427171709007778,5.027111162750892,0.9909711965324595,168.84644792915816,307.35165944856266,0.877154432891303,1.2737489279910215,1.3013719917157032,1.1655977730508662
2025,14219,"Dean, Jamel",CB,14,9.02142857142857,6.5,0.0,25.0,7.177761148299713,0.7956346482675851,4.0,13.0,1.3476171535368235,-0.21109744815704268,5.024089159859094,1.103166063159508,140.796433511429,243.97912498753644,1.1064732454932322,2.4852813742385704,1.2653199413600276,1.0847367516318294
2025,13723,"Payne, Da'Ron",DT,14,9.042857142857143,7.5,-0.2,22.5,7.254330163595325,0.8022166057688354,3.0,14.25,2.457240498720155,-0.21403006427018625,5.017630574433316,1.0955288877030283,109.38041485603208,156.52471731836263,0.9643220466477697,0.8737583209676628,1.2627925564122524,1.605168064997297
2025,16278,"Diaby, YaYa",DE,16,7.95625,6.95,2.0,18.5,4.663819350864697,0.5861831077284771,4.0,10.475,0.2637472138288145,-0.9590393774134562,5.015971965174875,1.404749958839227,150.7985548341737,204.9783994890777,1.3418253320636848,1.8793550007374946,1.2721771878398793,0.8105317354961709
2025,16282,"Turner, Kobie",DT,16,8.9875,7.25,1.5,24.8,7.1260854436359375,0.7928885055505911,3.25,11.274999999999999,2.3699054050753685,-0.24115561591686663,5.012860516521614,1.1060060914125256,110.42648575488239,158.02165762484276,1.281721903673579,1.7061843803121148,1.2559000369247082,1.2951337738604491
2025,13987,"Spillane, Robert",LB,13,9.507692307692308,7.0,1.5,28.6,8.594762406745305,0.9039798647871276,3.5,10.0,2.811309326449109,0.04274847697854025,4.993588684171986,0.9909252469876914,113.31495246352962,253.30362257145995,1.0446504636480998,1.337339482038885,1.9700026535845097,1.4681425189435118
2025,17125,"Knight, Demetrius",LB,16,8.325,6.25,3.0,19.3,5.558270864216676,0.667660163869871,3.875,12.0,1.2643405094803295,0.011237001410595152,4.992024262713999,1.269389473591732,145.15808159597603,324.4855785966853,1.187781816850643,1.1260124115099874,,
2025,16681,"Reichard, Will",PK,16,8.89375,8.7,-5.1,21.6,6.962171783107625,0.7828162229776668,4.175,13.2,0.3658161979575856,0.0264151912198075,4.9885960680488,1.117000517229331,163.25243910485128,230.7759289119515,1.1649321041207006,1.1352336002751864,0.661177332448471,
2025,17131,"Watts, Xavier",S,16,9.024999999999999,6.5,3.0,33.3,7.304921286365787,0.8094095608161539,4.0,11.9,1.6164808794311973,-0.03206286076932443,4.987814917883584,1.0867050618307927,135.38905368971754,278.24588513638344,0.8880406777003665,0.8481573706399842,,
2025,12697,"Robinson, A'Shawn",DT,16,8.05625,8.75,-2.5,14.0,4.996619951277063,0.6202165959692243,4.0,12.625,0.919732109462119,-0.7432750927337526,4.972329020726206,1.3434651629513907,134.13500868640185,191.94884518192444,1.2269963416384275,1.0626160698202487,1.4823474248073307,1.3228190855352406
2025,15861,"Bonitto, Nik",DE,16,8.425,8.65,1.0,17.2,5.871914083158916,0.6969630959239068,2.75,13.55,0.8429770069248277,-0.6548249498715472,4.964751455253676,1.226004850765997,131.61043967423853,178.89625872174258,1.008713230563154,1.539123727745294,1.1470821788512722,1.1374681763484724
2025,14224,"Gardner-Johnson, Chauncey",S,12,9.333333333333334,6.35,1.0,24.3,8.23218615489767,0.8820199451676075,3.375,12.3,2.035258916871448,-0.01594206267967539,4.959210638175321,1.0109559292608072,125.95171532010556,258.8506645005835,1.0495214103335742,1.1338419411548832,0.9441457041338,
2025,15834,"Hamilton, Kyle",S,15,8.946666666666665,7.0,2.0,29.6,7.213770781560009,0.8063082095633394,4.3,10.25,1.5753148320485455,-0.03275141596426332,4.953012237501512,1.089227701210267,135.70334113567094,278.891795468152,1.0557143621384166,1.2692679369101634,1.3859268340650228,1.120104111336388
2025,16622,"Pearsall, Ricky",WR,9,9.244444444444444,7.9,-1.5,19.6,8.028575508230462,0.8684757160345453,1.3,16.7,1.176088839651525,-0.038998715105578244,4.947586080521224,1.023909523270553,174.45863876771898,317.5675460634674,1.054325700155529,0.6507133438606533,0.5596021276733477,
2025,10292,"Jordan, Cameron",DE,16,8.475000000000001,7.0,1.0,17.0,6.0580009078903245,0.7148083667127225,2.2249999999999996,14.575,0.932197686483935,-0.6058198098116578,4.942243206012884,1.2007649348026543,128.90095901011154,175.21329895737296,1.1133087594303186,2.004349179161845,1.0105331655228262,1.0020186673148064
2025,15081,"Wharton, Tershawn",DT,9,8.177777777777777,7.0,0.5,17.6,5.373552058777794,0.6570919637092412,4.5,11.0,1.1764241659984653,-0.6360437520835093,4.935017462442222,1.2830800944843879,128.10600852568575,183.32127189002804,1.3726572083864828,1.316840828786438,1.041597504332227,0.8048927521400131
2025,15001,"Curl, Kamren",S,16,8.4625,7.25,4.0,30.0,6.05153647844909,0.715100322416436,4.875,9.6,1.050418206477971,-0.05300119078657894,4.934113701335576,1.2000930614006038,149.5156962358228,307.2783663608599,1.8935959284866701,1.9784211557364644,1.095823850591652,1.5739237191312494
2025,16169,"Charbonnet, Zach",RB,15,8.860000000000001,9.2,-5.5,26.9,7.070954673875374,0.7980761482929315,4.8,11.65,0.7049178789897633,0.05908322784128878,4.927488754250793,1.0977635680049926,167.67405525982338,338.2929471364915,1.4651222543274436,1.3875681552279733,0.8006455070309911,0.8859401720292626
2025,13347,"Gonzalez, Zane",PK,8,8.587499999999999,6.5,1.1,21.7,6.396568904498723,0.7448697414263434,4.275,12.2,0.07432283089945126,0.020741485986811185,4.921570817647482,1.1610112892718312,169.68472429362404,239.8686971278814,1.0015912921916217,1.1809193352177831,,
2025,16817,"Taylor, Leonard",DT,4,5.875,6.0,4.5,7.0,1.1388041973930374,0.19383901232221915,4.875,7.0,-1.70745363538952,-1.983155335827938,4.921099025380423,2.746862011567476,274.2537506313306,392.46048616264136,1.3393580374231184,2.7442992508333415,1.1939335111106055,
2025,14136,"Samuel, Deebo",WR,15,8.646666666666668,7.8,-1.6,18.2,6.54643584114457,0.7571051473952854,4.1,15.0,0.6497051472826882,-0.0535428131277678,4.920972816842747,1.1457947630752303,195.2260332873833,355.37049215043413,1.0160619336411576,1.4424884892908523,0.8379619705980443,1.197756721213786
2025,13268,"Anzalone, Alex",LB,16,7.725,6.75,2.5,20.8,4.426835777392244,0.5730531750669572,4.975,8.625,0.6879203965877353,-0.0013781373385169913,4.910832082755997,1.4234814387016685,162.77890996272083,363.8750815790296,1.7988319711184453,2.3453349256410068,1.832552568725157,1.5752650755800726
2025,16267,"Stevenson, Tyrique",CB,13,8.853846153846153,7.0,0.0,25.5,7.135891447153756,0.8059651504170185,4.2,10.0,1.3294268642744391,-0.20360836203632715,4.902556481669481,1.0882453645498875,138.89211355463414,240.67922380987343,1.0079931686986405,0.8730978065448575,1.0795844424404408,1.1719510812676142
2025,16716,"Wilson, Payton",LB,16,8.26875,7.0,3.3,26.6,5.74485843493989,0.6947674600078476,4.5,8.275,1.3593992802689352,0.014851557863778809,4.878987940895274,1.225933810139885,140.18881024752045,313.3772967085604,0.9917979274022432,2.2935524689261015,1.0952421923756372,
2025,12711,"Ramsey, Jalen",CB,16,7.7875,8.5,1.0,20.3,4.666754091443002,0.5992621626251046,4.0,9.625,0.25671028164665644,-0.35345746468307065,4.869433031053038,1.3742435041886498,175.3938873099958,303.93132898910903,1.842203575520458,1.885026501092512,1.1761117533172252,0.8464424678712995
2025,17043,"Henderson, TreVeyon",RB,16,9.8625,6.95,-0.6,33.7,10.114956438363935,1.0255976109874712,3.3,9.475,1.58978321556992,0.08741271452233189,4.868933467586422,0.8873179175006924,135.53027069610843,273.44084109462653,1.024211842677429,0.9539399262451026,,
2025,13470,"Moore, Kenny",CB,13,8.284615384615385,6.0,1.0,21.8,5.825124119357214,0.7031254740171196,3.4,13.0,0.7599640738622349,-0.2781618718313568,4.864359972888357,1.213840985121253,154.92180847695343,268.4562835224488,1.235960012316796,1.038436285525043,1.1482894833494934,0.8322930607911007
2025,16594,"Benson, Trey",RB,4,7.2,7.050000000000001,3.7,11.0,3.4590461112855952,0.4804230710118882,3.775,10.475000000000001,-0.345033117497172,0.019531141126255352,4.863474597892282,1.614695120953606,246.63095663720438,497.59345920634945,1.2171005380801738,1.3965279086590912,0.6274041720561122,
2025,17121,"Graham, Mason",DT,16,7.7375,6.4,1.0,15.5,4.5739582147195,0.5911416109492085,4.375,12.5,0.6318980188733413,-0.8278233918873547,4.862860694959848,1.3881517768768161,138.5966348694618,198.3334870577378,1.7833521599228694,1.777127261366684,,
2025,14085,"Pollard, Tony",RB,16,8.94375,7.7,-0.8,29.7,7.528111379190667,0.8417175546264898,4.25,11.425,0.8378094320229655,0.06451717075298842,4.856200657659389,1.0487374756647205,160.18573632136994,323.18479293301635,1.0097050645448133,1.4515745274905658,1.24106012636703,1.4754101597366363
2025,16188,"Johnston, Quentin",WR,14,9.171428571428573,9.85,-3.0,23.3,8.157155366515303,0.8894094636387401,1.45,15.775000000000002,1.221754131574593,-0.03626493650637428,4.854124395971678,1.001558694195084,170.65039680178705,310.6353926058955,0.7194423637740266,0.810785473466002,0.7662494836209395,0.6216296834357647
2025,14778,"Tagovailoa, Tua",QB,14,13.007142857142856,12.8,-38.2,43.4,21.865219096145573,1.6810162951457333,1.4000000000000004,27.8,0.8559199556540142,0.5581230888854821,4.851571726995348,0.5688615010619116,71.88006663926235,170.549013627181,0.5062468180937559,1.227188034024486,1.109803961352172,1.7849824125938984
2025,15895,"McCollum, Zyon",CB,13,7.5307692307692315,6.0,-1.0,14.9,4.167158156416878,0.553350929861281,5.0,9.0,0.039660856317425955,-0.38674076215524134,4.8480797777239895,1.4574295972375229,186.010879266299,322.32898539912253,1.3246760592353843,1.1146409059006943,1.1039119449729768,1.0967964813263174
2025,16614,"Harrison Jr., Marvin",WR,12,8.591666666666665,6.75,-1.0,19.7,6.6701397203423625,0.7763499189535243,3.925,12.9,0.6936387293455109,-0.051029601177990574,4.836697192931532,1.120144740503263,190.85565883479188,347.4150873617047,1.123428411170639,0.8303646780642222,0.7537900213423898,
2025,16256,"Bresee, Bryan",DT,15,7.033333333333333,7.0,1.5,13.5,3.215310594984911,0.4571531651637314,4.8,9.2,-0.2933456647446887,-1.217453694004379,4.8267632404607514,1.6685207827155404,166.58939573194488,238.3914717227965,1.6541523351029241,1.452059621865232,1.0438928056321954,0.9277911873048589
2025,13713,"Fitzpatrick, Minkah",S,14,8.735714285714286,8.5,-4.8,23.8,7.103078522006914,0.813107925659009,4.125,12.625,1.525323196660843,-0.03124175792809796,4.818088411664255,1.078073507740202,134.3136764036047,276.03581499647555,0.9736379797326624,0.981794198814094,1.2947774468988196,1.5476467532630227
2025,16719,"Williams, Evan",S,15,7.633333333333334,6.5,1.5,17.0,4.461489537014391,0.5844746118359464,4.2,9.9,0.3323097563798209,-0.08200242421060842,4.8175800838414915,1.3976651024596147,174.13055505451717,357.86578825990875,1.3459294954687542,1.2264071622026924,0.8578730704040936,
2025,13674,"Goedert, Dallas",TE,15,8.613333333333333,6.3,1.3,22.5,6.8044952461997905,0.7899955781191708,2.5,13.6,1.529110464581484,-0.28466700321150235,4.811929950343091,1.1036374629771717,238.82244790456159,610.4954105956377,1.0307655642900126,1.2061864056692777,0.8283230168154369,0.8435122583153286
2025,14842,"Pittman, Michael",WR,16,8.6,5.45,-0.4,20.5,6.77762864134647,0.7880963536449385,2.95,15.95,0.7318135494271635,-0.0494956115463443,4.80958421645979,1.1057354878428807,188.4005409287089,342.9460293990931,0.9660625578785367,0.7985323822574358,0.7131999793949754,1.5688874522442329
2025,15076,"Rozeboom, Christian",LB,14,7.878571428571428,7.5,1.5,19.0,5.042558671863291,0.6400346455674168,4.125,9.225000000000001,1.0016061435426806,0.007553343883690935,4.8039054844756715,1.303846905989906,149.0983811554875,333.2937025974628,1.3676928065020482,1.7146694769199173,1.4195016596427505,1.4217692189964917
2025,13681,"Chubb, Bradley",DE,16,7.7437499999999995,6.0,2.0,18.8,4.744466349074467,0.6126833057723283,4.75,9.125,0.3024140028132759,-0.8862668242747477,4.801779724687761,1.3480364457609977,144.71041383943543,196.7028732525193,1.2670324979446723,1.3454202635341208,,1.3299453051128636
2025,16012,"Alford, Dee",CB,15,8.686666666666667,8.0,0.0,29.5,7.043849957389938,0.8108806551101232,5.5,9.05,1.2894394443234773,-0.20004487233941431,4.796929406779937,1.0799140601430748,137.82879409063818,238.83665048654498,1.4926937982048862,2.761127988003162,1.4259453416863452,0.7329086051871152
2025,13693,"Phillips, Harrison",DT,16,7.6625,6.5,1.5,18.0,4.580103028317158,0.5977295958652082,4.75,9.375,0.6360826579848082,-0.8086659299277383,4.795867848871245,1.3731825310599775,137.10206696175402,196.19474202212092,1.7801755919563182,2.1277193202681954,1.52089594859876,1.7865846621758659
2025,13281,"Douglas, Rasul",CB,14,8.971428571428572,6.5,-0.8,28.8,7.82837590996722,0.8725896714931615,5.0,12.925,1.6302766994421813,-0.1553089890849333,4.790920674188571,1.016203734743538,129.69748286409768,224.746306373591,0.9403495712462778,1.1638718101132206,1.3604542088242757,1.030782254274564
2025,15396,"Deablo, Divine",LB,12,7.133333333333333,7.75,1.0,11.5,3.495791120126538,0.4900641757186736,5.125,10.2,0.21359104910796922,-0.01244410354963405,4.787265843696195,1.5866692074280706,181.43986780194666,405.5896842732374,1.4444444444444444,1.809739271250403,1.244405211037133,1.7096789224458335
2025,15821,"Dean, Nakobe",LB,10,8.01,6.7,0.0,16.9,5.393227234226276,0.6733117645725688,4.925,10.5,1.1802574993818171,0.011990600356309786,4.786914291519414,1.2528883624092535,143.271135396026,320.2675094217578,1.2528883624092535,1.4908814144250888,2.0954198473282437,
2025,14328,"Wingard, Andrew",S,15,7.64,6.0,1.0,17.9,4.589524303599811,0.6007230763874098,4.5,10.0,0.3901337396820837,-0.07839497579065362,4.772843043683936,1.3668426121843007,170.29048111237051,349.9738299080136,1.322032003308462,1.339601592824649,,0.6492366978484945
2025,13737,"Bates, Jessie",S,16,8.575,6.25,2.0,25.6,6.896239917520272,0.8042262294484283,4.375,7.875,1.4319092565954346,-0.033213652617586784,4.752729929340109,1.0859599112450582,135.29621779872704,278.05509272032685,1.2270491719230066,1.0438089079178403,1.2723264995753452,1.2101515469771307
2025,13700,"Landry, Harold",DE,15,8.186666666666666,7.7,0.0,21.6,5.930358804959069,0.7243923621692675,4.0,11.75,0.8709987532423279,-0.5795010699483386,4.747566068065812,1.1812760200537722,126.80884278620626,172.3695141771221,1.282291895586188,1.3127638689375867,1.8512068453370298,1.4675490685141288
2025,15391,"Williams, Milton",DT,11,7.509090909090909,9.0,0.0,15.0,4.461034235049199,0.5940844622946876,4.0,9.8,0.5549964018526107,-0.8192657580398786,4.710597892837848,1.3750309164694805,137.28661450328823,196.45883182108957,1.2979533765334974,1.1198762326660092,0.8174904854876264,1.2934177838640852
2025,15255,"Gainwell, Kenneth",RB,16,9.33125,5.8,-1.0,26.3,9.191961076805102,0.9850728548485038,2.2,18.25,1.3214763404571512,0.0823668365392393,4.7007090834014456,0.9155500035450577,139.8424818984768,282.14099827794075,1.0057658532077893,1.3238017721513808,0.7440545237624607,0.7457477441876964
2025,16274,"Williams, Garrett",CB,10,7.38,6.0,2.6,15.0,4.20899037775094,0.5703238994242465,4.3,10.0,0.0578348624776812,-0.3744362266212834,4.699667376078177,1.4167812694609787,180.82295718433278,313.3390936916817,1.4167812694609787,1.2520503600998214,1.2461158404669228,0.8026745484253632
2025,16673,"Wiggins, Nate",CB,16,8.99375,6.5,-4.0,32.2,8.228036578522243,0.9148616070629317,3.6999999999999997,12.0,1.8039092539825377,-0.12466399609311535,4.69681462452781,0.9746114380314084,124.38908258404824,215.5476439990577,1.6230230434770034,2.687250472133202,1.0361886019439936,
2025,15871,"Joseph, Kerby",S,6,7.866666666666667,8.0,1.0,14.7,5.339059426112015,0.6786939948447476,3.25,12.375,0.7286441893394413,-0.061084043689933136,4.686182646048132,1.2409832654765933,154.61007393725808,317.74811701000385,0.944417192009722,1.597402308971786,1.2146637830253888,1.3519695783457004
2025,16346,"Winters, Dee",LB,16,8.2875,7.75,1.0,30.1,6.3803286553280305,0.7698737442326432,4.375,9.625,1.6831454858105115,0.024866422604901055,4.682537399634219,1.122917472518932,128.40861649832416,287.0439162817762,1.0091711754071786,0.882147197937141,0.8350505635886957,0.3333333333333333
2025,16671,"Arnold, Terrion",CB,8,8.05,6.8,-0.2,21.0,5.792020372892347,0.7195056363841424,5.5,10.0,0.7455821531084799,-0.26628709121919986,4.681578140638096,1.1852143483150286,151.2682077178802,262.1251407937509,1.2849149257834445,1.2480762436927757,0.7137374750307575,
2025,16616,"Odunze, Rome",WR,12,9.266666666666666,8.05,-3.0,29.1,9.084357740399458,0.9803263748632509,3.1,13.775,1.5510511742061415,-0.024391921176740255,4.679363353581837,0.9189149081396628,156.56915027544758,285.00326033391207,0.8797341571657336,0.5708900734034008,0.6911187186790031,
2025,14149,"Gary, Rashan",DE,16,7.6312500000000005,6.5,2.0,16.3,4.826064487499105,0.6324081228500055,3.0,10.85,0.3415368228813399,-0.8321002366680703,4.674841967017828,1.3098464694948457,140.61075667707047,191.13026571314612,1.233362430001644,1.1768066979971112,1.5180873366944976,0.8671403480202092
2025,15869,"Bernard, Terrel",LB,12,8.008333333333333,6.0,3.0,20.6,5.711896698023249,0.7132441246230905,3.875,9.625,1.3426066172731708,0.01731528375434347,4.674367895524023,1.1931550340594341,136.4404695279151,304.9982764445424,1.162730802554013,1.107866208305644,1.6712869039581788,1.66356726579429
2025,17051,"Judkins, Quinshon",RB,14,8.65,9.0,-5.1,19.0,7.368150572371798,0.8518093147250633,3.275,15.225000000000001,0.791310190525583,0.06577373081512485,4.671107295560969,1.0336812089111724,157.88601953606158,318.54496974942555,0.7682407176369963,0.8744141484964089,,
2025,11327,"Jefferson, Tony",S,12,7.816666666666666,6.0,0.0,17.5,5.264160796260775,0.6734534067711013,5.0,11.975000000000001,0.6948179307584095,-0.06224754754631484,4.670979565393928,1.2478394027389301,155.46425780785748,319.5035997515322,1.1749856961426812,1.8281648153818448,,
2025,14217,"Barton, Cody",LB,16,7.9375,6.5,2.0,21.6,5.560898645902476,0.7005856561766899,3.75,11.024999999999999,1.265679257265001,0.015627371076610264,4.667509673017786,1.2098190245565312,138.3460414131521,309.2579813740945,0.996556931194467,1.119580464890361,0.9404403075304016,1.2233510044595417
2025,14102,"Metcalf, DK",WR,15,9.06,7.5,-1.8,29.2,8.580427339785201,0.9470670352963798,2.15,14.05,1.372079683959354,-0.028735322676113933,4.653152580656219,0.9456780661939795,161.1291861156921,293.3039062748448,0.7652346670811608,0.897858257863567,1.1241209266352556,1.333879521962518
2025,17179,"Bowman, Billy",CB,6,7.533333333333334,6.8,3.0,17.0,4.667499925608522,0.619579636142724,4.025,8.075,0.25703430925710635,-0.3387283347019928,4.651412727857653,1.3292163091690694,169.64709298637106,293.97299541777267,,1.3146319250901388,,
2025,14943,"Davis-Gaither, Akeem",LB,16,7.1875,7.25,0.0,15.0,3.9285612824544307,0.5465824392980078,5.375,9.125,0.43406982754654105,-0.004907813198003788,4.6473435992603145,1.4583363355118137,166.7646606408564,372.7848067608262,1.3666012508060816,1.451952681970064,0.9084864462262909,0.4428098386487857
2025,16186,"Addison, Jordan",WR,13,8.546153846153846,9.4,-2.0,22.1,7.176737568713065,0.8397622717666053,3.0,12.7,0.8735575668837987,-0.04274845934312702,4.645248996190972,1.04517893283677,178.08262326633258,324.16429514007257,0.8956295151381403,1.2817234055036413,1.1317842700481862,0.9832678280224635
2025,15836,"Hill, Daxton",CB,16,7.9375,8.0,-1.0,21.0,5.650981662507851,0.7119346976387844,4.5,12.25,0.6843078934679767,-0.2717756348987303,4.636567043677505,1.1934328498820501,152.31713022201401,263.9427663426078,1.2550262012099491,1.442016808046047,,1.6625176914928856
2025,15346,"Rousseau, Gregory",DE,16,7.874999999999999,5.9,1.0,18.6,5.511068408212694,0.6998182105666914,4.0,10.175,0.6699669274571618,-0.6469844808412656,4.632848354633526,1.2094789220870295,129.83639715058527,176.48482714321133,1.2210041820807365,1.0528186657161558,1.3844952487913005,1.6093322485487829
2025,16450,"Thomas, Drake",LB,16,7.475,7.6,0.0,18.0,4.653694768675745,0.6225678620302001,3.75,10.35,0.8034958165911515,0.005224278128498961,4.606895141289857,1.3221442447539233,151.19073078383386,337.97092946844225,1.5474200947043764,1.4144269492642365,0.2980632259200469,
2025,17068,"Harvey, RJ",RB,16,8.69375,7.4,-0.4,24.7,7.715525642333127,0.8874795850275343,1.475,14.450000000000001,0.8922891589962307,0.07021515992460514,4.606010082950474,0.9975015112998626,152.3598782125823,307.3956322343538,1.1498725008310375,1.5887747398467442,,
2025,12676,"Henry, Hunter",TE,16,8.36875,7.699999999999999,-1.7,23.0,6.878200959371571,0.8218910780429062,4.4,12.0,1.5601889075346176,-0.2795989652470069,4.593441452597592,1.0622666320849423,229.86997624881073,587.6104476983999,1.0673969493576672,1.487606261927536,0.8723354497415128,0.6830601865443486
2025,17066,"Monangai, Kyle",RB,16,8.76875,6.35,-0.4,27.1,8.010361941728975,0.9135124096055851,2.1,11.65,0.977995555209437,0.07345659723086909,4.58254148548084,0.9731851014097429,148.64575326394137,299.90215166598597,1.059585777207457,1.0661735735212272,,
2025,14235,"Tranquill, Drue",LB,16,6.975,7.0,1.0,14.0,3.684850743245919,0.5282940133685906,4.25,9.375,0.30990922994834763,-0.007346438858979818,4.563912401008525,1.488841455633513,170.2530027201329,380.58262749179795,1.3926047478096695,2.0217391304347827,1.3669435548842037,1.259875477390865
2025,15863,"Jones, Travis",DT,15,8.226666666666667,8.5,1.0,24.0,6.623439858227412,0.8051182971913386,2.0,11.5,2.0276020394031304,-0.20559212099102867,4.557411378227616,1.079127902844047,107.74289844906248,154.181411224283,1.1825563959034417,1.0223237869081692,1.1393542537767454,1.2234342117300456
2025,16294,"Wooden, Colby",DT,16,7.3875,6.5,0.0,17.0,4.590326104973371,0.6213639397595087,3.75,11.25,0.6430446082108364,-0.7399386863367687,4.556349021241809,1.3214792592202795,131.93987965047484,188.80758856593843,1.4813209831335943,1.5907563963174014,0.807561640200372,0.6044725341057113
2025,15979,"Dicker, Cameron",PK,16,7.9125000000000005,7.800000000000001,-6.8,22.3,5.839935252209566,0.7380644868511299,4.949999999999999,10.45,-0.21254808800870398,0.01972397377179755,4.552477804972105,1.1568091960291518,169.07057778193305,239.00053103798612,1.0823455999773042,0.8404691852204788,1.0274112028352924,0.9260762459395779
2025,14518,"Thompson, Jalen",S,14,7.214285714285714,5.5,3.0,20.0,4.228788604461624,0.586168717450126,4.625,9.125,0.2272156854707671,-0.08162630260220953,4.548246119670781,1.3797241120304433,171.89534533499162,353.27207931575606,1.2299567361078636,1.3457976460377112,1.598919272178491,1.1209856714831328
2025,16679,"Nubin, Tyler",S,13,7.584615384615384,7.0,2.5,23.1,5.065091107669643,0.6678112008083708,4.5,7.5,0.6049126444360369,-0.06350021772452431,4.547646268917728,1.2505361007725373,155.80023065613142,320.19407700949444,1.2620730319186686,1.3086095010523746,1.2407223407718513,
2025,16615,"Nabers, Malik",WR,4,10.925,4.6,-2.4,36.9,15.33857473822128,1.4039885343909637,1.275,14.25,3.7722438926104647,0.03093493987595116,4.544530826045635,0.6686629755068443,113.93002003603063,207.38713279756817,0.8076250482896085,0.8821647990170557,1.083566565335955,
2025,13448,"Butler, Adam",DT,15,7.14,7.3,1.0,16.5,4.093376764156133,0.5733020678089823,4.25,9.75,0.30462040461997897,-0.8796997051217411,4.5382257775478125,1.401820507417921,139.96135599541594,200.28641975359136,1.2598147305244232,1.2607716109816138,1.6085170660033141,1.0383145205998077
2025,13719,"Pineiro, Eddy",PK,13,8.415384615384616,8.6,-1.4,21.5,7.217910005816852,0.8577041140367374,1.8,13.8,0.49761537798708133,0.037612324709383645,4.529991914104247,1.024029784875715,149.6645323957839,211.56787413526317,0.9785939493227793,0.631478404948569,0.5561703470292594,0.887113769399687
2025,12764,"Hargrave, Javon",DT,15,7.986666666666666,8.5,0.0,21.1,6.104410063406801,0.7643251331477632,2.5,11.25,1.674140970990745,-0.3242161765014211,4.526754460736789,1.1241843580798028,112.24145053741704,160.61889452418106,0.9602554779963985,1.279385240479638,,1.3422864434792812
2025,16786,"Drake-Rodriguez, Levi",DT,15,7.086666666666667,6.5,1.5,13.7,4.010297855382925,0.5658933944566686,4.0,10.05,0.24804338312613083,-0.9012436794519605,4.525638010706079,1.4144202343285737,141.21934505625165,202.0866175531341,1.5234291657160541,1.9581088495274461,,
2025,14995,"Metellus, Josh",S,14,6.8428571428571425,6.75,2.5,14.5,3.5312309237339172,0.5160462727794869,3.875,7.825,-0.08782033762264667,-0.09719473378715379,4.513620240833147,1.5101541409013761,188.14519895379047,386.66809457901024,1.458739397628433,1.3891054132388523,1.271404639969694,1.6358551800515089
2025,13251,"Baker, Budda",S,15,7.3933333333333335,6.0,-0.7,17.9,4.724188348865396,0.6389794881242645,4.75,10.6,0.4509516855613173,-0.06990137126352144,4.510937072064678,1.291595049418453,160.91563169539776,330.70703393775705,1.484183987020167,1.8296965692181453,1.728477024040869,2.1171133865635765
2025,16693,"Sweat, T'Vondre",DT,11,7.181818181818182,6.5,1.5,15.3,4.27057973109851,0.5946376840770078,4.5,9.25,0.4252962321858033,-0.8176570225334734,4.503730379340113,1.362623951866738,136.0478713258286,194.68617511707976,1.3652680623095244,1.34941307814807,1.1770615985653312,
2025,16264,"Benton, Keeanu",DT,16,7.80625,6.0,1.5,20.4,5.724778243521753,0.733358301812234,2.5,11.924999999999999,1.4156104010717578,-0.41426585039783204,4.503540896212012,1.160818947081277,115.89914189365602,165.85309578705508,1.3092015848007748,1.1167490910376385,1.3786593904263524,1.007543653463059
2025,17169,"Stout, Upton",CB,15,7.033333333333333,7.9,-1.6,14.0,3.9543506279652147,0.5622299471040589,4.7,9.0,-0.05279336221770324,-0.38030392841409266,4.502111450603787,1.419627689173459,181.18624405217392,313.96861540558325,1.631812414864543,1.3603157994603958,,
2025,13837,"Franklin, Zaire",LB,16,7.375,7.5,0.0,19.5,4.730023784295382,0.6413591571925941,4.5,8.7,0.842382342484509,0.007729957663897287,4.493227437567238,1.2870801723743457,147.18106031984277,329.00773412867795,1.289718224168741,1.7450689348785597,1.7833671458153104,2.042106350930398
2025,13769,"Street, Kentavius",DT,6,6.5,7.25,2.5,10.0,2.9154759474226504,0.44853476114194624,3.75,8.875,-0.49753408693543555,-1.2425154920056114,4.48729307322646,1.6600791544329634,165.74656190622562,237.18536616458755,1.257576691061001,1.5191503174679417,0.6235932022614635,0.6854011406734836
2025,16206,"Wilson, Michael",WR,16,9.274999999999999,6.65,-2.0,31.4,9.90672120330435,1.0681101027821405,1.9,13.95,1.8431145510161047,-0.012928074316614963,4.484770896637822,0.8503930582905156,144.89406729316974,263.75107426300156,1.2806246450607934,1.3579669804471066,1.013661487746146,0.8106397061047697
2025,15753,"Wilson, Garrett",WR,7,8.785714285714285,13.2,-3.9,19.5,8.446711713768275,0.9614143414045192,1.5,14.850000000000001,1.324590417925075,-0.026861680214369518,4.479275031415879,0.9300288345741928,158.46279461908003,288.45026640693885,1.1135563204983263,0.7794784847913239,1.120562778590448,0.8983275642067508
2025,13226,"Jackson, Adoree",CB,14,7.514285714285714,6.0,0.0,19.2,5.099979991957552,0.6787045616673548,4.25,10.25,0.4449252492874653,-0.29586578526056645,4.476240719106781,1.2318541575862276,157.22081904661414,272.4401243991951,1.3491526855383482,1.4367685778715968,0.5295634872114271,0.8590478541153226
2025,14861,"Johnson, Juwan",TE,16,8.00625,6.9,-4.0,21.4,6.365283649414219,0.7950393316988876,4.574999999999999,10.85,1.3439143384244516,-0.2838655755904685,4.460208675440335,1.0870253449962866,235.22765630481643,601.306141358396,1.4197018265818189,1.2071127069173624,0.9887785311725702,0.5825820285231347
2025,16253,"Forbes, Emmanuel",CB,16,8.5875,6.5,1.0,31.7,7.953527126376071,0.926174920102017,3.75,8.35,1.684648638235828,-0.116462422303697,4.458317835197011,0.9591192251712964,122.41182060079208,212.12134521779774,1.1026263432186219,1.7959699002010097,,0.8397585606110356
2025,17185,"Buchanan, Teddye",LB,14,6.5928571428571425,6.0,1.0,13.5,3.167573268002378,0.4804553169234376,4.625,8.375,0.04637741610515025,-0.013725373447939861,4.4532631734930614,1.581941508617379,180.89924279756417,404.38117410678905,1.6801059437393722,1.5892235513292914,,
2025,15003,"Stone, Geno",S,16,8.3,6.75,0.0,29.3,7.1768725779408955,0.864683443125409,3.875,8.0,1.5586505996149926,-0.019791074794117878,4.451157664642698,1.0150580091453636,126.46278012806187,259.90098338513496,0.9290040138868703,0.8714642108899431,1.093597683248804,1.138969348799167
2025,16650,"Turner, Dallas",DE,16,8.681249999999999,7.0,0.0,33.2,8.288185774794144,0.9547226234464098,2.75,12.125,2.0014760174716053,0.05301198336948964,4.441167199821894,0.9346550780195181,100.33432223783838,136.38306287980933,0.9152240870308537,0.9395308789259925,0.6126407689660038,
2025,12686,"Bosa, Joey",DE,15,7.766666666666667,5.9,-1.0,20.3,5.846670467501616,0.7527901889487059,3.0,12.65,0.8308737720680663,-0.5015174128107261,4.431030431157869,1.134371327425776,121.7736692176036,165.5252720663351,1.1600844373332726,1.201327381590196,0.7208030399075593,0.887911412236385
2025,17102,"Warren, Tyler",TE,16,7.775,8.15,-1.1,16.3,5.892420979529551,0.7578676501002638,3.7749999999999995,12.375,1.144529041433612,-0.2897719728564279,4.42297234354164,1.1280506549283196,244.10535869594497,623.9999735922223,0.7871171693526969,0.17648092165820167,,
2025,15388,"Ossai, Joseph",DE,14,7.864285714285713,5.25,1.0,23.6,6.155671849470807,0.7827375648736723,3.5,9.825,0.9790267287525987,-0.4192785177557448,4.411353566133549,1.0990282785071133,117.97962696344196,160.36808266417415,1.4143271066024201,1.3534111143809942,1.0267792426853253,0.6194116470745071
2025,16460,"Hickman, Ronnie",S,16,6.824999999999999,6.0,2.0,15.3,3.750083332407428,0.5494627593270958,3.875,8.625,0.011019363204661316,-0.08977567882261839,4.404752524006435,1.4368168982292289,179.0083501119644,367.8904273742626,1.3239924287384695,1.3612019971157774,0.9451095577516958,0.6526729674479708
2025,15393,"Odighizuwa, Osa",DT,16,7.03125,6.15,0.5,16.1,4.206352153291496,0.5982367506903461,4.25,7.775,0.3815570316625399,-0.8071911543485445,4.399379501793402,1.3505137172779966,134.83875443426243,192.95591399212105,1.3371698256097373,2.0110009538209064,1.4892588029290779,1.2735141886515866
2025,16193,"Boutte, Kayshon",WR,13,8.492307692307692,6.0,-1.0,26.6,7.900969905257644,0.9303678330466428,2.5,15.0,1.1307695556788822,-0.030916103805096386,4.399320972368532,0.9540879008355526,162.56209426869378,295.9122329767913,0.8665904815814941,0.7103850839200397,0.6841830076366444,
2025,14910,"Jones, Brandon",S,14,7.021428571428571,7.0,0.0,18.5,4.203600254786463,0.5986816232656204,4.7,8.875,0.21583994160157088,-0.07884821472995684,4.39201181101083,1.349340500352617,168.10994985168867,345.4924938312695,1.4295070192167352,1.1647276329095442,1.3670045289574133,0.5672721239595354
2025,14860,"Jennings, Jauan",WR,14,7.65,8.5,-3.6,17.2,5.719734009799507,0.7476776483398048,3.325,10.125,0.35610099368285403,-0.05477396846837791,4.377237419765063,1.138437918650332,193.97253868183066,353.0887524286244,1.6985286636455403,2.858126972043431,0.9077745345248789,0.5338715961919109
2025,13683,"Hand, Da'Shawn",DT,12,6.616666666666667,6.75,2.5,13.0,3.400939412704803,0.5139958810133203,3.075,8.3,-0.16693180393332951,-1.0521585118728756,4.37033333422157,1.5034668842668946,150.10999104571064,214.80924117921333,1.5513684596679647,1.473839515453464,1.0327400873790311,0.5955726665416254
2025,15864,"Wright, Alex",DE,13,7.6230769230769235,6.0,0.0,18.1,5.693742023033013,0.7469086407611419,3.0,12.5,0.7575511187362158,-0.5176688120308042,4.3637524855080505,1.138836378343547,122.2529881322788,166.17680366810015,1.403193740235885,1.5421166521093357,,0.6823814479974233
2025,15779,"Doubs, Romeo",WR,16,7.956250000000001,6.8,-2.0,21.1,6.552668230385238,0.8235875230649159,3.075,11.8,0.6519185878467836,-0.04486075106863346,4.362965801952778,1.0534356544341652,179.48944328101953,326.7251335311823,0.8710496185980533,0.8471159108696499,1.256911426856431,1.3202598591919308
2025,16704,"Wallace, Trevin",LB,12,6.324999999999999,6.75,1.5,11.5,2.903769102390891,0.45909392923176146,4.5,7.949999999999999,-0.08802006607838218,-0.01657375571878296,4.334881993053197,1.6202290233113963,185.2775225120916,414.16835654132143,1.820630630963812,1.6747647588005827,0.8631010760784011,
2025,16240,"Porter Jr., Joey",CB,13,7.792307692307693,7.0,1.0,25.1,6.278468889596661,0.8057265110045073,4.0,8.0,0.9569196833015691,-0.20378136341479275,4.315331056402838,1.070597100915754,136.6396760836709,236.77608713553332,1.0425829639857107,1.247336705427695,0.8237960518513612,1.1839307163502735
2025,8851,"Folk, Nick",PK,16,7.00625,7.15,0.6,17.5,4.368991409639072,0.6235848577540157,3.875,8.275,-0.9706248051549513,0.002607138583763586,4.315296466667032,1.304947142850987,190.72131184124788,269.6063112123022,1.198312578265748,1.111635664358152,0.7062051261732599,1.14260465802484
2025,16280,"Henley, Daiyan",LB,16,7.70625,5.25,1.0,27.4,6.077054050895055,0.7885877113894637,4.25,9.825,1.5286394219979091,0.027361791025530324,4.308567005647938,1.0889064778338622,124.51936828541238,278.3499121808858,1.3405031667399605,1.7796165716307537,1.7412812555291952,0.3974735952276917
2025,13690,"Sweat, Josh",DE,16,7.975,5.95,0.0,18.2,6.857978929684751,0.8599346620294358,1.75,15.625,1.315752958813766,-0.2072865226157182,4.287785029662395,1.014892006120452,108.94767917429454,148.09108038040424,0.8809132834366236,0.49900631012588087,1.270994035713011,1.522241185755379
2025,15405,"Stephens, Brandon",CB,16,7.1625,5.5,-1.6,15.0,4.817789301121418,0.672640740121664,3.75,12.0,0.3223275198322832,-0.3002617459911704,4.282150869695435,1.2311377448164682,157.12938370766318,272.28168065574346,1.0882863201242785,0.833448991711448,1.3182809364113606,1.2387697428008038
2025,15757,"Robinson, Wan'Dale",WR,16,8.55,6.0,-0.7,28.4,8.591201894962078,1.004818935083284,2.125,13.525,1.375906280240113,-0.0211933903529606,4.264724285260613,0.8914419791841747,151.88818024869428,276.482477556443,0.9610422111669886,1.0221885213326785,0.798295830045458,0.8055492564212297
2025,13731,"Hughes, Mike",CB,12,7.058333333333333,7.0,0.0,18.9,4.627896990594707,0.6556642725754014,4.5,9.0,0.23982881641087295,-0.3125688173842552,4.263142866732292,1.2541688920620186,160.06883543677353,277.3753101101659,1.3316336492532945,1.1564351875240242,0.9166282583830315,0.574097983950824
2025,16700,"Bishop, Cole",S,16,7.5875,4.75,2.0,22.5,5.922296324062145,0.7805332881795248,3.875,9.375,0.9920498372564227,-0.038473907411132144,4.261363744430584,1.096095810522526,136.55901656508112,280.6503435985743,1.0849770293606786,1.3095997340654324,0.7426164246942331,
2025,14180,"Murphy, Byron",CB,16,6.89375,5.5,2.0,18.0,4.26841140677653,0.6191711922794604,3.75,8.25,0.08365032513111835,-0.3390244356294416,4.257579453532036,1.3085063917242428,167.00389844665096,289.3927352869619,1.3730736610832042,1.6684256739191325,1.3438014430641232,1.088282673558288
2025,15933,"Brown, Montaric",CB,14,7.414285714285714,7.0,-3.2,15.0,5.513860087200662,0.7436805512602049,3.5,11.75,0.6247354329372321,-0.24876151338678745,4.252089471851487,1.1382322639772895,145.27191202442722,251.73445872909167,1.2998336650122009,1.167277145027282,0.8856729963755782,0.7450429528645549
2025,15809,"Johnson, Jermaine",DE,13,6.4692307692307685,6.0,1.0,12.7,3.375109027386458,0.5217172099408319,4.0,8.5,-0.3541343099250725,-1.136070053358706,4.25127003031155,1.4786444700545596,158.73105942784363,215.76094377365814,1.497396991930801,1.2878265406535585,,1.4145830807899196
2025,10783,"Smith, Harrison",S,14,7.985714285714287,7.55,-1.0,27.1,7.067112680059167,0.8849693874850476,3.0,10.675,1.5090800441195302,-0.015287233972993761,4.236522003346133,0.9899098478510053,123.32965240162666,253.4619111431113,1.0379824026466493,1.2144837547220357,1.5712330855803571,0.884049221269429
2025,15875,"Belton, Dane",S,16,7.65625,6.95,-1.0,22.3,6.189201155036084,0.8083854569843049,2.875,10.625,1.1125913190830303,-0.03229023005325721,4.233748933575088,1.0649653327110962,132.68057145625133,272.67952643980726,1.2055291535459907,1.9437714447032823,0.6984059139904962,0.410565532002524
2025,15881,"Jones, Jack",CB,16,6.75625,5.5,1.0,16.0,4.0424263676039915,0.5983239767036436,4.0,9.575,-0.01452886218120109,-0.35413760153038254,4.227084182228172,1.3398807453901136,171.00818868671624,296.33157034550726,1.358359971187206,1.620642745778806,1.3452619038309717,0.7508961255120652
2025,14957,"Robertson, Amik",CB,16,7.45625,4.5,1.0,17.0,5.696267281079777,0.763958730069375,2.0,12.25,0.7039822278602317,-0.23406087006118956,4.226997986345606,1.1134934862990826,142.11451643110388,246.26316521059502,1.4095172594360907,1.3990676610125317,0.8546037939397698,0.7170254124070321
2025,14982,"Gilman, Alohi",S,16,7.80625,6.5,-0.5,28.1,6.616784410686206,0.8476265057724522,3.625,10.5,1.3056995481556752,-0.02357801857014685,4.225015161674344,1.0248747475441182,127.68581567727315,262.41451457299195,1.057072458084771,0.9298682791819745,1.1298815037430414,1.2281000876594357
2025,15845,"McDuffie, Trent",CB,13,7.338461538461538,6.0,1.0,21.3,5.425089642866383,0.7392679806840984,3.0,9.0,0.5861691184855979,-0.2519604015511938,4.219281686296056,1.1421570664946674,145.7728322531558,252.60247843701876,1.0914233741888455,1.0428642254336484,1.1685859883006644,1.4670516659027752
2025,16618,"Thomas Jr., Brian",WR,13,7.3076923076923075,5.7,1.2,18.5,5.349832713195021,0.7320823712793187,2.3,11.4,0.2247301015580125,-0.05681058587118208,4.219021236440871,1.1508480046264595,196.08702893431897,356.93776492465736,1.2788903463396275,1.2581065373226954,1.611090593791959,
2025,15329,"Pitts, Kyle",TE,16,8.85625,6.3,-1.2,40.7,9.774262679992798,1.1036570422010217,2.0,12.675,2.7813301881747283,-0.23482774025067688,4.209930526857102,0.8219820012784317,177.87340522969006,454.6930094408004,0.7747045256291575,1.1880466508771501,0.691918528402711,1.0414809084656207
2025,14918,"Terrell, A.J.",CB,14,7.485714285714286,5.5,0.4,20.0,5.841092992491968,0.7802986822031255,3.0,12.75,0.7669017498801005,-0.22221523981322158,4.204751910758418,1.0942278220643664,139.65565107613824,242.00231994054784,1.0691416650479661,1.079561163587917,1.1560147201363167,0.8788218743183293
2025,15832,"Stingley Jr., Derek",CB,16,7.86875,6.0,0.0,26.9,6.860823451853283,0.8719076666374307,3.45,11.7,1.209923589486366,-0.15580340775165746,4.203599429738377,1.0010083610445224,127.75810628776674,221.38565732649607,0.9550861324437881,0.873709391044116,1.2350026832260206,1.130726228784535
2025,16269,"Strange, Brenton",TE,11,7.1909090909090905,8.3,0.4,18.1,5.145952433348078,0.7156191753075709,3.3,10.05,0.8297762342157902,-0.29648504757553773,4.191436651213651,1.1700235510921064,253.18811471297852,647.2179789037449,1.0896429399424765,1.3218579786572568,0.5802909832971838,0.04049015608710158
2025,14836,"Jefferson, Justin",WR,16,7.95,8.850000000000001,-3.7,21.7,7.132233170613535,0.8971362478759164,2.55,11.8,0.857751776162103,-0.03525588080418236,4.190526647150952,0.977591251161852,166.5667083593116,303.2018431598784,0.654052895777533,0.327585927799538,1.6434378947186707,1.4634765232608185
2025,16192,"Washington, Parker",WR,15,8.299999999999999,4.4,-2.7,28.5,8.209912707615512,0.9891461093512667,3.5,14.6,1.2404909649679612,-0.023240134986809928,4.172644714724819,0.9012028955645668,153.5512922191831,279.50984490854125,1.1884327300883084,1.6136735609498158,0.6632490462433059,0.3587093179419466
2025,15721,"White, Rachaad",RB,16,7.51875,5.7,-0.2,20.7,6.125583518122987,0.8147076998334812,4.075,9.350000000000001,0.4301065514514705,0.061154080024960124,4.143229237794012,1.0551767417892226,161.16927949538388,325.1691531159771,1.510122995560677,1.504950495049505,1.1858422226527587,1.261674360453351
2025,15866,"Flott, Cordale",CB,14,7.557142857142857,6.0,1.0,25.2,6.22812907996733,0.824138063511745,3.25,9.5,0.9350495558941914,-0.19043392876464446,4.142856841983879,1.0455185254075476,133.43891229386605,231.22964303000853,1.0104248829468359,1.312015969076663,1.1466136887481935,0.9131687642150406
2025,13284,"Hendrickson, Trey",DE,7,7.171428571428572,5.0,2.0,14.5,5.298170650790513,0.7387887361660077,2.0,12.350000000000001,0.5678915515070724,-0.539966992129415,4.124381773510576,1.138652629319984,122.23326285161149,166.149991365654,1.4005518161873942,0.8904585037895743,1.138175269860849,1.8864995483760567
2025,15808,"Karlaftis, George",DE,16,7.7125,7.55,1.0,29.3,6.726707496985431,0.8721824955572681,2.75,9.95,1.2528139170571246,-0.17365258090843946,4.1195236139115385,0.9981612482430616,107.15164843351008,145.64976052104606,1.1783494700132913,1.0243957598206308,1.5935575315448178,1.1572489119203926
2025,16184,"Reed, Jayden",WR,6,6.416666666666667,7.6,0.0,10.5,3.5788343850415254,0.557740423642835,4.45,8.95,-0.40424209307015413,-0.07957823810449036,4.119214324335918,1.4013755744538627,238.77312356723763,434.63938187730093,0.944245238174037,1.2809818961753778,0.9964988920362954,1.2932802954951939
2025,14164,"Jones, Dre'Mont",DE,17,6.747058823529411,6.0,-1.0,14.7,4.307192021977526,0.6383806832922228,3.0,10.3,0.09275965101458335,-0.8156989074615418,4.11812644786047,1.2713048247716072,136.47334824461242,185.50634339207042,1.1922354995503552,1.0142728607007967,0.7762840671112443,1.639455299244274
2025,17127,"Johnson, Will",CB,11,7.0,7.0,-2.0,16.0,4.914542427604759,0.7020774896578227,4.5,9.1,0.3643619100859136,-0.2789216069348791,4.112621218794947,1.1835235076392587,151.0524067204287,261.75118999672753,1.1121176042882333,1.5751848900904526,,
2025,14247,"Greenlaw, Dre",LB,8,7.075,5.0,2.0,16.6,5.100428903533507,0.7209086789446653,4.0,8.5,1.0310886705218378,0.018337295102978577,4.111200138951413,1.159754520850493,132.62103150467976,296.4603256583558,1.0482671333395264,1.034740914110882,,1.8841616563387618
2025,13952,"Luvu, Frankie",LB,16,6.70625,5.5,1.0,16.2,4.26841140677653,0.6364825956050744,3.5,8.925,0.607209629652311,0.007079704423374988,4.097965977768572,1.2729169159747167,145.5614540674726,325.38727520471735,1.3236050186068105,1.3262076448485383,1.2872045360755087,1.4061371273356225
2025,15892,"Booker, Thomas",DT,16,6.34375,5.5,1.5,12.5,3.4802960991128327,0.5486181042936485,3.9749999999999996,9.425,-0.1128896286220964,-0.9514791791319362,4.096394057651478,1.4159220416829503,141.36928935557538,202.3011896874238,1.54353984676735,2.0685149609048286,0.5456639029974174,
2025,16717,"Taylor-Demerson, Dadrion",S,11,7.109090909090909,6.5,1.0,16.7,5.263157459765097,0.7403418421664458,2.25,11.5,0.6943647967049027,-0.04739712399915873,4.08488191046492,1.135065013894372,141.41406302880867,290.62823076051643,1.0554280549703594,1.0089765305289868,0.5138745600121717,
2025,14213,"Harris, Will",S,8,5.825,5.5,2.0,9.5,2.4878454533993866,0.42709793191405776,3.9,7.875,-0.5590415974684717,-0.1169428491057605,4.081710070301463,1.670085466178765,208.07052326227296,427.6177825172182,1.8507822969886965,1.5619307198416303,1.3655000556748393,0.3199965273237512
2025,14434,"Reaves, Jeremy",S,16,6.05,6.0,0.5,10.5,2.9216861569990713,0.4829233317353837,3.75,8.625,-0.3631073346910759,-0.10454861642359306,4.079779359139233,1.5427037651145301,192.20045090297205,395.00227771494554,1.4573994904981291,1.1568579568296058,0.43233535032137765,
2025,14127,"Meyers, Jakobi",WR,15,7.3533333333333335,6.8,-3.2,19.1,5.910089301825782,0.8037292794867338,3.55,11.4,0.42370590548967924,-0.047454077516351556,4.076738908083692,1.0641444722560152,181.31406326701585,330.0464943737525,1.0502197456761788,0.8250681592871343,1.7424882913611133,1.488167164084764
2025,14907,"Delpit, Grant",S,16,7.3625,4.5,1.5,23.3,5.974830018502619,0.8115219040411028,3.375,9.25,1.0157754826506014,-0.03159388296498427,4.064262200515433,1.0555812801844606,131.51144283434598,270.2767825002133,1.1546817804556648,0.9170068638845593,1.940125952395462,1.5203420921388147
2025,16414,"Aubrey, Brandon",PK,16,9.1125,5.35,-4.6,37.1,11.349827917197688,1.2455229538762893,1.5,12.625,2.627071768588377,0.09559845915708416,4.05807475014661,0.7378645322912101,107.84075993473252,152.44520501482114,0.6751249210484619,0.8861359274810081,1.0226627618025614,1.0784459976672718
2025,13138,"Hunt, Kareem",RB,16,6.831250000000001,5.35,-0.6,16.9,4.673558434159136,0.6841439610845944,3.075,9.6,0.00801525057458774,0.04489713593665829,4.056215001715562,1.2040503467578092,183.90845739650214,371.0468740055338,1.3134222801767894,1.0365660781001318,1.2693664174567485,1.1755065205659772
2025,14182,"Hooker, Amani",S,16,6.6625,5.0,2.0,16.5,4.313043444019548,0.6473611173012455,3.875,10.15,0.2652674628564186,-0.06804050035874272,4.044347004447149,1.2539893697837956,156.23046222492766,321.07827082288554,1.1527333004926184,1.1972241412735616,1.2032051025115567,1.230899259125233
2025,16236,"To'oTo'o, Henry",LB,16,6.0,6.25,2.0,11.0,2.91247317584214,0.48541219597368995,3.25,8.175,-0.08358569502181898,-0.013064410470756781,4.039282844360242,1.5335568399669681,175.3663265208301,392.0129234407314,1.5936339266922128,1.3872913716114699,1.4701675065294038,0.9436217475173121
2025,16369,"Ojomo, Moro",DT,16,6.26875,7.45,-1.3,11.3,3.472160485562267,0.5538840256131233,3.625,9.05,-0.11843000932175761,-0.9361661982058314,4.0342457330601045,1.4017274246391127,139.95206237196493,200.27312046426755,1.2517956171477254,1.195833373137968,0.6012030017781252,
2025,15950,"Watson, Jaylen",CB,15,7.073333333333333,6.0,1.0,21.0,5.390790500680046,0.762128722999064,3.5,8.35,0.5712678581291845,-0.23538753166513,4.014084352075504,1.1068010025646526,141.26035868223127,244.7830378027204,1.1782703035138737,1.3695004859750777,,0.8042197849286902
2025,12754,"Collins, Maliek",DT,12,7.266666666666667,6.3,0.0,21.2,5.934690855938122,0.8167005765052462,2.5,10.025,1.5585616092650538,-0.17191155277616327,3.999925337528885,1.047871753424203,104.62220429967057,149.71565956102995,1.3084421461708198,1.0956437510665817,1.250714501372073,1.06765870801333
2025,13810,"Joseph-Day, Sebastian",DT,16,6.76875,5.5,0.0,17.0,4.739029271644141,0.70013359507208,2.5,10.2,0.744311974154485,-0.5108812895054846,3.98130477488331,1.17942419869569,117.75673794879265,168.5113385611812,1.080790891889727,1.3753680679669893,1.0103904615895565,0.9987014949358265
2025,15835,"Brisker, Jaquan",S,16,6.13125,5.5,2.0,14.3,3.3312382739005626,0.5433212271397452,3.5,8.375,-0.17814245834775394,-0.09113920831275499,3.9727633445197372,1.4155882480412256,176.3635415424509,362.45492811206134,1.3449689130056668,1.1849530447953398,,1.3043583729724517
2025,14888,"Chaisson, K'Lavon",DE,15,7.1466666666666665,7.0,0.0,21.2,5.742690039423065,0.8035480465610633,2.4,8.35,0.781019600675731,-0.36213057184485864,3.9625596225693345,1.0599132727267064,113.78066877383664,154.66049660558545,1.0652799107144726,0.9847531237093314,0.9373344255462627,0.5977255888211318
2025,17042,"Jeanty, Ashton",RB,16,8.649999999999999,4.449999999999999,-0.9,34.1,10.239445785783525,1.1837509578940493,0.55,13.125,1.6259712065199148,0.10710493644148986,3.9610743929984698,0.7696109011835043,117.55152433061839,237.16759008762685,0.6736785860192327,0.6318921834465724,,
2025,14283,"Wilson, Donovan",S,14,6.714285714285714,5.75,0.5,18.7,4.691459892013077,0.6987280690232242,3.125,9.375,0.43617062419018776,-0.05663612253335264,3.95253709921121,1.1797123834093932,146.97653376782418,302.05998652025227,1.1391000348705356,1.5862425026258369,1.4383565294329512,1.1234654947711773
2025,15387,"Werner, Pete",LB,16,6.5125,6.0,1.0,15.0,4.313043444019548,0.6622715461066484,2.875,9.425,0.6299478355342352,0.010518469285123993,3.9178316053436015,1.2257569637098642,140.16858738522882,313.33209063322903,1.069045793794956,1.365352471876361,1.714728890103253,1.9372837682522994
2025,13227,"Lewis, Jourdan",CB,12,8.058333333333334,5.0,-0.2,28.0,8.532336367542532,1.0588214727043472,2.0,10.0,1.9361122798762658,-0.0203004505345554,3.914051529076185,0.8453681261995581,107.89383497915625,186.96385123723596,0.7762598654442627,0.8266150678075014,1.2504485613107372,0.9228696655593362
2025,13933,"Ford, Poona",DT,16,6.6375,6.0,0.0,15.5,4.632207222264565,0.6978843272714975,2.625,10.525,0.6715657925662865,-0.517422024324412,3.909276912088865,1.1784900196429975,117.66346711542597,168.3778668528687,1.2749200805964176,1.7782536932413948,1.3860615434628367,
2025,16676,"Kinchens, Kamren",S,16,7.5,6.25,1.5,32.5,6.930458137814556,0.9240610850419408,3.875,8.625,1.44736313566046,-0.006608181122288303,3.8980051404326983,0.945720899053484,117.82429481070808,242.1475319216707,0.915299435530582,1.8321595661992318,0.5881931525648187,
2025,17174,"Walker, Deone",DT,16,6.9125,6.0,0.0,22.5,5.3457781239030115,0.7733494573458245,2.5,9.65,1.1575100211982623,-0.2979739871612883,3.897990873353271,1.0893069163515636,108.7591972731051,155.6357473259849,1.2713347921225384,1.2121987116272466,,
2025,16757,"Vidal, Kimani",RB,12,8.233333333333333,3.4499999999999997,-0.5,22.6,9.175268691191313,1.114405104193277,0.15000000000000002,18.05,1.3166240064057113,0.09847044360931655,3.8939242612520326,0.8091514419133614,123.59100587707759,249.35262377314356,0.9346353254813687,0.8341679151061717,0.5776781413455588,
2025,15913,"Benford, Christian",CB,14,8.071428571428571,5.0,1.0,29.6,8.68162497720893,1.0755995546984516,3.0,8.425,2.0009707077868075,-0.008137198528343352,3.8887214796118075,0.8336853152677522,106.40276471555916,184.38004986432816,0.8349001769313683,1.1091043072084215,1.443649209035405,1.4068893835858178
2025,14302,"Scott, Nick",S,16,6.125,5.5,1.5,17.0,3.5333235062756425,0.5768691438817376,4.125,7.5,-0.08687527042583491,-0.08369097350506814,3.884279189408354,1.3511058700136758,168.32989152327764,345.94450869821657,1.425220286842736,1.683056827637513,0.9793261746344136,0.7459488489928728
2025,16887,"Rehkow, Ryan",PN,16,6.325,6.15,-1.6,12.5,3.979871229072619,0.6292286528178054,3.825,9.35,0.4438359308346291,-0.34382860262665266,3.8822052319425526,1.2701131633835196,147.17334387432822,177.8062194690695,0.9966716191104983,0.7315184375707926,0.9218456891186857,
2025,13888,"Gardeck, Dennis",DE,16,6.68125,6.0,0.0,16.8,4.817574435076224,0.7210588490291823,3.5,10.475000000000001,0.3374662055888198,-0.5886552755781989,3.8820578411765356,1.1484597360226916,123.28604630860116,167.58102542469803,1.1212336155592488,0.9521152796298894,,1.216899470087769
2025,13245,"Reddick, Haason",DE,12,6.158333333333334,5.75,1.0,13.1,3.640617697894441,0.5911693149490296,3.0,7.725,-0.22683424961317766,-0.9453466861619485,3.8703193151576114,1.327050348518801,142.45757651716372,193.64062249596319,1.3143749498606745,1.522342143849248,0.9341490807169838,1.2185285418202596
2025,16736,"Brownlee, Jarvis",CB,9,6.622222222222222,5.2,0.0,15.0,4.746408648834231,0.7167395610655719,4.0,9.8,0.29131619953851556,-0.26829235446560423,3.857441380398924,1.1524105971067105,147.08148431315593,254.87017639320348,1.1912747591619588,1.025408534591357,1.0199604324986835,
2025,15352,"Collins, Zaven",DE,16,6.3625,5.85,1.0,16.5,4.139727497070308,0.6506447932527007,3.75,8.0,0.012467568349242704,-0.7820202688218985,3.854554308720951,1.2379060959217552,132.8880268768027,180.6328654171934,1.1688213973754646,1.1072836456154627,1.140211990405835,1.389839957935018
2025,17053,"Marks, Woody",RB,15,7.62,5.5,-2.6,23.8,7.502728392613806,0.9846100252774023,2.7,12.0,0.8304308144338532,0.08230920802360464,3.8395452521887274,0.8961829248385003,136.88432522438876,276.17273122661896,1.0404515128014227,1.6522476986801398,,
2025,16627,"McConkey, Ladd",WR,16,7.58125,7.199999999999999,-4.8,23.4,7.397822209103162,0.9758050729237477,3.8000000000000003,9.0,0.9520760438660569,-0.024982366744177798,3.8370434937599653,0.9027638131921863,153.8172488865976,279.9939665709974,0.9281408972568642,0.9239234870401752,1.3909518888383998,
2025,11706,"Clowney, Jadeveon",DE,12,7.658333333333334,3.5,0.0,20.3,7.631017661855825,0.9964332093826974,1.75,16.75,1.6863919930891067,0.1675539889225182,3.836007784954304,0.8873036336350926,95.2511902985554,129.47363161601638,0.9513391349453901,1.0111325218175102,1.536984847473742,1.274487705404837
2025,11222,"Allen, Keenan",WR,16,7.043749999999999,6.4,-2.3,22.8,5.981844275597619,0.8492414233324038,3.15,9.100000000000001,0.44918977106498714,-0.041510558601264735,3.8089942779385133,1.0088666721798347,171.89556530778128,312.9019763054886,0.784321768089838,0.6805100882724401,0.8131232843548282,1.1683478345721239
2025,16298,"Robinson, Tavius",DE,9,6.911111111111111,7.7,0.0,19.3,5.682809251387409,0.8222714350882103,2.0,9.0,0.7523093219722955,-0.3107140207581906,3.7925805003778525,1.0341625581601488,111.01635437172558,150.90300209608952,0.917928991926748,0.8450057801975723,0.8425303121543041,0.5516376213635892
2025,12735,"Rankins, Sheldon",DT,16,6.25625,5.5,0.0,16.3,4.068471572654773,0.6503051464782854,4.125,9.25,0.28765988388507907,-0.6557794063976436,3.7909655758819505,1.23434647118344,123.24031854349677,176.3584097540291,1.3410123314566977,1.7240723521038226,,0.9874761721782386
2025,11317,"Poyer, Jordan",S,10,7.26,5.0,0.5,23.6,6.662462007396366,0.91769449137691,3.125,7.75,1.3263287933200631,-0.008021678267490331,3.785795929771535,0.9474761497012474,118.04297578730039,242.5969558613184,0.9474761497012474,1.0969698369558656,1.1024064512941827,1.2099084526085415
2025,12741,"Jones, Chris",DT,16,6.06875,6.5,0.0,13.5,3.6672058079006145,0.6042769611370735,2.875,8.899999999999999,0.014396523394688939,-0.7896265874382243,3.7828567928187495,1.300296205007043,129.824909170217,185.78103982780493,1.3043197353210445,1.459819438973222,1.18007283237138,1.1785320756619282
2025,16747,"Tracy, Tyrone",RB,14,7.199999999999998,5.6,-1.5,19.4,6.509553418959376,0.9041046415221358,3.375,9.075,0.5417233249710897,0.07228520338757159,3.7813047891340363,0.9587787180289778,146.44530064054948,295.46260016919683,1.2940771637309583,1.229450672955991,0.8036208546163058,
2025,16224,"Murphy, Myles",DE,16,6.55625,5.0,0.0,16.0,4.835024398852605,0.7374679731329045,3.0,11.15,0.345832717450461,-0.5435939574015651,3.773450849961936,1.1236028423958633,120.61768272331952,163.95395553952946,1.292133151069072,1.4960283845050522,0.8904876833397951,0.5810926706292334
2025,12772,"Murray, Eric",S,11,7.027272727272727,4.5,0.0,18.3,6.077243829400254,0.8648083069004243,1.15,11.6,1.062028345440921,-0.01976335281297548,3.768361981909578,0.9929391860260717,123.70706780460398,254.23755939534146,0.9121645986863902,1.2630041474174103,0.977277404042116,
2025,17070,"Burden, Luther",WR,14,8.092857142857142,5.949999999999999,-1.8,29.6,9.3231251876882,1.152018999361296,0.30000000000000004,11.175,1.6358497214094843,-0.001970249177606021,3.76058814780866,0.7839541801264823,133.573891064387,243.14492594398973,1.003911616519046,1.405416121733758,,
2025,13319,"Jones, Aaron",RB,12,6.866666666666666,7.2,-5.5,16.6,5.685996443505356,0.8280577344910713,4.550000000000001,9.725,0.3023223401295135,0.06281633915666858,3.7562635671232427,1.0270221835575173,156.8689100075003,316.4928873360526,1.0310658287547205,0.8168512956695534,1.2355826521800808,0.8434095862782147
2025,12263,"Waller, Darren",TE,9,7.544444444444445,6.0,-2.5,19.6,7.644331394512917,1.013239801923656,1.4,12.4,1.8832322646717663,-0.24919459474320016,3.7474147079924154,0.8727620564423713,188.86199295510653,482.78284117209205,0.9161193749183941,0.7660334660166824,,0.9324832821839661
2025,15398,"Jones, Patrick",DE,4,6.225,4.95,2.0,13.0,4.147514315828216,0.6662673599724043,3.5,7.675000000000001,0.01620101515390996,-0.7391189265416872,3.73589506074409,1.209321551735873,129.81950359498927,176.46186396566924,0.8333452162529439,0.9107800183462517,0.856891764642646,0.6864058296706936
2025,16703,"Phillips, Andru",CB,16,7.6875,5.5,-0.8,32.4,8.177704063488724,1.0637663822424357,2.9,10.05,1.7820422957118927,-0.01671564382775624,3.724985573050647,0.8376277930536963,106.90594082838226,185.25197868141174,1.1977159078428157,1.3318630205741393,1.3489275383566655,
2025,13635,"Moore, D.J.",WR,16,7.725,6.1,-4.0,24.2,8.3175642468213,1.076707345866835,2.35,11.725,1.2787235391002931,-0.011805343709488379,3.719830825164015,0.8290793382654049,141.2625329650389,257.14058221069774,0.7592443773278431,0.6505992463944903,1.0054876065535934,1.052686469959162
2025,17130,"Amos, Trey",CB,10,5.7,6.0,2.0,11.0,3.0347981810987035,0.5324207335260883,3.0,7.0,-0.45229287003901425,-0.40191408486601965,3.71960511581199,1.4127100648310125,180.30335174038652,312.4386953052234,1.412710064831012,1.385082733907282,,
2025,17112,"Carter, Abdul",DE,16,7.7124999999999995,6.2,0.0,37.1,8.28008718251203,1.0735931517033428,3.75,9.125,1.9975930885865258,0.37944395266608055,3.7193892127125343,0.8310805543437039,89.21569689838161,121.26966852993142,0.8768891616448213,1.2072274170986261,,
2025,17132,"Starks, Malaki",S,16,6.0625,5.0,1.5,16.4,3.8312652936073217,0.6319612855434757,3.375,7.625,0.04768334513753569,-0.07145953718934174,3.714855281006906,1.254847256684876,156.3373435672437,321.29792885938707,1.212333163586096,1.6101520880209266,,
2025,15259,"Stevenson, Rhamondre",RB,13,8.192307692307692,3.9,-3.4,25.4,9.877204644920196,1.2056681726193668,0.4,14.1,1.520670798099467,0.10983392488632965,3.7142067850481886,0.7531629641751396,115.0392417415153,232.09890203215866,0.8548958978050474,1.2500303278954632,0.754267575851721,0.9114814168767489
2025,17120,"Green, Mike",DE,16,5.68125,5.95,1.0,10.9,3.0549588274639645,0.5377265262862864,2.75,8.25,-0.5076326483447711,-1.092106652687657,3.694577613693512,1.401062314497813,150.4026897665661,204.44030555269302,1.504654217962583,1.7334256220965998,,
2025,13704,"Nwosu, Uchenna",DE,15,6.073333333333333,4.8,0.0,16.0,3.9607182289187004,0.6521489948823327,3.5,8.5,-0.07335972530745415,-0.7778895603327549,3.6760203541847516,1.2242850839478443,131.42582436302436,178.6453136708734,1.4225019171189643,1.1589399969059937,,
2025,13802,"Martin, Jake",DE,16,5.49375,5.7,1.0,10.8,2.722239140395274,0.4955156569547711,3.75,6.85,-0.667157518661673,-1.2080224932551777,3.673482102612415,1.4759261274697695,158.4392479700456,215.36428847654486,1.6232867479001951,1.5448369801167048,0.8189201972570225,0.41246718583080094
2025,13332,"Jones, D.J.",DT,15,6.239999999999999,5.5,1.5,18.0,4.362231844671563,0.6990756161332634,2.5,8.85,0.48771163551921165,-0.5139578283155887,3.6725852226641442,1.1636945549455628,116.18624996053532,166.26395095767458,1.2983412973293667,1.784861471209813,1.557843633031207,1.341399402537025
2025,15446,"Slaton, Tedarrell",DT,16,6.30625,5.75,0.0,16.0,4.525686239400605,0.7176509398454874,2.875,9.125,0.5990246383066439,-0.4599419096482207,3.6714386221960114,1.141260963214601,113.94642260610719,163.0587304988269,1.0198728314046919,0.9405836058248713,0.8847725721974407,1.0721083952671104
2025,16145,"McMillian, Ja'Quan",CB,16,6.7125,5.5,0.0,23.4,5.571453468350965,0.8300116898846875,2.0,10.225,0.6497568740760336,-0.18617584981440824,3.668009355952785,1.0214635213242147,130.36878632086788,225.90957468869792,0.8756287889021478,0.8918243787173026,0.838177562099016,0.8963167930580435
2025,15761,"Shakir, Khalil",WR,16,6.81875,5.65,-3.1,19.1,5.881987201405662,0.8626195712418936,3.875,11.125,0.4137254105937109,-0.03976348038366839,3.6608388021251317,0.9908112003764341,168.81918701307734,307.3020363270916,0.8624370661302607,0.8207401050280445,1.2599250223006702,0.8111006045312951
2025,11348,"Slay, Darius",CB,10,5.41,5.0,1.0,11.1,2.598634256681767,0.4803390492942268,4.25,6.0,-0.6417842619957719,-0.4396706443132015,3.65456819002329,1.5033481076758435,191.87143165073007,332.48444464646946,1.5033481076758435,1.3968200015063246,1.3029716178760198,1.1731440186099062
2025,16657,"Dorlus, Brandon",DT,15,6.206666666666667,6.0,0.0,15.2,4.337966753624969,0.6989205295851185,2.9,9.100000000000001,0.4711870253869219,-0.514408810624203,3.65330017418905,1.1627398507965174,116.09092984888925,166.1275467069703,1.4393694111281266,1.4924489583411469,,
2025,17081,"Egbuka, Emeka",WR,16,8.3625,4.45,-7.0,39.1,10.800282114370901,1.2915135562775366,1.625,14.425,2.1604637875077386,0.016246614883879185,3.6493347277353734,0.7086694978093601,120.74652409630498,219.79523412429666,0.4778846111813018,0.36660570373219126,,
2025,17115,"Pearce, James",DE,16,6.668750000000001,7.55,0.0,18.6,5.529886837675795,0.8292238931847489,1.75,8.95,0.6789895601306808,-0.2916217813176484,3.645671820079636,1.021265783891231,109.63189807789347,149.02112971618274,1.6850606735196307,1.4058754208779831,,
2025,16265,"Dexter, Gervon",DT,16,6.5375,6.0,-1.5,21.0,5.186867431311504,0.7934022839482224,3.625,8.45,1.04929129513272,-0.23966157938918867,3.6453059408441932,1.0566736838280966,105.50101161357937,150.97324362274645,0.9806165297480777,1.048498751053312,1.4846405227938688,0.7448217007223653
2025,14071,"Montgomery, David",RB,16,7.99375,4.65,-3.1,37.8,9.54571034221655,1.1941467199019922,1.725,11.075,1.4243082331501822,0.10839934883606339,3.6432158011552955,0.7580096305129346,115.77952883341274,233.5924777774164,0.8734439779801765,0.9084929623891566,1.9876340883111399,1.669379147927254
2025,13249,"White, Tre'Davious",CB,15,6.1866666666666665,6.0,1.0,18.0,4.346012220671063,0.7024804235998485,3.4,8.0,0.11736399427858277,-0.2786295004187446,3.633913542209859,1.1572488822126337,147.6989917854892,255.94022432705904,0.9519564176551442,1.3002252300980428,0.8214009537379736,
2025,17103,"Fannin, Harold",TE,16,6.725,5.25,-1.0,22.3,5.721614719639903,0.850797727827495,2.975,9.925,1.0725075877961352,-0.2750058408600256,3.6335683250994397,1.0005036409406516,216.50472794055142,553.4452223384952,1.0256205126473816,1.068947399764924,,
2025,16705,"Bullock, Calen",S,16,7.575,4.5,0.0,35.4,8.249886362853733,1.0890939092876215,3.0,9.625,2.043252812253099,0.030032044123618873,3.625973904917978,0.8189289795407817,102.0277014191145,209.6830380013818,0.883911841736841,1.3586382170614304,0.9659686202011785,
2025,17124,"Carter, Barrett",LB,16,6.2125,4.5,0.0,17.4,4.431686332537536,0.7133499126820984,2.5,8.875,0.6903915569547768,0.017329389805696222,3.625937675670044,1.1437516122359903,130.79105610094166,292.36960868847734,1.4208594681328242,1.1014996360686096,,
2025,15364,"Cisco, Andre",S,8,5.5625,5.75,1.5,10.5,2.973187473066574,0.5345056131355639,3.125,7.125,-0.33984793945216607,-0.09309643157588793,3.6249460102226343,1.4000094477562537,174.42262941984603,358.46604720324126,1.358344884467294,1.2148840415503068,1.1436191470326493,0.9349981397296943
2025,15464,"Echols, Brandin",CB,15,6.566666666666666,4.0,0.0,16.0,5.339121858716302,0.8130642424441069,2.5,11.45,0.5488204195903063,-0.19846188311393853,3.6218609980496064,1.0358953200493362,132.21070827397105,229.10134947450572,1.277931175916535,1.1137588366777107,0.7796208902410015,0.3469138954639184
2025,15806,"Thibodeaux, Kayvon",DE,10,6.2700000000000005,5.95,0.0,17.1,4.588910546088255,0.7318836596631985,4.0,8.274999999999999,0.22783164335916287,-0.5589291163330161,3.62033556065731,1.1218644400004663,120.4310669008405,163.70029122123975,1.1218644400004663,0.9482341717067926,1.061755576965454,0.879469121853908
2025,15989,"Jobe, Josh",CB,15,6.3133333333333335,5.0,-0.8,13.0,4.704730479941321,0.7452054614479389,2.5,11.25,0.27320912145248627,-0.24765603143081863,3.6175301262782953,1.1066838925225215,141.24541199667678,244.75713743598448,0.870215393005422,0.749897023308755,0.7734938610890316,0.40278855311808265
2025,15815,"Walker, Travon",DE,13,6.6692307692307695,7.0,-1.0,16.9,5.638655679310671,0.8454731699081743,2.0,10.0,0.7311395711780915,-0.24699942219926307,3.6138324186867545,1.0046056146601166,107.8434449602861,146.59011001568538,0.9168690470776156,2.6011017703767196,0.9899799154062574,1.4643897768771361
2025,17142,"Revel, Shavon",CB,7,5.942857142857143,6.4,0.0,13.0,3.8466524009686074,0.6472732405476022,4.0,7.1,-0.09958285076181708,-0.3186518867829017,3.6076936093987437,1.2261777101385398,156.49633740931603,271.1847062644511,,2.2150267382414532,,
2025,13707,"Ward, Denzel",CB,14,5.771428571428571,5.5,1.0,13.0,3.540667526132925,0.6134819971022395,3.25,8.7,-0.23251796209143327,-0.34314881138808795,3.5770021492609567,1.2710528877554328,162.2237298415621,281.10941926484253,1.3142670799686333,1.3975776764298187,1.300154791082399,0.926228244668093
2025,16018,"Blankenship, Reed",S,16,6.2875,4.75,0.6,15.5,4.765353475871438,0.7579091015302487,2.5,9.5,0.46954297666227673,-0.0434968796508902,3.5766923298404736,1.0905662638576794,135.8701083078347,279.2345283417915,1.195610019880639,1.2646954847696192,1.120889648387185,1.5050566435879382
2025,14997,"Rodgers, Isaiah",CB,16,9.3125,6.0,2.0,67.0,15.027968716696213,1.6137416071620094,4.75,7.0,4.7581393815580375,0.381988287898203,3.5629000106523443,0.5810156086902789,74.15467920012968,128.4989491123047,1.742499249059261,1.6390519608318017,0.772877337003401,
2025,17135,"Ezeiruaku, Donovan",DE,16,6.0,4.0,1.0,14.0,4.126893504804794,0.6878155841341324,3.0,9.625,0.006314217551634072,-0.679945056019689,3.554890745411659,1.1702993234357126,125.63050497851248,170.76781581771715,1.1281239352989814,1.2163839645125187,,
2025,16174,"Rodriguez, Chris",RB,12,6.2,5.9,-0.6,14.5,4.622048607850564,0.7454917109436393,3.0749999999999997,9.350000000000001,-0.006958216367990731,0.05253575711094756,3.5520077013990434,1.102800852938623,168.44345772219145,339.8452649719803,1.0407587930994517,2.1921956187484244,0.5034339012075058,0.5054694191526521
2025,16252,"McDonald, Will",DE,15,7.013333333333333,5.0,0.0,26.4,6.892785278019974,0.9828115890712892,2.5,10.75,1.3324411153015878,0.13014747270301874,3.5370649294107883,0.8885752096746176,95.38769276144252,129.65917753454116,0.8158960950385702,0.8809877794887018,0.8996614908374037,0.8095708028565053
2025,17119,"Scourton, Nic",DE,16,5.94375,7.0,0.0,13.5,4.077525099554876,0.686018944194301,2.3,8.875,-0.017355822879786473,-0.6848788333173588,3.525316260808886,1.17059982638413,125.66276368053954,170.81166462726557,1.6179910961607302,1.065149979801503,,
2025,16702,"Green, Renardo",CB,13,6.0307692307692315,6.0,-2.6,14.0,4.28725923125443,0.7108975766110662,3.0,9.0,0.09183876139495732,-0.27252749464202575,3.524915408855121,1.1406229517024078,145.5770340877113,252.26318955101556,1.3440554264387752,1.417567917697049,0.9034792819796226,
2025,16723,"Barner, AJ",TE,16,6.425,6.2,-0.7,17.1,5.312661762243104,0.8268734260300551,1.05,10.175,0.900070193053745,-0.2788072946724251,3.5169376862424717,1.0177957004490257,220.24665599178022,563.0106125356812,0.8945258560544276,1.1489795443022026,0.5327461822644473,
2025,14037,"Davis, Jalen",CB,6,6.383333333333333,5.15,0.0,16.0,5.22507309890387,0.8185493105332434,3.0,8.575,0.4992719424284465,-0.19448548906229168,3.5101238643133534,1.0254230322945652,130.87413636896318,226.78527060990663,0.6968497307631044,0.9245262893493036,,0.2779617192280479
2025,17186,"Moore, Malachi",S,16,6.15,5.0,-0.5,16.3,4.649865589455248,0.7560757056024794,2.875,9.625,0.41738550573590816,-0.043903926188846754,3.5021269187765687,1.0885214705776698,135.61535415521743,278.710968328959,1.4865649153239182,1.5119501955468442,,
2025,11793,"Jones, DaQuan",DT,12,6.358333333333333,4.5,2.0,18.1,5.198630962944849,0.8176090636348387,3.625,6.0,1.057302300475606,-0.16926972711203644,3.498185314183014,1.0257641358782574,102.41492304419945,146.55701296959506,1.0806792072908618,1.1088484819141713,0.7355251087243306,
2025,12361,"Nunez-Roches, Rakeem",DT,9,6.155555555555555,6.0,0.5,15.3,4.698489381613606,0.7632924988180949,1.5,9.5,0.7167041701584423,-0.3272190147199436,3.490944105802934,1.0802083049266864,107.85076856489135,154.3357746851406,1.1555147162603236,1.1598795125992334,1.762632994488364,0.8375555240472318
2025,16662,"Jenkins, Kris",DT,14,5.921428571428572,5.25,0.0,16.1,4.122790069744478,0.6962492277011181,3.5,6.875,0.32465096649242325,-0.5221767950500786,3.4908953676894097,1.1558991273917125,115.40793447347586,165.15017193464897,1.081611478523724,1.0816239598320818,0.9336814869621277,
2025,15261,"Hubbard, Chuba",RB,14,6.792857142857142,5.75,-5.4,22.8,6.425669980155965,0.9459451074887858,4.15,8.875,0.5173391251403934,0.07749490496602095,3.4907753136074975,0.9147803714695206,139.72492713994362,281.9038241626462,0.6853497700855811,0.6626144392563454,1.1447385686778209,1.127823959899032
2025,13294,"Ebukam, Samson",DE,13,5.507692307692308,5.0,1.0,12.9,3.214740458111316,0.5836819267520545,3.0,7.0,-0.43102418512876783,-0.9659079044038978,3.4777768279441923,1.30676903179001,140.2803967040651,190.68121195002243,1.2501999162101638,1.6657405870832156,,1.4630818566537371
2025,14901,"Gallimore, Neville",DT,16,5.74375,5.9,0.0,13.0,3.7523274027595193,0.6532887752356072,3.0,7.8999999999999995,0.07236462111091649,-0.6471031943011052,3.4741359682802355,1.2086183280774794,120.6715547272311,172.6824771775451,1.4095392024460442,1.3125275652414135,0.6073951659071587,0.6672739837067774
2025,12231,"Thompson, Shaq",LB,12,5.7,5.0,1.0,12.5,3.655817282086182,0.6413714529975757,3.125,7.125,0.2951178635197799,0.007731597218097647,3.472705699608886,1.2242748490005047,139.99910360393744,312.9532275190956,1.2905233605237056,1.658472298346226,,
2025,16663,"Eboigbe, Justin",DT,16,6.34375,4.0,0.0,15.5,5.264025164975942,0.8297970703410352,2.25,10.25,1.1018359760921947,-0.1338277402504021,3.4669145026107513,1.0127274129532275,101.11330318012384,144.69437895464316,0.9529519565425827,1.0452976314172433,,
2025,11150,"Smith, Geno",QB,15,10.253333333333332,6.3,-21.5,49.7,20.078109694114357,1.958203156122987,-2.65,14.5,0.5798031599980598,0.7330984971884146,3.4660680123035643,0.4864446329452575,61.46605556386767,145.83980842117248,0.5982996125868365,0.8450120716995695,1.7814559989052698,1.1123934708273644
2025,12305,"Jarrett, Grady",DT,13,6.084615384615384,5.0,-0.2,17.5,4.62049716836189,0.759373744484255,4.0,7.0,0.6635912057411955,-0.33861451547424776,3.4583984236953795,1.0825760074866764,108.08716606309918,154.67406240904847,1.2306244305906817,1.447714538887403,1.7569623720346028,1.7788977689769532
2025,17104,"Loveland, Colston",TE,15,7.2333333333333325,5.1,-1.3,29.6,7.935377887802333,1.097056850848249,1.75,10.6,2.005953712564463,-0.23587647817385626,3.4492786070189205,0.8095162201486232,175.17586327018435,447.79735536549543,1.1936212551825929,1.2323279449636473,,
2025,15124,"Pierre, James",CB,13,7.423076923076923,4.0,0.0,29.1,8.573855953837793,1.1550272269418789,0.0,9.0,1.954150461761838,0.049443804717623455,3.444539739579412,0.7753487162193302,98.9572990114384,171.47817328754226,0.9639811703760346,1.398645009099446,0.6899801949297389,0.04401600992640463
2025,15362,"Surtain II, Patrick",CB,13,5.86153846153846,5.0,-0.4,14.0,4.126003553736204,0.7039113674353106,3.0,9.0,0.021781241542285702,-0.2775921392660469,3.4400489213010634,1.1434909086760474,145.9430697434821,252.89747450257258,1.0461992767600807,0.8365585920616893,0.6720614981729433,1.4380270661478354
2025,16246,"Johnson, Antonio",S,16,6.90625,4.25,-1.0,23.8,6.987083507265389,1.0117043992420474,1.0,11.375,1.4729366927882026,0.01285019504177207,3.4330341985642012,0.8646773247979419,107.72733914952366,221.39669358899647,1.087894583167918,0.9203950472134529,1.1183553579731274,0.5593473276266725
2025,14159,"Lawrence, Dexter",DT,16,5.88125,5.0,0.0,19.1,4.219629537945245,0.7174715473658227,3.5,7.125,0.39059897609861693,-0.46046357213665035,3.424365317154969,1.1267562108086329,112.49823091225304,160.9863503949328,1.3050220341067373,1.1881209444009493,2.0640906636306733,1.6132060954326877
2025,17214,"Burke, Denzel",CB,16,6.7875,5.0,0.0,21.0,6.694575696039294,0.986309494812419,1.0,11.85,1.1376972615043066,-0.07286792880044532,3.4171411946258607,0.8821149168100065,112.58380617544597,195.0908686633885,1.1594468771932076,1.2813594664896655,,
2025,13163,"Godwin, Chris",WR,8,7.175000000000001,5.5,-2.8,23.6,7.890619430691104,1.099737899747889,2.6,10.15,1.1270935721389388,-0.008797739121993354,3.417093152846119,0.8070303825210815,137.50572563198716,250.30205535861708,0.917202618470157,1.460207921174827,,1.2190350204355702
2025,14947,"Wonnum, D.J.",DE,15,5.866666666666668,4.0,1.0,17.0,4.228422348294404,0.7207538093683642,3.0,8.9,0.054992958908352416,-0.5894929491265083,3.409358523413725,1.122072066075624,120.45335535999486,163.73058761691516,1.399774372831529,2.3274389320927518,,1.2504926481989924
2025,15369,"Patterson, Riley",PK,16,5.768750000000001,5.15,0.0,13.6,4.006045236576841,0.6944390442603408,2.55,8.675,-1.1576754833745886,0.013201158169397952,3.4045190469027373,1.1523567461696973,168.4198410200997,238.08064045924388,1.3109629008354913,1.3066135187280132,,0.6343228506731949
2025,15857,"Williams, Sam",DE,16,5.71875,7.0,-1.0,12.7,3.9008362484857013,0.6821134423581554,2.75,8.0,-0.10207057571445542,-0.6956037848605104,3.3997409782201626,1.1668926913783386,125.26480630888712,170.27072665079825,1.316408350077971,1.7892990018099575,,0.7168551022123196
2025,17167,"Sanker, Jonas",S,16,6.9625,4.75,-3.6,22.5,7.333388967591996,1.0532695106056726,2.875,7.875,1.6293376586309332,0.022078389794515665,3.3909333207534966,0.8354944221464647,104.0915361035286,213.92454418589236,0.7417141039988354,0.6469471684627147,,
2025,16896,"Shrader, Spencer",PK,5,6.4,10.7,-1.6,11.3,5.679788728465171,0.8874669888226829,0.6,11.0,-0.29508240880940856,0.04206242842173017,3.3907877795478862,0.9581141350664457,140.03079414717834,197.94948714265814,,0.9581141350664458,,
2025,16767,"Davis, Tyler",DT,16,5.9,4.5,0.0,17.0,4.386769882271008,0.7435203190289844,2.875,8.75,0.5044221231890781,-0.3847153185212245,3.383958268571184,1.095276042776236,109.35517016983785,156.48859186230598,1.170043154218198,1.1595917942265426,0.937246610287483,
2025,14717,"McLaughlin, Chase",PK,16,7.6000000000000005,6.9,-5.4,27.6,9.481824718903002,1.2476085156451318,0.19999999999999998,12.149999999999999,1.664363546017969,0.09591028945696622,3.381371776756492,0.7250645955082708,105.97001693330049,149.8006965696289,0.8452560269534246,1.014240177667968,0.9682246533733295,0.9560144828619451
2025,15121,"Huff, Bryce",DE,14,6.371428571428571,4.0,-1.0,17.7,5.642875226010809,0.8856530623783782,3.0,7.275,0.7331626634876149,-0.1366608747266357,3.3788975811872173,0.9591371739876488,102.96245165551518,139.9554430148706,0.9715898862082766,1.8888888888888888,0.6050232305164648,1.0406096072974496
2025,12238,"Perryman, Denzel",LB,10,5.25,5.0,0.0,9.0,2.9090376415577714,0.554102407915766,2.875,8.25,-0.08533595986962397,-0.003905081278276227,3.378155759401253,1.343041556874814,153.5803943197995,343.3127702160863,1.343041556874814,2.3425692720669287,1.2650939241585053,1.4035230116804096
2025,16692,"Newton, Jer'Zhan",DT,16,6.69375,5.25,0.0,26.6,6.587342858657047,0.9841035082961043,2.5,8.5,2.003019859031323,0.31488605508158346,3.3736899168876606,0.8822258496414893,88.08369228202392,126.04884570010478,0.8110221621667425,0.7658638955225187,1.0211028191470246,
2025,15833,"Gardner, Sauce",CB,11,5.618181818181818,6.0,-0.2,10.0,3.7518039738039675,0.6677968238162402,3.0,8.5,-0.14078974450563828,-0.30377333776552057,3.3686248456369743,1.1823260911338243,150.89958115859983,261.48636619458404,1.1123709770379429,1.496475899608159,1.0412154635902318,1.0529746911462414
2025,13430,"Haack, Matt",PN,6,6.533333333333334,6.0,0.1,14.4,6.152415966286921,0.941696321370447,0.475,12.05,2.7134881304761307,0.023643152087479653,3.3647554776856734,0.9134442633270147,105.84462121353957,127.87527587322785,1.0694708589709951,0.755344792402836,,
2025,13798,"Fatukasi, Foley",DT,4,5.575,5.1,1.5,10.6,3.668361350794112,0.658002036016881,2.4000000000000004,8.275,0.015183452063924845,-0.6333973168174284,3.3624807924803046,1.1942091841394549,119.23290882811115,170.62375722317884,1.071268669555756,1.0206577323697132,1.1267395724862335,1.363607983954121
2025,16263,"Martin, Quan",S,16,5.6875,4.75,1.5,14.0,3.9444383313724147,0.6935276187028422,2.875,7.125,0.09879536744617272,-0.0577907150938925,3.3583745178932136,1.150282321029846,143.30993789416232,294.52455299367955,1.189490699036483,1.1143815935895416,1.0702201888603209,0.8098085431930447
2025,17137,"Harmon, Derrick",DT,11,5.3,3.0,1.5,10.0,3.0881003280922785,0.5826604392626941,2.75,8.15,-0.3799762923070912,-0.8524861265519069,3.3487916096955606,1.2964456776121385,129.4404626361304,185.23089211487905,1.2248276479320521,1.2235303810901585,,
2025,12218,"Armstead, Arik",DT,15,5.746666666666667,4.5,0.0,13.1,4.152889221841692,0.7226605374434498,2.0,8.65,0.34514859218704286,-0.44537430261213423,3.335925181867303,1.1152319444998187,111.34761859712512,159.33981003754366,1.0663918979166314,0.6919961431111208,1.2880029934302073,1.1322250991087608
2025,16102,"Pola-Mao, Isaiah",S,16,6.31875,4.5,0.0,22.0,5.676070245997666,0.8982900488225782,2.5,6.625,0.8808474427327191,-0.012329809993476888,3.328653597441144,0.9464774586199297,117.91855210954539,242.3412455553124,1.1502925026945818,1.8534709930704645,0.9865385614791338,0.3303321682214776
2025,15712,"Allgeier, Tyler",RB,16,6.106249999999999,5.75,-1.2,16.9,5.185010697915676,0.8491317417262111,1.725,8.675,0.15669005910895517,0.06544033691148972,3.3022255051982725,0.9872658752324845,150.79647179465937,304.2413615043252,1.1068246862616076,1.2333818932623453,0.9210326758226495,0.8711784568287553
2025,14985,"Mann, Braden",PN,16,5.4625,4.65,-0.2,15.0,3.576114336818665,0.65466624014987,3.5500000000000003,6.8,0.022032088120844055,-0.3139132040322763,3.301269988747241,1.193698320876649,138.31883530171655,167.1087204987606,0.9238079211114061,0.7769208243455648,0.6476800306633783,1.1593892518971827
2025,16513,"London, LaCale",DT,12,6.466666666666668,5.75,0.0,22.7,6.202060589477949,0.9590815344553527,1.875,9.425,1.7406413137852637,0.24212366747433034,3.3008665300214144,0.8978911779934655,89.64775885592115,128.2870441807797,1.1069597987305015,1.9173128227355258,,
2025,16288,"Blackmon, Mekhi",CB,16,6.09375,5.0,0.0,20.4,5.157696766726404,0.8463912642833072,3.0,7.25,0.47000029877677085,-0.1743014954492956,3.3003568192061077,0.9896151484639606,126.30399729080723,218.86590429109063,1.0929572465130406,1.2860586575509068,,1.0678432584148543
2025,16620,"Worthy, Xavier",WR,14,6.3500000000000005,6.7,-3.3,20.2,5.873761267584121,0.9250017744226962,2.925,8.375,0.41080396026462174,-0.03161686778226786,3.298698258033737,0.923802813744184,157.4019751870336,286.51925384011514,1.03618189740282,0.9353005223352485,0.9795529960391577,
2025,14911,"Davis, Ashtyn",S,14,6.228571428571429,4.5,0.0,23.2,5.5362995082363415,0.888855425634275,3.625,8.25,0.8177231756137274,-0.014424464316395543,3.2975374102440282,0.9529201378735557,118.72122458988265,243.99086425549115,1.0470665188251425,1.1060691541693553,0.6358814827109492,0.9059766512740506
2025,15173,"Tart, Teair",DT,16,5.85625,4.75,-1.0,19.5,4.556310013322184,0.7780251890411414,3.375,7.25,0.6198795332609531,-0.2843772419913259,3.2936822470766995,1.0539818667350562,105.23225368883797,150.58864773094456,1.517789329944314,1.90625,0.9311448984093397,1.2405757058078943
2025,16777,"Johnson, Cedric",DE,8,5.4375,5.5,0.0,11.6,3.539751933398723,0.6509888613147077,2.75,7.475,-0.27519507293071305,-0.781075418851936,3.2934807298881688,1.197752670139659,128.57759530036418,174.77375511857582,1.203695777529945,1.2839019027834235,0.5071528913659035,
2025,15409,"Barnes, Derrick",LB,16,5.74375,4.25,0.5,16.5,4.284706633773192,0.7459772158908713,2.875,7.7,0.6155113843834543,0.021679998171907595,3.289705013171834,1.0868626014721765,124.2856455566094,277.82744967619436,0.92185136982302,0.7955383726275331,,1.5942353848192818
2025,13692,"Vea, Vita",DT,16,5.99375,5.25,0.0,16.1,4.951447862746815,0.82610183320072,1.375,8.975000000000001,0.8889697624183646,-0.14457326651525818,3.282264926865765,1.007107873282059,100.55223392176673,143.89148195360357,0.9843265838695898,1.2323130048714903,0.9529485886945649,1.3067843443105784
2025,13224,"Lattimore, Marshon",CB,9,5.577777777777778,7.0,-3.0,10.0,3.933270558193349,0.7051680283613574,4.0,8.0,-0.06195159732152623,-0.2766811243159925,3.2711015483547072,1.130645017738589,144.30355626525665,250.0564432786513,1.0842487007522756,0.686625345301996,0.986007312086448,1.078352663297945
2025,17122,"Walker, Jalon",DE,14,7.078571428571429,4.0,0.0,28.2,8.244234225152974,1.1646748653091992,2.125,6.675000000000001,1.9804031278013077,0.6295646812877581,3.2700390908638077,0.7657282643608365,82.20019152498145,111.73358866081118,0.7473328693830723,0.9105242778670016,,
2025,13307,"Milano, Matt",LB,12,6.183333333333334,4.5,2.5,23.7,5.523711513908822,0.8933226168046612,3.625,6.0,1.2467339275049913,0.0413274121747277,3.2658635556622007,0.9478244585387033,108.38626202085047,242.28605501729467,0.9146684459929076,1.072368341993111,,
2025,16923,"Tillman, Dondrea",DE,16,5.9937499999999995,5.35,1.0,17.4,5.037170429665846,0.8404038255959702,1.75,7.35,0.4427530999942845,-0.2609204173453309,3.2567580639858043,0.9928078178060894,106.57696283325721,144.86859829652218,1.3237028477890802,1.2553055271298337,0.7485084095559862,
2025,16077,"Okuayinonu, Sam",DE,14,5.242857142857143,4.5,0.0,10.9,3.198596631049821,0.6100865508814373,3.25,7.375,-0.438764460256737,-0.8933978080875052,3.2562579570563805,1.2487165602155534,134.04851980462473,182.2103074770655,1.202246800885364,1.9193897742392323,1.367314667550538,
2025,15799,"Ferguson, Jake",TE,16,5.8875,4.45,-1.5,13.8,4.763254533404655,0.8090453559922981,2.0,10.1,0.6684094372626691,-0.281640087260755,3.254478933045096,1.0215582126167082,221.06084760478745,565.0919086929212,0.7640197632565645,0.9203655535970906,0.368487740488435,1.0175983833286038
2025,10703,"Wilson, Russell",QB,6,10.616666666666665,0.2,-9.9,62.5,24.042907247021706,2.264638045245373,-0.975,9.1,1.1923830023339932,0.9265368501226591,3.2520195254505486,0.4239390643404344,53.56799174999974,127.10016256386129,0.5910178018311781,0.380501667195332,1.2663189558959016,1.398470164232708
2025,17153,"Mukuba, Andrew",S,11,6.6,4.0,1.0,25.6,6.8437097861002,1.036925725166697,2.0,8.0,1.4081852203581877,0.018449778440429127,3.24017705626447,0.8414385768958239,104.83209903524546,215.44651795569948,0.8526943513868063,0.8345969809351901,,
2025,15366,"Holland, Jevon",S,14,5.285714285714286,5.5,0.0,13.0,3.3419107329398816,0.6322533819075452,4.0,6.375,-0.17332248554082147,-0.07139468659600108,3.2382927456625,1.217370556610997,151.66824324128433,311.70219037402524,1.1928328195482754,1.1670286287184202,1.2637825698268113,1.0944718902306552
2025,16619,"Franklin, Troy",WR,16,7.0125,5.9,-4.8,23.3,8.173346545326462,1.1655396143068038,1.65,10.975,1.2275044482793467,-0.00020456591415156473,3.238222913897017,0.7644429397004143,130.24947189644254,237.09347647317207,0.884941452640147,0.8766245672151695,0.2890548613957381,
2025,14899,"Kinlaw, Javon",DT,16,5.85625,5.5,0.0,15.5,4.73523610155819,0.8085782030408862,1.5,9.125,0.7417288123309644,-0.19553092389636245,3.2380407936762077,1.0211000726559334,101.94925100588176,145.89063056231788,0.9215825970558532,1.0240051403659807,0.8563751272762147,0.8525586890703154
2025,17256,"Croskey-Merritt, Jacory",RB,16,7.14375,3.0,-1.1,28.0,8.619597492777721,1.2065928248857702,0.825,9.6,1.155095130914158,0.10994905654799991,3.2374572777693205,0.7426246270037226,113.42960030256859,228.85134924069956,0.6282299288552256,1.0467111498238022,,
2025,12739,"Clark, Kenny",DT,16,5.80625,5.25,0.0,17.6,4.610784742047714,0.7941071676293155,2.25,8.125,0.6569770101475265,-0.23761182024755798,3.2362893949485865,1.034837418817274,103.32082289140165,147.85336677926665,0.909781683828884,1.1799334580565726,1.1188521876254467,1.3090791742870214
2025,15681,"Elliss, Christian",LB,14,5.428571428571429,5.5,0.5,14.5,3.6783980541667805,0.6775996415570384,2.75,6.5,0.3066218475693044,0.012562356880670733,3.235915944481833,1.1603483426846315,132.68893661973436,296.61212037971,1.1243259961002448,1.2199617350961602,1.0636769981929821,0.4364644932681063
2025,16809,"Coker, Jalen",WR,10,5.99,5.550000000000001,-2.0,16.8,5.117899959944508,0.8544073388888995,2.325,8.85,0.1423589041948693,-0.0408359316944794,3.230142522833744,0.9790941400183228,166.8227778050587,303.6679670851947,0.9790941400183228,1.3906666589325951,0.8000595256593823,
2025,11872,"Harris, Shelby",DT,16,5.331250000000001,4.5,-1.5,11.0,3.46837835846956,0.6505750731009725,3.75,8.625,-0.12100565082904641,-0.6549944760931652,3.2299348795956684,1.1931062171346605,119.12278577256134,170.4661697779049,1.6216769853195998,1.9253693566504777,1.2123361293335608,0.9647950173544783
2025,17099,"Gadsden, Oronde",TE,14,7.192857142857144,4.9,-1.9,33.8,8.848120404576193,1.2301259748169482,1.375,10.125,2.3908169072579866,-0.21473244927360213,3.225314275552323,0.7303786760684597,158.05083568422725,404.0211071975324,0.7833412355873459,0.7943920109882152,,
2025,16690,"Mitchell, Quinyon",CB,16,6.25625,5.4,-1.2,25.0,5.938220351039527,0.9491660900762481,2.65,9.0,0.8090987252325748,-0.09979499903013724,3.2097059516130124,0.9017081734889913,115.08448196071635,199.4241651450658,1.1536932391158847,0.7956928970253223,1.0858675994916756,
2025,16654,"Elliss, Jonah",DE,12,5.908333333333334,5.0,0.0,18.0,4.99607484820723,0.8455979996965691,2.75,8.15,0.4230495250103674,-0.2466566254249061,3.2013110841606407,0.9853668412928285,105.77818117272457,143.78282538246964,0.8847292236909094,1.195298016582915,1.3226756498442869,
2025,15378,"Oweh, Odafe",DE,16,5.76875,4.0,1.0,18.4,4.634209580662057,0.8033299381429352,2.0,8.025,0.24955059446641975,-0.3627295223290007,3.1989431761669995,1.0238792003406685,109.91244581614058,149.40247439438212,1.0068383397780634,0.9369836070808394,0.8048687606784853,1.0996430628233222
2025,15051,"Townsend, Tommy",PN,16,5.39375,4.55,0.9,13.0,3.7063237766687354,0.6871515692549219,2.575,7.125,0.1580615730412499,-0.275709440602946,3.196956395791981,1.1460643712485594,132.79928960231464,160.4403284641579,1.0730441520921934,0.8704403790683666,1.25091517697798,0.977292778502816
2025,16593,"Corum, Blake",RB,16,7.1,4.6,-3.8,30.7,8.731623560369515,1.229806135263312,1.8000000000000003,10.725,1.1876601527751156,0.11283942635916092,3.184133314424475,0.7295802140265286,111.43717708310899,224.83151014388926,0.8497869280141015,1.395926516613075,0.5543710604457605,
2025,12744,"Ward, Jihad",DE,16,5.762499999999999,4.75,-0.6,18.0,4.672375600270167,0.8108243991792047,2.375,7.925000000000001,0.26784956974538787,-0.342148881267171,3.1822522397047317,1.0158882990268734,109.05463025803333,148.236457516097,1.0211228872898537,2.0251512358759873,0.6116276555058489,0.8511017234261974
2025,16731,"Hart, Cam",CB,15,6.3133333333333335,4.0,0.4,25.1,6.251065686922688,0.9901371204207003,2.6,6.5,0.9450143634709437,-0.07009309584425188,3.1723107260060255,0.870676615813789,111.12394257060916,192.56114375469383,0.9667658487077363,0.7726514475647969,0.9345108118275948,
2025,11936,"Boswell, Chris",PK,16,7.16875,3.8,-2.5,32.3,9.034566864963699,1.2602708791579702,1.2,8.425,1.4338613638002722,0.09780354846775816,3.171633128623331,0.7144055240720083,104.41216679471775,147.59849784715752,0.601890647678034,0.7747689524191586,0.9717644285638701,0.8658632874875363
2025,14889,"Murray, Kenneth",LB,16,4.95,5.25,0.5,10.2,2.7838821814150108,0.5624004406899011,2.75,6.625,-0.14909757138822557,-0.002798600286597417,3.1682018713552424,1.3081802663710083,149.59391250569237,334.40141065695326,1.033735689049925,0.9379807976820198,1.0291733073675984,1.6251851866349507
2025,16660,"Robinson, Darius",DT,14,5.857142857142857,4.25,-1.0,19.5,5.019350311645961,0.8569622483297983,2.5,7.875,0.9352115627450773,-0.054833044515438044,3.1541528980521436,0.973052331878862,97.15204129458861,139.02576453520155,1.1190312225368564,1.214143528490544,,
2025,15877,"Uwazurike, Eyioma",DT,16,4.9375,5.0,0.0,10.8,2.8137774876489434,0.5698789848402923,2.875,6.925000000000001,-0.5667910864491772,-0.8896538235044388,3.145146885638643,1.294648158155601,129.26099368184288,184.97406983664715,1.1783997254893661,0.8989749058465307,,
2025,16794,"Briggs, Jowon",DT,16,6.325,4.5,0.0,21.2,6.409319386643172,1.013331128323031,1.375,10.125,1.881785264700847,0.39987820761006226,3.141559732038861,0.8536546570528623,85.23107111123215,121.96670976231138,1.180341568508015,3.043251383954864,,
2025,16316,"Kelly, Kyu Blu",CB,13,6.523076923076923,5.0,-0.8,24.9,7.059434913771438,1.0822246919696779,1.0,8.6,1.2962103277299022,-0.0033343125826202817,3.1327440060786262,0.8093714997227305,103.29960678846581,179.00274209545688,0.6308052246928613,0.8774464278339543,,
2025,17074,"Hunter, Travis",WR,7,6.728571428571428,2.1,-0.6,19.2,7.781243801735093,1.1564481234001203,0.45,12.75,1.0882486854500701,-0.0013918413005505287,3.120210199150229,0.7662435505140995,130.55626864397405,237.6519394472158,,1.0131813689489042,,
2025,17261,"Biggers, Zeek",DT,8,5.525,6.25,0.0,13.5,4.269001639727959,0.7726699800412595,2.0999999999999996,7.6,0.4242215465560886,-0.29994986609553004,3.1167673973197223,1.0485857431399963,104.69349086471966,149.81767151131916,,1.228833424833699,,
2025,17172,"Woodson, Craig",S,16,5.40625,4.0,0.5,13.5,4.031976678689994,0.7457991544397677,2.625,8.75,0.1383300662517691,-0.04618550351186647,3.096719336958828,1.0743789856767465,133.85338790070185,275.0898494370898,0.8860849492502505,1.2957069039294573,,
2025,15860,"Cook, Bryan",S,16,5.34375,4.75,0.0,12.5,3.8839362684652796,0.7268184829876546,2.375,8.5,0.07147099010245647,-0.050399550508291105,3.094563819327734,1.0941481842225618,136.31636813087843,280.1516627487442,1.1038867735235194,1.2359664253514793,1.1598651045583221,0.9913226938180792
2025,16281,"Brown, Ji'Ayir",S,16,6.19375,5.0,-1.0,25.1,6.231018049845466,1.0060170413474012,2.625,6.75,1.1314769662529105,0.011587500330787162,3.0875859338860767,0.8565529718367064,106.71515240456655,219.316489989824,1.1644805465484698,1.1003646260414661,1.0664162637322159,0.5322470277593185
2025,13764,"Johnson, Taron",CB,13,5.107692307692308,4.0,1.4,14.0,3.3719342858962076,0.6601678571784743,3.0,6.0,-0.3058241086384492,-0.30930394870154637,3.0766119736669566,1.1682911895930468,149.10831495887103,258.38237024006924,1.3812311197684664,1.4672931156259725,1.2593425075464213,1.286472235141752
2025,14405,"Granderson, Carl",DE,16,6.48125,3.5,0.0,21.4,7.209127786181904,1.112305155052174,1.0,9.25,1.4841138282536077,0.4857515099208216,3.0683303425635553,0.789517494283574,84.7539424401486,115.20486712140625,0.6415739303428024,0.743259186369582,1.390596298119298,1.7862815320969119
2025,12698,"Reed, Jarran",DT,12,5.316666666666666,4.25,0.0,12.5,3.904449029277015,0.734379127763702,3.0,6.5,0.175959969921456,-0.4112973502294209,3.0654581697612704,1.0840497342166115,108.23430672083457,154.8846224977845,0.9986415666351103,1.197634048830757,1.154633955547262,1.3176858450943616
2025,16014,"Adams, Tony",S,12,5.308333333333334,4.55,0.0,14.5,3.8904709083720044,0.7328987582490432,3.375,6.525,0.07442221123504363,-0.04904962114634344,3.0632680115121,1.0854442103409694,135.2319682982472,277.92304985095615,1.069634479311397,1.3517583579420167,1.2237804529007739,1.0971704090461105
2025,16279,"Moss, Riley",CB,16,7.1187499999999995,8.5,-14.4,22.0,9.424915036089185,1.3239564580985688,4.5,12.75,2.323893031252977,0.17190886422183127,3.063202830325173,0.6828592823400637,87.15292715612964,151.02296540720948,0.5532655292031834,1.5335784446981668,1.4106928639666352,0.19162587386871735
2025,16572,"Okada, Ty",S,16,5.88125,5.5,-2.0,15.6,5.420933816004397,0.9217315733907584,1.0,9.625,0.7656208909048051,-0.007125374183743919,3.0603909939528933,0.9159493258349405,114.11515121095152,234.5246560990989,1.1123982823218592,0.922654581865106,,
2025,14105,"Brown, Marquise",WR,15,5.740000000000001,5.4,-1.2,17.0,5.03505047972047,0.8771864947248204,2.05,8.55,0.11293481125704692,-0.03786115766406672,3.0577675772387427,0.9511105200011294,162.05479377420536,294.9887924737046,0.806262412305978,0.8925235645757659,,0.7362946828214967
2025,16878,"Steward, Reddy",CB,16,5.11875,5.45,-2.0,10.0,3.460350190009676,0.6760146891349794,3.0,8.0,-0.2674118241654196,-0.2978158053813029,3.054120010512484,1.1476116856171996,146.46900207224562,253.8088364325178,1.070778044435734,0.9331808925233669,,
2025,15972,"Mason, Jordan",RB,15,6.266666666666667,4.7,-0.8,26.7,6.611068160458053,1.0549576851794764,1.7999999999999998,9.45,0.5712327940364488,0.09106843922155963,3.0495356239509848,0.823362310591832,125.76159529134856,253.73192436821265,1.0448094312775016,1.1078932357926212,0.8540745439880937,0.5477585029222727
2025,16677,"Bullard, Javon",S,16,4.8125,4.5,-1.0,11.5,2.788788939665388,0.5794886108395612,3.0,6.25,-0.4231273330162435,-0.08310940520314061,3.0468722388836755,1.2701947975030308,158.24944382408214,325.22759683426506,1.0980034733996977,0.8305167355164726,1.5343010432363846,
2025,15787,"Thornton, Tyquan",WR,14,6.185714285714286,5.45,-1.0,18.2,6.372693660438725,1.030227612542057,0.0,11.200000000000001,0.5880004020207451,-0.017875222006603388,3.0468082728759294,0.8390032965707399,142.9534248043942,260.2185173354682,0.6394014476413485,0.6952594312872481,,0.4244312288348461
2025,15812,"Hall, Logan",DT,16,5.38125,4.5,-1.5,14.0,4.14792399128769,0.7708104978002676,2.375,7.875,0.34176725316942835,-0.3053571280657071,3.0388627166400264,1.0453242917158818,104.36785918690019,149.35168858020958,1.3077250977643318,1.8202704707431592,1.0340124320226463,1.0248041132432764
2025,11286,"Jenkins, John",DT,16,6.25,3.0,0.0,23.5,6.604922406811453,1.0567875850898325,2.25,7.375,2.0149915915500904,0.5262469573908697,3.0387192363994284,0.8218361300310049,82.05422773920958,117.42060787172119,1.0432774966342295,0.9421767871693915,1.2617223557989108,1.3746339876593814
2025,16287,"Tucker, Tre",WR,16,7.1,5.55,-3.2,38.8,9.617757015021745,1.3546136640875697,2.25,10.1,1.7404885706389484,0.024486980039708457,3.0153566626613895,0.6686911359861685,113.93481815420247,207.39586682544044,0.7807190326584001,0.6661353718351036,0.6533211834393718,0.5803885978381284
2025,15356,"Browning, Baron",DE,14,5.228571428571428,5.0,1.0,15.6,3.874168771939264,0.740961240534832,2.0,6.75,-0.11485649101519671,-0.5340010484273064,3.003266992299716,1.0727103785721313,115.15442575842103,156.52782556173298,1.3456481560703706,1.8703334807448642,0.7095885744981335,0.9455070766005258
2025,13738,"Jackson, Donte",CB,16,6.23125,5.0,-1.4,20.2,6.70705959698436,1.0763586113515522,1.0,8.0,1.1431208915541624,-0.007586921246238113,3.0010471052223138,0.8085119780880092,103.18990654954796,178.81264801683145,0.8794105546157843,0.6595013243370675,1.0273908902820361,0.9361014154334674
2025,13710,"Davis, Carlton",CB,16,5.6875,4.5,-1.8,15.0,5.102925019045449,0.8972175857662328,2.0,10.0,0.44620471613695756,-0.1374550098401058,2.9978111328242716,0.9319301781114747,118.94169857253331,206.10814364060138,1.1649261822971932,1.6548155229583656,1.0770829461591798,1.0357890864216144
2025,11247,"Ertz, Zach",TE,13,5.792307692307692,6.2,-2.3,16.2,5.402629208715318,0.9327248301898956,1.2,8.8,0.9380054905022518,-0.2619880274980608,2.996964493770477,0.9046764233079669,195.7681260593644,500.4368037794802,0.7509399989398471,1.095419942096859,0.8770739494869566,
2025,11383,"Martin, Sam",PN,16,4.46875,4.15,0.6,8.9,2.2289904525367534,0.4987950663019308,3.25,5.5,-1.3853049552904966,-0.49722258137863706,2.9815617227951123,1.3839464890610838,160.36368916582393,193.7420225705821,1.5168451338573914,1.4020263446968648,0.782513455025413,0.7614702625235793
2025,14079,"Sanders, Miles",RB,4,3.9749999999999996,4.15,2.0,5.6,1.3645054048995189,0.34327179997472174,3.125,5.0,-0.953898226827538,0.0024539605380136963,2.9591926221296414,1.6811126723429588,256.7756731376065,518.061062482642,0.7072320366803775,1.0584493115614426,0.5700902181762961,0.468718901088227
2025,15258,"Carter, Michael",RB,12,5.183333333333333,5.0,-0.7,12.8,3.9095680352466333,0.7542574987614085,2.5,8.15,-0.2140702387849439,0.05362721576408456,2.954716361191569,1.0557615855654288,161.25860941168648,325.3493818377471,1.1340050349673525,1.3652490408829792,,0.41859557956320886
2025,16080,"Shaheed, Rashid",WR,17,5.958823529411764,4.1,-1.5,24.3,6.158978030535816,1.0335896003860698,1.6,9.6,0.5120990380106921,-0.01743617350976834,2.930199647107018,0.8323567280127236,141.82095042384148,258.15707106630003,0.8623389878896747,1.0040688374670486,,0.651841672334991
2025,16283,"Overshown, DeMarvion",LB,6,3.9166666666666665,4.25,1.5,5.5,1.3359349618234497,0.3410897774868382,3.25,4.875,-0.8867677298433673,-0.03230873223658162,2.9205104180321038,1.6767019333488997,191.73535082540772,428.6041504956453,0.7488471686274751,1.7134459506866904,1.2732895170538092,
2025,15361,"Horn, Jaycee",CB,15,6.540000000000001,3.0,-2.4,26.4,8.110881579705131,1.2401959601995611,1.5,10.7,1.753011271463182,0.11118678380349617,2.9193874626117107,0.717822961783207,91.61532092659469,158.75562525032635,0.7679643146480636,0.848683026760174,1.396303075190893,
2025,12831,"Roberts, Elandon",LB,16,5.15625,3.5,1.0,14.5,3.955687163755496,0.767163571152581,2.5,6.75,0.4478893596999552,0.024505041169219637,2.917811392318927,1.040471246391694,118.98067001819838,265.9687364850559,1.1945309043335843,1.298338633075989,0.9644226095659495,1.356897854742003
2025,15888,"Durant, Decobie",CB,16,6.45,3.0,1.0,30.5,7.810649780908117,1.2109534544043592,1.75,8.25,1.6225755836887295,0.0899874615326227,2.9172934360744645,0.7320685943023826,93.4334825967152,161.90622702551883,0.7544197660546903,0.9190292894252226,0.7857352592586757,0.8288005045347464
2025,16680,"Little, Cam",PK,16,6.50625,6.699999999999999,-8.0,23.4,8.041569245955667,1.2359760608577395,1.125,11.575,0.9221026185879627,0.09417102096877832,2.9098030671688617,0.7195930068124262,105.1703304635119,148.6702486025682,1.0060942440812575,1.7952995827777745,0.8309900992694828,
2025,13717,"Reid, Justin",S,14,6.307142857142857,4.25,-2.5,27.4,7.369576871524315,1.1684493341035156,1.0,9.0,1.6456811004048537,0.047650361285849166,2.9085959067382907,0.7535796556934142,93.88604143636603,192.9506410561229,0.7535943667404392,0.5892737173438466,1.2311425250216625,1.6253381644478044
2025,17083,"Higgins, Jayden",WR,16,5.61875,5.25,-3.0,19.6,5.269276367538526,0.9378022456130858,1.2999999999999998,7.825,0.1961204181306889,-0.029945229485023754,2.899547677127564,0.8962358126518614,152.7049766962753,277.9692944049741,1.0113472950646034,0.9118093386039803,,
2025,15797,"Dulcich, Greg",TE,9,5.155555555555556,4.3,0.0,11.7,4.021362707427839,0.7800056975614342,1.4,8.8,0.35558643075732915,-0.2862543460670287,2.8963702546674686,1.0267243885667157,222.1787860837497,567.9496648072353,0.9068521109629122,1.5960094329214187,-0.33382006046914825,
2025,17241,"Crawshaw, Jeremy",PN,16,5.4,5.050000000000001,-3.2,14.2,4.67733898707374,0.8661738864951369,2.0500000000000003,8.850000000000001,1.1724788001897843,-0.06517359427371552,2.893621028071369,0.9511498278145466,110.2137232497048,133.15376921362864,0.6743467270362818,1.0436284244443692,,
2025,15377,"Stokes, Eric",CB,15,4.493333333333334,4.4,1.0,9.0,2.496789049069936,0.5556652186357423,2.0,7.0,-0.6860309066037354,-0.38506302106488244,2.8883678053005597,1.2849883908577373,164.00230987725723,284.1914319977431,1.0569091413015272,0.9202510220142361,0.7924933944638893,
2025,15749,"Pacheco, Isiah",RB,13,5.046153846153846,4.1,-0.8,11.1,3.79506063286222,0.7520699424879399,2.4,8.5,-0.2473565634953461,0.05335483554298664,2.8801098196960715,1.0523649714814443,160.73980547774894,324.30266228697474,1.2280328489610302,0.8285975397333646,,1.2296702870577205
2025,16635,"McCaffrey, Luke",WR,9,5.622222222222223,6.2,-2.0,15.2,5.353457403663496,0.952195980888764,0.0,9.0,0.22601741475450848,-0.028065523748466038,2.8799476472964707,0.8849075180673073,150.77480727420732,274.45580162993883,0.7966639900098078,0.7433355687357073,0.46042696204623,
2025,17116,"Sawyer, Jack",DE,16,5.5625,4.0,0.0,17.3,5.186505928850367,0.9324055602427626,1.75,7.4,0.514353089616186,-0.008273206469465772,2.8785365321041607,0.899134352083887,96.52120652706799,131.19994719067114,0.8284617784908558,1.0081347628280628,,
2025,15975,"Sanborn, Jack",LB,6,5.0,5.5,0.0,11.5,3.685557397915997,0.7371114795831993,2.375,6.0,0.31026924173289067,0.020497818133736058,2.8783414644175247,1.0671088998341711,122.02675693822592,272.77794246128263,0.8078314936061308,0.958563500208056,0.8281349136356201,0.992578133060284
2025,16228,"Smith, Nolan",DE,11,4.954545454545454,5.5,-1.0,11.0,3.576784649619273,0.721919837537835,1.5,7.25,-0.25743946819144126,-0.5862909033612794,2.8773380424201025,1.0825384705303112,116.20946196236979,157.9619217487041,1.3247607589574204,1.0710900922144473,1.2002198915851807,0.6023187187170542
2025,16695,"Melton, Max",CB,10,4.92,5.0,0.0,11.0,3.495368363992556,0.710440724388731,1.5,7.75,-0.2521981804862217,-0.2728586891559049,2.8764516243369296,1.0944598087686652,139.68525940228074,242.0536267337984,1.0944598087686652,0.9657594443835118,0.9174124634299176,
2025,16187,"Downs, Josh",WR,15,5.206666666666666,4.8,-3.0,11.9,4.233275590157369,0.813049089018701,3.2,8.2,-0.17181650887099278,-0.0462369855589591,2.8717736867702435,0.9949154362249242,169.51848649514696,308.57497312204157,0.9278599873927335,1.6755449409309917,1.028464235927859,0.8082240737997081
2025,14956,"Sneed, L'Jarius",CB,7,5.085714285714286,4.0,-0.2,10.8,3.939335901765522,0.7745885200100745,2.0,8.5,-0.0593165091543344,-0.2263548155868308,2.8658555086817614,1.0296352357604273,131.41173741111209,227.71685267192834,0.802161337830703,0.7940319896995974,,1.1511679836497546
2025,13325,"Woods, Xavier",S,11,5.381818181818182,3.5,0.0,14.8,4.776803454159426,0.8875817229012446,2.0,7.5,0.4747140983114433,-0.014707249000278108,2.8511709540958243,0.9316256342325709,116.06821155257514,238.53850351637428,0.873064082219739,0.7092506742876431,1.0423503121074336,1.0851222225076158
2025,15413,"Rumph, Chris",DE,16,5.025,5.5,-2.0,13.5,3.8377239348342918,0.7637261561859287,2.0,7.225,-0.13233023284307677,-0.4714860049104132,2.84908174796625,1.038711606467913,111.5046903252988,151.56679043468785,1.2061619861345296,0.9620189949093549,,
2025,16010,"Wright, Ryan",PN,16,5.19375,5.199999999999999,-2.3,13.2,4.294395875731533,0.8268391577822447,2.1999999999999997,8.1,0.7724190637399632,-0.11143246594605218,2.84302533032253,0.9809901114133013,113.67144217270828,137.3311828233302,1.094118746063641,0.7800832142022314,0.7969111236673686,1.0086110161206046
2025,17030,"Ward, Cam",QB,16,8.3375,10.6,-22.3,36.7,16.177139541649506,1.940286601697092,-4.925,16.75,-0.022915049208306584,0.7217885944931713,2.8356079285562545,0.4853834935545594,61.331972364399,145.52167074430972,0.9688240919886896,0.8955006283020012,,
2025,14151,"Ferrell, Clelin",DE,8,6.3,3.55,0.0,24.8,7.70535528058246,1.2230722667591207,1.0,7.875,1.7220337042589828,0.7899305771631275,2.8339159703451204,0.7236924625066512,77.68768869056612,105.59980568321221,0.7911546949783909,0.8228728089179503,0.8539769741337131,1.0527720931701878
2025,16778,"Flournoy, Ryan",WR,14,6.064285714285714,4.800000000000001,-1.0,22.5,6.933624813993363,1.1433539151461376,1.025,6.800000000000001,0.7872157784996275,-0.003101839289209025,2.8293440814566733,0.7643776781061665,130.2383523115207,237.0732354617678,0.7630980726381444,0.9641140376439254,0.23212599658482463,
2025,16724,"Taylor, Tory",PN,16,4.3375,4.550000000000001,0.9,8.2,2.3162132350023388,0.5339972876086083,2.475,6.175,-1.294183526722952,-0.455823667714004,2.827579967081853,1.3079677610046512,151.5597150052893,183.10557631897865,1.3738952099905462,1.249918666490692,1.3211634270041837,
2025,14600,"Slye, Joey",PK,15,6.8533333333333335,4.6,-11.5,23.5,9.762299364846832,1.4244600240535261,1.65,14.15,1.8089110757647853,0.12235288143648547,2.826746271474934,0.6367908103094165,93.06858088161782,131.56304630571483,0.6457866067408244,0.5257360373073537,0.5102839823047277,0.6179053697955693
2025,14154,"Nelson, Anthony",DE,15,6.346666666666667,5.0,-2.0,33.7,7.919332182843591,1.2477939363724144,2.5,7.0,1.8246264840393152,0.8578190892653398,2.823509114411612,0.7115629888608178,76.38560137945326,103.82989632751283,0.7656672544175006,0.9951386905050225,1.1070632104711569,0.9900848460810772
2025,13772,"Schultz, Dalton",TE,16,5.83125,5.25,-7.7,17.1,6.2294380515019165,1.0682851963990425,2.325,9.525,1.2866342513935831,-0.2404481524664235,2.8193645683643687,0.806597962173361,174.544364669739,446.18307245050113,0.7174926974243625,0.6036427222004062,0.693508407581296,0.8473005062645912
2025,11723,"Van Noy, Kyle",DE,14,4.692857142857143,4.5,0.0,12.7,3.1372108371505245,0.6685076365313142,3.0,6.074999999999999,-0.4681963249514873,-0.7329668727095272,2.812607530291677,1.1343045659450404,121.76650243696041,165.5155303600744,1.2010840677840193,0.9795768219917271,1.388869564922979,1.0219383985424069
2025,15368,"McPherson, Evan",PK,16,6.13125,3.95,-6.7,21.4,7.285149170572968,1.1881996608477827,1.1,9.35,0.532268261262963,0.0870275599766547,2.8019609497720817,0.740028920876507,108.15709077815671,152.89237471491876,1.006702929402032,0.9227789604568873,0.35405049254339194,0.9250629589512931
2025,16799,"Bethune, Tatum",LB,13,5.153846153846154,5.0,0.0,13.0,4.338488816062638,0.8417963374449894,1.0,9.0,0.64291121663888,0.03445676581368685,2.7982714750078004,0.9654129345254178,110.39755129458639,246.7820800166469,1.204409207707182,1.5299856394717508,0.36163261186090306,
2025,15889,"Okonkwo, Chigoziem",TE,16,5.1,5.05,-1.7,11.2,4.210106887004177,0.8255111543145446,1.6,8.775,0.4351715126359628,-0.279023752943613,2.79373806505991,0.9788666740640537,211.822580434649,541.4763743965818,0.9975765164252625,1.062189240495984,0.5299665693369912,0.7161329976538663
2025,14921,"Dugger, Kyle",S,15,6.38,2.5,1.0,33.0,8.221208345898228,1.2885906498273085,1.5,7.5,2.0303010397166075,0.07432387238632125,2.7877418796941336,0.691883293455564,86.19949207456578,177.15356830517388,0.8554235589552673,1.5051075140947456,1.3657296812246347,1.2545615413592155
2025,17201,"James, Shemar",LB,13,5.2153846153846155,4.5,0.0,16.8,4.566912128619571,0.8756616175819237,2.0,6.5,0.7592835946432748,0.038972449201464435,2.7805573065509623,0.936854129342594,107.13177553446283,239.48178281348996,0.7809374171769088,0.957768727765662,,
2025,17138,"Grant, Kenneth",DT,16,4.60625,4.0,1.0,13.5,3.0474310390064616,0.6615861143026239,2.5,6.625,-0.4076722175030876,-0.6229750337832562,2.7722005861449235,1.1380675681952357,113.62758585434459,162.6024711903754,0.9569045166063337,1.2162768596694433,,
2025,15931,"Davis, Kalia",DT,16,4.45625,4.5,0.0,10.3,2.737007661205938,0.6141952675917954,2.25,5.875,-0.6190716012619281,-0.7607847517277798,2.760663526568407,1.1924647750285748,119.05874254699485,170.3745231353945,1.4027151203025912,1.1972241412735616,0.5781909117171529,
2025,14256,"Bailey, Jake",PN,16,4.55,4.2,0.4,12.3,3.0215889859476257,0.6640854914170606,2.0,6.9,-0.5572791963847242,-0.30283586983229094,2.7342345230865654,1.131393589921488,131.09932458549497,158.3865302360733,1.2335329341317367,1.1608773973797164,0.5926735428270453,0.821263073624225
2025,13289,"Hollins, Mack",WR,15,5.553333333333332,4.6,-1.8,16.3,5.747447742742474,1.0349545755238552,0.65,9.95,0.3659435594003786,-0.01725791876576946,2.7289716439511906,0.8230272460140908,140.2313483223877,255.26351393355105,0.9581526897529562,0.6769639388658432,0.7237114884982419,0.7181385094370596
2025,15928,"Houston, James",DE,16,5.0,4.5,-1.0,17.9,4.163532154313209,0.8327064308626418,3.0,6.55,0.023880884143892764,-0.282058337384035,2.7282056284631113,0.9683294013814541,103.94922841103,141.29675507333747,0.9337515181468398,1.179154140467721,0.6014041863649956,
2025,15851,"Ebiketie, Arnold",DE,16,4.6375,4.5,0.0,12.7,3.254204011736203,0.7017151507786961,2.0,6.0,-0.4121030977422119,-0.6417752676063065,2.7251916972578543,1.0900981681194384,117.02098821602831,159.06501821273332,1.0052874254711452,0.96875,1.0506878120985381,0.9942955771878967
2025,15375,"Newsome, Greg",CB,16,5.35,4.5,-2.0,19.0,5.218955834264168,0.9755057634138633,1.75,8.25,0.4966142971564435,-0.08070008194251689,2.708167244602054,0.8602730333802114,109.79613948519275,190.26025994069192,0.7261384563192282,0.7441511865233443,0.6061142763793892,1.0518811640409476
2025,16714,"Jones, Jarrian",CB,16,5.7,2.5,-1.2,17.4,6.3091203824305016,1.1068632249878072,0.75,11.95,0.9702362226059174,0.014527364709706085,2.7054437765095014,0.7798476015939663,99.53148909639381,172.47315867893408,1.1461907905933841,1.2840826102969882,0.8688109281409132,
2025,14930,"Hamilton, Davon",DT,16,4.7125,4.25,0.0,12.0,3.513700862338739,0.7456129150851435,2.25,7.25,-0.0901408704241734,-0.37863017566588036,2.699624847682881,1.0440434897491755,104.23998063249667,149.16869279796248,1.081025917050754,1.1689521032763588,1.480370636567336,
2025,16009,"Gibbens, Jack",LB,16,5.15,3.25,-0.5,13.5,4.67520053045856,0.9078059282443806,1.75,8.625,0.8144521266605909,0.04325865410167756,2.699435998052057,0.907456921100879,103.77012614204222,231.96717021909868,1.1081835945622582,1.3246089307086644,0.6261934838850568,1.6199357623320605
2025,17113,"Williams, Mykel",DE,9,5.033333333333333,3.0,-0.8,13.0,4.402524528293082,0.8746737473429964,1.0,9.0,0.1384675135127666,-0.16681132060318374,2.684911622871528,0.9316632080009466,100.01314787352298,135.94649498811643,,0.8366478807163175,,
2025,17189,"Robinson, Quandarrius",DE,6,4.633333333333334,3.5,1.0,11.0,3.3772112097936007,0.728894505710849,2.25,6.1,-0.35312640330302564,-0.5671376725286029,2.6799398795175766,1.0585126262508613,113.63031072394885,154.4561169784054,,1.0754599821768567,,
2025,17339,"McNamara, Austin",PN,16,5.106249999999999,5.1,-2.9,12.4,4.635793992133387,0.9078666324863427,1.325,9.725,1.1290768450837307,-0.01614162050437861,2.6764187354886046,0.9060391503180313,104.9865596842849,126.83861615909578,0.9416807031733229,1.03789879425167,,
2025,16226,"Wilson, Tyree",DE,16,4.65,4.0,0.0,13.0,3.4323825544364954,0.7381467859003216,2.0,6.625,-0.32667410143622966,-0.5417298604575969,2.6752631237593683,1.049097171304784,112.61957070574094,153.08223198687054,0.9750601429128883,0.6897551175641002,0.8860554734619351,0.7369274321077248
2025,15884,"Stout, Jordan",PN,16,5.18125,2.8499999999999996,0.8,18.9,4.864311198669345,0.938829664399391,1.75,7.85,1.367808214609084,0.020271873797482774,2.6723595657409356,0.8835223480595068,102.37744328640734,123.68643444840836,0.870539760600714,1.2635167086158052,1.0858399057592543,0.9925739346923494
2025,16649,"Johnson, Theo",TE,15,5.44,4.9,-4.2,13.4,5.649873154918318,1.0385796240658671,1.75,11.55,1.04225733946909,-0.24516822171448585,2.668524660886257,0.8180607168388645,177.02485597306983,452.52388576178174,0.8620469115007723,0.6211518689118085,0.7176610732797574,
2025,15032,"Fox, Jack",PN,16,4.3812500000000005,4.3,0.0,9.5,2.8196229247011027,0.6435658601314926,1.6,6.775,-0.7682726490437775,-0.3269675982428556,2.66569786235976,1.1470373087528913,132.91202795510188,160.5765323430029,1.0889706937887778,1.064080213402509,0.9132957993950316,1.018095696277806
2025,14928,"Wilson, Logan",LB,14,4.571428571428571,3.5,0.5,11.5,3.283384267017487,0.7182403084100754,2.125,5.25,0.10537840511801085,0.017981487726020214,2.66052923392224,1.0672468978861074,122.04253738457417,272.8132179844056,0.9883438779578599,0.9934136323275196,1.9152199229251343,1.6802817234846148
2025,15831,"Chenal, Leo",LB,14,4.492857142857143,3.75,1.5,13.0,3.0989547283178025,0.6897514498640578,2.075,5.5,0.011419063785954787,0.014182710194790176,2.6588863961138176,1.0960982593484259,125.34176773777087,280.1882994012329,1.288536573009241,1.3133531504827245,0.9110579741807362,1.1482123974570253
2025,16870,"Speights, Omar",LB,15,4.033333333333333,4.0,1.0,8.5,2.0933757957476775,0.519018792334135,2.25,5.25,-0.5008824624653959,-0.008583220641793921,2.6552228015136565,1.3038614121432555,149.1000399729232,333.2974107088508,1.2839471917321486,1.7297781421753544,0.8364635744954452,
2025,16291,"Adebawore, Adetomiwa",DT,16,4.9375,3.4,0.0,13.2,4.24762801455118,0.8602790915546694,1.5,7.75,0.40966603458699047,-0.04518786488666276,2.6541716360815735,0.9409012960348515,93.94199938867192,134.43215513478884,0.9584573968233014,0.8306692870846327,0.43315934453560406,0.509475813329548
2025,13164,"Kupp, Cooper",WR,15,5.3533333333333335,4.7,-4.6,15.0,5.487909944191464,1.0251388438713818,1.85,8.9,0.27376839686716853,-0.018539774152316855,2.6434401520340045,0.8251244822111162,140.5886855321626,255.91397585178527,0.7333843239077924,1.0465001751799392,1.0014388951783049,0.8439261312233349
2025,15473,"McDuffie, Isaiah",LB,16,4.95,4.0,0.0,16.5,4.338058321415239,0.8763754184677249,2.375,6.5,0.6426918971426551,0.03906762924394924,2.638064830353747,0.9273034691549875,106.0396319964474,237.04041114511844,0.9950315099298479,1.0645632964959941,1.0950925171032273,1.0927396261503302
2025,11985,"Way, Tress",PN,16,4.55625,4.1,-0.5,11.2,3.3154880391127937,0.7276791306694745,2.6999999999999997,7.025,-0.25024357080576076,-0.22804776035207733,2.637208448674411,1.0557902046547452,122.33884296960147,147.80262913112588,1.1562629500363353,1.576354134290253,0.8362940334083374,0.8711408646004796
2025,16699,"Kneeland, Marshawn",DE,7,4.585714285714286,5.0,1.0,9.1,3.3934510758343976,0.7400049075028281,1.0,7.5,-0.3453400815889542,-0.5366272475324847,2.635460547232297,1.0437613180530012,112.04677199938541,152.30363459124376,1.0414307866393258,1.0804284971858709,0.9286582796311486,
2025,13434,"Robertson-Harris, Roy",DT,16,4.625,5.25,-3.0,9.5,3.5066900347763843,0.7582032507624614,2.5,6.75,-0.09491526801246872,-0.3420182404728844,2.630526361496787,1.0262520750951727,102.46364014748153,146.62672774284613,1.5099993528344915,1.4583197201560116,0.7324359961960001,1.1982503446234045
2025,13959,"Williams, Darious",CB,12,5.291666666666667,3.0,0.0,15.7,5.382914070360856,1.0172436038477208,1.6,6.75,0.5678459434285846,-0.050442280629442775,2.6232164804356115,0.8290361750659607,105.80939769569989,183.35183371785894,0.8491440348718555,0.6776438804078277,1.6008798310053658,1.1068637213025359
2025,16235,"Hall, Derick",DE,13,4.484615384615385,4.0,1.0,12.3,3.18454106193466,0.7101034958001814,2.0,6.0,-0.44550350494651947,-0.6187399196133695,2.6224233770816134,1.0717102110456984,115.04705873795658,156.38188304897537,1.0315032867774847,1.1996993103175357,0.8837809748431945,0.9863107434748299
2025,13317,"Godchaux, Davon",DT,16,5.28125,3.5,-3.0,21.5,5.393771726491583,1.0213058890398266,2.5,8.125,1.1901938289819352,0.42306832978202036,2.6127910815659536,0.8259991482207559,82.46987415598541,118.01540300004338,1.4589242519286099,1.7495345888157479,1.4126637640284874,1.1429982482902599
2025,15853,"Mafe, Boye",DE,16,4.225,4.0,0.0,9.0,2.6321331653242774,0.6229900983016042,2.0,6.025,-0.7103594827973607,-0.8579632015702975,2.603219825198747,1.163228275971757,124.8714348450565,169.7360222356973,1.3111278464766174,1.2841650510568152,1.3542520356940664,1.2726844287876646
2025,13330,"Muhammad, Al-Quadin",DE,16,5.425000000000001,3.25,0.0,19.3,5.916238247400117,1.0905508290138464,1.0,7.55,0.8642285493711962,0.42601166024115766,2.5950098532447927,0.7843859343681968,84.20307442665296,114.4560798146563,0.6780971475704136,0.8358223404044258,,
2025,17155,"Gillotte, Ashton",DE,16,4.55625,3.95,0.0,15.0,3.446550585367927,0.7564445729202582,2.0,6.0,-0.3198811361118909,-0.49148205944019746,2.5940186614740686,1.0246706773095209,109.99741010628803,149.51796518424618,1.212211496241673,1.5917763251169383,,
2025,17165,"Caldwell, Jamaree",DT,16,4.675,5.0,0.0,10.5,3.75458053582554,0.803118831192629,0.375,7.575,0.07389901244786523,-0.21140644726806665,2.592729840721499,0.9832623434967807,98.17143504950307,140.484529521,1.1505917830402643,1.2320508075688774,,
2025,16230,"Van Ness, Lukas",DE,9,4.788888888888888,4.0,0.0,11.0,4.0885869453732475,0.8537652554143674,0.0,8.4,-0.012052140566341117,-0.22422841376635946,2.5833308046430288,0.9411038742775423,101.02659430377503,137.32405876828278,0.8746714566010191,0.853680682168631,0.9220143829277434,1.152149540571177
2025,13629,"Ridley, Calvin",WR,7,5.6571428571428575,3.6,-0.6,20.7,6.762471471892748,1.1953863712941726,1.25,6.7,0.7264304623942137,0.0036931798239961547,2.5768324569711125,0.728781146265966,124.1732436778429,226.0329013229129,0.9798063815548915,0.7406878159446088,1.004567287531358,0.7447205697530412
2025,13228,"Hooker, Malik",S,11,4.136363636363637,3.0,0.5,9.0,2.505366141731031,0.6056929133855239,2.75,5.5,-0.5511287780323755,-0.07729158349352333,2.5760614634851433,1.180009011646642,147.0134897163601,302.135936830349,1.1117486274305999,0.9753553287511139,0.9658367440237825,0.818432464688574
2025,15386,"Odeyingbo, Dayo",DE,8,4.7375,3.0,1.0,14.0,3.98526583178588,0.8412170621183915,2.0,6.225,-0.061590198837656915,-0.25868717750522413,2.5730263408211753,0.9503003771220918,102.01383002480856,138.66599469226045,0.8522492246019054,0.7988675668300085,0.6881970067147312,0.9874828356399846
2025,16063,"McCrary-Ball, Marcelino",LB,5,4.4399999999999995,3.5,1.0,10.5,3.2395061352002408,0.7296184989189732,2.7,4.5,0.08302428335694695,0.019498684857012262,2.567040074314098,1.0472917973004157,119.7606182578323,267.71222849756055,0.588221427896388,1.0472917973004157,0.21680413967171483,
2025,15859,"Taylor-Britt, Cam",CB,8,4.85,3.7,-0.2,12.0,4.324060591619872,0.8915588848700768,1.4500000000000002,7.25,0.10782711029582547,-0.1415572788033823,2.5640227427194926,0.9109588286117463,116.26513761395303,201.47006450490215,0.9892134194756225,1.1393562001136,1.3298617981579564,1.2294436959100872
2025,15981,"Turpin, KaVontae",WR,14,5.757142857142857,3.9000000000000004,-4.9,21.2,7.175027554522927,1.246282701778176,1.175,10.45,0.8729502532794217,0.01033983008872464,2.562964515813373,0.7042352846820256,119.99100149531408,218.41995422937774,0.5185478801777087,0.9847114062722224,0.4997211529714207,0.6898045382927248
2025,16928,"Harper, Thomas",S,12,5.458333333333333,3.25,0.0,19.5,6.1828335377523755,1.132732861878298,1.75,6.125,1.1097155299102301,0.03972066855167532,2.5593141226914744,0.7599136614603119,94.67517463999788,194.57243440463296,0.9068579926420274,0.9235458616407018,0.5654174417848444,
2025,14122,"Slayton, Darius",WR,13,5.330769230769231,4.1,-3.8,17.3,5.791556800853704,1.086439226711373,0.6,8.7,0.381608944647878,-0.010534438562171634,2.5549602224319488,0.7849112342105641,133.73695855125115,243.4417581445157,0.8119008954439861,1.0263078038362614,0.7200003946290064,0.873336752900497
2025,14186,"Rapp, Taylor",S,6,3.5833333333333335,3.0,2.0,6.0,1.4553540997144152,0.40614533015286003,2.5,4.625,-1.0253427779012043,-0.12159469973927572,2.548337825752189,1.459395748153032,181.82137568068293,373.67163913362066,1.1671065750897096,1.3550858784475628,1.2500009895108606,0.6752125497578993
2025,13770,"Franklin-Myers, John",DT,16,4.49375,4.75,0.0,10.2,3.470134858690653,0.7722135985959728,1.25,7.0,-0.11980946816090371,-0.3012769957548468,2.535670645773258,1.0052828699929346,100.3700209111207,143.6307328970139,1.1363709795694754,0.9822695326631922,1.7052297833535714,0.9400592852916195
2025,16165,"Spears, Tyjae",RB,12,5.458333333333335,3.7,-5.3,19.0,6.342378409468241,1.1619624566964712,1.675,7.6,0.49312697632014907,0.10439197456454649,2.5247123586381766,0.7434012562325353,113.5482238167967,229.09067963779486,0.7280214124861694,0.5729572188906688,0.8050735361576927,0.8155502917225853
2025,13322,"Clark, Chuck",S,14,4.535714285714286,4.25,0.0,10.0,3.637425923223561,0.801952172049289,1.125,8.75,-0.03985978721092545,-0.03371853384777493,2.517111361816,0.9780672210848872,121.85421800145552,250.4296604592625,0.7438181853015843,0.7716842322403984,0.9386491535170018,
2025,14894,"Jennings, Anfernee",DE,13,4.046153846153846,5.0,0.0,7.0,2.4631485119082805,0.6087629402054686,1.0,6.0,-0.7913804021160549,-0.8970325933103365,2.5150715155317274,1.1683454614322373,125.42075977466641,170.48271204976555,1.2594647737373643,1.4167084976011284,1.6796292830475155,1.990177270696806
2025,15345,"Paye, Kwity",DE,16,4.862500000000001,3.5,0.0,17.6,4.57682682106282,0.941249731838112,1.75,6.475,0.22203801363856976,0.01601389305807006,2.504829708538243,0.8719116006319371,93.59887038337725,127.22765590338709,1.0766645212648343,1.2301430637443458,0.996421293601605,1.2330639888547543
2025,14879,"Epenesa, A.J.",DE,15,5.319999999999999,4.0,-2.0,22.9,5.997799596518709,1.1274059391952462,2.0,6.0,0.9033337305392969,0.5272199779930014,2.50069810466565,0.7602389760699367,81.61092171498633,110.93260232077063,0.6823932879312744,0.551646611901237,1.0761791869114776,0.834754315123886
2025,16729,"Still, Tarheeb",CB,14,5.185714285714285,4.0,-5.2,19.0,5.577743673726493,1.0755979536111697,2.0,8.2,0.6524896534408012,-0.008138359234799556,2.4984194442339223,0.788372813374836,100.6195568440893,174.3586170700968,0.8300164668121529,0.9531258322677618,0.893983115738476,
2025,13682,"Key, Arden",DE,12,4.608333333333333,3.3,0.0,13.5,3.9148133913238943,0.8495074266887294,1.75,5.675,-0.09536913307273033,-0.23592089495760515,2.4916544085383183,0.937641567728372,100.65491903108865,136.81884568710504,0.9755222995989411,0.9211714731721262,1.116527834270688,0.780904707586401
2025,13782,"Dickson, Michael",PN,16,4.456250000000001,3.65,-0.3,12.8,3.5194049124106193,0.7897682832899005,1.975,6.375,-0.037212109544406714,-0.15502897422349696,2.489847452100699,0.9860258344550649,114.25495254032548,138.03614589446633,1.0648469100376363,1.0904910609541125,1.5485635301812615,1.2738446142181163
2025,15813,"Enagbare, Kingsley",DE,16,4.6125,3.0,1.0,13.0,3.9406336736621435,0.854337923829191,1.9,5.75,-0.08298941118778931,-0.2226558012681566,2.4874107036948416,0.9335846987783409,100.21941805743364,136.22687520931163,1.0111552809907594,1.0627753160219675,0.7727635037030348,1.1157647149636445
2025,17123,"Campbell, Jihaad",LB,16,4.675,3.5,-0.7,12.0,4.115899051240202,0.8804062141690272,1.375,7.5,0.5295107937053866,0.03960510589006872,2.486164938603936,0.9138178750549585,104.49751824060903,233.5931785224259,0.6171041900120201,0.7932260600768192,,
2025,16452,"Whelan, Daniel",PN,16,4.081250000000001,4.4,0.0,8.4,2.619450980167409,0.6418256612967617,2.125,6.1499999999999995,-0.9773917923392831,-0.3290141265198839,2.485799860611577,1.1275881404011259,130.65837117519828,157.8537961363861,0.9306056998918045,0.6946302310414503,0.8295333988566539,1.1877667136807037
2025,13418,"Bourne, Kendrick",WR,15,5.8133333333333335,2.9,-1.0,26.4,7.80366295758316,1.3423732151805894,1.15,6.35,1.0962108757194262,0.02288847613590449,2.4818134427331833,0.6603312009265343,112.51041213243631,204.80301657666269,0.7826879749673514,0.5635916642751629,0.6723834056717829,1.3402616867384256
2025,12271,"Goldman, Eddie",DT,13,4.461538461538462,4.0,0.0,14.5,3.586628685192236,0.8038995328879149,1.5,6.0,-0.04047677321816353,-0.20913621392358434,2.473274359351851,0.9727271963266563,97.11957892688304,138.97931048823813,0.994040515948804,1.3423998346585218,0.5460406696768794,
2025,16741,"Smith-Wade, Chau",CB,15,4.913333333333333,3.0,1.0,21.7,4.877002722529029,0.9926057101483776,2.0,6.0,0.3480527873679917,-0.06830349444832141,2.4657830238614875,0.8360270643568797,106.70164076961714,184.89795728804762,1.513130671389819,1.9435607407030628,0.5879752663082196,
2025,15894,"Woolen, Tariq",CB,15,4.98,6.0,-7.8,12.5,5.119140552866273,1.0279398700534683,2.0,9.0,0.4532495538757444,-0.042688034260176456,2.4556941127986693,0.8138397797820339,103.8698907350897,179.99095873434246,1.1899887370106865,0.8378902465669597,1.1671770482691588,1.02167636505725
2025,17129,"Morrison, Benjamin",CB,9,4.555555555555555,7.0,-1.0,9.0,3.9189315752329774,0.860253272612117,0.0,8.0,-0.06818116764657615,-0.1642522478252364,2.4488899563438307,0.926127043216654,118.20104789113329,204.82470697489399,,1.3318630205741393,,
2025,10267,"Miller, Von",DE,16,4.3875,3.25,0.0,10.3,3.4849453008619804,0.7942895272619898,2.0,6.8,-0.30147251092952004,-0.38755551721932985,2.445257542518871,0.9782728005973113,105.01664273801067,142.74767667253192,0.9463627271860352,1.4307714593642284,0.8599599202936072,0.33824007393227384
2025,15445,"Lenoir, Deommodore",CB,16,5.61875,4.0,-2.6,30.6,7.303271420226692,1.2998035898067526,2.0,6.25,1.402145083979736,0.15439926903631251,2.4431434166393884,0.6766911155418546,86.36568766835555,149.65879732004578,0.6789517200932089,1.1768428681777858,1.3653493960081653,1.13140074630277
2025,16694,"Fiske, Braden",DT,16,4.75625,4.5,0.0,17.3,4.5164932123828105,0.9495912141672138,1.375,5.75,0.5927641554132161,0.21452638966893559,2.439613989557127,0.862187229619661,86.08298504761632,123.1858090704244,0.8918277999593079,0.6838242139621555,1.212695665562904,
2025,17141,"Hairston, Maxwell",CB,10,4.720000000000001,4.0,0.0,11.2,4.411983680840173,0.9347423052627484,0.25,9.0,0.14602529136677234,-0.1102515058961556,2.439601381104343,0.872138623904212,111.31053780025833,192.88448533175844,0.872138623904212,0.7771082149791467,,
2025,15612,"Kamara, Sam",DT,4,4.5,4.5,0.0,9.0,3.824264635194589,0.8498365855987975,1.125,7.875,0.12135412284832248,-0.07555404106396871,2.432647313299481,0.9327846501560109,93.13161263992217,133.27248174231215,0.6333994030156497,0.9085200897359119,0.6534831810270362,
2025,14924,"Johnson, Jaylon",CB,6,4.333333333333333,3.0,1.0,11.0,3.39934634239519,0.7844645405527362,2.0,5.5,-0.29391494226405623,-0.21919520540486057,2.4283661764391726,0.9849948142464463,125.71430676171889,217.84405895231126,0.9967280728027547,1.056335929135171,0.7688682358199662,0.8820749657278764
2025,15492,"Tonga, Khyiris",DT,14,4.071428571428571,4.0,0.0,10.0,2.7636488745933003,0.6787909516544949,3.0,5.5,-0.6009288436752389,-0.5729444066199525,2.4252147460147233,1.0817769422947376,108.00738534424062,154.55989522031336,1.368276066985093,1.1799456006130333,0.8606573337631391,0.49463146569807814
2025,12758,"Bullard, Jonathan",DT,14,4.392857142857143,3.5,0.0,11.0,3.601480704558352,0.819849266078324,1.75,4.875,-0.03036249714843763,-0.16275535380363965,2.4138576885125826,0.9546616458709606,95.31586802009933,136.39817802334514,0.9286317757405058,0.99499021178861,1.2490417712374764,1.2760317663483025
2025,14934,"Elliott, Jordan",DT,15,3.8333333333333335,3.5,0.0,7.5,2.2558565754251507,0.5884843240239523,3.0,5.5,-0.946737139049862,-0.8355506216602623,2.413201865047509,1.177365539461079,117.55119612907751,168.2172056922361,1.017660129768753,1.0184117980879603,0.9301539552831991,0.9929635397882028
2025,13844,"Cooke, Logan",PN,16,4.38125,3.4,-0.5,14.3,3.6137270839813014,0.8248164528345339,2.325,5.775,0.06132603354343564,-0.1138112302510031,2.4009264017728973,0.9496118691570523,110.03551352407617,132.93846665439816,0.7293978154110808,1.0273192155989532,1.2684633030879742,1.4441425784317048
2025,16846,"Bates, Jake",PK,16,4.9125,3.1500000000000004,-2.1,17.6,5.139415701225189,1.04619149134355,1.5,6.85,-0.5735731293039498,0.06579469565023091,2.400801694651952,0.8001575783538579,116.9450455211198,165.31515032650364,1.079680001976719,1.2018035751748146,0.9743477789729881,
2025,16344,"Stills, Dante",DT,16,4.21875,4.75,-2.0,9.5,3.1965252130242927,0.757694865309462,2.25,6.5,-0.3061385742165423,-0.3434965946435211,2.400160621313098,1.005295997485427,100.37133159365126,143.63260849981592,0.8202247191011235,0.8978329354503523,1.1742118492951723,1.1840215130244742
2025,17187,"Riley, Quincy",CB,16,4.3625,4.0,0.0,13.0,3.598068058000015,0.8247720476790866,1.75,6.25,-0.2075803043126672,-0.18997432264291766,2.3907095713947557,0.9487680358297093,121.09070441478205,209.8320487986279,1.0682408875391307,1.1503137775177952,,
2025,17150,"Oladejo, Oluwafemi",DE,6,4.0,3.0,2.0,10.0,2.70801280154532,0.67700320038633,3.0,3.0,-0.6739784401410045,-0.7096370896241558,2.3852071356086397,1.078744927291781,115.80222875017307,157.4083752498887,,1.0698598709253104,,
2025,13431,"Sanchez, Rigoberto",PN,16,4.34375,3.55,-0.1,13.6,3.6027712857604492,0.8294149722613984,1.675,6.0,0.04988053780525849,-0.10840322752641965,2.374392943024049,0.9437249279446536,109.35336893381597,132.11433948889044,0.9801205309236934,1.3844743235173573,1.33349788489988,1.0297219373825324
2025,15786,"Nailor, Jalen",WR,16,5.475,4.550000000000001,-2.0,27.3,7.179179967099307,1.3112657474153986,0.15000000000000002,5.85,0.874424987619736,0.01882609173824103,2.368831886217535,0.6693825080293071,114.05261745461601,207.61029722008618,0.5750418532825246,0.7119376316005416,0.6308021377417506,
2025,16302,"Lacy, Tyler",DE,9,3.888888888888889,3.0,0.0,8.5,2.5030845169041798,0.643650304346789,2.5,4.5,-0.7722327944885246,-0.8012279296379153,2.366007464364137,1.1101327616056664,119.17168252671533,161.98842737988127,1.1857795032747016,1.2280753224145506,0.9052591297908893,0.6749661297651159
2025,11671,"Evans, Mike",WR,7,5.471428571428572,4.2,-4.0,21.4,7.2058932797525985,1.3170039936884643,2.6500000000000004,5.7,0.8839122528634291,0.019575460420565526,2.3614238846082194,0.6667681853636698,113.60717656049302,206.79945991984047,0.8555736486070346,0.6274198960612926,1.400867651064213,1.3124341368705648
2025,16553,"Mustipher, P.J.",DT,15,4.133333333333334,4.0,0.0,12.5,3.159465496286076,0.764386813617599,1.5,5.75,-0.3313763682778211,-0.3240368134230903,2.3426457857382084,0.9937174228332761,99.2152969941902,141.9783087869372,0.8621970809071277,0.8650833612998339,,
2025,12301,"Smith, Za'Darius",DE,5,4.6,2.0,0.0,10.1,4.454660480889649,0.968404452367315,1.0,9.9,0.16346447461864316,0.09058383926783883,2.3369181036284377,0.8433155493574818,90.5291118266907,123.05497535973436,0.7134376398823181,0.8433155493574817,1.0567550312168956,0.9138285093585903
2025,14953,"Dye, Troy",LB,15,4.566666666666666,3.0,0.0,15.0,4.358389100981641,0.9543917739375856,1.75,6.0,0.6530496016096002,0.04947053035522564,2.336617830449641,0.852246184553874,97.45663074335444,217.8540172696627,0.796214797348651,0.8433446657197146,0.6569412559932173,0.45325421887794337
2025,16595,"Estime, Audric",RB,6,5.25,2.45,0.0,18.6,6.579197012807364,1.2531803833918789,0.3,6.925,0.561968123390681,0.11574983508805804,2.3300398133667346,0.6926855168335807,105.80182565022498,213.461834367717,0.7009482324991267,0.8147316706352802,0.4829768621728218,
2025,15357,"Barmore, Christian",DT,16,4.20625,3.0,0.0,11.8,3.413295465895093,0.811481834388135,1.375,6.375,-0.1585172893802495,-0.18708733943329348,2.3219940272935427,0.9530859722637898,95.15854872458407,136.1730521789089,0.7447152362900044,1.0121802859658182,,1.2192926432668623
2025,13688,"Davenport, Marcus",DE,7,3.7285714285714286,3.0,0.0,7.1,2.2707546169967916,0.6090146482366874,2.5,5.5,-0.8836250522776266,-0.8963413744731414,2.3173011088852142,1.1399728396607767,122.3749861598885,166.34263390744005,0.9471354495328226,0.9526816812703943,,
2025,11945,"Santos, Cairo",PK,14,5.5,2.35,-1.6,25.1,7.569865067678363,1.3763391032142478,1.05,6.575,0.6790015942091276,0.11515790816832766,2.3144844911067928,0.6417837336486779,93.79830920387482,132.5946004579567,0.7358427809220855,0.6870831963035601,0.7229890041472794,1.1267163515494032
2025,17190,"Hemingway, Tonka",DT,8,4.4875,3.75,0.0,13.3,4.252186937330014,0.9475625487086382,1.125,6.199999999999999,0.4127706766177488,0.2086271531274154,2.304162196472461,0.8544059938356369,85.30608650326694,122.07405770982307,,1.3608610095504892,,
2025,14138,"Hockenson, T.J.",TE,15,4.4399999999999995,4.3,-3.1,11.7,4.1237200034273265,0.9287657665376863,0.95,5.949999999999999,0.3987459803724739,-0.26261710322790444,2.301990255649452,0.8665578909522813,187.51943795923745,479.3509038871269,0.8276090243496846,0.7852411656197118,1.1586486841503854,1.3974933310643252
2025,16912,"McCollough, Jaylen",S,16,3.80625,3.25,0.0,7.9,2.507605618413709,0.6588126419477724,1.875,6.25,-0.5501173694457976,-0.06549805800295307,2.2945629323940486,1.0851419498299673,135.19431064301978,277.84565742279915,1.1201147172089576,1.3484692283495343,0.6588492997412247,
2025,15727,"Knight, Bam",RB,12,4.6499999999999995,4.1,-0.9,14.1,4.783565615730592,1.0287237883291598,0.0,8.1,0.03999339949784099,0.0878019657090775,2.2920813699481988,0.8040022901015539,122.80451669981032,247.76583241620753,0.9756835009268641,0.7567482394542941,,
2025,13354,"Butker, Harrison",PK,16,4.6,3.9,-3.5,14.3,4.676269881005586,1.016580408914258,1.075,8.0,-0.8122634537003797,0.06136728772028807,2.2810893032907495,0.8103913479154521,118.44073671946525,167.42948030255937,0.8161929513378503,0.7594707619617446,0.7661700970243072,0.8684645854023404
2025,14080,"Singletary, Devin",RB,16,4.93125,3.25,-1.0,19.4,5.741484863473907,1.1643061827070027,0.275,7.925,0.3184523502972384,0.10468380002142001,2.2784437984796804,0.731478316701124,111.72709613492022,225.4164400563689,1.0499937500589032,0.9977169655835085,0.957661407231246,0.96718804363079
2025,16691,"Orhorhoro, Ruke",DT,16,3.9124999999999996,3.75,0.0,9.0,2.8111107680061274,0.7184947649855917,1.5,5.725,-0.568607131661826,-0.4574881171413715,2.2767017274171346,1.0266035909648767,102.49873639376794,146.676950902414,1.1909037802523952,1.0661624923124493,,
2025,16907,"Roland-Wallace, Chris",CB,11,4.863636363636363,3.0,-1.0,17.5,5.527168061209964,1.136427078005787,1.0,7.5,0.6305170814825997,0.03595964729472732,2.276528140701271,0.7451372966080445,95.10143335835292,164.79653580108615,0.8145568011793337,0.9797180091579837,0.5933634938892949,
2025,17145,"Winston, Kevin",S,10,4.9,1.75,0.0,17.5,5.660388679233963,1.1551813631089718,1.0,8.75,0.8737652206232053,0.04470463550058029,2.2735905589548486,0.7356928005234026,91.65757625293065,188.37079319869096,0.7356928005234026,1.347027954572905,,
2025,14979,"Strnad, Justin",LB,15,4.526666666666667,2.5,0.0,16.7,4.574926836087715,1.0106613039958132,0.5,7.5,0.7633667617974372,0.05697365394063686,2.251332264499627,0.8119688024180997,92.85080436447787,207.55817827100879,0.7120478857717697,0.48479207356135107,1.3509602962642724,0.05625274688382315
2025,13265,"Ogunjobi, Larry",DT,9,3.8333333333333335,5.0,0.0,7.0,2.697735676039774,0.703757132879941,1.5,6.0,-0.6458159577016299,-0.5003442605659162,2.249929440855029,1.0366704570508356,103.5038381315149,148.1152638360787,1.1137014371226777,0.8985041532871261,1.6113497198016373,1.2951755433737275
2025,17178,"Simon, Cody",LB,15,4.2733333333333325,2.0,0.0,11.1,3.858232180099528,0.9028624446410753,1.0,7.75,0.39824001318854024,0.04259947730777737,2.245739488615208,0.8796066500975233,100.5853731604877,224.8479908902925,1.3289964897970987,1.1083950962019116,,
2025,17037,"Gabriel, Dillon",QB,10,5.6000000000000005,2.3,-2.1,23.4,8.389398071375561,1.4981067984599215,-1.2999999999999998,9.675,-1.2261576809828287,0.4426606757240223,2.241697594135043,0.5964173589649067,75.36196319698661,178.81046984496624,0.5964173589649066,0.44073440457221075,,
2025,16759,"Muasau, Darius",LB,11,3.8181818181818183,3.0,1.0,9.5,2.7491546409158985,0.7200166916684496,1.5,5.25,-0.1667898394185228,0.01821835522978016,2.2198516076481254,1.0184113977355325,116.45806731993787,260.3297242639319,1.0717294931332249,1.0332203128551756,0.5845802820847341,
2025,12988,"Jones, Jonathan",CB,11,4.536363636363636,6.0,-2.6,11.0,4.776509324005769,1.0529379271355404,0.5,8.0,0.30439343614105596,-0.02456572039487536,2.2096935208816637,0.7853122676547256,100.22894120027948,173.68173868187094,0.9408492725876452,2.9436593249716005,1.0580557282797993,1.5768864824886721
2025,12699,"Billings, Andrew",DT,16,4.14375,2.75,0.0,14.0,3.6457113074817102,0.879809666963912,1.5,6.0,-0.00024130502840229758,0.011605867980468849,2.2043455105178746,0.8919516788154004,89.05474401950185,127.43843266510481,0.9196687825589436,1.1993254443831247,1.1171015779602147,0.9297532771371049
2025,17106,"Taylor, Mason",TE,13,4.1000000000000005,4.0,-0.7,11.4,3.529436651495969,0.8608382076819436,0.7,6.2,0.14816294608379632,-0.27341045802527564,2.2033081560096477,0.9051898316418368,195.8792254368163,500.72080413476317,0.8930907619553026,0.7231752517636436,,
2025,14426,"Wright, Matthew",PK,4,4.225,3.35,0.3,9.9,3.879030162295725,0.9181136478806451,0.825,6.75,-1.2231349303993315,0.046644674331297244,2.202684916333436,0.8659507851888365,126.56088842062223,178.90824020357934,1.2268293839931097,1.0058209567297878,,
2025,15390,"McNeill, Alim",DT,10,4.35,3.65,0.0,15.2,4.270889837024598,0.9818137556378386,1.375,5.625,0.4255074153838579,0.30822759274340755,2.1949590306481497,0.8252875955486791,82.3988309116335,117.91373924466085,0.8252875955486791,0.650846052532239,0.8647862412360737,1.2695068775020162
2025,15461,"Lopez, Roy",DT,16,4.56875,3.75,-1.2,16.0,4.95841692856702,1.0852896150078295,1.125,6.125,0.8937157201171847,0.6091291377370599,2.190942671520879,0.7667724589891646,76.5565295500905,109.55333422784106,0.8997036222179645,0.9168348277083601,0.9689101409797312,1.8129189263357068
2025,15402,"Molden, Elijah",S,12,3.8666666666666667,3.5,0.5,12.5,2.974147870492581,0.7691761734032537,2.25,4.5,-0.33941419785052146,-0.0409953890948408,2.18557468995787,0.9729549057235778,121.2172912370168,249.12067537879605,0.9280707641621762,0.8798512975286752,1.088208981126741,1.010356778536445
2025,14871,"Parkinson, Colby",TE,14,5.135714285714285,3.5999999999999996,-8.2,22.0,6.940008968999674,1.3513230259526487,1.05,8.65,1.586250614539566,-0.1954748343182229,2.1841806629837808,0.6468146705835914,139.96794069734398,357.7962883137283,1.123346597984809,1.0271981886212396,0.5503014426344172,0.48127225841524157
2025,13260,"Tomlinson, Dalvin",DT,16,3.95625,3.75,-1.0,10.5,3.267829698362508,0.8259917089067952,1.5,6.125,-0.2575799754198166,-0.14489350130610743,2.1666308673266492,0.9269934087383909,92.55340023867838,132.44505269321064,0.7871287128712872,1.016536353058468,1.0514424758407006,0.7311028667441476
2025,14207,"Thornhill, Juan",S,10,4.05,4.0,0.0,10.5,3.5245567097154216,0.8702609159791165,0.625,6.0,-0.09083459422070705,-0.01855277651862725,2.165473258515777,0.8951153140159737,111.51950935392527,229.19020219516293,0.8951153140159737,0.4340578300578996,1.0247376781413522,1.6581800432868266
2025,15331,"Freiermuth, Pat",TE,16,5.0625,4.0,-1.3,28.2,6.81825445037071,1.3468156939003872,0.07500000000000001,6.0249999999999995,1.5349121131037609,-0.19619102719853734,2.1571783473060764,0.647523054172272,140.12123188976847,358.18814247266937,0.9513159059747546,0.7316698970771983,1.1815684399870898,0.6405663138403606
2025,15921,"Jackson, Theo",S,13,4.13076923076923,3.5,0.0,13.4,3.7980530671110584,0.9194541875687852,0.5,7.0,0.03268380023603703,-0.007630994383060835,2.152054087834905,0.860926124199038,107.25998925199922,220.4362157485715,0.7793383565182079,0.9102230378626877,0.41522810634492024,0.46594831926248576
2025,14143,"Knox, Dawson",TE,16,4.56875,3.05,-1.0,19.6,5.159423265976537,1.1292855301727032,2.05,4.725,0.8354562891987609,-0.23075549964232575,2.145672778619519,0.7417496415998704,160.5114642097615,410.3111458232972,0.8999453394593382,1.0815627933376568,0.6011827450554406,0.5684620881804121
2025,16656,"Braswell, Chris",DE,16,3.83125,4.0,0.0,10.1,3.0244253069798237,0.7894095417891873,1.2999999999999998,6.2,-0.522272166488299,-0.40095651148918365,2.1410693921801855,0.9519992813272525,102.19620575461575,138.9138955109562,0.9623371363724184,1.0539071980968815,0.6274847628700743,
2025,16610,"Wright, Jaylen",RB,9,4.488888888888889,1.4,0.0,13.9,4.953661820522145,1.1035385243737452,1.1,9.2,0.08943891469423998,0.09711740805557094,2.1339703727200803,0.7539710894252988,115.16267600532339,232.3479384189542,0.6860715108682472,1.2919764814808081,0.23927420726631995,
2025,14946,"Fotu, Leki",DT,7,3.757142857142857,3.0,0.0,7.5,2.870468922795489,0.764003135344807,1.5,6.4,-0.5281840248956969,-0.32515252665095334,2.1298957931888562,0.9707203266805251,96.919207912554,138.6925771053201,0.8398831565298871,1.0799537568913682,,1.022306830515494
2025,16324,"Brooks, Karl",DT,15,3.7199999999999998,4.0,0.0,8.3,2.7816541841141937,0.7477565011059661,1.25,6.0,-0.5886671662072811,-0.37239675707511494,2.12844294822878,0.9836965039338637,98.21478274143092,140.54656060064386,1.2538163628522128,1.003519909524095,0.9093530595509485,1.0535146832185387
2025,16300,"McGuire, Isaiah",DE,16,4.75,1.5,0.0,18.1,5.869518719622589,1.2356881514994924,1.0,5.25,0.8418285324811876,0.8245752292952101,2.124625474628087,0.6914603764644759,74.22760530429063,100.89656197243913,0.6545346490619603,0.40271214587634024,1.0236818003538262,
2025,16178,"Mitchell, Keaton",RB,12,4.283333333333334,3.2,-1.4,12.7,4.422260608431946,1.0324343832915048,0.8250000000000001,7.75,-0.06503488288396236,0.08826398476134437,2.107489111848484,0.7899534239782738,120.6586717990056,243.43645543259385,0.9180384129538278,1.1030473562927943,,1.1204928713339473
2025,16722,"Knight, Tyrice",LB,15,5.173333333333333,2.5,0.0,31.6,7.5392719955060805,1.4573335042859692,1.0,6.0,2.273579933849874,0.11653407176315164,2.1052630114350537,0.6058283816297076,69.27809587465292,154.863875140842,0.4861077398449992,0.6621040924814258,0.9278233798718138,
2025,12270,"Smith, Preston",DE,12,3.6750000000000003,3.0,0.0,11.0,2.7468542613930818,0.7474433364334916,2.0,5.0,-0.6553556201338008,-0.5162004769955446,2.1030724850286853,0.9808227765532663,105.29038020039698,143.1197642365132,1.029530738528079,1.2286729198057151,0.8120910583272725,1.2315887947655586
2025,13610,"Chubb, Nick",RB,15,4.239999999999999,4.3,-1.8,12.9,4.330788996630213,1.0214124992052391,0.25,6.65,-0.09162489985068024,0.08689161173453647,2.097543179171517,0.7953794462096059,121.48745057976875,245.10856872307346,0.584356485953912,0.5916953548164676,0.8249088576832204,
2025,16238,"Sewell, Noah",LB,13,3.923076923076923,2.0,0.5,11.0,3.429768739939685,0.8742547768473706,1.0,6.0,0.17995533435604627,0.03878485744646987,2.093139615562734,0.8856166435294179,101.27263198461345,226.38428549228937,0.6859604787464946,0.578430108309167,0.26157636208102947,0.3724887426855066
2025,16036,"Tonges, Jake",TE,16,4.35,2.7,0.0,14.1,4.693080012102926,1.0788689682995234,0.0,6.725,0.6388199419143729,-0.2387664431993654,2.092483973897701,0.7640855197454329,165.34485313843322,422.66660815302356,0.517506776042511,0.6459793391552431,0.05335707399633203,
2025,13132,"Kamara, Alvin",RB,11,4.581818181818182,5.9,-8.1,13.0,5.51754526806296,1.2042261497756461,1.6,7.6,0.25335502092685774,0.10965437361911672,2.078651585856803,0.7029975233574275,107.37689700631073,216.63963984379285,0.6177553362697772,0.2932488774536557,1.1194717318222531,1.577207699766513
2025,17098,"Horton, Tory",WR,8,4.9,4.2,-4.0,17.1,6.67682559304944,1.3626174679692733,-0.25,8.875,0.6960132251102582,0.025532212273216538,2.0739709523148786,0.6382846582363987,108.75401594718552,197.9652381380693,,0.5154741409555311,,
2025,10413,"Taylor, Tyrod",QB,6,6.666666666666667,10.55,-13.5,25.1,14.770992594345927,2.215648889151889,-7.0,17.75,-0.24017135644365104,0.8956122328458795,2.0731948345346147,0.42271699937623075,53.41357435507938,126.73377817355855,0.7695358794669132,0.36281382328273326,,0.7411061085065793
2025,14891,"Harrison, Malik",LB,10,3.3,2.75,0.0,7.0,1.977371993328519,0.5992036343419754,2.125,4.75,-0.5599816769630611,0.0021088320310989794,2.063527076311236,1.1083599924344028,126.74392971313854,283.3226845822786,1.1083599924344028,1.1462467995689383,0.7159239905947942,0.5810640717023542
2025,13192,"Njoku, David",TE,12,4.05,3.8,-0.2,12.4,3.9468341743731776,0.9745269566353525,0.15000000000000002,6.05,0.32416104101146576,-0.25534587533462794,2.051124187689648,0.8187054300265042,177.16436916180584,452.88051957986795,0.7499770832267022,0.5570994148602793,1.0688417533975376,1.0046854381724406
2025,15140,"Lewis, Cam",S,16,3.7625,3.0,-0.3,11.5,3.1408348810467572,0.8347733903114305,1.75,5.0,-0.26413380978062656,-0.02643163904083824,2.05066196178121,0.9086331882542686,113.20365739491814,232.6513923696708,0.8369292845783869,0.8997801684809263,1.052053794991955,0.47147225654873587
2025,15412,"Brown, Bobby",DT,16,3.9625,3.0,0.0,12.4,3.758635889521623,0.9485516440433118,0.0,5.875,0.0766607222080977,0.21150338257997905,2.0335617031826145,0.8326966155837452,83.13856648064375,118.9723099310316,0.7850161767564316,1.0496415013468492,1.754901730980089,0.9831216933740831
2025,14951,"Lynch, James",DT,16,3.43125,2.7,0.0,8.5,2.365565141250606,0.6894178918034554,1.5,5.0,-0.8720252298731288,-0.5420419069563002,2.0310250155674257,1.019516739683424,101.79116697968011,145.66441037887526,0.9849481290792587,1.2169920550541442,0.667188225918066,
2025,15911,"Araiza, Matt",PN,16,3.8000000000000003,2.85,-0.8,10.5,3.3415939310454825,0.8793668239593374,1.125,6.75,-0.2229708090376398,-0.049658287034858556,2.0219575824981244,0.8752545863000452,101.41942302524039,122.529010445334,1.0539074291224122,1.5049786286397557,1.3943936394186978,
2025,13263,"Awuzie, Chidobe",CB,13,4.415384615384616,2.0,-2.6,17.0,5.242701322768951,1.1873713797211911,1.0,6.0,0.5069305232759685,0.07289166254311501,2.0185802266222455,0.7072875005697327,90.27068623033982,156.42557477647313,0.6256881738584467,0.6298187201729896,,1.1236321193504302
2025,16342,"Douglas, Demario",WR,16,4.76875,2.15,-2.6,21.5,6.518791946173769,1.3669812731163866,0.375,6.8,0.6398873846053041,0.02610209002983399,2.0146969704248763,0.6342441756786161,108.06557905801206,196.71207455122354,0.8589108610814564,0.6666985518117363,0.871685960209222,1.0528886540218931
2025,16432,"Wilson, Emanuel",RB,16,4.9312499999999995,1.15,-0.6,23.0,7.203794030752129,1.4608454308242595,-0.05,7.375,0.7435331464331418,0.14160693061513863,2.0038844936100997,0.6010938331112513,91.81197438770951,185.23642998858452,0.7168113657591639,0.595656138821801,0.7355110577897326,
2025,16139,"Baker, Darrell",CB,16,4.2125,3.6,-5.4,16.0,4.663940796150826,1.1071669545758638,1.4500000000000002,6.25,0.2554880456682629,0.014747553139025557,1.9991296801861167,0.7437401186931165,94.92311236573701,164.48753223714425,1.3061856429013792,1.361181949771545,0.8402583305859035,0.8146471404522095
2025,12323,"Pinion, Bradley",PN,16,3.73125,3.45,-3.8,9.2,3.2551341658217408,0.872397766384386,2.375,6.0,-0.31329511534958693,-0.057854116791049,1.992765675642239,0.8768818689596902,101.60798309795915,122.75681768807469,1.245344716933063,0.955103451077268,0.9815897179795077,0.9717737125962422
2025,13262,"Kpassagnon, Tanoh",DE,4,3.425,2.0,2.0,7.7,2.4681724007856505,0.7206342776016498,2.0,3.425,-0.788971662108183,-0.5898211969316981,1.9905450243465008,0.9875518296680204,106.01273756992188,144.10165466395912,0.5716624972930063,0.761501763578482,,0.5137357626163999
2025,13791,"Scott, J.K.",PN,16,3.65,3.75,-4.2,8.9,3.0540956108150903,0.8367385235109837,2.175,5.325,-0.523319604497119,-0.09979050211745276,1.987218078827524,0.9003241044100967,104.3243333245286,126.03855303379518,0.6895350002266055,0.49155397356571884,0.9616988672930359,0.8772126870381814
2025,17239,"Mickens, R.J.",S,11,4.254545454545454,2.5,0.0,14.5,4.878778467899826,1.1467214347627799,1.25,4.5,0.5207687883697014,0.04282638078618932,1.9818805484725577,0.7237124987404698,90.16498936962684,185.30329145339022,0.7907414710218693,0.7465841551106728,,
2025,17196,"Phillips, Jordan",DT,16,3.40625,3.0,0.0,9.5,2.4636022279377814,0.7232593696698074,2.25,4.5,-0.8052616379747807,-0.44363293469115184,1.9766322237683058,0.983441450789247,98.18931758110367,140.51011964339446,1.0728030309271326,0.8235294117647058,,
2025,15668,"Waitman, Corliss",PN,16,3.6312499999999996,4.199999999999999,-4.3,8.2,3.052809924888872,0.8407049707095001,2.75,4.699999999999999,-0.5246627574552629,-0.09512583610969828,1.9727496028873839,0.8959832973414287,103.82134578780602,125.43087293364697,0.9059003845240264,1.5578768870338169,0.9282066213591529,
2025,17075,"Golden, Matthew",WR,13,4.4923076923076914,2.7,-1.2,18.4,5.744088806156966,1.2786499054801468,-0.2,9.2,0.36475062901630156,0.014566725839526201,1.9714777954716538,0.6661104000004378,113.4950999204553,206.595446499816,0.6467577296428912,0.4497136916611696,,
2025,15117,"Flannigan-Fowles, Demetrius",LB,9,3.888888888888889,2.0,0.0,9.5,3.8208330808998667,0.9824999350885372,0.0,7.0,0.37918669476683997,0.05321854471852326,1.9616085832129995,0.8066839949917911,92.24647249977718,206.2072581387931,0.7774345539928783,1.1257610861284577,0.5056663880319839,0.21697584312818693
2025,17209,"Black, Yahya",DT,16,4.5625,3.0,0.0,23.5,6.069583490652386,1.3303196691840846,0.0,6.5,1.650423955632943,1.3216617257282637,1.9578858902210055,0.645370410581143,64.43543756584964,92.20790269953353,0.7520830877691573,0.9284794248667998,,
2025,10945,"Hekker, Johnny",PN,16,3.9625,2.4,-1.6,13.0,4.071374921325718,1.027476320839298,1.1,7.35,0.5394296154387315,0.12452311534961649,1.9544001373883741,0.7813462939482603,90.53787498575527,109.3825610412622,0.7530008579489506,1.1669380037140222,0.7107854592371884,1.0016036697775712
2025,16617,"Coleman, Keon",WR,12,4.583333333333333,2.8,-1.8,22.4,6.192042384293642,1.3509910656640673,1.275,5.675,0.5238418831711984,0.024013897903106398,1.9495324334797979,0.6372784097244276,108.58256647663096,197.6531481892856,0.6838391794635358,0.9205719616509555,1.2390105001199088,
2025,15820,"Mathis, Phidarian",DT,5,3.5,3.0,0.0,8.0,2.792848008753788,0.7979565739296538,1.5,5.0,-0.5810441332788931,-0.22641797938329938,1.9466543579249653,0.9227894162703322,92.13366284483199,131.8444033264458,1.031167214556222,0.9227894162703322,0.8280290340039211,0.794566385462186
2025,15392,"St-Juste, Benjamin",CB,15,3.8,2.0,0.0,10.0,3.691431519975234,0.9714293473619038,1.0,6.0,-0.16701855361025375,-0.08365527525600615,1.9275354732265826,0.8099873106578054,103.37820237463491,179.13893647100448,0.839136036194822,0.6256865355676243,0.8955356776829143,1.0365496265453302
2025,15177,"Bryant, Myles",CB,10,3.7,3.5,0.0,11.0,3.4655446902326914,0.9366337000628895,0.25,5.75,-0.265155073841342,-0.1088803413252923,1.9105316611395577,0.828566335500541,105.74943234928216,183.24792275659595,0.828566335500541,1.1768066979971112,0.47722557505166113,1.4168009569694182
2025,15319,"Palmer, Joshua",WR,11,3.772727272727273,2.7,-0.1,12.0,3.725121330321985,0.987381557434743,0.85,6.800000000000001,-0.35228810782024456,-0.023470571235387327,1.898340687832992,0.798440295811449,136.04210526299957,247.63782312436962,0.7239452678869001,0.49766503832280684,1.178538044852551,0.813419654665191
2025,17143,"Thomas, Azareye'h",CB,12,3.85,2.5,0.0,10.0,3.9599031974700263,1.0285462850571496,0.0,7.25,-0.050381048714678175,-0.04224841437318845,1.897910847960531,0.7762248267191643,99.06911647741923,171.6719362034624,0.9023415964384406,1.4753265174281036,,
2025,12802,"Reader, D.J.",DT,16,3.4375,2.75,0.0,8.5,2.80554696093293,0.8161591159077615,1.25,5.75,-0.5723961033396703,-0.17348608746790983,1.8927306368097887,0.9032867115525745,90.1864627693363,129.0579360984652,1.1519556195553073,1.0297887399134815,0.849887192926421,1.3899650522843066
2025,16784,"Harden, Myles",CB,15,3.68,3.0,-2.8,10.0,3.490023877664259,0.9483760537131138,2.0,5.5,-0.25452009226514,-0.10036773501880683,1.888752426918226,0.8195947505549485,104.60439425803911,181.26374329542944,0.8880945591425214,1.452423401335564,,
2025,17160,"Umanmielen, Princely",DE,15,3.52,2.0,0.0,11.0,3.045039682281114,0.8650680915571346,1.0,6.0,-0.5123884545397381,-0.19318954219051132,1.8873305569563268,0.8702015991138486,93.41530336771771,126.9781357862331,0.9821809455976833,0.7978202635936438,,
2025,13199,"Thomas, Solomon",DT,15,3.92,3.0,0.0,14.5,4.226456356492201,1.0781776419622962,1.4,4.25,0.3952480629170307,0.5884479499664674,1.8862680075311482,0.750030179651391,74.88493742672728,107.16126536500659,0.925029343981094,0.7825599524721095,0.9775099828972238,1.2313582724564285
2025,14095,"Johnson, Ty",RB,16,3.93125,3.4000000000000004,-0.8,17.0,4.274739575401056,1.0873741368269776,1.15,5.1499999999999995,-0.10791798829749133,0.09510472408154001,1.8833470869653974,0.7452974585387173,113.83785260348378,229.67502392213936,1.0156414680053085,1.7904267576474795,0.974009455610847,0.5604856065640458
2025,16273,"Young, Byron",DT,16,4.2875,2.5,0.0,22.9,5.474814494574222,1.2769246634575446,1.5,4.625,1.245384231689909,1.1663922762558752,1.8830223365797998,0.662181133311672,66.11386325314511,94.60975047630045,0.6685629132690795,0.9361132642410184,,
2025,14198,"Ya-Sin, Rock",CB,16,3.6374999999999997,2.0,-1.0,11.0,3.395746420155663,0.9335385347506978,1.2,5.6,-0.2954789282746277,-0.11112417799901353,1.8812658421979693,0.8275045128447578,105.61391255045174,183.01308724895898,1.013845040056645,1.0234499330739635,0.223772914488027,0.11569088899769656
2025,17046,"Neal, Devin",RB,10,3.95,2.25,-0.3,13.8,4.366062299143246,1.1053322276312014,0.475,6.525,-0.08137125181912849,0.09734074827121499,1.8761884457752838,0.7361077415427443,112.4342014345848,226.84306944985914,0.7361077415427443,1.7205668184337288,,
2025,14108,"Dortch, Greg",WR,12,4.225,2.25,-0.4,16.7,5.289789693362109,1.2520212291981323,1.0,4.25,0.2034057505656629,0.01108923548656551,1.8760924387486244,0.6717235720073165,114.45149921671458,208.33638280262798,0.759570959051949,1.0563721118067693,0.5066775145127004,0.5270409286075558
2025,15738,"Davis, Malik",RB,10,3.9200000000000004,2.75,-0.4,12.9,4.282242403227543,1.0924087763335568,0.625,6.125,-0.10573698027461889,0.09573160451363788,1.8734389017756166,0.7421090704971834,113.35085342784393,228.69247247060463,0.7421090704971834,0.972639502340513,,
2025,9694,"Gano, Graham",PK,5,4.220000000000001,7.0,-4.5,9.6,5.296187307865914,1.255020689067752,0.8,8.2,-0.4927781312459268,0.0970185473353394,1.8713797263405996,0.6702468960426092,97.9582720810386,138.47518210488766,0.62844006175562,0.6702468960426092,0.47265383842134606,0.2651122530756447
2025,15879,"Armour-Davis, Jalyn",CB,11,3.6545454545454548,4.0,0.0,13.0,3.530738690767038,0.9661225273243139,1.0,5.0,-0.23683154404690204,-0.08750244857960195,1.8587577344525457,0.8066113947363301,102.94733621816809,178.39230997472336,0.8527509022082304,1.072395444299279,0.36602540378443865,0.4
2025,16171,"Miller, Kendre",RB,7,3.9428571428571426,2.8,-1.0,14.0,4.451599116483598,1.1290287614269996,1.8,4.1,-0.05650642895704881,0.10029128590667413,1.8519510935185344,0.7232478138268488,110.46995677087178,222.88008236068225,0.7877678294699441,0.9222452846724806,,
2025,15397,"Golston, Chauncey",DE,9,4.2555555555555555,1.0,0.0,18.3,5.536768233286978,1.3010682532528146,1.0,6.0,0.6822888952320828,1.0041164131454106,1.8493825854751837,0.6510182713661354,69.88618428134865,94.99532814583209,0.7465842052240754,0.9090504636696367,1.480070331009517,0.8036272324239706
2025,17390,"Edwards, Johnathan",CB,11,3.3636363636363638,4.0,0.0,9.0,2.7723546694503467,0.8242135503771301,0.5,5.0,-0.5663114386282132,-0.1903792046449769,1.8438830053317936,0.8916543269051805,113.80131545537857,197.20062983683505,0.8297525682311241,0.5932948230986242,,
2025,16472,"Thomas, Juanyeh",S,7,3.142857142857143,3.0,0.0,7.5,2.2154374884672605,0.7049119281486738,1.75,4.0,-0.6820684442830027,-0.055263195709364395,1.8434131939412857,0.9774275364175357,121.77452176664951,250.26587211159844,0.8367848696172745,1.4362160517649496,0.5892900948168142,0.5195276807104917
2025,16752,"Davis, Isaiah",RB,16,4.24375,3.05,-1.3,19.8,5.538836605055253,1.3051750468465986,0.5,5.449999999999999,0.2595442308983217,0.12222387102462971,1.8409664835671835,0.649006888583071,99.1302864040656,200.00158453942524,0.7915099153066519,1.1903281934396048,0.5869654513538911,
2025,16843,"Mevis, Harrison",PK,8,3.7624999999999997,2.2,0.2,12.0,3.932218680338112,1.0451079549071394,1.125,4.3,-1.19572329442757,0.06563268678674537,1.839756180583064,0.7628412776989998,111.49117418775066,157.60548160715203,,0.7938428501572429,,
2025,15395,"Koonce, Malcolm",DE,16,3.975,4.0,-3.2,15.1,4.618644281604722,1.1619230897118797,0.75,7.025,0.2420876987915614,0.6220079930113022,1.8386408003671166,0.7074660364269784,75.94579748242532,103.23207694521848,0.7870347319428295,1.2551459035276178,,0.9713215276844465
2025,14257,"Speed, E.J.",LB,15,3.2666666666666666,3.5,-1.0,6.5,2.548637980482037,0.7801953001475624,1.5,6.0,-0.2689449143230255,0.02624272536668407,1.835004657295685,0.9205409750540211,105.2663227080673,235.31175980779494,1.0,0.9062499999999999,1.8428787618638145,1.5066782248551747
2025,17128,"Barron, Jahdae",CB,16,3.45,3.5,-1.2,12.0,3.0450779957170226,0.8826313031063834,1.75,4.25,-0.44782680516744855,-0.14802931934031754,1.8325415041741966,0.8528883753670268,108.85363994166966,188.6270494381599,0.7164296028624596,0.7334325198237936,,
2025,17073,"Ayomanor, Elic",WR,15,3.9999999999999996,3.4,-3.5,13.2,4.763891966309339,1.190972991577335,1.95,6.6,0.016632537809882074,0.0031168280284087457,1.8256728929918489,0.6939755330912678,118.24289557780949,215.23787215879543,0.664106267630647,0.8100496444594987,,
2025,15363,"Melifonwu, Ifeatu",S,15,3.4066666666666667,3.5,-0.5,10.0,2.9555522138661146,0.8675789277493486,1.0,5.0,-0.34781250220909604,-0.019148225656062327,1.8241085375556787,0.861236682636791,107.29868071896627,220.51573282310645,0.9476114389418139,1.1673545088691588,,0.5016440813741905
2025,15515,"Snowden, Charles",DE,14,4.371428571428572,2.5,-2.0,18.7,6.120274103505563,1.4000627034163051,0.5,4.75,0.962055022376082,1.2759664149091294,1.8213809852576681,0.6139410516901819,65.90598046698221,89.58509189783679,0.7200405733409045,0.5054405487323114,0.9930529446070505,
2025,14902,"Okudah, Jeff",CB,6,2.6666666666666665,2.5,1.0,5.0,1.247219128924647,0.46770717334674267,2.0,3.0,-1.2289064867704265,-0.44882810882639484,1.8168928483097848,1.1866518188383062,151.45167123231758,262.4430555775507,1.1512080156912368,1.2034470594711153,,1.0915709138738738
2025,16520,"Durden, Cory",DT,16,3.40625,3.25,-3.0,9.0,2.985479180550419,0.8764709520881964,1.5,5.625,-0.4498616453519726,0.00189708691295455,1.815242594727841,0.8546651094359942,85.33195726959806,122.11107909424659,1.2664293347037827,2.431433524968323,,
2025,16419,"Szmyt, Andre",PK,16,4.075,4.2,-5.7,11.3,5.084719756289426,1.2477839892734788,1.35,8.225,-0.6017616441731891,0.09593652603023214,1.8128966214930233,0.6697103832576523,97.87985938614352,138.36433682378728,0.8275760848826285,1.2068114584759901,,
2025,15802,"Otton, Cade",TE,15,3.9066666666666663,2.5,-3.0,14.2,4.545982353194472,1.1636473600327149,0.75,6.35,0.5767953578733601,-0.22529557398897432,1.8055930642078368,0.7044138293040972,152.43215339792272,389.6582205447891,1.0257236849831,0.787878787878788,0.8439258859613686,0.8575981554606076
2025,13736,"Stewart, M.J.",S,9,3.6666666666666665,2.5,0.0,11.0,3.7859388972001824,1.0325287901455042,0.5,7.5,0.02721271158309736,0.017473580582187984,1.8039924868194255,0.7661331967300501,95.45004633622524,196.16491810333753,0.6938125385854574,0.9732516681385891,0.1136071273823872,0.5754475284733098
2025,17177,"West, CJ",DT,13,3.3923076923076922,4.0,0.0,10.0,3.0090789642376867,0.8870300801607693,0.0,5.0,-0.4337901118106545,0.03260239315701646,1.7976966705367399,0.8461563672275356,84.48242261733017,120.89538457093172,1.0003813492019684,1.3992229894950552,,
2025,16234,"Simpson, Trenton",LB,16,3.6624999999999996,3.0,-0.2,11.3,3.8286543001425444,1.0453663618136642,0.875,4.625,0.3831712875475671,0.06160131544015036,1.7906327533187716,0.7584928993346823,86.73569181258523,193.88848924806055,0.6073575608512691,0.8537923000335923,0.9844322218845334,0.29245034705966033
2025,16584,"McCarthy, J.J.",QB,9,7.055555555555556,4.2,-25.2,43.0,21.09913695502528,2.9904288597673623,-5.0,22.8,0.7375566669963827,1.384695449941445,1.768119619094497,0.31926837549876097,40.34203767317756,95.7190922957889,,0.3251376666871546,,
2025,16207,"Iosivas, Andrei",WR,16,4.08125,3.35,-3.0,14.5,5.3821718141935975,1.3187557278269153,-0.25,7.3,0.23621537232536774,0.01980422277070644,1.7601034688655426,0.6394766732734342,108.95711721348454,198.33494393880545,0.8462675230393585,0.9165340297962788,0.9129604464665839,0.4239014278649639
2025,15849,"McCreary, Roger",CB,13,3.869230769230769,2.0,0.0,15.0,4.687690035595622,1.2115302278875368,0.0,6.0,0.26580590138346144,0.09040559283206775,1.749571731120616,0.6802815809257753,86.8239366460792,150.45287414303843,0.5809822915727952,0.0,1.2302352338594904,1.2716870750825233
2025,17191,"Farmer, Joshua",DT,13,2.8076923076923075,3.0,0.0,5.0,1.7045015235507952,0.6070827344153518,1.5,4.0,-1.3222118182586577,-0.7814675683252053,1.7470739045141512,1.038155195418796,103.65207821944236,148.32739722292527,1.1856546580797949,1.0158601341752083,,
2025,16284,"Williams, Dorian",LB,15,3.3400000000000003,2.5,0.0,13.0,3.0981284673170033,0.9275833734482045,1.5,4.3,0.010998117445412918,0.045895829415109765,1.7327395774457006,0.8150061733390849,93.1981358534795,208.33460117446955,0.6408842543094484,1.0625,1.2388258537334025,0.6089844563981026
2025,8930,"Prater, Matt",PK,14,3.592857142857142,3.1,-4.8,11.2,3.8712242961394536,1.077477935307204,1.4249999999999998,6.475,-1.2271578204777784,0.07047260131055791,1.729432155112566,0.7375675855666419,107.79736042298458,152.38385485862824,0.6002518434019778,1.3008017210479637,,0.8831197262434102
2025,12217,"Fowler, Dante",DE,16,3.41875,3.0,0.0,13.3,3.34462605346248,0.9783184068628826,1.75,3.5,-0.3687495931532398,0.11780868412181286,1.7281090789734301,0.7868916583224471,84.47206147928583,114.82171021206031,0.8352169863224627,0.7384372206623275,0.8638286695582988,0.6550042037964164
2025,11970,"Pennel, Mike",DT,16,3.0625,2.75,0.0,9.0,2.3971011138456384,0.7827268943169432,1.5,4.625,-0.8505491244971042,-0.2707049672191497,1.7178738985555078,0.9015039286049221,90.0084651459041,128.8032193127615,0.7327231118904229,0.8547811336418536,0.7625189887153114,
2025,17207,"Sigle, Marques",S,14,3.7857142857142856,1.0,0.0,14.0,4.569754157635232,1.2071048718281745,0.5,5.625,0.3812050039907787,0.05623257888835883,1.7152398755653726,0.6796914511073499,84.68055003938463,174.0319025609222,0.47242680625305106,0.3798734633239789,,
2025,17222,"Loop, Tyler",PK,16,3.675,3.75,-3.8,14.6,4.2143356534571375,1.1467580009407177,1.3499999999999999,6.325,-1.050329362556199,0.08083126052895089,1.7118836861861468,0.7047877705309308,103.00650788939795,145.61143877847073,0.7274882488048191,0.40404572594270405,,
2025,12785,"Robinson, Demarcus",WR,13,3.3153846153846156,3.0,-1.0,8.1,3.109995338568397,0.9380496380832751,1.1,5.5,-0.5707508465228125,-0.029912922023722734,1.7106809599900241,0.8066638383437773,137.44327206869139,250.18837096339973,0.6869106761493036,0.9960103557011013,0.6977801459041356,0.5889732902410992
2025,15671,"Bandy, Michael",WR,4,3.25,2.5,0.0,8.0,2.9295904150580507,0.9014124354024772,1.7249999999999999,4.025,-0.634821872936675,-0.034697445202142706,1.7092556772471426,0.8270582062563354,140.918162753552,256.51372415556375,0.5140039633162662,0.6624095639015911,,
2025,17181,"Ransom, Lathan",S,15,3.566666666666667,2.5,-1.0,11.3,3.9165744669999007,1.0981049907476357,0.8,4.5,0.08621128836216987,0.03203266464207176,1.6999467054295154,0.7254373325587095,90.3798808122323,185.74492730227522,0.6834022655947064,0.7695181692866875,,
2025,17139,"Sanders, T.J.",DT,11,2.8636363636363638,2.5,0.0,5.5,1.966664332071267,0.6867716715169503,1.5,4.75,-1.1436780475149866,-0.5497369556125845,1.6977024288420932,0.9652714439847089,96.37517748445651,137.9140628796918,1.112687578505494,1.8295670275115763,,
2025,17105,"Helm, Gunnar",TE,16,3.3687500000000004,2.5,-1.3,11.8,3.339483259053712,0.9913122846912688,0.9,5.1000000000000005,0.06806799256218607,-0.2526787693153682,1.6917236065373285,0.7763021076234331,167.9884707392663,429.42441683825814,0.7438818465944743,0.37669633674761194,,
2025,17200,"Marshall, Jason",CB,11,4.509090909090909,1.0,-1.0,26.6,7.513074004143413,1.666205928338257,0.0,5.5,1.4932938045339392,0.42002223957550333,1.6912012913800887,0.5296665936295493,67.60103471602626,117.1424650961016,0.5257299257967395,0.5817315679913895,,
2025,16661,"Hall Jr., Michael",DT,8,3.6125,2.0,0.0,12.6,4.107139363352552,1.1369243912394607,1.125,4.2,0.31399278182190593,0.7592799462260708,1.6905137190673714,0.7073431412352522,70.62295399265984,101.06231471546843,0.775714415790043,0.8068706000593034,,
2025,16800,"Harrell, Jaylen",DE,16,3.55,2.5,-2.0,11.5,3.924442635585339,1.1054767987564336,0.75,6.0,-0.09075232197991509,0.4670000681180268,1.686078897709417,0.7208937666055344,77.38725138166775,105.19142538545331,1.0781741884994591,1.5120252702764496,0.528705667634137,
2025,16286,"Moody, Jake",PK,8,4.325,5.6,-10.0,12.3,6.832413555984444,1.5797487990715477,0.6000000000000001,9.924999999999999,0.298943018986755,0.14557144345925643,1.6765198229984906,0.5521924971256702,80.7043243227579,114.08476047842642,0.18991494051842725,0.9544592936741628,0.22354842535025507,0.7477336477629096
2025,17114,"Stewart, Shemar",DE,7,3.1,3.0,0.0,6.7,2.6354723079012397,0.8501523573874966,0.5,5.5,-0.7087585066385632,-0.23414984202173042,1.6755376861921514,0.8527090120484598,91.53749099749966,124.42565128390244,,1.0057740536410307,,
2025,17397,"Striggow, Danny",DE,9,3.2444444444444445,2.0,0.0,9.0,3.0822470558961115,0.9500076542145549,1.0,4.0,-0.49454910904426214,0.04006414243619711,1.6638111329625918,0.7947692533107217,85.31771371250059,115.97119365027591,,0.9100606734082762,,
2025,14215,"Saunders, Khalen",DT,8,2.9,2.75,0.0,5.5,2.1725560982400434,0.7491572752551874,1.125,5.275,-1.0034650493912827,-0.3683233905116083,1.6579412503526385,0.9140894314236895,91.26503403691238,130.60138483183545,0.8564564239071063,1.174577173314722,1.1439926970133507,1.7378110142156298
2025,13715,"Harrison, Ronnie",LB,10,4.01,1.25,0.0,18.9,5.694286610278762,1.4200215985732574,0.625,4.25,1.3336349945226196,0.11155880647339377,1.657010004523979,0.5990182723642029,68.49934166484954,153.12305225606468,0.5990182723642029,0.46360626222770945,0.30383243470068705,
2025,17151,"Turner, Shemar",DT,5,3.8,0.0,0.0,12.0,4.915282290977803,1.293495339731001,0.0,7.0,0.8643408841443572,1.2145788013316814,1.6568596997653782,0.6424038301258916,64.1392465620875,91.7840497346574,,0.6424038301258916,,
2025,14919,"Igbinoghene, Noah",CB,14,3.3142857142857145,3.0,0.0,10.0,3.35407154341814,1.0120043449968525,0.0,5.0,-0.31358457608393764,-0.05424047554536229,1.6472557440182363,0.7611922958169522,97.15052343112846,168.34730190011408,0.7932618471872177,1.394495412844037,1.0544109858456534,
2025,16655,"Robinson, Chop",DE,15,3.426666666666667,2.0,0.0,11.3,3.712405629178411,1.0833868567641276,1.0,5.1,-0.19241500460460165,0.40633857891685193,1.6447577441229004,0.7271586820644921,78.05978402096376,106.10558974305377,0.7936806238717478,1.3437620653289175,0.8500436224646142,
2025,17148,"Collins, Alfred",DT,15,3.8333333333333335,1.5,0.0,17.0,5.110990336737316,1.3333018269749521,0.0,5.0,0.9976187337810359,1.3303336603432578,1.6428793262049266,0.627285124358414,62.6297561894509,89.62395046841566,0.6638844379307641,0.746367130810058,,
2025,15441,"Hobbs, Nate",CB,11,3.3636363636363638,3.0,0.0,11.0,3.523240431832019,1.0474498581122218,0.0,5.0,-0.24008916221133042,-0.028544289970442213,1.6428418748861011,0.743634218505164,94.90959638725485,164.46411107141452,0.818080373866636,0.6686606301621362,1.1427646873328259,1.6653909417655066
2025,16189,"Mims, Marvin",WR,14,4.142857142857142,2.0,-2.7,19.5,6.349096030787631,1.5325404212246008,0.1,4.2,0.579619675357301,0.047722779481061586,1.6358503533198803,0.5637233648194874,96.04990346591337,174.83990680401348,0.5486466098850307,0.7982200814101122,0.6136900795110548,0.4568422600542134
2025,12083,"Autry, Denico",DE,11,3.527272727272728,1.0,0.0,13.1,4.090585845815178,1.1597021727826533,0.5,5.35,-0.011093753232592825,0.6159091029206943,1.6332218264743594,0.6929011383183717,74.38226970136755,101.10679515806635,0.6614338372892922,0.9793738246099332,0.7777571455287365,1.593668110336278
2025,13212,"Wormley, Chris",DT,4,3.45,2.25,0.0,9.3,3.8448016853928895,1.1144352711283736,0.0,5.7,0.13533992439106252,0.6938829441796551,1.6316413404127996,0.7121034510869194,71.09823554138315,101.74244845018197,0.5953042872260833,0.586553211820628,,
2025,17164,"Williams, Nohl",CB,16,3.6125,2.0,-2.0,14.0,4.39116655912754,1.2155478364366894,0.85,7.0,0.13698129403220763,0.09331815371136408,1.6305222304791471,0.6700776094338692,85.52160978733052,148.19613681297332,0.650497391484133,0.8436482366540339,,
2025,13671,"Andrews, Mark",TE,16,4.356249999999999,2.9,-3.7,25.2,7.346680266453686,1.6864689277368579,-0.9,4.9,1.7577259340869835,-0.14222179994193954,1.621552348893089,0.5219140857124112,112.93998593475385,288.7054533226152,0.608973492420818,0.6100406711857677,1.3202670263736254,1.573716268455973
2025,17072,"Harris, Tre",WR,16,3.075,2.8,-1.0,9.3,2.7652983564165368,0.8992840183468411,1.4249999999999998,4.725,-0.6931703959369611,-0.03497539930319017,1.6190311561071924,0.81666835106435,139.14788915750447,253.29129019798668,1.1569286638502556,1.4396276859650483,,
2025,13672,"Gesicki, Mike",TE,12,4.0249999999999995,1.25,-0.5,20.7,6.0057090894137275,1.492101637121423,0.6000000000000001,4.975,1.1922976323445769,-0.17310580584404153,1.615102666779352,0.5745314212492988,124.3261533100771,317.81160723695103,0.6178304787494682,1.032888690420408,0.6913554273932332,0.5522574128256021
2025,15847,"Elam, Kaiir",CB,14,3.514285714285714,2.5,-2.4,13.0,4.14433471187857,1.1792822350873982,0.25,5.8,0.029745212146273268,0.06702744607724632,1.6125886118393364,0.68313706457922,87.18838033935576,151.08440046210262,0.5357014093569313,0.6645962732919253,0.5193719789197588,
2025,16144,"Garcia, Elijah",DT,6,2.8000000000000003,2.75,0.0,6.8,2.0696215435033847,0.7391505512512088,1.75,3.0,-1.0735638338095213,-0.3974223391113574,1.609981377394601,0.9121645650181152,91.07285043650948,130.32636773882217,1.1547941418897403,0.8766584158199193,,
2025,16309,"Mitchell, Cameron",CB,9,3.6222222222222222,2.0,0.0,15.0,4.534749234222764,1.2519246352148736,0.0,4.6,0.199360778995436,0.1196894737987136,1.6085006423301542,0.6544510092390635,83.5271960278678,144.74011657324675,0.6901059542575911,0.8709677419354839,0.5182630993124379,0.45940664300182643
2025,13365,"O'Connor, Pat",DT,8,2.875,2.5,0.0,8.0,2.2741756748325317,0.7910176260287066,1.5,3.0,-0.9342617695941962,-0.24659602049103035,1.6052326667353074,0.878083611120546,87.67012056069453,125.45701948645258,1.033715975645407,1.3637769448541914,0.787648788389853,0.43764869298778586
2025,16356,"Valentine, Carrington",CB,16,2.875,2.0,0.0,7.0,2.2878756522153907,0.7957828355531794,1.0,4.25,-0.7767933198897552,-0.2109900199480595,1.6009730926704033,0.8744247970761325,111.60232073280616,193.39010143860062,0.9916006021268758,0.9526816812703943,0.7086037989554994,0.7547883115644692
2025,14227,"Wishnowsky, Mitch",PN,12,3.1999999999999997,2.45,-1.0,9.6,3.2155870381627056,1.0048709494258456,0.8,5.025,-0.35460990336906073,0.0979384912899705,1.5961127078610293,0.759087636201355,87.9586708760683,106.2665176062899,0.8138122079544488,0.8883368690138058,0.6259063478223227,1.308747930707329
2025,17146,"Williams, Tyleik",DT,16,2.875,3.0,0.0,8.0,2.3082731640774234,0.8028776222877995,0.75,4.0,-0.9110412626041402,-0.21210786818470673,1.5946728521438456,0.8690334375099131,86.76652800812784,124.16396744374786,0.8828941652566483,1.0365149048876974,,
2025,16390,"McLaughlin, Jaleel",RB,7,2.9571428571428577,4.3,-1.5,5.4,2.530306103931269,0.8556590689622646,1.4,4.85,-0.6150099121200621,0.066253077071502,1.5935809042749285,0.8376448868980088,127.94313743631764,258.1333227859969,0.9300454437644207,1.1701202897060456,0.7220761360755588,0.6840016825041716
2025,17221,"Harris, Marcus",CB,14,3.5571428571428574,1.5,-1.0,11.6,4.3838525597134455,1.2324083501202456,0.0,7.25,0.13380372740608099,0.10554116447977871,1.593410478397134,0.6607058454312845,84.32549707924414,146.12345269287664,0.8500886781460764,1.4380621419615922,,
2025,12677,"Hooper, Austin",TE,15,3.0733333333333333,4.0,-1.0,7.1,2.8745936910959937,0.9353341728078071,0.0,5.7,-0.12795539959478106,-0.2615734157979285,1.5880117121450417,0.7932014498438904,171.6454164415073,438.7725689387163,0.8342620479922552,0.8717087948571781,0.7661199249891824,0.5808520429714775
2025,14222,"Edwards, Mike",S,5,3.2600000000000002,0.9,0.0,7.9,3.4447641428695817,1.0566761174446568,0.5,7.0,-0.12687108786995596,0.022834717164389756,1.5850818572495644,0.7334472415661888,91.37780935674131,187.7958280479598,0.7992490577232395,0.7334472415661888,,1.065165873869054
2025,10814,"Anger, Bryan",PN,16,3.0125,2.55,-0.5,10.1,2.7170468803463805,0.9019242756336532,1.5250000000000001,3.95,-0.8754335929416405,-0.023130018087751253,1.5839221564151618,0.8104552073121215,93.91084696952328,113.45758835953114,0.7281600120509856,0.732636217720934,1.363962575643391,1.1698415286993544
2025,17220,"Borregales, Andres",PK,16,3.73125,2.55,-4.2,17.3,5.076504549145997,1.3605372326019423,0.825,5.9,-0.6059954953113021,0.11279523441521809,1.5806783085082572,0.6140454548864605,89.74428989532997,126.8637821198886,0.5670924166607716,0.5383220531024409,,
2025,17202,"Trader, Dante",S,16,3.1875,2.25,0.0,11.5,3.2493989828889895,1.0194192887494868,1.375,3.75,-0.21510330830380903,0.01456303786920291,1.5784240636692346,0.7501060768440604,93.45327953081427,192.06124700112403,0.7337673872844547,0.9646942363632495,,
2025,14867,"Kmet, Cole",TE,15,3.1933333333333334,2.2,-1.5,10.2,3.333359999893334,1.0438496868141964,0.5,6.15,0.06548608469760127,-0.24433083468033778,1.5624110490781091,0.7369185420578805,159.46603483880102,407.6387427947163,0.7355795087812694,1.0897762070373243,0.7492326206069393,0.9861133700814432
2025,14904,"Fulton, Kristian",CB,7,3.857142857142857,1.0,-1.0,15.0,5.692816812906079,1.475915470012687,0.0,6.0,0.7024831721599911,0.2820713820338124,1.5578653245068552,0.5763108366726764,73.5542119244544,127.45842928627509,0.7709010179080118,0.718054056675465,0.9628372472406955,0.9082184845524613
2025,16201,"Hutchinson, Xavier",WR,16,3.575,2.7,-2.0,15.8,4.635933023674954,1.2967644821468403,-0.175,5.825,-0.028812235170204762,0.016932343451879703,1.5565374803507772,0.6343226551810394,108.07895077382557,196.73641512276274,0.5277728623230015,0.48811115087853874,0.19823013780372012,0.3091898420615295
2025,16330,"Baringer, Bryce",PN,16,3.24375,3.3,-3.4,7.8,3.5410042272637856,1.0916390681352712,0.475,6.425,-0.014647357883597672,0.19998051369532246,1.550817275033906,0.7143243735658322,82.77176372895659,100.0,0.5196316403791931,0.34666127528716106,1.3282372635520925,1.638387647573917
2025,14675,"Tuttle, Shy",DT,11,2.727272727272727,2.5,0.0,6.0,2.071051954526276,0.7593857166596346,0.75,4.0,-1.0725897190024998,-0.338579701111839,1.5501278096372864,0.8880581532504296,88.66600443779899,126.88214154830308,0.8672809885994377,0.5629849123005191,1.0001885929050114,1.0776376960216139
2025,17079,"Johnson, Tez",WR,15,3.8266666666666667,1.6,-2.8,14.9,5.669857924929768,1.481670189441577,-1.0,9.1,0.33838744191869813,0.04107953749618598,1.5419722906562936,0.573725364128646,97.75409230757768,177.94204649912277,0.5337219734041333,-0.06160429735885601,,
2025,12734,"Floyd, Leonard",DE,14,3.307142857142857,1.0,-2.0,9.4,3.8152821063481537,1.1536490170383187,0.0,7.2,-0.14309013049285493,0.599286449862308,1.5355997337443656,0.6868014758227635,73.72747680849288,100.21674419354704,0.6135963694648126,0.6948657025829644,1.1113777253903052,1.2027604064155692
2025,14925,"Uche, Josh",DE,11,3.190909090909091,2.0,-2.0,11.1,3.4537080324708573,1.0823586426546847,1.0,5.5,-0.3164494461179671,0.40351498621035276,1.532353277455211,0.7164612200990683,76.91142178423344,104.54463676457513,0.7496733705444625,0.5609137656769617,0.5935952773334194,0.6015981818350431
2025,15907,"Robinson, Dominique",DE,11,3.0818181818181816,2.0,0.0,11.5,3.1208443443221583,1.0126633565647123,1.0,4.2,-0.47604335879847637,0.21212381614787695,1.531213936879311,0.7478608567354448,80.2821425287255,109.12641106665907,0.8249207862906454,0.8284271247461902,,0.6116694405291605
2025,16262,"White, Keion",DE,13,3.1384615384615384,2.0,0.0,11.5,3.3107141831282965,1.0548844210948003,1.0,3.0,-0.3850088856673836,0.328067653888425,1.5273177927882826,0.728060689048966,78.15661360181059,106.23720885921179,0.7435638396262385,0.8787014976822977,1.1539899961269249,0.7699359580427568
2025,12349,"Diggs, Quandre",S,10,2.75,2.75,0.0,7.5,2.21641602593015,0.8059694639746001,1.125,3.75,-0.6816265101472693,-0.032826623516028816,1.5227278505295243,0.854988900014802,106.52028977687837,218.91601651842092,0.854988900014802,1.1222000884469185,1.9260035626187995,1.257238251101092
2025,12658,"Shepard, Sterling",WR,13,3.615384615384616,2.2,-3.5,15.0,4.982561305168589,1.378155254621099,0.1,4.8,0.09429321753711425,0.027561321892329654,1.520247514689969,0.6043205294463312,102.96704401169646,187.43119700561343,0.4357894737797944,0.46623525736412985,0.7257888238580668,0.030586117425900557
2025,13980,"Badgley, Mike",PK,9,3.677777777777778,2.1,-2.0,16.6,5.2425137689169645,1.4254569160197184,1.1,5.7,-0.5204397312516326,0.1225019353390895,1.516323688739511,0.5891501266829963,86.10577497179847,121.72032658597965,0.6561811656427738,0.23758785870829302,,
2025,17217,"Strong, Dorian",CB,4,2.25,2.0,1.0,4.0,1.0897247358851685,0.48432210483785265,1.75,2.5,-1.2973299167969488,-0.4367831325970897,1.515843490214538,1.0766968306220208,137.41818098579452,238.1251194943907,,,,
2025,15985,"Bell, Markquese",S,16,3.60625,1.75,-3.0,18.1,4.992427860019612,1.3843820755686966,0.4,5.5,0.5720959452623763,0.09559127438246029,1.5124463637564785,0.6018011537627751,74.97645090569098,154.08844642972045,0.8054196440791471,1.096872580282191,0.09549150281252629,1.2449907198826542
2025,16195,"Wicks, Dontayvion",WR,14,3.9714285714285715,1.7999999999999998,-0.5,26.0,6.468763248039279,1.6288252782832717,0.75,4.2,0.6221196320558997,0.06029680524229996,1.5107236697077384,0.5317384471212369,90.60015905401396,164.91972187201782,0.46863391697632883,0.5330506633758814,0.523209688195551,0.7957698023920612
2025,14254,"Omenihu, Charles",DE,16,3.36875,1.0,-2.0,12.9,4.174433906232077,1.2391640537980193,0.0,5.575,0.029107808274551235,0.8341204517235836,1.5044677027062858,0.6510374006212901,69.8882377884616,94.99811944977937,0.5107380641064446,0.7838127443177461,,1.6028674645938124
2025,17154,"Alexander, Darius",DT,15,3.4399999999999995,2.5,0.0,15.8,4.437536854307052,1.2899816436939107,0.0,4.25,0.5389946050677412,1.2043611856227059,1.502195447493205,0.6326393902553853,63.16433983360121,90.38894623016866,0.6920702120548378,0.7006937552628763,,
2025,13694,"Settle, Tim",DT,12,3.25,3.5,-1.5,12.0,3.783186487605389,1.164057380801658,0.0,4.75,0.09337976361081766,0.8381810399620422,1.5018086067551788,0.6794633678661043,67.83936589065792,97.07896594713469,0.6569805811593049,0.6670402763552903,1.0708187841600278,0.5903328003598164
2025,12229,"Phillips, Jordan",DT,10,2.6399999999999997,2.0,0.0,6.4,2.019009658223556,0.764776385690741,1.5,4.375,-1.1080307010758912,-0.32290396138002897,1.495940234358186,0.8744589447764227,87.30822457339093,124.93914188299036,0.8744589447764227,0.6316993920961934,0.7687451498952886,0.7705934003899224
2025,13750,"Burks, Oren",LB,16,2.90625,1.5,0.5,9.5,2.745557491202834,0.9447079539622656,1.0,4.0,-0.1686224407474383,0.048179264940737335,1.4944403318136437,0.7759192074413195,88.7284367554769,198.34306035206274,0.8006101160949152,0.5738717979609932,0.4355576724284544,0.7053527824897359
2025,14086,"Hill, Justice",RB,10,4.39,2.0,-4.2,28.4,8.53140668354287,1.9433728208525902,0.1,4.8999999999999995,1.129458815256508,0.20168809002381605,1.4914862191084488,0.4605825924498497,70.35007656384309,141.93570194972673,0.4605825924498497,0.6651090895278606,0.92147572942717,0.7058905023087191
2025,13157,"Samuel, Curtis",WR,6,3.033333333333333,2.05,0.0,9.2,3.138293945583952,1.034602399643061,0.725,3.975,-0.5607005620722045,-0.01730391009538106,1.49087277881196,0.7329912696439213,124.89058478745201,227.3386793427237,0.5995278842504834,0.8170779385844441,0.3575819452161473,0.961067310245865
2025,13927,"Dickerson, Matt",DT,7,2.9285714285714284,2.0,0.0,7.0,2.90846758164319,0.9931352717806016,0.0,5.75,-0.5023068080411459,0.3411498774170435,1.4693289863638501,0.749288913723113,74.8109275346434,107.0553563002765,0.5424803607217559,0.7492494550768297,,0.6936246298575354
2025,13767,"Maddox, Avonte",S,13,3.6923076923076925,1.0,0.0,18.0,5.634845099019211,1.5261038809843694,0.0,4.0,0.8622290449795968,0.1270560384160479,1.4616610663172245,0.5565024710001902,69.33283516483412,142.4899248772827,0.6446961090700725,0.8530370986881206,0.3773917542289439,
2025,17118,"Stewart, Josaiah",DE,16,2.7874999999999996,2.0,0.0,8.9,2.5443257947833646,0.9127626169626422,1.75,3.0,-0.7524593642976563,-0.062214959330625104,1.4573162269484286,0.7864683331602073,84.42661793092405,114.75993942240956,0.8484298584560593,0.9544511501033223,,
2025,12956,"Lutz, Wil",PK,16,3.625,3.5999999999999996,-4.8,15.2,5.393340801395736,1.4878181521091685,1.2,5.225,-0.4427083737862045,0.13182610077082482,1.457100068558761,0.5669962094322616,82.867924164101,117.14325544436697,0.47205277730852674,1.225951345758355,0.8064734317941188,0.5543392858307763
2025,15260,"Patterson, Jaret",RB,5,3.3,1.5,-0.3,10.8,4.187123117368297,1.268825187081302,-0.3,4.8,-0.13338734496198867,0.11769782387337138,1.4544972520537107,0.636190798893986,97.17273762637404,196.05210682122643,0.5622797497387909,0.6361907988939861,,
2025,14978,"Danna, Michael",DE,14,3.4285714285714284,2.0,0.0,19.0,4.670795064077661,1.3623152270226513,1.0,4.75,0.2670917701893655,1.172307558203087,1.4513606775894323,0.6046015399657324,64.90339288045716,88.22228839445101,0.5810762535948605,0.760922586497012,1.089089431264718,1.5012402706318098
2025,15384,"Samuel, Asante",CB,5,3.4,3.0,-1.0,12.0,4.586937976471886,1.3490994048446725,0.0,3.0,0.22203417507347836,0.19013621568900677,1.447363186499473,0.6085623313375454,77.67045115250059,134.59125516866195,0.9644089765626899,0.6085623313375454,,1.2101939033191675
2025,13547,"Maulet, Art",CB,8,3.425,1.5,0.0,14.4,4.6972731451343135,1.3714666117180478,0.0,4.0,0.2699692827731263,0.20635129760191798,1.444253941032171,0.6011647875659742,76.7263070072403,132.95519481771552,0.5291629419749876,0.4292264197260053,,0.9290728738582396
2025,14237,"Gaines, Greg",DT,16,3.1375,2.5,-1.5,12.1,3.6972751791014957,1.178414399713624,0.0,4.25,0.03487386819687995,0.879930383223515,1.440267747225899,0.6679404293704052,66.68888614779807,95.43261530228972,0.8078654638179167,0.9714538332576104,0.764453671779585,0.8532400062257058
2025,13755,"Holmes, Jalyn",DT,10,2.7,2.0,0.0,7.0,2.368543856465402,0.8772384653575562,1.0,4.5,-0.8699967146070988,0.004128969111948776,1.4382829085519155,0.801533278190149,80.02713892207255,114.51981887307635,0.8015332781901489,0.5543727455451929,0.7543443150008454,
2025,17082,"Bryant, Pat",WR,14,3.428571428571428,2.8,-2.3,14.9,4.751906169622666,1.385972632806611,0.0,4.975,0.01237576764441049,0.02858220843350276,1.4369701401555521,0.5960756882090007,101.56224823000848,184.8740433314698,0.7636773387182371,1.2069604865548265,,
2025,16532,"Nowaske, Trevor",DE,14,2.7357142857142853,2.0,-1.0,7.0,2.4915878880909723,0.9107631966912172,1.0,5.0,-0.7777449366664229,-0.06770559444618589,1.4317390508942178,0.7835158023789682,84.10966659583936,114.32911183621002,0.5921816613249383,0.4576470492210988,0.684703252341404,
2025,14161,"Tillery, Jerry",DT,16,2.8125,2.45,0.0,8.0,2.727836826131651,0.9698975381801426,0.0,4.75,-0.6253169713657999,0.2735759525895407,1.427739232873138,0.7544589881951755,75.32712103436613,107.79403553944398,0.6865694984149314,0.9115626248202342,1.2447768285012535,0.8721370637024104
2025,17126,"Stutsman, Danny",LB,16,2.25,2.0,0.0,4.5,1.299038105676658,0.5773502691896257,1.0,3.5,-0.9055651758773311,-0.0008051517772876248,1.4264428414850132,0.9786701640326988,111.91355094842741,250.1709373191163,1.3176324954317933,1.4316767251549836,,
2025,14452,"Lammons, Chris",CB,10,3.4,1.0,0.0,14.0,4.715930449020639,1.3870383673590114,0.25,3.0,0.27807494737687843,0.21764002465109727,1.4243591751571705,0.5948287912744901,75.9176475402987,131.55390911582109,0.5948287912744901,0.36931195326457794,0.33174526823233424,
2025,12742,"Howard, Xavien",CB,4,2.875,3.3499999999999996,-1.2,6.0,2.9337476033224124,1.0204339489817087,0.75,5.475,-0.4961942877604852,-0.04812944344905932,1.4229616372507445,0.7308552276134335,93.27862132237875,161.63787563859256,0.9384635295525485,0.5950901339130068,,1.334005067689545
2025,17168,"Smith, Jaylin",CB,4,2.75,2.0,0.0,7.0,2.5860201081971503,0.9403709484353274,1.5,3.25,-0.6472644780817184,-0.1061710272463802,1.4172547791532024,0.7668668655019187,97.87476541067876,169.60230474388698,,,,
2025,11232,"Hopkins, DeAndre",WR,16,3.46875,1.8,-1.3,16.8,5.0252759563530445,1.44872820363331,-1.0,6.4750000000000005,0.10946337748089893,0.03677757983811835,1.416551659287147,0.5756997729444332,98.0905015962353,178.55441326425728,0.41888009712827945,0.6651145456869154,0.8180683713784047,0.9117745944859926
2025,13143,"McNichols, Jeremy",RB,16,3.6374999999999997,2.8499999999999996,-5.6,19.1,5.7347487957189545,1.5765632428093346,-0.025,5.5,0.31649423288392126,0.15601535685575152,1.411764298878176,0.5401092320343458,82.49709487358008,166.4430749989099,0.5314348888816696,0.19912378513261253,0.7072461700702058,
2025,17052,"Tuten, Bhayshul",RB,14,3.642857142857143,1.9,-5.5,15.3,5.762900346888125,1.581972644243799,0.6,5.95,0.3246776485741374,0.15668890019568607,1.4108813859738056,0.5386530861028234,82.27468095813909,165.99434094269526,0.4181361004325897,0.5342278185991677,,
2025,17213,"Hawes, Jackson",TE,16,2.525,2.3,0.0,5.8,2.0063960227233304,0.7946122862270616,0.375,4.625,-0.49403599969260403,-0.2839334310142416,1.4069891415423683,0.8398760445780327,181.74560001020495,464.5913969800715,0.9512293934810779,0.9363090615197435,,
2025,16351,"Evans, Ethan",PN,16,2.96875,2.75,-2.4,10.7,3.301461560809091,1.1120712625883253,0.775,4.75,-0.26489699855337195,0.224009413655125,1.4056107161658087,0.6901723886244813,79.9731718495118,96.61890510318347,0.47114215852159924,0.4111030098456261,0.9974105058264101,0.7813532223277057
2025,13709,"Oliver, Isaiah",S,14,3.3714285714285714,2.0,-4.3,15.0,4.717812533583844,1.399351175215547,1.0,4.125,0.4480721939496948,0.09891468101563121,1.4051417759326945,0.5896360805161633,73.4608439459239,150.97363479209923,0.5804656202680458,0.6303017269335466,0.94870357073911,0.769668818445093
2025,16385,"Demercado, Emari",RB,12,3.641666666666667,1.25,-2.3,17.3,5.804948798702324,1.5940362833965191,-0.325,7.45,0.3369007746909837,0.158190985760074,1.4038611140390165,0.5351497526860332,81.7395765531095,164.9147341667831,0.5958792009816875,0.49211188336871614,0.7038239015633764,0.6747969640663339
2025,16428,"Smith, Xavier",WR,15,3.493333333333333,1.0,-1.5,15.9,5.215165918315117,1.492891007151274,0.05,5.0,0.1769030267535617,0.042544885789302496,1.4013181175238403,0.5620659817043707,95.76751054387445,174.3258661814852,0.6689827747643851,1.0746013509194077,0.21448809977685276,
2025,16216,"Washington, Darnell",TE,16,2.89375,2.25,-2.3,11.4,3.110158506812796,1.0747847971707287,1.4249999999999998,4.025,-0.028628123974266038,-0.23941539789152322,1.3947229630494928,0.7040482733703487,152.35304865032893,389.4560072026763,0.7719605969231804,0.5825275616766648,0.43205129276195336,0.24401043299788777
2025,12691,"Ogbah, Emmanuel",DE,13,2.869230769230769,2.0,0.0,8.3,3.074306579823418,1.0714741431019958,0.0,3.0,-0.49835622796442797,0.37362491441633877,1.385115415891287,0.7042255444005204,75.59793378507001,102.75923061056591,0.8818333083611,0.5990027688580841,1.2130716585921735,0.6262391161534461
2025,16350,"Jones, Jaylon",CB,9,2.6666666666666665,1.0,0.0,7.0,2.4944382578492945,0.9354143466934854,1.0,4.0,-0.6870522077147673,-0.10976431020337363,1.3778272705389791,0.7631174082634693,97.3962243964045,168.773064861729,0.8344322556566062,0.7481333922979456,1.2781834996866106,0.8760201042138032
2025,17208,"Mauigoa, Francisco",LB,12,2.2916666666666665,2.0,0.5,5.0,1.5201196955795582,0.6633249580710799,0.875,3.625,-0.7929331066633785,0.010658933940636517,1.3777624483698363,0.9093483419404197,103.98641517410856,232.4506615338262,1.0103110902099686,0.8681156601157992,,
2025,14833,"Jeudy, Jerry",WR,16,3.5625,1.55,-2.9,16.7,5.681315318656411,1.594755177166712,-0.625,6.2250000000000005,0.3424565491348972,0.05584752482360882,1.3729619007408618,0.533203393357643,90.84976365330995,165.3740778193328,0.5842897340547113,0.8929317052398514,0.9060978283844654,1.2544106168019158
2025,15918,"Jackson, Jordan",DT,4,2.625,2.0,0.0,6.5,2.407670035532278,0.917207632583725,1.125,3.5,-0.843351652620528,0.12035689167947773,1.3691787761466496,0.7703210617896504,76.91083115804742,110.06034418116668,0.5527286685094311,0.6184055677845137,0.6342924998463331,
2025,17157,"TeSlaa, Isaac",WR,16,3.325,1.1,-2.0,13.8,4.773690920032423,1.4356965173029843,-1.0,6.425000000000001,0.020112648056340506,0.03507574670842855,1.36511259772286,0.5758881183721778,98.12259279784605,178.61282896793202,0.5976844465280584,1.2998765945982356,,
2025,16730,"Magee, Jordan",LB,16,2.6875,3.5,-2.5,8.0,2.61530949411346,0.9731384164143106,0.0,4.125,-0.23497849250910818,0.0519702557868906,1.3620433202470732,0.743366509665592,85.00594869471804,190.02183097968395,1.2285957756341928,1.5665915249890001,0.5714285714285714,
2025,17216,"Baron, Tyler",DE,6,2.6666666666666665,2.5,0.0,7.0,2.560381915956203,0.9601432184835761,0.25,4.0,-0.7447611403949609,0.06789755289364392,1.3604448090939383,0.7489833196589772,80.40263784225695,109.2901986874408,,0.9190292894252226,,
2025,16439,"Diabate, Mohamoud",LB,16,2.96875,2.0,0.0,13.0,3.5331853103821205,1.1901255782339775,0.875,2.75,0.232641866622518,0.08090388096371091,1.355515879776114,0.6548927071657152,74.88873273416257,167.40586197090457,0.6744684015684222,0.9877542826001837,1.4963879001281106,0.30027320161119336
2025,14315,"Dulin, Ashton",WR,11,2.9818181818181815,1.5,-1.1,10.6,3.582994730622614,1.2016140864892915,0.25,4.15,-0.4027645413136387,0.004506469199804897,1.3543782264642978,0.6506265787072141,110.856891832391,201.79310896898807,0.6072525126923091,0.6146233639195128,0.3049331236241661,
2025,15618,"Jones, Naquan",DT,10,2.88,2.0,0.0,9.5,3.274080023456971,1.136833341478115,0.125,3.625,-0.2533234826175543,0.759015179023102,1.3477887788889575,0.6738292180291449,67.27683791586414,96.27398150495499,0.6738292180291449,0.456960427751013,1.2924399492760659,0.6160319290590331
2025,14845,"Davis, Gabriel",WR,5,2.72,3.4,-1.0,7.0,2.775175670115317,1.0202851728365134,0.5,3.7,-0.6896624560505186,-0.01917362444293755,1.3463445837109598,0.7204962729368604,122.76162703544466,223.4633316170205,0.5379926517981246,0.7204962729368602,0.35705605914743893,0.768848682779798
2025,15716,"Robinson, Brian",RB,16,3.04375,1.7,0.0,14.1,3.853240316603676,1.2659516440587026,0.3,3.9499999999999997,-0.23044422591506206,0.11734002906218283,1.3432546135663024,0.6271583110333249,95.79310187162355,193.26860495669402,0.7233118685211378,0.8473818535885782,1.1204983432647317,1.1189182290702555
2025,11807,"Urban, Brent",DT,14,2.8857142857142857,1.5,0.0,10.5,3.336777132601616,1.1563089073371937,0.0,4.725,-0.21062653649658353,0.8156489474431197,1.3382657168901777,0.6654052531362515,66.43576764828842,95.07039962011348,0.5483817262252598,0.5421928667670354,1.1874767595841456,0.8591644424071685
2025,16684,"Washington, Malik",WR,16,3.0187500000000003,1.9500000000000002,-3.0,10.4,3.7931218590364324,1.256520698645609,1.15,5.3,-0.32813763794035733,0.011676829906630985,1.337789634197413,0.6298087319246383,107.30984677692331,195.33641297503848,0.8110606478139838,0.4497154200590055,0.4524740249149233,
2025,13189,"Engram, Evan",TE,15,3.0400000000000005,2.2,-3.0,11.3,3.893378995166024,1.2807167747256656,0.30000000000000004,5.95,0.30162135357004344,-0.20669382015022628,1.3329142985611024,0.6212476088615038,134.43533740049278,343.6534430702874,0.5231994607427232,0.624837668472824,0.9903921164979224,0.9759198180326787
2025,14903,"Diggs, Trevon",CB,8,2.625,2.5,-2.0,6.0,2.54644359843292,0.9700737517839696,1.0,4.5,-0.664458490479785,-0.08463801277264923,1.3324374265800822,0.7401781325832781,94.46849818095494,163.69975396575043,0.7800261954347513,0.6897551175641001,1.5159555237790714,
2025,15878,"Clemons, Micheal",DE,16,2.64375,2.0,-1.0,9.0,2.6035957707562822,0.9848116390567498,0.75,3.25,-0.7240419438736776,0.13563983708483063,1.331990375296469,0.7336422196558299,78.75578553556404,107.05165501975102,0.8201449807648996,1.049263647038615,0.7208992833306506,0.8718205135867724
2025,16212,"Mayer, Michael",TE,12,3.391666666666667,2.3,-6.0,14.3,5.24999338623922,1.5479095979083695,0.5,4.325,0.873645707558801,-0.16423819553332056,1.3311565957642117,0.542667240918077,117.43088035817281,300.18540614540194,0.4732697881155417,0.29290288357545075,0.2087216275432678,0.6866894423309178
2025,12795,"Judon, Matt",DE,13,2.6153846153846154,1.0,0.0,8.0,2.527950265408459,0.9665692191267636,1.0,4.0,-0.7603107307825109,0.08554408038381285,1.3299224812162738,0.741332620538462,79.58134266186903,108.1738234558006,0.8463689183137103,0.8499011822970575,1.0126628252043743,
2025,17204,"Roberts, Elijah",DT,16,2.8812499999999996,2.0,0.0,12.0,3.362145659768476,1.1669052181409028,0.0,4.0,-0.19335048258614082,0.8464623788220106,1.3296612956943126,0.6605121022375314,65.94722290860807,94.37128609621169,0.6008972375904883,0.3333333333333333,,
2025,14260,"Holcomb, Cole",LB,13,2.8076923076923075,2.0,0.0,11.5,3.1288881137558064,1.1143985062691915,0.5,3.5,0.026668904995898773,0.0708062387917369,1.3278917381787303,0.680011719944214,77.76115903229052,173.8268679464356,0.7628665314739455,0.4964918079550404,,1.8540146346502293
2025,16296,"Miller, Ventrell",LB,16,2.8125,2.5,-1.5,11.0,3.1665981352233503,1.1259015591905246,0.375,4.5,0.04588062565458183,0.07234008539733279,1.3229681251425913,0.6750111022764225,77.18932502661086,172.54859334984317,0.7722703133439971,0.7304348773098756,1.1565786675283654,
2025,17152,"Norman-Lott, Omarr",DT,5,2.96,0.0,0.0,8.3,3.669659384738589,1.2397497921414153,0.0,6.5,0.016067417627036777,1.0582899973082158,1.3215761914057178,0.6338792096215606,63.288126580022066,90.56608658492763,,0.6338792096215606,,
2025,14630,"Cole, A.J.",PN,16,3.0687499999999996,3.7,-8.0,8.0,4.071043900217731,1.3266130835740062,2.3,5.6499999999999995,0.5390837984928237,0.4763173077241445,1.3189773674297258,0.6051515349469248,70.12144863656401,84.7166297750799,0.7938542629657553,1.1276332222451857,0.8879647577087226,1.4134548939379001
2025,13201,"Barnett, Derek",DE,16,2.90625,2.0,-3.0,11.4,3.5571176445965347,1.2239544583557969,1.0,4.0,-0.2668689565797448,0.7923531754675404,1.3067938460163588,0.6377386380283596,68.46062843529683,93.05758971042516,0.9463239342622763,0.8928113217758513,0.671794589881671,0.637741063248283
2025,17277,"Fitzgerald, Ryan",PK,16,3.63125,3.7,-7.7,16.1,6.5022802490741665,1.7906451632562248,0.44999999999999996,7.375,0.12880302704400748,0.17710437500328172,1.3012224011177855,0.4840195086617994,70.7406703439757,100.0,0.33498088005696974,0.5046872890193121,,
2025,13133,"Perine, Samaje",RB,14,3.564285714285714,2.7,-3.4,22.0,6.202028140957157,1.7400479754188418,-0.39999999999999997,5.7749999999999995,0.45232835095994295,0.1763714081054435,1.3008114260265389,0.4949002759397739,75.59181105530192,152.51123080226648,0.6689320395598456,0.5459428114149008,1.0532669017759224,0.9338160924594927
2025,16376,"Johnson, Desjuan",DE,5,2.7,1.5,0.0,7.5,2.908607914449797,1.077262190536962,0.0,4.5,-0.5778016564519629,0.3895195499520218,1.2997877746487378,0.6907830253370582,74.15489231327955,100.79772420482323,0.5447375182944428,0.6907830253370582,0.4818556471011629,0.5095977510775103
2025,16383,"Pace, Ivan",LB,16,2.9625,1.75,-1.0,13.5,3.808194289948978,1.2854664269869969,0.5,3.375,0.3727477453374171,0.09361687448243511,1.2962343113066674,0.6161356678520236,70.45676162351766,157.49865808428837,0.58257569495584,0.2639320225002103,1.060674507309051,1.0362310600990847
2025,17228,"Brinson, Warren",DT,10,2.5,2.5,0.0,7.0,2.3345235059857505,0.9338094023943002,0.125,3.75,-0.8931646898337571,0.16863383488194045,1.292785109486325,0.7497323067335676,74.85519703038392,107.11870649249995,0.7497323067335676,0.7947309058620157,,
2025,17386,"Williams, Elijah",DT,6,2.5,2.5,0.0,7.0,2.362907813126304,0.9451631252505216,0.5,3.0,-0.8738348794294952,0.20164977473174792,1.2852392519408984,0.7434042617052569,74.22338877941618,106.21458112405718,,0.6789828507143879,,
2025,11367,"Juszczyk, Kyle",RB,16,2.5,1.4,-0.7,6.4,2.365375234502974,0.9461500938011896,0.6,4.75,-0.662953908405375,0.07752042852295604,1.2845874570326892,0.7428592135489522,113.46543140363121,228.92364073957717,0.6194637758454415,0.7916416169209596,0.2008790863528144,0.4003732728404049
2025,16225,"Ojulari, BJ",DE,7,2.6999999999999997,1.0,0.0,8.9,2.980412243777217,1.1038563865841544,0.5,4.0,-0.5433745492823654,0.46255023228213366,1.2833575605337544,0.6783217000251792,72.8171810455016,98.97939169527659,0.7272436341068091,0.7011993155774734,,0.755661431128022
2025,16325,"Clark, Kei'Trel",CB,14,2.7142857142857144,1.5,-2.0,9.0,3.0338229402279002,1.1177242411365949,1.0,5.0,-0.4527165633794222,0.022401046368173562,1.2816993173903233,0.6728817190306238,85.87949664007459,148.8163011097483,0.402202049486334,0.0,0.23134766787402425,0.754368983262644
2025,15165,"Jones, Benito",DT,14,2.5714285714285716,1.75,0.0,8.5,2.617640314544099,1.0179712334338162,0.0,4.375,-0.7003611732781699,0.41337135282546805,1.2742642356962552,0.7108027188580873,70.96836709847557,101.55660511304121,0.8591518900856059,0.7908527349841379,0.6614942618012265,0.7740039026779489
2025,15777,"Austin III, Calvin",WR,13,3.2000000000000006,2.1,-3.2,15.5,4.8559242168715935,1.5174763177723727,0.4,5.2,0.049317902721018936,0.04575552906739731,1.271114241436666,0.5464551591669221,93.1076633718035,169.4841389657692,0.4200471793351641,0.43516720970557277,0.7124355784493371,0.4793333405795981
2025,17389,"Okoye, CJ",DT,12,2.7916666666666665,1.5,-1.0,9.0,3.350735823002995,1.2002635783891327,0.0,4.75,-0.20112062051229143,0.9434664742531641,1.268787382605549,0.641653913323513,64.06437294453855,91.67690466817656,0.4824055885679812,0.3280409900365895,,
2025,15899,"Jackson, D'Marco",LB,15,3.3733333333333335,2.0,-3.0,20.6,5.61942662160078,1.665837931304579,0.25,3.75,1.295496878047895,0.14433658730588156,1.265393253551062,0.5096111077544596,58.27539325052695,130.26849410615802,0.5837495973428598,0.5504861734416064,0.4613081446662822,0.26660599600600604
2025,12678,"Higbee, Tyler",TE,9,3.0,3.6,-2.0,11.0,4.132257924616463,1.3774193082054875,-0.5,5.4,0.4023460445357022,-0.19132826350084078,1.2618724806540105,0.5845380423323506,126.49154350611221,323.34693604890805,0.5456713567157492,1.1616388439499385,,0.7134499234103423
2025,16788,"Vele, Devaughn",WR,13,3.5846153846153843,0.9,-4.0,22.6,6.657540104023888,1.8572536770882093,0.0,4.6,0.6891639603966512,0.09012771177230094,1.2545667237598657,0.4681157833873751,79.75982301110662,145.1870279798399,0.4776215984255142,0.9134707756943842,1.0613996728840245,
2025,17219,"Pegues, JJ",DT,8,2.4375,1.5,0.0,6.5,2.3377005261581303,0.959056626116156,1.125,3.375,-0.8910011282122413,0.24205123552940006,1.2442213091269145,0.7302932006322602,72.91434680392435,104.34132597649332,,0.5595097994240837,,
2025,12773,"Moore, Chris",WR,13,2.9384615384615387,1.0,-1.7,11.2,4.030372851913802,1.3715928553633354,0.0,6.8,-0.24387766135225022,0.026704325477282076,1.2390244522014962,0.584143884551938,99.52925002387222,181.17337103438905,0.5257375136968402,0.5668230445993695,,0.8423705937545007
2025,14737,"Giles-Harris, Joe",LB,9,2.3333333333333335,2.0,0.0,6.0,2.068278940998476,0.8864052604279181,1.0,3.0,-0.5136682881979053,0.04040503411816089,1.236920497562667,0.7604697546090848,86.96175050079319,194.39381959848595,0.7077563941467688,0.8856174110187219,,
2025,14670,"Ekuale, Daniel",DT,7,2.4285714285714284,2.5,0.0,6.5,2.381904571504724,0.9807842353254747,0.0,4.0,-0.8608980218929659,0.30523380989899573,1.2260656083888788,0.7181076157600965,71.69770674674133,102.60029910912023,0.8852290826891259,0.5514525787500811,1.1196232265242292,
2025,17412,"O'Toole, Connor",DE,4,2.25,1.25,1.0,5.5,1.8874586088176875,0.8388704928078611,1.0,2.5,-1.0673991070576623,-0.2651311233037297,1.223577195240305,0.7792319492057743,83.64979908449006,113.70402025919151,,,,
2025,14849,"Hodgins, Isaiah",WR,6,3.0000000000000004,0.2,-0.7,9.9,4.381019668220326,1.4603398894067752,0.025,6.375,-0.11934502115397035,0.038293972347877056,1.2193437227582997,0.5575151523265469,94.99211830415456,172.91441752784556,0.4797412521098577,0.3676220899638353,,0.3579374193249767
2025,16166,"Tucker, Sean",RB,16,3.7562500000000005,1.05,-3.2,32.0,7.823439840472987,2.0827793252507116,0.0,4.35,0.9236588954966459,0.21904607754211683,1.2184621744517887,0.42571265491833904,65.02398996106878,131.18998740990293,0.5585361803808266,0.7279785058351779,0.425116923840127,-0.027917492369054893
2025,16255,"Banks, Deonte",CB,15,2.8800000000000003,3.0,-4.0,11.0,3.938053664777394,1.3673797447143727,0.0,5.0,-0.05987357694031332,0.2033885278825281,1.216534865785749,0.5832257394330748,74.4367568823314,128.98774747434916,0.604020109188828,0.5976495699626634,0.8494142870381203,1.3749720630442628
2025,16322,"Beal, Robert",DE,7,2.4285714285714284,1.0,0.0,7.0,2.4411439272335804,1.0051769112138274,0.5,4.0,-0.8019306600449887,0.1915651870683587,1.2111507044539527,0.7057453800032759,75.76108667291237,102.98100208482654,0.7396006527115038,0.7481333922979456,0.71107219255619,
2025,17031,"Sanders, Shedeur",QB,7,6.228571428571428,10.2,-27.8,53.5,25.805686764505126,4.143114847512291,-12.3,16.15,1.4647407165636057,2.1123334795350956,1.2110504262964628,0.2323600765498394,29.36049944587268,69.6633218945826,,0.3794928901319756,,
2025,13176,"Jones, Zay",WR,8,3.1375,0.15,-1.0,13.4,5.009974426082433,1.5968045979545602,-0.1,4.95,0.10402902052952318,0.05611516264921539,1.2082156672363153,0.5220488104547828,88.94919206468097,161.9144620629445,0.5322899325559667,0.6137524619461523,0.24160690519851502,0.4987947188244959
2025,14967,"Vildor, Kindle",CB,11,3.272727272727273,0.0,0.0,19.0,5.626090344278473,1.7190831607517556,0.0,4.5,0.6734938616902941,0.4583555307980892,1.203614262324529,0.4939152807587694,63.03811575608249,109.23561016042062,0.5294117647058824,0.30769230769230765,0.28587134099653466,
2025,13066,"Raymond, Kalif",WR,14,3.0714285714285716,0.9,-1.0,15.4,4.777391483618975,1.5554297853643173,0.0,4.074999999999999,0.02142690768233429,0.05071194582708196,1.2019225059594782,0.5316289505631043,90.58150250277832,164.88576129984006,0.5723771027771237,0.759416854884197,0.6791565397957571,1.0445298357196382
2025,17047,"Sampson, Dylan",RB,14,3.1,2.55,-1.9,15.9,4.931676040802819,1.5908632389686514,-1.225,4.6,0.08304783614813842,0.157795898989828,1.1965124030375378,0.5226178872001298,79.8254406068686,161.0528445651371,0.4846930329741619,0.7392407248172459,,
2025,13288,"Jenkins, Rayshawn",S,16,2.93125,1.75,0.0,18.9,4.302865142843777,1.4679284069403078,1.0,3.0,0.2606706651824018,0.11414004741544165,1.1877370477023317,0.5527672156543006,68.86747183458749,141.53352974632,0.5909189292417387,0.6841633478638652,0.7810767805855938,1.363926934723983
2025,16533,"Jackson, Shedrick",WR,4,2.75,1.0,0.0,9.0,3.6996621467371855,1.3453316897226129,0.0,3.75,-0.3613299676109698,0.02327482904997387,1.1725420383183616,0.5851484455982077,99.70041197588874,181.4849376123771,,0.49029230650820665,,
2025,13230,"Adams, Jamal",LB,16,2.33125,2.5,-2.0,6.0,2.303996188690424,0.9883093570790022,1.0,4.125,-0.3935799471984468,0.05399318795988602,1.1724785138187988,0.7055849543591686,80.6855267894734,180.36398357434896,0.5691898151393291,0.5832618613462138,,1.7648732610091522
2025,13266,"Witherspoon, Ahkello",CB,5,2.2,1.0,0.0,5.0,1.9390719429665317,0.8813963377120598,1.0,4.0,-0.9283310713752835,-0.14892460613861705,1.1693442555944327,0.7485356067124528,95.5351576711696,165.54811505410922,0.7861394241068628,0.7485356067124528,0.6857161933990601,1.6192599251550508
2025,16191,"Tillman, Cedric",WR,12,2.85,2.0,-2.7,10.4,4.105382645584535,1.4404851388015911,-0.2,4.800000000000001,-0.2172378425598307,0.03570110205426046,1.1678005961550344,0.5582343573140134,95.11465991574889,173.13748036474232,0.4414353750119743,0.555045871559633,0.4668307815224048,0.2196538037009264
2025,17149,"Tuimoloau, JT",DE,12,2.5,2.0,0.0,11.0,2.8722813232690143,1.1489125293076057,1.0,2.25,-0.595218704412738,0.5862795166875526,1.1633791352156697,0.6456142494031084,69.30606772951049,94.20678370358814,0.7283485271492817,0.8818013439719221,,
2025,15622,"Robinson, Curtis",LB,14,2.5357142857142856,1.0,0.0,8.5,3.008703361643907,1.1865309031835127,0.125,3.875,-0.034560333152219104,0.08042455776472344,1.159697437627053,0.6325522387055421,72.33404041072745,161.69511677785613,0.8848324301144148,1.312097003268869,,
2025,16636,"Corley, Malachi",WR,12,2.3000000000000003,1.9,-0.6,6.2,2.2675243475355824,0.985880151102427,0.22499999999999998,3.525,-0.869955436226157,-0.02366664279302722,1.1581766395737403,0.7038968207642265,119.9333323819508,218.3149789816985,0.7401714490732649,0.6000336638788974,-0.05759013040487559,
2025,14209,"Oliver, Josh",TE,14,2.8000000000000003,0.55,-1.1,12.8,3.9743822520882772,1.4194222328886703,0.0,4.9,0.33577684831994187,-0.18465420548565978,1.1573010952523732,0.5628839638981388,121.80569313199999,311.3686225644212,0.5092575420394955,0.7182574628915943,0.5981454712493227,0.2822546595479682
2025,16727,"Hicks, Jaden",S,16,2.6125,1.95,0.0,13.5,3.292201960694392,1.2601729993088582,0.875,2.1,-0.19577231923018526,0.0680146480201101,1.1558849702208107,0.6086619464610071,75.83121478192623,155.84512117442137,0.6242360390534384,0.5711200631430604,0.544359228726961,
2025,12771,"Day, Sheldon",DT,10,2.55,1.5,-1.0,8.0,3.085854824841895,1.2101391469968217,0.0,5.5,-0.38150548771345183,0.9721840308875014,1.1537735094484831,0.6241044063768647,62.312185145668245,89.16950240363181,0.6241044063768648,0.20309352344489465,0.82582361697329,
2025,16894,"McGregor, Braiden",DE,11,2.3363636363636364,2.0,0.0,6.7,2.409176670857693,1.0311651120402576,0.0,4.0,-0.8172575932742142,0.26293173770663386,1.150257860630943,0.6853160929837777,73.56802239165158,100.0,0.612672071841505,0.6363636363636362,,
2025,15448,"Pinnock, Jason",S,16,2.0625,2.0,0.0,6.0,1.6381678027601445,0.7942631770958276,0.75,2.625,-0.9427791368350994,-0.035425627623193026,1.1494969223736382,0.7817925750750727,97.40099741758864,200.17443065769677,0.6880048391363505,0.9082264966507124,1.3523079635579378,0.9721146836328356
2025,13172,"Brown, Noah",WR,4,2.4,2.8499999999999996,-1.7,5.6,2.6201145013147804,1.0917143755478251,1.6749999999999998,3.5749999999999997,-0.7447326173779826,-0.009845546670028111,1.1473841878489905,0.6629624557809842,112.95873801448496,205.61910542846493,0.7536141586544814,0.7698244152883903,1.0679138834388935,0.6648904033071591
2025,17080,"Noel, Jaylin",WR,16,2.9812499999999997,0.15,-1.1,12.7,4.780718924753891,1.6035954464583282,-0.125,5.824999999999999,0.02260865241910438,0.057001992693269096,1.1450511653242423,0.5157230508533891,87.87137866012749,159.95251532063338,0.5276008601426037,0.4187553272517325,,
2025,17171,"Dike, Chimere",WR,16,3.33125,0.09999999999999999,-3.4,16.8,6.464104612202683,1.9404441612615935,-1.5,8.25,0.6204651119134825,0.10099171804536031,1.1329070770623753,0.4463026944389163,76.04320379937012,138.42165567692425,0.7815277979197452,0.6282280779099203,,
2025,16261,"Brents, Julius",CB,7,3.0,1.0,-2.0,14.0,4.956957592256421,1.652319197418807,0.0,4.0,0.3827891759370791,0.4099550693366714,1.131085580845454,0.5036127844689989,64.27580243079191,111.38033573601429,0.7430567054274614,0.6543598331933015,,0.903206513979243
2025,14200,"Tavai, Jahlani",LB,11,2.4545454545454546,2.0,-2.0,9.0,2.8877054862306526,1.176472605501377,1.25,3.0,-0.09620382451788397,0.07908335853150034,1.1277630824946772,0.6313609565433603,72.1978141091082,161.3905972511787,0.6355838582511993,0.9705483237513767,1.314758060388172,1.8218016104830346
2025,15288,"Moore, Elijah",WR,9,2.7777777777777777,1.7,-3.1,10.9,4.121158892506324,1.4836172013022768,-0.2,5.6,-0.21163488941659445,0.04133380154187034,1.1184403845815123,0.5424119493426452,92.41876179782211,168.23012951187332,0.3798823080065337,0.3031029492686381,0.45818043330655905,0.693036924343783
2025,13267,"Smoot, Dawuane",DE,16,2.24375,1.5,0.0,7.9,2.2619042723996965,1.0080910406238202,0.75,4.0,-0.8878684142696689,0.19956771735099488,1.1173547187895283,0.687865066729666,73.84165226775268,100.37194132342498,0.7248346765463343,0.9396616737114607,1.1884891356486214,0.5868541030166848
2025,13216,"Cunningham, Zach",LB,4,2.0,2.0,0.0,4.0,1.5811388300841898,0.7905694150420949,0.75,3.25,-0.7618463418906098,0.02762603647773094,1.1169631197754941,0.7748517734455861,88.60637282295305,198.07019930750147,0.4142135623730951,0.6095684691972606,,1.4255295031265414
2025,13156,"Smith-Schuster, JuJu",WR,16,2.9,1.45,-4.0,10.9,4.631819296993353,1.5971790679287423,-0.7,6.5249999999999995,-0.030273230168277397,0.056164065407613914,1.1165960929728107,0.5149312943240592,87.7364753672065,159.70695048078707,0.1790381547735957,-0.1548434668810516,0.4205431645548808,0.4780467373028911
2025,16391,"Luepke, Hunter",RB,16,2.26875,1.15,0.0,8.2,2.350457069912148,1.0360141354984675,0.575,4.125,-0.6672904915459691,0.08870971212819387,1.11430955239638,0.6771464169393129,103.42836020620913,208.67321862905342,0.7313642470256678,0.7842960679375914,0.44238765940169295,0.3104403108669545
2025,14495,"Gifford, Luke",LB,16,1.96875,1.75,0.0,5.5,1.5152222403000821,0.769636693485756,0.875,3.0,-0.7954281607393531,0.02483481364978684,1.112516488410985,0.7827340138997481,89.5077281018549,200.0850839489898,0.7100784456160826,0.6611907568591348,0.5633541689609002,0.27867547283364286
2025,15585,"Williams, Chris",DT,13,2.1538461538461537,1.5,0.0,6.0,2.0227990449699544,0.9391566994503361,0.0,3.0,-1.1054501157195677,0.18418345153163634,1.1107127930696228,0.7125336887446192,71.14119157295303,101.80391905904229,0.7054065925815972,0.5294117647058824,1.1708712965377246,
2025,14962,"Gipson, Trevis",DE,12,2.1083333333333334,1.5,0.0,5.3,1.9310870571318686,0.9159306199834949,0.75,3.5,-1.0464811306650883,-0.05351526328318036,1.1004225890765793,0.7193008232912681,77.21625045142207,104.95898617520058,0.6339149208605828,0.6667366199256485,,0.4340042595337641
2025,15559,"Williams, Jonah",DT,14,2.6785714285714284,1.0,-1.5,12.2,3.8816746333488164,1.4491585297835583,0.0,4.15,0.16045052827175257,1.6672379497614156,1.0936700895422007,0.5486992947610553,54.78354534129421,78.39592635967122,0.7530001181663889,1.1417934960290024,0.4466837322397168,1.3206345766556653
2025,16726,"Tampa, T.J.",CB,16,2.475,1.5,-2.4,12.0,3.1598061649411346,1.2766893595721756,1.0,3.0,-0.3979831586256365,0.13764263336296453,1.0871048303511595,0.5949796461333491,75.93690105689474,131.58727257549742,0.449562380932414,0.32645751028275016,,
2025,16290,"Horton, Dylan",DE,15,2.2133333333333334,2.0,-1.0,7.0,2.3087851543374254,1.0431258227428126,0.5,3.5,-0.8653910349557294,0.2957772075305986,1.0833074051024545,0.6689262765918529,71.80859139089041,97.60842966337393,0.701661356992634,0.8907986728222372,0.6084018470146102,0.8499011822970575
2025,15301,"Atwell, Tutu",WR,9,3.4000000000000004,0.0,-1.0,20.6,7.282093716019378,2.1417922694174636,-1.0,0.3,0.9109749298114707,0.1272861570284893,1.0821848513334118,0.4105242124251332,69.94709361830425,127.3248893350111,0.38330041023936334,0.3868281410159377,0.8811446280940902,0.708029872153093
2025,12234,"Dupree, Bud",DE,15,2.24,2.0,0.0,7.9,2.3977211403052414,1.070411223350554,0.0,3.85,-0.82275003059252,0.3707060160758063,1.0819106729797379,0.659265403928577,70.77150601716113,96.19873379278468,0.6153801088821972,0.5333979255643018,0.8377950556833493,1.0048798296184698
2025,14858,"Jefferson, Van",WR,16,2.75,1.75,-6.3,13.0,4.242787998474588,1.5428319994453048,0.325,4.375,-0.16843816557141514,0.049066776591553,1.0814713675932532,0.5245300784239463,89.37196245843168,162.68403218821908,0.5570167089294615,1.0031107194810693,0.42671017103146064,0.09630034101700924
2025,15772,"Covey, Britain",WR,5,2.4,0.0,0.0,6.0,2.9393876913398134,1.224744871391589,0.0,6.0,-0.6313423584355271,0.007527163150276519,1.0787753826796274,0.609231735499418,103.80383896599332,188.9544171916207,0.470091841870549,0.6092317354994179,,0.16904540513726354
2025,15807,"Ojabo, David",DE,13,1.830769230769231,2.0,0.0,4.0,1.2790529040508631,0.6986423425487908,1.0,2.8,-1.359103640708999,-0.6502135479476767,1.0777838188245006,0.8033026471281829,86.23376531827344,117.21636998639664,0.8798279750226204,0.9544511501033223,0.6307437408232882,
2025,14244,"Gay, Matt",PK,12,3.3166666666666664,2.85,-9.9,19.5,6.978040953989562,2.1039319459265013,0.6,5.525,0.3739946535980057,0.22394657975053414,1.0685371729941926,0.4157244473667571,60.75917511343955,85.89001887881294,0.5304388109198003,0.1609117822238048,0.7178597342222344,0.552174713497531
2025,16556,"Bonner, Ethan",CB,13,2.6923076923076925,1.0,-1.0,13.0,4.10224357722258,1.5236904715398152,0.0,3.0,0.011458721108150069,0.31670581661196123,1.0668137486230616,0.527671337434121,67.34638134547814,116.70118895741008,0.6552271900428396,0.4579140411307533,,
2025,16328,"Barnes, Zaire",LB,10,2.63,1.5,0.0,13.8,3.905393706145387,1.4849405726788545,0.5,2.375,0.42226689063304323,0.12021526913175186,1.0583754110323718,0.5361445293789944,61.309560983379455,137.051055996817,0.5361445293789944,0.5822409697043216,,
2025,13270,"Moreau, Fabian",CB,10,2.12,1.5,-0.8,6.0,2.1839413911549914,1.030161033563675,1.0,2.75,-0.8219475536486793,-0.04107780422725968,1.0442521381068106,0.6658414020714618,84.98094514203352,147.25924598568864,0.6658414020714618,0.5630895913799687,,0.6784735353398117
2025,15814,"Thomas, Cameron",DE,16,2.24375,1.0,-1.0,7.2,2.582868741825647,1.151139272122851,0.0,5.0,-0.7339796684229665,0.5923944053227446,1.0430519441847927,0.6262439853871675,67.22668854748584,91.38031220901031,0.8672328248554779,0.6124382236738249,0.4881348948326415,0.7523382582194288
2025,16444,"Grupe, Blake",PK,15,3.6400000000000006,2.2,-10.1,23.7,9.063538676109532,2.4899831527773437,-3.3499999999999996,8.55,1.4487924949880095,0.28166842016811505,1.0429849774785511,0.3617017946819468,52.863628350770654,74.72876365706159,0.5082351445351846,0.4994740496875506,0.6114313389965707,0.7582284583593756
2025,16219,"Allen, Davis",TE,16,2.06875,1.5,-0.5,5.6,2.0404407458929064,0.9863157684074472,0.07500000000000001,3.625,-0.47968084401539135,-0.25347269116256216,1.0415010709292438,0.6804112209042431,147.23809113885068,376.3807786655455,0.7247904125114246,0.606471699698267,-0.06550803466523912,0.2531221297992322
2025,16626,"Mitchell, Adonai",WR,15,3.0533333333333332,1.0,-3.1,18.4,5.90354319220434,1.9334748446084085,-1.0,4.5,0.42138104675355176,0.1000815815004,1.0408588772953753,0.44228496126181066,75.35864305930505,137.17554785509662,0.4479219951252773,0.7038690241082342,0.1968444986801801,
2025,17417,"Gregory, Eric",DT,5,2.0,1.5,0.0,5.5,1.8439088914585775,0.9219544457292888,1.5,1.5,-1.2272749231189983,0.1341603374106137,1.0406073902761503,0.7032574095488145,70.21502405866241,100.47856196879354,,0.7032574095488145,,
2025,16292,"Ryland, Chad",PK,16,2.8687500000000004,1.65,-4.9,12.0,5.040302415282242,1.756968162189888,-0.25,7.725,-0.6246529001685573,0.1720690365642418,1.0405452044543464,0.47493482987572466,69.41292165681344,98.12307590427672,0.26160477642725405,0.3347471784516825,0.7886315428025717,0.16935334919683043
2025,9596,"Morstead, Thomas",PN,16,2.0875000000000004,2.45,-1.0,8.0,2.116268827441353,1.0137814742234024,0.15000000000000002,3.0,-1.5030649626968269,0.10841754724461984,1.036607013581266,0.6698716046631847,77.62083479405199,93.776949163761,0.5669804746771845,0.08658151718017465,0.8919324421662854,2.2229742223026285
2025,14864,"Johnson, Tyler",WR,12,2.866666666666667,0.05,-1.0,14.8,5.064144108885089,1.7665618984482867,-0.25,4.875,0.12326744878384123,0.0782840969424421,1.0361838165538704,0.4727240341248606,80.54499897879768,146.61628598075583,0.4814880142059422,0.0,0.47578750091109767,
2025,16643,"Sanders, Ja'Tavion",TE,13,2.230769230769231,1.7,-2.0,6.8,2.595672320016417,1.163577246903911,0.0,4.9,-0.24556421913504567,-0.22530671462008017,1.0310559671310429,0.6204039278971466,134.252768432043,343.18674691867477,0.466922517968731,0.2336417070024791,0.42908725028168887,
2025,16621,"Walker, Devontez",WR,11,2.772727272727273,0.0,-2.0,13.2,4.696825022209811,1.6939368932559975,0.0,6.65,-0.007186368366763713,0.06879985701007696,1.029247299618829,0.4867144877923117,82.92875989428379,150.95545261463536,0.5223073968485065,0.49594249154419096,0.24482914818538842,
2025,17107,"Ferguson, Terrance",TE,14,2.835714285714286,0.0,-4.0,12.8,4.9849211403501865,1.7579066993678238,-0.45,7.199999999999999,0.7618764522621111,-0.1308706896100627,1.028212552065049,0.47380979953035174,102.53042322408803,262.09576768825406,0.5459126532748951,0.4103071600620015,,
2025,16315,"Luter, Darrell",CB,16,2.175,1.5,0.0,7.0,2.436057265336757,1.120026328890463,0.0,3.5,-0.7124158265647361,0.02406994234213249,1.0259306548981908,0.6329929427956827,80.7885156730476,139.994393830665,0.7026071882557822,0.8133222470238111,,
2025,12700,"Johnson, Austin",DT,13,2.1923076923076925,1.5,0.0,9.0,2.515631603964282,1.1474810825100232,0.0,4.0,-0.769829454653758,0.7899781663971661,1.0208740417611852,0.623588572202961,62.26068293831267,89.09580211223859,0.6391485752198538,0.5495145024595467,0.9113416724280774,1.1495169124095528
2025,17236,"Peebles, Aeneas",DT,6,1.75,2.5,0.0,3.0,1.25,0.7142857142857143,0.625,2.5,-1.631728912869469,-0.46972778218267514,1.0208333333333333,0.7777777777777778,77.65532881338086,111.12572947156474,,0.6742346141747672,,
2025,12187,"Lockett, Tyler",WR,16,2.54375,2.6500000000000004,-4.0,8.9,3.827853306685093,1.5048071967312404,-0.625,6.225,-0.31580272237159573,0.044101044040261904,1.0155472258781353,0.5268904911583971,89.7741409548939,163.41611882550532,0.8348454085522612,0.6611958873398015,0.9298739658710395,0.98817108409737
2025,15908,"Butler, Matthew",DT,11,2.090909090909091,2.5,-1.0,5.5,2.2240236041318306,1.0636634628456583,0.0,3.75,-0.9684155015569057,0.5462415943285309,1.0132025538824352,0.6485402551735143,64.7519229825598,92.66079721864052,0.5762441323895027,0.6966629547095766,,
2025,16754,"Stiggers, Qwan'tez",CB,15,2.8666666666666667,1.0,-2.0,18.0,5.339995838533543,1.8627892460000732,0.0,3.0,0.5492001200717995,0.5625350985410341,1.0013544205784661,0.45215592244453806,57.70839350236275,100.0,0.571690740461136,1.1034595496994144,0.08026757313257675,
2025,17156,"Porter, Darien",CB,16,2.525,1.6,-1.2,14.0,3.8456956457837377,1.523047780508411,0.0,2.55,-0.09999851299703097,0.3162398984587511,1.000773754467383,0.5210810138678467,66.50526223856849,115.24365556259258,0.6588484714951716,0.759114479024865,,
2025,17161,"Burch, Jordan",DE,16,2.16875,1.5,-1.4,9.1,2.5312345678541925,1.1671398583765729,0.0,4.0,-0.7587360481229033,0.6363338321705237,1.0007429800237413,0.6141619760246835,65.92969648146644,89.61732874981844,0.5198441800067798,0.5036183422659685,,
2025,16056,"Brewer, C.J.",DT,5,1.9,2.5,0.0,4.5,1.7146428199482247,0.9024435894464341,0.0,2.5,-1.3153055606690311,0.07742394657119943,0.9987155522192669,0.6999079164441376,69.88060207357432,100.0,0.49269964669168786,0.6999079164441376,0.6162269827572346,
2025,15589,"White, Cody",WR,10,2.7,1.25,0.0,16.0,4.601956105831519,1.704428187345007,0.125,2.0999999999999996,-0.04087917856758668,0.0701699354021916,0.9983626160362741,0.48197450122634067,82.1211381413039,149.4853364882406,0.48197450122634067,0.6217138872863691,,
2025,9207,"Johnson, Josh",QB,4,4.275,0.0,-10.4,27.5,14.065094205159097,3.290080515826689,-2.6,6.875,-0.34923597277851753,1.573851857582041,0.996484794219816,0.28376855410144136,35.85635966023794,85.07597527705603,0.15434092456471882,0.2836659844197562,,
2025,14137,"Fant, Noah",TE,14,2.664285714285714,1.65,-2.9,12.3,4.47175375357958,1.67840623458751,-0.75,6.3,0.5454964368080976,-0.14350292220290667,0.9947280139511882,0.4869162309328629,105.36659917483651,269.34580811270195,0.500255519897858,-0.043897086235832466,0.864802110620535,0.7029864049896377
2025,15379,"Tryon, Joe",DE,16,2.25,1.5,0.0,11.0,2.839454172900137,1.2619796324000607,0.0,3.25,-0.6109579200618184,0.8967746214569562,0.994703916768981,0.5860207984460613,62.90876817783104,85.51102249687476,0.5214882321954781,0.6693946980161366,0.8709534887091738,1.0484605856777771
2025,17351,"Green, B.J.",DE,13,2.230769230769231,2.0,0.0,8.1,2.7835739659058167,1.247809019199159,0.0,2.0,-0.637750091131065,0.8578605084203568,0.9924193789221475,0.5895931336009094,63.29225491534235,86.0322907395764,0.6792057979302211,1.1257684367532417,,
2025,16232,"Morris, Mike",DT,16,2.59375,1.75,-3.0,16.5,4.2837583892535305,1.6515694994712407,0.0,3.5,0.4342709435380196,2.2558368159463362,0.9781942357223634,0.490891106087543,49.011827470447344,70.13652718510477,0.4873498893323528,0.15230793387485447,0.28962151172869777,
2025,16737,"Newton, Josh",CB,14,1.8714285714285714,1.0,0.0,5.0,1.711485808725678,0.9145344016091409,0.4,3.75,-1.0272058543482383,-0.12490120332536415,0.9774849539687878,0.690185641173645,88.08798600977029,152.64328230894816,0.6598279898418845,0.9526816812703943,0.3825715689634736,
2025,15943,"Hardy, Daniel",DE,16,1.75,2.0,0.0,4.0,1.3919410907075054,0.7953949089757174,0.75,2.25,-1.3049785797744675,-0.38452001350846354,0.9747159197406796,0.7316233693206768,78.53906389691801,106.75706828002292,0.6483830745715735,0.5278640450004206,0.4062197768561405,
2025,17076,"Bond, Isaiah",WR,15,2.7333333333333334,0.5,-3.0,15.8,5.0647364744432215,1.8529523686987395,0.05,3.95,0.12347782812706123,0.0895659955881738,0.9580718428117448,0.45069284458633785,76.79121873750512,139.78326935223572,0.46436111091843824,0.7263270663167761,,
2025,14197,"Savage, Darnell",S,11,2.090909090909091,1.0,0.0,8.0,2.4937939498809456,1.1926840629865392,0.5,2.25,-0.5563550946505534,0.05303090257577814,0.9535842970743236,0.5984637677274416,74.56065682044043,153.23392392489404,0.653055839168378,0.6228801759789651,1.0788914545236188,1.111397251561217
2025,15867,"Malone, DeAngelo",DE,9,2.211111111111111,1.0,0.0,9.9,2.944088028742968,1.331497098426468,1.0,2.0,-0.5607904579824283,1.087677477431986,0.9483653711614713,0.5606140367551129,60.181376785574194,81.80371692634151,0.5772690259553647,0.6022865196257121,0.4460511464875342,0.2583426132260586
2025,17059,"Gordon II, Ollie",RB,16,2.78125,0.4,-2.7,15.2,5.408814420693319,1.9447422636200697,-0.925,5.65,0.22174789146431995,0.20185860409392753,0.9444799412023642,0.43397262230275635,66.28562977862632,133.73542505346038,0.46654275246066684,0.44356339803557016,,
2025,16164,"Bigsby, Tank",RB,16,2.6812500000000004,0.45,-0.1,18.8,4.9452273393141395,1.8443738328444341,0.0,1.975,0.08698708298373682,0.18936138256070903,0.9426503538456101,0.4509920053468162,68.88519589303468,138.98021310821719,0.6026356710776294,0.5805860470604851,0.6953615626085428,0.06698815393959277
2025,12155,"Abdullah, Ameer",RB,12,2.0250000000000004,1.1,-1.0,6.9,2.3342111444054643,1.152696861434797,0.3,3.125,-0.6720130434541948,0.10323828315254135,0.9406805185985707,0.6073400610509584,92.76603261960298,187.1613024472779,0.4929451217598205,0.5915429727138443,0.7250513921954815,0.756356071786683
2025,11674,"Cooks, Brandin",WR,15,2.5866666666666664,1.8,-3.0,17.7,4.535911031853346,1.7535738525206237,0.05,3.3,-0.06433516633678044,0.07658796289736511,0.9393852517515844,0.4672522104822711,79.61268329800004,144.91918915024803,0.39155032058698364,0.38616737872758694,0.908019593215218,0.7330682966920442
2025,16516,"Wheat, Tyrus",DE,14,2.4642857142857144,1.0,0.0,14.5,4.081597576379892,1.6563004657773472,0.0,1.75,-0.015403244289974605,1.9796244082081405,0.9277134669193227,0.484943106423878,52.05817531110193,70.76196099707776,0.581458806102541,0.48799690161998455,0.9177298320461305,0.22134829228926903
2025,15924,"Kendrick, Derion",CB,14,2.9714285714285715,0.0,-1.4,22.0,6.5756508174833455,2.212959409729972,0.0,1.0,1.086030354833884,0.8163905718901293,0.9248260536470022,0.3922340988276555,50.060606522227836,86.74753096389384,0.19693345849754312,0.2684747639175602,,0.7850832270631278
2025,14370,"Hudson, Tanner",TE,14,2.0785714285714287,0.8500000000000001,0.0,7.9,2.5962001275018878,1.249030989176166,0.05,3.175,-0.24534166603676394,-0.21172853553276286,0.9242075536419453,0.5779910335566656,125.07479868300348,319.7253493007534,0.7974911781484182,0.8163876258155932,0.4834456312933016,1.1600948843355614
2025,17159,"Martin, Nick",LB,7,2.2142857142857144,0.5,0.0,8.0,3.092122974559052,1.3964426336718299,0.0,3.5,0.00793856338541836,0.10841472676474129,0.9239886167827791,0.5411092794747488,61.87729343626014,138.32016200480254,,0.6901882665106771,,
2025,16954,"Wallace, Josh",CB,15,2.8266666666666667,1.0,-2.0,23.4,5.8350054746237285,2.0642708047017906,0.0,3.0,0.7642570280912537,0.7085989319371598,0.9224598107743787,0.41355733761460906,52.78207890283853,91.46343486528951,0.553944118169817,0.7836917465611521,0.3308971892706701,
2025,13303,"Elliott, Jake",PK,16,3.075,2.6,-11.1,18.2,7.221625509537309,2.348496100662539,-1.975,7.65,0.49953022801835556,0.26051347259018887,0.918322705942998,0.3740136298391257,54.66303407016269,77.27242872362436,0.0986730147703167,0.14417639647058275,0.4644461056071705,0.9725642793266839
2025,17193,"Ingram-Dawkins, Tyrion",DT,13,1.9769230769230768,2.0,0.0,7.0,2.3052294550080443,1.1660693741285828,0.0,2.0,-0.9131140389078032,0.8440317949523809,0.9126776365223297,0.5981197686374441,59.71781224713087,85.45692291582793,0.5185563064288441,0.4040820577345752,,
2025,13754,"Yiadom, Isaac",CB,13,1.6923076923076923,1.0,0.0,5.0,1.4876215081395165,0.8790490729915326,1.0,2.0,-1.1244636869032925,-0.1506262531046467,0.9006192103399729,0.6802914698922037,86.82519876902762,150.45506121301528,0.5660188679433963,0.45757913208220313,0.7224263628534676,0.7844247875222348
2025,15527,"Key, Devon",S,16,1.84375,1.25,0.0,7.5,1.9342210156804729,1.0490690254538158,0.5,2.5,-0.8090734528475769,0.021145807304883135,0.8997988730963601,0.628360982402826,78.28545368118137,160.8889696706551,0.5421928667670354,0.4976687414077869,0.5381312395944919,
2025,14878,"Gross-Matos, Yetur",DE,7,1.5714285714285714,2.0,0.0,3.0,1.178030178747903,0.7496555682941202,0.5,2.5,-1.4075397200254824,-0.5101254370895658,0.8981359531011486,0.7214907243993963,77.45133422576748,105.27853231318689,0.8145933597265068,0.6789828507143879,0.8840958649398435,1.1802819697750042
2025,15873,"Bellinger, Daniel",TE,15,2.7400000000000007,0.2,-2.0,20.6,5.644678910265844,2.060101792067826,-0.45,3.0,1.0400671559789676,-0.08285337663018015,0.8953950509432169,0.4123600307859537,89.23295490952256,228.10380650616588,0.35317698132652764,0.22688627655257199,0.197401329303486,0.497774036457493
2025,11947,"McManus, Brandon",PK,13,2.8307692307692305,2.6,-9.4,14.0,6.121008541256104,2.162312799900254,1.2,6.0,-0.06769203703564558,0.23267560397507708,0.8951578828187138,0.39752363929476475,58.099081169345176,82.12967291211558,0.38506126624877557,0.8861788942143631,1.0673000349729156,0.5671813052897754
2025,15359,"Tufele, Jay",DT,12,1.8333333333333333,1.5,-1.0,6.5,1.98256287556172,1.0813979321245746,0.0,2.625,-1.1328510849313096,0.5978123591248654,0.8808182736407204,0.6146838842376636,61.37161604583674,87.823536467561,0.7158976197373403,0.6124860801609121,0.7098673699453729,0.693968725021813
2025,15765,"Austin, Kevin",WR,7,2.3714285714285714,0.0,-1.0,11.4,4.014514482551065,1.6928675528829793,0.0,3.0999999999999996,-0.24950978037954724,0.06866020978196019,0.8806332004296774,0.47291289708712536,80.57717836043396,146.67486219877665,0.2730169275181403,0.6737608988832202,,
2025,15795,"Kolar, Charlie",TE,16,2.05,1.45,-1.0,8.6,2.732443960999017,1.3328994931702525,0.0,3.8249999999999997,-0.18789366065367616,-0.19840224300611206,0.8787348130519711,0.5492379849291298,118.85276138515486,303.820122433598,0.7718869908850235,0.8143550235056369,0.38172499700030726,0.41898268636034264
2025,13687,"Lewis, Tyquan",DE,12,2.4250000000000003,1.0,0.0,14.4,4.286436943040999,1.7676028631096903,0.0,1.25,0.08280847768625854,2.285273430563766,0.8762095285865039,0.4587210679193366,49.24326473829196,66.93569180932617,0.5022842049198335,0.45757913208220313,0.9272258535526307,1.5355029970687368
2025,15460,"Bohanna, Quinton",DT,5,1.7,1.5,0.0,4.0,1.5999999999999999,0.9411764705882353,0.0,3.0,-1.3933777138075876,0.1900568239262,0.8757575757575757,0.653846153846154,65.28167751894107,93.41888246785389,0.8085869860630907,0.6538461538461539,,
2025,16911,"Stalbird, Isaiah",LB,16,1.84375,1.5,0.0,7.0,2.0518189338974335,1.112850947198608,0.0,3.0,-0.5220539916835777,0.07059988329258318,0.8726360950565848,0.6041478999690764,69.08592830190298,154.4343048038294,0.6062037879430641,0.5189301392095645,,
2025,14592,"Zaccheaus, Olamide",WR,15,2.2733333333333334,2.8,-3.0,12.6,3.6535766342342155,1.6071451470238485,0.1,3.8,-0.37769729302215704,0.0574655549575651,0.8719627044656209,0.48851313989533757,83.2352229072542,151.51330809072795,0.3838605341575444,0.4302974649414703,0.7232735826652471,0.3404736425082161
2025,16440,"Murphy, Caleb",DE,11,1.8545454545454545,1.0,0.0,6.0,2.1046976186891317,1.1348859708617867,0.0,3.2,-0.9632422860927525,0.5477609943669842,0.8686859531878569,0.5973352906839547,64.12336801990307,87.16201134037786,0.52806003747736,0.2222222222222222,,
2025,15293,"Bateman, Rashod",WR,13,2.4384615384615382,1.1,-2.0,14.6,4.4121403251166775,1.809395086009994,-1.0,3.8,-0.1082924822807255,0.083877765773551,0.8679667557633308,0.45055401227220926,76.76756381879464,139.74021023782166,0.4495298603327877,0.32384712974164476,1.0371629661795911,0.8378763731602503
2025,15798,"Likely, Isaiah",TE,13,2.3615384615384616,0.4,-2.4,11.0,4.087229353361791,1.7307485861141134,0.0,4.9,0.3833594853833894,-0.13518598014769262,0.8647952702591922,0.46420915934876955,100.45288556653954,256.785013961369,0.5513352598762828,0.8046117957058645,0.8665747302616141,0.6183859056507836
2025,13168,"Reynolds, Josh",WR,5,2.14,1.6,-2.0,6.8,3.1683434157300563,1.480534306415914,-0.2,4.5,-0.5500284564667098,0.040931200334323285,0.8627173566859687,0.5133934003432378,87.47444157968377,159.22996964752434,0.271151890051331,0.5133934003432377,0.5165209503453895,0.8151257816794456
2025,17061,"Allen, LeQuint",RB,16,2.0999999999999996,0.9,-0.1,11.5,3.0215889859476257,1.4388518980702982,0.375,1.8,-0.4721981707397109,0.1388684395477753,0.8610608957688618,0.5221816568868405,79.75881013397961,160.91841339743024,0.4828913824850208,0.5172865758764461,,
2025,17332,"Vance, Greedy",CB,5,2.2,1.0,0.0,9.0,3.4292856398964493,1.5587661999529314,0.0,1.0,-0.280907816181116,0.34213392717549884,0.8597893781934705,0.4966940899416533,63.392773531937486,109.85017895073095,,0.4966940899416533,,
2025,14974,"Mooney, Darnell",WR,14,2.721428571428571,1.75,-3.7,18.8,5.954131647307556,2.187869896648446,-1.7,3.9749999999999996,0.43934759766627535,0.13330352351287916,0.8536824461656148,0.3913398119925198,66.67836302347784,121.37480992894805,0.27971171687128576,0.37071175875726786,1.1518611967315704,0.5361255236383903
2025,13706,"Baker, Jerome",LB,16,2.06875,1.25,-1.0,12.0,2.9721033692487886,1.4366662812078737,0.875,2.625,-0.0532065391908479,0.11377825118384792,0.8490083422398348,0.5208197792675385,59.557134818364545,133.1336921693896,0.6174994303591241,0.7908727155297922,1.3309335148675137,0.9315455207662292
2025,15998,"Ray, LaBryan",DT,12,1.9166666666666667,1.0,-1.0,6.5,2.413791392993373,1.259369422431325,0.0,4.25,-0.8391829872184182,1.1153426963858732,0.8483192910542832,0.5614480927570806,56.05641804175284,80.21742283034914,0.41006185278905444,0.6289194583448439,1.191298412556992,0.6091546117068483
2025,16275,"Mapu, Marte",LB,16,2.5,1.0,-7.0,12.5,4.908538479017965,1.963415391607186,0.375,2.75,0.9333283116198516,0.18401632976281704,0.8436211835439458,0.4231164794606729,48.38450115422047,108.15844822087016,0.39977163671292093,0.28060513316412655,1.0628635993708964,0.3992819504009018
2025,12219,"Edwards, Mario",DT,14,2.1214285714285714,1.25,-3.0,9.7,3.2136269166136366,1.514840970794307,0.0,3.75,-0.2944922554836251,1.85823851839086,0.8435637068369072,0.5034685351624578,50.26759025815526,71.93353916045349,0.5313648363686045,1.1615504585949774,0.9496704907972682,0.7472100924915329
2025,15941,"Young, Dareke",WR,8,2.075,0.75,0.0,9.7,3.0752032453156652,1.4820256603930915,0.0,2.55,-0.5831073004510862,0.0411259591354578,0.8360106960664426,0.5091770581958474,86.75604088617023,157.922262864181,0.4915493129373759,0.4458528888263161,0.14962185313202586,
2025,17388,"Simmons, Elijah",DT,8,1.75,0.75,0.0,4.5,1.9364916731037085,1.1065666703449764,0.0,4.0,-1.1642257316401374,0.6710015286777401,0.8307356347347012,0.5959492465205417,59.50110175025045,85.14680753266015,,0.5406150953388972,,
2025,16451,"Shavers, Tyrell",WR,16,2.53125,0.2,-2.0,20.5,5.259244093736285,2.0777260617229767,0.0,3.6,0.19255744397639632,0.11891962701967956,0.8224416173617973,0.4044018673969047,68.90393896897609,125.42603202137063,0.559322096253049,0.7565276707513655,,
2025,14948,"Walker, Mykal",LB,13,1.7692307692307692,1.0,0.0,7.5,2.0438969623979113,1.1552461091814281,1.0,1.5,-0.5260899136372648,0.07625296302243806,0.8208950066972771,0.5812387183556339,66.46620210822991,148.57818325432515,0.6760957526095144,0.9776007687718735,0.6126957509478633,
2025,17404,"Whiteside, Nick",CB,7,2.4285714285714284,0.0,0.0,14.0,4.776643856371567,1.9668533526235867,0.0,1.5,0.30445188371966414,0.6379762576739963,0.8185680719351511,0.42041217858579666,53.65695821000924,92.97946962916645,,0.2222222222222222,,
2025,16311,"Howden, Jordan",S,15,2.76,0.5,-1.4,26.4,6.562601110332193,2.377754025482679,0.0,2.0,1.2812288958595144,0.31613753337170464,0.8171110090248793,0.36495379826779795,45.468408240136476,93.44475902397159,0.35183118059561874,0.525675029148947,0.7236704621774039,0.6016107432195812
2025,16697,"Smith, Maason",DT,13,1.7153846153846155,1.5,-1.2,6.5,1.9001401380894773,1.107705013236018,0.5,2.5,-1.1889812515212288,0.6743117610037381,0.813863707023659,0.5914833538060191,59.05521556386134,84.50873892254764,0.5661067485873962,0.38667473890296084,0.9513487047699513,
2025,14118,"Humphrey, Lil'Jordan",WR,9,2.244444444444445,0.8,-2.0,11.4,3.950839885703942,1.760275196600766,0.0,4.9,-0.27212389033342604,0.07746310438557738,0.8131234332027625,0.4533461990813939,77.24331006281783,140.60621245089928,0.42012466726958997,0.6347658431051105,0.32178437540697574,0.4664102641669494
2025,13193,"Smith, Jonnu",TE,16,2.0375,2.05,-2.4,8.4,3.08137043375184,1.5123290472401667,-0.725,3.825,-0.0407667825375497,-0.16989176992517122,0.8110004548322307,0.49921957172777587,108.02898973751167,276.1516056161923,0.4478454946862887,0.6691901176235253,1.091759047070074,0.5966270628930577
2025,12976,"Hamilton, Antonio",CB,14,2.0357142857142856,1.0,0.0,12.0,3.0964512274669587,1.5210637608609623,0.0,2.75,-0.42550770757902256,0.3148015856071585,0.8074822689209072,0.4969458130160797,63.424900799350205,109.90585069181209,0.4660753073553945,0.7222336580433282,0.3873595115062207,0.7079746143754875
2025,15521,"Ogbongbemiga, Amen",LB,7,2.0,0.0,0.0,8.0,2.9760952365713798,1.4880476182856899,0.0,3.0,-0.05117284530992152,0.12062957056895013,0.8038431359999598,0.5030060602181694,57.52008839794671,128.58008978576655,0.43142098215183805,0.6014829499437049,0.25854434298504164,0.3105829227703226
2025,15432,"Carter, Michael",CB,12,2.0,0.5,0.0,10.0,3.0,1.5,0.0,2.75,-0.46741093782229426,0.29953143544097754,0.8,0.5,63.81470488141326,110.58132276511994,0.35809855468057367,0.14285714285714288,0.8841490450259203,1.4203335175349867
2025,16596,"Allen, Braelon",RB,4,2.025,1.75,-1.8,6.4,3.1115711465431737,1.5365783439719376,-0.3,4.075,-0.4460411245282193,0.15103669837825362,0.7983195176337918,0.49251245517240533,75.22709172687136,151.77538662946807,0.5816577186266219,0.6282100776876667,0.7034462036856242,
2025,16900,"Pettus, Dell",S,16,1.9625,0.5,0.0,9.9,2.8792088757156886,1.467112802912453,0.0,2.125,-0.38229123035598633,0.11395896880015004,0.7954642356374008,0.5059021215087139,63.02870198772498,129.53393568850828,0.49266267834735367,0.42321217369642333,0.5092962161246071,
2025,17078,"Bech, Jack",WR,15,1.9866666666666666,1.4,-3.0,8.0,2.9832569822632142,1.5016394206022892,0.0,3.5999999999999996,-0.6157621267942912,0.04368735802702934,0.7941458910126868,0.4987543298142614,84.9801661976635,154.68963322239995,0.4962925775919048,0.9655988767088278,,
2025,14799,"Akers, Cam",RB,5,2.24,0.0,0.0,10.4,4.091747792814215,1.82667312179206,0.0,0.8,-0.16111213791301018,0.1871574056168879,0.7924510205056466,0.4399275241325238,67.19519042317006,135.57052083238253,0.7167762917174306,0.4399275241325238,0.8424085893690366,
2025,17134,"Williams, Kyle",WR,16,2.5249999999999995,0.0,-3.0,17.4,5.522623923462469,2.1871777914702855,-0.925,2.7,0.28609710852051384,0.13321314015867863,0.7922369460397078,0.387114147562202,65.9583739544753,120.06421182127802,0.532133869572176,0.9478704868205823,,
2025,17357,"Thornton, Corey",CB,12,2.5,0.5,-2.0,19.0,5.392896562454479,2.1571586249817916,0.0,2.0,0.572182836546342,0.7759378546322803,0.7918512488470287,0.39105904116805446,49.910634606695666,86.4876521032459,0.4822471907872196,0.5897800466642017,,
2025,13745,"Nnadi, Derrick",DT,14,1.7142857142857142,2.0,-1.0,7.0,2.024089616472108,1.180718942942063,0.0,2.5,-1.1045712321052437,0.8866318556458166,0.7861103421117296,0.5668766246040002,56.59841658888399,80.99302940935443,0.5821410795926039,1.041522986797286,0.2937699766911966,1.1657758331714596
2025,15614,"McCloud, Nick",CB,15,1.84,1.0,-0.6,9.0,2.483223711227001,1.349578103927718,0.0,2.5,-0.6919243668518695,0.19048324806042266,0.783119317005946,0.5282462892260921,67.41976210332949,116.82834681677477,0.37153127774966066,0.580525032355679,0.5381875810234609,0.5988698200257121
2025,17369,"Ajiake, Austin",LB,15,1.5933333333333333,1.0,0.0,6.5,1.6619132214275076,1.0430417707704023,0.5,2.45,-0.7206950780495489,0.061291348503069394,0.7798828962427478,0.5985669707440253,68.44773411746634,153.00768902799993,0.5245718785783655,0.4366285544111203,,
2025,14205,"Johnson, Lonnie",S,8,1.925,2.25,-3.1,5.5,2.8331740151286153,1.4717787091577221,-0.125,4.0,-0.4030818256052306,0.11499488305893073,0.7787913994355743,0.5021947848969257,62.5668169618711,128.5846890223451,0.4546726567560656,0.3750200656913203,-0.015632187019393926,0.43846910555690916
2025,17223,"Reed, Jaylen",S,7,2.557142857142857,0.0,0.0,16.9,5.86560364518853,2.2938114813586434,0.0,0.5,0.9664458813624477,0.2975007940534677,0.7763476664086669,0.3724571049094748,46.403220841495816,95.36594653960327,,0.46667742287531905,,
2025,17234,"Horn, Jimmy",WR,12,1.866666666666667,0.8500000000000001,-0.2,8.9,2.636706700075347,1.4125214464689355,0.0,2.575,-0.7388398779539871,0.03204926937245154,0.7737409627586093,0.513284908741195,87.45595625770957,159.19632076444807,0.3907735733964416,0.6454593846110759,,
2025,16639,"Legette, Xavier",WR,14,2.657142857142857,1.15,-8.4,15.9,6.492821782081928,2.443535079278145,-1.0,5.325,0.6306640494705219,0.1666913343363262,0.7716322894842887,0.3546251244754086,60.4227376372054,109.9876776147043,0.5456463056524119,0.4425601486721155,0.9096140335023848,
2025,15082,"Barnes, Krys",LB,6,1.75,1.0,0.0,6.5,2.2314046398326473,1.2750883656186556,0.25,1.75,-0.4305623859392217,0.09223303713843971,0.7692008919065126,0.5415601557379183,61.92885234293175,138.43541650168763,0.46321190235014104,0.5561069152822185,0.533044506906817,0.7008321185436354
2025,16029,"Avery, Tre",CB,9,1.3111111111111111,1.0,0.0,3.0,0.9290908871274165,0.7086286427243007,1.0,2.0,-1.367117283180283,-0.274172355756655,0.7673470280941955,0.6796523273527404,86.74362538396161,150.3137067581167,0.6004495389753082,0.47722557505166113,-0.022258002459752655,0.4590958897597674
2025,16733,"Bertrand, JD",LB,14,1.9285714285714286,0.5,0.0,9.0,2.9207211857515536,1.5144480222415462,0.0,3.5,-0.07938366977221555,0.12414986820393287,0.7669959416588663,0.49189201098515384,56.24916714092466,125.73907938592215,0.6167587044136011,0.16064915440886857,0.452522972993211,
2025,17361,"Ponder, Elijah",DE,14,2.007142857142857,1.5,-2.0,10.7,3.267254042708011,1.6278134020609307,0.125,1.5,-0.40584616561790576,1.9013956963080152,0.7638072229819298,0.4703593545298088,50.49262359433732,68.63392810198357,0.6550519462560043,0.6237420652991641,,
2025,15481,"Johnson, Patrick",DE,9,1.788888888888889,0.0,-0.6,6.0,2.4278222726662513,1.3571677300618796,0.0,3.0,-0.8083178240748137,1.158171947009192,0.7589145507443068,0.5218732905593275,56.02259500183999,76.15074210313064,0.4784644505028046,1.0221300191353782,0.30608613612221786,0.2700832253022181
2025,13869,"Bojorquez, Corey",PN,16,2.38125,3.5,-13.2,7.9,5.099659149149088,2.141589143999617,0.75,5.875,1.6136756457085144,1.4347546537760167,0.7579762632386696,0.39039066639193903,45.23620528203283,54.651735379425716,0.2570047347619874,0.057825790207401355,1.3606323761877543,1.4328018971975491
2025,16492,"Cherelus, Claudin",LB,14,1.8571428571428572,0.75,0.0,9.0,2.70864074655122,1.45849886352758,0.0,1.875,-0.18743001916489335,0.116689463755979,0.7553970777428524,0.500761056155108,57.263366178526475,128.00621434603002,0.6492046412278969,0.9232300219510984,0.5437198990092266,
2025,17263,"Bridges, Trikweze",CB,15,2.32,0.0,-0.8,19.1,4.833659759092138,2.0834740340914393,0.0,3.0,0.3292224393877765,0.722520291868615,0.7523980984920469,0.39769203138460874,50.757199232997095,87.95462176731526,0.46958087278158034,0.43452577028639633,,
2025,16443,"O'Connell, Patrick",LB,8,1.9,0.75,0.0,9.2,2.8995689334795953,1.5260889123576817,0.0,2.125,-0.090159881138221,0.12570209437492053,0.7521508806381116,0.48723334102075355,55.71643576975005,124.54821460380595,0.41053150015748635,0.4003817405719277,,
2025,16647,"Spann-Ford, Brevyn",TE,16,1.5625,1.25,-1.0,5.7,1.7061927646077977,1.0919633693489905,0.7250000000000001,1.825,-0.6206184507699585,-0.23668580731656982,0.7469060036582968,0.5773794167343617,124.94244740680796,319.38702328737907,0.8017104061653472,0.8206840802376884,0.16078375062965483,
2025,16957,"Jennings, Terrell",RB,7,2.0571428571428574,0.0,-0.5,10.3,3.620914305553677,1.760166676310815,-0.25,2.55,-0.29797941474522455,0.17887645735314564,0.7452966064688508,0.445180914666707,67.99760117936857,137.18943497570535,,0.49718160357024277,,
2025,17368,"Martin, Keyon",CB,13,2.0384615384615383,1.0,-2.0,12.3,3.5486808950192406,1.7408623258584954,0.0,3.0,-0.2290365544381964,0.4741443124819111,0.7437300003104129,0.4481434476297586,57.19628371006426,99.11259045483992,0.3973308566177548,0.5308938607380453,,
2025,16755,"Lee, Logan",DT,6,1.5,1.25,0.0,3.5,1.5275252316519468,1.0183501544346312,0.0,2.875,-1.442733279343275,0.4144732321939502,0.74318125460256,0.5934658856084399,59.25315662543274,84.79199501321925,,0.7190423397675585,,
2025,15335,"Farrell, Luke",TE,16,1.88125,0.5,-2.5,7.0,2.882320842220727,1.5321306802502201,0.0,4.225,-0.12469720134818696,-0.16674538789341392,0.7429513866219964,0.4845684003086942,104.85853862439392,268.04706657030783,0.5754107131234982,0.36092943272443895,0.15305137213185527,0.4452613880102795
2025,15788,"Tolbert, Jalen",WR,12,2.2166666666666663,0.44999999999999996,-1.5,13.4,4.454928606486179,2.009742228490006,-1.0,2.4749999999999996,-0.09309617248781729,0.1100414867125468,0.7364971809492046,0.40636034430055423,69.23763370166824,126.03345747272043,0.4821405211197584,0.40434831696466267,0.9542851331973318,0.4673305987255571
2025,9826,"Graham, Brandon",DE,8,1.9875,0.0,0.0,10.0,3.4170299603603125,1.7192603574139937,0.0,1.975,-0.3340350141631207,2.1525194202436557,0.7308972804244845,0.44996298821524694,48.303093319037714,65.65772974280615,0.6524534666682051,0.6544954597417407,1.018560645522869,0.7365925230443264
2025,14926,"Gay, Willie",LB,16,1.71875,0.25,0.0,8.0,2.3383270595663044,1.3604811982931226,0.0,3.25,-0.3760897661916713,0.10361953665606245,0.7281354332509989,0.5148536884888953,58.87489638006643,131.60862011030696,0.6675346260122229,0.7560964758067527,0.5781346570638424,1.2856942981201018
2025,17350,"Huntington, Adin",DE,12,1.7166666666666668,1.0,-1.0,7.6,2.3344640117642044,1.3598819486005074,0.0,2.25,-0.8530791202716805,1.165625499337575,0.7274375176625723,0.5148253694177403,55.26600745681184,75.12232306938206,0.4723906755679747,0.3827243765414367,,
2025,14358,"Browning, Jake",QB,5,2.6,2.8,-8.9,12.0,6.794998160411819,2.6134608309276226,1.5,5.6,-1.4724999552213691,1.1467327466198116,0.7195318066676113,0.3335472243219412,42.14628106638698,100.0,0.4600704006724719,0.33354722432194117,,1.0963767991994655
2025,15752,"Burks, Treylon",WR,7,2.157142857142857,2.0,-4.0,11.1,4.326284167028046,2.005562196635518,-0.14999999999999997,3.15,-0.13878440049255855,0.1094956082657511,0.7177169248261117,0.4049995812270935,69.00578033173078,125.61141413764881,0.41553343302829626,0.06780113467821505,,0.406369808136288
2025,13777,"Nichols, Bilal",DT,4,1.125,1.5,0.0,1.5,0.649519052838329,0.5773502691896257,1.125,1.5,-2.0406584950688935,-0.8679277801790785,0.7132214207425066,0.682016978260549,68.09432490402604,97.44381542725176,0.7022842681260253,0.7777777777777777,,1.7477066159068355
2025,17376,"Knowles, Kevin",CB,12,1.75,0.5,-1.0,7.0,2.553592241007427,1.4591955662899583,0.0,3.5,-0.661352763123137,0.2699503063011622,0.7116148158318781,0.4924594273382033,62.85230604331444,108.91362976642398,0.4522933186392535,0.8784303956073176,,
2025,16333,"Higgins, Elijah",TE,16,2.275,1.05,-7.0,15.7,5.002561843695688,2.1989282829431596,-0.525,4.35,0.7693147575030976,-0.06079453046328586,0.7111756809711584,0.37900484147270636,82.01503396234774,209.65282900821612,0.27693706152858655,0.4550858593152559,0.5057461412477675,0.3730905897087984
2025,16486,"Pili, Brandon",DT,12,1.8333333333333333,0.75,0.0,10.0,2.953340857778225,1.6109131951517592,0.0,1.5,-0.47174795326223007,2.137610740241843,0.7021808832012015,0.46374279357324766,46.30127029684245,66.25768657243938,0.4911685246347669,0.5617029490437172,,
2025,16633,"Whittington, Jordan",WR,16,1.7562499999999999,0.5,-1.0,7.9,2.7106200282407715,1.5434135392118273,-0.05,2.75,-0.7125894702097005,0.04914272099474179,0.6905090237682073,0.47330364915662065,80.64375658105845,146.7960547192178,0.26723900184118476,0.2033851494334772,0.609931043092787,
2025,16601,"Shipley, Will",RB,14,1.6357142857142857,1.0,-1.2,7.1,2.2400915615397583,1.3694882908976689,0.0,1.8499999999999999,-0.6993728030124288,0.13023173616922734,0.6903238526216153,0.5048358216571388,77.10938122269006,155.5730240153943,0.6144284556354593,0.6819687666407752,0.21484802896921232,
2025,13377,"Patrick, Tim",WR,15,2.2400000000000007,0.0,-4.0,16.6,5.0435172912033,2.2515702192871867,-0.85,2.8,0.11594180957838998,0.14162227188439774,0.6888979320554413,0.3706450882932782,63.1522962722755,114.95630080068291,0.48792365372018953,0.47478366093825103,0.8060652373553998,
2025,17257,"Black, Korie",CB,10,2.12,0.0,-1.8,14.0,4.419230702282921,2.0845427840957176,0.0,1.75,0.14917375941708766,0.723295081003526,0.6872979719817736,0.39119943705421556,49.92855325077954,86.51870242885086,0.39119943705421556,0.4201200588093172,,
2025,17295,"Bryant, Cobee",CB,6,1.9666666666666668,1.0,-2.0,9.8,3.7155828016013257,1.8892793906447418,0.25,1.75,-0.15652603069244123,0.5817390996364712,0.680677221121148,0.41705696822857674,53.228734692487144,92.23742243025322,,0.4283527105046386,,
2025,15408,"Sample, Cameron",DE,13,1.5384615384615385,1.0,-2.0,5.0,1.9460170216420796,1.2649110640673515,0.0,3.0,-1.0393228507529182,0.904824665702943,0.6792591386342354,0.5222174641760949,56.05954170804489,76.2009632522166,0.5351837584879964,0.5539679298968669,,0.8487507252141526
2025,15456,"Niemann, Nick",LB,7,1.2142857142857142,1.0,0.0,2.5,0.9583148474999099,0.7892004626469847,0.5,2.0,-1.079149804134356,0.02744349685117946,0.6786750504687841,0.6200666434388407,70.9062791962201,158.5035071981924,0.4911903499388493,0.513167019494862,0.48534086762045975,0.46630482470430135
2025,14963,"Thomas, Daniel",S,11,1.6363636363636365,0.5,0.0,7.0,2.3460887091934435,1.4337208778404376,0.25,1.25,-0.6230627991198133,0.10654536692049173,0.6723711216282385,0.4890377328812878,60.92762258953369,125.21588573573021,0.5294117647058824,0.8119858412442839,0.1451042245908118,0.16946458975616346
2025,15891,"Davidson, D.J.",DT,15,1.6333333333333333,0.0,0.0,6.5,2.3414145771781256,1.4335191288845668,0.0,3.0,-0.8884718467436902,1.6217595171885093,0.6711816290846219,0.48881493020620853,48.80453674378236,69.83989160883034,0.5679139612430276,0.3458518397804955,0.8993829068742603,0.6215548999098028
2025,16425,"Hill, Julian",TE,13,1.6076923076923075,1.2,-1.3,6.0,2.2489182146300197,1.3988486502483377,0.0,2.8,-0.39177510590714487,-0.18792324651452597,0.6701933060786778,0.4948392669451632,107.08111043307993,273.7285672032144,0.5123979055428228,0.3563218390804598,-0.09214722716091998,-0.24397828328437454
2025,12745,"Jones, Deion",LB,16,1.40625,1.0,0.0,6.0,1.553411065204571,1.104647868589917,0.5,2.0,-0.7759725092229557,0.06950606373307804,0.6681640292360007,0.5507338865892067,62.977893003150065,140.7804362336915,0.5604745567863217,0.4964918079550404,,0.9262047317607266
2025,14310,"Bell, Quinton",DE,6,1.6666666666666667,0.5,0.0,7.0,2.494438257849294,1.4966629547095764,0.0,1.75,-0.7763783061851985,1.5412416746947186,0.6675577348246997,0.47694838016466845,51.19994914878916,69.59538599014898,0.6539337587080092,0.5543727455451929,0.7359141358743909,
2025,14672,"Reeder, Troy",LB,16,1.4375,1.0,-1.0,5.5,1.6758859597239903,1.1658337111123411,0.75,1.5,-0.7135765367562232,0.07766474104295065,0.6637166983894256,0.5372052552449859,61.43085782332479,137.32220228684008,0.5568567028235858,0.6178957761457212,,0.33252961827323224
2025,16457,"Izien, Christian",S,13,1.9307692307692308,1.0,-1.4,12.0,3.6924839701510535,1.9124418968909838,0.0,1.5,-0.014994075567935852,0.21282995635374388,0.66293828310543,0.4114599523516493,51.262458910658914,105.35244811262803,0.4505263813593132,0.7415448858199425,0.9601665804989652,0.9840773658612791
2025,17194,"Jackson, Cam",DT,8,1.75,0.0,0.0,8.5,2.8722813232690143,1.6413036132965797,0.0,2.125,-0.5269497739641398,2.2259842394179374,0.6625516245805025,0.4519299745821759,45.121848141602214,64.56991897994143,,0.3863636363636363,,
2025,16746,"Ali, Rasheen",RB,14,1.6714285714285713,1.0,-0.6,9.9,2.604783668403899,1.5584175793869484,0.125,1.4,-0.5933599196911592,0.1537559773486264,0.653305615508271,0.463669591625906,70.82158945197233,142.88700884267988,0.5121743587258704,0.5872604364493275,,
2025,16336,"Braswell, Christian",CB,16,1.75,0.0,0.0,9.0,2.947456530637899,1.684260874650228,0.0,3.0,-0.4902384450742333,0.4331111529583499,0.6519485555695228,0.44332343786879,56.58110870922077,98.04658434462252,0.6495631927769311,0.7485356067124528,,
2025,15906,"Womack, Samuel",CB,5,1.6,0.0,0.0,6.0,2.3323807579381204,1.4577379737113252,0.0,2.0,-0.7574580792600851,0.26889362617154255,0.651005118167218,0.48013721006779103,61.27962872612242,106.1884155961012,0.7746262691228585,0.480137210067791,0.837210239555706,
2025,15755,"Dotson, Jahan",WR,16,1.9937500000000001,0.15,-1.9,11.0,4.124843747040607,2.0688871458510882,-1.0,2.5,-0.21032620887948175,0.11776533589571996,0.649665466745952,0.3890362513298695,66.28587125697764,120.66035607319179,0.32115311091424964,-0.0819175864349147,0.2681907182983361,0.6323122458062386
2025,17109,"Evans, Mitchell",TE,16,1.6812500000000001,1.15,-3.0,7.1,2.6779700217702214,1.5928446226142579,-0.075,3.9,-0.21086291418778047,-0.15709824125483277,0.648419109011193,0.45711356809558984,98.91742983106344,252.85996969561597,0.23945967092675893,0.018794929649545343,,
2025,16624,"Thrash, Jamari",WR,9,1.5444444444444445,0.7,-1.0,5.2,2.1370338275860106,1.3836909675017335,0.0,3.6,-0.9162993019464747,0.0282842413471044,0.6479214233307788,0.4923263596532254,83.88493766540817,152.6959856746273,0.4074142795493162,0.7609077297907642,-0.05447866530991982,
2025,15759,"Metchie, John",WR,15,2.22,1.0,-5.1,15.0,5.421832408574307,2.442266850709147,-0.25,2.45,0.25030088030769393,0.1665257139139165,0.6449238528798702,0.3456957233944472,58.90130325048383,107.21820636294792,0.39677366333224373,0.12342160467859396,0.3991842014137922,0.22970563111972614
2025,12842,"Dixon, Riley",PN,16,2.1625,2.2,-11.7,10.7,5.161985446511836,2.3870452931846637,-0.175,5.125,1.6787877768797486,1.7234187650557642,0.6384620850365756,0.3509420816993561,40.66513217792393,49.12923241684868,0.7839012689302942,0.7692765609914851,1.2597542631807388,1.0404279641789032
2025,16715,"Jackson, McKinnley",DT,8,1.3125,0.75,0.0,3.0,1.3905372163304368,1.0594569267279519,0.0,3.0,-1.5360225870832442,0.5340092415402,0.6373039333652338,0.5490397685649655,54.81753911940205,78.44457187373254,0.6825033467100668,0.4858901851757657,0.6030001941968616,
2025,16760,"Washington, Casey",WR,7,1.542857142857143,1.8,-2.0,5.0,2.213502165513893,1.4346773294997452,0.0,3.0,-0.8891414794000155,0.034942649001427135,0.63370087040411,0.48011703848048104,81.80465468760053,148.9092407759722,0.3204648874068058,0.3171501199813688,0.1110109195681759,
2025,12447,"Mostert, Raheem",RB,12,1.9416666666666664,1.1,-3.3,14.1,4.012783392553796,2.0666695583968053,-0.1,2.575,-0.18406641521646808,0.21704019458005464,0.6331515768792944,0.387343021753324,59.16335459374476,119.3657871337648,0.2807685566727031,0.40262968765843443,0.6039435284361694,1.085882991306882
2025,16215,"Musgrave, Luke",TE,16,1.86875,0.6,-7.7,7.4,3.6521772187970285,1.9543423244398817,0.0,4.975,0.199917220681355,-0.09965803554209081,0.6325434884578919,0.40169363979715844,86.9247933150625,222.20351500218598,0.4343529617432706,1.1264674102620726,,0.9841199229072314
2025,15909,"Mitchell, James",TE,4,1.275,1.1,0.0,2.9,1.2987975207860538,1.0186647221851404,0.0,2.375,-0.7923990265169629,-0.24833260161234147,0.6316056282094498,0.5546378001852137,120.02125841515921,306.80712001431687,0.15287140840349614,0.4495966611150631,,-0.08445342936255174
2025,14489,"Gillan, Jamie",PN,15,1.6666666666666667,1.7,-2.3,8.9,2.731706833139717,1.6390240998838301,-0.1,2.85,-0.8601183759363967,0.8437224376281864,0.6315465882786115,0.4466231516006836,51.75209939377322,62.52385724585986,0.46422826667752076,0.1748718732787299,0.9593246863489504,1.2663149505848121
2025,13763,"Dissly, Will",TE,8,1.5875,2.0,-2.3,5.1,2.4085459825380124,1.5171943197089843,-0.25,3.375,-0.32446712847665177,-0.16911870207426621,0.630662475109801,0.46574111311179767,100.78439383808373,257.63243965408736,0.5899190189068786,0.2715384259281927,0.7475036872505313,0.30107013028950996
2025,16735,"Abrams-Draine, Kris",CB,16,1.8125,0.5,-2.0,9.0,3.4135529511053435,1.8833395592305344,0.0,1.25,-0.2877428819244243,0.5774330254147093,0.6286113594209123,0.4106668754355994,52.41317092098975,90.82417260297464,0.5094386335173775,0.0,,
2025,14270,"Epps, Marcus",S,12,1.625,1.0,-1.0,9.5,2.5990783622917824,1.5994328383334044,0.0,2.0,-0.5088057901327752,0.14333637250471623,0.6251363666859919,0.45150447876473854,56.25147637910356,115.60566684513837,0.5631018551476712,0.8250630255540642,,1.1314002525015052
2025,17049,"Smith, Brashard",RB,16,1.625,0.6,-1.1,8.2,2.627855589639583,1.6171419013166666,-0.1,3.175,-0.586653109074972,0.1610679464097376,0.6209063403029363,0.44792301122477673,68.41643312388385,138.03445475318625,0.3909155015139274,0.2978785679505219,,
2025,14942,"Burgess, Terrell",S,15,1.6,1.0,-1.5,9.0,2.531139400875951,1.5819621255474694,0.0,1.75,-0.5394888731363371,0.13945756321566072,0.6196837607216032,0.4531115366340668,56.45169449880791,116.01714669834094,0.47103806791375263,0.5227272727272726,,0.46183467406048656
2025,16753,"Carson, Caelen",CB,7,1.8571428571428572,1.0,-2.0,10.0,3.757984696561687,2.0235302212255237,-0.5,2.5,-0.13810452985790064,0.6790640909537816,0.6142299634068495,0.39032131786487334,49.816479416942386,86.32449526584507,0.5701315566638283,0.6189297418117976,,
2025,16175,"Johnson, Roschon",RB,7,1.0571428571428572,1.0,0.0,2.2,0.7706345119577815,0.7289785923924961,0.5,1.6,-1.1265314275367169,0.050479651429677586,0.6114262269031465,0.5970418231450711,91.19306430289282,183.98773998534762,0.43786601234072586,0.732799455757602,0.7694105085748004,1.0916268548691297
2025,16949,"Tremayne, Brycen",WR,15,1.5066666666666668,1.0,-1.0,8.6,2.2182475565685227,1.4722882012622938,0.25,1.95,-0.8874561480371614,0.03985432550894633,0.6094219379024651,0.4681636947386235,79.76798637801585,145.20188777936198,0.39685019840058827,0.17159217453082617,,
2025,13718,"Carlson, Daniel",PK,16,2.13125,0.75,-5.7,14.0,5.332063243951632,2.5018478563995927,-0.575,4.65,-0.4742888381367601,0.283442414179614,0.6086072517699938,0.33658065592376446,49.192110645893266,69.53865493032113,0.2688491904738533,0.697384778473543,0.5931559804066331,0.5432335976020995
2025,17330,"Stackhouse, Nazir",DT,12,1.4166666666666667,0.75,0.0,6.5,1.8911342863183693,1.334918319754143,0.0,1.875,-1.1951142674304207,1.3350343236447377,0.6067307171652307,0.4900037585146831,48.92323241217881,70.00974656839621,0.5135777350511432,0.40909090909090906,,
2025,16749,"Solomon, Javon",DE,16,1.43125,1.5,-2.0,5.3,1.9537523992307724,1.3650671785018498,0.0,2.7,-1.0356140677904186,1.1798647294711555,0.6051625142025033,0.48455314005762007,52.01631279735306,70.70505785847496,0.574513153300282,0.5406150953388972,0.45741068037294874,
2025,17265,"Dolac, Shaun",LB,16,1.40625,1.0,0.0,7.5,1.8642923422843318,1.3257189989577471,0.0,2.0,-0.6175911553854497,0.09898425575991635,0.6046517230285344,0.49095896366447245,56.14247068414284,125.50057071225818,0.337019206242691,0.2684747639175602,,
2025,13811,"Smith, Tremon",CB,16,1.5625,0.0,-1.0,8.0,2.499218627891526,1.5994999218505765,0.0,2.0,-0.6849753762239884,0.37166379386503545,0.6010771482876832,0.4465282584933806,56.990138073933,98.75537095240686,0.46605470553362177,0.5604745567863219,0.03290827408289472,0.12559102571674138
2025,16883,"Johnson, Kameron",WR,16,1.9000000000000001,0.0,-1.0,16.3,4.139595390856455,2.178734416240239,0.0,1.05,-0.20508714476647358,0.13211050345237174,0.597722159577991,0.36967890573257495,62.9876734315747,114.65663738523604,0.41363032915568543,0.7609884103861937,,
2025,15935,"Goode, Cameron",DE,16,1.0625,1.0,0.0,3.0,0.8267972847076845,0.7781621503131149,0.5,1.625,-1.5759408818756635,-0.43184312571410094,0.5975270589427997,0.5816189945618494,62.43623877128021,84.8687197800296,0.631578947368421,1.1422903208302644,,0.14865382623167253
2025,17016,"Jones, Truman",DE,8,1.8125,0.5,0.0,11.5,3.6906765978611564,2.0362353643371898,0.0,1.0,-0.20283314647512263,3.0229687843122015,0.5969563563118793,0.3864048100921005,41.480184125444765,56.38344320935816,,0.49790980437757704,,
2025,16366,"Ivey, DJ",CB,16,1.525,0.5,0.0,9.0,2.3736838458396265,1.5565139972718864,0.0,2.0,-0.7395139550892672,0.3405011953299731,0.5965154118566774,0.45202812998633696,57.692083426350415,99.97173708186543,0.5986151528035115,0.7041198253521257,0.05102646511048005,0.35374268671641
2025,15914,"Rodriguez, Malcolm",LB,6,1.0833333333333333,1.25,0.0,2.5,0.8858454843945541,0.8177035240565116,0.25,1.5,-1.1160699942087917,0.031244168228689476,0.5959901155473872,0.5744549817564374,65.69046368335898,146.84410183862738,0.6656627554971953,0.513167019494862,1.2317008274459902,0.5385213624679042
2025,14852,"Gibson, Antonio",RB,5,1.7800000000000005,2.2,-2.9,7.4,3.5380220462851844,1.987652834991676,-0.9,3.1,-0.32207548714347034,0.2072015482089622,0.5957854202979912,0.39224137341005316,59.911536178842425,120.87529051533292,0.8169046943566161,0.39224137341005305,0.8826539435611114,0.9475635298016586
2025,15676,"Anderson, Zayne",S,14,1.3571428571428572,0.5,0.0,6.5,1.7364636830204596,1.2794995559098123,0.5,1.375,-0.8983860435336668,0.07230548767775638,0.5953687745296284,0.49594769540111977,61.78851237412286,126.98515018946408,0.559322033898305,0.5410848888143357,0.3528573870830123,0.22654091966098638
2025,14870,"Trautman, Adam",TE,16,1.625,0.9500000000000001,-3.0,8.4,2.8806466287970833,1.772705617721282,0.0,3.3,-0.12540314318280174,-0.1285192143164279,0.5860701509796371,0.41874464630233926,90.61455852275925,231.6355627231544,0.46307871435949316,0.8413090354992688,0.38224079087552465,0.4319368779227473
2025,17242,"Toia, Jay",DT,5,1.1,1.5,0.0,2.5,0.9695359714832659,0.8813963377120598,0.0,1.5,-1.8227258771285813,0.01621981061811135,0.5846721277972163,0.5585071894734603,55.762790712684144,79.7972385154522,,0.5585071894734603,,
2025,15796,"Ruckert, Jeremy",TE,16,1.45625,0.95,-2.1,5.0,2.178580027793333,1.4960206199439197,-0.125,3.3000000000000003,-0.42143361178084915,-0.17248309876078188,0.5834286737714205,0.45814482796299866,99.1405900754574,253.43042823594692,0.22056161803339436,0.03897288777445392,0.10702193079625712,0.4165353709288416
2025,15468,"Dimukeje, Victor",DE,5,1.4,0.0,0.0,5.0,1.9595917942265424,1.3997084244475304,0.0,2.0,-1.0328143274515278,1.2749935246296522,0.58340421100214,0.473038208421535,50.7801959789758,69.02482128531197,0.7040814365951487,0.473038208421535,0.7615028593423527,1.0768896262875687
2025,15766,"Moore, Skyy",WR,16,1.4437499999999999,0.0,-1.0,6.0,2.1432944122308535,1.4845329262205047,0.0,3.15,-0.9140758477505422,0.04145338783055319,0.5810951365399075,0.45931109551247673,78.2596378614237,142.45623677344986,0.5519292300319643,0.4691289269291486,,0.47891198509732225
2025,13633,"Kirk, Christian",WR,12,1.991666666666667,0.0,-2.3,12.3,4.867487088380981,2.4439265715720406,-1.0,2.725,0.0534244704991184,0.1667424600723884,0.5783127558836237,0.33944116734583707,57.835621850381635,105.27834354213039,0.35738930254018103,0.07479938391214203,1.0613867547616027,1.7601051551269749
2025,14467,"Phillips, Del'Shawn",LB,16,1.46875,1.0,-2.5,8.0,2.2670792746395083,1.5435433359247717,0.0,2.0,-0.41238761191794915,0.12802951201996696,0.5774424910539209,0.4495605635899554,51.408452905536016,114.91817336249316,0.4935727204814467,1.103796100280632,0.321294786358962,0.302538913120992
2025,12716,"Mills, Jalen",S,6,1.4166666666666667,0.5,0.0,6.0,2.129488723196773,1.5031685104918397,0.0,1.375,-0.720885244597432,0.12196397782273466,0.5659493800472548,0.4526831032065652,56.398317369763575,115.90744826916793,0.5374132953612967,0.4512920480878807,1.0468406762774953,0.835641882697787
2025,14975,"Murchison, Larrell",DT,16,1.4375,0.0,0.0,6.6,2.2284734124507746,1.5502423738787996,0.0,1.5,-0.9653851668471461,1.961183658908883,0.5636719139811129,0.44525688037454697,44.45558929530725,63.6164943863847,0.47914349148434876,0.3062870566386034,,0.6445421186484159
2025,15332,"Tremble, Tommy",TE,16,1.66875,0.2,-2.8,9.8,3.283998848583842,1.9679393849191562,-0.15,3.0250000000000004,0.04467266794797005,-0.0974975295497322,0.5622587875208425,0.38953091701965264,84.29283189262881,215.475502692796,0.17217628717280167,0.048236849530201534,0.37885969724167673,0.5648583629893593
2025,13148,"Ogunbowale, Dare",RB,16,1.5187499999999998,0.75,-1.3,8.7,2.621120645353815,1.7258407541424299,0.0,1.5,-0.5886108999053844,0.17460241769390988,0.5571675446160866,0.4194143605650578,64.06197902700771,129.24906987464826,0.5672179316272703,0.690996463206201,0.5750321767113037,0.34485614143801124
2025,16666,"Eichenberg, Tommy",LB,16,1.26875,1.0,-0.5,6.0,1.6285418132488954,1.2835797542848435,0.0,1.5,-0.7376964518744402,0.09336530070112166,0.5555969734007993,0.4826820686682616,55.19598560275818,123.38480315808881,0.5971997938362223,0.8882724919874075,0.33246712519479565,
2025,16793,"Williams, James",LB,15,1.8266666666666667,0.0,-2.8,13.2,4.219236371140583,2.3098009331061586,0.0,2.0,0.5821569510471896,0.23020426705991126,0.5518962329110196,0.3499873423566515,40.021988724719264,89.46493385105848,0.5180473465312456,0.8959306869355964,0.3105888330938468,
2025,12394,"Carter, DeAndre",WR,4,1.5,0.0,0.0,6.0,2.598076211353316,1.7320508075688774,0.0,1.5,-0.7525595426678369,0.07377722681745755,0.5490381056766579,0.4168894464399955,71.03163286365066,129.2990791440509,0.1929824561403509,0.3529411764705882,0.17594272548578002,0.3069494803501134
2025,17000,"Heyward, Shaka",LB,11,1.0,1.0,0.0,2.5,0.8257228238447705,0.8257228238447705,0.5,1.25,-1.1467000419994937,0.032313482248506324,0.5477282679164357,0.5477282679164357,62.634192468660835,140.01212994601164,0.5675675675675675,0.513167019494862,,
2025,15491,"Skowronek, Ben",WR,16,1.7062499999999998,1.0,-2.0,14.4,3.6296468061644784,2.1272655274224053,-0.125,2.05,-0.38619600035509405,0.12538908168712568,0.5456044538073961,0.36854863263609866,62.795092054640946,114.30608096841219,0.34104223606527445,0.03606231014549577,0.7317515197494662,0.2184485314106038
2025,15897,"Johnson, Eric",DT,12,1.25,0.0,0.0,4.5,1.6393596310755,1.3114877048604001,0.0,2.5,-1.3665736702033626,1.2668995116740611,0.5407772653826391,0.4735997267225927,47.285411791590334,67.66600514089092,0.46183321345594847,0.25,0.7522505190023813,1.0929102255130674
2025,17326,"Reed, Nikko",CB,5,1.2,1.0,0.0,4.0,1.4696938456699067,1.224744871391589,0.0,1.0,-1.1322523588353843,0.09998553404158853,0.5393876913398137,0.4858901851757657,62.01387754353346,107.46075879065049,,0.4858901851757657,,
2025,16019,"Hansen, Jake",LB,15,1.0,0.5,0.0,2.5,0.8563488385776752,0.8563488385776752,0.5,1.75,-1.1310973343626474,0.036397233671911174,0.5386918553337178,0.5386918553337178,61.60085451974465,137.7022119686355,0.6141439811073912,0.5585071894734603,0.5658575646151839,0.3801144678494218
2025,15824,"Tindall, Channing",LB,6,1.0,1.0,0.0,2.0,0.8660254037844386,0.8660254037844386,0.125,1.875,-1.1261675183494726,0.037687531716936694,0.5358983848622454,0.5358983848622454,61.28141369951585,136.9881357130134,0.3379591684058976,0.6621040924814258,0.14285714285714285,0.12657687574171597
2025,16387,"Brooks, Chris",RB,16,1.2,1.05,-2.0,4.8,1.4874474780643518,1.2395395650536265,0.425,1.825,-0.9181600152995495,0.11405136947142801,0.5358244251296652,0.4824222463317294,73.68589808185966,148.66593156517013,0.5629543874000923,0.8585814859805081,0.5577284912234511,0.3923154357046459
2025,17199,"Hamilton, Ty",DT,13,1.1923076923076923,1.5,-2.0,3.0,1.4615384615384617,1.2258064516129032,0.0,2.5,-1.487670495854046,1.017743605783212,0.5356744704570792,0.48437499999999994,48.36124272083317,69.20553241644322,0.43767601127625677,0.934502833994253,,
2025,16017,"Hummel, Jake",LB,16,1.28125,1.0,-0.5,7.0,1.7850835939809653,1.3932359757900217,0.375,1.0,-0.6579447878393039,0.10798714277108713,0.5353630034652356,0.46004005149755545,52.60681037770828,117.59697507610203,0.45516185111861585,0.4366285544111203,0.33710044774240183,0.2663801999207932
2025,13595,"Rudolph, Mason",QB,5,2.7599999999999993,1.9,-13.0,22.7,11.539081419246509,4.180826601176272,-1.5,3.7,-0.7395168114554388,2.136139187611988,0.5327335215915854,0.22011181742257574,27.812836823882648,65.99120045745693,0.777680780574388,0.2201118174225758,,
2025,15094,"Locke, P.J.",S,15,1.3,0.0,0.0,5.0,1.8867962264113212,1.451381712624093,0.0,2.0,-0.8304917776975169,0.11046638667799508,0.5303131671845626,0.4503262087244988,56.104679542186055,115.30397616402215,0.5161969701620258,0.7908527349841379,1.2904610162950958,1.1103486404601532
2025,12923,"Ham, C.J.",RB,10,1.13,0.75,0.0,4.2,1.2798828071350907,1.1326396523319389,0.025,1.875,-0.9784972938604997,0.10074089046084102,0.5298597907829385,0.4956395111466111,75.7047229504803,152.73903764887413,0.4956395111466112,0.474394138937117,0.23597571084239638,0.19561552250193442
2025,16023,"Bell, D'Anthony",S,14,1.5142857142857142,0.5,0.0,11.0,2.8238416444009498,1.8648010859251556,0.0,1.0,-0.40729657807847414,0.2022528481168574,0.5285831961337352,0.3960116174013124,49.33780104030331,101.39697225895144,0.2884235405720057,0.4258232721225164,0.2822954364312309,0.442482906295922
2025,16630,"Williams, Isaiah",WR,14,1.6500000000000001,0.0,-3.8,9.7,3.534068881210842,2.141859928006571,0.0,3.0999999999999996,-0.42014061580753986,0.12729499269453684,0.5251666330799422,0.3639115424200085,62.00500227760853,112.86787834666595,0.4624523236568927,0.829779869289093,,
2025,17349,"Larvadain, Gage",WR,12,1.8583333333333334,0.0,-1.0,15.6,4.7636572668020065,2.5634030135257433,-0.225,0.42499999999999993,0.016549183996465905,0.18234511977277656,0.5215052370668115,0.32242259511805405,54.935915502163,100.0,0.3383013291125498,0.6149038938005743,,
2025,16026,"Jones, Jaylon",CB,14,1.3571428571428572,1.0,0.0,9.0,2.1911230928825662,1.6145117526503119,0.25,1.0,-0.8188274637448762,0.38254660401913754,0.5190808019000607,0.42528690296209776,54.27911640491302,94.05757656845995,0.4237665192220345,0.5714285714285714,0.613125538928365,0.4479474086303377
2025,15650,"Prentice, Adam",RB,16,1.275,0.5,-0.5,6.6,1.8749999999999998,1.4705882352941175,0.0,1.775,-0.8055018043991056,0.14282004100128012,0.5160714285714285,0.4434782608695652,67.73753528249323,136.66473567999543,0.5307404908306043,0.6443192538927551,0.09442455692515417,-0.019785600789482806
2025,15898,"Ogbonnia, Otito",DT,8,1.5625,0.0,-3.0,7.0,3.1764514398932655,2.03292892153169,0.0,3.375,-0.3198088824893323,3.3648069660329054,0.5151785750425387,0.37412143358715355,37.3532437817278,53.45295070926858,0.4221977479342315,0.6190476190476191,0.9712120187009313,
2025,17246,"Crawford, Kitan",S,15,1.1666666666666667,1.0,-1.5,5.0,1.4907119849998596,1.2777531299998794,0.0,2.0,-1.0093741951257997,0.0719177500321837,0.5122006644621441,0.4684068947725935,58.357293485097436,119.93345353560036,0.3589342317560012,0.6258928115935691,,
2025,15720,"Haskins, Hassan",RB,11,0.9909090909090907,0.5,0.0,2.8,0.9268269873405769,0.9353299872244355,0.25,1.75,-1.0811276078302896,0.07617317951390254,0.5120104051765398,0.514269883813882,78.55035403823824,158.4802772559746,0.569243396841591,0.42188702830874064,0.25985822822984195,
2025,16958,"Miller, Ryan",WR,13,1.4461538461538461,1.0,-2.0,9.0,2.665337439919954,1.843052485051032,0.0,1.0,-0.728671636128109,0.08827315062976372,0.5086623809295903,0.3945486247469287,67.22509600375773,122.37002949575104,0.45804551387183157,0.5831839822872702,0.7758440266845559,
2025,15406,"Hall, Darren",S,12,1.1666666666666667,0.5,0.0,4.5,1.5184055965240497,1.3014905113063282,0.0,1.625,-0.996867006859199,0.07718787130527967,0.5069178695003463,0.4632560649789382,57.715568332639855,118.61460701002335,0.5464374369818494,0.7221760022542317,,
2025,14319,"Beck, Andrew",RB,16,1.0375,1.0,0.0,3.4,1.0885052824860337,1.0491617180588275,0.0,1.725,-1.034129107132762,0.09034676324689069,0.5063045980494038,0.4967667588396143,75.87690045525177,153.0864165885049,0.5564611541025696,0.48145042365889407,,-0.04167715047131759
2025,14815,"Dallas, DeeJay",RB,5,1.04,0.5,0.0,2.7,1.1074294559925704,1.0648360153774714,0.0,2.0,-1.028628011386132,0.09229842438630322,0.5036719585743366,0.4934922006725839,75.37673952529124,152.07731047022867,0.5527574648280508,0.49349220067258404,0.3518793141005668,0.05984781202541109
2025,16277,"Johnson, DJ",DE,4,1.0,1.0,0.0,2.0,1.0,1.0,0.0,2.0,-1.4928975821570099,0.1773488009953482,0.5,0.5,53.674518331640165,72.95903381212962,0.7911843181557134,0.617760670672825,1.1567942097971669,0.6208286895186803
2025,17269,"Chism, Efton",WR,7,1.7142857142857142,0.0,0.0,12.0,4.199125273342592,2.4494897427831788,0.0,0.0,-0.1839450351224168,0.167468965363666,0.4969679118113753,0.3297257950438989,56.18026989945552,102.26510177525579,,0.4137931034482758,,
2025,16318,"Hampton, Nick",DE,12,1.1666666666666667,0.0,0.0,4.0,1.5723301886761007,1.3477115902938006,0.0,2.25,-1.2184897166911053,1.1322043133854405,0.49693781446155655,0.45354467781879676,48.68758424760568,66.18036296858605,0.4857442540614516,0.7171403472725744,0.28869079919791174,0.38306589369398525
2025,17400,"Batty, Tyler",DE,11,0.9090909090909091,1.0,0.0,2.5,0.763311619261212,0.8396427811873333,0.25,1.0,-1.6063795452338672,-0.26301033171415183,0.4941670841684645,0.5155588491339935,55.344745797763686,75.22935101221933,0.5,0.45757913208220313,,
2025,15830,"Muma, Chad",LB,7,0.9285714285714286,1.0,0.0,2.5,0.8206518066482897,0.8837788686981581,0.25,1.25,-1.1492835188059976,0.0400548243028008,0.49293016500028247,0.5100214248439259,58.322314107200235,130.37338073154245,0.26923293052589126,0.41507514543102647,0.43831060920989107,0.24768899106726813
2025,14012,"Ford, Mike",CB,16,1.25,0.5,0.0,8.0,1.984313483298443,1.5874507866387544,0.0,2.0,-0.9086758867718756,0.36292878660438344,0.4831009758542387,0.4188568014035927,53.458446338285995,92.63547829675285,0.4274007043062176,0.33333333333333337,0.18581342647314913,0.4563667440849244
2025,15826,"Clark, Damone",LB,12,1.0833333333333333,0.75,0.0,4.5,1.3514395616855712,1.2474826723251426,0.0,1.5,-0.8788687674486599,0.08855202312911978,0.48202077225029993,0.46071068590713543,52.68349921621852,117.76840488464116,0.3835829251959428,0.4258232721225164,0.45768834011758025,1.547844293184559
2025,16371,"Austin, Alex",CB,12,1.4833333333333334,0.0,-1.2,11.0,3.109617697116837,2.096371481202362,0.0,1.5,-0.4197875355944938,0.7318702819033561,0.4790553531249214,0.3609419276089812,46.06680517939113,79.8268715927866,0.1854908891477631,0.36931195326457805,0.6650699105772236,
2025,14923,"Taylor, Darrell",DE,4,0.75,1.0,0.0,1.0,0.4330127018922193,0.5773502691896257,0.75,1.0,-1.7647437599375906,-0.9832953550808888,0.47548094716167105,0.5233728905610283,56.18357561740282,76.36956083758815,0.5273657916791277,0.532683798648222,0.6172179180471664,0.7595459940362334
2025,13678,"Thomas, Ian",TE,14,1.2357142857142858,0.4,-2.0,5.7,1.9804787093951168,1.6026995336145453,0.0,2.575,-0.5049641857057036,-0.15553234439773372,0.474781767835554,0.4146026213235632,89.71824195332653,229.34433274506554,0.6448028197688653,0.9323490783349194,,0.05619846774404321
2025,14123,"Renfrow, Hunter",WR,6,1.883333333333333,-0.35000000000000003,-1.8,14.1,5.592082696892892,2.9692474496776424,-1.625,1.225,0.3107654757720312,0.2353451298586791,0.47448121015642036,0.28569625411723404,48.67830453917843,88.6092533349368,0.15324421330767019,0.3822571823224324,,0.4667033237358033
2025,15926,"Taylor, Ja'Sir",CB,16,1.175,0.9,0.0,7.0,1.7419457511644845,1.4825070222676462,0.0,1.25,-1.0139725341020303,0.28684992055909525,0.4733118534853916,0.42852780712418764,54.69275109021844,94.7743435068577,0.4504093082647656,0.604697755308739,0.734244774408059,0.7739064458450567
2025,15424,"Johnson, Buddy",LB,11,1.0909090909090908,0.5,0.0,4.5,1.427301678918871,1.3083598723422987,0.0,1.5,-0.8402201072744193,0.09666954525503509,0.47259056266739835,0.4494328415720396,51.39384755116376,114.8855246335214,0.38192785352684316,0.3333333333333333,0.26721242204230017,
2025,17056,"Etienne, Trevor",RB,16,1.2125,0.0,-0.1,6.0,1.913398481759615,1.5780606035130846,0.0,2.125,-0.7943396934296667,0.1562017984319054,0.47031477784026654,0.41618062465237576,63.568053349455745,128.25254377007874,0.28117196253099347,0.37357171171231873,,
2025,16629,"Wilson, Roman",WR,13,1.9000000000000001,0.0,-6.7,17.3,5.8007957013870755,3.053050369151092,-0.1,2.4,0.3848901513277762,0.2462891152424248,0.4687827258356903,0.2793790731888153,47.60195281026681,86.6499672848677,0.3305460004119254,0.3126099751950323,,
2025,16728,"Pritchett, Nehemiah",CB,16,1.3125,1.0,0.0,10.0,2.3642850399222173,1.8013600304169275,0.0,1.25,-0.7435972657812326,0.5180020565673281,0.4685224268744421,0.3901274667352042,49.79173831168085,86.28162263716841,0.3839372558556497,0.22222222222222224,0.39254601147110657,
2025,15946,"Thomas II, Rodney",S,16,1.0375,0.8,0.0,5.0,1.278121179700892,1.2319240286273656,0.0,1.5,-1.105385985545403,0.06174287358089877,0.46484557121689446,0.4554191450589207,56.739191936614134,116.60799933285423,0.3788988955467678,0.14285714285714285,0.12559102571674138,0.7150625152956112
2025,15902,"Otomewo, Esezi",DT,11,1.4272727272727272,0.0,-3.0,8.2,2.9707944787061162,2.0814483608768968,0.0,2.75,-0.45986197761613185,3.505898563146353,0.4631824259636673,0.35944260901103203,35.887672275802956,51.355699880802895,0.3848391418259473,0.3769695539364841,,
2025,14414,"Owens, Jonathan",S,16,0.875,0.5,0.0,2.5,0.7806247497997998,0.8921425711997711,0.5,1.25,-1.3300689058391173,-0.01369465947613804,0.46243872598098107,0.4914005604484485,61.22199960091056,125.82087698031101,0.3076923076923077,0.16064915440886857,0.6541072774077463,0.7037848994706597
2025,17233,"Medrano, Kain",LB,8,1.125,0.5,0.0,5.0,1.6153559979150107,1.435871998146676,0.0,1.25,-0.7444140879561274,0.11367233944149291,0.46184692826878915,0.43015176553282297,49.18900493415385,109.95683155333589,,0.5604745567863219,,
2025,16363,"Riley, Jordon",DT,4,1.25,0.0,0.0,5.0,2.165063509461097,1.7320508075688774,0.0,1.25,-1.0085675280185384,2.489871595624737,0.45753175473054825,0.3949367828681683,39.43150165816253,56.42696326034336,0.8674648592514007,0.5701629369555018,0.7627720191612493,0.7792319492057743
2025,16059,"Ingram, Ja'Marcus",CB,10,0.8,1.0,0.0,2.0,0.6000000000000001,0.7500000000000001,0.25,1.0,-1.5100908002253275,-0.2441802360042191,0.45714285714285713,0.5,63.81470488141326,110.58132276511994,0.5,0.6125741132772068,0.3922097670112508,
2025,16922,"Green, Art",CB,10,0.8,1.0,0.0,2.0,0.6000000000000001,0.7500000000000001,0.25,1.0,-1.5100908002253275,-0.2441802360042191,0.45714285714285713,0.5,63.81470488141326,110.58132276511994,0.5,0.5714285714285715,0.4786936395666146,
2025,15129,"Dorsey, Khalil",CB,10,0.8,1.0,0.0,2.0,0.6000000000000001,0.7500000000000001,0.25,1.0,-1.5100908002253275,-0.2441802360042191,0.45714285714285713,0.5,63.81470488141326,110.58132276511994,0.5,0.45757913208220313,0.4300374730010373,0.5281560522192764
2025,15420,"Rochell, Robert",CB,6,0.8333333333333334,1.0,0.0,2.0,0.6871842709362768,0.824621125123532,0.25,1.0,-1.4722135987155167,-0.19008373378283683,0.4567158199908018,0.49391957220587884,63.03866347094409,109.2365592682165,0.19803902718556965,0.45757913208220313,0.15393256305338043,0.25267448900770917
2025,15785,"Melton, Bo",WR,15,1.4066666666666667,0.0,-2.0,10.0,2.933363636207114,2.08532959919937,0.0,2.05,-0.6334818088896252,0.1199125876889409,0.45592103580495613,0.3576243634628949,60.93376242914659,110.91789746681738,0.5423006909554502,0.5812770026682393,0.45226442398785177,
2025,16260,"Foskey, Isaiah",DE,7,1.0,0.0,0.0,3.0,1.1952286093343936,1.1952286093343936,0.0,2.0,-1.399293807578475,0.7134687320039326,0.4555334217802518,0.4555334217802518,48.901073996037795,66.47055664444098,0.4403065089105502,0.6363636363636362,0.44325809314601605,0.5754394602080948
2025,16271,"Brown, Sydney",S,16,1.25,0.75,-2.0,7.5,2.2005681084665385,1.7604544867732308,0.0,1.625,-0.6887838607578173,0.1790860453062888,0.452823984597246,0.3905556631316001,48.65806142051517,100.0,0.35447367547823705,0.32282873421773617,0.3619726735480858,0.686396538310353
2025,16446,"Watts, Markees",DE,14,0.9,1.0,0.0,2.6,0.9031690238899284,1.003521137655476,0.0,1.75,-1.5393238968806984,0.18701824485074198,0.44920913639732374,0.4728954647236064,50.76487258051341,69.00399240074468,0.5364617265862135,0.45757913208220313,,
2025,16052,"Webb, Sam",CB,6,1.1666666666666667,0.0,0.0,5.0,1.8633899812498247,1.5971914124998496,0.0,1.5,-0.9612110953041033,0.36999024256152796,0.4492031896654572,0.4074424630617151,52.00164107287895,90.11105303208595,0.27424980761574586,0.473038208421535,0.08454209418155904,
2025,16138,"Olubi, Segun",LB,16,1.3125,0.75,-1.0,9.0,2.536452985962878,1.932535608352669,0.0,1.0,-0.275152672945787,0.17989874019330057,0.44756489785209713,0.37113458179980374,42.440232118476935,94.87066185589057,0.2856687106069819,0.35366281195901134,0.3494609258733784,0.43576874127349435
2025,17001,"Brooks, Kendell",S,10,1.25,0.0,-1.5,5.5,2.25,1.8,0.0,2.5,-0.6664590739295211,0.18786585331549305,0.44642857142857145,0.38461538461538464,47.91798141609442,98.47901872204734,0.38461538461538464,1.0354229955011858,,
2025,13919,"Firkser, Anthony",TE,6,1.3666666666666665,0.15,-1.0,7.5,2.8311756490114766,2.0715919383010806,0.0,1.125,-0.14626286974862862,-0.08102764894235658,0.44493757443007864,0.35672252902820967,77.19323642331382,197.3269974365629,0.28076582531172684,0.40712298087141596,,
2025,13785,"Neal, Siran",CB,16,0.875,1.0,-1.0,2.0,0.8569568250501305,0.9793792286287205,0.0,1.25,-1.3984559223141648,-0.0778920176141771,0.44205778627180237,0.47120104689368775,60.139111494667304,104.21207010762659,0.5635083268962916,0.2684747639175602,0.14243741424601045,0.18325814912216118
2025,16364,"Brooks, Jalen",WR,5,1.24,0.0,-1.0,5.4,2.267686045289339,1.828779068781725,0.0,1.8,-0.8698980090736691,0.08640915758502374,0.4383516597971834,0.37947342027780506,64.65651001929726,117.69442527402958,0.45439361785032917,0.37947342027780506,0.4446311172413209,
2025,16678,"Vaki, Sione",RB,10,0.78,1.0,0.0,1.5,0.6128621378417826,0.7857206895407468,0.075,1.375,-1.1723945103226299,0.05754480680613518,0.43679843357843445,0.4836123198004639,73.86767168992581,149.03267124644663,0.4836123198004639,0.646110632135477,0.467941710878387,
2025,13315,"Saubert, Eric",TE,10,1.1700000000000002,0.75,-2.0,5.5,1.96878134895676,1.6827191016724443,0.075,1.6749999999999998,-0.5098964458174596,-0.1428176288488431,0.43612467636682717,0.39410110158875195,85.28180037438334,218.00357626641647,0.39410110158875195,0.2017245240848222,0.2215461033630288,0.03818075460023679
2025,15626,"Wright, Brock",TE,11,1.4636363636363634,0.0,-4.4,9.1,3.4639107502865043,2.3666470964690407,-0.5,3.95,0.12053356845407534,-0.03414483642049858,0.43474600149550385,0.3278820849055783,70.95228711244032,181.37342629834706,0.3499693582617813,0.17710012636203212,0.38337314814217255,0.45651548233968325
2025,12776,"Killebrew, Miles",S,5,0.8,0.5,0.0,2.0,0.6782329983125268,0.8477912478906585,0.5,1.0,-1.3763118059996722,-0.023541442886817456,0.432949339333238,0.47669185435181216,59.389489686887686,122.05477972833489,0.5278640450004206,0.47669185435181216,0.29845522412006165,0.40862392509893897
2025,17340,"Martin-Scott, Bam",LB,16,1.21875,0.5,-1.0,8.0,2.228850250128976,1.8288002052340318,0.0,1.125,-0.43186374349698875,0.1660663952461122,0.43083636580094586,0.3774563406746154,43.16314215489271,96.48665098209453,0.46848890110867536,0.4471803969979526,,
2025,17251,"Robinson, Micah",CB,8,0.875,1.0,0.0,3.0,0.9270248108869579,1.0594569267279519,0.0,1.0,-1.3680148898844977,-0.01983977884215452,0.42486928891015585,0.4540678433700399,57.952410841597754,100.42284548992862,,0.47722557505166113,,
2025,15049,"Bachie, Joe",LB,14,1.1785714285714286,0.0,-2.0,5.0,2.0925645821843215,1.7755093424594242,0.0,2.875,-0.5012957427491831,0.15896045480272644,0.4246324847629867,0.38109840465772493,43.57962191294686,97.41764754653077,-0.027948782529407287,0.14285714285714285,0.17445763018700947,0.08333333333333334
2025,16603,"Davis, Ray",RB,16,1.43125,0.0,-2.9,9.9,3.428687567787418,2.3955895670130434,-0.575,2.75,-0.3538580870237949,0.25799516600502487,0.421502649761941,0.32317700855900644,49.362541417097574,99.59203043226171,0.341184702503124,0.9736628137931813,0.6653046937536611,
2025,17410,"Combs, Branson",LB,8,1.25,0.5,-1.0,7.5,2.462214450449026,1.9697715603592207,0.0,1.125,-0.3129741843344609,0.1848638776209011,0.4209077952948007,0.36104060504914226,41.285958878243925,92.29040579231042,,0.0,,
2025,14076,"Williams, Trayveon",RB,6,1.45,0.2,-2.2,9.0,3.550469452527839,2.4485996224329925,0.0,1.225,-0.3184571323701751,0.26459563191797913,0.42046052274894774,0.3186484416886939,48.67084131537116,98.19648199404304,0.2535540052391778,0.36070214886395874,0.05031957117756259,0.22902925654519837
2025,17353,"Walker, Jahdae",WR,8,1.275,0.25,-1.5,7.2,2.594103891520153,2.0345912874667866,0.0,1.25,-0.7539703168529455,0.11328657339867207,0.42015542760763125,0.35474767521556794,60.44361842288253,110.025686967031,,0.4742094528880306,,
2025,16913,"Woods, Charles",CB,14,0.9714285714285714,0.5,-0.4,4.0,1.2803060858518902,1.3179621472004752,0.0,1.75,-1.2145318602303294,0.1675632951584118,0.41908733177624,0.42600797211206815,54.37114603492192,94.21705012927764,0.4395560651277325,0.5539679298968669,-0.05450045927836516,
2025,17182,"Sorrell, Barryn",DE,13,0.8461538461538461,1.0,0.0,2.0,0.8634593969478326,1.0204520145747114,0.0,2.0,-1.558362965906279,0.2335123555079969,0.4187943292144726,0.4540768892199985,48.7447166288259,66.25802222781701,0.49162533012055887,0.45757913208220313,,
2025,15341,"Morris, Quintin",TE,13,0.9230769230769231,0.5,0.0,3.5,1.1129682047803842,1.2057155551787495,0.2,1.0,-0.8707550392054502,-0.21861114481847405,0.41849318281754494,0.4368626659826455,94.53522083840889,241.65784652101533,0.44801433687435366,0.6853525403355051,0.10705260746625515,0.2803650652864947
2025,16405,"Romo, John Parker",PK,7,2.0285714285714285,2.9,-12.0,15.7,7.865242578352338,3.8772322569342514,-1.1500000000000001,4.949999999999999,0.831229576767086,0.4890879800311032,0.4159267637269658,0.22882300294014646,33.44305824131139,47.27557440252532,0.4407813029580216,0.5072385729802691,,
2025,17398,"Jackson, Keondre",S,11,1.4090909090909092,1.0,-2.0,11.5,3.3697732714273885,2.391451999077501,0.0,1.25,-0.16073900526255364,0.31917872739005104,0.41548307612025526,0.3224631626323782,40.17463796942266,82.56522515811588,0.3199722712624962,0.21502688199344203,,
2025,17286,"Higgins, Jay",LB,10,1.15,0.5,0.0,7.0,2.037768387231483,1.7719725106360724,0.0,0.875,-0.5292121731733538,0.15848884456812942,0.4148670290154192,0.378567373613388,43.29019174316906,96.77065693415078,0.37856737361338805,0.5543727455451929,,
2025,14503,"Kennedy, Tom",WR,5,1.24,0.0,0.0,6.2,2.4800000000000004,2.0000000000000004,0.0,0.0,-0.7944944517005896,0.10876923024618929,0.4133333333333332,0.3563218390804597,60.711832048036776,110.51391697594693,0.17828589146437393,0.3563218390804598,,
2025,16872,"Andreessen, Joe",LB,16,1.03125,0.75,-2.0,4.5,1.5559236605630753,1.5087744587278307,0.0,1.625,-0.7746924441824881,0.1233933406806172,0.41105727795193453,0.40347449179010825,46.138387326820016,103.13749770358073,0.31542891151395386,0.09056721624324228,0.3697402272433147,
2025,14555,"Olszewski, Gunner",WR,15,1.4133333333333333,0.0,-2.0,10.6,3.4474853959887284,2.4392585348976854,0.0,0.0,-0.4508908451290371,0.1661328521320455,0.41094128835981175,0.31778256868657634,54.14532543860332,98.56088670529472,0.4205523140041238,0.5612882822514125,,0.012339226407895419
2025,15303,"Fehoko, Simi",WR,8,0.625,0.5,0.0,1.0,0.33071891388307384,0.5291502622129182,0.5,1.0,-1.5578142245753872,-0.08331188259771198,0.40872373071795304,0.46967093762591317,80.02479768451582,145.66936211587299,0.1037687863577566,0.56227204043104,0.3867983407879104,
2025,16707,"Liufau, Marist",DE,16,1.4125,0.8,-4.0,10.5,3.4949740700039538,2.474317925666516,0.0,1.75,-0.29666414473121583,4.225993245515316,0.4065546188404807,0.3142398550029361,33.733345715774085,45.853272412555846,0.2710098589592352,0.2546185690178954,0.8929237197548868,
2025,15109,"Westbrook-Ikhine, Nick",WR,14,0.9500000000000001,1.0,-1.0,3.1,1.2760150021509489,1.3431736864746828,0.0,2.0250000000000004,-1.2220911774332817,0.022993011230835667,0.4054330267890982,0.4173961942703375,71.11797500098871,129.4562479771336,0.40864592652384346,0.29718745173323285,0.8544002801737828,0.9811522709792354
2025,16304,"Ward, Jay",S,16,1.125,0.5,-2.0,6.5,2.011684617428885,1.7881641043812313,0.0,1.25,-0.7740887831872081,0.1852380737604808,0.40349131467269495,0.3735450895122037,46.538769309029675,95.64452004536301,0.5025231732622183,0.7171403472725744,0.21458082328952913,0.22589843876268448
2025,17378,"Colbert, Jordan",S,5,0.9,0.5,0.0,3.0,1.1135528725660044,1.2372809695177827,0.0,1.0,-1.1797095095196566,0.0629322098341625,0.40227401576386873,0.4258232721225164,53.051938264278874,109.03011076785556,,0.4258232721225164,,
2025,16413,"Heath, Malik",WR,11,1.290909090909091,0.0,-1.0,8.4,2.857988658751766,2.213934876497847,-0.5,1.75,-0.6602513231440902,0.13670739965814688,0.4016600026182751,0.3346067614741922,57.01191248109689,103.77894308296756,0.35797575738145804,0.39908735849137505,0.36496883647987793,0.38022596210537923
2025,17184,"Lane, Jaylin",WR,15,1.4600000000000002,0.0,-3.9,8.5,3.873121049833928,2.652822636872553,-1.25,3.45,-0.2997258287339417,0.19402260138172664,0.3996909089596566,0.2996026540423731,51.04774397299665,92.92235053584706,0.566499922050727,0.05176473388222233,,
2025,15285,"Wallace, Tylan",WR,13,1.3846153846153846,0.5,-1.0,13.0,3.4256602179717244,2.474087935201801,0.0,1.0,-0.45864208345449514,0.17068129090062123,0.3985550770277079,0.3128607521636517,53.30672262132391,97.0343756612649,0.2517175212660247,0.11035068208023763,0.36485514439973377,0.06499767877275348
2025,15535,"Kinsey, Mason",WR,9,1.1222222222222222,0.5,0.0,6.8,2.049269668159734,1.8260818825185747,0.0,1.0,-0.9474688491371804,0.08605692681279502,0.3970947300444492,0.3680298380757826,62.706697337397046,114.14517581840988,0.3397192325667606,0.42757634363674074,,
2025,12645,"Treadwell, Laquon",WR,9,0.7777777777777778,1.0,0.0,2.5,0.7494854201795579,0.9636241116594315,0.0,1.0,-1.4090887942263415,-0.02657310204163822,0.3960930063750789,0.44457516982219314,75.74885983027744,137.8858605301571,0.40038174057192766,0.34549150281252633,,
2025,17371,"Keys, Austin",LB,10,1.02,0.5,0.0,5.7,1.6073580808270445,1.5758412557127885,0.125,1.0,-0.7484887010951722,0.13233619955530662,0.39598713536317864,0.3912005824978439,44.73483296969515,100.0,0.3912005824978439,0.2910857029407469,,
2025,17108,"Arroyo, Elijah",TE,13,1.3692307692307693,0.5,-2.0,9.3,3.3855767865335427,2.4726122598278684,-1.0,2.0,0.0875035967052728,-0.017307493469280042,0.3942941701468968,0.31221224387979296,67.5614002337382,172.70539322415348,0.3118072014325412,-0.3769145108682536,,
2025,15292,"Brown, Dyami",WR,14,1.5928571428571427,0.0,-5.7,14.2,4.868039248244511,3.056168137911352,-0.75,0.45,0.05362057074135397,0.246696270696633,0.392699979068756,0.2714462319476925,46.25031709145241,84.18958102123808,0.01449565322540667,-0.34756097560975613,0.487427996127985,0.3937982396233156
2025,10313,"Dalton, Andy",QB,5,1.8799999999999997,0.0,-7.8,14.1,7.168095981500248,3.812817011436303,-0.7,3.8,-1.414854589633753,1.9038315378297355,0.39062361929254935,0.23016379879202853,29.082982701823244,69.00486108374069,0.41732586155085777,0.23016379879202858,,
2025,17337,"Scott, Zavier",RB,15,1.2666666666666666,0.5,-4.4,9.3,2.8995785134318326,2.28914093165671,0.0,2.8,-0.5076655739089501,0.24474087710485584,0.38510562271001814,0.324821429368256,49.613712719987134,100.09878432545618,0.5887592210987571,0.9419982924698539,,
2025,15419,"Granson, Kylen",TE,16,0.875,0.5,-0.2,3.5,1.1188722000300124,1.2787110857485857,0.0,1.125,-0.8682655852450293,-0.2070125142577059,0.3839890039032971,0.41295553360302056,89.36181918359523,228.43321878964838,0.2936212312399286,0.4274007043062177,0.2988723373824754,0.5847164821286618
2025,17247,"Bruener, Carson",LB,16,0.78125,0.5,0.0,2.5,0.8094896154367887,1.0361467077590896,0.0,1.125,-1.1549702007846523,0.06037194310107755,0.38369042713028073,0.43175157974665457,49.37194796859756,110.36578140806684,0.43589743589743585,0.456960427751013,,
2025,15956,"Hicks, Elijah",S,16,0.75,0.5,-0.5,2.5,0.7288689868556626,0.9718253158075502,0.375,1.125,-1.3534432162088015,0.003996328507529894,0.3803582365980739,0.4338096210309399,54.04693153257721,111.07497905740648,0.470191329756405,0.38622738728083167,0.7121415647484857,0.642311304153248
2025,16644,"Sinnott, Ben",TE,15,1.2133333333333334,0.0,-4.0,7.2,2.6946531419749657,2.2208679741551913,0.0,2.7,-0.20382837945157864,-0.05730842150566644,0.3767100493001677,0.3284025013197178,71.0649030086235,181.66130328974035,0.5878496141313284,0.6180169302599934,0.18005180101648552,
2025,16875,"Chatman, Elijah",DT,4,0.75,0.75,0.0,1.5,0.75,1.0,0.0,1.5,-1.972230625815014,0.36111209217664914,0.375,0.42857142857142855,42.789670978801695,61.2325448108622,0.7053006148958706,0.5532398815649333,0.6158997165220759,
2025,15903,"Anderson, Tycen",S,16,0.84375,1.0,-2.0,3.0,1.0565088440235604,1.2521586299538494,0.375,1.5,-1.205472144481243,0.06623531533454526,0.3746405731719216,0.4102826994651785,51.11578879762544,105.05101786910494,0.508166169861858,0.4003817405719277,0.26107994939949003,
2025,16962,"Bates, Brenden",TE,8,1.0499999999999998,0.0,-1.0,4.6,1.8967076738390658,1.8063882607991106,0.0,1.7,-0.5402867304260285,-0.12316720810015439,0.3741463769168617,0.3624804841312874,78.43923339131456,200.5121060277139,,0.28719026551520466,,
2025,15800,"Heyward, Connor",RB,16,1.14375,0.55,-3.0,6.9,2.3614002069746673,2.064612202819381,0.0,1.425,-0.6641094149864765,0.21678402609933833,0.37321198386790116,0.34025998975867255,51.97182160926215,104.85641724955681,0.4938581959975671,0.5972179993432658,0.16859384264147226,0.362834709727479
2025,17356,"McDonald, Cooper",LB,16,0.73125,0.5,0.0,2.0,0.7130206431093001,0.9750709649357951,0.0,1.275,-1.2041172146674488,0.05222794676771979,0.3702398612415282,0.4268775177587525,48.814585943417185,109.11985739722287,0.44629207761492184,0.47669185435181216,,
2025,14359,"Johnson, Jakob",RB,7,1.1428571428571428,0.0,0.0,7.0,2.4159335036125382,2.1139418156609713,0.0,0.5,-0.6482570510203199,0.22292622733796627,0.367013004902456,0.33456656625443915,51.10219955667271,103.10190009059919,0.23915809185881745,0.14285714285714288,,0.016010845174169137
2025,16885,"Codrington, Brandon",CB,4,1.0,0.0,0.0,4.0,1.7320508075688772,1.7320508075688772,0.0,1.0,-1.0182713917798443,0.46775641203228674,0.36602540378443865,0.36602540378443865,46.71560624320816,80.95114663224072,0.2630857945186591,0.46153846153846156,0.29175757468054775,
2025,16608,"Holani, George",RB,11,1.236363636363636,0.2,-2.1,9.2,2.982760383291328,2.4125267806032804,0.0,0.5,-0.48348531418332674,0.26010407723096396,0.3623015190360108,0.3104288275916597,47.415365119503946,95.66347984471528,0.3180539684624482,0.4188383083833407,,
2025,16242,"Ringo, Kelee",CB,16,1.4125,2.0,-7.4,12.0,4.099066204637344,2.9019937731945795,-0.5,2.25,0.010078311770659836,1.3159052724801545,0.36199442697818046,0.2770115043251257,35.35481479452846,61.26459713885629,0.06063979957387722,-0.10322854344552108,0.44840262663723823,0.24786668131793135
2025,16496,"Russell, Brady",RB,16,1.0375,0.25,-1.0,7.6,1.9370967322258328,1.8670811876875495,0.0,1.125,-0.7874508142510196,0.19218875409292094,0.3618662786584003,0.353239983081438,53.95440527400225,108.85640442616744,0.36086420695218047,0.0,0.47292281087445426,0.2801617665065675
2025,15449,"Britt, K.J.",LB,16,1.125,0.5,-1.5,9.5,2.414150989478496,2.145911990647552,0.0,1.5,-0.33746056090282417,0.20835089475918644,0.3576069525608156,0.3295109101697466,37.68045393495056,84.23067983840814,0.3944487245360107,0.4672514169971265,1.1185955938521193,0.4919785868193749
2025,10514,"Bellore, Nick",LB,15,0.9666666666666667,0.0,0.0,6.5,1.6478942792411033,1.7047182199045896,0.0,1.25,-0.7278371583437018,0.1495209847959701,0.35740013859956415,0.365069963043886,41.74672674244045,93.32040374604966,0.36594798080892893,0.33333333333333337,0.3451889047980629,0.33608689727540414
2025,16370,"Jones, Nic",CB,13,0.8769230769230769,0.0,0.0,4.0,1.275903207176328,1.4549773415168654,0.0,1.0,-1.2164446906185014,0.26689230891194904,0.3572021061429632,0.38530772053837015,49.17659694937229,85.21567481749229,0.4349959072553303,0.5607484972527477,,-0.11963298118022453
2025,15422,"Wilson, Marco",CB,4,0.75,0.5,0.0,2.0,0.82915619758885,1.1055415967851332,0.0,1.25,-1.4105339033208506,0.013569251804232758,0.3562028891498249,0.4100251257867601,52.33126479209289,90.68224155286924,0.3823343069590329,0.33333333333333337,0.3892397564453127,0.7618052372696609
2025,17183,"Kennard, Kyle",DE,4,0.75,0.5,0.0,2.0,0.82915619758885,1.1055415967851332,0.0,1.25,-1.5748098839633606,0.4671780108631725,0.3562028891498249,0.4100251257867601,44.01580226094903,59.83007403219786,,,,
2025,16030,"Fox, Tomon",DE,8,0.75,0.5,0.0,2.0,0.82915619758885,1.1055415967851332,0.0,1.25,-1.5748098839633606,0.4671780108631725,0.3562028891498249,0.4100251257867601,44.01580226094903,59.83007403219786,0.5278640450004206,0.45757913208220313,0.5723592365198162,
2025,17315,"Johnson, Isaiah",CB,4,0.75,0.5,0.0,2.0,0.82915619758885,1.1055415967851332,0.0,1.25,-1.4105339033208506,0.013569251804232758,0.3562028891498249,0.4100251257867601,52.33126479209289,90.68224155286924,,,,
2025,14110,"Sills, David",WR,16,1.3125,0.0,-5.0,10.6,3.557716086199122,2.7106408275802836,-0.25,2.025,-0.41174228240323435,0.20157319076448074,0.3537124882161888,0.28797318112338827,49.06625833493794,89.3154467099143,0.3886608911385798,0.4652387206733489,,
2025,15991,"Conner, Tanner",TE,9,0.9666666666666666,1.1,-3.0,3.6,1.6964014199999298,1.7548980206895828,0.7,1.6,-0.6247470282130786,-0.13134875384485298,0.35089018156276386,0.3585025061538099,77.57841589448111,198.31162137567128,0.3301372553123356,0.2872227635378515,0.24714763151893177,
2025,16571,"McCollum, Tristin",S,15,1.1333333333333333,0.0,-3.0,8.5,2.532894698868383,2.2349070872368086,0.0,1.25,-0.5386961328165649,0.284422969817819,0.3503449412209868,0.32079454100241084,39.96674982075896,82.1379821841982,0.2950162658790383,0.3333333333333333,0.5426486474385886,
2025,14652,"Givens, Kevin",DT,5,0.8,0.0,0.0,2.5,1.0295630140987,1.2869537676233749,0.0,1.5,-1.7818472554613602,1.1955563050136375,0.3498103071980191,0.3941735213160005,39.355295666557126,56.31791155022048,0.6195957094907738,0.3941735213160005,0.856694009577727,0.7552382233283943
2025,16869,"Richter, Bo",DE,16,0.8125,0.0,0.0,3.0,1.1301963325015703,1.3910108707711635,0.0,2.0,-1.4304740049980142,1.2511090545572845,0.33981443159978086,0.38142024169474115,40.94509550980601,55.65610462087454,0.3684210526315789,0.3333333333333333,0.3703051336342647,
2025,13953,"Thomas, Tavierre",S,16,1.0625,1.0,-4.0,8.0,2.276750700010873,2.1428241882455277,0.0,2.0,-0.6543777301507547,0.26397892678724016,0.33807172668896174,0.3242541460345074,40.397770773810045,83.0237983068877,0.15239211729931515,0.45757913208220313,0.44612790218853565,1.0321982338351545
2025,17352,"Kroeger, Kai",PN,16,1.3749999999999998,1.35,-5.8,9.5,4.243598119520745,3.0862531778332696,-1.4,4.725,0.719350771453149,2.5457091142363004,0.33649407908912093,0.2622245200068216,30.385055889379327,36.709445975898085,0.3543188043639407,0.313973684297088,,
2025,17383,"Jones, Carl",LB,11,0.6363636363636364,0.5,0.0,1.5,0.5677270907634908,0.8921425711997713,0.0,1.0,-1.2781383642862014,0.04117006186451988,0.3363190734407135,0.40591480501477084,46.417443671271194,103.761298723784,0.36136298419925755,0.2142857142857143,,
2025,17319,"Clark, Alijah",S,11,1.009090909090909,1.0,-1.5,6.5,2.0451514927015,2.026726704478964,0.0,1.5,-0.7589742319715308,0.23820321837812178,0.3333934668094254,0.3313762587869466,41.285091666748286,84.84738286211648,0.3211476494475515,0.0,,
2025,15804,"Calcaterra, Grant",TE,14,0.9285714285714286,0.05,-1.0,5.7,1.6632277446616404,1.7911683404048433,0.0,1.0750000000000002,-0.6387349015024117,-0.12558557854611638,0.33268198665392734,0.3486639212259342,75.44938800695932,192.8692445565475,0.2011084398755064,0.13715226322414903,0.7050820670754009,0.161445918837116
2025,13695,"Bryan, Taven",DT,5,0.82,0.0,0.0,3.1,1.203993355463393,1.4682845798334063,0.0,1.0,-1.663059595412652,1.722855347332836,0.33221452935355805,0.3720519383451561,37.146620067234174,53.15726963560513,0.4797519168741016,0.37205193834515615,0.7249464400624035,0.7682327281873416
2025,17192,"Watkins, Jordan",WR,4,0.9249999999999999,0.0,-0.1,3.8,1.660383991732033,1.7950097207913873,-0.025,0.95,-1.0855820666788463,0.0819991530989394,0.33094697063811734,0.34769416853909957,59.241807964683936,107.83802804260428,,,,
2025,14263,"Ballentine, Corey",CB,5,0.6,1.0,0.0,1.0,0.48989794855663565,0.8164965809277261,0.0,1.0,-1.5579246301625187,-0.19597361312207948,0.3303061543300931,0.40271214587634024,51.3979134825186,89.06488356917129,0.3279344228724749,0.40271214587634024,0.3053573319282982,0.7016319482411002
2025,16237,"Pappoe, Owen",LB,16,1.13125,0.5,-2.4,11.0,2.744703706686753,2.4262574202755824,0.0,1.0,-0.16905740919845808,0.24573287401025987,0.3301707552110929,0.3020933266308831,34.54517992228858,77.22210552499577,0.4163183770984585,0.637456516822872,0.6079189335549986,0.10796527548563797
2025,15344,"Bates, John",TE,14,1.0714285714285714,0.0,-2.0,7.3,2.42087014209725,2.2594787992907666,-0.22499999999999998,1.825,-0.31927057486737576,-0.051173351414416014,0.3287116245890922,0.31320352042702954,67.77590825788845,173.25373432620935,0.3617856796924934,0.36381872163916995,0.079225596658736,0.2292746110408984
2025,16485,"Incoom, Thomas",DE,16,0.9375,1.0,-3.0,4.0,1.7488835724541527,1.865475810617763,0.0,2.0,-1.133839914632986,2.554043658680075,0.32717079534441645,0.3410475472276977,36.61112565126795,49.76499905945894,0.3198480974888799,-0.16021385635792793,,
2025,16761,"Hill, Jamal",LB,12,0.9583333333333334,0.25,0.0,7.0,1.8759256974150715,1.957487684259205,0.0,1.0,-0.6116644345723262,0.18322591404823713,0.324036288784539,0.33322604064308714,38.10528904159673,85.1803539032112,0.38325350132569325,0.46248213871563015,0.06604396703516538,
2025,16326,"Hayes, Josh",CB,16,1.0,1.0,-2.0,8.0,2.091650066335189,2.091650066335189,0.0,1.25,-0.86204351442539,0.7284474974113336,0.3234518715067226,0.3234518715067226,41.281971447084615,71.53547160413399,0.3067054085066896,-0.08596050424793683,0.4661817403286298,0.31175783343081864
2025,17381,"Clark, Dean",S,11,0.8727272727272727,0.0,-0.4,5.0,1.485744936565131,1.702416073147546,0.0,1.25,-1.0116174493091055,0.16620048415880162,0.32294333999826813,0.3510928494269532,43.74151764882739,89.89572615892406,0.3183571645149389,0.5177114977505929,,
2025,16312,"Whyle, Josh",TE,7,0.9142857142857144,0.0,-1.0,4.2,1.6838973258728196,1.8417627001733963,-0.15,1.75,-0.6300194522801832,-0.11754638377853249,0.32173190049609957,0.3406559950978688,73.71650688911072,188.4395270872032,0.36578527697025626,0.28271007899053796,0.5260057611621463,0.39579971294497596
2025,15767,"Jones, Velus",RB,8,0.925,0.0,0.0,5.4,1.7433803371611143,1.884735499633637,0.0,1.0,-0.8437625171940817,0.19438695372304168,0.32065331470336733,0.3371752678511949,51.500656554554084,103.90581213239702,0.2621130271140484,0.4134244605570294,,0.050631811177557974
2025,16375,"Williamson, Kendall",S,16,0.6875,0.5,0.0,2.5,0.7880950133074057,1.1463200193562264,0.0,1.125,-1.3266951316381925,0.04273725941908842,0.3203157002683183,0.38448739853501646,47.902036046080866,98.44624846867502,0.586924433117553,0.5685065597938227,,
2025,16352,"Hellams, DeMarcco",S,11,0.9090909090909091,0.5,-1.5,5.5,1.7031812722904722,1.8734993995195195,0.0,1.25,-0.9134172855442177,0.2041840286005809,0.31637066262930796,0.33630408674761714,41.899033745215206,86.10913078331102,0.3062480264288036,0.45757913208220313,,0.6346738365258501
2025,16005,"Jones, Tim",WR,4,0.75,0.25,0.0,2.5,1.0307764064044151,1.3743685418725535,0.0,1.0,-1.3091879608249697,0.027066807748515685,0.31587345720496707,0.3693168768529816,62.925989206462,114.5443534184561,0.16875571466367728,0.4977934576642514,0.0229846539077173,0.24864899357167505
2025,16082,"Mosby, Arron",DE,11,0.9090909090909091,1.0,-3.0,4.0,1.7814470856604931,1.9595917942265426,0.0,2.0,-1.1182271017361296,2.812496837295505,0.3071676678061915,0.3268409863979249,35.08606503189355,47.692005155592,0.5542853408883732,0.5539679298968669,0.6725795770561124,
2025,13348,"Moore, David",WR,4,0.725,0.25,0.0,2.4,0.9883698700385397,1.3632687862600548,0.0,0.975,-1.3242486934189037,0.02561726918888565,0.30677847742716335,0.36462029068361795,62.12576222220143,113.08769801015754,0.6437154072083667,0.5276496530095696,0.5842506365327975,
2025,17229,"Lane, Rayuan",S,16,1.0,0.75,-3.0,6.0,2.2707377655731187,2.2707377655731187,0.0,1.5,-0.6570933349024871,0.29237801834199406,0.3057414172807504,0.3057414172807504,38.09133003361235,78.28369836689039,0.4641639229155442,0.7035309458056577,,
2025,17355,"Chambliss, Chaz",DE,11,0.9,0.0,0.0,6.4,1.791393566219023,1.9904372957989145,0.0,1.0,-1.1134581893967719,2.8972020873676407,0.30095932834450534,0.3224196010521946,34.61143357431225,47.04684514972081,0.3091848754144526,0.2142857142857143,,
2025,13848,"Johnston, Cam",PN,4,0.8499999999999999,0.55,-1.0,3.3,1.5596473960482224,1.8348792894684973,-0.025000000000000022,1.425,-2.084566017422589,1.0740542685018235,0.2998363997923043,0.33207698892913695,38.47915468746452,46.48826236621936,1.000155318302611,0.5232989220733183,,1.5697580190749336
2025,13231,"Peppers, Jabrill",S,13,1.0384615384615385,0.0,-2.0,9.0,2.5605103041681905,2.4656765891989982,0.0,1.0,-0.5262241742827662,0.3356579079001547,0.29964179049423423,0.291660871545812,36.33708057858872,74.67843871656652,0.1979088580378552,0.2817541634481458,,1.5511680226550921
2025,16258,"Smith, Mazi",DT,7,0.6428571428571429,0.0,0.0,1.5,0.7423074889580903,1.1547005383792515,0.0,1.5,-1.9774692521882595,0.810971907722829,0.29835103830284226,0.368968822628189,36.83879388395745,52.71676658591385,0.5770533847448774,0.3458518397804955,1.228334706204835,0.5903182682147478
2025,17173,"Kiser, Jack",LB,14,0.6785714285714286,0.0,0.0,2.5,0.8784552768749174,1.2945656711840887,0.0,1.5,-1.119835004064306,0.09483019106201143,0.2957297919572109,0.3612390653773405,41.308653347603794,92.34113688451154,0.41507514543102647,0.5912602819740006,,
2025,16474,"Adkins, Nate",TE,8,1.075,0.0,-1.0,8.1,2.852958990241535,2.6539153397595676,-0.625,1.0,-0.13707779713194826,0.011500673650559519,0.29420495551786274,0.27900634362386767,60.37578480292275,154.33699745018887,0.3475903163722628,0.4171465692001815,0.5230527605903228,0.021343992204862737
2025,15880,"Evans, Akayleb",CB,15,0.7333333333333333,0.0,0.0,4.0,1.1234866364235143,1.5320272314866106,0.0,1.0,-1.2826620610437038,0.32274954152544055,0.289623004134429,0.3453439832183032,44.0760487432955,76.37718894651069,0.3557137138281138,0.46153846153846156,0.0,1.1567908005409853
2025,17188,"Hyppolite, Ruben",LB,7,0.6428571428571429,0.0,0.0,2.0,0.7889543583705186,1.227262335243029,0.0,1.25,-1.165432078212937,0.08585579147570492,0.28863108430691314,0.359347984396144,41.09240317924813,91.85773244550947,,0.18749999999999997,,
2025,12978,"Goodwin, C.J.",CB,16,0.75,1.0,-2.0,3.0,1.1989578808281798,1.5986105077709063,0.0,1.25,-1.2498735832390195,0.37101901411054955,0.28861578053240144,0.3410706528483084,43.53064611045151,75.43208789665793,0.3085252915269941,0.07692307692307693,0.14438716491209513,
2025,15726,"Rivers, Ronnie",RB,10,0.82,0.0,0.0,5.2,1.526957759730111,1.8621436094269648,0.0,1.0,-0.9066747135850733,0.1915739590933053,0.2864985520989192,0.3245008733693986,49.56475051552633,100.0,0.3245008733693986,0.5812207011902379,0.25547042427918815,0.34121905079165515
2025,15103,"Gilliam, Reggie",RB,16,0.5875,0.45,0.0,2.0,0.6193494570918748,1.0542118418585102,0.0,1.0,-1.1705087019769502,0.09097557168204393,0.2859977671380135,0.3628000104777062,55.414618209325326,111.8024758179031,0.4248653632732553,0.5,-0.0382910132082555,0.2096728114209286
2025,17096,"Williams, Savion",WR,12,1.0833333333333333,0.05,-4.6,6.6,3.0457164820266653,2.8114305987938453,-0.525,3.15,-0.5935795600368423,0.21473552198065943,0.28423273236987756,0.2677729243129383,45.624441235070755,83.05029745663268,0.20818347636370602,0.07365035098107141,,
2025,16710,"Hopper, Ty'Ron",LB,16,0.9375,0.75,-2.0,7.5,2.1928505991061042,2.339040639046511,0.0,1.5,-0.4502041000480118,0.23410316451017474,0.2807692691837708,0.29362476285688716,33.576777003499444,75.05734295743423,0.5072817243313414,0.5552492065522691,0.24376190316323368,
2025,16054,"Blackwell, Josh",CB,14,0.9285714285714286,0.5,-2.0,6.0,2.1535447759544764,2.319202066412513,0.0,1.0,-0.8351533613798423,0.8934110684816529,0.2797574266320745,0.2944532247176925,37.58089127348001,65.12205416347508,0.20633600064406615,0.5831839822872702,0.405344566623767,0.4135353896056672
2025,17203,"Bassa, Jeffrey",LB,16,0.84375,0.0,0.0,7.0,1.7021929789245402,2.017413900947603,0.0,1.0,-0.700174181504886,0.1912166296158614,0.27962686847005797,0.3122463889813704,35.70620975890048,79.81746524702359,0.3266316347104093,0.2526695821305878,,
2025,14805,"Dillon, AJ",RB,6,0.9333333333333332,1.7,-3.5,2.9,2.237309892606645,2.397117742078548,0.25,2.6999999999999997,-0.7001814104335771,0.2581854443842679,0.2747427096130814,0.2883052176947521,44.03617173349791,88.84574475907718,0.6310277723047227,0.26661778122238405,,1.1859778287125162
2025,15818,"Leal, DeMarvin",DE,4,0.75,0.0,0.0,3.0,1.299038105676658,1.7320508075688774,0.0,0.75,-1.349521590648481,2.1876434488272927,0.27451905283832895,0.3262233880108996,35.01976644000159,47.60188639238941,0.5,0.36931195326457805,,0.6965994635906421
2025,13424,"Hill, Taysom",TE,12,1.2249999999999999,0.2,-4.4,13.2,4.249730383604745,3.4691676600855064,-1.05,1.9249999999999998,0.4518789906008582,0.14104025509415258,0.2741002560589912,0.23334531689965562,50.494933035989305,129.0788414040736,0.1693629980731906,0.2926584217843854,1.1797329126829776,0.8336614750487295
2025,17415,"Kaho, Ale",LB,4,0.625,0.25,0.0,2.0,0.81967981553775,1.3114877048604001,0.0,0.875,-1.1497787087043774,0.09708661847234289,0.2703886326913196,0.3434670180233332,39.27637219701166,87.79818675889273,,,,
2025,15353,"Surratt, Chazz",LB,11,0.5909090909090909,0.5,-1.0,2.0,0.7012385736609779,1.186711432349347,0.5,1.0,-1.2101196993708105,0.0804486299871256,0.2702272838415781,0.3473405200526843,39.71931751469086,88.78834429000337,0.3458518397804955,0.2970585407783544,0.5345384299933899,0.13001240711978035
2025,16976,"Brooks, Natrone",CB,16,1.0625,0.0,0.0,13.0,3.1318674540918874,2.9476399567923646,0.0,0.25,-0.4101211299523078,1.348996422852216,0.26914815221987193,0.2571476485645203,32.819602608188475,56.871454248409705,0.35252865909107817,0.14285714285714288,,
2025,16113,"Smartt, Stone",TE,14,0.7428571428571429,0.0,0.0,4.8,1.338290106129185,1.8015443736354413,0.0,1.0,-0.775746748045717,-0.12393687793131887,0.2651598703372203,0.3176924629283368,68.74729630208644,175.73686749938295,0.41889873915651965,0.5942884718962572,0.5301896374516877,0.23963996632131843
2025,17408,"Turner, Jordan",LB,6,0.5833333333333334,0.25,0.0,2.0,0.7312470322826768,1.2535663410560174,0.0,0.875,-1.1948316114302104,0.08936323513485751,0.25884897316135114,0.3369440192276888,38.53044983738357,86.13075601173111,,0.2817541634481458,,
2025,16642,"Stover, Cade",TE,8,0.8125,0.0,-2.0,3.4,1.7602822927019404,2.166501283325465,-0.025,2.25,-0.5978112864281943,-0.06594702111338091,0.25659234824206706,0.2943539514593173,63.6969417912454,162.82678187802816,0.1679221322926509,0.4965781652121558,0.27461128796661116,
2025,17374,"Ravenell, C.J.",DT,13,0.8461538461538461,0.0,-1.0,7.0,1.955117696482898,2.3105936412979706,0.0,1.0,-1.1515413459081818,4.172239189129122,0.255589763599648,0.2863350746269483,28.58842847694808,40.91039233870443,0.22242762846284544,-0.14285714285714285,,
2025,16831,"Martin-Robinson, David",TE,16,0.73125,0.25,-1.8,4.2,1.3741901023875844,1.8792343280513977,0.0,1.125,-0.760609305672233,-0.11159232652496255,0.25397377103894625,0.3079997676953604,66.64983832336958,170.37519199040588,0.2683215582147676,0.22658361047420042,,
2025,17419,"Latu, Keleki",TE,4,0.575,0.25,0.0,1.8,0.736121593216773,1.280211466463953,0.0,0.825,-1.029654606356582,-0.20677411114614283,0.25216959411737516,0.33119800032819774,71.66983709134207,183.20768004139376,,,,
2025,17343,"Jules, PJ",S,13,0.6538461538461539,0.5,-1.5,2.5,1.044852131323548,1.5980091420242497,0.0,1.5,-1.2107366330143252,0.1430202865764312,0.2516719988662961,0.3197522910485201,39.83689928456317,81.87111882712033,0.32980019700972185,0.5187777596707432,,
2025,14379,"Woods, Josh",LB,11,0.7272727272727273,0.0,-2.0,3.0,1.4039495646800455,1.9304306514350624,0.0,2.0,-0.8521170587500927,0.1796180598343492,0.24817947045311387,0.30253243993058726,34.595393702625024,77.33435313385677,0.24889308967672027,0.24708525194391323,,1.7650499560724042
2025,16933,"Richardson, Demani",S,13,0.7692307692307693,0.0,0.0,6.5,1.716608738801646,2.2315913604421396,0.0,0.5,-0.9073530764232068,0.28368681943582164,0.2380346657213258,0.28315846821949536,35.27779376667401,72.50143704204422,0.1986883980975898,0.37900437319588176,0.561529093118585,
2025,15942,"Ford, Jonathan",DT,8,0.625,0.0,0.0,3.0,1.0231690964840563,1.6370705543744901,0.0,0.75,-1.7862015352617981,2.2136747599174917,0.23700541457384303,0.30892128645408323,30.84349381334287,44.137418536933986,0.4040820577345752,0.4672514169971265,,
2025,16072,"Cochrane, Jack",LB,16,0.875,0.5,-3.5,8.5,2.361805453461398,2.6992062325273123,0.0,1.0,-0.3641284803723225,0.2821285693127921,0.23653723123249512,0.26027681021787813,29.763349422021868,66.5328278797521,0.45740433568224714,0.48232395661754174,0.0,0.34578405525923356
2025,14727,"Reynolds, Craig",RB,7,0.4714285714285714,0.3,0.0,1.0,0.46817056023354114,0.993089067162057,0.0,1.0,-1.2144551171902942,0.08336496294577576,0.2365316127592003,0.32109932197086255,49.04519244875264,98.95175893882299,0.4419638769510964,0.40271214587634024,0.34511361571460103,0.429107421807326
2025,17333,"Cooper, Darius",WR,12,0.7916666666666666,0.0,-0.8,5.8,1.8585201699799283,2.347604425237804,0.0,0.325,-1.0152137637354146,0.15416356463251207,0.23648751946264648,0.2769498270401309,47.18804614498109,85.89653182920588,0.3168119220796772,0.5840167384009081,,
2025,15730,"Goodson, Tyler",RB,10,0.58,0.35,-0.6,2.0,0.8646386528486915,1.4907562980149853,0.025,1.225,-1.0992052259754181,0.1453312364615534,0.23286099907174077,0.3110522240402494,47.510583628858896,95.85558917314845,0.3110522240402494,0.5704320662814604,0.4587190592648929,
2025,16367,"Willis, Brayden",TE,6,0.5833333333333334,0.5,-1.0,2.0,0.8858454843945541,1.5185922589620926,0.5,0.875,-0.9665226561935734,-0.16889657640689149,0.2316108656562472,0.3093219132534663,66.93594499269304,171.10655878651448,0.07495318350235718,0.5685065597938227,-0.06542403506052367,
2025,16289,"Bennett, Jakorian",CB,10,0.82,0.0,0.0,7.0,2.09083715291268,2.549801405991073,0.0,0.0,-0.8623966846151929,1.060583804956876,0.23099883802402832,0.26530029226135876,33.860119711222595,58.67451449646792,0.26530029226135876,0.0,1.407769938137382,0.7433635794793624
2025,13246,"Alie-Cox, Mo",TE,16,0.8437500000000001,0.0,-2.0,8.0,2.245542459518412,2.6613836557255253,-0.075,1.475,-0.39319851269808564,0.012687352302307327,0.23044566735872588,0.25997194938105955,56.256822933700704,143.8078058283721,0.1960383165858674,0.3688289621238762,0.34263906047477594,0.45792342974056
2025,17176,"Robinson, Ty",DT,10,0.7,0.0,0.0,4.5,1.4696938456699067,2.0995626366712954,0.0,0.0,-1.4821166513210744,3.5585737823343018,0.2258383139989547,0.28343594135253,28.298971572763946,40.496175953047974,0.28343594135253,0.25,,
2025,15965,"Chestnut, Julius",RB,16,0.6875000000000001,0.5,-1.5,4.7,1.4768526500636412,2.1481493091834776,0.0,1.0,-0.9212398413871119,0.22718552103562836,0.21838227240191288,0.27757000400582377,42.39645907972983,85.53752140132127,0.350517380229853,0.5852637821866331,0.3816609564429297,
2025,16850,"Saylors, Jacob",RB,15,0.5133333333333333,0.0,0.0,2.0,0.7041464494139142,1.3717138624946381,0.0,1.0,-1.145858939934308,0.13050884981014435,0.21643982499364164,0.3012260674602688,46.00972172252184,92.82750592703808,0.17817525748808136,0.14285714285714285,,
2025,13638,"Berrios, Braxton",WR,4,0.9749999999999999,0.0,-2.7,6.6,3.429559009552103,3.5174964200534395,-0.675,1.65,-0.4572574229171443,0.30694202357247485,0.21582750916457089,0.22011220482613858,37.50377817316454,68.26823186679741,0.08899753509693191,0.19060727920516532,,0.6139052500809962
2025,15945,"Lucas, Chase",CB,15,0.6666666666666666,1.0,-2.0,5.0,1.3984117975602017,2.097617696340303,0.0,1.0,-1.1632208405498985,0.732773724190863,0.21521915614515746,0.27796171922804797,35.476090161736266,61.47474918060883,0.3239267901171772,0.2684747639175602,,0.0
2025,14420,"Ingold, Alec",RB,16,0.825,0.0,-1.3,8.4,2.368411915187052,2.870802321438851,0.0,0.225,-0.662071171244395,0.3171655547575002,0.21313410799374835,0.24492253939619102,37.40983632725769,75.47669651951327,0.23812706686696955,0.4016596011046513,0.12569594830360475,0.3325368388758136
2025,13675,"Conklin, Tyler",TE,12,0.7416666666666667,0.0,-2.0,4.5,1.8400445344852088,2.480958922901405,0.0,0.5499999999999999,-0.5641790729348115,-0.015981249784914525,0.21306389506270934,0.2611461396682297,56.510912712359776,144.4573287066093,0.1725699643617618,0.21590909090909088,0.7077955993806563,0.8948877485901889
2025,17365,"McMillon, Donovan",S,16,0.71875,0.5,-2.5,6.5,1.722722681542215,2.396831556928299,0.0,1.0,-0.9045918535743662,0.3203730850111943,0.2115942424445545,0.26398208119854605,32.888669998740035,67.59141042325525,0.4042766600437554,0.34549150281252633,,
2025,16720,"Richardson, Decamerion",CB,14,0.5714285714285714,0.5,-1.0,2.0,0.9793792286287207,1.7139136501002614,0.0,1.0,-1.345269516098176,0.45460789976225235,0.21055517790975437,0.28869079919791174,36.845436305588144,63.84762089084941,0.2838821814150109,0.45757913208220313,0.8062436974097955,
2025,15874,"Butler, Percy",S,15,0.5666666666666667,0.5,-2.0,2.0,0.9637888196533974,1.7008037993883482,0.0,1.0,-1.247347029592146,0.16584253067915247,0.20981408082845554,0.28855784338698987,35.95048437990377,73.88392247938255,0.10854139495335458,-0.04950975679639241,0.8705507286191694,1.1821411716617896
2025,16335,"Matlock, Scott",RB,15,0.7266666666666668,0.0,-0.3,6.0,1.792006944430989,2.466064602427966,0.0,0.0,-0.8296271774217546,0.2667702571700001,0.20965179534092912,0.26026678340327747,39.75353919056198,80.20526438059855,0.3630928707456159,0.4071127124017791,0.43897761952022163,0.9736626832443671
2025,17211,"Hancock, Jordan",S,12,0.625,0.25,-1.0,3.5,1.2603736218545145,2.016597794967223,0.0,1.0,-1.1134012654254988,0.23595442013024648,0.20718705060473297,0.2765029612614313,34.44860577397289,70.79732477679165,0.25265575853039457,0.22901994577490398,,
2025,16403,"Tinsley, Mitchell",WR,16,0.825,0.0,-3.1,6.6,2.485080481594107,3.012218765568615,0.0,0.5249999999999999,-0.7926901125280366,0.24095683713553734,0.2056218885868952,0.2367233710547303,40.33406872396223,73.42021763954067,0.21197587971339338,-0.23770491803278693,,
2025,15916,"Ogletree, Drew",TE,15,0.6933333333333332,0.5,-2.0,5.6,1.656287683009473,2.388876465879048,0.0,1.1,-0.6416612188917494,-0.03061269902286922,0.20459091392506337,0.26101590492932336,56.48273046937582,144.38528719563345,0.36554054572710076,0.5956432052282281,0.26223005485088097,0.45791113324245775
2025,17015,"Battle, Miles",CB,5,0.6,0.0,0.0,3.0,1.2,2.0,0.0,0.0,-1.249420834624569,0.6620058830711086,0.19999999999999998,0.2727272727272727,34.80802084440723,60.31708514461087,,0.2727272727272727,,
2025,14944,"Holmes, Darnay",CB,12,0.7166666666666667,1.0,-3.4,3.0,1.8573427853312974,2.5916410958111125,0.0,2.0,-0.9638382992242093,1.0909154418699456,0.19953738348258304,0.2508157825325715,32.01147028383355,55.47108200564084,0.2214765100671141,-0.23798608759280543,0.5252302026986643,0.4725740464286131
2025,17362,"Reid, Karene",LB,10,0.45,0.0,0.0,1.5,0.5678908345800274,1.261979632400061,0.0,1.0,-1.2780549434781385,0.09048508500012398,0.19894078335379617,0.2870097777697235,32.82033576539643,73.36639836708457,0.2870097777697235,0.3062870566386034,,
2025,15595,"Campbell, Elijah",S,10,0.45,0.0,0.0,1.5,0.5678908345800274,1.261979632400061,0.0,1.0,-1.4261453285917318,0.06841575273186026,0.19894078335379617,0.2870097777697235,35.7576159132582,73.48754732382764,0.2870097777697235,0.3062870566386034,0.30088971986577656,0.27119406039239613
2025,17140,"Mondon, Smael",LB,16,0.4375,0.0,0.0,1.5,0.5555121510822243,1.2697420596165128,0.0,1.0,-1.2843613787499064,0.09152014697180791,0.19275318010096637,0.2812578479027733,32.16258720017584,71.89607083581565,0.37900437319588176,0.43749999999999994,,
2025,17379,"Mascarenas-Arnold, Easton",LB,13,0.4230769230769231,0.0,0.0,1.5,0.5131409255433206,1.2128785512842124,0.0,1.0,-1.3059477931124674,0.08393782079855198,0.19118849646375596,0.279601797780342,31.973213439167147,71.47274577022978,0.23294605569282195,0.2142857142857143,,
2025,16221,"Schoonmaker, Luke",TE,16,0.7187499999999999,0.05,-2.0,5.8,2.0208966914466457,2.8116823533170727,-0.45,1.4249999999999998,-0.4879217083262139,0.03656907565605657,0.18856503070737674,0.23792604428846098,51.48618293903885,131.6127469136886,0.448187430930027,0.5277997428339954,0.35962763920016017,0.21647681746448214
2025,17348,"Carter, Nathan",RB,6,0.5,0.0,0.0,2.3,0.8445906306213284,1.6891812612426569,0.0,0.5249999999999999,-1.1050330149546936,0.17003781704683943,0.18593019637841465,0.2710628535674503,41.40254715371221,83.53224160937262,,0.31709317374171037,,
2025,16463,"Merriweather, Kaevon",S,12,0.6666666666666666,0.0,-2.0,5.5,1.7480147469502525,2.622022120425379,0.0,0.625,-0.8931692688589998,0.37036939942621416,0.18405924770784438,0.24259937738927112,30.224668388967444,62.11646643247515,0.19579885075111328,0.08333333333333334,0.4234337868338966,0.5060491036629676
2025,15718,"Badie, Tyler",RB,15,0.7066666666666667,0.5,-2.1,4.8,2.0184042101510675,2.8562323728552843,-0.75,1.85,-0.7638154242653359,0.31535139991050987,0.18325313371699817,0.2341192953184023,35.75973260977282,72.14750853748563,0.0901115830663302,-0.08833555955828921,,
2025,15713,"Ford, Jerome",RB,13,0.7461538461538461,0.0,-1.7,5.6,2.327631805609557,3.119506543600438,-1.3,2.4,-0.6739256010965828,0.3481325803110633,0.1811269962206953,0.22422968938330762,34.24917935369008,69.09987238402704,0.20016500759853234,0.03428669393003255,0.957596101131433,0.849615430556559
2025,11938,"Thielen, Adam",WR,15,0.8066666666666668,0.2,-2.0,9.3,2.8145968726543336,3.489169676844215,-1.1,1.5,-0.6756619683698223,0.3032427793743167,0.17969173026084753,0.21146839196807685,36.03100368410269,65.58733636228203,0.13970754999826385,0.33877196473325527,1.4692238470751182,0.9102909816773881
2025,16688,"Guerendo, Isaac",RB,14,0.6428571428571429,0.0,0.0,6.5,1.6629209609746878,2.5867659392939584,0.0,0.375,-0.8671513712416724,0.28179919938333303,0.17923030209874438,0.24141052336072452,36.87340572601778,74.39441405937684,0.30950400096609937,0.3611111111111111,0.5901847620288849,
2025,12481,"Hewitt, Neville",LB,14,0.4642857142857143,0.25,-1.0,2.0,0.7431661445244575,1.6006655420526776,0.0,1.0,-1.1887593090029718,0.13564633362138254,0.17852572996343793,0.26634622049315515,30.457402721113176,68.08431081378134,0.14880301142475713,0.0,0.6218753574639898,0.19032346699171535
2025,14887,"Simmons, Isaiah",LB,4,0.375,0.25,0.0,1.0,0.414578098794425,1.1055415967851332,0.0,0.625,-1.3561615405763798,0.06962523574488504,0.17810144457491245,0.26509670997988305,30.314517851800858,67.76490676144229,0.47723883412402546,0.45406387180836894,0.6200648347032243,0.639764827897123
2025,13634,"Pettis, Dante",WR,7,0.5571428571428572,0.0,-1.0,2.6,1.246546249049913,2.237390703422921,0.0,1.15,-1.2325570406790358,0.13977054147521695,0.17209626769910263,0.24799972730518166,42.25538864237634,76.91760163842652,0.43518959128498175,0.14519100032981702,,
2025,16816,"Brooks, British",RB,14,0.5714285714285714,0.0,-1.5,4.0,1.3477115902938006,2.3584952830141512,0.0,0.875,-0.9587800454213752,0.2533764280097427,0.17014422331292692,0.24339811320566035,37.17699318255844,75.00692083764774,0.1892547876100073,0.0942286277170634,,
2025,17418,"Cambre, Dalen",WR,6,0.4166666666666667,0.0,0.0,1.5,0.6066758241067098,1.4560219778561037,0.0,0.75,-1.459807794706457,0.0377300879248072,0.16965103342861002,0.25933462146810343,44.186682532409804,80.43314128563132,,0.14285714285714285,,
2025,14146,"Sample, Drew",TE,16,0.7125000000000001,0.0,-2.1,7.0,2.373782582714769,3.3316246774944123,-0.55,1.175,-0.33912531834784465,0.11918535207685069,0.16448793537027753,0.21118728979467177,45.70003031524203,116.82176033421302,0.371383073833165,0.686473439538963,0.29512199604476824,0.4631899970508767
2025,17367,"Mausi, Dorian",LB,16,0.5625,0.0,-2.0,5.0,1.4128318194321643,2.5117010123238477,0.0,0.625,-0.8475919115749887,0.25712614191308736,0.16017878459071003,0.23312855685581046,26.658874035465523,59.59310064603377,0.026220321870182337,-0.16027526411483162,,
2025,15944,"Leonard, Deane",CB,7,0.42857142857142855,0.0,0.0,2.0,0.7284313590846835,1.699673171197595,0.0,0.5,-1.4542938036342223,0.44428428031378725,0.15874937497760555,0.24795397648789763,31.64621966749614,54.83815740980633,0.39086686414951977,0.33333333333333337,0.45851137325370445,0.7143091812791239
2025,16247,"Skinner, JL",S,16,0.7125,0.5,-4.6,7.0,2.4879396596380707,3.4918451363341343,0.0,1.0,-0.5589990513685497,0.5634855953868806,0.15862078463851104,0.20427532283455077,25.449998920717,52.30376668887757,0.31917546500567723,0.5,0.345752361397848,
2025,17097,"Felton, Tai",WR,16,0.51875,0.25,-2.0,3.0,1.2212794264622655,2.3542735931802707,0.0,1.275,-1.2415305832293573,0.15503450417665557,0.1546534549401977,0.23353657978374673,39.7910878701493,72.43182807899615,0.1662064159943827,0.4184633000878004,,
2025,15443,"Wallow, Garret",LB,10,0.35,0.25,0.0,1.5,0.45,1.2857142857142858,0.0,0.5,-1.33811552403548,0.09364992460140086,0.15312499999999998,0.24137931034482757,27.602369765580764,61.702185820788735,0.24137931034482757,0.2526695821305879,,
2025,15334,"Long, Hunter",TE,9,0.8333333333333334,0.1,-4.8,8.6,3.7019514373428026,4.442341724811363,0.0,0.4,0.22090480963536713,0.29567282451259574,0.15312036168809623,0.17723137817099022,38.352115617853464,98.0384833032507,0.14270704932573708,-0.45081268669573427,0.1363577892992266,
2025,13632,"Lazard, Allen",WR,10,0.6,-0.1,-1.0,5.1,1.7748239349298847,2.958039891549808,-0.45,1.3,-1.0449385826721032,0.23388151316001074,0.15159018515224318,0.21622993532927018,36.842298387734196,67.06413837097807,0.21622993532927015,-5.449471048564422e-18,0.6681138466437775,0.3426224875712258
2025,16664,"Trotter Jr., Jeremiah",LB,16,0.525,0.75,-4.0,2.0,1.3334635353094588,2.539930543446588,0.0,1.125,-0.8880268210336526,0.26089034005998774,0.14830799462207625,0.2249874455099962,25.727916177690098,57.51204256226694,0.07989359330750648,0.37900437319588176,0.24744444798433549,
2025,16217,"Latu, Cameron",TE,14,0.6785714285714286,0.0,-2.5,8.5,2.4393144737898833,3.5947792245324592,0.0,1.0,-0.31149341505640943,0.16099931448870636,0.14768314110684536,0.1972984540211848,42.694545389947116,109.13891992450351,-0.07317073170731708,-0.11439478302055078,,
2025,17254,"Mumpfield, Konata",WR,16,0.61875,0.0,-2.0,5.0,1.988786926118532,3.214201092716819,0.0,0.625,-0.9689493680027448,0.2673341000038699,0.1468249820990633,0.20702379102131452,35.27371115637904,64.20883466480176,0.2750371978981632,0.1102752632768151,,
2025,16828,"Njongmeta, Maema",LB,14,0.35714285714285715,0.25,-0.5,1.5,0.5150787536377127,1.4422205101855956,0.0,0.5,-1.3049605485927038,0.11451886633379489,0.14623694119894037,0.23572560587055633,26.955853536740698,60.256966992592744,0.14285714285714288,0.08333333333333334,0.44726048217960845,
2025,15302,"Eskridge, Dee",WR,13,0.5692307692307692,0.0,-1.0,6.0,1.698136813997404,2.9832133218873316,0.0,0.0,-1.072174106266814,0.237168960129682,0.142907427554258,0.2109717958991967,35.946391252803586,65.43331611791973,0.15642204046008157,-0.14285714285714288,,
2025,14239,"Moreau, Foster",TE,11,0.4818181818181818,0.0,-1.0,3.2,1.1629259194870825,2.4136198328977185,0.0,0.95,-0.8496900780271696,-0.02668109977783754,0.14114582332068917,0.2227622210623101,48.204796157647664,123.2246259978982,0.23990875088341626,0.2760550949889596,0.7264291821642986,0.5468634705777651
2025,16338,"Bernard-Converse, Jarrick",CB,9,0.4444444444444444,0.0,0.0,3.0,0.9558139185602919,2.1505813167606567,0.0,0.0,-1.3555074637063569,0.7711696423035823,0.14106744113540617,0.2272427045470704,29.00285225425097,50.25759771507676,0.2601518475690376,0.36931195326457805,,
2025,16634,"Weaver, Xavier",WR,9,0.5444444444444444,0.0,-1.0,3.3,1.58472648261186,2.9107221109197434,-0.7,1.0,-1.1124519223952156,0.2277021926439662,0.13921839215428153,0.21063909396489974,35.88970389395625,65.33012796072028,0.15156334737316005,0.41250987851011545,,
2025,15538,"Rhattigan, Jon",LB,12,0.2916666666666667,0.25,0.0,1.0,0.3200477394945253,1.097306535409801,0.0,0.5,-1.4043209100479055,0.06852715152117418,0.13906725685650753,0.22095160496116006,25.266407016093943,56.48038751639074,0.2651201402171868,0.24097373161330282,0.3554518693461914,0.2885606637149598
2025,14991,"Fuller, Jordan",S,6,0.3333333333333333,0.0,0.0,1.0,0.4714045207910317,1.4142135623730951,0.0,0.75,-1.4697211724521535,0.10221439557625563,0.13807118745769836,0.22654091966098638,28.223997303580223,58.00477141837066,0.6357811421642268,0.2684747639175602,1.3678404930685806,1.5288949041790114
2025,16305,"Abdullah, Yasir",DE,9,0.5,1.0,-2.5,2.5,1.3123346456686351,2.6246692913372702,0.0,1.0,-1.3431464679842013,4.638875169252151,0.137943619075806,0.2162316777705936,23.21226230475807,31.552108579436506,0.19964564048786088,0.6621040924814258,0.572846332430514,
2025,13726,"Edmonds, Chase",RB,4,0.375,0.0,0.0,1.5,0.649519052838329,1.7320508075688774,0.0,0.375,-1.1617386579493447,0.1753756529911412,0.13725952641916447,0.22733899275351632,34.72409901791559,70.05805266191776,0.5588555065960317,0.46149539884994806,,0.4874276785099429
2025,16447,"Vokolek, Travis",TE,5,0.4,0.0,0.0,2.0,0.8,2.0,0.0,0.0,-1.0027199043407051,-0.09240325559938488,0.13333333333333333,0.22222222222222224,48.08794270786759,122.92591666203414,,0.2222222222222222,,
2025,16898,"Yankoff, Colson",TE,13,0.46153846153846156,0.5,-1.6,2.8,1.1391889567977478,2.468242739728453,0.0,1.0,-0.8596989065029461,-0.018001788708527335,0.13307559365772587,0.21575394734150094,46.6882355643947,119.34788287682811,0.1568478040411416,0.35053917490748276,,
2025,15823,"Harris, Christian",LB,14,0.5,0.0,-2.0,4.0,1.3887301496588271,2.7774602993176543,0.0,0.5,-0.8598707310790217,0.2925631674617615,0.13236406484280405,0.20931623443167616,23.935871274420183,53.50611522487439,0.21177249193988784,0.3769145108682536,,1.339377705281321
2025,17244,"Lindenberg, Cody",LB,16,0.34375,0.0,0.0,2.0,0.5510997527671374,1.603199280777127,0.0,0.5,-1.2866093160505323,0.13598418884716837,0.13204905307801912,0.22161695235058576,25.342491269708123,56.650465839172725,0.27272727272727276,0.2142857142857143,,
2025,14083,"Homer, Travis",RB,9,0.39999999999999997,0.5,-1.0,2.0,0.8313309275559951,2.078327318889988,0.0,1.0,-1.1088874974825087,0.21849174278439173,0.12994069784113657,0.21842038158216465,33.3618569596336,67.30964367344669,0.27117895071326487,0.011806556214664391,0.5221703849826248,0.03718111073808001
2025,17060,"Giddens, DJ",RB,8,0.4625,0.0,-1.0,3.2,1.1988927183030182,2.592200472006526,0.0,0.42499999999999993,-1.0020404215452794,0.28247587190589446,0.12875116620138338,0.21033313546871515,32.12659884828029,64.81743278061396,,0.17948717948717946,,
2025,15450,"McGrone, Cameron",LB,5,0.3,0.0,0.0,1.0,0.39999999999999997,1.3333333333333333,0.0,0.5,-1.3635884883975107,0.09999957065203555,0.1285714285714286,0.2142857142857143,24.504144587811496,54.77643026947572,0.1560471651217197,0.2142857142857143,0.13645492859214772,0.1521478074972648
2025,17422,"Edmonds, Christopher",S,7,0.2857142857142857,0.0,0.0,1.0,0.36421567954234174,1.2747548783981961,0.0,0.5,-1.5181305688360494,0.07125208479539397,0.1256022301248897,0.20943483497428741,26.092805778469835,53.624836289652535,,0.08333333333333334,,
2025,14984,"Woerner, Charlie",TE,16,0.475,0.0,-1.5,3.8,1.32970861469722,2.7993865572573053,0.0,0.525,-0.779365183855429,0.034615334175797735,0.12502018229566306,0.20388815880381386,44.120529447166845,112.78412467871944,0.42827987845928656,0.3712665676249891,0.1583037185983766,0.2556344364750348
2025,15541,"Stoll, Jack",TE,15,0.5466666666666667,0.0,-1.0,7.7,2.0211767749396774,3.6972745883042872,-0.1,0.9,-0.48780360949118856,0.17728532336213487,0.1163795423047672,0.18094494542696257,39.15571576036502,100.09270476887002,-0.08392622598348198,-0.03737596230900927,0.061618225474526556,-0.03061418775505423
2025,15498,"Stuard, Grant",LB,16,0.46875,0.25,-2.0,4.0,1.4944559001522928,3.188172586991558,-0.125,1.5,-0.8060077655896419,0.34732859822465223,0.11192232179159357,0.18791673164932748,21.488780893085767,48.03590282240011,0.24032078453689187,0.2526695821305878,0.41459265286485203,0.26851494076941285
2025,15684,"Ross, D'Angelo",CB,9,0.3333333333333333,0.0,0.0,2.0,0.6666666666666666,2.0,0.0,0.0,-1.4811274707141322,0.6620058830711086,0.1111111111111111,0.2,25.525881952565303,44.23252910604798,0.0,0.2222222222222222,0.28291422703028196,0.2360679774997897
2025,16299,"Davis, Derius",WR,10,0.51,0.0,-1.0,6.0,1.8555053220079971,3.638245729427445,0.0,0.07500000000000001,-1.0162844906329114,0.3227109094918392,0.10995536453885886,0.17860236367599097,30.431131403176963,55.39387325215104,0.17860236367599097,-0.1274945363498237,0.6640600482247726,0.31247957803861415
2025,13652,"Wilson, Cedrick",WR,9,0.4222222222222223,0.0,-1.9,2.2,1.2317808046147187,2.917375589876965,0.0,1.4,-1.2378010060986688,0.22857108333317377,0.10778190973398168,0.18918624147549842,32.23446350608393,58.6764837018412,0.13988536373088167,0.19594218014973935,0.6545467530100217,0.7430062566712028
2025,17285,"Yurosek, Ben",TE,11,0.45454545454545453,0.0,-1.0,5.0,1.514393749905244,3.331666249791537,0.0,0.25,-0.7014916216598204,0.11919195771026617,0.10493547478809792,0.18077735619673105,39.11945016450679,100.0,0.19371294336139652,0.3333333333333333,,
2025,16120,"Trammell, Austin",WR,6,0.6166666666666666,0.0,-4.0,6.1,3.127521205186128,5.071656008409938,-0.75,1.9500000000000002,-0.5645265138319917,0.509902730978026,0.10156482281152172,0.1494036338061305,25.456111100044005,46.3378299375783,0.2585286983488308,0.2169284167849292,,0.24714969561169708
2025,15977,"Thompkins, Deven",WR,6,0.4833333333333332,0.0,-1.7,4.6,1.942864437427949,4.019719525712999,0.0,0.0,-0.9852587953101204,0.3725283105688239,0.09628692018697613,0.16423907509506774,27.983845078451896,50.93907113889835,0.17487435273549715,0.18619052779886341,,0.21066415554225826
2025,17058,"Brooks, Tahj",RB,15,0.3866666666666666,0.0,-2.0,2.9,1.2208558018410236,3.157385694416441,-0.05,1.0,-0.9956559405854069,0.35284904479675394,0.09300716726523056,0.17410705654375733,26.59337317333015,53.65380214109962,0.14743996405042642,0.14871613262550112,,
2025,17358,"Bullock, John",LB,15,0.3,0.0,-1.5,1.5,0.6782329983125267,2.260776661041756,0.0,0.75,-1.2218401033903925,0.22366724477443276,0.09200262121115517,0.17875944538192953,20.441620715020367,45.695086709875945,0.03104957922018445,-0.055555555555555566,,
2025,15414,"Nwangwu, Kene",RB,11,0.38181818181818183,0.0,0.0,4.2,1.207415106609745,3.1622776601683795,0.0,0.0,-0.9995630359913436,0.35345816042467043,0.09173299164350698,0.17297072067455255,26.419807526883137,53.303622538374405,0.1858407079646018,0.31343283582089554,,0.09377974917600852
2025,15229,"Green, A.J.",CB,4,0.25,0.0,0.0,1.0,0.4330127018922193,1.7320508075688772,0.0,0.25,-1.5826384223145256,0.46775641203228674,0.09150635094610966,0.17445763018700947,22.265924369389488,38.58351102509525,0.3200096246162298,0.14285714285714285,,
2025,17197,"McWilliams, Mac",CB,4,0.25,0.0,0.0,1.0,0.4330127018922193,1.7320508075688772,0.0,0.25,-1.5826384223145256,0.46775641203228674,0.09150635094610966,0.17445763018700947,22.265924369389488,38.58351102509525,,,,
2025,16321,"Smith, Christopher",S,9,0.2222222222222222,0.0,0.0,1.0,0.3424674446093876,1.5411035007422442,0.0,0.5,-1.5279526633120668,0.1303862210572498,0.08745107082702934,0.16553267128714716,20.62317781288436,42.38388709047343,0.15018820695830562,0.14285714285714288,0.1849005617522475,0.07061011116965424
2025,14280,"Miller, Scotty",WR,12,0.3416666666666666,0.0,-1.0,3.3,1.0177248591288752,2.97870690476744,0.0,0.125,-1.3138232335989135,0.2365804583996345,0.08587379639783682,0.16933263478459423,28.851710324082703,52.51884866276001,0.19503145269022562,0.3326506775020063,0.1967207846157438,0.3346067535830954
2025,15925,"FitzPatrick, John",TE,15,0.4266666666666667,0.0,-2.0,5.9,1.6992024272843094,3.9825056889476,-0.05,0.6499999999999999,-0.6235659671887314,0.22260714149232794,0.08563295123036514,0.15807138521875874,34.20597472268822,87.43981466724044,0.143729793032322,0.05838641900897907,-0.012099835552782013,0.22111233065181618
2025,14848,"Proche, James",WR,8,0.5625,0.0,-3.5,7.9,3.1332640728160785,5.570247240561917,-1.0,0.525,-0.5624869274590134,0.5750147245865993,0.08561321658146497,0.13609099009654058,23.18783871152652,42.2088873910066,0.09106696749514778,-0.24214769091019242,0.1862349963148342,-0.08454209418155904
2025,15151,"Welch, Kristian",LB,8,0.1875,0.0,0.0,0.5,0.24206145913796356,1.2909944487358056,0.0,0.5,-1.444051744852906,0.09435399509320318,0.08184218870694535,0.15095871353268775,17.262532668243317,38.58857074516748,0.3005126743967247,0.16064915440886857,0.3917063736801464,0.20492640615960006
2025,16669,"Ford, Jaylan",LB,16,0.3125,0.0,-2.0,2.5,0.9164298936634487,2.932575659723036,0.0,0.625,-1.1004884828619854,0.31324664780916855,0.07946445969255905,0.16306362212009998,18.646761342734873,41.68286792389904,0.144436802675439,0.2684747639175602,0.22111233065181618,
2025,15337,"Gray, Noah",TE,15,0.47333333333333333,0.0,-4.3,5.6,2.3909458844194322,5.051294122012885,-0.44999999999999996,1.2000000000000002,-0.33188831228736987,0.392432363474742,0.07822018295416867,0.1395874040656869,30.206119902528215,77.21509319661742,0.3640612077680892,0.09228107900170496,0.8705790954587254,0.866719581442004
2025,14548,"Bachman, Alex",WR,12,0.24166666666666667,0.0,-0.5,1.8,0.5514501085521901,2.2818625181469936,0.0,0.5,-1.4794212742677015,0.1455782017976368,0.07363704766131295,0.15576824890114543,26.54054489084427,48.31182778741402,0.2204090482695475,0.25320099082873315,,
2025,16648,"Wiley, Jared",TE,4,0.2,0.0,0.0,0.8,0.3464101615137755,1.7320508075688774,0.0,0.2,-1.193978699797452,-0.13497906356740058,0.07320508075688772,0.14854314511050556,32.144104132742044,82.16911024456704,0.12679617023739928,0.12121212121212122,,
2025,16416,"Gipson, Xavier",WR,6,0.20000000000000004,0.05,0.0,1.0,0.36055512754639896,1.8027756377319943,0.0,0.1,-1.547217857267247,0.0830133192165806,0.0713578344650662,0.14699882125370142,25.04636754863312,45.59197260969823,0.09259452366431721,0.03813192482535431,0.15163686930285722,0.4626049879787875
2025,16334,"Reed, Jerrick",S,7,0.2857142857142857,0.0,-1.0,2.0,0.880630571852711,3.0822070014844885,0.0,0.5,-1.2849035563115059,0.47253863620583675,0.06999015131040295,0.15192472673291335,18.92780820380571,38.8996348215085,0.11439478302055078,0.0,,0.5536406433432716
2025,15604,"Zylstra, Shane",TE,5,0.2,0.0,0.0,1.0,0.4,2.0,0.0,0.0,-1.1713822324872432,-0.09240325559938488,0.06666666666666667,0.14285714285714288,30.91367745505774,79.02380356845053,0.07692307692307693,0.14285714285714285,0.21637149204104789,
2025,15469,"Hamlin, Damar",S,5,0.2,0.0,0.0,1.0,0.4000000000000001,2.0000000000000004,0.0,0.0,-1.5019693963372813,0.23226941413847427,0.06666666666666665,0.14285714285714285,17.798107383120783,36.57792123961758,0.721118715350064,0.14285714285714288,1.5347167944723032,
2025,16203,"Jones, Charlie",WR,14,0.35714285714285715,0.0,-1.0,6.0,1.5859716650838942,4.440720662234904,0.0,0.0,-1.1120096943367823,0.4275076634790264,0.0656425645267648,0.13810779985142285,23.53147247651617,42.83440489053042,-0.07692307692307693,-0.14285714285714288,0.05363152083909803,-0.04082558975553226
2025,17230,"King, Kobe",LB,13,0.2692307692307692,0.5,-2.5,1.0,0.890448992522325,3.307381972225779,0.0,1.0,-1.1137246942392112,0.3632242836698245,0.06250450295952,0.14241630972097746,16.28568594363842,36.404932940446834,0.14962686336267078,0.2910857029407469,,
2025,17354,"Wax, Marlowe",LB,16,0.28125,0.5,-2.0,1.5,0.9995115994824673,3.5538190203821056,0.0,1.0,-1.058161736232694,0.39608483229049835,0.061761347726199414,0.14065934904943578,16.08477279142916,35.95581278312923,0.10854139495335458,0.2142857142857143,,
2025,16776,"Hadden, Kamal",CB,10,0.32,0.0,-1.8,4.0,1.3862178760930766,4.331930862790864,0.0,0.0,-1.1685184890321882,2.352536585874656,0.06001578194367361,0.1341034291989849,17.11554151583744,29.65866917632472,0.1341034291989849,0.14285714285714285,,
2025,16197,"Mingo, Jonathan",WR,5,0.4,-1.0,-1.0,5.0,2.33238075793812,5.8309518948453,-1.0,0.0,-0.8469216037610969,0.6090606497629382,0.05855699266479153,0.12003430251694779,20.452022904963194,37.22887425833093,-0.07450444183801604,0.12003430251694779,-0.1416384288877873,0.2808761553960575
2025,16897,"Payton, Rico",CB,8,0.25,0.0,-1.0,2.0,0.82915619758885,3.3166247903554,0.0,0.25,-1.4105339033208506,1.6164915703115303,0.057915619758885,0.13667504192892002,17.44375493069763,30.22741385095641,0.16844233262256506,0.1010205144336438,0.33016190634861176,
2025,17385,"Runyon, Carter",TE,12,0.17500000000000002,0.0,0.0,1.0,0.36996621467371854,2.1140926552783914,0.0,0.025,-1.1840461528777029,-0.07427449418151844,0.056196144229483595,0.12774037646007155,27.642473571120114,70.66171291998431,0.15041837297423663,0.14285714285714285,,
2025,17175,"Smith, Arian",WR,15,0.33999999999999997,0.0,-2.5,4.6,1.8467268341582084,5.431549512230025,-0.5,1.0,-1.0194021811923117,0.5569019199115323,0.05286439906176063,0.1194354147086753,20.34998151416524,37.043128030448486,0.11042358890439527,-0.03917878711260602,,
2025,17087,"Thornton, Dont'e",WR,14,0.3928571428571429,0.0,-3.0,7.0,2.545434087513866,6.479286768217113,-1.525,1.65,-0.7712554565119276,0.6937279551806415,0.052526016855854674,0.11080650018024245,18.879745474300208,34.366853272076355,-0.19155136840384424,0.32664485248936914,,
2025,17086,"Royals, Jalen",WR,6,0.16666666666666666,0.0,0.0,1.0,0.372677996249965,2.2360679774997902,0.0,0.0,-1.5429124058094692,0.13959780413789746,0.051502832395824566,0.1214171620161358,20.68764117039816,37.65777084316292,,0.0,,
2025,16880,"Owens, Tyler",S,16,0.2625,0.0,-1.8,2.5,1.1218706476238693,4.273792943329026,-0.25,1.0,-1.1759529760492176,0.7370919304283525,0.04977442285291915,0.12371159396259847,15.412825637183552,31.675790582740337,0.09214042583529511,-0.28474909120370684,0.40136877225557216,
2025,16483,"Sims, Ben",TE,10,0.19,0.0,0.0,1.8,0.5374941860150676,2.828916768500356,0.0,0.0,-1.113407008687457,0.039307539409677066,0.04962238969598076,0.12357770307570971,26.74168877463571,68.35906093306632,0.12357770307570971,0.22208513291586993,0.1338700706607112,0.10304690192022327
2025,12608,"Winchester, James",TE,16,0.15625,0.0,0.0,1.0,0.34089725358236606,2.181742422927143,0.0,0.0,-1.1963032495138746,-0.0635252790397915,0.0491083121229697,0.11652645240532755,25.215828152483027,64.45854439784902,0.04347826086956522,0.08333333333333334,0.07420939210962321,0.05031957117756259
2025,13940,"Mundt, Johnny",TE,15,0.3,0.0,-2.0,3.5,1.5405626677721793,5.135208892573932,-1.0,1.15,-0.6904573451285383,0.40576600753118236,0.048898090554523835,0.11808407791139831,25.55289167991613,65.32017084202363,0.2545392425042093,0.04531948672039388,0.3141596088331107,0.3691279264897347
2025,17010,"Bozeman, Swayze",LB,6,0.25,0.25,-1.5,2.0,1.0307764064044151,4.123105625617661,0.0,0.5,-1.042233589982523,0.47199496962737514,0.04879852540027595,0.12310562561766053,14.077457565304673,31.468671347987836,,0.3458518397804955,,
2025,13963,"Hodge, KhaDarel",WR,12,0.26666666666666666,0.25,-3.0,2.5,1.2545472844372543,4.704552316639703,0.0,0.7749999999999999,-1.2297154633004053,0.46196194965088644,0.04674629170966182,0.11827947389146373,20.15302674728054,36.68461071971586,0.33871978285353727,0.17875944538192953,0.4628001958620736,0.5669346900986305
2025,13793,"Valdes-Scantling, Marquez",WR,9,0.41111111111111115,-0.7,-4.8,7.8,3.258985678753588,7.927262461833052,-1.0,1.3,-0.5178367473082848,0.8828219023428572,0.04605119574659586,0.09652793930770502,16.446895464830494,29.938329623692038,0.04071629763431379,0.15601195338257806,0.560488808943614,0.3115771312941278
2025,17407,"Rucci, Hayden",TE,4,0.125,0.0,0.0,0.5,0.21650635094610965,1.7320508075688772,0.0,0.125,-1.2487533976110752,-0.1349790635674006,0.04575317547305483,0.10275326544969055,22.235369138959634,56.83967705439239,,,,
2025,13942,"Gray, J.T.",S,4,0.125,0.0,0.0,0.5,0.21650635094610965,1.7320508075688772,0.0,0.125,-1.584840119516088,0.172779922820554,0.04575317547305483,0.10275326544969055,12.80169556707935,26.309505955126095,0.2928932188134525,0.16064915440886857,0.443879283864707,0.33794477164468795
2025,17243,"Fidone, Thomas",TE,7,0.14285714285714285,0.0,0.0,1.0,0.34992710611188266,2.4494897427831788,0.0,0.0,-1.1924957596377541,-0.020981547630443204,0.04141399265094794,0.10582581993527491,22.900256847272754,58.53931164924766,,0.14285714285714288,,
2025,16782,"Anthony, Daijahn",S,5,0.2,0.0,-1.0,1.5,0.812403840463596,4.0620192023179795,0.0,0.5,-1.3157166040627204,0.6900743894798813,0.03950992519119975,0.11035068208023763,13.748233026252842,28.25478990508308,0.1522290940709547,0.11035068208023763,-0.007230274194712425,
2025,14442,"Kuntz, Christian",LB,16,0.125,0.0,0.0,1.0,0.33071891388307384,2.6457513110645907,0.0,0.0,-1.3988843811498954,0.2750007528627842,0.03428648564717897,0.09393418752518262,10.741625593326477,24.01177087350077,0.14285714285714285,0.14285714285714285,0.07420939210962321,-0.044953926274661764
2025,13641,"McCloud, Ray-Ray",WR,6,0.38333333333333314,-0.75,-3.9,8.2,3.9172340014635614,10.218871308165818,-2.0,1.25,-0.2840590606986802,1.1820875350571662,0.03416861846470406,0.07795710621443644,13.282707430046425,24.178549330853404,0.42101410354191143,-0.40185419738739403,0.94142101670681,0.5939195361769811
2025,14292,"Summers, Ty",LB,5,0.1,0.0,0.0,0.5,0.20000000000000004,2.0000000000000004,0.0,0.0,-1.465480345845633,0.1888946153609215,0.033333333333333326,0.08333333333333334,9.529389561926694,21.301945104796115,0.4141375741034523,0.08333333333333334,0.404960788054283,0.08377489761034583
2025,16045,"Schooler, Brenden",S,15,0.26666666666666666,0.5,-3.0,4.0,1.9652537297311565,7.369701486491837,-1.0,1.5,-0.7950582350520772,1.4244387469219364,0.03186095311727062,0.08993047171408293,11.20414534807368,23.026287979795676,0.11340570069377398,0.22667943787127293,0.49898122476847656,0.2984837673166863
2025,15244,"Franks, Feleipe",TE,16,0.21875,0.0,-2.8,2.5,1.3542612146480457,6.190908409819637,0.0,1.0,-0.7690124371810368,0.5735114652068345,0.03042035686357556,0.09291662226729688,20.10676143689256,51.39837434406349,-0.015877161810599078,0.14285714285714288,0.18565803925715335,
2025,16820,"Brade, Beau",S,14,0.10714285714285714,0.0,0.0,1.0,0.2789374884252377,2.6034165586355518,0.0,0.0,-1.5566445196223209,0.3662386334533126,0.02973368618348893,0.08377489761034583,10.437242365752187,21.4501812465378,0.07692307692307693,0.0,0.13714998240618126,
2025,16422,"Remigio, Nikko",WR,14,0.27142857142857146,0.0,-6.0,6.0,2.6753981202880475,9.8567299168507,0.0,0.0,-0.7250985733476545,1.1347947901467978,0.0250009508855229,0.07385011434007566,12.582938363007734,22.90475774907638,-0.06852290931569373,-0.3529411764705882,,
2025,17303,"Collins, Beaux",WR,9,0.16666666666666666,0.0,-1.6,2.6,1.0708252269472676,6.424951361683606,0.0,0.0,-1.2949645738523967,0.6866321893211838,0.022446836153937447,0.08048321244007656,13.713117582010003,24.962026129281625,,0.04201936558106496,,
2025,14847,"Duvernay, Devin",WR,16,0.16874999999999998,0.0,-2.1,4.8,1.3461606284169805,7.9772481683969225,0.0,0.0,-1.1971788735678601,0.8893496324681127,0.018797519778283447,0.07192602158440459,12.255102167144454,22.3079966086338,0.06347727103536077,0.24862653295981452,0.32671707193968497,0.13876345725997488
2025,16706,"Reiman, Tip",TE,4,0.15000000000000002,-0.2,-1.0,2.0,1.1258330249197703,7.505553499465134,-0.55,0.5,-0.8653305129157118,0.7824020999387503,0.01763553659493561,0.0705605747213665,15.26900793585877,39.03175497520769,0.13428329199685105,0.05973829795554085,0.0545522342047103,
2025,16796,"Culp, Devin",TE,12,0.18333333333333335,0.0,-2.0,5.2,1.7232882005695456,9.39975382128843,0.0,0.0,-0.6134100606949874,1.0833812087883987,0.017628622415854465,0.06732057712253563,14.567886250780838,37.239496438521854,0.15328467153284672,0.4109330413767029,,
2025,17375,"Mitchell-Paden, Zaire",TE,7,0.1571428571428571,0.0,-1.8,2.8,1.2488361929151053,7.947139409459762,0.0,0.05,-0.8134655112069796,0.852567927776226,0.01756347475447972,0.06987741376536506,15.12117481375275,38.65385313485884,,0.2747935474693822,,
2025,17205,"Lambert-Smith, KeAndre",WR,9,0.21111111111111105,-1.0,-2.3,6.2,2.388139417317006,11.312239345185821,-1.0,0.0,-0.8271188485571277,1.3248725823011664,0.017146443079313355,0.06230886191757875,10.61648415827287,19.325215683089628,,0.19231960887990288,,
2025,16798,"Kane, Sanoussi",S,8,0.0625,0.0,0.0,0.5,0.16535945694153692,2.6457513110645907,0.0,0.0,-1.6079394481106373,0.375637702225356,0.017143242823589484,0.05363152083909803,6.681776969100428,13.732106816494058,0.1136229172359372,0.0,0.14195750300626014,
2025,16317,"Scott, Daniel",S,4,0.15000000000000002,0.0,-1.4,2.0,1.2114041439585717,8.076027626390477,-0.35,0.5,-1.1355172136768388,1.58125572549119,0.016527054144683646,0.06783020661772357,8.4507451084106,17.36761568731056,,,,
2025,16775,"Karty, Joshua",PK,8,0.25,0.35,-6.8,8.1,4.093592554224223,16.374370216896892,-1.7,1.85,-1.1125564371973335,2.357642695572157,0.014389010760048756,0.04908127168370972,7.173351482959439,10.140349883707774,0.32478345411443243,-0.05328575687784869,0.5097897765900745,
2025,16423,"Brownlee, Jason",WR,5,0.1,0.0,-1.0,1.0,0.66332495807108,6.6332495807108005,0.0,0.5,-1.4396887863782533,0.7138342567290634,0.013100580420257675,0.060120543201592866,10.243627869993244,18.646504343028415,0.35068284488599777,0.060120543201592866,,
2025,16476,"Jones, Cam",LB,9,0.1111111111111111,0.0,-2.0,1.0,0.8425417160057279,7.582875444051552,0.0,0.5,-1.1381315011869957,0.9333295586655774,0.012945674422913568,0.06030317259355104,6.895829081568588,15.414898466794435,0.18357191000529188,-0.04950975679639242,0.23706513959889344,0.0786895566008613
2025,16180,"Hull, Evan",RB,5,0.12,0.4,-1.9,1.5,1.1923086848631106,9.935905707192589,-0.4,1.0,-1.003954343880616,1.1968660889247613,0.010973028042942572,0.054736817323465956,8.360583644911001,16.868003082739254,,0.05473681732346597,,
2025,16613,"Laube, Dylan",RB,16,0.11875,0.0,-2.1,3.9,1.3092071789827613,11.024902559854832,-0.05,0.125,-0.9699729492074504,1.3324608652057652,0.00987533989642853,0.051424575967372085,7.854666928085663,15.84728430263189,-0.14559726579797386,0.04865240635826066,-0.16823537210190093,
2025,16858,"Tipton, Mason",WR,14,0.16428571428571428,0.0,-7.8,6.2,2.973119367854275,18.0972483260695,0.0,0.0,-0.6193625127922456,2.2109400317639483,0.008602585643788753,0.04134930241837625,7.045293407236477,12.82456721224402,0.05093348467807997,0.14658588912983161,0.05747679189228504,
2025,13479,"Davis, Michael",CB,11,0.09090909090909091,0.0,-3.0,1.0,1.083306844346635,11.916375287812984,0.0,1.0,-1.3001181694079136,7.850871192957296,0.007038281939273363,0.043636918467285006,5.56935414784817,9.650856331012132,0.046821265227605074,-0.0809816975292943,0.3226105519587265,1.1447302661040437
2025,13427,"Tonyan, Robert",TE,16,0.04375,0.0,-0.3,1.0,0.2573148606279863,5.881482528639688,0.0,0.0,-1.2315462519832356,0.524345215523742,0.006357641659034827,0.03479637549034325,7.529787499594834,19.248193591500517,-0.027522935779816512,0.0,,0.37856791683200186
2025,16732,"Gould, Anthony",WR,11,0.018181818181818184,0.0,0.0,0.1,0.038569460791993505,2.1213203435596424,0.0,0.0,-1.6615714555953078,0.12461268862460986,0.005825040745764378,0.017506598131580984,2.9828585534916345,5.429705732990269,0.019230769230769232,0.03813192482535431,,
2025,15714,"White, Zamir",RB,5,0.03999999999999999,0.0,-0.4,0.6,0.3261901286060018,8.154753215150047,-0.1,0.1,-1.2557276170572602,0.9750886126258761,0.004369314940549643,0.030161587797403668,4.606926196554991,9.294763211028076,0.020941346946287853,0.030161587797403674,0.0030723359963575926,0.4016498763211619
2025,17317,"Castro, Sebastian",S,8,0.0625,0.0,-2.0,1.0,0.8816709987291178,14.106735979665885,0.0,0.625,-1.2844336712331554,2.9201803513428146,0.004137227266308676,0.03321515825147571,4.1381686731498055,8.504590097387387,,-0.16027526411483162,,
2025,17396,"Williams, Ke'Shawn",WR,10,0.02,0.0,-0.3,0.5,0.1833030277982336,9.16515138991168,0.0,0.0,-1.6101691545151073,1.0444802123482173,0.001967506359014863,0.01690184131212265,2.8798171722852235,5.242139219782067,0.016901841312122648,0.031804542650621145,,
2025,16557,"Fisk, Tucker",TE,10,0.02999999999999998,0.0,-1.0,2.4,0.8809653795694811,29.365512652316053,-0.07500000000000001,0.0,-0.9685803807970632,4.2558420257548715,0.0009879629019769508,0.01594925686876089,3.4513512774211685,8.822596593018046,0.015949256868760888,0.23341096420092414,0.1828838154927355,
2025,12955,"Manhertz, Chris",TE,16,0.024999999999999994,0.0,-2.0,1.5,0.6637959023675877,26.551836094703514,0.0,0.0,-1.0601511548651577,3.808762668231476,0.0009073805431357775,0.015025881458431832,3.251536770187259,8.31181613369758,-0.125,-0.2222222222222222,0.17029080532937307,-0.010150415037816088
2025,15905,"Quitoriano, Teagan",TE,16,0.012499999999999997,0.0,-0.8,1.0,0.3199120973017432,25.59296778413946,0.0,0.0,-1.2051517628008965,3.656403212743716,0.0004700490784430322,0.009470327626781643,2.0493385755363507,5.238669170753639,0.01424019683588872,0.14285714285714285,,
2025,16940,"Whiteheart, Blake",TE,16,0.01874999999999999,0.0,-3.0,1.5,0.970965209211947,51.78481115797054,0.0,0.35,-0.930631428796338,7.8181582219484085,0.0003552158203973934,0.009513105514174357,2.0585955282278205,5.262332470346405,0.013854410162521804,-0.12147254629394143,0.3217348008753991,
