season,player_id,player_name,position,games_played,mean_score,median_score,min_score,max_score,std_dev,coefficient_variation,floor_score,ceiling_score,std_dev_vs_position,cv_vs_position,value_score,consistency_score_std,consistency_index_vs_avg,consistency_index_vs_replacement,consistency_score_trailing_10,consistency_score_trailing_5,consistency_score_last_season,consistency_score_2seasons_ago
2020,11244,"Kelce, Travis",TE,15,17.266666666666666,15.9,5.2,28.2,6.73930428324929,0.3903071978715805,12.75,22.5,1.259682533557259,-0.12473856117162258,12.419317610597272,2.231036025297274,453.3004823183815,1018.4825031935891,2.176217422355207,2.5403106660723718,1.8609664427825783,1.2936138245455202
2020,12263,"Waller, Darren",TE,15,12.453333333333331,10.5,-1.2,42.0,11.788517954160122,0.9466154674111449,3.6500000000000004,20.05,3.362266051708843,-0.06210656053851227,6.397428532659996,0.9737901903857629,197.8540722666986,444.541575951156,1.0247712096609327,1.3508958568130074,1.2983451810308064,
2020,13424,"Hill, Taysom",TE,15,10.226666666666667,3.4,-7.1,38.8,13.739697554491109,1.3435167100219467,0.6499999999999999,20.55,4.17477238160426,-0.017421409805346566,4.363812138796695,0.693817944965272,140.9694892990352,316.73241908081945,1.0371934551283855,1.1896240312560054,0.9128223716261668,0.3828684179846187
2020,13671,"Andrews, Mark",TE,13,8.73076923076923,9.2,-6.6,20.4,8.629411657936489,0.988390762583034,1.4,16.7,2.0467572886719836,-0.05740328637036142,4.39087195286879,0.906677327848311,184.21812349086449,413.90411628731056,1.1166570598059502,2.402556448411682,1.1167701639594418,0.8884573071649258
2020,13427,"Tonyan, Robert",TE,15,8.673333333333334,8.0,0.0,31.1,7.396257311791028,0.8527583372549224,4.05,10.8,1.5332496075690925,-0.07267347129148709,4.68130848958094,1.0329999440528344,209.88427240282584,471.571214847408,1.4254944471406505,1.6551832959332464,0.38358448418537544,0.22922541000605082
2020,13672,"Gesicki, Mike",TE,14,8.585714285714285,6.199999999999999,-2.0,27.0,8.108712875037316,0.9444424313687391,3.5,14.149999999999999,1.8299289367341867,-0.062351211934574345,4.415514775446758,0.9425826023393137,191.5133343525433,430.2951083765471,1.0624608098169774,1.6704894286230496,0.6236232613435332,0.30294914257050987
2020,13674,"Goedert, Dallas",TE,11,7.981818181818181,5.6,0.9,21.7,6.92568581202917,0.8676827327143608,2.55,12.6,1.3372951592138353,-0.07099320731367856,4.27364778932124,1.0070823359795333,204.61834925906993,459.73965764798146,0.9921596063729567,1.6300940900034921,1.0352990145583207,0.6327916563113111
2020,14138,"Hockenson, T.J.",TE,15,7.106666666666665,7.3,-5.4,14.3,5.394746415624083,0.7591106588589237,4.5,11.600000000000001,0.6997844195287776,-0.08321680090519575,4.039920189714797,1.1113289260858208,225.79910521254237,507.328906246825,0.9296990302200734,0.642357260327467,0.4219990967440439,
2020,11647,"Thomas, Logan",TE,15,7.026666666666666,6.1,-2.7,25.8,7.717898389818018,1.098372636122109,0.3500000000000001,11.45,1.6671867458043341,-0.04502097039502772,3.3486267146774633,0.8060046530105687,163.7635133712679,367.9463833285718,1.1755500626187894,1.5513349781225882,0.5118093152029555,0.399399745134819
2020,9902,"Gronkowski, Rob",TE,15,6.720000000000001,4.9,-4.1,19.6,7.217497257821901,1.074032330033021,0.9,12.45,1.4588107013004314,-0.0477613252483604,3.2400652114680435,0.8177672336432491,166.15342703184737,373.3160781389425,0.9767156952909276,0.9072395991315415,,0.8628346330403266
2020,13193,"Smith, Jonnu",TE,14,6.671428571428572,6.15,-3.1,23.3,6.233828057052741,0.9344067751470918,2.4,9.475,1.0491931284165559,-0.06348107690556987,3.4488240307787787,0.9222542364584062,187.38302988678188,421.01507670809247,0.8292467861483923,1.173016573923919,0.7507279149766817,0.5299891232882296
2020,14137,"Fant, Noah",TE,14,6.585714285714286,6.0,-3.9,18.7,6.156281013596387,0.9347932124766747,1.975,8.875,1.0169011427570736,-0.06343756983512648,3.403833672376852,0.9202704970922652,186.9799749825717,420.10948674342944,0.8832875733637345,1.0230865598924979,0.5117240173973159,
2020,12676,"Henry, Hunter",TE,14,6.507142857142858,6.4,-0.4,15.0,4.527765813876213,0.6958147244156638,3.35,9.675,0.3387580810527155,-0.09034297756513414,3.8371779437078892,1.1771741199325303,239.17748986909837,537.3876668817313,0.9640896205171751,1.2324982564141975,1.2940339569355037,
2020,12678,"Higbee, Tyler",TE,14,6.1571428571428575,5.65,0.2,20.3,5.525617520204582,0.8974320798476119,1.575,9.25,0.7542815047043415,-0.067643875242763,3.2449872238047934,0.9435341311499095,191.70666537180617,430.7294874873673,0.9133148117402969,0.9744583817656006,0.9607357352639849,0.6961302450984355
2020,9474,"Cook, Jared",TE,14,6.014285714285715,5.6,-2.0,16.4,6.092250011619814,1.0129631848298977,0.19999999999999996,10.875,0.9902374802184298,-0.05463679870517462,2.9877773024417946,0.8480081362659266,172.2977544157032,387.1212475099186,0.709080357881715,0.9336596845993322,1.3268970938166258,0.8864699507984722
2020,13680,"Hurst, Hayden",TE,15,5.840000000000001,6.2,-3.4,14.9,5.863764433649542,1.00406925233725,0.55,10.65,0.8950919701079472,-0.055638122640142174,2.9140709549777726,0.8508450510581999,172.87415696100152,388.41631762363244,0.9102663328065684,0.6614429246346628,0.6736185197294431,0.4357375314596587
2020,14141,"Smith, Irv",TE,12,5.458333333333333,5.0,-7.9,16.1,7.113655686229285,1.3032651638893347,0.6499999999999999,11.225000000000001,1.4155692005124072,-0.021953132594490065,2.369824117044472,0.6727341588573156,136.68569903143484,307.10753314955423,0.9821220695069446,1.6612593606398496,0.729920722697849,
2020,13772,"Schultz, Dalton",TE,15,5.366666666666666,6.3,-2.8,14.1,4.8164532824706425,0.8974757669199955,3.15,7.05,0.45897274276538863,-0.06763895673104024,2.828318948904365,0.9226699512640251,187.46749455689803,421.2048532294219,1.2754251385563944,0.8689985159914921,-2.639878117117183e-18,0.5066152019457485
2020,9925,"Graham, Jimmy",TE,15,5.359999999999999,4.5,-2.9,20.8,5.745815868960648,1.071980572567285,3.25,7.449999999999999,0.8459760633018547,-0.04799232248843257,2.5868968420677314,0.7945666030795225,161.43953765248312,362.7248389010797,0.6343067812758464,0.8515109278705889,0.6061971065752788,0.8016157260166086
2020,13753,"Akins, Jordan",TE,12,5.191666666666666,4.9,-1.2,15.6,5.163729003561499,0.9946187486795824,0.375,8.774999999999999,0.6035846080992879,-0.05670210817384662,2.602836592257792,0.8422931416463704,171.13658543944402,384.51231517540464,0.690580029024959,0.5430208897928338,0.6591624005872829,0.4843174203357517
2020,12677,"Hooper, Austin",TE,12,4.800000000000001,4.4,-0.8,10.7,2.937118769588092,0.6118997436641858,2.85,6.65,-0.32361599865491264,-0.09979055081782731,2.9778526976427178,1.2191656591813167,247.7093041378661,556.5570785461429,1.2902948415097715,1.4560663573945831,1.2318542728958215,1.1707209055803585
2020,11785,"Rodgers, Richard",TE,14,4.785714285714286,3.05,0.0,13.6,5.200804490359042,1.086735266642188,0.0,9.8,0.6190235085991947,-0.04633116435140628,2.293397903518008,0.7717892562416818,156.81165079164657,352.3268314460358,0.8925881929406668,0.6956108460303814,,
2020,13189,"Engram, Evan",TE,15,4.773333333333334,5.0,-5.7,15.3,4.621178300919463,0.968123945723351,2.25,7.5,0.377656723187473,-0.05968502718905785,2.42532150665896,0.849169529554427,172.53372556626692,387.6514311242807,1.0805652652926179,1.0071180325149023,0.8610984741680755,1.1856292722688127
2020,13246,"Alie-Cox, Mo",TE,14,4.699999999999998,3.65,-4.8,22.2,6.285584414242753,1.337358386009097,1.425,5.975,1.070745407777246,-0.01811474509189721,2.010817009549389,0.6451095386132459,131.07294623922908,294.49671375581386,0.5053385541543253,1.2418694276244986,0.3447060473657984,0.6544459597556321
2020,11337,"Fells, Darren",TE,15,4.593333333333334,3.3,-2.0,19.0,5.676321187373229,1.2357738434049117,0.0,6.199999999999999,0.8170372261623796,-0.02955164704908995,2.0544713620667645,0.6880036481798687,139.7881441718025,314.0781546596437,0.6337103481451725,0.46205146215881526,0.6964991569274043,0.4234346598189162
2020,11695,"Ebron, Eric",TE,15,4.573333333333334,4.1,-2.7,12.1,4.265593615065655,0.9327099741397203,2.1,7.4,0.22958485526660985,-0.06367211135101485,2.3662801944037137,0.8685313884171273,176.46765575005813,396.4902460324068,1.1355932203389831,1.0781968798879351,0.9031548592434263,0.895102756336464
2020,10312,"Rudolph, Kyle",TE,12,4.566666666666667,5.1,-2.0,10.6,3.4376186848198014,0.752763215653971,2.55,6.625,-0.11519881903244195,-0.0839314281875841,2.6054099183972235,1.029080457563493,209.0879136278383,469.78194369013664,1.1828243932941611,0.8801056742480551,0.7740518103681365,0.768072965209402
2020,13880,"Arnold, Dan",TE,15,4.126666666666667,3.2,-4.5,19.2,5.510289365259223,1.335288214521621,0.30000000000000004,6.55,0.7478985848969546,-0.018347815475735937,1.767090948776961,0.6338683943432296,128.78897768756485,289.3650580474032,0.6929081049523605,0.642133731741303,,0.3964684970176374
2020,13919,"Firkser, Anthony",TE,15,3.9200000000000004,0.8,-1.0,24.6,6.29753390886729,1.6065137522620636,0.35,5.65,1.0757213925711835,0.012188128319481998,1.5039245415828046,0.5371677677628572,109.14140580959315,245.22059103600964,0.6163509520425821,0.6674038574672104,0.45549389585529915,0.7250179771232591
2020,11250,"Eifert, Tyler",TE,14,3.9142857142857146,3.65,-0.1,9.2,3.260774917289522,0.833044686898783,0.925,7.2,-0.18883974911213905,-0.07489293382546769,2.135401140115169,0.9186792990172253,186.65667636851927,419.3830944395098,1.0492806835181276,1.2478413433657065,0.9831230594383064,
2020,11705,"Burton, Trey",TE,12,3.758333333333334,2.35,-2.3,19.3,5.549993743740218,1.4767167389109224,0.2,4.225,0.7644322032450036,-0.0024250763864501006,1.5174659557499386,0.5737918966602291,116.58267305289422,261.9397448523223,0.5931442072048397,0.4924001282861372,0.17559061568330955,0.6983496168351936
2020,11248,"Reed, Jordan",TE,10,3.7199999999999998,0.75,-2.0,15.0,5.702595900114264,1.5329558871274904,-0.775,8.45,0.8279784898034372,0.0039066115635079494,1.4686398681102504,0.5550088436536331,112.76634427525059,253.3651585942511,0.5550088436536331,0.40809487581326054,,0.9020253116110608
2020,13251,"Baker, Budda",S,14,11.400000000000002,10.5,1.0,37.0,9.540739713759844,0.8369069924350739,4.125,13.0,2.7697236686863045,-0.08421983401727035,6.206084492545661,1.0815180252595065,127.64614126182121,213.28619837549246,0.9631634968387032,1.3682404612560788,1.5484533619439496,1.1995981625563663
2020,14927,"Chinn, Jeremy",S,14,11.235714285714284,8.25,2.5,41.8,9.955444105962263,0.8860535122916192,4.275,15.375,2.971340987639434,-0.07909637045369367,5.957261664364182,1.0255827310185892,121.04437938320207,202.25519751834335,1.0829723280088481,0.9750466157198303,,
2020,13737,"Bates, Jessie",S,15,10.733333333333333,9.2,1.5,22.0,5.4025508378501685,0.503343245762438,7.25,14.15,0.7578555472719221,-0.11899343970076148,7.139642502527623,1.6764151671987884,197.85886341965545,330.60587947672053,1.5328330781918802,1.5329132623160182,1.5170981246439934,1.4351662330968227
2020,11316,"Ryan, Logan",S,15,10.733333333333333,9.0,3.0,26.3,6.121401437216445,0.5703169040884887,7.0,13.5,1.107339983167013,-0.1120115191262316,6.835138375819523,1.5071939741019136,177.88653580786678,297.2337635089471,1.438507101493858,1.6826395710684896,1.8602516252631158,1.9809933113945162
2020,12767,"Simmons, Justin",S,15,10.346666666666666,7.0,2.5,27.1,7.123937737578065,0.6885249102040656,5.25,16.1,1.5947442278113269,-0.09968848152308075,6.127636379031107,1.273602408202509,150.31689635482954,251.1671646177194,1.3256399277483402,1.9398156319043216,1.5755119703056946,1.4046452151713376
2020,12718,"Bell, Vonn",S,15,10.020000000000001,7.5,3.5,25.7,5.9550762659543945,0.594318988618203,5.25,13.5,1.0264774802979655,-0.10950933166927984,6.284815066202241,1.440674353069086,170.03555899127443,284.11542728513245,1.8140611131988356,1.8340394120778019,1.4014731738504442,1.2430572992575122
2020,13713,"Fitzpatrick, Minkah",S,15,9.72,6.0,2.0,27.6,7.577704137797939,0.7795991911314751,4.5,12.25,1.8153523688475774,-0.09019410102019787,5.461904033469464,1.1331703499970927,133.7424057585441,223.47255470357376,1.3044199084740664,2.546111994344285,1.0054445520091835,0.9015822145692977
2020,11317,"Poyer, Jordan",S,15,9.713333333333333,10.0,-0.7,18.5,4.962239637726318,0.5108688714200054,6.0,11.75,0.5437889365892108,-0.11820890258679677,6.428971777149766,1.6291417191405415,192.2794157471782,321.28308153442504,1.8078652366583834,1.5239577719222708,1.6975383619166926,1.5519630792287902
2020,12750,"Bradberry, James",S,14,9.65,10.0,0.0,21.0,6.207800392593637,0.6432953774708432,3.325,14.45,1.1493446642628382,-0.10440360405124084,5.872346586194434,1.338827308524781,158.01506378789404,264.03016893595054,1.1601039155576707,1.5045669426354749,0.8811638151378133,1.342239868738998
2020,13231,"Peppers, Jabrill",S,14,9.62142857142857,7.8,1.5,22.9,6.580184384241238,0.6839092901215839,4.625,13.7,1.3303870246254152,-0.10016965417548696,5.713745168977522,1.2692868779591906,149.8075559923089,250.31609878425724,1.577917502609021,1.3908121234944437,1.7657745321071463,1.2213196157974298
2020,14226,"Willis, Khari",S,14,9.542857142857143,8.75,-4.4,29.0,7.690041267371558,0.8058426477784567,5.9,12.7,1.869967442402111,-0.08745825330797767,5.284434474175667,1.0981371490936005,129.60761298862434,216.5636562265116,1.301650017083822,1.4401044946611223,1.0309574137686683,
2020,9430,"Jenkins, Malcolm",S,15,9.440000000000001,8.5,1.5,16.8,4.974441342167648,0.5269535320092846,6.4,13.45,0.5497210534955554,-0.11653209672745585,6.182244450869511,1.5800640527462237,186.48702524507218,311.60447364633825,1.449169197000593,1.8779084136086257,1.5228122624225526,1.5714880490453682
2020,11956,"Sorensen, Daniel",S,15,9.386666666666667,7.0,2.0,28.5,6.374518718216215,0.6791035566281478,4.95,12.55,1.2303983074467573,-0.10067064591451037,5.590284547735864,1.272851426016471,150.2282616987579,251.01906340094183,1.435540555842912,2.3758890886760473,0.9099673600776063,
2020,11313,"Mathieu, Tyrann",S,15,9.32,7.0,0.0,25.0,7.679774302239183,0.8240101182660068,3.75,15.8,1.8649759399664092,-0.08556431710746923,5.109620778233428,1.073760638867724,126.73057590270444,211.75636399992945,1.1133361402850086,1.2612923647750327,1.2829892932958253,1.5499513245230472
2020,14197,"Savage, Darnell",S,14,9.285714285714286,10.5,1.0,19.9,5.649760695672636,0.6084357672262838,4.0,12.575,0.8780418527225337,-0.10803767505870607,5.773133422497387,1.3963982631370495,164.80987444604483,275.383738418209,1.693537189134222,3.250540768794117,1.190034649440629,
2020,12088,"Phillips, Adrian",S,15,8.84,8.5,1.5,20.3,4.699617005671846,0.5316308829945527,5.25,11.5,0.41610938467987835,-0.11604448870521887,5.771625590832016,1.5509814065055725,183.05454655900405,305.8690842117706,2.0216474363707313,2.9427485223875496,,1.3568711379973224
2020,14184,"Abram, Johnathan",S,12,8.708333333333334,8.35,1.0,15.3,4.39819249490313,0.5050555975008378,5.5,11.875,0.26956547805473696,-0.11881492916196185,5.786054247958429,1.6131942944894195,190.39722130174496,318.1380894970512,1.4901317798665523,1.2555466753569244,,
2020,13252,"Maye, Marcus",S,15,8.58,8.0,2.5,26.7,5.782986540995347,0.6740077553607631,5.0,10.75,0.9428124176219734,-0.10120187685816379,5.125424283444216,1.2649295333469666,149.2932804898133,249.45678673799688,1.8287816312140197,2.655625963107615,1.237393445524651,
2020,11017,"McLeod, Rodney",S,13,8.576923076923077,5.5,1.5,24.0,6.921333113714866,0.8069715737963521,3.5,13.0,1.496243701077414,-0.08734056417483978,4.746573328158901,1.082762579706834,127.7930297732295,213.53163699097752,1.1068366824092197,1.4342806945451487,1.0190345754378447,
2020,12736,"Neal, Keanu",S,14,8.485714285714286,8.75,1.5,16.8,3.818536956714694,0.4499959376599808,6.25,10.25,-0.012246332293396053,-0.12455483021377535,5.852233144465649,1.7610561799031825,207.84861709169093,347.2979358315282,1.8276603174742,2.345916421175436,,
2020,11324,"Vaccaro, Kenny",S,12,8.483333333333333,7.25,0.5,21.8,6.532844369457729,0.7700798863800861,4.5,9.625,1.3073716743197117,-0.09118647669983267,4.792627382870403,1.1261792912819766,132.91728620669448,222.09384782940108,1.065083820436409,1.3781910056702777,1.335902838076321,1.2824732759702775
2020,15001,"Curl, Kamren",S,15,8.393333333333333,6.5,1.0,35.4,8.609410871572779,1.0257439481619675,2.0,9.9,2.316938437191032,-0.06453381626977704,4.14333378162078,0.8734493139598255,103.088836164339,172.25296231514253,1.0790759909701566,1.226152356875403,,
2020,12275,"Rowe, Eric",S,15,8.293333333333333,7.0,0.5,24.6,6.700295184210584,0.8079134064562602,3.75,10.5,1.388781432600036,-0.08724237929155383,4.587240353280702,1.0770149890277934,127.11467050912393,212.3981544810981,1.1862342445109144,0.8802362373957805,1.2282094727471575,
2020,12752,"Byard, Kevin",S,15,8.013333333333332,7.0,1.6,22.5,5.303566933887251,0.6618427954102228,5.0,9.25,0.7097324270162377,-0.10247005880148122,4.82195629783096,1.2712379224934653,150.03782798076733,250.70086432848098,1.3057961315464843,1.1319577689842155,1.4847978903540464,1.1949263318676648
2020,13274,"Johnson, John",S,15,7.933333333333334,7.5,1.0,16.0,3.8464991298004416,0.4848528314874506,6.0,9.0,0.0013480700704448787,-0.12092104238941288,5.342841502606101,1.636920408084339,193.19749533953032,322.81711698683455,1.736629447869839,1.7982901279349754,,1.8983154203482384
2020,10783,"Smith, Harrison",S,15,7.873333333333333,6.0,0.0,20.9,6.295974022253339,0.7996580045198991,2.85,11.85,1.1922121408283577,-0.08810299467484212,4.374905295094514,1.0791339592656168,127.36476192506858,212.81603665776152,1.2550246900733355,1.1724098019878924,1.4859660175828,1.2224549108867988
2020,14909,"Winfield, Antoine",S,15,7.793333333333334,6.5,0.5,19.9,5.146450772673878,0.6603657963225678,4.25,10.3,0.6333470793235949,-0.10262403411918683,4.693744806472322,1.2679404133489895,149.64863953615782,250.05056246285565,1.1388390738302252,1.2194832789802663,,
2020,12308,"Amos, Adrian",S,15,7.693333333333333,7.5,1.5,16.0,4.752889179810062,0.6177932209458485,4.25,10.5,0.4420087798309882,-0.10706217214781866,4.755449110384699,1.3372990671075882,157.83469312807597,263.7287844056328,1.932631532182548,1.7397004903711974,1.3687970931061595,1.155045383524706
2020,13322,"Clark, Chuck",S,15,7.686666666666667,4.5,1.0,29.8,7.053119089373785,0.917578372425037,3.3,11.0,1.5603142428598715,-0.0758099429973474,4.008528035777665,0.954495591255982,112.65432126848938,188.23610080498463,0.7390487888460406,1.1643452937434218,1.3428209411363328,0.4271830414402583
2020,13717,"Reid, Justin",S,13,7.592307692307693,6.5,0.0,17.3,4.697701817576751,0.6187449202482042,4.5,11.0,0.4151782754457239,-0.1069629586793303,4.690243408543672,1.3325210647012629,157.27076949863783,262.7865144246682,1.2088945939883409,1.3773825466359286,1.1615240136544116,1.118241218409851
2020,14991,"Fuller, Jordan",S,11,7.527272727272727,6.5,0.0,23.5,5.892844799815345,0.7828658550479323,4.5,8.25,0.996222335685575,-0.08985355537018498,4.222007340574907,1.0920415221701174,128.88817675438534,215.36153747965753,1.0639974824248637,1.7283038411267615,,
2020,13229,"Jackson, Eddie",S,15,7.473333333333333,5.5,1.5,18.7,4.6086102990911355,0.6166739918498397,5.0,8.5,0.37186454779712597,-0.10717885038891148,4.622659466910922,1.3324750579558668,157.26533955351934,262.7774414331915,1.3720030976284066,1.5018420931909615,1.1680847600706044,1.2976702637779378
2020,12349,"Diggs, Quandre",S,15,7.42,5.5,-0.8,18.8,5.923534980623198,0.7983200782511048,3.5,11.5,1.011143016751441,-0.08824247182416883,4.1260730443581926,1.0717068695061485,126.488179818752,211.3513400897959,1.1921665633480545,1.3816322212053296,0.8433541998402707,1.205553300305292
2020,11802,"Boston, Tre",S,15,7.333333333333333,7.0,2.0,14.5,3.443189735631128,0.4695258730406084,4.25,9.25,-0.19472932937349016,-0.12251885874288133,4.990271670521779,1.6504659421868415,194.79620670552904,325.4884321255676,1.5994923290949792,1.4327023346677747,1.2574222441386347,1.3171991943143617
2020,14283,"Wilson, Donovan",S,13,7.269230769230769,3.0,-1.4,23.2,7.558732557103901,1.039825642776198,1.5,10.7,1.8061289332926245,-0.06306581712192251,3.5636529989579713,0.8493349594382613,100.24273999968318,167.49736982194375,1.1498187086486722,1.2176969971305376,0.1042306165539365,
2020,13938,"Greene, Raven",S,10,7.26,7.0,0.5,13.5,4.807951746846051,0.6622523067281062,2.45,12.175,0.46877861238934315,-0.10242736775596728,4.3675680103523025,1.2500103851486832,147.53244835022213,246.51458112709278,1.250010385148683,1.831757009569695,,0.5203939724638521
2020,13760,"Whitehead, Jordan",S,15,7.2,5.5,0.4,16.8,5.514465824840456,0.7658980312278411,3.0,11.0,0.8122653872734298,-0.09162242989780522,4.077245612530521,1.1052325998158619,130.44505340483258,217.96295025117533,1.052487790214131,1.2183416640391058,1.2947302131349743,1.33423474139032
2020,12906,"Wilson, Jarrod",S,11,7.0,4.5,2.5,19.2,4.85405172838302,0.6934359611975742,3.75,8.9,0.49119109428255575,-0.09917651056567515,4.1336077421254815,1.195753014285972,141.12872334159377,235.81448358375306,1.2338707227371246,1.8114983368120043,1.2777119647140474,0.5043025870924673
2020,9846,"McCourty, Devin",S,15,6.8933333333333335,5.0,1.5,20.5,5.40795299124868,0.7845192927343346,3.5,7.5,0.7604819185022751,-0.08968118654802516,3.862851671819701,1.0757465516285054,126.9649632128332,212.14800590802506,1.1553432553018197,1.4664011531578103,1.2938254077859275,0.8892043921933785
2020,14186,"Rapp, Taylor",S,9,6.777777777777778,7.0,1.0,13.5,3.9798877085716255,0.5871965471663054,4.0,7.5,0.06619775128068786,-0.11025183733130883,4.270282587168208,1.3610302429332966,160.63556463553942,268.40881021808394,1.1857881709025604,1.52172494755128,1.320017789216653,
2020,14224,"Gardner-Johnson, Chauncey",S,15,6.760000000000001,6.5,-2.8,14.7,5.1782622567807435,0.7660151267427134,3.5,11.75,0.6488129057246224,-0.0916102228360304,3.8278267822475165,1.0941587972541615,129.1380680998423,215.77908535499932,1.1977040639752912,1.0607684382895002,0.8280144438158156,
2020,13709,"Oliver, Isaiah",S,15,6.739999999999999,7.0,1.0,15.0,3.6605646194724297,0.5431104776665326,4.0,8.5,-0.08904792808647573,-0.11484775523969179,4.367801332145785,1.4461767082553527,170.6849743417124,285.20054689699367,1.3962315957727538,1.5016772023634974,1.3001915363244694,0.7261725852437351
2020,13288,"Jenkins, Rayshawn",S,15,6.586666666666667,5.0,0.0,22.0,5.641142516271761,0.8564487625918665,2.5,8.25,0.8738519423725768,-0.08218262878568196,3.54799270488389,0.9917972171999592,117.05684485416703,195.59235544429728,0.9731382638754451,0.763978416346725,0.9595561675819058,0.41319321417101773
2020,12717,"Joseph, Karl",S,13,6.561538461538461,5.0,0.0,17.0,4.768250519608998,0.7266970311244663,4.0,8.0,0.44947702035128095,-0.09570908539796387,3.80005197395019,1.1375266104051314,134.25655329786446,224.33165293389803,1.107155342156582,1.3348044897388462,1.701181645861891,0.8940238211263944
2020,13806,"Elliott, DeShon",S,15,6.54,6.0,2.0,18.0,3.793468070249175,0.5800409893347362,3.75,7.9,-0.02443410212017733,-0.11099779533472641,4.139133126384028,1.3643566420293347,161.02816281604981,269.0648094718212,1.1836157123256512,1.7662885725384974,,
2020,11742,"Joyner, Lamarcus",S,13,6.538461538461538,7.0,1.0,12.0,3.438814299578017,0.5259363046413438,4.5,8.0,-0.19685654023227583,-0.11663814141527364,4.284884971000371,1.473019842051768,173.85313462056217,290.49428202318205,1.3102443922945666,1.133125979763292,0.934875378841796,1.292659320828024
2020,12716,"Mills, Jalen",S,15,6.46,6.5,3.0,14.3,3.025403554348852,0.4683287235834136,4.15,7.9,-0.39784492532474836,-0.12264366008470569,4.399559782658584,1.6048080429155798,189.4074341432788,316.48423660229656,1.7255369928400952,1.8348214150599131,1.4476193286278203,1.444207979652517
2020,13716,"Edmunds, Terrell",S,15,6.293333333333334,5.5,2.0,21.3,4.47831317449873,0.7115963730665354,3.65,7.4,0.3085178424774483,-0.09728331021737467,3.6768793346167548,1.1487721006218632,135.58380203458242,226.54937635706523,0.9926145765566321,1.5978278741256657,1.5505470806500492,1.3624214755163544
2020,13403,"Koo, Younghoe",PK,14,7.435714285714285,8.55,-2.6,14.8,5.22598003698242,0.7028215227449941,4.625,11.45,0.8139141105335436,-0.8771018708442416,4.3667020802789205,1.194304228658946,154.66611950659097,184.4050546025501,1.1553811767868702,0.9797652584466696,1.004871706817069,
2020,13832,"Sanders, Jason",PK,15,7.06,9.2,-2.6,13.6,5.118307011763427,0.7249726645557263,2.2,11.3,0.7114001680805753,-0.8382751977649233,4.092818480586375,1.1539139808489531,149.43545654419336,178.16864877388144,1.0276863196963943,0.9200114349073976,0.5164356011188023,0.5386799115532591
2020,11947,"McManus, Brandon",PK,14,6.750000000000001,6.199999999999999,-1.6,21.6,5.900211860602974,0.8741054608300701,2.9499999999999997,8.049999999999999,1.4558405561406993,-0.5768742110427344,3.601718335002515,0.9782308335399651,126.68394147378541,151.0425115679206,0.965028249960135,1.0288780215048214,0.8565103790246122,0.6085438987466023
2020,9694,"Gano, Graham",PK,15,6.066666666666666,4.8,0.2,19.9,5.469511454924978,0.9015678222403811,2.2,8.7,1.0457768794459714,-0.5287379958726601,3.1903498764083347,0.937731806943221,121.43919131950844,144.78930988637873,1.0184915233296885,1.0575249190450526,,0.5090095061201572
2020,12437,"Myers, Jason",PK,15,5.706666666666667,4.4,0.6,15.0,3.9860534645463828,0.6984906771985483,2.45,8.2,-0.36660218901399927,-0.884693006580071,3.3598457402657704,1.1445257671712197,148.21965361576852,176.71907335220953,1.4951776083236514,1.5160555193669039,0.5849085131005237,0.9879777917063566
2020,10976,"Tucker, Justin",PK,15,4.819999999999999,4.6,0.4,16.0,3.8920774230051824,0.8074849425321956,2.1,6.1,-0.45607542982727084,-0.6936471118000709,2.666688881649781,0.9852664999400386,127.5950821983428,152.12884486184834,0.8055987615156456,0.7050197152410804,1.0430744424852612,1.2090728137522815
2020,14983,"Bass, Tyler",PK,15,4.679999999999999,3.0,-4.3,22.4,6.226095619781844,1.3303623119191976,1.75,3.9499999999999997,1.7661098075792374,0.22285592245557226,2.0082714074386696,0.6476526531406858,83.87303690777038,100.0,0.8251319194499729,1.1095349309211182,,
2020,11945,"Santos, Cairo",PK,15,4.620000000000001,3.6,-0.8,14.0,4.222195321551732,0.9138950912449635,1.15,6.2,-0.14177491504683812,-0.5071306743317976,2.4139254137460338,0.8846854082484235,114.569517376265,136.59874686813774,1.1341033523935706,1.061794030027021,,0.5822664716598955
2020,10868,"Zuerlein, Greg",PK,15,4.42,4.1,-7.4,15.2,5.639408952481929,1.2758843783895768,0.15000000000000002,6.699999999999999,1.2075338492351368,0.12736662744475646,1.9421021744204798,0.6657219086267799,86.2130618037263,102.7899608530082,0.6520083875777709,0.5050345076014342,0.6856231406597212,1.2780617623194315
2020,13718,"Carlson, Daniel",PK,15,4.4,3.6,-0.8,10.6,3.202290846670031,0.7277933742431888,2.0,6.95,-1.112811332319391,-0.8333310385056606,2.546600806318809,1.047047946118874,135.59597201241925,161.66813199040965,1.0631042863346927,1.2403067508077676,0.4388510555100725,0.7124081591316407
2020,10862,"Bullock, Randy",PK,12,4.366666666666668,4.05,-2.8,10.8,3.7789622326183094,0.8654111983095363,2.55,7.175,-0.5637707796541378,-0.5921135739358465,2.3408601120352484,0.9137269670939099,118.33048975103199,141.08287253405666,0.7860515856369021,0.3159979292909664,0.8807404046211069,0.6133075683277304
2020,14912,"Blankenship, Rodrigo",PK,15,4.333333333333333,4.3,-1.4,10.3,3.0760725320158206,0.7098628920036509,2.65,5.85,-1.232981978761765,-0.8647597105812356,2.5343162621977533,1.063114873274908,137.67668914963411,164.14892583540052,0.9666467475986005,0.9735846526615975,,
2020,8742,"Crosby, Mason",PK,15,4.286666666666666,3.4,-0.2,13.0,3.661487250952663,0.8541572125083974,1.3,6.2,-0.6756170242046381,-0.6118396373267823,2.3119219005531075,0.919592060621984,119.09003764072592,141.9884649839034,0.7530358628788028,0.758544509917627,1.1342694485906963,0.7078793145199498
2020,8851,"Folk, Nick",PK,15,4.28,3.8,-2.4,13.6,4.182535116409664,0.9772278309368373,1.8,6.1,-0.17953482733069726,-0.39612061443309887,2.16464685203833,0.8258506510545521,106.950232968718,127.51443957648043,1.0948996231599228,0.9558929540791272,,
2020,13354,"Butker, Harrison",PK,15,4.113333333333333,2.8,-3.2,16.4,4.468536921881951,1.0863541949469897,1.6,5.7,0.09276338819728497,-0.20484317618817502,1.9715412384414648,0.7521816880990838,97.40987268615312,116.13967524899367,1.0509270927781247,1.175899326196168,1.0645280874326266,0.7519886949089248
2020,11387,"Hopkins, Dustin",PK,15,3.7000000000000006,3.6,-1.6,14.2,3.8133100232387784,1.030624330605075,0.85,4.699999999999999,-0.5310687410154735,-0.3025268641012703,1.8220997080722918,0.7687017836242233,99.54927653940797,118.69043999071562,0.899249942201428,1.2836794427615343,0.6564249727093536,0.888805810601459
2020,13214,"Watt, T.J.",DE,15,12.506666666666666,13.7,4.0,20.4,4.539231457220728,0.3629449459398237,10.1,15.100000000000001,0.2640911629470437,-1.3111612842431526,9.176208256924602,2.2578342795846633,245.28464935246714,316.0658915610464,2.1975819700091845,2.434525878392915,2.324100810450487,1.0390770343163123
2020,13198,"Garrett, Myles",DE,13,12.146153846153847,13.1,2.2,22.0,5.386252498382467,0.4434533405888034,7.5,15.3,0.6908248387927852,-1.1393990159558125,8.41464944145633,1.9019219564572916,206.61935395506603,266.2430384207755,1.8279652381065745,2.056733929206253,1.449592995758739,1.2096946372952222
2020,9833,"Pierre-Paul, Jason",DE,15,11.726666666666667,15.0,0.0,24.3,7.26732107145099,0.6197260720395955,6.85,16.799999999999997,1.6385171246921577,-0.7633263800126626,7.239907333157997,1.4184361010438573,154.09483540015364,198.56163711947505,1.3737784824646022,1.1360391618985843,1.476209825780516,1.3077672126166529
2020,14877,"Young, Chase",DE,14,10.985714285714286,8.65,0.0,40.2,10.236200267597706,0.9317737564783347,4.25,12.925,3.134254150039229,-0.09758191539254775,5.686853467634575,0.9777072341256006,106.21531361282351,136.86562890542967,0.9910067069453594,1.1370567072411928,,
2020,14171,"Burns, Brian",DE,15,10.740000000000002,9.0,4.0,18.5,4.776860893934425,0.44477289515218105,7.0,15.2,0.38381012869895337,-1.1365837854954006,7.43369427543748,1.8591411836273852,201.9717733254808,260.25431585224305,1.7696842932763788,1.9523445026622546,0.7358711283127488,
2020,12686,"Bosa, Joey",DE,12,10.525,7.3,1.8,43.9,10.706783285998336,1.0172715711162315,5.75,8.924999999999999,3.371336361075282,0.08482513221837848,5.217443278683655,0.8990514083051504,97.67036997796697,125.85489001320941,0.7835884320342874,0.7730551955689887,1.54851591981073,
2020,12691,"Ogbah, Emmanuel",DE,15,10.18,8.3,3.0,22.3,5.97653188172985,0.5870856465353487,5.6,15.0,0.9882107109150428,-0.8329637581633202,6.414272614854289,1.459177736528288,158.52088998892663,204.26490837347097,1.574218249475886,2.296661015958288,2.0346246433989963,1.357131562382863
2020,12948,"Okwara, Romeo",DE,15,10.086666666666668,11.3,-2.0,19.5,6.391021479822733,0.6336108539150098,4.95,14.55,1.197032760425647,-0.7337036103624379,6.174461097937487,1.3647188949731732,148.25915198690254,191.04196360649144,1.4828088081313506,1.2336916604196866,0.8780505035685181,1.0539893331410655
2020,11723,"Van Noy, Kyle",DE,13,10.03076923076923,8.1,1.5,26.1,6.974280731084486,0.695288723190938,4.5,13.0,1.490881852911693,-0.602115708552279,5.916850087865227,1.257890155743873,136.65358373082785,176.0874024971338,1.0549439216399263,1.0911423677506018,1.2640798459301286,1.3988160448755935
2020,13684,"Hubbard, Sam",DE,12,9.966666666666667,10.5,4.0,17.0,4.916694915173086,0.4933138710876006,4.75,14.75,0.45425924742405827,-1.0330230553640802,6.67419412598626,1.684498999789159,182.99914667513676,235.80680079850268,1.728795169077203,2.4558041263013966,1.6666879445239025,0.9225212275307176
2020,13245,"Reddick, Haason",DE,15,9.96,7.0,-1.6,39.1,9.448724781683506,0.948667146755372,4.75,12.850000000000001,2.7375198395412554,-0.06154036909543758,5.11118587727201,0.9532263705002324,103.55578270548934,133.43864311736743,1.136772340783335,1.1131001035891477,1.177162791338525,1.0089712283815706
2020,11769,"Lawrence, Demarcus",DE,15,9.653333333333334,9.5,2.0,25.3,5.89382350902668,0.6105480154378466,4.5,12.899999999999999,0.9465417957503912,-0.7829074911161612,5.993819023588043,1.400287274644236,152.12319888110463,196.02104986351483,1.4641652851361493,1.6065429770584916,1.2603476436190462,1.4929821222205726
2020,14148,"Sweat, Montez",DE,15,9.286666666666665,8.1,0.0,18.0,6.322010931833495,0.6807621247487613,3.5,15.65,1.1622648817255086,-0.6331077747809806,5.525271262317878,1.2683218794841655,137.786856319926,177.5477010205049,1.344625831831944,1.7740736735848133,1.0667159282694485,
2020,9826,"Graham, Brandon",DE,15,9.266666666666664,8.0,1.0,21.2,6.2198249350140244,0.6712041296777727,4.5,13.2,1.1107830366193638,-0.6534994733216125,5.544904121588895,1.2835029588773075,139.43608530427102,179.67284432116162,1.422683299440196,1.17934869476996,1.2813383550462718,1.2386728849966038
2020,10274,"Smith, Aldon",DE,15,8.706666666666669,6.0,0.0,24.7,7.158348661217582,0.8221686823756792,4.5,9.0,1.583616248651473,-0.33142108490718514,4.778189171441156,1.0672094351710697,115.93857638645379,149.3947118527025,0.9278303013290861,0.8215307109924971,,
2020,13690,"Sweat, Josh",DE,14,8.6,7.9,0.0,20.4,6.542389253388791,0.7607429364405571,2.25,14.225000000000001,1.2732926445128658,-0.4624710890596668,4.884301860318914,1.140222244050322,123.87047882327944,159.6155056206323,0.9783143777916427,0.8953507893776926,0.9050650488666443,0.17056866074018467
2020,12301,"Smith, Za'Darius",DE,15,8.540000000000001,7.2,1.5,19.5,4.659871242856394,0.5456523703578916,5.5,10.9,0.32487012436096674,-0.9213604220124114,5.525175106497322,1.5088682469197088,163.91912471665287,211.22089961295063,1.7982211759087952,1.755719736157034,1.1668410727799337,0.9527953349212944
2020,10815,"Vernon, Olivier",DE,13,8.523076923076925,8.0,0.0,23.7,6.619917945825873,0.7767051741492449,3.0,12.9,1.3123520093921766,-0.4284161291049949,4.797125064465523,1.1185260764843006,121.51346932003864,156.5783391610665,1.186128284389324,1.4557572055965604,1.149223057444689,0.9743814640965499
2020,10292,"Jordan, Cameron",DE,15,8.353333333333333,5.4,1.0,20.6,5.721639236753358,0.6849528216384706,4.0,11.35,0.859794449628693,-0.6241670474615557,4.957606661776109,1.242752405939612,135.0090619489163,173.96832474578002,1.1882080869319263,1.6298416246227765,1.4423301221123281,1.3841386839712109
2020,12987,"Hyder, Kerry",DE,15,8.346666666666668,8.0,1.0,24.3,5.408372110800891,0.6479679046486689,5.45,8.6,0.7019688164000604,-0.7030732691330347,5.064823558227062,1.302462859889005,141.49583464613465,182.32697091998077,1.0865766098492105,1.1860865127937763,0.7202447704622073,
2020,11721,"Mack, Khalil",DE,15,8.286666666666667,5.0,0.0,21.8,6.256715503272376,0.7550340510787259,3.35,13.45,1.1293686998224086,-0.47465082638290934,4.721655777318563,1.1419307623304016,124.05608735577044,159.8546747918706,1.0983200399500297,0.7197873939625101,1.2722653813018887,1.1422088521035412
2020,12215,"Gregory, Randy",DE,9,8.144444444444446,5.0,0.0,34.1,10.01366966935267,1.2295092363461666,3.0,7.0,3.022142058883841,0.5376278859541314,3.653021172404729,0.7394850843500137,80.33554156576052,103.51778896907236,0.7879334681668424,0.9329520385943527,,0.9829072607295545
2020,12687,"Lawson, Shaq",DE,13,7.507692307692308,5.0,2.0,23.4,6.107430724877,0.8134897481905841,4.0,8.0,1.0541582397078633,-0.34993733316238956,4.139914391676674,1.0563159316367778,114.75513736314329,147.86977047949298,1.0837584483313476,0.9605235536116751,1.239969483949311,1.217073680642024
2020,13700,"Landry, Harold",DE,15,7.5,7.5,2.0,16.5,3.6302433343602005,0.4840324445813601,5.65,8.8,-0.1938618560669486,-1.0528247030879592,5.053797864989213,1.6197852809038897,175.96883360539834,226.7477660231665,1.5208866119507392,1.3795209184614183,1.2351203475967774,1.045094563027752
2020,11706,"Clowney, Jadeveon",DE,8,7.5,7.0,2.0,16.0,3.774917217635375,0.5033222956847166,5.75,8.25,-0.12097438927602132,-1.011670378810552,4.988950154952623,1.5707078590388914,170.6372030592036,219.8775987847934,1.412610003440837,1.3666370114996331,1.1315333680846185,0.8904844870942384
2020,13284,"Hendrickson, Trey",DE,14,7.357142857142857,6.4,0.0,18.2,5.126083757984993,0.6967492486581545,3.25,11.85,0.5597504527566414,-0.5989997208564084,4.336022463520245,1.2009536839180903,130.4681685064108,168.1170758470899,1.0622371020531172,0.9527033523333999,0.7858659648069117,
2020,12234,"Dupree, Bud",DE,11,7.3,9.0,0.0,11.6,3.9854280025658926,0.5459490414473825,3.8499999999999996,10.65,-0.014917943576204646,-0.9207274830563136,4.722018516965755,1.4642674603349695,159.0738230055395,204.97740003298026,1.3924264273662028,1.9340790504601908,1.5154605725759152,0.7998591710548958
2020,12075,"Barrett, Shaq",DE,15,7.293333333333334,6.5,-0.5,16.9,4.63256108672322,0.6351774798980648,4.5,10.0,0.31111112340551655,-0.7303612603679976,4.460270168219289,1.2948520612630017,140.6690192818933,181.26156329685716,1.5045901749439823,1.5519414607701156,1.219180520725582,1.2174827898866052
2020,9853,"Hughes, Jerry",DE,15,7.24,6.9,0.0,29.6,6.841033060388857,0.9448940691144829,3.0,9.15,1.4237509723897166,-0.06959011815389264,3.7225677814403526,0.9233477201588218,100.30985170940842,129.25604107957048,0.8914653709581727,0.9904308219172956,0.9055921266511849,1.2640766006420543
2020,12083,"Autry, Denico",DE,13,7.230769230769231,6.7,-1.0,15.5,5.719519158835298,0.790997330477222,1.5,12.5,0.8587263431719604,-0.3979242381622693,4.037286436849434,1.0760843238703628,116.90271887571066,150.63707478190878,1.0596087800673966,1.19239735738489,1.1088778901161143,1.0783321574945486
2020,11273,"Simon, John",DE,15,7.173333333333333,6.0,1.0,13.0,3.4313197979138526,0.47834383799914304,5.0,10.55,-0.2940805847582175,-1.064961176237325,4.852276682156733,1.618780331925118,175.85965882667168,226.60708692292388,1.578617027894423,3.1671842700025237,1.2481382911908454,0.7551141334478643
2020,14249,"Van Ginkel, Andrew",DE,15,7.120000000000001,4.7,0.0,26.2,7.225990128233869,1.0148862539654309,2.0,9.25,1.6176943771237822,0.07973612893875096,3.5336982353159465,0.8655493003282602,94.03079692250266,121.16505350809706,0.9082113098773738,0.7776833357695356,,
2020,14164,"Jones, Dre'Mont",DE,12,7.008333333333334,8.05,1.0,16.0,4.1901587745043205,0.5978823459459196,4.4,8.774999999999999,0.08822650103900188,-0.8099293207128928,4.386013370204999,1.3503119341474588,146.69402102652924,189.02518630833555,1.4745028053134976,1.0671203088877474,0.6775432200315403,
2020,14151,"Ferrell, Clelin",DE,11,7.0,6.0,1.0,26.4,7.101344302953555,1.0144777575647936,1.5,9.0,1.5548971517706307,0.07886461400336338,3.4748460109393156,0.8640541295656289,93.86836585324741,120.95575006877908,0.8411759668972826,0.782435626261134,1.1028078293027321,
2020,14746,"Tuioti-Mariner, Jacob",DE,15,6.886666666666667,5.0,0.0,31.3,7.329380752984676,1.0642856853317535,3.25,8.25,1.669783120146489,0.1851283482294119,3.336101546215927,0.8267921554911463,89.8203317137704,115.73958377895626,0.901185949749859,0.7690775323193277,0.8026253258361564,
2020,12753,"Nassib, Carl",DE,13,6.884615384615385,6.0,0.0,15.0,3.7451191115588447,0.5439837815672065,5.0,8.1,-0.13598683255823132,-0.924920306627879,4.458994625984491,1.4508835758927203,157.61983613321914,203.1038394235773,1.3484933827369803,2.0583185290336257,0.971088686326334,1.2526211419858495
2020,12756,"Ngakoue, Yannick",DE,15,6.7733333333333325,5.0,0.0,15.8,5.4424830934254835,0.8035162047380144,2.0,12.35,0.719154109674638,-0.3712155918302565,3.7556265452670288,1.0513544599357163,114.21613728795134,147.17523235912245,0.928791236617028,0.8916148727240925,1.626493063265796,1.1584358142354867
2020,14176,"Winovich, Chase",DE,15,6.753333333333333,6.0,-3.0,14.0,5.245171324391818,0.7766788733057974,2.0,11.95,0.6197473979217903,-0.42847224117315996,3.801099588001329,1.0813687859861878,117.47680770446871,151.37682713891792,0.8900682590439739,1.2104123569636565,1.2582780167796763,
2020,12763,"Fackrell, Kyler",DE,11,6.7,3.0,1.5,24.4,6.588005630068797,0.9832844223983279,2.75,9.149999999999999,1.2962744161022992,0.012314560099049172,3.3782345710646413,0.8829724603063129,95.92359911993175,123.60405739871341,0.9387767465446804,1.8544250489108378,0.8489938321803107,0.7742427102205723
2020,13201,"Barnett, Derek",DE,13,6.6230769230769235,6.0,2.0,15.2,4.165638531929796,0.6289581987815022,3.0,9.3,0.07587307327514757,-0.7436299118714215,4.065836022085241,1.2821409942136723,139.28812536408813,179.48218791223965,1.2872593780860617,1.412663011700029,1.2576594849685896,
2020,13202,"Lawson, Carl",DE,15,6.54,4.0,-0.6,23.6,6.923852492170334,1.058693041616259,2.0,9.35,1.4654758397048095,0.17319660900538994,3.176772771751107,0.8253561012729935,89.66432289658852,115.53855584661663,0.9438167980996175,0.8129270962928219,1.0162910767696913,0.6704570699910548
2020,11491,"Mayowa, Benson",DE,12,6.5,5.35,0.0,14.0,4.1340053217188775,0.6360008187259811,3.75,9.600000000000001,0.059936094834102484,-0.7286046914379062,3.9731031461596746,1.266068029283574,137.54200448950434,177.23219284546468,1.204810909187418,1.5948432504166532,0.6703639296355318,1.149186555314009
2020,12734,"Floyd, Leonard",DE,15,6.493333333333334,5.5,-1.5,19.5,5.373076916958807,0.8274759112359558,3.45,7.4,0.6841869112572287,-0.3200982697978332,3.553170410296556,1.0188694437461634,110.68705817115743,142.62777478122845,1.0370431115209393,0.9860458905932513,0.9196239129119087,1.00597548389208
2020,9828,"Griffen, Everson",DE,13,6.4,6.1,1.0,12.7,3.6206671718387438,0.5657292455998036,3.1,7.0,-0.19868637734173614,-0.8785270051158487,4.087552185657918,1.3850813663891726,150.47127256031408,193.89243086207233,1.4429377689764706,1.6739369570838436,1.4972064181335945,1.698914278302399
2020,9825,"Dunlap, Carlos",DE,14,6.378571428571429,4.15,0.0,24.0,6.740620845868361,1.0567602669894407,2.325,5.0,1.3731627681777268,0.16907309175681026,3.101271222974367,0.8240387374064523,89.52120825925844,115.35414293874578,0.8083781920196123,1.0556349884101406,1.5020360875300292,1.4221552200606602
2020,10277,"Houston, Justin",DE,15,6.3,4.6,0.0,26.5,6.653420173113974,1.0560984401768214,1.5,7.9,1.3292306085118188,0.16766110391325054,3.064055629290886,0.8231613915738663,89.42589592085852,115.23132653220478,0.6762319524140029,0.7785276794018378,1.8819228537418764,1.1845662128391903
2020,12280,"Clark, Frank",DE,15,6.246666666666666,7.0,-2.4,15.1,4.452095636389178,0.7127154167111811,2.5,9.0,0.22019167602251155,-0.5649363756288499,3.6472297765975297,1.145736810809819,124.46956556147124,160.38746947784415,1.1439473534184204,0.8231859239817378,1.5549560260988144,1.3496273219598804
2020,14225,"Crosby, Maxx",DE,15,6.053333333333333,6.3,0.0,11.7,3.233958702409307,0.5342442790323746,5.0,7.95,-0.39351214744771534,-0.9456992459505033,3.9454820956875793,1.429710055955133,155.31960557138893,200.1398364774487,1.3098384870239816,0.9429816150492941,1.1853947621690413,
2020,11675,"Adams, Davante",WR,13,20.815384615384612,22.0,-0.1,42.7,13.47481103928284,0.6473486456418217,7.2,33.2,2.7705502579805876,-0.5788130141125093,12.635688668851731,1.4380418893824756,190.0898465229533,319.8837097694884,1.5507719292184001,1.4166052235638973,1.4007312618786059,1.913413643174369
2020,12801,"Hill, Tyreek",WR,15,18.866666666666667,17.6,3.0,60.3,12.656153531868291,0.6708208585795914,11.149999999999999,21.4,2.4826226968163985,-0.5657214608478943,11.291854880663697,1.3815505678549242,182.62245164500413,307.3175573969911,1.2304504215608096,1.2334090900458083,1.3653963368935893,1.3888256744986722
2020,13629,"Ridley, Calvin",WR,14,17.02142857142857,15.700000000000001,-5.0,31.6,9.362095199826387,0.5500181821131743,13.1,23.975,1.324079382564315,-0.6330987753627658,10.981438003664495,1.6426628247647983,217.13798920182322,365.40039769761813,2.189473230088544,2.415452263133931,1.396607780289657,0.8586148824829283
2020,12186,"Diggs, Stefon",WR,15,16.933333333333334,16.4,3.1,38.5,9.067499961706952,0.5354822812031664,10.5,21.75,1.2204681804754294,-0.6412061285772691,11.028022622354708,1.6819799749432802,222.33518901799613,374.1462596572149,1.5361616030009835,1.733095318620578,1.0424300174265602,1.1118801289052611
2020,12647,"Fuller, Will",WR,11,16.254545454545454,13.8,-0.5,41.2,11.036168936428458,0.6789589390420193,9.8,23.1,1.9128628039869389,-0.561182471953747,9.681323989864799,1.3504750174575675,178.51468075928503,300.40498939905615,1.2749641243289545,1.2093624911288527,0.6875899764464545,
2020,14102,"Metcalf, DK",WR,15,15.859999999999998,15.0,3.1,35.2,9.186497337578308,0.5792242961903096,9.0,20.9,1.2623203884003094,-0.6168091566929395,10.042905265743668,1.5569630535799543,205.80962910893695,346.33700257998606,1.218503683194831,1.3662623098103905,1.055631479119102,
2020,14836,"Jefferson, Justin",WR,15,15.76,15.0,2.7,39.7,11.020635190405317,0.6992788826399313,6.550000000000001,20.15,1.907399477055128,-0.5498490870423492,9.274522364166556,1.3110788032715097,173.30702974194995,291.64154012977156,1.5044576045335978,2.1897455848069245,,
2020,10271,"Jones, Julio",WR,9,15.744444444444447,14.3,2.3,32.4,9.75945252461668,0.6198664271104454,7.8,24.4,1.4638327280126713,-0.594141135439935,9.719594270825,1.4633127855179011,193.43031998436504,325.5050675788014,1.4077878557596883,2.2929092536519757,1.4136306900271585,1.740800994573401
2020,11232,"Hopkins, DeAndre",WR,15,14.739999999999998,14.1,-3.4,28.7,9.752797889152971,0.6616552163604459,7.550000000000001,24.2,1.4614922462579094,-0.5708335690941204,8.870672962039196,1.370806012718715,181.20216559361762,304.9274961740393,1.1903010241672267,1.0482352629002893,1.2303192240673941,1.5834399844621359
2020,11938,"Thielen, Adam",WR,14,13.614285714285714,12.899999999999999,0.7,30.5,9.34328308334443,0.6862852212320147,5.225,20.45,1.3174630298527974,-0.5570962610039653,8.073536755744676,1.3162441368552031,173.98981754904628,292.79053730513084,1.4510573869676848,1.5300362377259336,0.7426222337883925,1.5198874144193455
2020,11678,"Robinson, Allen",WR,15,13.593333333333332,13.5,1.1,24.1,6.650460301529679,0.48924425955343404,9.55,18.1,0.3703784563979855,-0.6669952403616056,9.127672137147897,1.776799407823265,234.86904604721644,395.23826829189613,2.058910403803626,3.6664031090621028,1.2567597472850722,0.8927457453091604
2020,13153,"Davis, Corey",WR,13,13.500000000000002,11.9,-3.0,37.9,11.652995653148924,0.8631848631962165,5.0,21.6,2.1298050668962856,-0.4584310396460291,7.245657833888427,1.0669410130272419,141.0352889667807,237.33456714458444,0.9607922189619261,0.9151060794617705,0.8211387648992987,0.7818294176191385
2020,13635,"Moore, D.J.",WR,14,13.464285714285714,11.55,2.6,24.6,8.035688888848757,0.5968150898879714,7.05,21.5,0.8575730221221969,-0.6069979465922835,8.431962974016193,1.4901227653933986,196.97423966948995,331.46878524567836,1.649479118552001,1.9302056451499334,1.4579723373461988,0.8424496958616855
2020,14104,"Brown, A.J.",WR,13,13.061538461538463,13.4,1.2,32.1,9.13206847084564,0.699157185636003,4.3,18.7,1.2431773759520868,-0.5499169631652054,7.687068960985775,1.2891285228798226,170.4054971359816,286.75883318360013,1.21601682518086,1.3213845007387068,0.9964014868154303,
2020,14840,"Aiyuk, Brandon",WR,12,12.808333333333332,12.899999999999999,3.2,24.4,7.2098842262241325,0.562905730089067,6.025,19.175,0.5671317565697127,-0.6259107858355751,8.195205306850728,1.5601113219624663,206.2257879552566,347.03731581632746,1.6449689601790158,2.048421776893704,,
2020,11671,"Evans, Mike",WR,15,12.633333333333333,10.3,-0.6,40.7,9.9363753731205,0.7865204780834169,6.9,17.45,1.5260577290937773,-0.5011903603740786,7.071474124319248,1.1551663967555126,152.69750115695365,256.9597694778453,1.2163463828773633,1.3877814968603637,0.9993055984562255,1.382974160864012
2020,12175,"Cooper, Amari",WR,15,12.393333333333333,13.0,-3.5,28.8,8.678822244726273,0.7002815151742555,9.149999999999999,16.4,1.0837675136940979,-0.5492898718859964,7.288989042536986,1.280458822362,169.25947903108437,284.8303108055611,1.263049906543223,1.230375127593413,0.9855170322341716,0.6528468378270424
2020,11674,"Cooks, Brandin",WR,14,11.985714285714286,12.3,-3.0,31.2,9.143839232968139,0.7628948108555063,4.475,15.9,1.2473172351731647,-0.5143675022884894,6.798882276984977,1.1815757338464052,156.1884612405549,262.8343665835078,1.7238121539134368,2.3363824641601427,0.9870289632850963,1.466379829753504
2020,14109,"McLaurin, Terry",WR,14,11.792857142857146,13.0,-1.7,25.0,8.07363117860627,0.684620451244626,7.85,15.475,0.8709175903401901,-0.5580247812513325,7.000305103825841,1.2996844274056725,171.80084610741622,289.1069302207117,1.1107562181051813,0.8710386388863887,1.1991357423386757,
2020,12184,"Crowder, Jamison",WR,11,11.772727272727273,9.7,-1.6,33.8,10.613207116100966,0.9015079403637886,2.1500000000000004,18.9,1.7641041786894456,-0.43705646336157883,6.19125853898615,1.0137360984809392,134.00231300478242,225.4994561031749,0.9277936353967616,0.8862315707703117,0.9349723482599042,0.8875346672509601
2020,13163,"Godwin, Chris",WR,11,11.763636363636364,14.3,3.7,20.6,5.93437945400631,0.5044681143282025,5.15,16.6,0.11852782270021776,-0.6585041830333066,7.819133055464746,1.6964223607405808,224.24427867658255,377.3588809173275,1.6059897832977392,1.5487961269385635,1.4269051229779355,0.8641358769423557
2020,10973,"Beasley, Cole",WR,15,11.659999999999998,9.6,-0.1,26.0,7.4096153746331535,0.6354730166923803,6.449999999999999,18.2,0.6373785959733502,-0.5854366089714433,7.129435876344484,1.3865081196425864,183.27777348604658,308.4203347701125,1.2216880384947615,1.0512445134947652,1.0933712752186076,0.7428002186188456
2020,12187,"Lockett, Tyler",WR,15,11.22,6.8,2.1,45.0,11.025255854929929,0.9826431243253055,4.3,13.4,1.9090245970295738,-0.3918035685756192,5.659112253910129,0.9330362809203929,123.33487970692352,207.54827039044596,0.7662990272157466,1.1958413836830666,1.0747021517959765,1.8412013054734826
2020,13157,"Samuel, Curtis",WR,14,11.107142857142858,11.7,-2.1,28.1,7.605398861120612,0.6847304440880294,6.45,14.45,0.7062370151168893,-0.5579634330873582,6.592830856781558,1.290717959317979,170.6155993109028,287.1123936939261,1.4366612215869405,1.5787517426637419,1.0741657714600548,1.211099272688805
2020,12181,"Agholor, Nelson",WR,15,10.886666666666665,8.8,-2.0,34.0,9.492935384917683,0.8719781431338963,4.3,17.5,1.370096789177471,-0.4535266152962667,5.815594966531604,1.0375234638645467,137.14668360228782,230.79081148074198,0.9586713564308725,1.0211192967676779,0.42504858548675856,0.7577539534640638
2020,14832,"Lamb, CeeDee",WR,15,10.793333333333335,11.3,-6.3,22.3,7.6940207665144476,0.7128493607023885,7.25,15.25,0.7374059579955251,-0.54228019539792,6.301390875907098,1.241466247113708,164.1051836665276,276.15664857361753,0.9822169233469276,1.1296958259024164,,
2020,11228,"Woods, Robert",WR,15,10.733333333333333,10.6,-1.5,22.8,7.901364157887899,0.7361519401758913,3.8,17.3,0.8103300763978734,-0.5292832546668059,6.182254608571832,1.2058076877825568,159.39160048057545,268.2246179922398,1.0323356905981198,1.2459114130700444,1.2183279630358212,1.5514713780322946
2020,13164,"Kupp, Cooper",WR,15,10.693333333333333,9.8,-4.8,25.5,7.243706847249473,0.6774040069123571,6.25,12.25,0.5790274085313767,-0.562049730479916,6.374930123731397,1.2971510913080542,171.46597305987646,288.5434049472254,1.0935055104744122,2.2360402555951424,0.9204362252749573,1.215786240365039
2020,12930,"Chosen, Robbie",WR,15,10.646666666666668,11.8,0.0,25.3,6.78153047295045,0.6369627870648512,5.15,14.100000000000001,0.41647675080896535,-0.5846056942112988,6.503914903133887,1.3681970023346668,180.85728942057827,304.34713761380647,1.1640812747585205,1.1332171435471332,0.7677714666837863,0.6737355315317575
2020,11680,"Landry, Jarvis",WR,14,10.628571428571428,10.7,0.4,29.6,7.424902940339988,0.6985795777201602,5.075,13.975,0.6427553395691032,-0.550239122171532,6.257329104849557,1.2615660386637653,166.76210647183927,280.6277254831968,1.1365666900632698,1.6284099141126962,1.1524840114070625,0.9567008741945334
2020,11222,"Allen, Keenan",WR,14,10.442857142857141,9.75,-0.3,21.1,6.549450826019612,0.6271703937364882,7.050000000000001,14.775,0.33485271862036764,-0.5900673709260681,6.417801837505844,1.3832605024547269,182.84848206041877,307.6979219936601,1.361135663695178,0.9774606418117787,1.2140335297349263,1.45397726394429
2020,14835,"Higgins, Tee",WR,15,10.246666666666668,11.3,-1.3,21.9,6.956039741756001,0.6788587906723488,4.9,15.75,0.4778528790587545,-0.5612383293933239,6.103352303121983,1.287910442790862,170.24448328869886,286.48787864428533,1.3754432259371179,1.3446733114935048,,
2020,12650,"Boyd, Tyler",WR,14,9.842857142857142,8.9,-1.5,22.9,7.747692217291388,0.7871385416696621,4.05,16.525,0.7562825819638962,-0.5008456373442689,5.507607224262142,1.1251947254615295,148.73564828022265,250.2927527015621,0.9242265482699257,0.6901008112954858,0.9159403145799795,1.4572501069162176
2020,13632,"Lazard, Allen",WR,9,9.522222222222222,7.0,1.1,29.8,8.885916169582037,0.9331767272606574,2.8,8.7,1.1566038929804185,-0.41939329663821606,4.925686352388157,0.9632109011323741,127.32355970806522,214.26043192451561,1.0382543044857524,1.5036319298670888,0.7000939592254007,
2020,10738,"Jones, Marvin",WR,15,9.206666666666667,7.7,-2.4,22.9,7.567251078753029,0.8219316884959843,3.9499999999999997,13.15,0.6928201737132,-0.4814398686539459,5.053244709886366,1.0746348603578812,142.05231237134947,239.0460168907263,1.454246610083775,1.0548375938504875,1.154991701639922,1.1509881861078715
2020,13377,"Patrick, Tim",WR,14,9.085714285714285,8.5,-2.0,24.6,7.3884907740598385,0.8131986701009256,3.8,14.0,0.6299489264613082,-0.4863106823170157,5.010876323446983,1.0831166809899233,143.17349527574487,240.93274652594025,1.1532424204787464,0.8350030170702515,0.6000194279207116,0.5291549021077018
2020,14208,"Johnson, Diontae",WR,14,9.085714285714285,9.5,-3.3,21.9,8.349923621794149,0.9190167508264001,0.4750000000000001,15.925,0.96809157166288,-0.42729097915354797,4.734567471493742,0.9717420861637835,128.45126792383624,216.15814237142695,1.1491816840008577,0.9751373990977872,0.7231887324043208,
2020,9918,"Sanders, Emmanuel",WR,13,8.923076923076922,10.6,-0.4,18.5,5.960272818504697,0.6679616089703541,4.5,13.2,0.12763469977986652,-0.5673161983639267,5.349689630197908,1.2820010300966769,169.46333820497614,285.1733655768067,1.4670350752211763,1.2869991835349706,0.7565850880954152,1.2170801291166282
2020,10729,"Hilton, T.Y.",WR,14,8.857142857142858,7.3,-1.8,23.2,7.556049070183464,0.8531023143755524,3.025,11.0,0.6888803490876845,-0.4640545496780298,4.7796296990366045,1.0351907503673232,136.83833017117905,230.271913489779,1.0853813166789008,2.3583799993067758,1.07720896470241,1.2921870603172934
2020,14841,"Claypool, Chase",WR,15,8.806666666666667,7.6,-3.7,32.2,9.466887321372088,1.0749682802466414,2.25,11.7,1.3609355033628217,-0.3403095019696055,4.244241586970121,0.8413835361239195,111.21961636139572,187.16067234304697,0.9553875841520416,1.0234154600184941,,
2020,13668,"Chark, D.J.",WR,13,8.707692307692309,8.6,-5.3,26.7,9.44143580495952,1.0842638291914641,1.2,14.4,1.3519840273399062,-0.3351249386539259,4.177826331645467,0.8339554511800273,110.23772317916702,185.5083398304277,0.639513332891543,0.6692811660703688,0.9843123538295675,0.33577207978105045
2020,13156,"Smith-Schuster, JuJu",WR,15,8.58,10.0,-7.0,27.3,9.072831237638374,1.0574395381862907,1.35,13.0,1.2223432274430868,-0.3500861029638611,4.170231902689879,0.8517962623993713,112.59603908885613,189.47692024541936,0.8542021206200526,0.4938798229907764,0.8161030398930503,1.3413601457654658
2020,13646,"Gallup, Michael",WR,15,8.52,5.7,-2.0,30.2,9.346172121961661,1.0969685589156881,2.75,11.35,1.318479124905533,-0.3280389154341221,4.06300798539658,0.8234929691450547,108.85472340776874,183.18102406066188,0.6726766207248023,1.0048507617798037,1.3151948114366252,0.5761129552966437
2020,13154,"Williams, Mike",WR,14,8.307142857142859,5.949999999999999,-1.7,25.8,7.891719375008056,0.9499920141884158,3.25,13.6,0.8069379389198679,-0.41001462301003405,4.260090706371575,0.9342560765572219,123.49612032662046,207.81960654299505,0.9528121356163899,0.8764552580974483,1.6863033680223332,1.0592440585514262
2020,14105,"Brown, Marquise",WR,15,8.086666666666666,8.0,-3.0,18.7,6.690377833542404,0.8273344394322841,4.75,13.649999999999999,0.38441773110813265,-0.4784265012375229,4.425389513908045,1.051530476356546,138.99822275042254,233.906586585633,0.9770575201157287,2.1746658913621197,0.6886938041040452,
2020,12656,"Higgins, Rashard",WR,12,8.075000000000001,7.35,0.0,21.0,6.633265284408074,0.8214570011650865,2.2,12.05,0.36433084882197225,-0.4817046240263073,4.43326413680634,1.0578696926064166,139.83618209841563,235.3167068512606,1.3125267000472756,1.4257426719763895,0.16729929796354814,1.1165463939316465
2020,10308,"Cobb, Randall",WR,10,8.07,5.300000000000001,3.1,23.0,6.018313717313181,0.7457637815753632,4.25,9.575000000000001,0.14804808912809625,-0.5239222802249911,4.622618526727424,1.149848856156495,151.99459362428024,255.77691477366557,1.1498488561564946,1.2920248233734786,1.117004331435291,0.4874753891413916
2020,12658,"Shepard, Sterling",WR,11,7.890909090909091,7.9,0.4,14.9,4.103979121304003,0.5200895199809221,4.8,10.95,-0.5252367540316524,-0.6497913929477304,5.191081832475318,1.5460308326835517,204.36453616157883,343.9051962451494,1.4874756363817776,1.1607265102561997,1.0422058840419752,0.8998531417416399
2020,14127,"Meyers, Jakobi",WR,13,7.876923076923078,6.9,-1.5,26.8,7.623864742338197,0.9678734536171538,1.4,11.7,0.7127315944685382,-0.4000413061630051,4.002758948978393,0.9133866673780182,120.73746439511413,203.17733285247846,1.2096646099936441,1.1225651774061762,0.7319747756395897,
2020,12176,"Parker, DeVante",WR,13,7.761538461538461,8.9,-2.0,17.5,5.832869522276778,0.7515094528205959,2.0,12.7,0.0828260709760657,-0.5207176500800893,4.431342605110943,1.13591199659733,150.15232775276849,252.67674476385,0.9529822785796853,0.669647110492424,1.2786122784164569,0.37792891022575037
2020,13633,"Kirk, Christian",WR,14,7.735714285714286,6.65,-4.5,25.6,8.707681924013757,1.1256467861144284,0.825,11.1,1.0939176643956636,-0.3120437240176833,3.639228462718761,0.7968652399476086,105.33489481739934,177.25784695344,0.8200495406430235,0.46354523734291603,0.7651840172718478,1.0003897231682006
2020,14838,"Shenault, Laviska",WR,13,7.6923076923076925,7.8,-2.8,16.1,5.897125967329866,0.7666263757528825,3.7,11.9,0.10542551133500908,-0.5122862336520857,4.354235733081628,1.115291750323892,147.4266078148976,248.08989585283507,0.9837145462181949,1.2898184446496237,,
2020,14265,"Fulgham, Travis",WR,12,7.650000000000001,5.75,-4.9,30.9,10.040293820401871,1.312456708549264,-0.5,14.1,1.5626065725535898,-0.20785107476053072,3.3081700391266065,0.6929163412175872,91.59424487408998,154.13504392682512,0.5599337845564999,0.5531739049743272,,
2020,11783,"Brown, John",WR,8,7.65,9.15,-4.0,17.4,7.413501197140255,0.9690851238091837,1.9000000000000001,13.825,0.6387452668796249,-0.3993655009076523,3.885052965714921,0.9092528568962741,120.19103010426939,202.257791744429,1.0792262023803767,0.863209069853832,1.4445164646288866,0.5531218265244524
2020,13809,"Gage, Russell",WR,15,7.626666666666666,4.6,-3.3,25.2,7.135588428589629,0.9356103708815073,3.3,11.1,0.5410014058138644,-0.41803593952945445,3.9401869205698477,0.9374449965862902,123.91765277527524,208.5289624919338,0.9662947709964831,1.231716089754497,0.768444387344642,0.32341748951536403
2020,14126,"Williams, Preston",WR,8,7.574999999999999,4.45,-0.5,23.7,7.343321796026645,0.969415418617379,3.2,9.325,0.6140626815205523,-0.3991812800126741,3.8463190286780633,0.9079117628673337,120.01375546434663,201.95947349911597,0.989078902201185,1.0396964763105716,1.0260391600264736,
2020,13348,"Moore, David",WR,15,7.1066666666666665,6.8,-3.0,22.0,6.96337721383972,0.9798373190205985,0.55,12.85,0.4804335192202886,-0.39336849769815646,3.5895205118076308,0.8924186906926677,117.9657791615729,198.51313341712657,0.9913619019416816,0.7099705182892233,0.6875741065157823,0.4488914450591962
2020,14117,"Johnson, Tyron",WR,11,7.090909090909091,10.0,-0.3,14.6,5.980643708962583,0.8434241128024155,0.45,12.4,0.13479928418196357,-0.46945253629890443,3.846596690182884,1.0157958759311747,134.27458795190157,225.95764112333714,0.9382940488817745,1.2162574576508063,,
2020,13412,"Cole, Keelan",WR,15,6.8466666666666685,5.3,-2.3,23.6,6.364994544817423,0.9296486676948522,2.7,10.9,0.26997815666137215,-0.42136106081319724,3.5481415769045976,0.9296227750072822,122.88366001720567,206.78895667165378,0.7143560788999229,0.9629171325188497,0.7291828186721467,0.38764660032304
2020,13418,"Bourne, Kendrick",WR,14,6.800000000000002,4.6,-1.0,20.2,5.123893608798461,0.7535137659997735,3.8499999999999996,9.525,-0.16652570781193013,-0.5195997506807553,3.8779279249758,1.1104046599095303,146.78060002217,247.00279218550295,0.9893390671319768,0.9366404612584149,0.9605281231284123,0.9731410413909518
2020,13793,"Valdes-Scantling, Marquez",WR,15,6.7266666666666675,4.1,-3.3,32.8,10.082358630576257,1.4988640184206525,-0.5,11.950000000000001,1.5774010599853316,-0.10388298139989051,2.691889841576132,0.6069706721191801,80.23338037573775,135.01695030743463,0.5507418746002961,0.3223684210526316,0.4096487979241192,0.7570467354568075
2020,13488,"Pascal, Zach",WR,15,6.673333333333333,4.8,2.1,22.8,5.203007677189118,0.7796714800982695,3.45,8.05,-0.13870073759033083,-0.5050103675531852,3.7497557318639765,1.0758221947513924,142.20926205014558,239.31013223627878,1.141642064876905,1.0105035471830375,0.6892853302826055,0.4040743000206952
2020,14122,"Slayton, Darius",WR,15,6.64,3.6,-2.0,25.4,8.175067787690407,1.2311849077847,0.7,9.2,0.9065935539780237,-0.25318016714058483,2.975997182856856,0.7237003751523728,95.66348119413462,160.98276585303248,0.6807145021109186,0.3176913388682381,0.8632701482420809,
2020,14123,"Renfrow, Hunter",WR,15,6.626666666666667,6.9,-0.9,16.8,4.062752214393041,0.6130913804416057,5.45,7.8,-0.539736545035469,-0.5979198965039436,4.108054104692151,1.3089059835532795,173.01981212345777,291.1582095416576,1.2523043746800078,0.8053944855056954,0.8641462140956809,
2020,13223,"Humphrey, Marlon",CB,14,12.378571428571428,13.45,2.0,23.0,6.391308671204376,0.5163203773621539,6.324999999999999,17.05,1.0473585529340226,-0.886078904881464,8.163559372660837,1.6747469195538824,195.81436968878532,347.4066191885078,1.4023614592261593,1.644961493043806,1.7895946396243012,1.1085648488806965
2020,11965,"Butler, Malcolm",CB,15,11.739999999999998,10.0,3.0,41.6,9.023140621018086,0.7685809728294793,6.95,13.25,2.2590617815083527,-0.514800414835663,6.638090186630053,1.171289563211528,136.9492458027112,242.97029150798159,1.8476057605404772,1.8418307443012454,1.6620774949844703,0.995208559641121
2020,13414,"Hilton, Mike",CB,11,11.69090909090909,13.0,0.0,22.8,8.465271788092867,0.7240901218430913,2.5,19.35,2.0022173177027023,-0.5802822866455568,6.780915302972239,1.2351371785875216,144.41442183319614,256.21473097644207,1.1690868578370215,1.2828622299536299,1.7760341353619988,1.0954074078861222
2020,12742,"Howard, Xavien",CB,15,11.340000000000002,12.0,-0.2,22.5,6.458049241063434,0.5694928784006554,8.25,15.7,1.0780861090687657,-0.8078193342142301,7.225263749878042,1.5205048442912996,177.78011365022027,315.4109085065218,1.7459820632357081,2.416666666666666,,0.9670388628754042
2020,14903,"Diggs, Trevon",CB,11,10.790909090909091,7.7,3.0,36.0,8.787434680523255,0.8143368280181618,6.0,10.5,2.1505420680395835,-0.4474567030929038,5.9475776075692774,1.1025268053520423,128.90938262630692,228.70626334042691,1.175012954502992,1.210877815575229,,
2020,13774,"Reed, D.J.",CB,9,10.788888888888888,6.5,0.0,29.0,8.675309081198261,0.8040966192665742,5.5,16.4,2.09891910984974,-0.4625282969579698,5.980216787543748,1.1150950112647682,130.3788794739708,231.31339034835014,0.9864184435483313,0.7628362601128862,0.3817201804374061,0.4751556797492218
2020,13710,"Davis, Carlton",CB,14,10.557142857142855,9.05,3.0,22.2,5.820985960386815,0.5513789137037579,6.0,15.0,0.7847802868422917,-0.8344795640806825,6.805006026502423,1.5477444050543339,180.96501123631867,321.0614361190082,1.6652231815373566,2.1761363410110675,1.558270756512565,1.2030944038222549
2020,13273,"Griffin, Shaq",CB,11,10.545454545454545,8.9,3.0,20.6,5.737177582363147,0.5440427017758157,6.05,15.0,0.7461946612517047,-0.845277039929879,6.829768719042637,1.565262963093159,183.01331200354306,324.6954556537013,1.5316621763218483,1.8980343910485886,1.7756541664783478,0.9443837975457877
2020,14956,"Sneed, L'Jarius",CB,9,10.333333333333334,11.0,0.6,20.9,7.420991248553734,0.7181604434084258,3.0,16.0,1.5214274627932818,-0.5890096189964587,6.014184165964405,1.2270922778963862,143.47379782627863,254.54591062025412,,1.4949460928337492,,
2020,13470,"Moore, Kenny",CB,15,10.139999999999999,6.6,1.0,24.4,7.6853800600013695,0.7579270276135474,3.75,17.25,1.6431528550443737,-0.5304809482359508,5.768157517758534,1.1674791350464404,136.50372380731037,242.17986284617137,1.2590576841349146,1.411556230525534,1.3603765830227448,1.3400796762090226
2020,13917,"Jackson, J.C.",CB,15,9.96,10.0,1.0,20.0,5.9760410529602845,0.6000041217831611,4.5,13.4,0.8561681109362517,-0.762912723447334,6.2249839637287,1.4277438914688543,166.9343391056719,296.1687360705011,1.3936022944931874,1.29445924174747,0.6994512508660715,0.8905137010943582
2020,13707,"Ward, Denzel",CB,12,9.683333333333334,8.5,3.0,18.7,5.0393176345833,0.5204114596815801,5.75,13.0,0.424897873332777,-0.8800576281006186,6.3688899946606,1.6033820241351593,187.47025999008181,332.6028080832667,1.6788649092508459,1.8121782551223262,1.0834497928757834,1.0753592079252823
2020,13764,"Johnson, Taron",CB,15,9.56,7.0,3.0,27.7,6.61249322620951,0.6916833918629195,5.0,11.0,1.1491925774922656,-0.6279786846980169,5.651175654962431,1.2558303457118756,146.83390350532812,260.50728595716095,1.1749928656202306,1.2397448691931794,1.5318445516800079,1.1126943542007453
2020,12589,"Hill, Troy",CB,15,9.413333333333334,8.0,1.0,25.3,7.508827397729215,0.7976799643480044,4.0,11.75,1.5618674861576156,-0.47197236389556707,5.236378843854685,1.1063020664687016,129.3507928282532,229.48939701022454,1.0468221336031105,0.9670543872445277,0.7773777924825003,0.7405935032786721
2020,12938,"Poole, Brian",CB,9,9.366666666666667,8.0,2.0,21.0,5.585497093167069,0.5963164156406123,5.0,13.3,0.6763605145526228,-0.7683403090193163,5.867675465147529,1.4223173337036719,166.29985638117043,295.0430602653858,1.3826960037560592,1.1065877403165532,1.4519030734584357,0.9764272492663272
2020,12245,"Peters, Marcus",CB,13,9.299999999999999,6.1,-1.9,23.3,6.812432074467295,0.7325195778997092,4.6,14.4,1.2412450157068478,-0.5678757682560689,5.367904708629128,1.1904103499849163,139.1848819852707,246.93667461435362,1.1570500557551395,1.5429001279959071,1.1068874362137922,0.8106444419201461
2020,13249,"White, Tre'Davious",CB,14,9.214285714285714,6.7,1.5,24.7,7.035406084620148,0.7635324432921092,3.625,12.5,1.3439029107177745,-0.5222308675392013,5.2249028643242665,1.1467106475081517,134.07543553926405,237.87168352839268,1.1109002487973445,1.5347098259861898,1.1050978537937388,1.040403878554326
2020,11801,"Desir, Pierre",CB,12,9.116666666666667,6.5,0.0,35.3,9.594602070377325,1.0524243587251179,2.3,12.25,2.522164326199084,-0.09703820536497905,4.441901416688295,0.8605010934914687,100.61130865278854,178.50086613535473,0.8295304473440878,0.669704910915964,0.8998413026010483,1.2185809791501314
2020,10779,"Jenkins, Janoris",CB,12,9.058333333333334,6.3,1.1,27.4,8.363059481367383,0.9232448369494811,4.275,8.175,1.9551584688016297,-0.2871653145983726,4.7099220854797865,0.9674544256991575,113.1164812778814,200.68708132965773,0.9731555110346208,1.1048333978030287,1.2450989780891273,1.2969854812570871
2020,14918,"Terrell, A.J.",CB,13,9.007692307692308,6.0,2.2,22.0,6.41446221002096,0.7121093828375105,4.0,12.0,1.0580185108158173,-0.5979156022229833,5.261166370552617,1.2148814104842331,142.04608162764188,252.01290929600316,1.304251827084769,1.2297616062232861,,
2020,13479,"Davis, Michael",CB,15,8.833333333333334,7.0,0.1,30.7,7.2863952373965795,0.8248749325354617,5.0,12.35,1.4594590604095754,-0.43194666465079307,4.840514369420592,1.0660043457097506,124.6391120971666,221.13010715788138,1.3327236642798574,2.115450723620639,1.209868376590661,1.0012831139452796
2020,13790,"Phillips, Darius",CB,11,8.645454545454545,6.1,0.0,27.0,7.878666665734252,0.9113073956159493,3.0,12.5,1.7321425810879703,-0.304734904431114,4.523319778537459,0.9737334299101745,113.85063354739628,201.98958715865837,0.9903771158756222,1.3496993821973333,0.6854040116303108,0.6305085931076977
2020,12817,"Brown, Anthony",CB,9,8.211111111111112,6.0,3.0,18.1,5.083184575844041,0.619061721009423,4.7,12.0,0.44509434307967044,-0.734863647246921,5.0715244542943045,1.3498046966578885,157.82155070297634,280.00116361199207,1.267009844105615,1.2813695849566555,0.8415708904213431,1.0963275959208183
2020,11788,"Breeland, Bashaud",CB,11,8.136363636363637,8.0,1.0,15.4,4.769652689332789,0.5862142970129685,4.5,12.5,0.30074333344412896,-0.783208661103346,5.12942270895262,1.4101998984109627,164.8830644310658,292.5294403392199,1.3762580513781602,1.1616197686690195,0.8222512530732514,
2020,14905,"Henderson, CJ",CB,8,7.975,7.0,1.5,23.3,6.79462103431825,0.851990098347116,2.0,9.75,1.2330447600429584,-0.3920384189684169,4.306178530391503,1.0231414670306067,119.62750856853364,212.23870536054284,,1.2513730711352486,,
2020,13225,"Jones, Sidney",CB,9,7.911111111111111,3.0,0.0,27.2,9.132170782999875,1.1543474304353774,1.0,8.0,2.309259591172707,0.0529727152677544,3.6721612305181135,0.7807913309539415,91.29150234230052,161.96601015433424,0.8774337759871775,0.8938262158330825,0.709652905239514,0.9473334866328095
2020,14902,"Okudah, Jeff",CB,9,7.822222222222223,5.5,2.0,23.9,5.9979214506689775,0.7667797309093862,5.0,8.0,0.8662419108792877,-0.5174514923020443,4.42738960911444,1.1177922297876672,130.69424303058216,231.87289671752893,,1.6423384972726378,,
2020,14935,"Dantzler, Cameron",CB,11,7.818181818181818,4.0,2.0,24.0,6.478189727752679,0.8286056628520868,4.0,10.5,1.0873588488225876,-0.4264557558699008,4.275488136675545,1.0454644911143907,122.23755599688066,216.86935506436606,1.0683582920099615,1.251089292035417,,
2020,9820,"Haden, Joe",CB,14,7.785714285714286,6.0,2.0,19.1,4.950159758295995,0.635800335927926,4.5,11.875,0.3838493228894992,-0.7102276645208561,4.759574939992754,1.3084882762784769,152.99076181187243,271.4305564632976,1.3976177060555757,1.0051045340685307,1.1498177984835518,1.0960478938485971
2020,11883,"Mitchell, Terrance",CB,15,7.753333333333333,10.0,0.5,12.0,3.612730577032035,0.46595837193018513,4.5,10.5,-0.23190703535433646,-0.9602019731229392,5.288917804074301,1.6808554507690436,196.52858995434025,348.67376239258783,1.9840763926395386,2.053668882936325,0.6134436587434214,1.3598169767207724
2020,12714,"Fuller, Kendall",CB,13,7.707692307692307,8.0,1.0,19.0,5.263877123077998,0.6829381497007384,2.0,9.0,0.5282857272705203,-0.6408499787621746,4.579902303042387,1.2304986442493997,143.87207620049537,255.2525213950529,1.5288217090134706,1.312015969076663,1.0846618296218538,1.6669432747434048
2020,12506,"Callahan, Bryce",CB,10,7.6,7.5,2.0,13.0,3.49857113690718,0.46033830748778687,5.25,10.0,-0.28446637987529505,-0.9684736139484442,5.204273531024632,1.6894253238874173,197.53059466525752,350.4514821257411,1.6894253238874173,1.5291492667794615,,0.9997708114394727
2020,13998,"Moseley, Emmanuel",CB,11,7.5181818181818185,6.0,0.0,17.7,5.9292523186192065,0.7886550847014664,2.5,13.35,0.8346264389970521,-0.4852552299008751,4.203259690750625,1.0849917815779535,126.85915665621484,225.068828181944,1.0042286161338878,0.8947368421052632,0.856339276888011,
2020,14181,"Mullen, Trayvon",CB,15,7.42,7.0,0.0,18.0,4.696126063043879,0.6329010866635956,4.0,9.5,0.266891456820032,-0.7144947950536008,4.5440596865305665,1.3026397094931783,152.30693704690376,270.2173398332171,1.1711549038191753,1.7125668625076613,0.8762437085030839,
2020,14272,"Austin, Blessuan",CB,11,7.40909090909091,7.0,1.0,16.0,4.733527330832214,0.6388809894374766,4.2,9.95,0.28411111134056705,-0.705693542252329,4.520823023051832,1.2922395728800844,151.09093469347786,268.0599533901264,1.2930543172526827,1.959700322186126,,
2020,14219,"Dean, Jamel",CB,13,7.3307692307692305,7.0,1.5,19.8,5.111583318666403,0.6972778923679249,4.0,9.0,0.45816920842878356,-0.6197446690119328,4.319133162420354,1.1994877347706459,140.2462258572831,248.8196716944877,1.0491667468239965,1.1486036616490523,0.7900210158460272,
2020,11737,"Dennard, Darqueze",CB,8,7.325,6.0,2.0,18.0,4.923349977403597,0.6721296897479313,4.199999999999999,8.25,0.37150602032149577,-0.6567579277764253,4.380641074021132,1.2366313028849247,144.58911748668072,256.52466954969617,1.1319945401557825,1.8705765203455724,1.4496105742575334,1.1829214911545172
2020,13224,"Lattimore, Marshon",CB,13,7.292307692307692,6.0,1.3,19.0,4.1686488381842235,0.5716501571349674,5.5,8.0,0.024039379426901583,-0.8046442398654696,4.639905171772561,1.4108731160907273,164.96177823199133,292.6690914562778,1.5269172581834685,2.0746280247436677,1.386186524881554,1.112615279596466
2020,13711,"Wallace, Levi",CB,11,7.2272727272727275,5.0,1.0,18.0,5.678362585542822,0.7856853891946043,2.5,10.75,0.7191160624297621,-0.4896260435891603,4.04733822150633,1.0821923240463425,126.53183913401335,224.4881135287247,1.1571331225083974,1.5436356890953278,1.6685216011026291,
2020,11765,"Verrett, Jason",CB,12,7.2250000000000005,5.0,2.0,15.0,4.369234295998938,0.6047383108649048,3.8,10.5,0.11638951859758587,-0.7559449187031768,4.502291713909383,1.3456294886188795,157.333378000025,279.13506564082684,1.407085464638649,1.976312869239045,,
2020,13250,"King, Kevin",CB,10,7.19,4.85,3.0,22.2,5.687433516094934,0.791019960513899,4.125,6.5,0.7232923457357482,-0.4817745930651488,4.014472288704681,1.075150875548223,125.70854053094887,223.0274475687758,1.0751508755482229,1.2682392735822785,1.3548667507820276,
2020,13959,"Williams, Darious",CB,15,7.1066666666666665,5.0,0.0,24.9,6.4326735412959435,0.9051604420210052,3.0,9.5,1.066403061700267,-0.31378202352192763,3.7302195184820626,0.9561386797337482,111.7934242607858,198.33976245804814,0.8532234632720662,1.0346326763461504,0.6233980880647708,
2020,13738,"Jackson, Donte",CB,13,7.061538461538461,5.0,-0.5,22.9,6.805601591171164,0.9637562166146528,1.5,11.0,1.2381002409566093,-0.22754044990679081,3.595934363844789,0.9046757484427204,105.77628738151677,187.66438054535357,0.9953317146733374,1.1967303953904658,0.8666645364415846,1.1166396467862305
2020,12276,"Darby, Ronald",CB,15,6.946666666666667,6.0,1.0,23.0,5.254822124064292,0.7564523211224988,3.5,8.0,0.524116778892026,-0.5326514291160221,3.9549417784521754,1.1106097869579103,129.85445912107707,230.38298313603974,1.126378440177002,1.6427180164944695,1.2488294686618877,1.3734666370048556
2020,10778,"Kirkpatrick, Dre",CB,13,6.8538461538461535,5.5,0.8,14.0,4.592906802821965,0.6701210823421497,3.0,11.5,0.21936900354530808,-0.6597142068707953,4.103801949637349,1.2254533099653955,143.28216679916645,254.20592593288683,1.3867194603688457,1.2470678735499763,,1.3210183500940318
2020,10592,"Harris, Chris",CB,8,6.825,3.5,2.0,20.7,6.269519519070022,0.9186109185450582,2.75,8.425,0.991286466394845,-0.29398554042477376,3.5572611069969353,0.9388515956379344,109.77218783607243,194.75375947978688,0.9056022731987056,0.8519279874587534,0.893764416228101,1.0336867480828402
2020,14920,"Gladney, Jeff",CB,15,6.786666666666667,7.4,0.0,12.5,3.0302621815428594,0.4465022860819537,5.0,8.5,-0.5000772106600588,-0.9888375440592194,4.691777352837283,1.683926841719415,196.88770241246317,349.3108864462681,2.233308395161958,2.5175150342056973,,
2020,13730,"Alexander, Jaire",CB,14,6.764285714285714,6.0,1.0,18.7,4.465039936288706,0.6600903812887211,3.5,7.75,0.16049871928684728,-0.6744774461881313,4.074649061597856,1.2377376548284333,144.71847411122062,256.7541692931137,1.2764400303656984,2.4497528946952998,1.0575997305804643,1.2683062050010192
2020,12015,"Williams, K'Waun",CB,8,6.625,5.0,0.0,20.9,5.912856754564581,0.8925066799342763,3.625,7.699999999999999,0.8270778727214991,-0.33240589806030363,3.500648145786241,0.9583592189474333,112.05305363010734,198.80038729156468,1.1383367978226766,0.9571839886800307,0.9385194614786558,1.3801506223685027
2020,10379,"Skrine, Buster",CB,12,6.616666666666667,6.0,1.5,16.0,3.6468784216398307,0.5511655045299492,4.75,7.475,-0.2161852665069565,-0.8347936608410855,4.265609728519409,1.4238949389882511,166.48431277921526,295.37031599097065,1.3107683421081089,1.4671367901453014,1.244352367335903,1.3611149034192218
2020,11735,"Roby, Bradley",CB,10,6.529999999999999,5.5,0.0,17.4,5.251675922979254,0.8042382730442962,2.2,9.325,0.5226682585893695,-0.46231981017229296,3.6192558918406674,1.0445199144117039,122.1271144194102,216.67341369853145,1.0445199144117039,1.0248364143813475,1.1726614690629507,1.204379795068618
2020,13281,"Douglas, Rasul",CB,13,6.446153846153846,6.5,1.0,11.0,2.5306172505219062,0.3925778550928971,6.0,7.0,-0.7301152174947054,-1.0682038092387098,4.628936057383902,1.8257866511021428,213.47420204062763,378.7380412007951,1.64887171793992,1.6766499228786946,0.8265833300778707,0.7730832639495065
2020,12988,"Jones, Jonathan",CB,15,6.433333333333334,5.0,1.0,19.0,5.101851515762576,0.7930339143672397,3.0,7.25,0.4536886575337117,-0.4788104450407416,3.587959648606899,1.054324792518215,123.27351809621965,218.70732074130177,1.0674765861729114,0.7874706739712466,1.3683890202448716,1.1318712024306643
2020,14924,"Johnson, Jaylon",CB,13,6.415384615384616,7.0,0.4,15.0,3.731332233490659,0.5816225304002226,3.0,8.0,-0.17730248126973758,-0.7899668476979059,4.056204620302943,1.3559361927647817,158.53845606425944,281.27307061369635,1.4268690280616665,2.2598011395241535,,
2020,11318,"Taylor, Jamar",CB,8,6.3875,4.95,0.0,22.2,6.249487478985777,0.9783933430897498,3.75,6.0,0.9820636557793233,-0.20599744908172804,3.228629949807828,0.881096769739318,103.0193915193396,182.77319777640787,0.736950894486391,0.7719935097463525,0.6947644954914267,0.5779614334949464
2020,14236,"Amadi, Ugo",CB,13,6.346153846153846,8.0,1.0,13.0,3.634157480313143,0.5726551181099498,3.0,9.0,-0.22204202558959588,-0.803165132941714,4.035311857682304,1.3694299067551365,160.11616495205124,284.0721834246843,1.4944727578830608,1.277865772827806,0.570852450244938,
2020,12291,"Nelson, Steven",CB,14,6.257142857142857,3.75,1.0,24.5,6.242906178297124,0.9977247316913213,3.0,7.275,0.9790336054399682,-0.1775454082182563,3.132134651927451,0.8638994766896139,101.00865362242908,179.20582089824458,1.1061457309688534,1.1302147123367003,1.278733957692102,1.362001849361851
2020,11806,"Lawson, Nevin",CB,13,6.1923076923076925,6.0,0.5,15.0,3.7444238621143833,0.6046895677948694,3.5,8.5,-0.17127505665708867,-0.7560166590136658,3.8588820022161867,1.3051759017053866,152.60347312268016,270.74344318159064,1.5041687568215227,1.2970687468806408,0.7337077910489116,1.2890950294885424
2020,14722,"Needham, Nik",CB,15,6.1866666666666665,5.0,-0.5,14.2,5.073968422798426,0.8201457579954353,1.25,10.75,0.4408511989073395,-0.4389070889657015,3.3989951845835535,1.018554301903387,119.09116911475861,211.28715171987017,1.3846086782506746,1.1304260868365097,1.3073978968523863,
2020,11314,"Rhodes, Xavier",CB,15,6.153333333333333,5.5,-1.0,29.6,7.091296700102802,1.152431749745851,2.0,6.6,1.3696351157060647,0.050153206210068885,2.858782088704968,0.7604879120617531,88.9175907222927,157.75430387624053,1.1324743452612833,1.1428033877689707,1.0769007316761972,1.323908058457199
2020,12712,"Hargreaves, Vernon",CB,15,5.993333333333333,5.0,2.0,12.0,2.8850110725764795,0.481370034356476,4.0,7.8,-0.5669512516492726,-0.9375190061532922,4.0458043529528425,1.5426811459146361,180.37300602918268,320.011122355621,1.4274760550811465,1.4980433834402846,1.0863688368435684,
2020,12737,"Jackson, William",CB,14,5.985714285714287,4.95,1.0,18.5,4.468597917349331,0.7465438048077639,3.25,8.0,0.1621368243104869,-0.547234836283177,3.4271767299722056,1.094561051329882,127.97801258780537,227.05386103306031,1.307867456300752,1.1812129979146715,0.8728706748876451,1.7884264845013633
2020,14180,"Murphy, Byron",CB,14,5.978571428571429,4.5,-0.3,21.5,5.573941740869943,0.9323200044465854,2.5,6.875,0.6710403961131712,-0.27380843466634996,3.0939862004294083,0.9094348055144572,106.33272474523696,188.65159115521556,1.0204947864108695,0.9635785955681919,1.5652921805752011,
2020,10260,"Peterson, Patrick",CB,15,5.946666666666667,4.8,0.4,16.0,4.971769191031387,0.8360598415411525,2.75,6.75,0.3937983697558798,-0.41548465591241107,3.2388196354619643,0.995796467753238,116.43028292499307,206.56630576407525,1.190519026689886,2.3618370571333624,1.3984023425833485,0.8235878034730891
2020,13696,"Smith, Roquan",LB,15,13.353333333333332,14.5,2.5,29.4,6.683299251783425,0.5004966988355037,8.5,17.25,1.6314514787754035,-0.3473153773333642,8.899275382409375,1.737968663687516,206.59422870632227,467.2721160621279,1.662221273087752,1.1879755356268022,1.348522038261978,1.9552167172892998
2020,14168,"White, Devin",LB,15,12.726666666666665,10.5,2.0,31.3,7.369981154807808,0.5790975239503254,8.0,17.35,1.9646250862316719,-0.3185852275851288,8.059455780051628,1.5205131805292453,180.7450584884172,408.8068019930665,1.7755435956465475,1.5745587718959424,1.3229151922929763,
2020,12239,"Kendricks, Eric",LB,11,12.090909090909092,12.5,2.5,22.0,4.7521200140673185,0.3930324823664699,10.25,13.5,0.694455832842857,-0.38659566513214877,8.679560056179863,2.1019917980396277,249.86605531864265,565.143765786454,2.0432377893541314,1.7149776869286744,1.8123909835809178,1.7342994823340938
2020,12745,"Jones, Deion",LB,15,11.6,9.8,4.0,27.1,6.58726043207645,0.5678672786272801,8.25,11.899999999999999,1.5848540660917625,-0.32269010344831706,7.3985854275600325,1.5288785858673049,181.73946333572053,411.055933830541,1.8019885194270107,1.9157876883384526,1.3673819460222072,
2020,13813,"Oluokun, Foyesade",LB,14,11.464285714285714,11.0,4.5,23.5,5.620702439941768,0.49027934055566824,6.5,14.799999999999999,1.1158863946898196,-0.35105002303183147,7.6927092809399875,1.7315814776878187,205.83497694719583,465.5548503943865,1.9562467079346975,2.886955953376761,0.9196334436107335,1.3529397160681313
2020,12768,"Schobert, Joe",LB,15,11.46,8.5,3.5,35.9,8.28925408787385,0.7233206010361125,6.5,12.0,2.4106503535316643,-0.26586885220646095,6.649952419247993,1.2336835543081799,146.64930829604313,331.68948152927,1.4122452458166137,1.6903513616139227,1.175662879651061,1.846449342392538
2020,13447,"Wilson, Eric",LB,15,11.373333333333333,9.0,3.5,23.4,5.666211746445375,0.4982015017390424,7.75,13.25,1.1379672151597622,-0.34815431707969285,7.591324211150302,1.7061164220290386,202.80791803485224,458.70828826013536,1.7825550752630746,2.077084376119641,0.8002819729601898,0.5447446139514287
2020,13304,"Brown, Jayon",LB,10,11.32,9.75,4.5,25.5,6.403249175223467,0.5656580543483628,7.5,10.75,1.4955729972471485,-0.3234976184364614,7.2301866736229705,1.5290583542540708,181.76083259972722,411.1042665515159,1.529058354254071,1.5498104733726472,1.58286972717052,1.0090703160550136
2020,12788,"Martinez, Blake",LB,15,11.286666666666667,11.5,3.0,18.8,3.9626366082305466,0.3510900716093219,9.6,12.9,0.311403602703979,-0.40192644238664393,8.353748505621684,2.2743286598796493,270.35192586015484,611.4784390115934,1.93107717632076,2.0742607609621766,1.8047755824051621,2.4078399845375107
2020,13733,"Leonard, Shaquille",LB,13,11.223076923076924,11.5,1.0,19.5,5.491833636080989,0.48933404570975225,8.0,16.5,1.0533600865378698,-0.35139554691710534,7.535634437020131,1.7287992194840203,205.5042468830208,464.806809474269,1.6540090330789705,2.4803016899379973,1.2785457062820937,2.2002356677072274
2020,10768,"David, Lavonte",LB,15,11.04,10.0,4.0,19.0,4.418566886823524,0.4002325078644497,7.25,14.4,0.5326180179933973,-0.38396391399663726,7.884404867044219,2.0374390924002923,242.19260486403618,547.7880562205355,2.120747811928294,1.985180292573379,1.7268749035049802,2.3300424450485155
2020,13230,"Adams, Jamal",LB,11,10.836363636363638,10.7,3.0,18.7,4.410580816683429,0.4070166861033365,8.85,13.100000000000001,0.5287432285366553,-0.38148416322510015,7.701659648667292,2.002809680422831,238.07616893080274,538.4775554325852,1.9803225057250435,3.808446792794663,1.144351815715272,1.9584692363795888
2020,10775,"Wagner, Bobby",LB,15,10.353333333333333,10.0,5.5,21.3,3.964991242809441,0.3829676023318842,7.5,12.25,0.3125460561361086,-0.39027457702867474,7.486316610653865,2.085267189207548,247.87798284399435,560.6471695459347,1.7765248875963986,2.5864052121145864,2.090712901974088,0.9840822124484968
2020,14896,"Queen, Patrick",LB,15,10.26,7.5,1.0,37.2,8.456855207463352,0.8242548935149466,5.25,13.15,2.491969330166121,-0.228975380243375,5.624214048416879,1.084927259106474,128.9664854037128,291.6947047022918,1.7282663196887176,1.925017881464213,,
2020,12701,"Smith, Jaylon",LB,15,10.1,9.5,1.5,18.6,5.086845781031699,0.5036480971318514,5.75,13.75,0.8568626048822957,-0.34616347918422724,6.716997161280851,1.659315902412774,197.2446892752135,446.1254504387101,1.8027029489025177,2.744844140610363,1.6734653332169318,1.2527759187976557
2020,12481,"Hewitt, Neville",LB,15,9.926666666666666,9.5,4.5,21.8,4.171884732614532,0.420270456609926,6.75,11.75,0.4129294360591576,-0.3766396490507666,6.989279133750933,1.9193518765157125,228.15544884651086,516.039000901438,1.9441561375592005,2.3336712457664226,1.677405849625888,0.5741532299653462
2020,11349,"Collins, Jamie",LB,14,9.921428571428573,8.75,-1.5,28.0,6.6291756190159195,0.6681674490008845,6.375,12.55,1.6051910430505554,-0.28602841560474,5.947501599657046,1.300458800122408,154.58695452287174,349.64274562666753,1.3817333558523652,2.287325311639149,1.0964427309512168,1.8272376955190226
2020,13743,"Warner, Fred",LB,15,9.913333333333332,9.9,1.8,31.0,6.8708919039347105,0.6930960225892446,5.25,11.5,1.7224702173998774,-0.27691653095012925,5.855151273802482,1.2594930097283628,149.71730638327537,338.62863935218013,1.095498251656701,1.0186997644223954,1.2883004588800087,1.4334089332946156
2020,12702,"Jack, Myles",LB,13,9.607692307692307,9.0,3.0,18.5,3.87128711223095,0.40293620863893,7.1,12.5,0.2670814194813685,-0.3829756581098604,6.848274532035415,1.9723108259353204,234.4507368669675,530.2776007546842,1.7792303214657297,2.862027757466923,1.3478816333420696,1.1440957484701508
2020,10350,"Wright, K.J.",LB,15,9.58,7.5,2.0,22.0,5.669944150224645,0.5918522077478753,5.75,12.3,1.1397781532755706,-0.313923139433259,6.01814663030409,1.4362938855608474,170.73381913196656,386.1635121597238,2.1364278188532406,2.608469352318302,1.688385824470852,
2020,13216,"Cunningham, Zach",LB,15,9.546666666666665,9.5,2.0,17.1,3.6421361253467115,0.38150867234777014,7.25,11.5,0.1558988462751617,-0.39080784467382423,6.910319752421693,2.0565244983964455,244.46130786985245,552.9193789147005,2.549903950339362,2.9156147810265387,1.6957860480401665,1.6403754800754315
2020,13706,"Baker, Jerome",LB,15,9.4,7.0,1.5,21.3,6.445256653798461,0.6856656014679214,3.5,14.15,1.5159547535091538,-0.27963249622398245,5.576432236508971,1.2625488196171528,150.08055383430147,339.45022767126346,1.2891948712425605,1.6684382541363119,1.4800355961612985,0.9985416280336312
2020,13426,"Morrow, Nicholas",LB,13,9.23076923076923,8.1,-1.0,19.8,6.718560355793335,0.727844038544278,4.5,16.5,1.6485599378364766,-0.26421544670090125,5.342362519331446,1.1959185139805084,142.160136804306,321.5359323452235,1.2933399539061374,2.547682101957731,1.25739388786299,0.8503909781853465
2020,13392,"Adams, Tyrell",LB,15,9.066666666666666,8.5,0.0,30.5,7.698282636767472,0.8490752908199418,3.5,10.75,2.123914836836701,-0.2199030361510387,4.90335180599715,1.0423513520177008,123.90544093826512,280.24770072902993,1.4389476771058567,1.4299038705615978,,
2020,10816,"Davis, Demario",LB,15,9.006666666666668,9.0,1.4,22.3,4.910053179164379,0.5451576438746534,7.0,11.45,0.7710839806367935,-0.33099092225292354,5.828962955573553,1.5239569583602492,181.1544241114559,409.73269978855774,1.2716217028245589,2.2174909821807716,1.5238239896230579,1.8023124122176615
2020,12774,"Goodson, B.J.",LB,14,8.507142857142856,7.5,2.0,18.0,4.3318528344799345,0.5092018445232501,6.0,10.125,0.4905449219802064,-0.3441334751227474,5.636848966236339,1.5955321951365593,189.6626504939155,428.97649459619964,1.5738943602749982,1.7705059621249797,0.79128784747792,0.8380522390919396
2020,12231,"Thompson, Shaq",LB,15,8.5,7.5,1.5,27.0,6.172519744804386,0.7261787935063984,5.25,9.75,1.3836245734711898,-0.2648241265619065,4.924171257331863,1.185078647731463,140.87159009239366,318.6215142973889,1.4909093032167686,1.4210526315789473,1.7329474241828835,1.3652581499595562
2020,14218,"Okereke, Bobby",LB,13,8.330769230769231,8.5,1.0,18.2,5.818588860828796,0.698445569628572,3.0,12.0,1.2118996031683886,-0.2749611661393835,4.904937420273682,1.2217732144883466,145.23351322440595,328.4872548108525,1.5713116959225883,1.2103483645544644,1.2267170961438771,
2020,13779,"Kiser, Micah",LB,9,8.322222222222223,5.5,3.0,20.7,5.383055261709402,0.6468290701653487,4.0,11.0,1.000581524523948,-0.29382801336257475,5.05348270381615,1.3037991809573501,154.9840292323294,350.5408439950725,1.1389421970474602,1.6552849381491075,,0.13909647516226636
2020,14412,"Singleton, Alex",LB,15,8.313333333333334,7.5,-2.0,19.5,6.086144555920074,0.7320943732061035,5.0,12.0,1.341715891811524,-0.26266186566487554,4.799584515678191,1.1731814483502192,139.45735703900917,315.42282053136233,2.0573045242692802,2.2053023665871296,0.21961237602600223,
2020,11772,"Kirksey, Christian",LB,10,8.27,6.55,1.5,18.7,5.078198499468093,0.6140506045306038,5.625,10.125,0.8526669999296275,-0.30580918817629854,5.123755089701832,1.3606005135771253,161.73606553036913,365.8125111102187,1.360600513577125,1.4115283049727734,,
2020,12778,"Kwiatkoski, Nick",LB,12,8.241666666666667,7.65,2.7,20.4,4.569547449024781,0.5544445843103879,4.875,10.55,0.6058728079373549,-0.3275963626025404,5.302000952528643,1.4797731309587407,175.90224440647754,397.8533886381359,1.5675904205301867,1.9208559162036989,0.8615914360259639,0.4253579689976834
2020,12287,"Hicks, Jordan",LB,15,8.04,7.5,1.6,16.0,3.4826809596439734,0.4331692735875589,5.75,10.75,0.07853223365477366,-0.3719248773826433,5.60994444143642,1.7935695340313842,213.2035647456267,482.22102560423156,2.523077597223071,3.1538461538461533,1.6390863474208377,1.7929945450274725
2020,14260,"Holcomb, Cole",LB,10,7.960000000000001,7.25,1.0,18.6,4.986622103187688,0.6264600632145336,5.375,10.825,0.8082347261618071,-0.3012732866032168,4.894064219608238,1.3296312783400093,158.05471879431138,357.48608936026073,1.329631278340009,1.644739183850942,1.823635075072349,
2020,13697,"Edmunds, Tremaine",LB,14,7.707142857142857,7.25,2.5,17.4,3.594731121618791,0.46641553014516285,5.125,9.75,0.132898245802153,-0.3597727157727253,5.255770072470464,1.6773871317256794,199.39283599366667,450.98410050376305,1.7560373545666605,2.136877769023022,1.6938022232298962,1.8152593045909544
2020,12241,"Johnson, Alexander",LB,15,7.680000000000001,7.5,2.5,15.5,3.9623562013865774,0.5159317970555439,4.5,10.25,0.31126755112121673,-0.3416735449150318,5.066190982283753,1.5476518992840662,183.971067556575,416.1033469795992,1.488462246983378,1.1025821928349366,1.0999031194471118,
2020,11816,"Williamson, Avery",LB,14,7.664285714285714,7.25,0.0,22.2,5.71384373290709,0.7455154917120156,3.25,9.25,1.1610779461836351,-0.25775618250060356,4.390843708163553,1.1415645074847582,135.69901682918376,306.92225595255735,1.2166643504794372,1.5401106278338614,,1.4679365288526347
2020,11403,"Williams, Vince",LB,13,7.546153846153846,6.5,1.5,14.1,3.8295642219680186,0.5074855747765978,5.0,11.0,0.24683774362333544,-0.34476080551982213,5.005788428371628,1.562491665775765,185.735086768538,420.0931824900574,1.4071364621981866,2.053827881152741,1.2145056286476625,1.1760450427774007
2020,11375,"Klein, A.J.",LB,15,7.4799999999999995,4.0,0.0,27.8,8.349626738164208,1.116260259112862,2.25,9.35,2.439942772045015,-0.12224166760535883,3.5345369114173226,0.8000319381165683,95.10066818174461,215.09744361433937,1.0333242067885102,0.8317904369687853,1.1645935393276694,1.301246983802643
2020,11299,"Bostic, Jon",LB,15,7.446666666666667,5.5,2.0,16.0,3.9000626775590272,0.5237326782756079,4.5,10.2,0.28104313722101393,-0.3388221691782856,4.8871214569565975,1.5197084520511142,180.64939953740665,408.5904418326745,1.3168791091151746,1.828776586346392,1.4806560107693623,0.9789761092134307
2020,13307,"Milano, Matt",LB,9,7.388888888888889,7.5,2.0,12.5,4.007338946495388,0.5423466243377216,3.0,10.9,0.3330928874162028,-0.3320184052611908,4.790679846083012,1.4756118904354052,175.40759321146925,396.7345930548733,1.25771435146703,1.3569278195205747,1.7831414223897797,1.6077945954436816
2020,12233,"Alexander, Kwon",LB,12,7.325,6.95,1.0,17.0,4.248945947722407,0.5800608802351409,4.5,9.25,0.4503190380267845,-0.3182331018881883,4.635897319924731,1.3955182760413873,165.8867780001492,375.2005381188369,1.4814099931203573,2.125,1.0975501895792772,
2020,10879,"Trevathan, Danny",LB,15,7.306666666666667,8.0,1.5,12.6,3.2858213923191597,0.44970183289039595,4.25,9.5,-0.01698275213269861,-0.36588190132230014,5.040116871549189,1.7048462821528958,202.65693512385766,458.36679709287756,2.155410914551878,2.1886993975881364,1.3295977141366317,1.6624207077681907
2020,13762,"White, Kyzir",LB,11,7.290909090909091,7.0,2.0,15.5,3.460282317818629,0.47460231291776706,6.1,7.5,0.06766455785582974,-0.35678028541757834,4.9443222942480745,1.6346295080430746,194.3101906787157,439.48824001248835,1.741431049533266,1.9745072228689564,0.6630811318907379,
2020,13987,"Spillane, Robert",LB,12,7.166666666666667,4.75,0.0,38.5,10.230455621438482,1.4275054355495556,0.75,7.275,3.3525087524334394,-0.008475425146970812,2.952276259288469,0.6381456735366812,75.85707152329375,171.57252915981834,0.7253726075362827,1.6344221861443868,0.594330969245072,
2020,12779,"Campbell, De'Vondre",LB,15,7.033333333333333,6.5,1.0,19.0,4.141765592379923,0.5888766245089938,4.5,8.5,0.39831582448551817,-0.3150107737159338,4.426607594851379,1.367882920169816,162.601733136798,367.7704667452595,1.471536045714019,1.58973862044214,1.3708823276285111,1.6139065227575666
2020,14889,"Murray, Kenneth",LB,15,6.986666666666666,6.5,3.0,18.3,3.767734361950458,0.5392749563860388,4.25,8.0,0.21683829639771762,-0.33314116039893626,4.5389335009192875,1.4654060264818223,174.19441104321402,393.99063354313245,1.259923675412553,1.4251126366022575,,
2020,13702,"Jewell, Josey",LB,15,6.98,5.5,2.5,20.2,4.881830257871187,0.6994026157408577,4.0,7.25,0.7573904021999768,-0.27461134693479156,4.107325677474644,1.1867054460912434,141.06496938594574,319.0588970464933,1.3521133707687536,1.3552119512554461,0.7259736340174688,1.0436819824091692
2020,13116,"Mahomes, Patrick",QB,15,50.046666666666646,45.8,24.3,86.2,19.926627634622193,0.39816093581901296,35.7,59.1,0.39870135673988133,-0.5662142221901304,35.7946395043217,2.3915304243224846,181.13082299956773,290.6393820926574,2.2030294223135956,2.0700556539443995,1.8983055380033518,3.0307737714214125
2020,7836,"Rodgers, Aaron",QB,15,44.14,47.3,-21.6,67.5,22.447889284592737,0.5085611528000167,40.45,60.1,0.8576829481604856,-0.4456936111692792,29.259669001864747,1.8824722116460924,142.5755397052372,228.77424214848384,3.010105600851277,2.306368663757072,1.139812458365965,1.581809937391228
2020,13113,"Watson, Deshaun",QB,15,44.00666666666667,46.6,21.3,71.5,17.225193435456358,0.3914223625690734,27.1,54.45,-0.09307964023267275,-0.5735705208252249,31.62710895735088,2.414606287857199,182.87855328598158,293.4437598462391,2.4826813044576648,2.304981888532746,1.0831253571828945,1.3093331282143446
2020,13589,"Allen, Josh",QB,15,42.63333333333333,40.9,8.4,84.0,24.90557278111779,0.5841807532709411,17.65,67.65,1.305090492100403,-0.36314195771123714,26.911912195187355,1.6457205441297238,124.64433383487554,200.0021397087429,1.4888396718154584,1.571876745806133,0.8799901114197031,0.5450554698640605
2020,14056,"Murray, Kyler",QB,15,37.093333333333334,37.1,-6.2,73.5,20.674153482602915,0.5573549644842626,26.7,51.2,0.534784259257451,-0.39242686805016425,23.818162319607882,1.7114086307041636,129.61944812214864,207.98512194416764,1.4916472616401912,0.94444600539146,1.0841307584991045,
2020,10697,"Tannehill, Ryan",QB,15,36.846666666666664,38.7,2.8,68.3,16.869454315089417,0.4578285050232337,25.75,52.7,-0.15783995878132165,-0.5010769235935255,25.275035122241235,2.0619917103765397,156.1720694498787,250.59099833689066,1.7762847726530107,1.7954152229299187,1.4280499484452558,0.39722132976727825
2020,5848,"Brady, Tom",QB,15,36.49333333333334,38.2,-20.6,75.7,26.925191838788365,0.7378112487793669,18.4,58.650000000000006,1.6727508533976334,-0.19542814612246487,20.999595530853043,1.306824803353499,98.97689351567665,158.8166094343626,1.2946658395034267,1.57813716479026,1.3802342782161021,1.7842360362046907
2020,14779,"Herbert, Justin",QB,14,35.00000000000001,35.45,-19.4,73.2,21.47985767444202,0.6137102192697719,23.450000000000003,46.125,0.6814582041012496,-0.33090552391952716,21.689148139520388,1.5569493591497463,117.92094130323949,189.21390047589986,1.3150309101402613,0.8963445653363665,,
2020,10703,"Wilson, Russell",QB,15,34.38,30.6,-1.0,59.9,18.941319911769614,0.5509400788763703,23.299999999999997,50.5,0.21933159292374912,-0.39942980657903576,22.167200698629006,1.7240583949364605,130.5775217401314,209.52243028141538,1.518603634872003,1.7555316859604944,1.3784693579801315,1.3205747219990736
2020,4925,"Brees, Drew",QB,11,33.04545454545455,36.8,11.5,46.8,10.65153541098983,0.3223298198648917,26.3,40.55,-1.2897773417821026,-0.6489967807674953,24.990326958542727,2.8361459138068437,214.8053139069843,344.67288708942823,3.054052708890188,2.4170225153813867,1.7915421990226088,1.3433815330986731
2020,7394,"Rivers, Philip",QB,15,32.20666666666667,38.3,8.0,54.0,14.36121938493463,0.44590828146143535,17.65,42.65,-0.6144501086690346,-0.5140898747131804,22.27434968012919,2.0966217498496933,158.79489518794426,254.79953909888957,2.502946088396734,2.726304991693326,1.1390349672311852,1.6694059008518052
2020,9099,"Ryan, Matt",QB,15,31.413333333333334,36.9,-11.3,69.7,23.66710422130731,0.7534095146850799,13.25,49.650000000000006,1.0796342128947758,-0.1783999863123649,17.915571388338968,1.2734909234379717,96.45223690187726,154.76558914924772,1.223372614624805,1.1633012765826731,1.2052733480501012,1.6293256235636742
2020,13593,"Jackson, Lamar",QB,14,30.72142857142857,34.3,-2.4,56.2,17.95693970790873,0.584508616393216,20.35,45.0,0.04013067875592135,-0.3627840393582815,19.388615658877967,1.6205900870493226,122.74099180458633,196.94807004553843,1.7610310547527557,2.574320281524102,1.7833085489206364,0.8581160110362808
2020,11644,"Carr, Derek",QB,15,30.560000000000002,32.1,-10.2,56.4,18.314722675123058,0.5993037524582152,19.8,44.05,0.10526306819956997,-0.3466326323461273,19.10831507337343,1.5822127251850537,119.8343496526277,192.28412238042048,1.239191839032612,1.0466647101252988,1.489093027362287,0.9627213289490668
2020,10700,"Cousins, Kirk",QB,15,30.4,34.6,-32.0,55.3,19.867628612058024,0.6535404148703298,26.1,42.75,0.3879609144422408,-0.28742409206975783,18.384794061646183,1.4568018515737744,110.335923657591,177.04311250516096,3.037302365042498,2.7573883546772815,1.3017381200568106,1.169141421163969
2020,11640,"Bridgewater, Teddy",QB,14,30.27142857142857,31.5,-1.2,56.2,17.223921428866166,0.5689827749035544,17.674999999999997,45.575,-0.0933112019228569,-0.3797331356020767,19.293665332488665,1.661082039317811,125.80778976988016,201.8690009554485,1.4198706878236296,1.5657981130928045,0.7774118270917186,
2020,13782,"Dickson, Michael",PN,15,5.746666666666666,5.2,0.8,12.8,3.5916322504151537,0.6249940110931242,3.0,8.95,0.7325474215335653,-0.38002223169703114,3.5364232898316446,1.25155203057629,167.88118733810148,221.75136475256744,1.1613700358692587,1.4122319248980706,1.3735425268001782,0.8158784992470204
2020,15032,"Fox, Jack",PN,15,5.473333333333334,6.3,-0.1,12.2,3.9168808452077726,0.7156298742766941,1.4,8.399999999999999,1.1360144165482973,-0.35733857654610307,3.1902763034135666,1.1131718472836098,149.31909091088215,197.23301173952282,1.0038059958332661,0.7083983807251814,,
2020,14256,"Bailey, Jake",PN,15,5.173333333333333,4.0,1.3,12.7,3.4348152141790034,0.6639462398541889,2.9,6.8,0.5380177620967347,-0.37027356385694565,3.1090748062789997,1.1665273711502424,156.4761155322654,206.68660211807543,1.0952548360434622,1.6463494880388034,0.9843375503527301,
2020,12266,"Berry, Jordan",PN,10,4.6899999999999995,4.0,-0.2,11.0,2.943620220069158,0.6276375735755135,3.225,5.975,-0.07130375815807227,-0.379360620965758,2.881476857097394,1.1892625907871404,159.52578152599756,210.71485332878223,1.1892625907871404,1.1359765516179403,0.5435858276162451,1.0140490679402323
2020,11985,"Way, Tress",PN,15,4.5200000000000005,4.7,0.2,8.7,2.887721131503756,0.6388763565273795,1.95,7.1,-0.1406459095113332,-0.3765478637652234,2.757987191649676,1.1626348308196894,155.95397639902154,205.99691754279087,0.9083959225523187,1.0864213048367795,1.244295391879428,1.2137780489238108
2020,9310,"Kern, Brett",PN,12,4.158333333333333,3.75,0.2,13.2,3.5556195740764442,0.855058815409165,1.275,6.1,0.6878741268984828,-0.32244336059497,2.2416180547979776,0.9127920507226172,122.44046553744339,161.72949908429456,0.8056534518550517,0.9360952511417735,1.0499143869192373,1.2687249996275394
2020,11840,"O'Donnell, Pat",PN,15,3.839999999999999,3.8,1.4,6.8,1.6946189345493972,0.4413070142055723,2.3499999999999996,5.4,-1.6206749268775114,-0.42599401755256816,2.66424846486753,1.4250623532570612,191.15558446696252,252.49411448499575,1.2629601485482005,1.2872648866438094,0.5537293795860072,0.8727403072195089
2020,13844,"Cooke, Logan",PN,13,3.838461538461538,3.3,-1.4,8.5,2.976197486607692,0.7753620706593186,2.0,6.8,-0.030892048325853565,-0.34238925630399614,2.1620725157409963,0.9653598824982751,129.49183040177383,171.0435253121678,1.034470610302947,1.5664273868261769,0.7274529373194559,1.3355254367341438
2020,14227,"Wishnowsky, Mitch",PN,15,3.573333333333333,3.1,-1.2,8.6,2.8829306077130767,0.8067902820092566,1.6,5.95,-0.14658849702536772,-0.3345236423711472,1.977724459177175,0.9202671111956628,123.44315819182803,163.05393851710232,1.1603312755639776,1.0926905328228467,0.892464207959676,
2020,13869,"Bojorquez, Corey",PN,15,3.553333333333333,2.6,-1.3,11.3,3.183261779300527,0.8958522831052141,1.25,5.8,0.22596873227458905,-0.3122338814646885,1.8742669800799738,0.8494169193321383,113.93942679066215,150.50062362896023,0.8315337453031885,1.8672028394645668,0.4784812762399334,1.1155528267722248
2020,13848,"Johnston, Cam",PN,15,3.4799999999999995,4.5,-8.0,10.3,4.341305487216182,1.2475015767862594,1.4,5.1,1.6625081129484962,-0.22422576821074805,1.5483860104677258,0.6515261125447684,87.39467052394825,115.43811291825511,0.3863792286389168,0.1749674010756828,0.9660557901502396,1.0525290497841542
2020,15055,"Charlton, Joseph",PN,15,3.3933333333333326,3.0,0.4,11.0,2.399018317747676,0.7069798578824195,2.25,3.75,-0.7468759098196524,-0.3595034369230622,1.9879164465027173,0.9983274628487114,133.91404889343895,176.88475744371004,1.0058132442315701,1.088017932140862,,
2020,10945,"Hekker, Johnny",PN,15,3.3466666666666662,3.8,-6.1,10.1,4.371249503542691,1.3061502500625572,0.45,5.75,1.6996533073608862,-0.20954762389866124,1.4511919449202773,0.6230704167548575,83.57766900980236,110.39630145358026,0.514073831761906,0.044079691368334964,0.5439734459098877,0.6806869379393684
2020,9577,"Huber, Kevin",PN,15,3.2733333333333334,2.4,-0.5,12.0,3.4829999840495103,1.0640529482839645,0.4,5.05,0.597790393297572,-0.270137897038039,1.5858766297903133,0.7301658141824305,97.94327430573885,129.3715817120827,0.7274313094844498,0.8977163809719717,0.9312625720429516,0.6974298243053064
2020,13430,"Haack, Matt",PN,15,3.113333333333333,2.8,-1.8,9.7,2.9756493222301725,0.9557760135642954,1.35,3.7,-0.03157203968542539,-0.29723662552927665,1.5918659967914486,0.783100590870747,105.04386057367039,138.75062364300547,0.9192681683210276,0.6920892499347978,0.8674123989154204,0.5966930877332008
2020,12842,"Dixon, Riley",PN,15,3.1,3.1,-4.9,11.3,3.6151532931997967,1.1661784816773537,1.0,5.15,0.7617249940238746,-0.24457869452999498,1.4310916788350483,0.671700332157482,90.10080807113633,119.01260332907513,0.5330467179565678,0.25777599078772323,0.5843796935381624,0.941266901073869
2020,13132,"Kamara, Alvin",RB,15,21.473333333333336,20.4,6.9,48.9,12.089415021230579,0.5629966635158604,12.850000000000001,26.200000000000003,2.2616687785005674,0.10496843957967289,13.738566328753674,1.6405113061587804,238.42485085904084,450.5362861328318,1.4917138801654515,1.3629908425486008,1.0704392902414448,1.6394703566936948
2020,13128,"Cook, Dalvin",RB,14,21.400000000000002,17.3,1.9,51.4,14.138296522970103,0.6606680618210328,13.725,27.175,2.915593934982771,0.10877634680197298,12.886380181559872,1.413633295366404,205.45137747711908,388.22840931183015,1.2446710055485517,1.507607432992814,1.4369395975317936,0.8644723753058938
2020,12626,"Henry, Derrick",RB,15,19.380000000000003,13.8,1.3,49.8,14.130260672282967,0.7291156177648589,10.0,25.45,2.913029196654277,0.11144490635113513,11.208041730055943,1.2808768083885103,186.1571211745594,351.7692795402046,1.3562102318951377,1.421917186631279,1.2191567347431684,0.6982263909588773
2020,13610,"Chubb, Nick",RB,11,17.48181818181818,18.2,3.2,33.2,8.599452221647418,0.4919083434119688,11.2,22.6,1.1478052056697845,0.10219692476323705,11.717756160433797,1.8211266412051608,264.67470610820726,500.13896912864004,2.1797734802059434,2.0911467458424267,1.243417020130476,0.8290403587243558
2020,13319,"Jones, Aaron",RB,13,16.06153846153846,12.7,3.2,48.7,12.690125686565459,0.7900940322095353,7.5,19.2,2.453392807194336,0.11382226706059059,8.972455174163954,1.1732206722762335,170.51084181015136,322.2034999193348,1.430468036009635,1.7892560735698841,0.9329015361260425,1.1536397884764258
2020,14071,"Montgomery, David",RB,14,14.014285714285716,9.7,-5.1,30.0,10.508490250599214,0.7498413022853669,6.675,23.599999999999998,1.7570976370538842,0.11225293700434813,8.008889546716302,1.2177345080998814,176.9802910773238,334.428406994478,1.2950789686486797,4.967500675197395,0.8943803882178724,
2020,14802,"Taylor, Jonathan",RB,14,13.771428571428572,13.3,1.2,33.5,8.527135557520271,0.6191903413137126,9.05,17.225,1.1247244731503752,0.10715925813297617,8.505132608594536,1.4454951846001662,210.08204729336956,396.9786917333312,1.3510980408677793,2.490654205607477,,
2020,14813,"Robinson, James",RB,14,13.5,12.4,-2.8,28.8,8.68381088166776,0.6432452504939081,9.175,18.4,1.1747292859094647,0.10809708500950804,8.215450490997812,1.3940792695111999,202.60947953912972,382.858255412448,1.197449963231029,1.8484613155722986,,
2020,13404,"Ekeler, Austin",RB,9,13.100000000000001,10.8,1.8,30.1,8.927610106978364,0.6814969547311727,8.3,15.2,1.2525407388539718,0.10958840123265925,7.7906772076755555,1.3195522244363411,191.77803964582955,362.39077190384535,1.3123251634754955,2.128036120635897,1.2244204051401062,1.359268320466022
2020,13364,"Carson, Chris",RB,11,12.863636363636367,14.3,5.7,19.0,4.642153247886105,0.36087410407595155,8.0,16.65,-0.11521432399392527,0.09708830304803227,9.452480817372095,2.2799161593946193,331.3531995994466,626.1370801235203,2.1994308201137978,2.2231097194822933,1.2791666426182076,1.4794163166697032
2020,13138,"Hunt, Kareem",RB,15,12.626666666666667,8.3,4.4,26.1,6.919100776513922,0.5479752462920212,7.65,16.9,0.6115008460613329,0.10438280075266317,8.156891847535837,1.5944571262578462,231.73153461483514,437.8883518604106,1.4986083470479437,1.3665187690814116,1.4221817216065538,1.4521453217953653
2020,14081,"Gaskin, Myles",RB,9,12.166666666666664,10.4,-1.4,34.8,9.239889369227075,0.7594429618542803,8.0,12.7,1.352208418638655,0.11262727616046724,6.91506739942521,1.188163878335438,172.68262304850447,326.3073768847398,1.161496716106363,1.1902970416353917,,
2020,12171,"Johnson, David",RB,11,11.863636363636363,9.8,1.7,31.3,8.346504192259474,0.7035367518379633,6.5,15.25,1.0670738019458783,0.11044766509124303,6.964121173691478,1.2693126884232837,184.476441762187,348.59340648040416,1.190151266039314,1.1016969961110794,0.755393948275851,0.9719684837070337
2020,12447,"Mostert, Raheem",RB,8,11.487499999999999,7.65,-0.9,26.7,8.981987182689586,0.781892246588865,5.65,19.45,1.2698958361171937,0.11350250468140231,6.446798352701124,1.1508229563669667,167.2556542017502,316.05237879890365,1.2660165266641632,1.1850260026089368,1.0548467322629838,0.6040652449885816
2020,14852,"Gibson, Antonio",RB,13,11.246153846153847,7.4,2.3,27.2,8.256616496866702,0.7341724655216629,5.0,18.3,1.0383850636144334,0.11164205728200478,6.485026183812029,1.214931379080098,176.57289637301946,333.658579116192,1.326584662899417,1.4722821585448729,,
2020,14079,"Sanders, Miles",RB,12,10.808333333333335,8.95,0.7,27.2,8.02874609692503,0.7428292456676973,5.325,15.875,0.9656574867326038,0.11197955849742665,6.201601998704437,1.1971023680701787,173.9817046664792,328.7621688472262,1.0954715645052842,0.8688693831108831,0.9624044898148204,
2020,14075,"Harris, Damien",RB,10,10.66,10.25,3.4,18.9,4.670588827974477,0.43814154108578585,9.225,12.5,-0.10613876684571356,0.10010072261551976,7.412344122923939,1.8798753221907876,273.2129864904137,516.2732148647709,1.8798753221907876,1.961616032408342,,
2020,14803,"Edwards-Helaire, Clyde",RB,13,10.653846153846153,9.6,0.7,23.8,6.76422892127464,0.6349095738380529,6.0,15.8,0.5620716320799225,0.10777210263092661,6.5164742590842994,1.372170535138875,199.4253584022491,376.8414240861892,1.279698897893232,1.429600511076162,,
2020,13146,"Conner, James",RB,12,10.441666666666665,11.149999999999999,-6.9,25.8,9.099492507216482,0.8714597772274366,3.7,15.875,1.307399072718971,0.11699446704418688,5.579423503365897,1.0338803320271475,150.2597166165522,283.93623582390995,0.9905077505305593,0.5178469388255956,1.049642219448777,1.4175056120008613
2020,13606,"Jones, Ronald",RB,13,10.307692307692308,8.4,-1.8,28.1,9.03748276206136,0.8767707157223708,4.7,15.0,1.28760791726681,0.11720152419093585,5.492249117775087,1.0269200507772982,149.24813930361188,282.02472247256975,1.0218268912578656,0.964855973442426,1.0533595017630542,0.11405716610247257
2020,14073,"Jacobs, Josh",RB,14,10.235714285714286,8.9,-4.7,28.8,8.993696772331893,0.8786584425167236,6.2749999999999995,14.100000000000001,1.2736330923873522,0.11727512084890002,5.448416835155051,1.0242170158746893,148.85529184739391,281.28238360435415,1.0617220918832087,0.9025122582099844,1.7454268076233566,
2020,12625,"Elliott, Ezekiel",RB,14,9.942857142857141,10.45,-6.5,24.4,9.000136053393406,0.9051860973240496,5.3,17.725,1.2756882663308957,0.11830935246720736,5.218837759115758,0.9942721868752147,144.50323931267752,273.05858655055914,0.8531195172961962,0.9678182141371204,1.7905508814572781,1.3775839293907806
2020,14797,"Swift, D'Andre",RB,12,9.758333333333335,8.05,-0.4,27.3,8.444964804873704,0.8654105692441028,3.7749999999999995,11.4,1.0984986898451687,0.11675862704221456,5.231198693855146,1.0331783691028609,150.1576963470769,283.7434546051986,1.010690282366147,1.1159330177394167,,
2020,14017,"Wilson, Jeffery",RB,11,9.59090909090909,6.8,-3.0,36.8,12.406116859726499,1.2935287721041848,0.15,13.100000000000001,2.3627479766488335,0.13344963817707525,4.181726084085689,0.7154129112301917,103.97503267568548,196.47501048428094,0.7747762810089273,0.6327638540311007,0.7732588452827555,
2020,12630,"Drake, Kenyan",RB,14,9.549999999999999,9.45,0.7,31.8,7.923991598755191,0.8297373401837898,3.125,10.0,0.9322238296129667,0.11536783763058862,5.2193283649339195,1.070148923193981,155.53083752096543,293.89673795896425,1.040119727971077,1.0931378301698298,0.8068288555636746,0.9739303060749104
2020,14800,"Dobbins, J.K.",RB,14,9.178571428571429,9.95,-1.2,20.7,7.255655781273428,0.7904994625511906,2.275,15.0,0.718916420834875,0.11383807354184221,5.1262631575959,1.1117919244394223,161.5830520494438,305.33322306827813,1.1204948793626457,2.5220957442395044,,
2020,12164,"Davis, Mike",RB,15,8.919999999999998,7.3,-2.2,24.3,7.2677552701413015,0.8147707701952134,3.45,12.35,0.7227781181290138,0.11478433712848163,4.915221330703095,1.078890183435189,156.80125465342033,296.29736446510867,1.0922336070846728,1.494837221070451,0.005266526644449366,0.8162823338083315
2020,12151,"Gordon, Melvin",RB,14,8.842857142857143,9.0,-3.5,21.9,7.860726455497817,0.8889351403632426,2.475,13.1,0.9120319987680284,0.11767577766993666,4.681397975981674,0.9979833129111455,145.04259839439436,274.0777791250462,0.938963046581143,1.6542173744867248,0.9033469907706455,2.28096235960321
2020,13850,"Edwards, Gus",RB,15,8.593333333333332,6.8,-0.5,20.4,6.593174922262836,0.7672430087970719,2.35,13.5,0.5074776924227324,0.11293137598501293,4.862564622158358,1.131718078578445,164.47903351019636,310.80557516302,1.3270206873554742,1.8128342245989304,0.953615546507109,1.1749005361572478
2020,13622,"Hines, Nyheim",RB,15,8.433333333333334,7.3,0.3,26.0,6.6968317550581755,0.7940907219436572,3.75,10.0,0.5405610164454212,0.11397808569294296,4.700616992320737,1.095688927822951,159.24271184437956,300.9108309372651,1.308170382672051,3.297974478581076,0.7788291461352491,0.8827278724664286
2020,13726,"Edmonds, Chase",RB,15,8.066666666666665,6.3,-0.9,27.5,7.330181140705567,0.9087001414097813,3.3499999999999996,11.05,0.7427020850068526,0.11844635423113961,4.226261889784616,0.968366297252381,140.73818883938497,265.9440099817653,0.910333956377789,0.9460044546346627,0.5441383268953289,0.3620497397920576
2020,13139,"Williams, Jamaal",RB,13,8.0,5.5,0.9,17.3,5.01934718403162,0.6274183980039525,4.2,12.6,0.005171654164733374,0.10748004474031402,4.915761066614518,1.3290477780086751,193.15808252380813,364.99855121337765,1.4423082796056241,1.3046791293776623,1.106640685946549,0.541778065316319
2020,12688,"Buckner, DeForest",DT,14,13.150000000000002,13.25,1.5,25.3,5.7068567780972295,0.43398150403781205,10.375,15.375,1.188042523037742,-0.9957042123199885,9.170271696651712,1.9606800078010203,193.30429862595534,263.91937101184146,1.6794649082433732,1.6803623125825606,1.4478447948677942,1.5478846579080292
2020,11283,"Richardson, Sheldon",DT,15,11.84,12.0,1.5,26.0,6.669512725829377,0.5633034396815353,6.5,16.1,1.8268505559693509,-0.7240311986210932,7.57370559001134,1.5437747381427844,152.20142593683434,207.80140372398907,1.6561180012067427,1.3460092972268334,1.6086642952031318,1.1842866898741502
2020,10272,"Watt, J.J.",DT,15,11.719999999999999,10.0,5.0,22.9,6.292980216082043,0.5369437044438604,5.1,15.0,1.5769876714640938,-0.7794064037375168,7.625523281115136,1.6070247899693677,158.43727618151834,216.31524271256532,1.719822751236246,1.2727648698913727,1.4271162188104694,1.6392017067214677
2020,11757,"Donald, Aaron",DT,15,11.606666666666667,8.5,0.0,34.6,9.87167440485937,0.8505176109873093,5.0,15.5,3.951770272228448,-0.12066612287218595,6.2721189994372155,1.0676061694304213,105.25575870075082,143.70623844961082,1.108151420830713,1.4974102602021744,1.4102360092292736,1.1608330965091214
2020,13723,"Payne, Da'Ron",DT,15,10.726666666666667,11.5,0.0,23.4,6.873860309575367,0.6408197926888161,5.5,15.9,1.962453393426108,-0.5611887455785377,6.5373825416189355,1.3623135596680596,134.311089067313,183.37563312625213,1.4019502496014886,3.049297455138624,1.7802075049625885,1.6064720076360448
2020,14163,"Simmons, Jeffery",DT,14,10.62857142857143,10.25,2.5,21.5,5.294934044028522,0.4981792783360168,6.375,13.8,0.9146950699937412,-0.8608407591127656,7.094325480443348,1.6884325322921958,166.46330106565324,227.27321650933555,1.5040675886002541,1.5190548166856472,1.711216757461705,
2020,14157,"Williams, Quinnen",DT,13,10.330769230769231,9.0,0.0,28.5,8.004939303607358,0.7748638194109877,5.7,12.0,2.7130251308885165,-0.27959580060226824,5.820598244093812,1.1472336328386743,113.10626510886141,154.42457595208984,1.288536982174279,1.4996271556564948,1.2030510494261395,
2020,14162,"Wilkins, Christian",DT,13,10.192307692307692,8.5,4.0,20.7,5.6473903487787425,0.5540835813896126,6.5,10.7,1.1485812463189915,-0.7433998128904001,6.558403817119058,1.5332795514528827,151.16670089553847,206.3886882075203,1.5478858374905289,2.6913593884310902,1.6049465489246675,
2020,10457,"Guy, Lawrence",DT,13,10.169230769230769,10.8,0.0,16.0,3.9674414571580425,0.39014174692174397,9.0,13.0,0.03378540528144524,-1.087800567638715,7.315247378009454,2.047176772375846,201.83205243740127,275.5623579400093,1.9501017317825389,3.646648389681553,1.6187372489230336,1.5788703326486433
2020,11707,"Tuitt, Stephon",DT,14,10.142857142857142,10.25,0.0,28.0,6.8610405589109025,0.6764406184841735,4.175,13.0,1.9539463461015338,-0.48635830752409626,6.050233471453493,1.2902690256902034,127.20818698486538,173.67800372388882,1.2479632725063399,1.5666656996517234,,1.936199879314321
2020,13208,"Allen, Jonathan",DT,15,9.766666666666667,9.0,1.0,23.0,5.425577286233134,0.5555198586586826,6.75,11.75,1.0013885067975585,-0.7403825538905777,6.278715512567238,1.5199671923006595,149.8542295903083,204.596764262685,1.6357808479780516,1.3396063861130874,1.358809431300123,1.3105294752400338
2020,12782,"Onyemata, David",DT,14,9.478571428571428,9.0,2.5,17.6,4.6715214058053895,0.49285078885663497,5.6,13.725000000000001,0.5010052132321315,-0.8720345816311249,6.349309321014598,1.6712572783149735,164.7699852718572,224.96132359024523,1.7583794674249058,1.5249123531760087,1.3334675261037905,0.8724862226284561
2020,11872,"Harris, Shelby",DT,11,9.363636363636363,11.0,2.0,19.4,5.394150489570367,0.5760743241288742,3.8,12.0,0.9805340258121364,-0.697202767325669,5.941113448956045,1.4644066289821591,144.37648937731396,197.11797686966827,1.3809944660202655,1.456770826783992,1.5109611277626676,1.2608772598177924
2020,13810,"Joseph-Day, Sebastian",DT,15,9.333333333333334,10.0,0.0,20.5,4.62481230850387,0.49551560448255744,7.0,10.75,0.4700095635013129,-0.8664364710828824,6.240879938235502,1.6593146262361036,163.59255398543894,223.35377049013297,1.7005299014239708,2.9702924394312595,1.0155054826234955,
2020,12305,"Jarrett, Grady",DT,15,9.306666666666668,8.5,0.0,17.2,5.038447732740268,0.5413804870422924,5.55,13.6,0.7444935391415965,-0.7700858341555433,6.037877568130464,1.5412349462273596,151.9510267422112,207.45953239253626,1.3730080094186243,1.2094090846060748,1.8235730707843685,1.298635728288412
2020,12741,"Jones, Chris",DT,14,8.978571428571428,9.15,-1.0,24.3,6.516043779058905,0.7257327995769665,4.5,11.375,1.7250102294918697,-0.38280777433254687,5.2027587531351145,1.1945874309017992,117.77489674964288,160.79868317515385,1.141480283125273,1.0171492821305128,1.432422885305939,1.401417149208977
2020,12225,"Williams, Leonard",DT,15,8.74,8.9,1.0,17.9,5.046028141023393,0.5773487575541639,5.0,12.0,0.7495238157586676,-0.6945255017273492,5.540943281023177,1.4455771286768453,142.52008071526097,194.58341240362918,1.5239201149737152,1.4438539222155722,1.4343040230865496,1.1156213101599832
2020,14159,"Lawrence, Dexter",DT,15,8.713333333333333,7.0,2.5,18.7,4.675734048134997,0.5366182916757839,5.5,12.9,0.5038006769347767,-0.7800900145028474,5.670460504430717,1.535190560275894,151.35510809035375,206.64592153705925,1.3073965410832937,1.3570885887523643,1.2049849224336664,
2020,9815,"Suh, Ndamukong",DT,15,8.706666666666667,8.0,0.0,18.3,5.184523979006066,0.595466000651539,5.25,12.1,0.8414281498453698,-0.6564657092592004,5.457130808874106,1.407815168349617,138.7971125477104,189.5004244718485,1.4444378380886704,1.6117078382071168,1.5066334398851053,1.4600222594669567
2020,13260,"Tomlinson, Dalvin",DT,15,8.693333333333332,9.0,1.5,18.5,5.215932855736886,0.5999922763501021,3.5,13.55,0.8622707393585543,-0.6469571370766095,5.433359561687722,1.3985565055307785,137.88429693512248,188.254152536685,1.3622030935593665,1.1308268526110468,1.243474141708636,1.4202626315519313
2020,10762,"Cox, Fletcher",DT,15,8.633333333333333,9.8,0.0,14.8,4.467611840296285,0.5174839969455156,6.0,12.0,0.36569303992070257,-0.8202863778537325,5.689241765126376,1.5789952881632323,155.67383535185093,212.54230247906585,2.130566506098218,1.6852814228466115,1.4402479213962374,1.593171401050287
2020,9904,"Joseph, Linval",DT,15,8.566666666666666,9.0,0.0,14.5,3.5301872786329938,0.41208411812836504,6.5,10.5,-0.2563717192164051,-1.0417051385552427,6.066682966466107,1.8910182161942983,186.43631215494142,254.5424731237339,1.8905576164772764,2.9087524413681067,1.5483597930448536,1.0834779372704486
2020,10266,"Heyward, Cameron",DT,15,8.52,8.0,3.0,17.0,3.7755705970532896,0.4431420888560199,5.5,10.8,-0.09353801385824205,-0.9764601167810608,5.903784572421286,1.784080001928391,175.89322688720955,240.14794360647676,1.7720263871402373,2.2658254560730606,2.462579472878856,1.408140628964176
2020,11793,"Jones, DaQuan",DT,15,8.146666666666667,6.0,2.5,19.4,4.849311520434856,0.595251004963362,4.0,10.55,0.6189848025845841,-0.6569173613803087,5.106824343830312,1.392756504454565,137.31247229489233,187.4734373614336,1.36036308498067,1.8546114458009701,1.120842024479641,0.7613192246810265
2020,13298,"Stewart, Grover",DT,15,8.066666666666666,8.0,2.5,16.0,3.7366057086910067,0.46321558372202565,5.25,10.0,-0.11939469063539049,-0.9342907290544414,5.5129720845012065,1.7030479551771567,167.90424199362633,229.24054070273976,1.557238661319933,2.048028707814541,1.0084960380738173,0.5991179436978524
2020,12979,"Williams, DeShawn",DT,13,7.815384615384615,7.0,1.0,14.7,4.8892104370976766,0.6255879496286397,4.0,13.0,0.6454612903988683,-0.593187034869126,4.807727946783817,1.327068322461949,130.83624573187566,178.63141132688145,1.1966815138244267,1.0897366597192333,,
2020,10823,"Hicks, Akiem",DT,14,7.6571428571428575,8.0,1.0,12.3,3.8091458145803103,0.4974630727996674,6.0,10.75,-0.07125786411812451,-0.8623453276573002,5.1134101376049355,1.5922043440496283,156.97612194296812,214.32032118039777,1.3481128863167107,0.9504540659273554,,1.4601675511998233
2020,13798,"Fatukasi, Foley",DT,14,7.657142857142857,8.0,1.5,20.5,5.327115848684551,0.6957054279998481,2.625,10.65,0.9360505660844666,-0.44588776528076635,4.515609097374159,1.2102106299720792,119.31519477204237,162.90166012978986,1.489031309348754,3.5418208775386155,1.129316857864993,
2020,9051,"Campbell, Calais",DT,11,7.590909090909091,7.0,1.0,21.1,5.723389737091527,0.7539794863234348,3.0,11.0,1.1990136150863262,-0.32346855645567496,4.327820906743104,1.1290300559302164,111.31156650798182,151.97426455567077,1.05144163951628,0.914536321570197,1.5557154433179907,1.9472835491788736
2020,12698,"Reed, Jarran",DT,15,7.580000000000001,6.5,1.5,16.5,4.156954013056515,0.5484108196644478,4.5,9.85,0.15954387935990108,-0.7553168652156685,4.8953416649740555,1.4698599174646028,144.91413147143925,197.85202243575063,1.2818541080676957,1.5937653579431779,1.0050636330707614,1.6596790616172992
2020,13265,"Ogunjobi, Larry",DT,14,7.507142857142857,7.25,0.5,15.5,3.7931261674836207,0.5052689471433939,5.325,9.5,-0.08188832796577761,-0.8459471397013346,4.987243556302312,1.5662310139196876,154.41539997723567,210.82415407321906,2.1829291226311835,3.738011335977012,1.5591683707296238,1.4815180784579995
2020,13740,"Hall, P.J.",DT,10,7.49,5.5,0.0,18.5,5.808691763211403,0.7755262701216826,3.25,11.75,1.2556191132802461,-0.2782041574900179,4.218467575524347,1.1000644852906736,108.45583824304323,148.0753238035993,1.1000644852906736,0.7560571027619669,1.012362580576921,1.0103287300659596
2020,13933,"Ford, Poona",DT,15,7.453333333333333,7.0,0.0,16.6,3.9176296688459753,0.5256211541385477,5.25,8.25,0.0007308434897685444,-0.8031922475612281,4.885441784229786,1.5156353437005379,149.42715074415864,204.0136712779481,1.5562050637176308,2.3178343186827512,1.376856278668044,0.7042546076944737
2020,12739,"Clark, Kenny",DT,12,7.45,6.75,0.0,19.1,5.332057138978665,0.7157123676481429,3.375,10.5,0.9393295526635898,-0.40385819340582685,4.34221967532488,1.1765528700206351,115.99686151274035,158.37112235681832,1.1503801124211772,1.4081318824690792,1.5481286361860738,1.8043415284680726
2020,11265,"Gholston, William",DT,15,7.420000000000001,7.9,1.0,15.0,3.8583588912040483,0.5199944597310038,5.0,9.55,-0.03860060090110036,-0.8150125239841813,4.8815967403678115,1.5272646929056122,150.57369336336168,205.57905191898524,1.5478553848811578,1.7329107363918885,1.2177954401576288,0.5509142179873506
2020,13839,"Sieler, Zach",DT,15,7.266666666666667,7.9,1.0,12.0,3.190541577155132,0.439065354654376,5.35,9.25,-0.4817569183271461,-0.9850243148120985,5.049573768949445,1.7340638513840612,170.96211275207574,233.4154676595742,2.5964813959995827,2.1912538143599027,,
2020,14930,"Hamilton, Davon",DT,11,7.045454545454546,4.5,1.5,20.0,6.035706426435575,0.8566809121392429,3.25,8.5,1.4062635785250768,-0.10771857000773921,3.794650173538364,1.001385521002176,98.72703603920114,134.7925392168738,0.9939886035918163,1.1038603124105841,,
2020,10806,"Wolfe, Derek",DT,13,7.038461538461538,7.0,0.0,13.0,3.9732835600446026,0.5645102325746431,4.0,10.0,0.037662161314521665,-0.7214960288484707,4.498827423377516,1.4152544196370764,139.5305515824856,190.50179262614887,1.3807197408962422,1.3180056285083677,1.2120169973334374,1.2522402022393846
2020,12226,"Shelton, Danny",DT,11,6.990909090909091,6.5,1.0,17.5,4.422145621847662,0.6325565909014861,4.0,9.0,0.33552215109959593,-0.5785476640109884,4.282184844231807,1.2893252189207811,127.11513666310164,173.55096163239426,1.2493064150613893,1.6032166328697666,1.4768935689142955,0.8486696751946587
2020,14899,"Kinlaw, Javon",DT,14,6.957142857142857,5.75,1.5,20.1,4.866608423843078,0.6995125044538305,4.0,10.25,0.6304628398501771,-0.4378900506742908,4.093610867181388,1.1858883965849207,116.91725515557509,159.62774061635466,1.1683889441966626,1.636796725034825,,
2020,12218,"Armstead, Arik",DT,15,6.8933333333333335,5.0,0.0,21.4,6.020904324840985,0.8734387318434698,3.0,10.0,1.3964410646506549,-0.07251458578488935,3.679508283972688,0.9818298347897597,96.79903239128306,132.16022574177785,0.9354917137810012,1.145845985777382,2.011054337170186,1.436957973021671
2020,14897,"Brown, Derrick",DT,15,6.806666666666667,6.5,-2.0,17.5,5.320083541532867,0.7815989532124682,3.25,9.5,0.9313840034261031,-0.26544697048767424,3.8205380927022374,1.0769899831127523,106.18091299165116,144.96935644687682,1.3478959652730196,1.2109581199645918,,
2020,15127,"Costin, Doug",DT,11,6.681818181818182,6.0,1.5,14.0,3.85694607919935,0.5772300254584062,3.5,9.5,-0.039538127604955134,-0.6947749281383964,4.236425932784393,1.3757241840575787,135.63324838522206,185.18078416552214,1.3184445065391532,1.6179382936749098,,
2020,13777,"Nichols, Bilal",DT,15,6.6466666666666665,6.0,1.0,19.0,4.371096989188056,0.6576374607604898,4.0,8.3,0.30164683283043076,-0.5258590349174906,4.009722767496648,1.2374877385469514,122.00445682430524,166.57332369011547,1.324808764877653,1.2388900217002012,1.0496694736195855,0.9754542421096645
2020,12764,"Hargrave, Javon",DT,14,6.614285714285714,7.5,-1.0,21.6,5.713499945974714,0.8638120868644277,2.925,8.575,1.192450857099613,-0.09273775705314773,3.5487943022266877,0.9852216828051831,97.13343616908391,132.6167889704723,1.2464904237517485,1.3743228840431805,1.2516639605175448,1.3460273760410066
2020,11993,"Kerr, Zach",DT,12,6.55,5.0,0.0,26.5,6.928383649885448,1.0577684961657172,2.25,8.2,1.998634489958464,0.3147161058882802,3.1830597135706715,0.8261456923940148,81.45006477124551,111.2041998863988,0.9383737571432913,1.1951236939797951,0.9504206423386582,1.0812439018963116
2020,10763,"Brockers, Michael",DT,15,6.433333333333334,6.0,1.0,15.2,3.7038118502729342,0.575722049265223,4.5,8.6,-0.14115633895599636,-0.6979428086294286,4.082784356754588,1.3676850899042752,134.84067058022103,184.0986735385951,1.208162872999866,1.1730826118564075,1.6013643333138243,1.3405710869124492
2020,14158,"Oliver, Ed",DT,15,6.36,4.5,0.0,15.5,5.123904761019666,0.8056454026760481,2.5,9.95,0.8012018950853265,-0.2149313996990768,3.522286264276581,1.0385530553125426,102.39139948603375,139.79551381661707,1.1432296188675086,1.4272740323570257,1.1995084399446585,
