season,player_id,player_name,position,games_played,mean_score,median_score,min_score,max_score,std_dev,coefficient_variation,floor_score,ceiling_score,std_dev_vs_position,cv_vs_position,value_score,consistency_score_std,consistency_index_vs_avg,consistency_index_vs_replacement,consistency_score_trailing_10,consistency_score_trailing_5,consistency_score_last_season,consistency_score_2seasons_ago
2021,15265,"Hill, Kylin",RB,8,-0.275,0.0,-2.1,0.8,1.0638961415476607,-3.868713241991493,-0.5,0.525,-1.2254368377126637,-1.400391485415086,,-0.13324313877237295,-19.401522798366454,-37.43750856486977,,-0.34259038757404353,,
2021,14012,"Ford, Mike",CB,12,-0.16666666666666666,0.0,-3.0,1.0,1.0671873729054748,-6.403124237432849,-0.25,0.25,-1.460000604221942,-2.313794377732502,,-0.08062484748656973,-9.517301988925253,-14.509769467360693,0.125,0.2684747639175602,0.2752377572397932,0.45094109731534915
2021,14565,"Spencer, Diontae",WR,16,-0.25625,0.0,-1.1,0.0,0.44436576994633603,-1.7341103217417992,-0.25,0.0,-1.6474765600368275,-0.5616912967302203,,-0.1774135093284028,-26.464098733712643,-52.068701055739716,-0.07692307692307693,-0.14285714285714288,0.4595370364871406,-0.015190973361783754
2021,12850,"Fejedelem, Clayton",S,17,-0.08823529411764708,0.0,-6.9,1.5,1.855637627194547,-21.030559774871527,0.0,1.0,-1.0560913312808988,-5.6849016559988605,,-0.030898631281985084,-3.577754919263216,-6.581628497848026,-0.08938498919180816,-0.1639363345383726,0.5378492668009685,0.4610163001637704
2021,15123,"Thompson, Colin",TE,12,-0.08333333333333333,0.0,-1.0,1.0,0.4930066485916347,-5.916079783099616,0.0,0.0,-1.225454397031772,-0.44935203707036825,,-0.05581578180642554,-12.332001896927363,-33.43575314341724,-0.06499767877275348,0.14285714285714288,0.12287203382938733,
2021,14503,"Kennedy, Tom",WR,13,-0.12307692307692306,0.0,-3.0,2.7,1.522727232583719,-12.372158764742718,0.0,0.0,-1.2799740333394045,-2.4227428865843272,,-0.04878724956358857,-7.277408548450308,-14.31846268344784,-0.13023256604005523,-0.1484348814451599,,
2021,14552,"Blasingame, Khari",RB,11,-0.4090909090909091,0.0,-5.8,1.0,1.7655565928750707,-4.315805004805728,0.0,0.0,-1.002681057755289,-1.5268113416615985,,-0.14792353558949176,-21.539134206808093,-41.562279916252315,-0.19700644637963613,-0.39800696775550803,0.27074504269198935,
2021,13621,"Ballage, Kalen",RB,17,-0.04117647058823531,0.0,-3.0,2.9,1.2523196470030709,-30.41347714150314,-0.1,0.0,-1.1656181250566795,-8.906200170305095,,-0.018281805889774388,-2.662012295970556,-5.1366642281593125,0.04483361229669776,0.0,0.7269406718632844,0.05982422403897854
2021,14294,"Sweeney, Tommy",TE,13,-0.09230769230769229,0.0,-6.0,4.2,2.2909391888183994,-24.818507878866,-0.6,0.0,-0.5195256742635308,-1.9287234190400246,,-0.0280490422373423,-6.197187083709014,-16.80243153109603,-0.01663613478468058,-0.2684747639175602,,
2021,13396,"Daniels, Darrell",TE,15,-0.15333333333333332,0.0,-2.0,1.0,0.8180192880094915,-5.334908400061901,-0.9,0.5,-1.0978435149244572,-0.4038674936175467,,-0.08434087269844895,-18.634367708275043,-50.52335572805822,-0.10854139495335458,0.16064915440886857,0.31543112307862314,0.2380612494362807
2021,12608,"Winchester, James",TE,17,0.0,0.0,0.0,0.0,0.0,,0.0,0.0,-1.4190253714536758,,,0.0,0.0,0.0,0.0,0.0,0.017799588836116213,-0.09251264342068141
2021,10737,"Benjamin, Travis",WR,10,-0.6,0.0,-5.0,0.0,1.4966629547095764,-2.494438257849294,0.0,0.0,-1.2888566652834879,-0.694705309768892,,-0.24032078453689187,-35.847737829113626,-70.53121904245526,-0.24032078453689185,-0.14285714285714288,,
2021,12660,"Cooper, Pharoh",WR,9,-0.25555555555555554,-0.2,-2.0,2.7,1.373649729824497,-5.375151116704553,-1.5,0.5,-1.330779223283566,-1.1986657189182797,,-0.10766354965711424,-16.059762410052855,-31.597938640169833,-0.14210923438308287,-0.5477771266148935,0.14070068065161068,0.8425183904224531
2021,10354,"Stocker, Luke",TE,12,-0.3833333333333333,0.0,-3.0,1.0,1.0683580340358232,-2.7870209583543217,-0.275,0.0,-0.9995521122784589,-0.20446074297971267,,-0.1853321944389702,-40.94750444075982,-111.02095683762047,-0.16345430534864946,0.14285714285714288,0.24476178942293117,0.04871686754016012
2021,14117,"Johnson, Tyron",WR,10,-0.43,0.0,-2.0,1.0,0.9818859404228171,-2.2834556754019,-1.0,0.0,-1.464291211111425,-0.6577953941392464,,-0.21696505900246887,-32.36385303995507,-63.67659847046318,-0.21696505900246887,-0.4040820577345752,0.9722394428777633,
2021,14995,"Metellus, Josh",S,16,-0.03125,0.0,-3.0,1.5,1.2179484543690673,-38.97435053981015,0.0,1.0,-1.350961938960288,-10.381957478298004,,-0.01408959705012152,-1.6314355382433703,-3.001184506264566,0.020950810969441996,0.0,0.3971315717218004,
2021,11227,"Stills, Kenny",WR,14,-0.049999999999999996,0.0,-5.0,7.0,2.4809992226635504,-49.619984453271016,-0.30000000000000004,0.0,-0.9533976581447654,-8.938987439113317,,-0.014363691802763914,-2.1425773014011846,-4.21556834857761,0.061957649698410604,-0.3098912264170753,0.5475698194542797,1.1064774940668443
2021,13994,"Brown, Pharaoh",TE,15,-0.2933333333333333,-1.0,-3.4,11.9,3.4676537056376056,-11.821546723764566,-1.7,0.15,-0.057508019354041866,-0.911534924100862,,-0.06565713295172906,-14.506361138424898,-39.331092720192174,-0.5263325193641654,-0.2862630568094621,0.4774042730191714,0.24083811499424324
2021,15244,"Franks, Feleipe",TE,10,-1.4300000000000002,0.0,-11.0,0.1,3.2514765876444507,-2.273759851499616,-0.85,0.0,-0.14238641906161917,-0.16429109974065256,,-0.33635372805670277,-74.31437271306551,-201.48853704450542,-0.33635372805670277,-0.5419494698875188,,
2021,13491,"Hardee, Justin",CB,16,-0.1875,0.0,-4.0,1.0,1.5090870584562046,-8.048464311766425,-0.25,1.0,-1.2693947141216237,-2.8060586668070715,,-0.07472837555320433,-8.821257211061846,-13.448602208245614,-0.03879015998697652,0.09232798831614451,0.3592455179659185,0.32186129511072475
2021,14060,"Jackson, Tyree",TE,9,-0.2222222222222222,0.0,-1.0,0.0,0.41573970964154905,-1.8708286933869709,0.0,0.0,-1.2557919933012995,-0.13275627145320923,,-0.15696545114107638,-34.68012412577144,-94.02821041904616,,-0.14285714285714285,,
2021,15425,"Harris, Jacob",WR,9,-0.2222222222222222,0.0,-2.0,0.0,0.6285393610547089,-2.82842712474619,0.0,0.0,-1.5847107227657817,-0.7531343078189044,,-0.13645492859214775,-20.354462952873806,-40.04785718597687,,-0.2222222222222222,,
2021,15473,"McDuffie, Isaiah",LB,13,-0.38461538461538464,0.0,-2.0,0.0,0.737820234355803,-1.9183326093250876,0.0,0.0,-1.3639191751292217,-1.992444429433513,,-0.22132058138795851,-26.28120939333853,-56.9107272386189,-0.18289198792714328,-0.3333333333333333,,
2021,15313,"McMath, Racey",WR,9,-0.6555555555555556,0.0,-5.2,0.5,1.65872180449024,-2.530253600069858,-0.5,0.0,-1.233627469108013,-0.7009709514359594,,-0.24656793894284326,-36.77960210275143,-72.36468266337049,,-0.3859272121000391,,
2021,13916,"Howell, Buddy",RB,10,-0.030000000000000006,0.0,-1.0,1.0,0.4561797891182818,-15.20599297060939,0.0,0.0,-1.418368233264683,-4.606125504079806,,-0.020601851656082273,-2.999833974767641,-5.788530688581142,-0.020601851656082273,0.0,0.326404931325821,0.23396806028735548
2021,15353,"Surratt, Chazz",LB,9,0.0,0.0,0.0,0.0,0.0,,0.0,0.0,-1.7376936808341397,,,0.0,0.0,0.0,,0.0,,
2021,13065,"Tomlinson, Eric",TE,17,-0.005882352941176476,0.0,-2.0,1.0,0.6949147964998758,-118.13551540497878,0.0,0.0,-1.1461784743926562,-9.232044965127416,,-0.00347058917257904,-0.7667958931065839,-2.0790134811515024,0.11725477482316639,0.14285714285714285,-0.07020008006406407,0.05807746577641846
2021,14372,"Holtz, J.P.",TE,12,-0.08333333333333333,0.0,-2.0,1.0,0.8374896350934076,-10.049875621120892,0.0,0.125,-1.0901988024887672,-0.7728776302212096,,-0.04535172974137464,-10.020062410649327,-27.167392289128717,-0.05217803813052,-0.30464028516734193,0.0874865015678996,0.27976158675875284
2021,14098,"Crockett, Damarea",RB,13,-0.007692307692307693,0.0,-0.1,0.0,0.02664693550105965,-3.464101615137754,0.0,0.0,-1.5547318057644737,-1.285983330407833,,-0.007492651491287438,-1.0910043854248268,-2.1052206287174227,0.0,0.0,,
2021,15301,"Atwell, Tutu",WR,8,0.0,0.0,0.0,0.0,0.0,,0.0,0.0,-1.798915153580149,,,0.0,0.0,0.0,,0.0,,
2021,15335,"Farrell, Luke",TE,15,-0.24666666666666665,0.0,-6.7,2.6,1.910974155299391,-7.747192521484019,-0.2,0.0,-0.6687127126019298,-0.5926614451845932,,-0.08473681094612714,-18.721846752076083,-50.76053763398076,-0.012820512820512832,-0.0381319248253543,,
2021,13546,"Griffin, Garrett",TE,13,-0.06923076923076926,0.0,-6.9,5.5,2.4814340194531486,-35.842935836545465,0.0,0.0,-0.44473100345403527,-2.7915344367859407,,-0.019885704811273084,-4.39357008927762,-11.912285300571538,-0.023505201525663086,-0.30364596657729725,,
2021,15573,"Kamara, Azur",DE,9,-0.05555555555555555,0.0,-2.0,1.0,0.7617394000445604,-13.711309200802088,0.0,0.0,-1.7969327148739183,-11.68778717569291,,-0.03153449117057288,-3.226761903498544,-4.287442773052072,,0.0,,
2021,13849,"Nall, Ryan",RB,10,-0.13999999999999999,0.0,-2.0,1.0,0.9991996797437437,-7.13714056959817,0.0,0.3,-1.2459759899227534,-2.324573381112164,,-0.07002802242242512,-10.196774753814978,-19.67587009263714,-0.0700280224224251,-0.2727272727272727,0.2320083843457713,0.3619515589734873
2021,14367,"Helm, Daniel",TE,10,-0.27,0.0,-2.7,1.0,0.9252567211320327,-3.4268767449334545,0.0,0.0,-1.0557384956851967,-0.254538136976776,,-0.14024103748680464,-30.98501327657191,-84.00965745221748,-0.14024103748680464,-0.25961538461538464,,
2021,7836,"Rodgers, Aaron",QB,16,41.20625,46.45,-14.1,78.6,19.0869873457678,0.46320612396827665,35.0,50.075,-0.10485183964402597,-0.6253709103029789,28.161616688868765,2.051390250349408,189.5161570349141,352.13434291683245,2.8804342457289303,5.749857214576808,1.9886008163214075,1.1601524615415533
2021,5848,"Brady, Tom",QB,17,42.25294117647059,39.6,-11.8,85.8,21.94876702009528,0.5194612826696641,37.6,58.5,0.45464482185944766,-0.5879515449688769,27.807843252335456,1.8411856784929428,170.0965645694525,316.0513749022469,1.5552731454736846,1.42276348485836,1.4043266252601332,1.4364025513201184
2021,14056,"Murray, Kyler",QB,14,37.25714285714286,40.95,14.2,58.4,13.626639575568475,0.36574569412952196,27.150000000000002,45.025,-1.1723855758993846,-0.6901988747766624,27.279707354954724,2.5472113854076994,235.3222224956091,437.2452327479073,2.5355314322127773,2.551891097311295,1.6042684865295924,1.0899504051742124
2021,14779,"Herbert, Justin",QB,17,40.14705882352941,40.6,7.0,79.5,21.60133758513875,0.5380552951609652,27.0,55.5,0.3867200928140867,-0.5755833255468652,26.102480807965893,1.7763134005806651,164.10338759791247,304.91563076372074,2.2454715597759036,4.734982133596524,1.612922739630082,
2021,13116,"Mahomes, Patrick",QB,17,37.57647058823529,44.3,-6.5,79.7,24.512746490029002,0.652342971713358,12.2,56.9,0.9559195937995629,-0.49956234505687175,22.741326244920725,1.4728508591938967,136.0682272290489,252.82433190291127,1.4999595878123615,5.305291454558001,2.3230642017436325,1.7949674902214723
2021,9431,"Stafford, Matthew",QB,17,35.7235294117647,37.2,-6.5,63.3,20.70713231521263,0.57964967785051,24.3,51.9,0.21189710846255735,-0.5479159002362664,22.614842969724197,1.6457046878886534,152.03719916767534,282.49580439709877,1.211937104048811,1.19279639931278,1.3544794292607116,3.0541725644670503
2021,14777,"Burrow, Joe",QB,17,37.23529411764706,28.3,-6.7,99.8,29.26501507374353,0.7859482721226541,20.2,63.2,1.8850192135251653,-0.4106918190109718,20.84903280731181,1.2303081305897186,113.66109829100466,211.19031109592896,1.135303031810645,2.3087326097370635,1.2079703141817126,
2021,12620,"Prescott, Dak",QB,16,34.15,35.4,-20.2,65.0,23.587072730629377,0.6906902702966142,19.0,55.825,0.7749443137416493,-0.47405478968973414,20.19885049318272,1.3889412690213256,128.316302374589,238.42071055645792,1.0745159043123405,1.4698397536438006,,2.047359386673725
2021,10700,"Cousins, Kirk",QB,15,32.32,33.1,-14.3,60.5,20.46232961647655,0.6331166341731606,19.7,49.65,0.16403657821329387,-0.5123511694964633,19.790380750339654,1.505894307726411,139.12092155671104,258.49645257069807,1.3737562423316723,0.906522317000069,1.582690512905093,1.3017381200568106
2021,11760,"Garoppolo, Jimmy",QB,14,29.23571428571429,29.950000000000003,-6.2,61.2,14.853023123875065,0.5080437911904493,22.5,35.425,-0.9326195634576449,-0.5955461424195316,19.386515468914617,1.8441728153215486,170.3725289756392,316.56413616947265,1.8323370606360336,4.993497049705065,,1.3326978647975194
2021,13589,"Allen, Josh",QB,17,33.064705882352946,38.4,1.2,74.9,24.356565516037442,0.736633363765587,9.6,51.7,0.925385190916443,-0.4434947230437594,19.039543159909062,1.3039899217202853,120.46813556542662,223.83826489227664,1.0145166114763096,0.9906441940948265,1.756706442151615,0.8204811584544919
2021,14783,"Hurts, Jalen",QB,16,29.75,30.85,-12.3,65.1,17.16566340110396,0.5769970891127382,25.55,35.574999999999996,-0.48048324913005597,-0.5496803284122971,18.864968239566103,1.6377051221917962,151.29816526198215,281.1226274456128,1.8294251274848061,1.213247371266603,0.6568743451668059,
2021,11644,"Carr, Derek",QB,17,27.988235294117644,16.7,1.7,60.3,19.495335259641294,0.6965546435769273,11.4,46.4,-0.02501714915625494,-0.4701539718572503,16.49710217120311,1.3655905082573159,126.15905977139195,234.41240214374014,1.5290581902410982,4.049393517568306,1.6977657791698495,1.5468933713094435
2021,10703,"Wilson, Russell",QB,14,29.02142857142857,32.65,-17.5,56.2,22.58976312313132,0.7783821898199323,12.799999999999999,50.400000000000006,0.5799637564031006,-0.4157245663068468,16.319005407025074,1.2302551924724985,113.6562076425605,211.18122392730302,0.9509139944532492,1.4802302047910627,1.7600826567673205,1.4155866681118663
2021,13164,"Kupp, Cooper",WR,17,22.076470588235296,21.0,3.3,36.6,7.942331070748074,0.3597645302497129,17.7,26.8,0.9078087395648256,-0.1953826506346894,16.235509970377798,2.468760149179813,368.255566247853,724.5509920443685,4.042911365825744,4.426036562498899,1.3774809781794581,0.9715674016956821
2021,11640,"Bridgewater, Teddy",QB,14,24.55,26.75,1.9,49.1,14.388475050738153,0.5860885967714115,12.95,34.1,-1.0234417530062003,-0.5436329106399375,15.47832829135343,1.5953497613671856,147.3851968680161,273.8520570846397,1.8486642002330076,1.5170455270367489,1.305063608341928,0.7047817859933224
2021,13593,"Jackson, Lamar",QB,12,28.666666666666668,32.8,-18.4,95.8,27.776738869460935,0.9689560070742186,11.025,42.15,1.5940514723111756,-0.288960168950758,14.559323094914683,0.996174959112164,92.03088001085786,170.9998449087957,0.8707826726227538,0.48626290075559686,1.7588143601390476,1.7833085489206364
2021,14802,"Taylor, Jonathan",RB,17,21.882352941176475,19.3,4.6,50.8,12.259845277505491,0.5602617465526701,15.2,27.0,2.3289353339342784,-0.14805264149012737,14.02479615328939,1.6502721172997799,240.29599124047976,463.67923403037076,1.8719605350704411,2.6600137808652162,1.5709409324255437,
2021,12610,"Wentz, Carson",QB,17,24.01764705882353,23.5,-3.8,63.5,17.431284765653817,0.7257698775804919,11.9,32.6,-0.4285525334209344,-0.45072081159716376,13.917062391015874,1.3030913126349035,120.38511823583309,223.68401285770346,1.057736066790079,1.2677603258399268,0.5193876045487643,1.6070422121624355
2021,12626,"Henry, Derrick",RB,8,21.5875,23.6,1.6,44.9,13.482714628367686,0.6245611871855327,11.4,28.8,2.7171590331921522,-0.12987130441880432,13.288203713274237,1.4905700038938816,217.0417792582393,418.80751085162507,1.4014954945278306,1.6500654474068586,1.2591343705047302,1.245703490980704
2021,14136,"Samuel, Deebo",WR,16,18.837500000000002,16.4,3.9,33.1,9.02710328676924,0.4792091990322091,12.725000000000001,28.45,1.277496032825412,-0.17448664777022468,12.734845086364166,1.878658218755568,280.23230461001145,551.3632730032012,2.1583017902511954,2.6329772566649847,,1.1735570871399326
2021,11675,"Adams, Davante",WR,16,19.081249999999997,20.0,0.4,39.2,9.994387096640795,0.5237805225884465,10.0,26.2,1.6071436106347108,-0.1666892088874555,12.522308637720784,1.7355446767769391,258.8846016115711,509.3611940041342,1.8492253363341522,3.082515682612496,1.5548013993211565,1.4697616022539315
2021,15241,"Jones, Mac",QB,17,23.147058823529417,24.2,-16.0,52.6,20.57305827152586,0.8887979431154753,6.7,40.1,0.18568475518115146,-0.3422790813667414,12.254915306265916,1.0729614008451027,99.12473811373869,184.18073196816653,0.963810522787866,0.6702837803115632,,
2021,10266,"Heyward, Cameron",DT,17,16.405882352941177,15.8,5.6,28.7,5.688530316578242,0.34673723693736147,12.5,19.7,1.1539548081409678,-1.0838730219188257,12.181947526935602,2.452838153738712,221.42018188018122,308.21970429599025,2.9449698722604234,3.767273519779814,1.8996534154868927,2.533599348181551
2021,13214,"Watt, T.J.",DE,15,18.220000000000002,20.0,2.0,37.0,10.401551166372574,0.5708864526000315,11.85,25.4,3.1003712538844512,-0.19794434593589974,11.598546775830561,1.5980281747748128,163.5179843933091,217.26858733859808,1.4841909317057682,1.253173402502141,2.3937772179449244,2.394265040207002
2021,11757,"Donald, Aaron",DT,17,16.211764705882356,16.9,5.5,29.7,6.886720584953691,0.42479771387595333,9.9,20.0,1.9731389009482874,-0.9077791129714209,11.378292194041094,2.0555774141169914,185.55905297250246,258.30055756876743,2.600388204056029,3.6892434473835034,1.0730011321724142,1.3509145418267892
2021,12611,"Goff, Jared",QB,13,19.176923076923075,23.1,-4.1,43.4,13.60741618191819,0.7095724443037966,10.6,25.4,-1.1761438752075346,-0.46149489325023807,11.217379609047601,1.3128210244780494,121.28399040179762,225.35418053353825,1.1159178881284557,1.1663519013995851,1.1984933677498018,0.9383892804769572
2021,13404,"Ekeler, Austin",RB,16,16.0125,15.55,4.3,33.5,7.950226018799717,0.49650123458546247,10.15,19.424999999999997,0.9607627406575721,-0.16608159086365354,10.699957761435147,1.7890609652053655,260.5050243029578,502.67492814299777,1.790296527738574,2.235724756448306,1.4330933901943967,1.213949653400394
2021,12476,"Heinicke, Taylor",QB,16,20.281249999999996,21.549999999999997,-15.7,62.6,19.729046440147584,0.9727727058316222,7.4,34.400000000000006,0.020674916666399288,-0.2864214072003627,10.280581204336176,0.9783976343803107,90.38853513524546,167.9482526716755,0.7998792455399911,0.30195030731956096,,
2021,14162,"Wilkins, Christian",DT,17,14.323529411764707,13.6,2.5,23.0,6.106845668087645,0.4263506215913345,9.5,19.5,1.4399505224929294,-0.9042759625864805,10.042081655760343,2.0154552498702247,181.93718461098646,253.25887082681749,1.9791723333478812,3.506107065624488,1.4513102457211535,1.6139184965098563
2021,15281,"Chase, Ja'Marr",WR,17,19.276470588235295,17.4,-6.2,61.7,18.68691046795511,0.9694155567752116,7.9,20.6,4.569530911198533,-0.08872850083920238,9.787914247919948,0.979151635784198,146.05632718027098,287.3690622821351,0.7510581468743098,1.2029915306043664,,
2021,14059,"Jones, Daniel",QB,11,21.563636363636366,25.4,-32.0,67.8,26.290104350817238,1.2191869639923676,10.55,35.5,1.3034046913871906,-0.12251350324094809,9.716908360367663,0.7901632066493222,72.99863803538011,135.63660133566682,0.7174005829289932,0.9086283357923565,1.1224158954507764,0.6307137823132829
2021,13733,"Leonard, Shaquille",LB,16,14.993750000000002,12.85,3.0,29.1,8.339024879294941,0.5561667280897,10.625,22.65,2.4867972685647826,-0.4709040763135754,9.635053705592233,1.605494170300569,190.6480102521059,412.8393312369078,1.4002609943059654,2.036805302744727,1.771460749768836,1.3234987124672806
2021,14836,"Jefferson, Justin",WR,17,15.7,16.0,0.7,39.4,10.917551977273595,0.6953854762594647,6.9,23.3,1.9217555825435795,-0.13666813184804716,9.260430869467497,1.3173846466069052,196.50925958264028,386.636325493251,1.3862872566570612,1.5730083199032165,1.3409799913240774,
2021,13671,"Andrews, Mark",TE,17,15.441176470588239,14.1,0.8,39.9,10.322337789447039,0.6684942568403794,10.4,17.3,2.6338712576754926,0.06598019156163883,9.254557759059434,1.3637798798919563,301.31506755823784,816.9554547165237,1.5850417375287993,3.244164191962704,0.9732383331704748,1.1167701639594418
2021,13610,"Chubb, Nick",RB,14,15.799999999999999,12.3,1.3,36.1,11.383509376035395,0.7204752769642655,6.3999999999999995,24.625,2.050725429318276,-0.10275059576266979,9.183508889403337,1.275890340954254,185.78229067786057,358.4886697161286,1.1593489913104824,1.0022151295329687,1.8072853911209648,1.1561210550680072
2021,15263,"Mitchell, Elijah",RB,12,14.166666666666666,14.3,0.0,25.4,8.170203315843628,0.5767202340595502,8.35,21.5,1.030598819181351,-0.14339883259067934,8.984895583024281,1.544858513899087,224.94672486564292,434.0610284212314,1.6369287116028046,1.5653462161412346,,
2021,10697,"Tannehill, Ryan",QB,17,17.429411764705886,21.8,-12.9,40.9,16.662489211183388,0.9559983685120402,7.6,28.5,-0.5788570973828684,-0.29757922936082915,8.910749643398079,0.9868038166256926,91.1651340072585,169.39122797143258,0.6770730660015762,0.9238854944002246,1.6199884805184444,1.504318627977854
2021,14123,"Renfrow, Hunter",WR,17,12.7,12.0,4.2,23.2,5.472605573646422,0.43091382469656864,8.9,17.4,0.06613329781258978,-0.18293558308684074,8.875447130922149,1.9621155430370676,292.68131640284383,575.8569797416296,2.326714823611585,3.9829958617316437,1.3674943540230955,0.9273032156992215
2021,9099,"Ryan, Matt",QB,17,19.58235294117647,18.1,-21.6,65.0,23.67796780066968,1.2091482505598816,7.2,32.4,0.7927148949959961,-0.12919097592231632,8.864209514329136,0.7935156208707375,73.30834832084315,136.2120648189519,0.6541566415794462,1.683975389096388,1.3962053482909516,1.2144434746824175
2021,13813,"Oluokun, Foyesade",LB,17,13.511764705882353,12.5,3.5,27.9,7.175438691482557,0.5310511874410251,8.0,14.5,1.8973327459844616,-0.4863473249778919,8.825155433546088,1.6527265649926963,196.25672701612282,424.9847445296668,1.6616990629421329,2.0195003926662745,1.8639976392175877,0.9381478809037421
2021,12225,"Williams, Leonard",DT,17,12.03529411764706,11.5,2.5,19.7,4.527814844539912,0.3762113995952028,9.0,15.0,0.36039165205030593,-1.0173832857690719,8.745236466713695,2.177224537383863,196.5402618704055,273.586539770497,1.8943935584965883,2.0036023367731146,1.2789610783290986,1.4850844450606677
2021,13163,"Godwin, Chris",WR,14,13.378571428571432,14.0,-3.1,26.5,7.722525361511199,0.5772309399954979,8.05,17.349999999999998,0.8328995775390362,-0.15733843512225373,8.482316120814634,1.5337956467980463,228.79046577601207,450.1503144605058,1.3274874364450473,1.1287943360781663,1.856633385029124,1.4269051229779355
2021,13131,"Mixon, Joe",RB,17,14.088235294117647,10.8,-0.2,30.5,9.536609482160047,0.6769200885040535,6.5,21.5,1.4643910768760238,-0.11506627930215287,8.401256202187593,1.3370748263918293,194.6913587173893,375.6797590188171,1.278393518557061,1.1616245289194804,,1.0397608989792793
2021,15254,"Harris, Najee",RB,17,14.247058823529414,14.2,-4.8,33.7,9.94893536409262,0.6983150338132721,9.6,19.9,1.5952919609899043,-0.10901663550337588,8.388937588063454,1.3012277769264302,189.4716727068004,365.6077640646991,1.1192324466540786,1.1989492617159678,,
2021,11228,"Woods, Robert",WR,9,12.377777777777776,11.1,4.1,26.0,6.0508544443056005,0.4888482046566464,8.5,16.0,0.2631988721956377,-0.17280037167944656,8.313660008497845,1.7555003972283525,261.8613205679106,515.2179545545,1.559782463089897,2.2892183684077,1.1204643345050849,1.2483410470251695
2021,13917,"Jackson, J.C.",CB,17,13.276470588235293,12.5,5.0,40.2,8.234470547054707,0.6202303912269829,7.0,16.0,1.6314847117433262,-0.21249828270109794,8.194186863870122,1.4377078274909614,169.71318387116855,258.73920743588087,1.3807576339588334,2.465263475422081,1.371520588935516,0.7195290318988989
2021,12238,"Perryman, Denzel",LB,15,11.126666666666667,12.0,2.5,20.5,4.019861799725072,0.36128176750075536,9.0,12.6,0.2987398394612012,-0.5907365318203368,8.17366906125149,2.216528484365058,263.20665190095497,569.9616691734949,1.8710461300151575,1.6217907051579958,0.9167705853397389,1.3293125198053162
2021,12688,"Buckner, DeForest",DT,17,12.241176470588234,14.4,1.5,20.9,6.255262144648287,0.5110017129217727,7.0,17.8,1.5414205643701948,-0.7133145163636089,8.10136505200771,1.6872135322660555,152.30647265316833,212.01254359427796,1.5226998275818648,1.7047869850275772,1.8444736358991012,1.490332277771872
2021,7401,"Roethlisberger, Ben",QB,16,16.78125,17.6,-15.9,41.5,18.06347207591885,1.0764080194216075,7.25,34.324999999999996,-0.3049557755324128,-0.21748608197405178,8.08186533814028,0.8802829795731821,81.32428598777727,151.10624053130616,0.6769476064830454,0.10562430650786503,1.4877223930499215,
2021,13146,"Conner, James",RB,14,13.342857142857142,11.95,2.2,37.6,8.780800019337182,0.6580899372094248,8.2,14.525,1.224444638293424,-0.12039070085888848,8.047125094621375,1.3641887285781915,198.63941184994175,383.29798953095695,1.6115204335377742,2.555322107739607,1.1599968852998073,1.049642219448777
2021,12700,"Johnson, Austin",DT,17,10.264705882352942,9.5,4.0,15.3,2.86478439317467,0.27909074317460963,8.5,12.5,-0.7765964604133996,-1.236474389223309,8.025002086151208,2.655958221234989,239.75603588668704,333.7434458624113,2.4373401534526855,2.3413252028445624,0.6765534747146847,0.801013605102096
2021,14147,"Bosa, Nick",DE,17,11.594117647058823,10.7,1.0,19.1,5.163613712739796,0.44536495746614174,9.3,16.6,0.4393471071904378,-0.2989247754051568,8.021584851056845,1.881058448405766,192.47901311418372,255.74950319261265,1.5141361428925793,1.1519286043425645,,1.0367748992248373
2021,12711,"Ramsey, Jalen",CB,16,11.34375,11.1,5.0,22.8,4.776239204384555,0.4210458802763244,7.0,14.25,0.1398356230571272,-0.2720916902934501,7.98267681392116,1.9638643066217425,231.8229460775584,353.4297334206591,2.0451597838919833,3.2094574223924486,0.8603149631896251,1.1856460887727265
2021,13281,"Douglas, Rasul",CB,12,14.075000000000001,9.5,3.0,38.0,10.781397945844809,0.7659963016586009,6.5,22.175,2.730058392017072,-0.16888702361291735,7.970005365685615,1.1946799577349074,141.025134215275,215.00233878764558,1.2478794928362185,1.4670021686114199,1.9385218607337877,0.8638087941702621
2021,13129,"Fournette, Leonard",RB,14,13.192857142857145,12.4,1.1,34.2,8.885097015767013,0.6734778463494215,5.7,18.75,1.2575557517144331,-0.11603960915196955,7.883496738027616,1.3346209067866668,194.33404367960523,374.990277841158,1.5525339828479479,1.5694514451635313,1.0165967271288996,1.1747033707071894
2021,12779,"Campbell, De'Vondre",LB,17,11.523529411764704,10.8,4.0,24.5,5.417350058921765,0.4701120520759062,8.0,14.5,1.006697494981092,-0.5238180780067194,7.838538154620688,1.7956834684036034,213.23246550914362,461.7449106465012,2.343055189436961,3.54919374462437,1.309479881415086,1.33291160819682
2021,10269,"Quinn, Robert",DE,16,11.6875,10.9,3.7,27.3,5.813010730249859,0.4973699020534639,8.575,12.325,0.7692596270863854,-0.2570874659200274,7.805352561162069,1.7154677223840766,175.53496783343834,233.23571796215194,2.017191426870175,3.3378060660281488,0.6543103689231575,1.4751346807747212
2021,11671,"Evans, Mike",WR,16,12.63125,12.85,-1.3,28.1,8.167291377041717,0.6465940724031048,4.85,18.775,0.9844745736417805,-0.14520384403291076,7.6711377817396444,1.3778606439447658,205.5302342007928,404.3852930795015,1.5585482231570222,1.7536894686545599,1.1385851663793196,0.9993055984562255
2021,15350,"Parsons, Micah",DE,17,11.235294117647058,10.0,1.5,20.7,5.227747369618546,0.4652968863011272,9.0,16.3,0.47192886500653797,-0.28288979484855503,7.6675888843308035,1.8040703083842702,184.60121366281996,245.28216307412336,1.9587665416987645,1.730259937560377,,
2021,14909,"Winfield, Antoine",S,13,11.284615384615384,8.5,5.5,22.0,5.344565342310341,0.47361519734174806,7.5,14.0,0.5572059918449105,-0.05586197424244131,7.6577761989505015,1.7786270257729189,205.94736164587616,378.86022241686976,2.0216045489940093,1.9130563515194334,1.2273022961493552,
2021,13700,"Landry, Harold",DE,17,11.305882352941177,10.8,4.0,21.4,5.399833394841133,0.47761273523568815,8.1,13.0,0.5593535569734694,-0.27298185268005326,7.651451617421139,1.7665901056197464,180.76605774538996,240.18633883500456,1.7293461132868615,2.2969610283473068,1.7006726218627184,1.177630237650332
2021,14268,"Long Jr., David",LB,10,10.59,12.0,2.5,16.9,4.160877311337117,0.3929062616937788,7.75,12.875,0.3701772990146631,-0.5712910046649473,7.6028088115007275,2.0519767010807444,243.66658090791177,527.6485612086004,2.0519767010807444,4.62640998536605,0.9142364838040604,0.4463942965005974
2021,10292,"Jordan, Cameron",DE,16,12.0875,10.85,1.0,24.6,7.187826079559801,0.5946495205426929,9.25,14.2,1.467705699446799,-0.17882726320996895,7.580035515193564,1.476277082896936,151.05982285660127,200.71525733053002,1.4812751922375886,1.7444785397670606,1.3519769350998194,1.4625179095545977
2021,14260,"Holcomb, Cole",LB,16,11.18125,10.5,4.5,24.2,5.437740655594012,0.48632672157352813,7.25,14.5,1.017027226855214,-0.5138478696578621,7.5227403488801965,1.7368282753490796,206.24357345558494,446.61079244792813,1.5356705730902447,2.0217676487773257,1.4888203924010208,1.872495501904769
2021,14903,"Diggs, Trevon",CB,17,13.023529411764706,14.0,-2.8,33.9,9.61307500608751,0.7381313238639913,4.0,18.0,2.2261222247407177,-0.1772238615093006,7.492833960792135,1.2271212070294983,144.85463809726448,220.8406760145917,1.3344081384041535,1.4413311688248553,1.1914942899595629,
2021,11222,"Allen, Keenan",WR,16,10.6875,11.5,0.2,17.4,4.655893442723963,0.4356391525355755,7.3,14.225,-0.21219987904665077,-0.18210892028919654,7.4444194288823295,1.88962187994347,281.86771227010416,554.5809738368654,2.313081212441863,1.906532788727054,1.3832605024547269,1.2686471355196367
2021,13132,"Kamara, Alvin",RB,13,12.615384615384615,16.0,-2.3,26.8,8.766794533381773,0.6949288349631894,8.7,16.3,1.219998323923308,-0.10997411852465766,7.443017284946125,1.2916606950485843,188.0786106784136,362.91968786773595,1.4108636352359132,1.0056112299585513,1.6050375437638726,1.1251968908503358
2021,14892,"Brooks, Jordyn",LB,17,10.088235294117647,10.5,3.2,16.0,3.598509879992187,0.35670360326453165,7.0,12.4,0.08528594081137136,-0.5935515908196665,7.435843223120437,2.193805288537248,260.50833498939005,564.118590361591,2.1138824030084415,1.8202309086148891,0.8741615537123301,
2021,14835,"Higgins, Tee",WR,15,13.573333333333334,9.9,2.4,45.8,11.267562094595066,0.8301249087373574,5.35,18.1,2.0410380373994017,-0.11309641788447682,7.416615810501081,1.1064409724336,165.04359362683613,324.7269300266522,1.286756506518967,1.1044751569066096,1.3782254613469005,
2021,11225,"Patterson, Cordarrelle",RB,16,12.556250000000002,12.600000000000001,-1.9,31.2,8.928183518359152,0.7110549342645416,6.125,17.0,1.2712344013695338,-0.1054142958550081,7.338309103089681,1.2647076856285988,184.15398512872744,355.34666361818313,1.0384070302020034,0.872389934153148,0.4731324304586627,0.40750430240457597
2021,11728,"Mosley, C.J.",LB,16,9.91875,10.0,3.0,17.1,3.5062834223005988,0.35350053406937354,6.975,11.125,0.03856467046469041,-0.5955211201545824,7.328220233632811,2.201093244804422,261.3737597208177,565.9926270582554,2.3369813834157824,3.301919113224767,,
2021,14249,"Van Ginkel, Andrew",DE,17,10.229411764705882,10.0,2.0,18.0,4.1117857442868315,0.40195720329428486,7.0,13.7,-0.09501200782347646,-0.3338457557033478,7.29652213396319,2.0011425119174344,204.76659623264354,272.0761833180962,1.9456734833646048,2.531757580350313,0.9683326502303465,
2021,11232,"Hopkins, DeAndre",WR,10,11.34,10.3,0.7,21.6,6.289705875476214,0.5546477844335286,9.95,15.575,0.34459876221564395,-0.16128919900415514,7.294256688586211,1.5556183189982535,232.04567082734053,456.5550025777263,1.5556183189982535,1.7513064380352876,1.0622900994652793,1.2303192240673941
2021,14832,"Lamb, CeeDee",WR,16,12.76875,11.6,-3.4,35.7,9.914176639413885,0.7764406570270296,8.024999999999999,18.075,1.5798081144029086,-0.12248809931279057,7.187828059153521,1.1699233411605945,174.51301723612482,343.35823094657,1.1254855446149652,3.179012641384543,1.3315243657871607,
2021,12075,"Barrett, Shaq",DE,15,11.4,11.5,1.0,29.7,6.750999925936897,0.5921929759593769,7.0,14.399999999999999,1.2457853437747723,-0.18080352175253192,7.159936120890699,1.4707779781873798,150.49712782264098,199.96759672558437,1.1912209202632276,1.2268563940574202,1.2973335909008614,1.2746632366796244
2021,12186,"Diggs, Stefon",WR,17,11.170588235294119,10.1,4.5,30.4,6.274201585567058,0.5616715479443917,6.4,13.5,0.33931494420685787,-0.16006044108688405,7.152969041408113,1.5356445795313107,229.06626404295537,450.6929536660825,1.345814903890291,1.6980331818669239,1.6236002110436627,1.0424300174265602
2021,14075,"Harris, Damien",RB,15,12.633333333333335,9.9,-1.8,32.6,9.73869715219763,0.7708731255037702,5.25,16.75,1.528547744782599,-0.08850007876053723,7.133957340811449,1.1764307303095864,171.2999847128553,330.5433656676443,1.647960046609956,2.0586482005464357,1.8798753221907876,
2021,14940,"Highsmith, Alex",DE,16,11.5625,9.5,1.0,24.0,7.376811218270399,0.6379944837423048,5.75,15.725,1.5637156312046585,-0.14395679744187756,7.058937081145295,1.3802985048512726,141.23882978858205,187.66596921664103,1.7022026260539964,1.6606453726129555,0.9935626452329676,
2021,13696,"Smith, Roquan",LB,17,11.129411764705882,9.0,3.0,33.1,6.648818090978307,0.5974096593373743,7.5,11.5,1.6305504791368146,-0.44554428606208635,6.967161929722212,1.4550498694475287,172.78316393750876,374.1538438016307,1.8358238042617896,2.812111228977165,1.668852770481662,1.348522038261978
2021,13633,"Kirk, Christian",WR,17,11.347058823529412,11.3,-1.7,23.8,7.163396963408025,0.6312998879105051,6.7,16.8,0.6423502059501747,-0.14787945380456974,6.955838658251612,1.3899922880624296,207.33986543432997,407.9457826570341,1.2217690129108396,2.194724090962839,0.8756568654926592,0.7807103403992045
2021,10783,"Smith, Harrison",S,15,9.893333333333334,8.5,4.5,21.0,4.1919711619025035,0.4237167616478271,6.5,11.0,0.024240777963820903,-0.06892363668434354,6.948947711961099,1.9055062181254685,220.6387131963295,405.88639391781766,1.6983350635986703,2.447161027275902,1.1127177009709066,1.4859660175828
2021,12801,"Hill, Tyreek",WR,17,13.676470588235295,7.9,-1.4,47.2,13.285619355562602,0.9714216302992009,3.8,18.5,2.7287862258517177,-0.0883775524165487,6.937364578961037,0.9573593029349396,142.80564773458588,280.97327839436576,0.9942119451587198,0.8977572735337179,1.427648713505433,1.3805980793507187
2021,13470,"Moore, Kenny",CB,17,11.705882352941176,9.0,2.0,27.8,8.072718806408139,0.6896292447685345,5.0,15.1,1.5617158580660684,-0.1917350509326994,6.928077499359801,1.2902287178429042,152.30411870906468,232.19791217822007,1.363855857561851,1.208765731366531,1.1702829074409087,1.3603765830227448
2021,12734,"Floyd, Leonard",DE,17,10.652941176470588,10.0,2.0,27.7,5.732581560647957,0.5381219576533146,7.9,11.6,0.7283992761746401,-0.2243029609885138,6.925940510415435,1.5822966391877364,161.9082574615716,215.12972109855033,1.3597177755988499,1.6910129473245408,1.1220484484028745,0.9531050053543584
2021,13134,"Foreman, D'Onta",RB,9,10.822222222222223,10.1,3.4,18.9,6.117511799521432,0.5652731642268263,5.0,18.5,0.3789319069801471,-0.1466356109056894,6.913951168113145,1.5205063970459296,221.40081507495447,427.21878054518686,1.273203865747295,1.970102791407669,,
2021,13714,"James, Derwin",S,15,10.753333333333336,9.8,2.5,21.8,6.045810303195282,0.5622266245996851,4.8,15.65,0.8814651082919791,-0.03266660678767854,6.883337643851024,1.526202504835631,176.71910673438472,325.0920018962048,1.36306849997344,1.0129205762082054,,
2021,13319,"Jones, Aaron",RB,16,11.637500000000001,11.85,-1.4,32.5,8.06542582570815,0.6930548507590246,5.875,15.2,0.9973351636725508,-0.11050400709206831,6.873669801532252,1.2837234812509133,186.92287361105062,360.68955795433646,1.4821672439563578,3.7082825484578734,1.2538495405458283,0.9521653824750589
2021,12764,"Hargrave, Javon",DT,17,10.6,10.8,2.5,23.6,5.775404238462193,0.5448494564586975,6.5,11.6,1.2133491604115865,-0.6369585715600018,6.861510003892988,1.5644822990525908,141.22740005350133,196.5903338772295,1.625187548403903,2.6440548327494082,1.0735410513477857,1.2917643530302159
2021,12714,"Fuller, Kendall",CB,16,9.63125,10.5,2.0,17.0,3.908599293544939,0.40582471574769,7.5,11.5,-0.23440604965653383,-0.2766456641815596,6.850960786300876,1.9621177904388303,231.6167798340304,353.1154190625539,1.9424411044580017,3.4650419441026052,1.3517897438093116,1.1278663728726206
2021,12720,"Kearse, Jayron",S,17,10.264705882352942,9.5,3.9,22.5,5.136597772670223,0.5004135365925145,7.5,11.0,0.46104076550795625,-0.048847107815682085,6.8412511831000975,1.6727030616325456,193.68241759989075,356.297663751115,1.698667705166495,1.9972762000282702,1.1492371105761878,0.6784523478326716
2021,11316,"Ryan, Logan",S,15,9.866666666666667,9.0,4.0,23.0,4.3759443425264095,0.4435078725533523,7.5,11.0,0.10931088089016884,-0.06374301716384596,6.835201147337002,1.835336461468992,212.51375161566614,390.93973605836123,2.6025426426313585,2.8709261840012212,1.6185405289479635,1.816215768305529
2021,14918,"Terrell, A.J.",CB,16,11.19375,9.5,1.0,24.3,7.1993462159768375,0.6431576742357867,5.95,17.9,1.185001491815929,-0.20563873867928734,6.81234076042403,1.365200310506271,161.15408630852977,245.69028531204248,1.9117290264705873,2.246358493142961,1.1568176317895684,
2021,13743,"Warner, Fred",LB,16,10.16875,9.25,2.0,19.0,5.028881430049828,0.4945427343626137,7.875,12.25,0.8099020386118984,-0.5087959406428382,6.803920534488245,1.6866727465091242,200.2877425635366,433.7137197788669,1.6699960970460752,1.9248605062486508,1.195094930145463,1.2357757468226322
2021,13208,"Allen, Jonathan",DT,17,10.700000000000001,10.5,2.5,23.8,6.170899448216605,0.5767195745996826,5.0,14.4,1.4837430979717512,-0.5650638829523909,6.786241619862334,1.4921419659093227,134.69716498787312,187.50016375895,1.445080187123307,1.6933722538220122,1.614755984784536,1.4118816711693152
2021,13424,"Hill, Taysom",TE,12,13.083333333333334,7.699999999999999,0.3,34.9,12.185841055184586,0.9314018640905415,6.3500000000000005,16.7,3.3655452503441134,0.08655627778175354,6.774008856770994,0.9922259246549202,219.2235168802447,594.3806573258748,1.1697778942496093,1.8549911680971918,0.7458263049366767,0.9636839639337746
2021,13138,"Hunt, Kareem",RB,8,12.0,11.649999999999999,0.0,30.0,9.339432530941053,0.7782860442450877,4.35,16.975,1.4017934123285758,-0.08640399871704553,6.7480707273357705,1.160605281197943,168.99564233123016,326.09686739299616,1.3505524829434556,1.085599495703069,1.7170829117357818,1.3912327291390854
2021,13245,"Reddick, Haason",DE,15,11.106666666666666,9.6,1.0,28.3,7.174070594083172,0.6459247233568283,5.1,14.5,1.4607175138629065,-0.13757702160177537,6.747979727781753,1.3587681362461272,139.0357381703417,184.73869118390022,1.1850809406908138,1.1813253395747387,1.0004327258102381,1.1749017687335859
2021,13154,"Williams, Mike",WR,16,12.34375,13.149999999999999,-0.8,32.9,10.281291793228126,0.8329147781855697,2.9499999999999997,18.025,1.7049199171612148,-0.11260834988968434,6.734492048898894,1.094178771921283,163.21448779223,321.1281237396996,1.2027527108806781,2.014026696121095,1.042828245807616,1.6334051988276352
2021,12239,"Kendricks, Eric",LB,17,10.235294117647058,10.5,0.0,22.0,5.3246310202426335,0.5202225709432459,6.9,13.5,0.9597266865944312,-0.4930057130892602,6.732760263713496,1.618322726636217,192.17136597960786,416.1380866707892,1.2490598891407856,1.821434282884609,2.1019917980396277,1.8123909835809178
2021,14153,"Allen, Zach",DT,15,10.360000000000001,10.0,0.0,21.0,5.618991605854796,0.5423737071288413,6.75,14.5,1.1064122707306017,-0.6425435281752588,6.716919480743317,1.56519310144405,141.29156490455682,196.67965216452643,2.194097825747069,3.014609256038197,0.7732248449435486,
2021,12187,"Lockett, Tyler",WR,16,12.65625,9.2,-2.4,34.6,11.270479623223672,0.8905070319584135,2.2249999999999996,22.225,2.042032322877763,-0.10253299104717498,6.694632596467594,1.0314388995884236,153.85581954739015,302.7147364551501,1.1272126052538232,1.2528957528957527,0.9341815584900827,1.067231053830741
2021,12686,"Bosa, Joey",DE,16,9.443750000000001,10.2,2.0,17.3,4.0689324075855575,0.43085981814274593,6.199999999999999,11.9,-0.11678274577862532,-0.3105939735518609,6.600052555992505,1.863064890324364,190.63782508259635,253.30309141636715,2.108136850592005,1.969129617769287,0.8990514083051504,1.5109623620936237
2021,9988,"Brown, Antonio",WR,8,12.299999999999999,9.399999999999999,1.4,30.8,10.69392350823588,0.8694246754663317,2.2,19.05,1.8455436348244572,-0.10622120071060004,6.579564376902075,1.051828327022771,156.89723292559933,308.6987847150352,1.0543210789246513,1.1019080729839175,1.3043627904909636,
2021,14590,"Al-Shaair, Azeez",LB,13,11.007692307692308,9.5,1.5,25.1,7.44471537281638,0.6763193560210548,4.7,15.5,2.033746405812167,-0.3970236475873513,6.566584265793116,1.3035006890967784,154.78711622604368,335.1842458903582,1.3070453864988176,1.3676340611311975,0.5334444974651881,0.5544163152083399
2021,11674,"Cooks, Brandin",WR,16,10.975,11.2,0.2,23.9,7.370337509232531,0.6715569484494334,5.7250000000000005,14.625,0.7128749567889602,-0.14083676482639368,6.565735023374829,1.3111777139087295,195.58339502824506,384.8146664529793,1.2185201352909605,2.02220829048419,1.2826003402753814,1.0023806128414599
2021,12625,"Elliott, Ezekiel",RB,17,11.211764705882354,10.4,1.0,25.1,7.988291605103439,0.7124919060165711,4.1,17.4,0.9728474026198914,-0.10500797711368666,6.547046830698341,1.247374384195152,181.63008449091308,350.4765019959721,1.2258634546399063,1.077432803181975,1.114597391330647,1.8450484582022737
2021,13688,"Davenport, Marcus",DE,11,10.654545454545454,11.7,-1.0,22.0,6.74609161412115,0.6331655951820192,7.2,15.35,1.2432917790125304,-0.14784157622145386,6.523861074453988,1.3754737208532601,140.74513451653266,187.0099895411827,1.3078200129096533,1.4072818342821978,0.9458290158697574,0.9082340862384284
2021,13839,"Sieler, Zach",DT,17,10.064705882352941,9.0,1.5,20.5,5.536928557844257,0.5501331705631348,6.5,15.0,1.050307038271434,-0.6250392250878704,6.492800795106279,1.5396689428822627,138.9874732862512,193.4723273794293,1.6967145269823751,2.128133082691268,1.8096273505249725,0.4813025822020503
2021,14087,"Henderson, Darrell",RB,12,10.691666666666668,12.0,2.3,21.1,6.925491358420394,0.6477466586207694,3.225,16.0,0.6354407589350511,-0.12331537069414719,6.4886592916025245,1.3490225631635275,196.43106771479583,379.0367311064035,1.1942099190623117,1.1468350372569063,0.9262374574836401,0.3675771429364399
2021,14778,"Tagovailoa, Tua",QB,13,15.253846153846155,17.2,-20.1,44.7,20.638709537200885,1.3530167623984442,5.3,33.5,0.19852000741882994,-0.03349364737797492,6.482676365763675,0.70493326451016,65.12473345005273,121.00633307398351,0.6583568930261843,0.13519952753647516,0.8293887609635711,
2021,14184,"Abram, Johnathan",S,14,9.092857142857143,8.25,5.0,18.9,3.686357917223658,0.4054124967881478,7.0,10.875,-0.20955727140340819,-0.07371505199665625,6.469884936726731,1.9402822625729002,224.66543408758324,413.29393903167164,1.8499775929134723,2.5960019614308143,1.5792891451755544,
2021,13198,"Garrett, Myles",DE,17,10.817647058823528,8.9,2.0,29.7,7.298769863647665,0.6747095578140855,4.8,13.9,1.5240683595581104,-0.1144199922611448,6.459416803558021,1.3035241652150973,133.38290742838728,177.2276974890752,1.3193231952346574,0.9154382577061013,2.049169093323649,1.449592995758739
2021,13608,"Penny, Rashaad",RB,10,13.559999999999999,5.6,-2.1,36.0,14.960227271000933,1.1032615981564111,1.075,27.700000000000003,3.1862242063596136,0.005486226570263455,6.447129549593761,0.8496119616440521,123.71192990103681,238.71664525408227,0.8496119616440521,1.899728958958734,,0.6824077556320244
2021,14157,"Williams, Quinnen",DT,14,9.807142857142859,9.7,2.0,20.9,5.127720781025745,0.5228557242123847,6.625,12.075,0.7705380314030408,-0.6865734654920819,6.439968475815447,1.600455243899217,144.47471418165324,201.11063637104996,1.612651299347132,1.7419110711932135,1.1472336328386743,1.0844724916016453
2021,14218,"Okereke, Bobby",LB,17,9.047058823529412,8.0,3.5,19.1,3.6816105246703277,0.4069400449895681,6.5,11.0,0.1273841389116872,-0.5626617974274978,6.430308708425803,1.9324672088493504,229.4751579045574,496.9176997941149,1.8996933746432407,2.1269293464519703,1.1352999949464835,1.1373182586100687
2021,13684,"Hubbard, Sam",DE,17,10.370588235294118,10.0,1.0,24.8,6.370313936846381,0.6142673677049828,5.0,14.1,1.052385819964999,-0.16304495732206353,6.4243312122688,1.4070755091514457,143.97878258814538,191.30658206020243,1.4439845091329444,1.5621077925865756,1.8184787141780223,1.727996699078417
2021,12752,"Byard, Kevin",S,17,11.229411764705883,10.0,3.5,38.0,8.448234393046963,0.7523309831419506,3.7,13.9,1.9923578150622143,0.017096054616072293,6.408270967492347,1.1885196003360907,137.61877695930147,253.16313853629086,1.2865911865817825,1.3709934249385536,1.3289058621690713,1.530044611227764
2021,14921,"Dugger, Kyle",S,16,10.149999999999999,8.5,2.0,23.1,5.946742805940072,0.5858859907330122,5.75,13.0,0.8356558106564452,-0.026473413559768583,6.400207870748998,1.461116422983281,169.18278425467088,311.22820297180226,1.5128141782515667,2.0110679691770743,1.0334405050548352,
2021,12231,"Thompson, Shaq",LB,14,10.571428571428571,9.5,2.0,27.4,6.937211108160374,0.6562226723935488,5.25,11.875,1.776648339329132,-0.40938086047514344,6.38285464124875,1.3318819957503607,158.15731821241857,342.4822603430055,1.565639363377075,1.8546114458009701,1.2725494782835014,1.7329474241828835
2021,14927,"Chinn, Jeremy",S,17,9.147058823529411,8.9,3.0,18.0,3.9693113415240626,0.433944005182695,6.0,10.5,-0.07871821732516293,-0.06624650260376863,6.3789511936792875,1.8407095460281735,213.13590149466216,392.0842413321814,1.9691162622522769,1.8360386800451804,1.0104249959419926,
2021,14167,"Hines-Allen, Josh",DE,16,11.7125,10.8,1.0,38.2,9.821206328654338,0.8385234859043191,4.0,15.45,2.80553924410045,0.017366207337202608,6.3706012405052,1.0823654631725794,110.7528776455088,147.1588667081743,1.008012374037818,1.0452742978982434,1.0291708544788323,1.4213833297003735
2021,14085,"Pollard, Tony",RB,16,9.925,8.05,3.9,29.0,5.598604736896506,0.564091157369925,7.35,11.275,0.21419475065085472,-0.14696983566525837,6.345538080203229,1.5041058520301647,219.01273302464648,422.6106967807751,2.1149191451690275,2.2155176225236253,0.6575026583461087,0.5075343283832878
2021,12305,"Jarrett, Grady",DT,17,9.36470588235294,9.5,0.0,16.5,4.591416694924997,0.4902894711917397,5.5,13.5,0.40387525017634834,-0.7600385405093272,6.283816710363166,1.6748359840275788,151.18913885027683,210.45720075514373,1.8958592616005063,2.494440185521564,1.604857099789457,1.775189032163226
2021,11382,"Hyde, Micah",S,17,10.588235294117647,9.0,2.5,27.8,7.2843815477274365,0.6879693683964802,4.5,11.0,1.454186539190988,0.00024843856698823855,6.272765070480011,1.2780960453254595,147.99084049137375,272.2435592092181,1.0795299972767265,1.0938469747752557,0.7089087919292948,0.9585931157635866
2021,12745,"Jones, Deion",LB,16,9.675,8.25,3.5,21.5,5.28707149563915,0.5464673380505581,5.5,12.625,0.9406992974154992,-0.4768681164416371,6.2561942059481765,1.538872272521601,182.73684340657226,395.7080701999066,1.4973881081799258,1.8862636211959425,1.5319832875091812,1.3023653205585948
2021,13762,"White, Kyzir",LB,17,9.923529411764704,8.5,3.7,29.8,5.826766776923919,0.5871667765720607,6.0,10.5,1.2141051049556224,-0.4518425134344095,6.252354546632708,1.4536206869273127,172.61345245003866,373.7863415292612,3.1974686821741933,3.3447985895566745,1.6346295080430746,0.6479190016680105
2021,13713,"Fitzpatrick, Minkah",S,16,9.275,7.75,3.5,19.7,4.486995096944056,0.4837730562742917,7.375,10.475000000000001,0.1606612955338681,-0.053203002620100255,6.250955940182145,1.6903605409025513,195.72697849786437,360.0588325777545,1.7375682687935787,2.0580756364472843,1.2013104338039722,0.9762564606314551
2021,12691,"Ogbah, Emmanuel",DE,17,9.458823529411765,9.0,1.0,20.1,4.854356299913016,0.513209310314187,6.0,12.3,0.28223537182494063,-0.2443448655630079,6.250836196248246,1.6156897607260945,165.32520342832376,219.6698640434565,1.6191235178395202,1.3868632251980237,1.3200515787795772,2.0346246433989963
2021,12742,"Howard, Xavien",CB,16,10.33125,8.5,2.0,25.0,6.773174915613799,0.6556007177847597,4.375,14.05,1.0011797723239337,-0.2019159423515798,6.240182121824339,1.3290901223961724,156.89148518946462,239.19166210549517,1.093991081164664,1.304479005024094,1.5287076718609638,
2021,12750,"Bradberry, James",S,17,8.888235294117647,10.0,2.0,15.0,3.77855907066689,0.4251191542113642,5.4,12.0,-0.166923004893779,-0.06855653943928527,6.2368365956292555,1.8600241542849056,215.372341486891,396.1983904337112,1.650479311498127,2.2690146863518446,1.2232311017099908,0.8902755413005448
2021,13726,"Edmonds, Chase",RB,13,10.046153846153846,7.6,0.1,22.3,6.177205664577245,0.614882646550568,6.5,13.8,0.39788288739242794,-0.13260801266868688,6.220980742850075,1.399730524058431,203.81464985212335,393.2842168516407,1.2818481344732888,1.1021307414674044,0.8411179688628354,0.509046244803673
2021,14882,"Greenard, Jonathan",DE,12,9.916666666666666,11.75,0.0,18.8,5.918309631042371,0.5968043325420879,3.75,13.8,0.8227545227604215,-0.17709374465290978,6.210320491102054,1.433394455514206,146.67186468051875,194.88491715262535,1.618353153944286,1.248823112262853,0.4708573558801845,
2021,12828,"Grugier-Hill, Kamu",LB,14,11.235714285714284,7.25,1.5,35.8,9.100440110460681,0.8099565260422731,5.0,13.25,2.872524832560984,-0.3148517335400978,6.20772605532287,1.1123984858915046,132.09425600279025,286.04392060696284,1.12956669948228,1.4854432891909515,0.48241909388004406,0.799553039328416
2021,10457,"Guy, Lawrence",DT,17,8.123529411764705,7.5,3.0,14.0,2.526920798070882,0.3110619374888124,6.5,9.5,-1.007588557372236,-1.16435168639978,6.196144651506234,2.30329227018878,207.92052366400947,289.42800866936045,2.078669528431552,2.4418271179730344,2.047176772375846,1.6636441750538622
2021,10775,"Wagner, Bobby",LB,17,9.876470588235295,9.5,0.0,22.9,5.881929396516549,0.5955497304394362,6.0,14.5,1.2420500973962616,-0.4466879343263463,6.190011128963795,1.4351310539794992,170.4178594687621,369.03188782759366,1.395020515185045,0.9778111158102547,1.9411743723065376,2.000454181656109
2021,13693,"Phillips, Harrison",DT,14,9.821428571428571,9.5,1.0,19.0,5.832810958146114,0.5938862066476044,4.5,14.0,1.2525972438141308,-0.5263382760981257,6.161938368289055,1.437392111619803,129.7548402461363,180.62038497140838,2.2304119884211233,3.6712799338808595,0.9550708085333552,
2021,12278,"Golden, Markus",DE,15,10.3,8.0,1.0,23.4,7.006378046703826,0.6802308783207598,4.5,14.9,1.3755248360680268,-0.10997816088073722,6.130109934828675,1.2864743508134047,131.63828782201665,174.90959750315784,1.2043739998070515,0.9208471514647887,0.8327081082465471,1.5770289754121534
2021,10753,"Jones, Chandler",DE,15,11.906666666666668,9.0,-3.0,44.7,11.245589752827057,0.9444784226898423,4.5,17.0,3.5291673361551816,0.10260559211012482,6.12332156928535,0.9723228449587621,99.49278385509646,132.19742573750685,1.6299519785529026,1.940853439254333,,1.1416600660721459
2021,13674,"Goedert, Dallas",TE,16,10.45,9.8,-2.5,28.5,7.384866281795494,0.7066857685928704,5.1,12.25,1.4805212497252414,0.06896919536763385,6.122978343351292,1.2462929817602635,275.35737954001945,746.5763827697996,1.1512987247476218,1.8459366601118639,1.0633598445341526,1.0635846870702432
2021,14208,"Johnson, Diontae",WR,16,10.2375,10.6,-0.3,25.0,6.885480647710804,0.6725744222428136,4.575,15.225,0.547637114127167,-0.14065876495818938,6.120803872076543,1.2982721608697372,193.658322742995,381.02704404648927,1.0176679038962102,0.8036457790169879,1.0899159144455863,0.7477962323219488
2021,13710,"Davis, Carlton",CB,10,10.040000000000001,8.2,3.0,21.0,6.469497662106386,0.6443722771022297,4.25,14.0,0.8701937700690043,-0.20527534534444766,6.105673356213983,1.3441332274503635,158.66723767911384,241.8989166704847,1.3441332274503635,1.7014769575372983,1.5477444050543339,1.6128616639495565
2021,14073,"Jacobs, Josh",RB,15,9.246666666666666,11.5,1.0,14.9,4.797897687760987,0.5188786252084701,4.85,12.95,-0.04000530139728738,-0.15975415041177457,6.087824605075035,1.594830948153125,232.2232070275193,448.1018522312215,1.4620089896977568,1.6439390956176065,1.0334096199485896,1.7454268076233566
2021,11723,"Van Noy, Kyle",DE,16,11.20625,8.0,-4.2,40.7,9.452477767098953,0.8435005257868557,6.75,13.25,2.618214440289721,0.021370171951295824,6.078788610714863,1.0721142153751984,109.70392030933398,145.76510271667976,1.2692630882246407,2.2219121771243917,1.165133690201027,1.2368772236056385
2021,14928,"Wilson, Logan",LB,14,10.185714285714285,7.25,4.0,30.0,6.942710168932297,0.6816124990536618,6.125,10.75,1.7794341245735035,-0.39376895658898503,6.057111428136007,1.2823978300952539,152.28120984924368,329.75782307392086,1.5615528128088303,2.502799786784476,1.03069071477587,
2021,11244,"Kelce, Travis",TE,16,11.881250000000001,11.0,-4.6,41.7,11.524333969366733,0.9699597238814713,4.0,17.175,3.1058153429391115,0.08957395329072564,6.031214677115334,0.9486532400892813,209.5965187208134,568.2789800263379,0.7307309226743298,0.5868955708604439,2.3435998244897682,1.6682847983198559
2021,11772,"Kirksey, Christian",LB,13,9.161538461538461,9.0,2.5,21.7,4.773410079490579,0.521027128743724,6.0,10.0,0.6804820615894152,-0.49251100002090925,6.0232577633939615,1.5868504636599166,188.43412144421387,408.045258780162,1.8708154357585298,1.7779466336039884,1.4910765737893443,
2021,14964,"Hall, Bryce",CB,17,9.352941176470589,7.0,1.0,19.6,5.172565371839351,0.5530415806369117,7.0,14.6,0.31078415365773815,-0.23260029844534086,6.022337903299982,1.515243762203125,178.86585737882606,272.69307616471445,1.6016175889243034,2.2594680712246378,1.6108492983551086,
2021,15284,"Waddle, Jaylen",WR,16,10.44375,12.1,-1.7,27.9,7.672024565751858,0.7346043869062222,4.4,15.399999999999999,0.8156890496364557,-0.12980705987581756,6.020825312581559,1.2043035534337805,179.64138280156453,353.448403909508,1.3716490748050807,1.3948866998329261,,
2021,13706,"Baker, Jerome",LB,16,8.8875,10.0,0.5,15.0,4.270520313732274,0.4805086147659381,6.0,11.625,0.4257216675694704,-0.5174253546677221,6.003004583262809,1.6862661503919698,200.2394603946283,433.60916700490196,1.3931532110474143,3.456671811768113,1.3630503041970772,1.5350900379333159
2021,13299,"Kittle, George",TE,14,11.799999999999999,10.4,-4.1,40.2,11.396553363689769,0.9658096070923534,3.55,16.825,3.055644383939329,0.08924915036178191,6.0026158980133815,0.9518774818945152,210.30888634823808,570.2104221666336,1.0832879804543947,1.1176148291971322,1.268489296214908,1.806699078607091
2021,14163,"Simmons, Jeffery",DT,17,10.241176470588234,12.0,0.5,25.7,7.2461802370408686,0.7075534981602227,3.0,15.4,2.218895886936092,-0.2699201953110035,5.997572832489543,1.241929739127709,112.1102541155907,156.05889706456156,1.0822442713175047,1.0396235771105304,1.527333761035471,1.675774925741175
2021,10976,"Tucker, Justin",PK,17,10.000000000000002,10.8,0.1,22.5,6.682461680971096,0.6682461680971096,5.1,15.9,0.3150454542677743,-0.8089721512615002,5.994319178569753,1.3016661085039032,173.1529167728502,237.04660627054133,1.244877150954852,1.3443242948295933,0.9414869273239613,1.0574574168093738
2021,13251,"Baker, Budda",S,17,10.105882352941176,10.5,1.5,26.6,6.943254923113197,0.6870508363965329,4.0,12.7,1.2964479113734064,7.999067061018984e-6,5.99026545905807,1.2722596027398276,147.31503835045768,271.0003553761071,1.3092089983579225,1.6467284298922071,1.1296680656052203,1.6054933165338003
2021,11938,"Thielen, Adam",WR,13,10.930769230769231,9.5,-1.5,30.6,9.039263466879845,0.8269558414457282,3.7,16.9,1.2816401877035113,-0.11365082386909345,5.983050593121816,1.0888019093064465,162.41244163658322,319.55008014443166,1.0334963457315025,1.2352120461874003,1.4429900415306256,0.7426222337883925
2021,13418,"Bourne, Kendrick",WR,17,10.83529411764706,9.6,-2.4,31.7,8.850984735940276,0.8168661265525771,4.6,17.7,1.2174753304260189,-0.11541594836948316,5.963727299053426,1.09991989715664,164.0708696182039,322.81307397113903,1.0005667809425658,1.2818381348728158,1.032577073231237,0.8958577924915172
2021,13774,"Reed, D.J.",CB,14,11.228571428571428,7.2,1.2,33.4,9.933452037824267,0.8846585784321868,6.0,12.5,2.364311391419526,-0.13338481818612824,5.957880943036522,1.0269923341435254,121.23056959559919,184.8241885437545,1.116033698890616,1.3332184047830342,1.0789811540607888,0.3663751472040236
2021,13223,"Humphrey, Marlon",CB,12,9.35,7.0,3.0,23.0,5.324237034543072,0.5694371159939114,6.75,13.05,0.3762051376908195,-0.22769496812341364,5.957549942406403,1.478439209177355,174.52129045394582,266.06949055306876,1.3829178412817968,1.7761039540937265,1.8045948270833179,1.6568156939109018
2021,14245,"Oruwariye, Amani",CB,14,10.214285714285714,10.75,-1.8,26.5,7.327916985538167,0.7174184461366038,3.95,14.600000000000001,1.2404582997169764,-0.18342088435473927,5.9474647761371875,1.2265114712386445,144.78266227546862,220.73094401463024,1.3328048055693633,1.4104053151294962,1.1725678547449183,0.7235153282194605
2021,9902,"Gronkowski, Rob",TE,12,10.791666666666666,10.25,-3.2,24.5,8.819907249449333,0.8172887026516756,3.65,19.0,2.043966548561763,0.07762537512292784,5.938333656573186,1.0989581054619255,242.80504550130684,658.3172489926923,0.9889765301955209,0.8969247211100971,0.9202601211130503,
2021,11317,"Poyer, Jordan",S,16,9.95625,8.75,1.1,25.9,6.817988041753959,0.6847947813437749,4.5,14.125,1.2385238897613768,-0.0005825571124999806,5.909473432757785,1.2735054014953857,147.45928948525497,271.265719382601,1.0947359620857358,0.9242302130937451,1.5517255853097263,1.5629184265392193
2021,11872,"Harris, Shelby",DT,16,9.181249999999999,7.6,3.0,19.7,5.136173034224996,0.5594197995071474,4.5,12.25,0.7763167057521438,-0.6040898425599909,5.887606405216685,1.4962501788640645,135.06801752792146,188.01639520298775,1.4954525223872697,1.4815537313013016,1.6141491903498535,1.495020189794519
2021,13723,"Payne, Da'Ron",DT,17,8.776470588235293,8.0,3.0,17.5,4.359105333432363,0.4966809026028832,5.1,10.5,0.24504757736341487,-0.7456203331770446,5.863955752339796,1.6376745822635659,147.83454151373087,205.78755867318654,1.6357162793604503,1.9743529751497495,1.4747313302892622,1.7522308920930467
2021,13263,"Awuzie, Chidobe",CB,15,10.18,10.0,-1.6,28.3,7.505393616149211,0.7372685281089599,5.0,14.0,1.3170098163976556,-0.17748199874523896,5.8597734519953955,1.1968875820951084,141.2857316411199,215.399637158255,1.4176808703312833,3.096411159003967,1.562554441830065,1.6466309375751285
2021,12767,"Simmons, Justin",S,17,10.200000000000001,8.0,0.5,30.6,7.573716159890615,0.7425211921461387,5.0,15.5,1.5879762858997437,0.014528194986185796,5.853587345722546,1.1896824912069557,137.75342818368205,253.41084257294298,1.2797673901945013,1.503974345074666,1.241999887892246,1.5626894181103979
2021,13748,"Jones, Justin",DT,11,8.945454545454545,7.5,2.0,18.4,4.757456088052948,0.5318294407376264,6.15,10.2,0.5173938066358456,-0.6663299711824218,5.839719689123493,1.553716504067982,140.2555608475825,195.23752136425975,1.6282707170003479,1.9734721043967316,1.7168437049268255,1.169280714301102
2021,13265,"Ogunjobi, Larry",DT,17,9.494117647058824,8.5,0.0,20.4,5.964056119615565,0.6281843496497187,4.0,14.1,1.3423275240303723,-0.44896629084071227,5.831107300043359,1.3633028631571287,123.0667288251009,171.31044896202658,1.4708795260056808,1.8164953026482678,1.6627720900890812,1.5942294442797478
2021,14842,"Pittman, Michael",WR,17,9.988235294117647,7.6,-3.1,25.0,7.14356002473484,0.715197411192534,5.8,17.2,0.6355898335361719,-0.13320217348145094,5.8233735830869024,1.2265195152709485,182.95525337291386,359.9685177381793,1.1573902558484603,0.970331026944102,0.7477244063404812,
2021,13212,"Wormley, Chris",DT,14,9.314285714285715,8.5,1.5,20.1,5.6044443005856825,0.6017041427009168,5.625,14.325000000000001,1.0964665038651877,-0.5087020666676909,5.8152348276874966,1.4103057411597404,127.30972617915255,177.2167551473505,1.4986958437162055,2.1430947269151717,0.3647450843757887,0.9277063661449572
2021,14149,"Gary, Rashan",DE,16,9.375,8.85,-1.0,21.2,5.801993191998763,0.6188792738132014,4.75,13.7,0.7636623981040199,-0.1593347381362337,5.791043317218822,1.378272476224746,141.03151672454334,187.39050950664247,1.6058893689014069,2.3186607909937793,0.8767622354178122,0.4741233540035762
2021,12718,"Bell, Vonn",S,17,9.217647058823529,7.5,2.5,19.8,5.464132813616841,0.59279041372997,5.5,13.5,0.6124945782366454,-0.024666077492250204,5.78710606201967,1.4259680802669072,165.1129549179011,303.7413556754598,1.2864311532561032,1.691248036583394,1.5535018417671276,1.4014731738504442
2021,12263,"Waller, Darren",TE,10,9.209999999999999,9.5,0.8,20.7,5.500809031406199,0.5972648242569163,4.65,12.325,0.7407770721034204,0.06040552234009509,5.766107072623163,1.4167467395989282,313.0176253875984,848.6845963432822,1.4167467395989284,1.206193239256937,1.0854714115398778,1.3520247502694158
2021,15366,"Holland, Jevon",S,16,8.925,10.25,0.0,14.5,4.92855201859532,0.552218713568103,5.625,13.5,0.3648393863040904,-0.035286327302464934,5.7498340420622815,1.5054266154713851,174.3134648890666,320.6665895127255,2.7504986736653554,3.0745063846256118,,
2021,10267,"Miller, Von",DE,15,9.366666666666667,8.0,2.0,20.2,5.896062716385873,0.6294728878703779,5.5,12.7,0.8114524448691851,-0.15081231179017895,5.748280156356778,1.3582629758297213,138.98404770931612,184.67000935977194,1.28873390513159,1.5701788603719127,,1.186102171532969
2021,9051,"Campbell, Calais",DT,15,8.833333333333334,10.0,0.0,16.0,4.829308669180531,0.5467141889638336,4.75,12.25,0.5665183013345615,-0.6327519865012272,5.711031421552363,1.5153312055741768,136.79048111491917,190.41408638423854,1.456017087853686,1.068529744931743,1.0139795220648602,1.6129272533852341
2021,14887,"Simmons, Isaiah",LB,17,8.794117647058824,7.5,0.0,20.0,4.749671268901645,0.5400963984704211,6.0,12.0,0.6684561482561377,-0.48078553177972116,5.710108572289946,1.5294992071327163,181.6238177105529,393.2978652185565,1.6189681620284224,1.344869366074132,0.9802573375323561,
2021,14224,"Gardner-Johnson, Chauncey",S,12,9.883333333333333,7.5,1.0,19.9,7.239571043155036,0.7325029723259733,4.0,17.65,1.4334659416385187,0.011905775991681798,5.704655917596756,1.1994961001694187,138.88974672869307,255.50121116644573,1.248378680756759,1.5676817101668046,1.1474137992813103,0.805556186072821
2021,13623,"Williams, Darrel",RB,17,10.435294117647059,9.8,-2.2,25.8,8.659434920870352,0.8298218357091092,4.0,16.0,1.1859149233615967,-0.07183171649153104,5.702901732836235,1.0803213855813005,157.30551070044535,303.5393904567626,1.2510275293652509,1.2748002876712752,0.7047537720699041,0.5987436185420768
2021,14102,"Metcalf, DK",WR,17,10.51764705882353,8.7,-0.4,27.6,8.894032056855524,0.8456294461216103,2.9,20.2,1.2321457352504057,-0.11038400835715412,5.698677532982161,1.0630294098891568,158.56805587489248,311.9861659154759,0.8943328117084703,1.2459441286558652,1.4765493148605795,1.1054302580357966
2021,14161,"Tillery, Jerry",DT,16,8.649999999999999,8.75,1.0,16.3,4.593337566519579,0.5310216839907028,5.625,12.0,0.4051885202772148,-0.6681521614715781,5.649822004776078,1.5464827389959248,139.60256155552077,194.32853805932473,1.7326937287424966,3.070806626067494,0.9347311739150266,0.8456786999172465
2021,13920,"Ward, Charvarius",CB,13,9.615384615384615,10.0,1.0,25.0,6.754354282620058,0.7024528453924861,4.0,12.0,0.993061813381391,-0.18789839689199445,5.647959437706405,1.2399981049274096,146.37468222504273,223.158085917098,1.3814710987030177,1.8491096388479225,1.1841761830064992,1.3185507979555344
2021,13128,"Cook, Dalvin",RB,13,11.407692307692306,8.3,-3.4,40.9,11.673273981355315,1.0232809289117946,3.2,16.1,2.142716848444107,-0.017129141346066076,5.638214715851567,0.9001377484993295,131.06898569099937,252.91294530802122,0.8837927066418673,0.5191632527203074,1.3283533938047416,1.4369395975317936
2021,13224,"Lattimore, Marshon",CB,16,10.18125,6.5,0.0,28.3,8.245015065935295,0.8098234564454556,4.0,14.05,1.6360329100621578,-0.15577451056478617,5.625548704068773,1.1012691626122286,129.99852425664838,198.1915274156464,1.190780618077836,1.569565162778721,1.523718950173662,1.4003125404441197
2021,13959,"Williams, Darious",CB,14,8.9,9.3,2.0,20.0,5.189412298131648,0.583080033497938,4.25,11.0,0.3180507878880744,-0.223613185159036,5.621952024961593,1.4379394312908476,169.74052337473373,258.7808883549632,1.3344341212223638,1.9942394916367285,1.0362289914369218,0.696681569353405
2021,13746,"Green, Rasheem",DE,17,8.841176470588236,6.5,2.5,20.3,5.130308879994678,0.580274457484428,4.5,14.0,0.42242728618820397,-0.1903918166732851,5.594709468798307,1.4422073412059313,147.5736418379851,196.08312082315044,1.6401538432919656,1.6320426128735612,0.8613234502210095,1.0145315781311384
2021,14805,"Dillon, AJ",RB,17,10.347058823529412,12.4,-13.4,27.1,8.809761808027892,0.8514266670635255,6.7,14.4,1.2336391223441565,-0.06572272522570381,5.588694927863641,1.0547716678565855,153.58521834246716,296.3606510112509,2.195621033072195,2.185750547105044,0.6745320593829345,
2021,14104,"Brown, A.J.",WR,13,10.68461538461538,5.2,-1.9,28.0,9.76507482769756,0.9139378888413847,4.6,14.7,1.5289946400351413,-0.09843392779442327,5.582529844311398,0.992525881671053,148.05131259586028,291.29424032277444,1.152112761762748,1.0864986030843715,1.1963357436281614,1.0520738067119486
2021,13325,"Woods, Xavier",S,17,9.211764705882354,7.5,0.1,24.9,6.005867949513177,0.6519780021821455,6.0,10.0,0.8629955676375534,-0.009172840272255928,5.576203008583811,1.3148641641928835,152.24822383465073,280.0754303604556,1.2718592136348021,1.5018201649819938,1.1092234029307415,1.224780428419347
2021,10768,"David, Lavonte",LB,13,9.215384615384615,7.5,0.0,22.2,6.093609029624165,0.6612430499592167,5.0,12.0,1.349285500477445,-0.40629388973380465,5.54728256988696,1.2991108724627394,154.26583759287712,334.0554414406291,1.2565336849681077,1.1657046433973821,2.0962684320312226,1.6818633927602544
2021,12795,"Judon, Matt",DE,17,8.941176470588236,10.1,0.0,18.3,5.473364254549097,0.6121525811008858,5.7,11.5,0.596709366381685,-0.16474627596306413,5.546110570056962,1.3812256068094588,141.33369535223278,187.79201839146384,1.365832855263989,0.960546743411965,0.9801574499753563,1.3264599539884812
2021,10816,"Davis, Demario",LB,16,9.05625,6.75,1.0,24.3,5.745103213824796,0.6343799269923861,5.5,10.95,1.17273492220626,-0.42281170608026514,5.541092282420201,1.342640685088149,159.43488293555046,345.2487668762348,1.7185713888405743,2.3289900667800514,1.6046995148894896,1.4270646340872204
2021,13703,"Carter, Lorenzo",DE,14,9.421428571428573,6.0,2.0,22.4,6.62561895452887,0.7032499269401378,5.0,14.675,1.1820881737710884,-0.09145963213728132,5.531442228419186,1.2354968990200024,126.42202799734939,167.9786815705681,1.2977223165295044,2.311601102190735,,1.2736877695558915
2021,13742,"Hill, B.J.",DT,17,8.229411764705882,8.0,2.5,15.9,4.023864795103504,0.4889614118424558,6.0,10.5,0.015848823616642138,-0.7630344633027983,5.526947642331929,1.6380639408780777,147.86968930980962,205.83648485155953,2.098004737123722,3.158013775274123,0.8752852924180364,1.087454313989927
2021,12250,"Collins, Landon",S,13,9.3,7.5,1.5,24.0,6.3806196950067235,0.6860881392480347,4.0,13.5,1.0362826166131145,-0.0002440013215803597,5.515725888533701,1.2600567952704314,145.90207432451038,268.4010704867095,1.3835861523002049,1.331267006858056,,1.389568453280641
2021,12650,"Boyd, Tyler",WR,17,9.641176470588235,8.2,-1.1,23.5,7.227647800879898,0.74966450649761,3.3,14.0,0.6642467090536787,-0.12717239810875394,5.510300080263647,1.171802282246108,174.79329173489378,343.9096772375165,1.4266594896538176,2.0933670952296546,1.1251947254615295,0.9395008427211213
2021,14237,"Gaines, Greg",DT,17,7.8352941176470585,6.5,2.5,16.0,3.306489372781703,0.42199939442409123,5.6,9.5,-0.4746096202945462,-0.9140917442809836,5.510054468638046,1.8194156398407606,164.2404906639028,228.62484817779628,2.2750078823714883,2.1357114895508404,0.9331937049567922,0.6463990405686207
2021,15432,"Carter, Michael",CB,15,7.8,8.0,2.0,13.0,3.244482495971687,0.4159592943553445,5.5,10.5,-0.5208614997758595,-0.2736135304535897,5.508632932524497,1.8376798602427387,216.92759408703992,330.7207636129225,1.5590327112820124,1.5158958570692076,,
2021,13306,"Walker, Anthony",LB,13,7.884615384615385,7.5,3.0,16.5,3.4314935420300707,0.4352138150867407,6.0,9.0,0.0006766467589513383,-0.5452765908577404,5.493686934820133,1.779223033912724,211.2778342550272,457.5122482720178,1.7529325403119462,1.921226166620822,1.0397905449793274,1.3634808509163916
2021,14180,"Murphy, Byron",CB,16,9.93125,9.3,1.0,34.4,8.049279373801111,0.8105001257446053,3.75,11.5,1.5516056587117943,-0.15557205993668763,5.485362778373501,1.097463078524497,129.54923780479842,197.506559885065,1.4007906450814347,1.9532590569685166,0.9409173149033317,1.6083988846840678
2021,9904,"Joseph, Linval",DT,14,8.535714285714286,6.0,2.5,20.5,4.801280653988824,0.562493131011243,5.5,11.625,0.5473559822905769,-0.5971568211479753,5.462881158517469,1.471349999218764,132.82025311773896,184.88747860672012,1.277168761428613,2.169707725429396,1.984512141229756,1.5483597930448536
2021,13230,"Adams, Jamal",LB,12,9.075000000000001,7.2,3.0,21.5,6.032844133021616,0.6647762130051367,5.375,10.0,1.3185024341772118,-0.4041213895972171,5.451183125459519,1.2903741115759644,153.22837130372812,331.80885681366806,1.4520050998754865,1.3943937731610372,2.1126580332534486,1.1263722057896703
2021,12697,"Robinson, A'Shawn",DT,17,8.994117647058822,8.0,0.0,17.7,5.846715577568546,0.6500599399520295,5.0,14.0,1.2621036163394561,-0.3996179092019959,5.450782380257228,1.3136397364782715,118.58358813144778,165.06986019915206,1.7786049943681852,1.3078822974621056,1.2129117225943475,1.4042057953447926
2021,13262,"Kpassagnon, Tanoh",DE,8,7.95,9.15,1.0,12.3,3.6732138516563393,0.46203947819576596,5.725,10.274999999999999,-0.31781924954447577,-0.285510337800861,5.437609666881719,1.7011847204857236,174.0734618860644,231.29379497581476,1.5412432978978423,1.340435286117536,1.0514369981078462,0.9865484788183262
2021,14071,"Montgomery, David",RB,14,9.957142857142856,7.1,0.0,28.2,8.294896390097286,0.8330598957056099,4.275,13.649999999999999,1.0701850648620208,-0.07091612127524143,5.431978998869536,1.0712483968891922,155.98439354138486,300.990140304002,0.9762838896019335,1.1158797424585798,1.333188034615523,0.9427100020520462
2021,14221,"Williams, Quincy",LB,16,8.89375,7.75,1.5,20.3,5.673454497702436,0.6379147713509414,4.375,12.0,1.1364381900132083,-0.42063817212443905,5.429922335131329,1.3327055729625454,158.25511573775162,342.6940363007074,1.4452894319323335,1.7221329604669917,,1.0829761139673255
2021,14412,"Singleton, Alex",LB,17,9.258823529411766,7.5,0.0,29.4,6.532818401193759,0.7055775909802662,6.0,10.0,1.5717858577666792,-0.3790331052265625,5.428556037776232,1.229131386991153,145.9559664576077,316.06080494999406,1.077304909410513,1.2513676984075655,1.222329388010636,0.2020253873928561
2021,15329,"Pitts, Kyle",TE,17,9.964705882352941,9.5,-0.9,31.1,8.354212827808395,0.838380271976049,4.5,11.3,1.861119272085072,0.07927607649849851,5.420372506305248,1.0652639688429646,235.3606248866963,638.1331935533316,1.596848591087216,2.8592551227680105,,
2021,13767,"Maddox, Avonte",S,17,8.0,7.0,3.0,15.0,3.8128266494588408,0.4766033311823551,5.4,11.0,-0.15107750803939035,-0.05507978548212335,5.417839599206504,1.6622248384739826,192.46914332542332,354.06572760100414,1.5143758592273306,2.3050655979553376,0.9398204262683356,1.3584676867545211
2021,11706,"Clowney, Jadeveon",DE,14,8.792857142857141,7.5,2.0,17.8,5.501358830288371,0.6256622552724388,4.325,12.0,0.6109314228071581,-0.15387791673600112,5.4087847056420575,1.352464518939209,138.39072151000698,183.88164870554073,1.3271508204002478,1.586797566782417,1.5707078590388914,1.0938591762838556
2021,11883,"Mitchell, Terrance",CB,14,9.035714285714285,7.0,2.0,21.3,6.114339953030457,0.6766858446041614,3.65,11.0,0.7170025516139823,-0.19560754743328063,5.389032366911568,1.2700706383682705,149.92457275198484,228.57013370545593,1.18916358746665,1.7290549705403926,1.6481970401473864,0.5994400520009309
2021,14991,"Fuller, Jordan",S,16,8.5125,7.25,3.0,19.6,4.964986782459748,0.5832583591729514,5.25,9.75,0.3816870001874444,-0.02716123545201647,5.376570381378996,1.427077764033158,165.24144528750026,303.9777262199315,1.3201577351263163,1.3150843731091166,1.1308418764591068,
2021,13332,"Jones, D.J.",DT,17,9.341176470588236,9.5,0.0,27.5,6.908908045460066,0.7396186194762036,4.5,12.5,1.9883081233884397,-0.19758560583820597,5.369669171166292,1.1810955971286494,106.61869456632928,148.41457645193958,1.1694470283923981,1.9290879863263606,1.1230711947139032,1.0597897531085214
2021,14322,"Edwards, T.J.",LB,17,8.988235294117647,9.0,2.0,27.7,6.061923821298393,0.6744286973957636,4.5,10.5,1.3332339983246704,-0.39818619119722765,5.3679415003439885,1.2727743206475266,151.13844461110642,327.28321850789615,1.7428083372158734,3.813873004971917,1.0087663306554342,0.5972519506227052
2021,12768,"Schobert, Joe",LB,15,8.366666666666667,9.0,1.5,19.0,4.692073694599815,0.5608056208685037,4.25,11.0,0.6392776250034301,-0.46805167605222775,5.360479584902489,1.4698802432238873,174.54422997191762,377.96734976452007,1.4170652412246227,1.879934485439027,1.3319030690677294,1.1780497286561642
2021,15287,"St. Brown, Amon-Ra",WR,17,10.541176470588235,7.6,-0.1,33.3,10.331679370553315,0.9801258331440087,2.6,16.6,1.7220918605426851,-0.08685481348284889,5.323488181481448,0.9302395634296454,138.76029929061718,273.01396563201666,1.279589903267601,2.0943343652418167,,
2021,13747,"Walker, Tracy",S,15,7.573333333333333,8.5,2.5,14.0,3.2458109755327538,0.42858419571295164,4.75,10.25,-0.4132683424760312,-0.067649512960168,5.301285955745697,1.783718911881858,206.53695153444852,379.94483041832285,2.238451751304682,2.368720084109848,1.2567862332341126,1.9635362165732069
2021,13256,"Bowser, Tyus",DE,17,8.770588235294118,8.0,0.0,24.6,5.805855533640899,0.6619687731180098,4.0,12.3,0.765624579680926,-0.12466978978795655,5.277228054555844,1.2886826927109567,131.86425606315225,175.20984460268684,1.4117969099999723,1.9149141602909123,0.8717322282021903,0.713943774197382
2021,14159,"Lawrence, Dexter",DT,15,8.606666666666666,7.5,0.0,19.6,5.440400312068548,0.6321146760730305,5.5,11.6,0.9843121745731436,-0.44010000446297576,5.273322268858486,1.3363558551692494,120.63419514948583,167.92433120247276,1.7031596206833304,1.372008383607582,1.647748421327635,1.165047970826716
2021,13697,"Edmunds, Tremaine",LB,15,7.706666666666666,6.5,2.0,14.6,3.5568650366423644,0.4615309303601684,5.5,9.25,0.06418895808653552,-0.5290945081791233,5.273009627492108,1.6912211805037727,200.82785657135042,434.8833113496506,1.7619047619047619,1.8027035009535122,1.5819154610839519,1.5259682217112824
2021,12175,"Cooper, Amari",WR,15,9.706666666666667,7.7,-2.4,29.3,8.23419428696916,0.8483029828608337,3.1,15.2,1.007274895513087,-0.1099162919497957,5.251664232907599,1.0511655229481403,156.79836496149366,308.50425980342544,1.0701721088506428,0.791861023002432,1.3925079580140212,1.0290227144207458
2021,12151,"Gordon, Melvin",RB,16,9.05625,8.9,-4.0,22.7,6.563913538240735,0.7247937654372102,5.625,10.625,0.5206508356936401,-0.10152949813269908,5.250627745459396,1.1972968694333281,174.33830156468778,336.40615357070754,1.02648845266103,0.8832079071774656,1.0720890345953218,0.9751319798261953
2021,13266,"Witherspoon, Ahkello",CB,9,10.533333333333333,7.0,0.0,34.8,10.616967551989598,1.0079399574673669,2.0,18.0,2.659134146978838,-0.09650063761241551,5.24584079028893,0.9067196999727631,107.03307321463113,163.1791467303028,0.9959879350594458,1.1974722192153018,0.7086514827579694,0.9607354597106295
2021,14185,"Adderley, Nasir",S,15,7.566666666666666,7.5,2.5,15.0,3.3757303736459097,0.44613176744219074,5.0,9.5,-0.3531929742504346,-0.06305617340122245,5.2323493868404665,1.7292351266063113,200.22826979994989,368.3393961656658,1.7344433042678595,1.8093389135559068,1.1668330448955386,
2021,14079,"Sanders, Miles",RB,12,8.866666666666665,5.35,2.9,21.7,6.1706743733746166,0.6959407188016485,5.175,10.875,0.39580940175814744,-0.10968799782184943,5.228170164421696,1.2365178231477678,180.04926150360328,347.4261190573743,1.1801870475470118,1.5022528139046925,1.182066713606482,0.9309080281235961
2021,14171,"Burns, Brian",DE,17,9.129411764705882,8.3,-1.0,23.1,6.8369037286739465,0.7488876506923782,5.0,12.1,1.2894269671045024,-0.05474466997414909,5.220124781081039,1.1649258534723173,119.20085673977003,158.38381233410172,0.8367228113946054,2.228892785589319,1.8650453432646967,0.7631250425959706
2021,13227,"Lewis, Jourdan",CB,16,9.99375,5.5,2.0,32.4,9.148597484724093,0.9154318934057878,3.75,13.274999999999999,2.0257777703636384,-0.12417784374099215,5.217491696992854,0.9847419818396411,116.24315722149787,177.22054164139908,1.3109862437087445,1.3540302827311415,1.1108960232000042,0.9114571017974764
2021,13307,"Milano, Matt",LB,16,8.3625,7.5,1.0,19.0,5.041313692878078,0.602847676278395,5.0,11.5,0.816200134919165,-0.4422005138122392,5.217276802881634,1.3842188015924912,164.37216973996104,355.94023005889426,1.9746862283979096,1.7425965366359468,1.6484858930673165,1.5619106909697011
2021,14974,"Mooney, Darnell",WR,17,9.235294117647058,9.8,-1.7,25.0,7.11666984054882,0.7705948234989168,4.5,10.7,0.6264257350644478,-0.12351078668254724,5.215927435841567,1.1378181321987344,169.7240052660137,333.9357437070398,1.4347732225690362,1.5297528806013194,0.9217417618716981,
2021,13635,"Moore, D.J.",WR,17,9.441176470588236,10.1,-1.2,27.8,7.654146037089535,0.8107195179471781,3.0,14.6,0.8095960977973139,-0.11649125421891411,5.214046889653979,1.0909425875326904,162.73175846961857,320.17834309374575,0.980537846014633,0.8644952272420151,1.4528630694983262,1.4579723373461988
2021,13764,"Johnson, Taron",CB,16,8.4875,7.45,1.0,21.9,5.332902000787189,0.628324241624411,5.0,9.775,0.3799426230470057,-0.21007670823517505,5.212413954810928,1.340222855011019,158.2056405839924,241.19518073305096,1.4615480728812358,3.259471612327177,1.162295122938824,1.597628942414592
2021,13777,"Nichols, Bilal",DT,17,8.464705882352941,9.5,0.0,18.8,5.2894947136054045,0.6248881871528275,4.6,11.0,0.8811403586776732,-0.4564019889220861,5.209408222226679,1.3458483181553726,121.49108938756453,169.1171388608843,1.3110289761379665,1.6122323104924405,1.2554201445951325,1.1051793809018051
2021,12739,"Clark, Kenny",DT,16,8.5125,9.25,1.0,17.1,5.485307078915455,0.6443826230737687,2.875,11.625,1.0150142341970048,-0.4124251704516612,5.176714884086999,1.31258241073506,118.48814226682289,164.93699834382727,1.0018123502659613,1.266232226636232,1.3032987123767814,1.6047757151131246
2021,15029,"Crowder, Tae",LB,17,8.211764705882352,8.5,-1.0,16.1,4.850819500557573,0.5907158417584437,4.5,11.4,0.7196971261118483,-0.44966023525987725,5.162307742409055,1.4035238491120408,166.66459095550206,360.9043607638818,1.3362887780984225,1.5373123233738486,0.8453245769501965,
2021,14897,"Brown, Derrick",DT,16,8.59375,7.75,0.5,19.5,5.736774872478438,0.6675519851611273,3.75,13.6,1.1869388623442947,-0.36015821414046156,5.153512500043367,1.2756474964166922,115.15399018115164,160.29581631065764,1.3557574335487985,1.3200378196412241,1.1731516169837328,
2021,12817,"Brown, Anthony",CB,17,9.858823529411765,10.0,-15.2,24.0,9.055843665737052,0.9185521617991044,5.0,14.0,1.9857699930188888,-0.12324430013726027,5.138678908874047,0.9804073986356224,115.7314844725275,176.44046198868557,0.6818570831798192,2.566120532408066,1.5280128393576868,0.8415708904213431
2021,12741,"Jones, Chris",DT,14,9.807142857142859,7.0,0.2,34.5,8.930242700726424,0.9105855630747991,4.375,14.274999999999999,3.370263259845543,0.1880927627778476,5.133056088500816,0.9876035412936524,89.15197091395453,124.10067537282299,1.0201779957721935,1.2871348759825139,1.3003824915241076,1.4504198121737777
2021,14168,"White, Devin",LB,17,8.658823529411764,8.5,0.6,26.5,5.961450556161983,0.6884827408610986,3.5,10.0,1.2823349537278388,-0.38954452622133423,5.128168218643387,1.2438246109135025,147.70074632464397,319.8390439807102,1.0005469207428468,1.2783604812810048,1.6368382943204562,1.3685568822565333
2021,13322,"Clark, Chuck",S,16,10.412500000000001,7.0,1.0,37.1,10.870710360873389,1.0440057969626302,3.875,11.75,3.1125226087605173,0.09344630303467215,5.094163634698521,0.8771589638241245,101.56630464169768,186.84110570339826,0.8116404417336215,1.134842733334392,0.9490456318192209,1.3684512484690885
2021,12796,"Jefferson, Quinton",DT,17,7.458823529411766,6.5,1.0,14.5,3.464281408133653,0.4644541320053004,5.0,9.0,-0.3667296543628715,-0.8183195816295487,5.093244893370802,1.6707780821841196,150.82282794514794,209.94729132457383,2.2961988266616196,2.4388190976962694,1.1276423465059333,0.916350985086671
2021,13232,"King, Desmond",CB,16,9.6625,6.0,1.0,30.8,8.674882924282034,0.8977886596928367,2.75,14.75,1.8214490767733507,-0.12945646913653547,5.091452070097156,0.9987200956973902,117.89319359324963,179.7361334966053,1.0437747761290885,1.2812286259215602,0.8654028886434945,1.0569516781904407
2021,10261,"Green, A.J.",WR,16,8.9875,10.3,-3.7,21.9,6.881939679334598,0.7657234691888287,4.1499999999999995,13.175,0.546430362151787,-0.12436299578199883,5.089981617636226,1.140265006539448,170.08899620941344,334.65387148124296,1.259612636948023,2.3197041147149817,0.5520147832754021,
2021,11348,"Slay, Darius",CB,17,9.976470588235294,5.0,2.0,29.7,9.622799483320525,0.964549476512081,3.4,12.0,2.230316712085621,-0.10948250354594229,5.078248579388193,0.9391564440145868,110.86204527730612,169.01667316279676,0.9743694195152384,1.1553899367414553,1.2877633148799508,1.415280464810256
2021,10313,"Dalton, Andy",QB,8,11.5875,4.7,-2.9,42.2,14.865601022158508,1.2828997645875735,1.375,16.725,-0.9301605019996833,-0.08013352215181826,5.075781328530378,0.7303536742047435,67.47317902482817,125.36991004962437,0.8688615603259924,0.8575594257866874,0.9465570471686053,0.7096205113177805
2021,13760,"Whitehead, Jordan",S,14,8.478571428571428,7.25,0.0,22.6,5.717539252339315,0.6743517231065748,4.625,9.0,0.7296709609638078,-0.0033161839218080074,5.063793533679038,1.2621543559449766,146.14495103815247,268.8478658474995,1.4783817223872529,1.1651283093013423,1.2121230288703215,1.2947302131349743
2021,15256,"Williams, Javonte",RB,17,9.229411764705883,8.6,-0.6,28.1,7.631418394558299,0.8268585895952267,3.9,12.2,0.8595510493617248,-0.0726696052179572,5.052066874399307,1.0692810083826536,155.69792225802627,300.4373604404941,1.0010557474778212,0.7452718927793962,,
2021,12360,"Covington, Christian",DT,16,7.95,8.75,0.0,18.0,4.566864350952413,0.57444834603175,4.875,10.25,0.3870891936089346,-0.5701874683098682,5.0493876283951975,1.4280929979261783,128.91539984431915,179.4518732746643,1.2913525763747438,1.1134906949095145,1.1052336064286232,0.8957796413122343
2021,14840,"Aiyuk, Brandon",WR,17,8.894117647058824,8.0,0.0,20.3,6.801165175972795,0.7646812697853009,3.2,13.7,0.5189026405976513,-0.1245453212214131,5.040070294473586,1.1401011831479058,170.06455929688588,334.6057913139973,1.8746251840067678,2.098389367766038,1.43181484660991,
2021,13759,"Armstrong, Dorance",DE,13,9.246153846153845,5.0,1.0,25.6,7.718072236851275,0.8347332702085406,3.0,17.3,1.737086126520384,0.014317027526743999,5.0395084649568185,1.0605732087273114,108.52298859941705,144.195982565713,1.2301177036204174,1.3674713315382052,0.9579897703762752,0.5988255453651032
2021,14518,"Thompson, Jalen",S,17,8.029411764705882,6.7,2.0,20.5,4.764422649533834,0.5933713189895619,5.5,8.5,0.2889451593741312,-0.024514016845338202,5.039259630829644,1.3929255803883873,161.28696128710703,296.70306789967077,1.4491498670995056,3.0371342104813226,,1.0476287698628959
2021,15346,"Rousseau, Gregory",DE,17,8.458823529411765,6.0,0.0,21.0,5.776428656850325,0.6828879496971872,4.0,12.0,0.7506748727791767,-0.10784058111054795,5.026373580566558,1.2482716129329714,127.72919861124936,169.7155370837174,1.3358512339622979,1.168036431561594,,
2021,15618,"Jones, Naquan",DT,12,7.308333333333334,7.5,3.0,13.5,3.334281115256414,0.4562300271730555,4.375,8.125,-0.45560883724065887,-0.8368720530504254,5.018666829388779,1.6861696643552793,152.21224164069378,211.88137282857,1.6700794457139267,1.85585951192587,,
2021,15362,"Surtain II, Patrick",CB,17,9.488235294117647,7.0,0.0,40.5,8.457637158070678,0.8913814735722352,6.0,10.0,1.7277438219537304,-0.13137341565101449,5.016563515448474,1.0032352833520217,118.42618566437204,180.54871589536882,1.0263996739708614,1.5035069362457008,,
2021,10823,"Hicks, Akiem",DT,10,8.11,7.75,0.0,19.9,5.008283138960896,0.6175441601678047,5.05,10.375,0.6888803689730199,-0.4729691234045624,5.013773471976595,1.3498032320431865,121.84810346573573,169.61410699029798,1.3498032320431872,1.520263681145565,1.3154214030874947,
2021,14797,"Swift, D'Andre",RB,13,9.684615384615384,9.0,-6.2,23.7,9.078702563510184,0.9374355307834186,4.3,17.9,1.3190196046507319,-0.04140282248593333,4.9986774944193,0.9608990168713195,139.91642912739832,269.98512272778925,0.7685123819966336,0.655281054801497,0.9189211342328971,
2021,12634,"Howard, Jordan",RB,8,8.649999999999999,10.649999999999999,-0.8,17.4,6.360031446463139,0.7352637510362011,3.7,13.275,0.4559244936469406,-0.09856900056952335,4.984832994312657,1.175266717665555,171.1304929246939,330.2163114288141,0.9086743604337546,0.8003970919686939,0.18333418879545815,0.9204539909219108
2021,13226,"Jackson, Adoree",CB,13,7.8076923076923075,7.0,3.0,16.5,4.426921406134818,0.5669948598990407,4.0,9.0,-0.010836649497886769,-0.22842565929117511,4.982589609895304,1.4386964032436818,169.82987958310943,258.91711792774737,1.4375671121088127,1.3082466681587708,,1.043587865323176
2021,15357,"Barmore, Christian",DT,17,6.647058823529412,7.0,1.5,10.2,2.245549231141675,0.3378259905257387,5.5,8.0,-1.199957931319155,-1.1039755920767131,4.968552614916123,2.0480536113116363,184.87987168080042,257.3551285879302,2.262089378493524,1.817024305991613,,
2021,15351,"Owusu-Koramoah, Jeremiah",LB,14,7.207142857142857,6.0,2.5,12.8,3.2556465861449935,0.4517249970865204,5.0,9.5,-0.08840617579747555,-0.5351240604809818,4.964537272284306,1.693548256710738,201.10419046079699,435.4816994365043,1.8511970601078642,1.8491264444776045,,
2021,15258,"Carter, Michael",RB,14,8.757142857142856,9.05,-1.0,25.9,6.788826354039858,0.7752330257468028,4.175,11.0,0.5920537907995777,-0.08726727152091397,4.932954001043842,1.1243212339174513,163.712325103676,315.90208855975237,1.4508793398533522,1.3687366374657033,,
2021,13590,"Mayfield, Baker",QB,15,13.013333333333334,17.9,-16.0,49.3,21.338224439306618,1.639720115725406,-8.5,26.15,0.3352797502848004,0.15721344097282372,4.9298155724199635,0.5825589839824024,53.819276888785105,100.0,0.22665338485602238,-0.09025201522992893,0.9115688116882409,0.7851710793449214
2021,12276,"Darby, Ronald",CB,11,6.7272727272727275,7.0,2.0,10.0,2.4528613751330983,0.3646145287360011,5.0,8.5,-0.8623137643811241,-0.2889752146060552,4.9297970859976,1.9483182197007285,229.98781945610313,350.6319589829333,1.8787893146779202,1.6698393644890983,1.2086438834009032,1.2488294686618877
2021,14109,"McLaurin, Terry",WR,17,9.358823529411765,8.7,-3.0,25.1,8.434108539212136,0.901193244290423,2.0,11.4,1.075405105435866,-0.10066351352443541,4.922605083685079,0.9920199126936631,147.97583912698786,291.1457445992699,0.9437188256311753,1.0272395696755166,1.2996844274056725,1.1991357423386757
2021,13108,"McKissic, J.D.",RB,11,8.70909090909091,6.7,-3.1,19.1,6.744216990126976,0.7743881721440159,4.699999999999999,14.85,0.577891679149965,-0.08750616268352758,4.908221913228606,1.1245928310368942,163.75187233855345,315.97839957718276,1.2808701070457256,1.7537850525501495,1.038632534036716,0.5531742940731164
2021,15282,"Smith, DeVonta",WR,17,9.076470588235296,7.3,-2.3,26.2,7.712673253789712,0.8497436507739797,3.7,15.0,0.8295420071821666,-0.10966425725334006,4.906880250372785,1.0417549612901351,155.39462725403337,305.7423747384597,1.1244757704945676,1.2316800982143459,,
2021,12287,"Hicks, Jordan",LB,17,8.53529411764706,7.0,-1.0,21.2,6.327804300579782,0.7413692150920488,5.0,12.0,1.4679271662434885,-0.35702525920843714,4.901484443203439,1.1647819411568812,138.3146470208433,299.5138858299371,1.1521161935983275,0.7217667453796389,1.865390636341934,1.6546641557980954
2021,14908,"McKinney, Xavier",S,17,9.594117647058823,6.0,1.5,36.7,9.21810689945005,0.9608081992069334,4.5,9.0,2.34835064585293,0.07166808648840746,4.892940396179111,0.9389329884163954,108.71912375367374,199.99941284564053,0.9170341853017914,1.3003348313276513,,
2021,13284,"Hendrickson, Trey",DE,17,7.788235294117648,7.8,0.0,16.4,4.626634191789607,0.5940542391270643,4.1,11.5,0.16654593608488957,-0.17930615945750902,4.885803194741127,1.3841730293187091,141.63528990198844,188.1927512039282,1.724060746129177,1.2968087174755827,1.2009536839180903,0.790753079013761
2021,15001,"Curl, Kamren",S,16,6.7,6.5,2.5,13.0,2.50873474086042,0.3744380210239433,5.25,8.0,-0.7540960160287522,-0.08182308466582887,4.874719629051416,1.9095202387277104,221.10349695405108,406.7414088906675,2.3072990488513794,3.35927248007763,0.9858473865560377,
2021,10763,"Brockers, Michael",DT,15,7.2,8.0,1.5,13.5,3.4389921004077144,0.4776377917232937,4.5,9.25,-0.3840195616121486,-0.7885790232186617,4.872642023863647,1.6219898204681849,146.4186621968721,203.81663668831905,1.9558741952237897,1.9805659915296379,1.4240202627957834,1.4958197336174963
2021,14956,"Sneed, L'Jarius",CB,15,8.546666666666665,7.8,2.2,25.3,6.484120774802258,0.7586724775509663,3.5,10.0,0.8765012002450638,-0.1710782162568528,4.859726171736251,1.1419733758762707,134.80342376259827,205.51692112767688,1.038218541737945,0.8519339181943946,1.3816047343060402,
2021,12349,"Diggs, Quandre",S,17,8.582352941176469,7.0,1.0,20.8,6.60117951083411,0.7691573110636045,3.5,15.0,1.1382705594764233,0.02150059781252712,4.851096557386873,1.1290817338208987,130.73646177276365,240.50244970067388,1.140037499658807,0.8061810228323812,1.1534024251194968,0.8433541998402707
2021,13998,"Moseley, Emmanuel",CB,10,7.4799999999999995,7.8,1.0,15.2,4.065661077856834,0.5435375772535875,4.25,8.75,-0.16666012862877091,-0.2354437722911653,4.846010949282585,1.4766088542119002,174.3052275217826,265.74008802493853,1.4766088542119002,1.4292856034570196,0.8970749245991501,0.8749460694200313
2021,12217,"Fowler, Dante",DE,14,7.614285714285714,8.0,2.0,15.3,4.398677908978876,0.57768753025989,3.25,10.425,0.050737532811715946,-0.19247296637486344,4.826231790671138,1.4103982202053438,144.31877847985191,191.75833926211567,1.3584339517684538,1.485239292011356,0.9310446555770285,1.0681555117347814
2021,14803,"Edwards-Helaire, Clyde",RB,10,8.57,8.600000000000001,-3.3,20.8,6.6792289974217836,0.7793732785789712,6.05,10.625,0.5572599747756874,-0.0860965718762318,4.81630251683003,1.1159974527230903,162.50029998854492,313.56334427147533,1.1159974527230903,2.0212736088809957,1.372170535138875,
2021,12702,"Jack, Myles",LB,15,6.260000000000001,5.5,3.0,9.0,1.8778711350888804,0.29997941455093935,5.0,8.25,-0.786377462313493,-0.6284306230427629,4.815460868018771,2.1752190095220043,258.301265553826,559.3392849360228,2.503011370797647,2.843309328228525,1.9654505709877537,1.3478816333420696
2021,10762,"Cox, Fletcher",DT,17,7.870588235294118,8.0,-1.0,21.5,4.99420425338887,0.6345401517758653,5.0,9.5,0.6792548533855036,-0.434628458370513,4.815169714089326,1.3130330403480028,118.52882105792304,164.99362373749074,1.7098788976766552,1.8704753813418953,1.4031509097093584,1.4257528063384433
2021,12270,"Smith, Preston",DE,16,8.93125,8.600000000000001,0.0,26.6,7.660753777370736,0.8577470989358417,0.75,13.55,1.7079666866494037,0.03283135693411689,4.807570419631401,1.0312324111252338,105.5206960490621,140.20679529916845,1.2223888325381163,1.9757587578667002,1.0166073181504336,1.1846436717689415
2021,13646,"Gallup, Michael",WR,10,7.37,6.45,3.3,17.2,3.9332048001597877,0.5336777205101476,4.35,9.174999999999999,-0.4584901178579521,-0.16495776387421146,4.805442435160703,1.4939578425289144,222.84801196004528,438.45840481360943,1.4939578425289144,2.415091322197158,0.9060154340319142,1.347743822937898
2021,14630,"Cole, A.J.",PN,17,7.405882352941177,6.5,2.0,14.0,4.020604371928545,0.5428933623731952,3.8,11.0,0.5127575182717465,-0.8813230383145876,4.799996249611087,1.4750977779387113,160.97793362935658,210.88580860785223,1.262529644142139,2.048635124131503,0.5626689395466355,1.066172575586989
2021,14127,"Meyers, Jakobi",WR,17,8.241176470588234,9.2,-2.9,16.6,6.0018682212565055,0.7282780853773062,4.7,13.8,0.246504506375223,-0.1309138017356022,4.7684319672369595,1.1769967971647046,175.56813777790293,345.43420400805303,0.9846116079744608,1.0490834498703852,0.9283732346702628,0.6888722117015216
2021,11936,"Boswell, Chris",PK,17,8.92941176470588,10.6,-5.4,24.6,7.84630034256553,0.8787029369144534,4.3,13.1,1.181654624900619,-0.584522546534323,4.752966309496157,1.0093950486555883,134.27383236679245,183.82108061883034,1.0363256164296974,0.6972535701634177,0.9259503429114365,0.9931029918833257
2021,15380,"Campbell, Tyson",CB,15,7.966666666666667,7.0,2.0,21.0,5.423610933276422,0.6807879832564547,4.0,10.0,0.4190683734887884,-0.19438024105519072,4.739840328481877,1.2402162505510268,146.4004330678939,223.1973448156593,1.110626081134912,1.1326930708387446,,
2021,13798,"Fatukasi, Foley",DT,16,7.4375,7.75,0.0,14.0,4.293436123898899,0.5772687225410285,4.875,10.5,0.20015055786918876,-0.5638250792533296,4.715429840019879,1.4050419851901195,126.83456160199125,176.55532002332086,1.2624389755476708,1.5950706561853027,1.3076719688340888,1.1464233039436127
2021,14675,"Tuttle, Shy",DT,17,6.852941176470588,7.0,1.5,12.5,3.123745422906295,0.455825512355425,4.5,10.0,-0.5995488229786762,-0.8377845839272191,4.707254487787484,1.6618245002235945,150.01457904248113,208.8221985906498,1.8975405927284887,2.4340461125227746,1.098124961044367,0.9808654522381871
2021,10277,"Houston, Justin",DE,15,6.553333333333334,6.9,2.0,13.3,2.597143730245894,0.3963088092948973,5.0,7.85,-0.8644940813760787,-0.3383898160753289,4.69332664071826,1.8218158140946346,186.41701977412814,247.69484954496312,2.079033010037609,2.5471209194867135,0.8266739655684369,1.8876435506273261
2021,12083,"Autry, Denico",DE,17,7.876470588235295,5.5,0.0,19.2,5.370675213521569,0.6818631712462037,3.5,11.2,0.5445403551641904,-0.1086650022025751,4.683181558936864,1.2363635445608214,126.51070736749763,168.096511065285,1.332677035627595,2.9187881094385606,1.101150210454186,1.1088778901161143
2021,14558,"Harty, Deonte",WR,13,8.515384615384614,7.4,-2.7,19.3,7.019077975154699,0.8242819663686639,4.1,16.5,0.5931667042476959,-0.11411859946627224,4.667800686718933,1.0618907362875893,158.39820426251285,311.65197910194337,1.1013483206068038,0.7029979821294695,0.9780824464000596,0.4548966890785687
2021,13952,"Luvu, Frankie",LB,16,8.675,6.5,-0.8,24.0,7.456917929010618,0.8595870811539617,3.0,11.15,2.0399281343653555,-0.2843344926548888,4.6650141248651575,1.025787417215115,121.8094301750696,263.77261228861465,1.2896782123980008,1.5872234909313776,0.696268644381275,0.4485623252817612
2021,13204,"Harris, Charles",DE,17,8.594117647058825,6.1,-3.0,29.5,7.269959995701513,0.8459227921076365,4.0,9.5,1.5094321110449473,0.023318854072238163,4.655729743304289,1.0391970035557367,106.33567173053503,141.28966465868203,1.0367306713860804,0.8082670705250397,0.9164155527470658,0.8329931533516256
2021,12088,"Phillips, Adrian",S,17,8.552941176470588,6.5,3.5,33.7,7.1602758447569865,0.8371711785479283,4.0,10.5,1.3967994521729847,0.03930424568433278,4.655494967665833,1.0481191247923183,121.36179497652688,223.25683742809042,1.1125055533405763,1.6540803088495066,1.544178481410647,1.7685715547591692
2021,15259,"Stevenson, Rhamondre",RB,12,9.458333333333334,8.05,-4.8,23.4,9.826533665992748,1.0389286695322728,1.1749999999999998,18.225,1.5564331573096308,-0.012704579579658632,4.638874068852571,0.8736252641085788,127.20850495564807,245.46369598381884,1.193597646524136,0.9372820226580197,,
2021,12910,"Harris, Erik",S,12,7.516666666666667,5.6,1.0,18.0,4.690741471831032,0.624045428624971,4.875,10.0,0.2548746206703097,-0.01648460950637374,4.6283598563069726,1.3208589256556285,152.94235773066086,281.3523572418093,1.3551160815693726,1.2386556005223057,1.2912144942399495,0.7619492143526713
2021,14852,"Gibson, Antonio",RB,15,8.566666666666666,9.1,-2.8,18.7,7.297092267167488,0.8518006537549597,2.55,14.75,0.7534127069110714,-0.06561697659040887,4.6261278984299645,1.0324902255897421,150.34081931296697,290.1002034310746,0.883829577806509,1.1829299668153916,1.2292149554698202,
2021,14158,"Oliver, Ed",DT,17,7.141176470588235,8.3,0.0,13.7,3.883154997365417,0.5437696454300832,5.0,10.0,-0.08035228154294101,-0.6393944796201434,4.625804433794754,1.4624103626530545,132.01326307997186,183.7641382287189,1.7305025643858132,1.469009165336151,1.086539174236135,1.2500552294652318
2021,14210,"Pratt, Germaine",LB,15,8.08,6.5,0.0,21.0,6.0493746233253995,0.7486849781343317,3.25,11.55,1.3268766635011762,-0.3525268831068997,4.620614976987184,1.1462009655813161,136.1082073541323,294.73594413930516,1.1844426825065217,1.4896224350947103,1.464380968503125,0.9482496669827548
2021,12215,"Gregory, Randy",DE,12,8.183333333333334,7.15,0.0,20.3,6.378718958815756,0.7794768585110903,2.75,11.2,1.0566558149032714,-0.030136045456387716,4.5987298425338485,1.1090452663949562,113.48288435990727,150.78626405203804,1.2510083125611906,1.1393576239342942,0.8871235525433825,
2021,13933,"Ford, Poona",DT,17,6.947058823529411,6.5,1.5,14.0,3.575754572288998,0.5147148833946907,4.5,8.5,-0.2905171818857175,-0.7049381045248929,4.586380512720696,1.5182323950679417,137.0523744258982,190.7786451980811,1.5703539960845314,2.4075279026702914,1.546264229277016,1.233443076049846
2021,12292,"Blackson, Angelo",DT,17,7.570588235294117,7.0,1.0,17.4,4.937225311004785,0.6521587434893656,4.0,10.5,0.6402992346845504,-0.39488329146076806,4.582240214584348,1.2751054303534441,115.10505732916853,160.2277011594527,1.3347962565929763,1.6726340999259972,0.7910573522725834,0.6976274919596175
2021,15464,"Echols, Brandin",CB,14,8.842857142857143,5.8,-2.0,30.0,8.229538633632446,0.9306424949180472,5.0,12.25,1.6293574150321364,-0.11962703016960223,4.5802664999521365,0.9581039198030729,113.09868639513164,172.4265835595281,1.1363595976265377,1.1733353405691018,,
2021,12173,"Brown, Malcom",DT,17,7.358823529411764,5.5,2.5,17.0,4.467010952662985,0.6070278672683513,4.0,10.5,0.3188209747371874,-0.49669246198674116,4.579151164267236,1.346041482837578,121.50852655886813,169.14141162471873,1.304775895231919,1.2717372984646573,1.1732392722867364,1.1664562391216546
2021,13738,"Jackson, Donte",CB,14,7.985714285714287,7.0,0.0,20.2,5.943286385597154,0.7442397978386417,4.1,11.75,0.6432215136509744,-0.17539628577260694,4.578335097966294,1.1501346541429573,135.7668159710939,206.9856775954436,1.1299969045575597,1.056505872764501,0.9932365437214382,0.8216292034088807
2021,11283,"Richardson, Sheldon",DT,17,8.152941176470588,6.5,0.0,21.5,6.467940634805125,0.7933260518880746,2.0,11.0,1.6868255477164356,-0.07642888115697036,4.546268185803075,1.0917254937020984,98.55116490678148,137.184472741653,1.7224846732524262,2.599493372708159,1.5435247846193223,1.564540597961988
2021,12233,"Alexander, Kwon",LB,12,6.958333333333332,8.5,1.0,12.5,3.7388630922009196,0.5373216419929466,4.025,9.325,0.15638788417731897,-0.4824916966942647,4.526270328382755,1.468355003710732,174.36311198113322,377.5751472438038,1.9661629963053742,1.6803469681124739,1.2861625201690912,1.0975501895792772
2021,13479,"Davis, Michael",CB,14,8.078571428571427,6.0,-1.0,21.0,6.362409535863031,0.7875661671271658,5.0,8.75,0.8240031338472305,-0.16243360121352804,4.519313229985028,1.097272759579578,129.5267717421704,197.47230885573427,1.0084055390059996,1.559406582376033,1.1623585013419573,1.2281719095670278
2021,13848,"Johnston, Cam",PN,17,6.81764705882353,7.2,-2.6,13.1,3.469740674174478,0.5089352153664031,5.7,8.8,-0.09500171626462663,-0.9469602333628575,4.518184074037966,1.5252891735341425,166.45533809010803,218.06136890195694,1.7583665915777262,1.490384359228949,0.6418728079900815,0.9956672054007625
2021,13253,"Williams, Marcus",S,15,8.0,6.5,1.5,21.5,6.199462342278831,0.7749327927848538,3.75,8.5,0.9525145663453354,0.023012416602700644,4.5072129111142685,1.1111940891780228,128.6652500083644,236.69225401056346,1.1188999390309988,1.8111468718235737,0.9924898438198934,0.9361985320728202
2021,11313,"Mathieu, Tyrann",S,16,9.075,5.25,1.0,40.5,9.249222940333961,1.019198120146993,4.0,10.274999999999999,2.3627388560892157,0.08695252229731064,4.4943583838813,0.8854329789516998,102.5243534968261,188.60352984634164,1.21113356284243,1.0710866442166334,0.9592145876138181,1.3206095112290273
2021,11720,"Barr, Anthony",LB,13,8.03076923076923,7.0,0.0,26.2,6.3255750258995445,0.7876673882825104,6.5,9.0,1.4667978314775292,-0.3285570605227914,4.492317353556882,1.0962646894443746,130.17841211661656,281.89525045993975,1.2670020143337313,1.395423615115569,,1.409450563500967
2021,13772,"Schultz, Dalton",TE,17,8.21764705882353,7.5,-3.8,22.5,6.815918676513409,0.8294246063044233,3.3,12.3,1.257133304219691,0.0785751741893365,4.491929883584436,1.0513987413299608,232.29722585405912,629.8274006503511,1.0652928812140434,0.886216466293758,0.8858142337281315,-2.5024565450237316e-18
2021,14225,"Crosby, Maxx",DE,17,7.758823529411765,7.0,-1.0,20.4,5.670051231590252,0.73078749762725,5.0,10.0,0.6966320553942787,-0.06930601046827174,4.482828504393749,1.163232973783611,119.02763308896884,158.15364769476346,1.9483140582716243,2.140598352975349,1.497603426580028,1.23547409440871
2021,11010,"Gipson, Tashaun",S,12,7.3999999999999995,6.2,2.0,16.2,4.863297920821494,0.6572024217326343,3.75,9.0,0.3346655707775027,-0.007805270253789943,4.465356737931368,1.2620883502646922,146.1373082352988,268.8338061675605,1.2984547241190323,1.271034100901977,1.2959432468204595,0.9050084036191997
2021,13761,"Averett, Anthony",CB,14,8.057142857142859,7.0,0.0,19.0,6.552830826195248,0.8132946060880626,2.0,13.0,0.9061381086494625,-0.154735987868023,4.443372207743479,1.0667712600153205,125.92624421848775,191.98306154695769,0.8569144939317931,0.5915148045708015,1.0285937711728765,0.690744424663303
2021,13293,"Reeves-Maybin, Jalen",LB,15,7.066666666666666,6.0,0.5,15.0,4.206608557443342,0.595274795864624,4.25,10.0,0.39334442443722417,-0.4468569883421302,4.429748833859436,1.3572494626207676,161.16963502642102,349.00529122762873,1.7905391893477935,2.2006987771691353,0.4443846348772245,0.5932820483852919
2021,14904,"Fulton, Kristian",CB,14,7.6571428571428575,8.5,-1.8,18.0,5.589494519148564,0.7299712991425363,3.5,11.0,0.4906194281105787,-0.17966523446982058,4.4261675675996095,1.1620227977869606,137.17014331588732,209.12514488185417,0.9764786893951563,1.0416974256768219,,
2021,12698,"Reed, Jarran",DT,17,7.4529411764705875,6.5,0.0,17.5,5.115158285982696,0.6863274732573469,3.5,10.6,0.7619492484886302,-0.317803245007238,4.419628627691348,1.2187650471050582,110.01915392904324,153.14805905658034,1.6031129800460198,2.3655938092482796,1.52251923654745,1.0528043305038666
2021,14962,"Gipson, Trevis",DE,16,8.393749999999999,5.5,-3.0,22.5,7.577967137531014,0.902810679080389,3.875,15.925,1.6659086724811791,0.06908442794450251,4.411237593041375,0.9785243829245959,100.12735526273427,133.04058946542628,1.1302753985965293,0.905118726426641,-0.09471994534451854,
2021,15355,"Bolton, Nick",LB,16,7.6875,6.0,2.0,22.0,5.7550928532909005,0.7486299646557268,3.0,10.0,1.1777956028161831,-0.3525607102437258,4.3962989056484165,1.1380302487263156,135.1379572345398,292.63491297734646,0.9914438541112417,0.8030631707846464,,
2021,15385,"Ojulari, Azeez",DE,17,6.923529411764705,6.0,3.0,19.6,3.986968391524732,0.5758577965668688,4.0,7.7,-0.15842284320793004,-0.1939449636127753,4.393498846690459,1.3883243021012779,142.0600682436895,188.75716000933176,1.9732420783232854,2.0769765015989,,
2021,14858,"Jefferson, Van",WR,17,8.076470588235296,7.2,-3.3,21.5,6.78324314345672,0.8398771554170736,1.7,11.6,0.5127948627685899,-0.1113903310692888,4.389679258996221,1.0376741981939865,154.78591533635486,304.54472054325777,1.2466421547061424,1.0873355225720946,0.24461373319863777,
2021,13317,"Godchaux, Davon",DT,17,7.935294117647059,5.5,1.0,23.5,6.4276005198601585,0.8100015480920881,3.0,11.5,1.659245637132,-0.03881121053330268,4.384136646740223,1.0683523025275004,96.44124329083168,134.24743506498953,1.1020479167259885,1.0813941051424654,,2.075060724797189
2021,12302,"Wilson, Damien",LB,17,6.53529411764706,5.5,2.0,13.9,3.2247099598660833,0.49342996685619633,4.0,7.5,-0.10407845158654151,-0.5094801682112414,4.376029852544367,1.5469213696871673,183.69265152305627,397.777827880977,1.4967007390622833,1.8845468623347312,1.3235842732550085,1.1683892787777836
2021,14269,"Watts, Armon",DT,17,7.341176470588236,10.0,0.0,16.1,4.984571351389548,0.6789880847245378,2.5,11.0,0.6726689877732625,-0.33435991576704943,4.372381517997885,1.2266837572057185,110.73398390185336,154.1431114541105,1.317574484462011,1.3250048818356401,1.1427533872176072,1.0796384207960763
2021,14384,"Reed, Malik",DE,14,7.907142857142857,5.5,1.0,21.8,6.472520406160436,0.8185662663617536,3.5,9.774999999999999,1.1043096707556215,0.0013108807314218369,4.348009200105744,1.058162765353456,108.27634035615776,143.8682576638845,1.1496445780694575,2.2349731104463575,1.0840207684416487,0.7329097537836139
2021,14813,"Robinson, James",RB,14,8.628571428571428,7.65,-5.5,27.4,8.54261824797364,0.9900385386724418,2.25,15.1,1.1488291947390068,-0.026528773692000285,4.335881572588821,0.9042142527711083,131.66256515254048,254.0583263384859,0.7852802798289976,0.33227060986933005,1.3940792695111999,
2021,12791,"Lowry, Dean",DT,17,6.9411764705882355,5.5,1.0,16.3,4.205746604144132,0.6059126463597477,4.5,8.6,0.1401985939908528,-0.4992082499608574,4.322262787034129,1.3333681022934505,120.36448767442715,167.54889497302378,1.3537538503040913,2.4661016949152543,0.9289721881053509,1.2114648440340754
2021,12782,"Onyemata, David",DT,11,7.509090909090909,6.0,0.0,17.5,5.542473118064067,0.7381017469576845,3.55,11.25,1.0540977680524721,-0.20100746567863517,4.320282700500457,1.147745015315075,103.60810380243572,144.22379588657247,1.1490983389605456,0.8965894967909767,1.633953048186363,1.3384983019407886
2021,11788,"Breeland, Bashaud",CB,13,7.438461538461539,6.0,2.0,20.7,5.397369510524186,0.7256029331625069,3.0,10.0,0.4077495834902049,-0.18097219259180503,4.310644931988551,1.162737516759767,137.25451180170117,209.25377033483375,1.1035651043272348,1.2064183621311415,1.1562782908244316,0.8087153613375748
2021,12794,"Blair, Ronald",DE,8,6.574999999999999,5.0,3.0,13.7,3.4794934976228937,0.5292005319578547,4.0,8.475,-0.41623480802572294,-0.2314801332907132,4.299632299749429,1.4677998759210422,150.19239397151395,199.56269268035487,1.2525732246931267,1.569761190139716,,1.0563807562960787
2021,13273,"Griffin, Shaq",CB,13,5.846153846153846,6.0,2.0,9.0,2.106625221173716,0.36034378783234616,4.0,8.0,-1.0116568222475069,-0.2902529645785713,4.2975561754646305,1.8818342831663186,222.13977110455843,338.66707938973326,1.7120758196182773,1.752509348942124,1.7084619388557807,1.829820865302169
2021,13690,"Sweat, Josh",DE,17,7.794117647058823,6.0,0.0,19.8,6.370471456210637,0.8173435075892892,3.0,13.0,1.0524658443707056,0.00032718701546469164,4.288742119753541,1.0574788456023674,108.20635837401873,143.77527164491588,1.0431362636639236,1.7538906121164841,1.140222244050322,0.8468171898594047
2021,15288,"Moore, Elijah",WR,11,8.990909090909092,6.4,-4.1,30.7,9.923567407069124,1.1037334830916112,3.0,12.45,1.5830084613742184,-0.06523052640748163,4.2737871328150385,0.8230744367532055,122.77488474179346,241.56230805735467,0.984791217007482,1.5708629388910345,,
2021,13718,"Carlson, Daniel",PK,17,8.15294117647059,8.0,-5.4,21.8,7.410256615947039,0.908905934134918,2.2,14.5,0.85697088242482,-0.5523114144058389,4.271002059703563,0.9694045673958935,128.95413599609648,176.53840820091517,1.09257184902632,1.3179962920690387,1.0713678273308571,0.4229195231869398
2021,14080,"Singletary, Devin",RB,17,7.9529411764705875,6.3,-3.0,21.0,6.89297320354396,0.8667200034041962,3.2,13.1,0.6251172371538659,-0.061398374963584454,4.260382468697721,1.0075976405063305,146.71621198642276,283.1060994505761,1.6956190260063926,3.540708231796426,1.0538794032115573,1.0813795296890452
2021,13934,"Facyson, Brandon",CB,12,7.7,5.2,0.0,18.0,6.236719223010338,0.8099635354558881,3.5,13.85,0.7697887618039068,-0.15573260075200004,4.2542293527811585,1.064018067125858,125.60124554897531,191.48757913216073,1.1315799431503937,0.9066252772548389,0.39937588680351005,0.6934392498051091
2021,14170,"Bush, Devin",LB,13,6.623076923076923,6.9,1.0,14.0,3.6941021280609414,0.5577622260719192,4.0,9.5,0.13371229672761523,-0.46992302348944975,4.251661012334206,1.4109358387165747,167.5447443040808,362.8102915907112,1.6231818040725967,1.2822005057389423,,1.5145884660214184
2021,14186,"Rapp, Taylor",S,17,7.641176470588236,7.5,1.0,28.7,6.148750119144676,0.804686312744107,3.5,9.0,0.9290649851236806,0.030800845814190153,4.23407459602743,1.0688828596938673,123.76602945566401,227.6796608244612,1.4518105067214067,1.9375367349133856,1.3610302429332966,1.3237773977962164
2021,14896,"Queen, Patrick",LB,17,6.958823529411765,5.5,1.5,17.0,4.493925157565411,0.6457880615267286,3.5,9.6,0.5388969793698067,-0.4157969791876898,4.22826224839446,1.2666396665104027,150.40997133075277,325.7057437601269,1.2105393278449135,0.9296237202582611,1.0568458979423634,
2021,11660,"Freeman, Devonta",RB,16,6.91875,5.55,0.1,15.6,4.407978384418417,0.6371061802230774,4.725,9.65,-0.1637927806148968,-0.12632407687330632,4.2262072451874975,1.2793597733183348,186.2874744473911,359.4634809149807,1.5178808236788133,1.3890447401131598,,0.9030449636376742
2021,13153,"Davis, Corey",WR,9,8.655555555555557,5.0,-2.4,24.9,9.122025982460878,1.0538926038786636,2.2,10.9,1.3098454181811254,-0.07394983690846077,4.21422012972344,0.8551208592581787,127.55512775961255,250.96754218881347,0.7422657305498225,1.235741132374586,0.8754319583162977,0.8535405047325801
2021,15499,"Gillikin, Blake",PN,17,6.647058823529412,5.9,-0.2,13.7,3.8425049499847677,0.5780759659269119,4.9,9.2,0.3162632334001281,-0.813319109498938,4.212128545804916,1.3726488443858629,149.79764587316822,196.23930414121597,1.206492463930323,2.345487671928748,,
2021,13782,"Dickson, Michael",PN,17,7.158823529411764,8.8,-1.8,14.0,5.011992538317695,0.7001139946705079,3.3,11.6,1.606540455121008,-0.5774336268679919,4.210790306916558,1.1907572213013726,129.947749773706,170.23535878461118,1.039935328630905,0.4824102883108703,1.34775813810669,1.3824603839670204
2021,13268,"Anzalone, Alex",LB,14,6.685714285714285,7.0,0.0,13.0,3.937703671441216,0.5889727713694127,3.875,9.9,0.2571191134916141,-0.45073202861020806,4.207570076831703,1.354012863182383,160.78529775860298,348.17302688662875,1.2436760943574154,1.0305256103651041,0.644430442190382,
2021,14143,"Knox, Dawson",TE,15,8.006666666666666,7.7,-2.7,26.4,7.353771519129184,0.9184560598412803,3.3,12.4,1.468312401171312,0.08554309300856412,4.173494944329912,0.9584493241564379,211.76087660291918,574.1472029203134,0.7388938448964626,0.5522216238040475,0.7210567252198827,0.6057943120769548
2021,13871,"Hilliard, Dontrell",RB,8,8.8,6.1,-2.4,21.6,9.75551126287085,1.108580825326233,-0.7749999999999999,19.725,1.533885711786749,0.006990293498087467,4.17342313574273,0.8181851875678399,119.13587983694775,229.88662117566145,0.6763477325769622,0.7869772522183168,0.37947922255552724,0.58463901964535
2021,13216,"Cunningham, Zach",LB,14,6.75,5.25,2.5,19.5,4.245796240316499,0.629006850417259,4.625,7.5,0.41319662706544813,-0.42611554726779216,4.143628983678635,1.286744602873242,152.7973771430722,330.8755591578628,1.1401741313094937,1.9205488402711646,2.1829325254608305,1.5437890893531558
2021,15252,"Mills, Davis",QB,13,12.723076923076924,1.8,-44.4,54.5,26.345402572107158,2.070678557662594,-2.7,34.8,1.3142158556694519,0.4438749979735555,4.143408918959513,0.4652729792339832,42.983896887289475,79.86710222085219,0.8445238686588785,1.061696004642456,,
2021,13717,"Reid, Justin",S,14,7.3428571428571425,6.0,1.0,23.6,5.710605958054125,0.777708982614375,5.0,7.5,0.726464971610036,0.02373912584565725,4.1305169826269434,1.094216705429438,126.69943742371012,233.07595037307078,1.5205061618623112,2.1180509029107664,1.3325210647012629,1.1101341090667498
2021,14911,"Davis, Ashtyn",S,13,7.5076923076923086,4.5,1.0,20.0,6.151605361262217,0.8193736649222214,3.0,10.5,0.9303852631119998,0.03464548009276013,4.126525766774394,1.049791190710675,121.55540361925729,223.6129993757866,1.0310880829015543,0.8294339012313158,0.6521739130434783,
2021,11374,"Means, Steven",DE,14,6.128571428571428,6.5,1.0,11.8,2.9929509020431357,0.48836028704666556,4.0,8.75,-0.6634125581790727,-0.2643355853896745,4.117666590481445,1.534847680054249,157.053050099435,208.67854052216757,1.3411548715629056,1.8314367223428818,0.7474783810521319,
2021,14672,"Reeder, Troy",LB,17,6.747058823529412,5.5,1.0,14.3,4.321508130959788,0.6405025128711106,2.0,11.0,0.4515517346966293,-0.41904700049353655,4.112800054003641,1.2678847156647135,150.55781748823273,326.0258976851496,1.3210736231944524,1.270395962286828,0.8783575945971286,0.7734951987098824
2021,14138,"Hockenson, T.J.",TE,12,7.675,7.85,-3.0,22.9,6.68469956941472,0.8709706279367714,2.825,11.025,1.2056122740339406,0.08182671389239476,4.10214884477565,0.9987378075971474,220.66225965508596,598.2815201913319,0.964755226603093,1.0990133130850344,0.9961935395401958,0.4219990967440439
2021,13737,"Bates, Jessie",S,16,7.65,5.0,0.6,26.8,6.628819653603498,0.866512373020065,4.0,8.75,1.1510514973409351,0.046984742527722737,4.098553061087993,1.002776359562583,116.11155266406996,213.59850554006107,0.8803467873782022,0.8493302439720419,1.50088475738993,1.3885737809210017
2021,13414,"Hilton, Mike",CB,17,7.270588235294118,4.0,1.0,22.6,5.631399857927121,0.7745452879025976,4.0,9.0,0.5086945810446383,-0.16632927843831335,4.09715564029786,1.0963881519831618,129.42234887627671,197.31310914629964,1.1247799812481123,1.9790108355558733,1.3739806094652192,1.7873091432108188
2021,13692,"Vea, Vita",DT,16,6.96875,5.75,0.0,16.5,4.905063550811549,0.7038656216411192,3.5,9.375,0.6183107383310423,-0.2782395474009883,4.089964555589707,1.180131244996045,106.53164152360313,148.29339751125184,1.5343169444678142,1.5033583557361303,,1.2365527250344912
2021,13775,"Bentley, Ja'Whaun",LB,16,7.25,5.25,0.5,20.0,5.620831788979279,0.7752871433074868,3.0,9.5,1.1097798984321634,-0.33616952661893856,4.083846394838827,1.0950285751207278,130.03162694566618,281.57739405152245,0.9530269616678384,1.261349584030074,1.3845119905343604,0.9819523569851691
2021,12308,"Amos, Adrian",S,17,7.164705882352941,4.0,2.5,21.5,5.4339825257324295,0.7584376267442636,3.5,8.3,0.598552936933888,0.018694559985572932,4.07447257348465,1.113572480761024,128.94064415473807,237.1988683547027,0.9838789788562244,1.8511139921553694,1.4035852046951933,1.3943046658820166
2021,9820,"Haden, Joe",CB,12,5.8,5.0,2.0,11.0,2.456284456925405,0.42349732015955266,4.6,7.25,-0.8608372764512997,-0.27135825145600173,4.074472018921615,1.6781026192385464,198.09041373207066,302.00221032084977,2.056068711008186,2.5589768183817165,1.175081010539694,1.2044410058121882
2021,15034,"Callaway, Marquez",WR,17,7.647058823529412,6.2,-3.4,21.0,6.7273906878616785,0.879735705335758,2.3,14.4,0.4937605043789341,-0.10441735871511128,4.068156391253683,0.9896042703705336,147.61550694491993,290.4367830412873,1.209998383160811,1.9404722158551815,0.7573488642779644,
2021,14900,"Madubuike, Nnamdi",DT,15,6.4,6.0,0.0,11.5,3.720035842121238,0.5812556003314434,2.75,9.85,-0.19187431667795554,-0.5548312206177738,4.047416495257637,1.3559219069666573,122.40044244185431,170.38296985747124,1.5775889067868867,1.1829813350782687,1.2476293414232444,
2021,9940,"Woods, Al",DT,17,7.076470588235295,6.0,1.5,19.6,5.328892326328759,0.753043803388104,2.5,9.2,0.9080758951190714,-0.16730020141716814,4.036676422208399,1.1181215011032093,100.93395920193547,140.50135265212091,1.1229486935085105,1.129463373996597,,1.0986827902737601
2021,12952,"Pierce, Michael",DT,8,7.5625,5.75,0.0,21.3,6.612476370468178,0.8743770407230649,2.5,9.925,1.7856423872638885,0.10641121933631482,4.03467383333007,0.9934349391661751,89.6783771000217,124.83343946700573,1.187474881748285,1.4828320747588564,,1.3325900394999795
2021,15082,"Barnes, Krys",LB,16,6.4875,6.25,1.0,16.2,3.960725154564502,0.6105164014742971,3.75,9.25,0.2687816338106907,-0.43748510546028424,4.028211071965005,1.3077725126599022,155.29438350706107,336.2827094136683,1.5362797618600301,2.264966278298758,1.239446945012518,
2021,13716,"Edmunds, Terrell",S,17,6.729411764705882,4.5,2.5,17.8,4.52675246609237,0.6726817475836564,3.5,8.5,0.17904529843069267,-0.003753325011769195,4.023127396725133,1.2176068687700499,140.98679403351412,259.3589338484644,1.1935690631023619,1.2673651903414989,1.1063015830752891,1.5794900579637365
2021,10779,"Jenkins, Janoris",CB,14,6.028571428571429,7.1,1.0,11.0,3.010322377474966,0.499342574462672,3.0,8.0,-0.6218624718775693,-0.2486663406640474,4.020809874442419,1.5032635437072324,177.45166112452978,270.53703849192425,1.389907696704847,1.6703053528549663,0.9986517700674548,1.3024858101340333
2021,12802,"Reader, D.J.",DT,16,6.237500000000001,6.0,1.5,13.5,3.4456267572097823,0.5524050913362376,3.625,8.625,-0.3794835497140894,-0.619914078208878,4.017958994601759,1.403064256324311,126.65603001624046,176.30680178934443,1.1310990001536894,0.9420549279126071,,1.6064055766623735
2021,12246,"Williams, P.J.",S,17,7.288235294117647,5.0,0.0,21.0,5.960841073001179,0.8178716565054079,3.0,10.8,0.8421749186367723,0.03425230690701829,4.0092133391464015,1.0470337158517127,121.23611539087713,223.02563759434656,1.4359532927642333,1.4266652369320814,0.8339039675977625,1.2065289265840662
2021,13652,"Wilson, Cedrick",WR,16,8.1625,5.1,-6.0,27.3,8.468756918816363,1.037519990054072,2.475,13.525,1.0872131748928198,-0.07681411029014207,4.006095665242225,0.8620455747236934,128.5880612406984,252.99986171642354,0.7275216635805242,0.6121268794274863,0.3173325551058501,
2021,14883,"Davidson, Marlon",DT,10,6.29,5.9,0.0,14.5,3.616752687149068,0.5750004272097087,4.25,7.699999999999999,-0.26248740697025896,-0.5689420476245768,3.9936497103962356,1.3624294880487076,122.98788837039685,171.20070204813146,1.3624294880487076,1.0408622211507756,,
2021,8851,"Folk, Nick",PK,17,7.505882352941177,7.1,-3.7,17.8,6.6078803745968875,0.880360237994883,2.1,14.5,0.2595112585115329,-0.5827550549278203,3.991725734928885,0.98659310916661,131.24062569051767,179.66861606825444,0.964439181061228,1.2036425514663593,0.8341583572684491,0.7302706018467015
2021,9918,"Sanders, Emmanuel",WR,14,7.992857142857143,5.85,-5.0,24.8,8.0836222684878,1.011355779792933,2.5,12.075,0.9559603788513963,-0.08139135444960126,3.9738654012170835,0.8799195856685219,131.25425950373946,258.24566591744724,0.7649646466355112,0.7097277795851494,1.3722132510334917,0.7419922801282791
2021,14930,"Hamilton, Davon",DT,16,7.025,7.75,-1.5,17.5,5.394731225927758,0.7679332705946985,1.5,11.5,0.9530889290778294,-0.13371157135260872,3.9735662634127173,1.0985606355927495,99.16818008093719,138.0433656976136,1.1494101828793093,5.117047717743189,1.001385521002176,
2021,14877,"Young, Chase",DE,10,6.24,5.75,0.0,13.0,3.5676883271945155,0.5717449242298903,5.1,7.75,-0.3714292766154767,-0.19725371654387527,3.970109846581767,1.366117728052742,139.78778400864525,185.73794479816362,1.366117728052742,0.9389318778049112,1.0947676964403268,
2021,13434,"Robertson-Harris, Roy",DT,14,6.978571428571429,6.5,-4.3,18.6,5.328116602572831,0.7634967496010199,5.0,9.875,0.907545544824931,-0.1437197644170539,3.957235209052859,1.102788059520607,99.54979391614441,138.57457700113642,1.2022208010905346,1.8794547942029598,0.9430153566148046,1.179670400199702
2021,15378,"Oweh, Odafe",DE,15,7.366666666666666,7.3,-0.8,20.0,6.359839271204545,0.8633265979010695,1.4,12.25,1.0470643860135225,0.037319992136645316,3.95350266290665,1.0009276555112872,102.41976664509669,136.0865478931354,0.7706079680315446,1.0836251273760626,,
2021,13139,"Williams, Jamaal",RB,13,6.961538461538462,7.1,-0.8,20.5,5.299715298817542,0.7612850705483762,3.5,7.9,0.11930647559652406,-0.09121120124133361,3.9525336232884696,1.1050560432223253,160.9071222247127,310.48912134584754,1.2503318988498697,2.6035602437895626,1.3290477780086751,1.106640685946549
2021,14148,"Sweat, Montez",DE,11,6.8999999999999995,7.0,0.0,15.5,5.1724796234055335,0.7496347280297875,2.0,11.399999999999999,0.44385124695400013,-0.05414365585861556,3.943680294783522,1.117865172666714,114.3853798971333,151.98542224359727,1.0398390870916197,0.8685955827941484,1.26290871969393,1.0518714587055542
2021,13296,"Wise, Deatrich",DE,16,6.91875,6.0,-3.0,17.1,5.226640741193142,0.7554313627740765,2.5,10.125,0.4713666656699697,-0.04948033771274458,3.941338947634172,1.1111529133563336,113.69854900736298,151.07282062540477,1.2720851757107887,1.2407590558747774,1.0784310816871558,1.2256891185460055
2021,13377,"Patrick, Tim",WR,15,7.58,6.9,-2.7,20.0,7.011818594344837,0.9250420309162054,1.15,12.3,0.5906927278656412,-0.09649133640907315,3.937576363666393,0.9461023000883172,141.12648341442545,277.66948536178774,0.6846688712518306,0.5959952500285498,1.1065678217240602,0.5900593147328034
2021,14600,"Slye, Joey",PK,12,7.191666666666666,7.4,-4.6,15.8,6.01864579637498,0.8368916518713763,4.65,10.875,-0.17924035371066346,-0.629113777568564,3.9151283960270535,1.0246516030743493,136.3033212505036,186.59945398564238,1.3070008989242194,0.9214044583463392,0.595038728900215,0.7232458971714939
2021,14199,"Murphy-Bunting, Sean",CB,9,6.133333333333334,6.0,2.0,12.0,3.490940656422945,0.5691751070254801,2.0,8.2,-0.4145559770942728,-0.2277733577892268,3.908635375283035,1.3657123980388026,161.2145353120789,245.7824438993239,1.260932367157808,1.2857142857142858,1.0382149532052038,0.7629825249506135
2021,13258,"Walker, DeMarcus",DE,13,6.376923076923077,5.0,0.5,17.3,4.142677292274767,0.6496357635654038,5.0,8.5,-0.07931820547239245,-0.13459153745310498,3.865655205692471,1.2400006289530108,126.8828714621407,168.59101059939593,1.2131965777781455,1.6608136899185726,0.6730792150922362,0.9459348807387088
2021,9833,"Pierre-Paul, Jason",DE,12,6.333333333333333,5.5,2.0,17.0,4.0483192671637065,0.6392083053416379,3.75,7.5,-0.12725481897295057,-0.14298029356683234,3.86365376059595,1.2545429474969765,128.37091194493743,170.56819038668004,1.1244595542929527,1.261067752769224,1.3973254831839792,1.5186404053512712
2021,13330,"Muhammad, Al-Quadin",DE,17,6.764705882352941,6.0,-1.6,16.8,5.10512328323462,0.7546703983912046,2.0,8.1,0.4096322725553219,-0.050092523777858326,3.855257311319129,1.1080375560850035,113.37977055920159,150.6492553315749,0.9150793319348455,0.9324588453719015,0.5728923720357204,0.9613804596485319
2021,15114,"Hartsfield, Myles",S,10,5.8,6.0,2.0,10.0,2.925747767665559,0.5044392702871654,3.25,8.25,-0.5612671428656424,-0.04779331176237359,3.855256981488461,1.4774255360397142,171.07121772390659,314.7021601929892,1.4774255360397142,1.6104392885249132,0.6147399390792442,
2021,10653,"Bynes, Josh",LB,14,6.264285714285714,5.5,0.0,14.5,3.9289415410073314,0.6271970532964953,4.0,7.875,0.2526802802645656,-0.42722837009565323,3.849740080093597,1.2709190527355043,150.918136657048,326.8061519583981,1.4108674241545613,2.522699168060148,1.09955264259243,1.2765986802932758
2021,15402,"Molden, Elijah",S,16,6.83125,7.0,0.0,21.3,5.321151044416988,0.7789425133638774,2.0,10.0,0.5463791054205915,0.02406202098330321,3.840062255346577,1.0806971629057252,125.13400854341525,230.19619154039344,1.3438633296881433,1.3165026542969704,,
2021,13229,"Jackson, Eddie",S,14,6.014285714285714,6.25,0.0,12.0,3.4115051439121085,0.5672336343796855,3.125,8.25,-0.33665054465069044,-0.03135594703091112,3.837516999605602,1.3633183047707533,157.85873254065345,290.3965073543086,1.383990679139545,2.6672054994256036,1.180047603047379,1.2121272517665802
2021,10814,"Anger, Bryan",PN,17,6.088235294117647,6.0,1.1,16.3,3.575551352455792,0.5872886279395987,3.2,8.1,0.021737537202636575,-0.7955120927226822,3.83561955081891,1.3306014565545128,145.20899981266,190.22804338597766,1.5853118551190113,2.339798081900405,1.0268425637734715,0.9046272594191741
2021,9861,"Jackson, Kareem",S,16,6.19375,6.5,1.0,16.1,3.8153421782980357,0.615998737162145,3.375,7.625,-0.1499143151406277,-0.01859095144274779,3.8327690842610695,1.286253348290434,148.93537523611738,273.98112283039893,1.6331203818772562,1.6094179726993172,1.3349677165146419,0.9804651684753338
2021,14137,"Fant, Noah",TE,16,7.362500000000001,6.9,-2.4,19.9,6.785635102921465,0.9216482312966335,2.4749999999999996,9.35,1.2452429557509312,0.08579292372202933,3.831346382803968,0.945651819366324,208.9333814350659,566.4810160970611,0.9445030230846337,1.6703372602860835,0.9977665690977586,0.4849582967410075
2021,13607,"Michel, Sony",RB,17,7.18235294117647,5.8,-4.8,19.0,6.286515474935936,0.8752724248477554,4.0,11.8,0.4325854162543278,-0.05898008865330061,3.8300317575242815,0.9857047536483298,143.52839047898146,276.9548248197951,1.5807656387810154,2.550986817431891,1.0332718311447775,1.0100032744575262
2021,13765,"Young, Kenny",LB,13,7.015384615384614,6.0,2.0,23.3,5.850686501973823,0.833979435588374,2.5,7.0,1.226222668273646,-0.30008033080780616,3.8252253429079213,1.0240411108234684,121.60206110141199,263.3235642782272,1.5819801015409267,1.680761665195086,0.5763740871415419,0.4006105387462217
2021,14929,"Okwara, Julian",DE,13,6.461538461538462,7.0,0.0,13.4,4.453959079211431,0.6893031908303405,2.0,10.9,0.07882197065552923,-0.10267960207597177,3.8249726257620047,1.1847427470014522,121.22861728740718,161.0781255699252,1.4728544942048352,1.5154489473890023,,
2021,13704,"Nwosu, Uchenna",DE,17,6.758823529411765,6.0,1.0,20.2,5.196385488522645,0.7688298808083983,2.0,10.0,0.4559961197951456,-0.03870140216936046,3.8210704165189804,1.0907687299201938,111.61274060823965,148.30137841360207,1.4054190821173744,1.4596739061619775,0.9985893936849176,0.6129325570232039
2021,14226,"Willis, Khari",S,12,7.258333333333333,5.55,0.0,19.5,6.5353472661281655,0.9003922754711595,2.0,10.375,1.107829405966902,0.055853314121735345,3.819386885022879,0.9632380668054906,111.53341067065969,205.1765676234111,0.8476673056113926,0.9116855786909027,1.1935126083188592,1.0309574137686683
2021,14182,"Hooker, Amani",S,12,6.608333333333333,6.6,-1.2,17.2,4.877577666105266,0.7380949809995357,2.875,8.875,0.3412685951799337,0.013369567965327993,3.802055356913259,1.124329393627953,130.1861879322121,239.49016739729575,0.9978739202111989,1.3638773493010472,0.7813521180252122,0.5354569649215009
2021,14923,"Taylor, Darrell",DE,16,6.325,6.800000000000001,0.0,18.5,4.241830383219018,0.6706451198765245,3.5,8.0,-0.028945559453298467,-0.11768978034045548,3.7859626348817117,1.206639577703353,123.46920708269091,164.05522794452182,1.2905706799247825,2.423076923076923,,
2021,12771,"Day, Sheldon",DT,8,6.1,6.0,0.9,13.4,3.765634076752546,0.6173170617627125,4.5,6.875,-0.16069951126019116,-0.4734814267805699,3.771678506471461,1.279997562078189,115.54667500974143,160.8424385775247,1.0050934142765047,1.8375474571969046,,0.7936700048921734
2021,15293,"Bateman, Rashod",WR,12,7.016666666666666,6.6,-2.0,19.0,6.044947385121634,0.8615126914662662,3.425,9.025,0.2611857631865772,-0.10760534654158749,3.7693359270840188,0.9959856735744124,148.56739660138615,292.30964704694685,0.9286730466112453,1.1623222369340818,,
2021,15377,"Stokes, Eric",CB,17,6.470588235294118,6.0,0.0,21.0,4.679336894435609,0.7231702473218669,4.0,8.0,0.09803846491347115,-0.1817000204643313,3.7550487221739335,1.1393210784226844,134.49033522206562,205.03959650865275,1.3794465528078366,1.7409618900779613,,
2021,13211,"Watkins, Carlos",DT,15,6.966666666666667,5.5,0.0,22.4,5.959045411995299,0.8553653701428658,2.75,8.0,1.3389017809872448,0.06352345437016835,3.7548758744646737,1.0010951580597867,90.36987281003428,125.79601027447329,1.0143059175779585,1.0744666936255083,0.9393763478395991,1.3356627362602198
2021,13953,"Thomas, Tavierre",S,17,7.388235294117647,6.0,0.0,30.2,7.150638174147665,0.9678411541441904,2.0,11.0,1.3923429459152532,0.07350906771521477,3.7544876417277555,0.9064609587936044,104.95918491815853,193.0826392967445,1.1348247587848312,0.7899826100655845,0.6402119336289118,0.3845865523636619
2021,13270,"Moreau, Fabian",CB,15,6.253333333333333,6.0,-1.6,17.0,4.172587792831792,0.6672581758259796,5.0,7.3,-0.12053911440377842,-0.19842818296092493,3.750668867006969,1.2089371091969179,142.70810937982836,217.56814805642563,1.3705617032111646,1.4605326736172441,0.3491665520909719,0.8938479920943786
2021,14845,"Davis, Gabriel",WR,16,7.15625,7.9,-2.0,22.5,6.5349032844794275,0.9131742580931951,3.35,8.55,0.42816134347476636,-0.09856751961115492,3.7405113359263082,0.9497467624754539,141.67011401397556,278.73909062050257,1.1863764551837026,1.658234637158322,0.7670434386722159,
2021,12797,"Ioannidis, Matt",DT,16,5.825,6.75,0.0,11.0,3.2664009245651395,0.5607555235304961,2.875,7.925000000000001,-0.502017470242171,-0.601076629295467,3.7321668334215468,1.3653194116053973,123.24876469383739,171.56384520240897,1.2364428256396474,2.101304390409095,,1.8486312689098239
2021,12979,"Williams, DeShawn",DT,15,5.906666666666666,6.5,0.0,13.0,3.445086678477368,0.5832539523381549,4.0,7.5,-0.3798527931624252,-0.5503232079830117,3.7307133564667123,1.3288079837151683,119.95284115651101,166.97587779387953,1.6870928010763582,1.5881537552374305,1.1308851057763287,
2021,13210,"McDowell, Malik",DT,15,5.793333333333334,5.6,0.5,12.0,3.2443729063650433,0.560018338267844,3.25,8.35,-0.5170776844517682,-0.6027396198331875,3.713631558822522,1.3649444714542878,123.21491846703832,171.51673082499784,1.5830869658289426,1.2483325474074567,,
2021,14951,"Lynch, James",DT,13,6.007692307692308,5.5,0.0,11.0,3.725269538717256,0.6200832778914767,3.5,9.0,-0.18829611953247968,-0.4672412162385483,3.708261414506582,1.2713967443480871,114.7702704910761,159.7616736304225,1.3209151421383922,1.3370047355933061,0.35093585783461073,
2021,12831,"Roberts, Elandon",LB,17,7.288235294117648,5.5,1.5,34.3,7.036784221498538,0.9654990457261915,4.2,7.5,1.8270913733995748,-0.21921047926831974,3.7080838629585133,0.9068596460038695,107.68708494045758,233.19133554492223,2.1899722196113505,2.429697640077465,1.1276717112788923,0.7000414207342182
2021,12218,"Armstead, Arik",DT,17,6.311764705882353,6.0,-1.0,12.8,4.436596781707823,0.7029090893665703,2.0,11.0,0.29802727802642054,-0.28039735521699977,3.70646016589772,1.1609771626101006,104.80258312683148,145.88652627106904,1.348915617444747,2.730820789570037,1.0876616638440928,1.8021292607428065
2021,15472,"Roche, Quincy",DE,14,6.371428571428572,7.0,0.0,15.5,4.584200907375644,0.7194934159558185,2.5,7.75,0.1449885968748197,-0.07839195400667133,3.7054102750878357,1.140974094075511,116.74999668544643,155.12732098397183,1.6272494640869788,1.7652100469956669,,
2021,13354,"Butker, Harrison",PK,16,6.44375,4.800000000000001,-1.4,15.4,4.781993406258524,0.7421134287113131,3.4000000000000004,9.7,-1.1000675589967894,-0.7301936090444677,3.6988119681544562,1.1144512882054103,148.2488403848985,202.95288783892715,1.088184532729141,1.3969109390271617,0.8355176210721744,1.0693191235495185
2021,14113,"Hardman, Mecole",WR,17,6.135294117647058,6.5,-2.4,11.3,4.043432027443226,0.6590445298804875,4.0,9.6,-0.4209249915612084,-0.14302572425776172,3.6980888741359017,1.2164918817707064,181.45946940459908,357.02552961401034,1.3205484308707216,1.3803045075441476,0.8499202514357654,0.8415842983207035
2021,12629,"Booker, Devontae",RB,16,6.731249999999999,6.0,0.1,17.5,5.561443017553987,0.8262125188566741,1.2249999999999999,10.9,0.20239703886442084,-0.07285228845367327,3.6859072700992064,1.0258795179645275,149.37823470346564,288.2427837874138,1.121045440263921,0.9520162643719268,0.5365816675416517,0.3195570321925995
2021,14910,"Jones, Brandon",S,15,6.533333333333332,6.5,0.0,15.4,5.069078373388555,0.7758793428655952,2.0,10.5,0.42981946343046035,0.023260190254661153,3.678928616169954,1.076495133425929,124.64745522313937,229.30112933777903,1.4046308531304015,1.1988004357349606,1.0537483731901771,
2021,13711,"Wallace, Levi",CB,17,6.552941176470589,6.0,-1.8,17.2,5.151027041743723,0.7860633726179828,3.0,9.0,0.3014939624369971,-0.1628832177288176,3.668929824626208,1.065340979969571,125.75740784175662,191.7256590912067,0.9868556502076218,0.8870989858696673,1.0597055225485186,1.7171328394395626
2021,13809,"Gage, Russell",WR,14,7.128571428571428,8.0,-3.0,17.0,6.7286624197669225,0.9439005398470633,0.275,13.25,0.4941939070037978,-0.09319217320107495,3.6671482323536315,0.9223551296973854,137.58420828413296,270.6999804989064,1.1938868033643466,1.3406295568297506,0.9026105989832058,0.8100231891437751
2021,13898,"Joseph, Greg",PK,17,6.670588235294117,8.0,-5.1,20.0,5.46763361071662,0.8196628869681001,4.0,8.9,-0.5895310829839132,-0.6474880474683075,3.665837382883909,1.0313800435821239,137.19836575665025,187.82477127510793,1.398289477449254,1.8195118168018904,,
2021,9430,"Jenkins, Malcolm",S,16,7.081250000000001,5.75,1.8,30.1,6.603239616847174,0.9324963271805363,3.375,7.4,1.139223162622035,0.06425703020248495,3.6643019189233685,0.9313464203218647,107.84067444396732,198.3834198161713,1.4010658428628913,1.5824857004339885,1.6955499607710265,1.5173278377881465
2021,15032,"Fox, Jack",PN,17,5.694117647058824,6.0,0.3,12.0,3.1612489319394927,0.5551780149067291,2.9,7.1,-0.4353557927556696,-0.8575782169530889,3.661392838941544,1.3683674637568208,149.33041731581318,195.62722104447698,1.1907857289667318,0.7066026867823431,1.1887184114394838,
2021,11293,"Ogletree, Alec",LB,16,5.96875,5.75,0.5,16.0,3.776856952215691,0.6327718453973933,3.875,6.625,0.1756353045997776,-0.4238004964189392,3.6555934111831108,1.249514075825834,148.37635461086535,321.30204206127195,1.4533042531327613,1.879818325641739,,1.6587558504863122
2021,12268,"Jones, Byron",CB,16,6.25,5.5,0.0,16.0,4.5069390943299865,0.7211102550927978,3.5,10.0,0.02367761512124675,-0.1823163432695438,3.631376886812528,1.1349317457378598,133.97219961010936,204.2496637849603,1.0111399757481818,0.5976495699626634,0.5733301314422553,1.1855277996363462
2021,13687,"Lewis, Tyquan",DE,8,5.5875,4.5,3.0,11.9,3.0267298772767948,0.5416966223314174,3.0,6.7,-0.6462518590407116,-0.22142718920123258,3.6242539025287295,1.387602389604223,141.98619865972967,188.6590084805333,1.2501308058466125,1.8455013607008968,0.7656170712663161,0.5568567028235858
2021,14244,"Gay, Matt",PK,17,6.805882352941176,7.3,-5.4,16.0,5.983946227762028,0.8792315114257085,3.9,10.9,-0.20507809683546335,-0.5839588281954606,3.6216306035533568,0.9745038307836583,129.63246073945123,177.46703580568442,0.8186423240813977,0.5031443449263499,1.422608432110087,0.5466274246349877
2021,11017,"McLeod, Rodney",S,14,6.3999999999999995,4.5,2.0,18.1,4.934716665770039,0.7710494790265686,3.0,6.25,0.3676899494561732,0.021995901099532363,3.613676566234426,1.0784002607763228,124.8680500672116,229.70693503017202,1.151290099060206,1.398891053279633,1.082762579706834,1.0695555116048743
2021,10729,"Hilton, T.Y.",WR,10,6.69,6.4,-3.5,15.5,5.70674162723353,0.853025654294997,3.8249999999999997,11.0,0.1459262005316661,-0.10909009387145449,3.610311592013701,0.997503761414403,148.7938439933353,292.7551873116992,0.997503761414403,1.755280890211059,1.0837632617149573,1.160024038259157
2021,15239,"Wilson, Zach",QB,13,10.284615384615385,7.7,-23.9,34.9,19.021924441744993,1.8495513668114052,2.6,30.3,-0.1175720633268766,0.2967873471558495,3.609205120637526,0.5136676753795121,47.45480476686569,88.17436336970621,1.0524089053431704,1.6083675868762826,,
2021,14235,"Tranquill, Drue",LB,13,5.984615384615385,5.0,0.5,15.5,3.950627244033759,0.6601305163552553,3.5,7.5,0.26366610384616423,-0.40697797347835624,3.6049065574400436,1.2088600271466075,143.54879831526335,310.84819515277616,1.2654911457135858,1.3323990392327223,,1.1854194317702336
2021,12630,"Drake, Kenyan",RB,12,7.0,4.45,-0.4,21.1,6.599873736165968,0.9428391051665669,2.05,10.95,0.5320671010982282,-0.0398749055043387,3.602974626866934,0.9210679338906234,134.11662831473663,258.7937283792569,0.84780881707979,0.8914234588240987,1.0811523558064096,0.8544355431442233
2021,11281,"Hankins, Johnathan",DT,13,5.8076923076923075,7.0,0.0,11.5,3.5709213502877417,0.6148606298508694,4.0,8.5,-0.2938215807653742,-0.4790228059058843,3.596404668202631,1.2705736683320332,114.69597058633185,159.65824721971757,1.4338676659262812,1.313164775677035,1.2407209674823387,1.3008859463748204
2021,13199,"Thomas, Solomon",DT,17,6.052941176470589,5.0,0.0,15.1,4.163301524604612,0.6878146347743285,2.5,9.0,0.1111795517782509,-0.3144484091795316,3.5862594456528725,1.172300542129215,105.82475605283517,147.3094039614266,1.278048053431124,1.786901172199227,,0.9783440519180131
2021,9899,"McCoy, Colt",QB,8,10.987499999999999,-0.6,-12.7,55.2,22.736173683142024,2.06927633066139,-1.575,16.175,0.6085879793891322,0.4429422756126089,3.579834076924684,0.462901061758053,42.764769061774224,79.45994731617358,0.4608558169754306,0.6860717567019159,,
2021,14977,"Osborn, K.J.",WR,17,7.076470588235295,5.2,-1.0,19.7,6.961957923708523,0.9838178279554853,0.3,11.5,0.5737003527886814,-0.08620892501463531,3.5670969826540357,0.8887852279605133,132.5767136609296,260.8476237949296,0.9201099426907431,1.7747820245593275,0.2865024833936395,
2021,11679,"Beckham, Odell",WR,14,6.635714285714286,6.75,-0.9,17.4,5.731816857663538,0.8637829494864319,1.15,11.55,0.15447176791313577,-0.1072081809035058,3.560347135669831,0.9857241255991912,147.03672050008484,289.2980078774522,0.9638388006096805,1.2515950132141234,,1.1008702290492256
2021,13632,"Lazard, Allen",WR,15,7.1800000000000015,8.0,-2.4,19.8,7.358822369555244,1.0249056225007303,0.6,12.85,0.708950629860282,-0.0790209049777143,3.545844270575337,0.8589726737286838,128.12968828117184,252.09800275490068,1.1048433030473428,2.0205826249490486,0.8787309132192348,0.7534185744858412
2021,14907,"Delpit, Grant",S,15,5.98,5.0,0.0,14.4,4.129116128180461,0.6904876468529197,3.25,8.0,-0.004823698554113676,0.0009076356475238881,3.5374408154550023,1.1658928849640589,134.99882782659495,248.3434870330838,1.9565025684491273,2.488108939557592,,
2021,15237,"Lawrence, Trevor",QB,17,9.905882352941175,10.2,-29.8,39.6,17.851527223782654,1.8021137933747338,-4.2,17.3,-0.34639238166139985,0.26523319404408663,3.5351463514302885,0.5254684267937794,48.545008377697584,90.20003832086682,0.3386802032465622,0.030969958178221027,,
2021,12229,"Phillips, Jordan",DT,9,6.277777777777778,5.5,-0.2,14.6,4.876423502203178,0.7767754251297098,2.5,9.0,0.5987299815377023,-0.11376486315081227,3.533242124462342,1.0682990726288064,96.43643817401943,134.24074628138177,0.9762919159226442,1.0876133415040579,0.8504880988832751,1.2315567518634596
2021,9846,"McCourty, Devin",S,17,6.664705882352941,5.0,2.0,21.8,5.925412984015702,0.8890734397905291,2.0,8.0,0.8257927961651306,0.052890439457635115,3.5280290019280347,0.9623550101251015,111.43116146895824,204.98847026208065,1.1408093556663639,0.9316402418840082,1.1358352516244763,1.2603546351276267
2021,15394,"Adebo, Paulson",CB,17,6.152941176470589,5.0,-1.6,17.0,4.5902861178360785,0.7460312046196304,4.0,9.8,0.059627931724871235,-0.1748603202301376,3.5239583119655618,1.10064870505274,129.9252827914047,198.07986585679555,1.0762365076472191,1.8329254315452561,,
2021,12756,"Ngakoue, Yannick",DE,17,6.347058823529412,6.5,0.0,19.6,5.101801025365664,0.8038055368972779,2.0,9.1,0.40794446919968946,-0.010563936398603244,3.5187045907659065,1.0401943290422273,106.43772290579543,141.42526145414973,1.2010966800420841,1.530265939177694,0.9799843947953771,1.6469756299726444
2021,13294,"Ebukam, Samson",DE,17,5.764705882352941,5.0,0.0,12.3,3.700706002034586,0.6419592044345711,3.0,8.0,-0.3038524397746647,-0.14076723060471036,3.5108703473166307,1.2263489526589897,125.48596580902051,166.73492290956293,1.461668251236583,3.439711126772859,0.7055814015219672,1.1979791241770674
2021,15345,"Paye, Kwity",DE,15,5.700000000000001,5.9,0.0,12.0,3.5588387619184623,0.6243576775295546,2.0,8.5,-0.37592511244700044,-0.1549274327620169,3.5090793603222847,1.250318402926212,127.93863607890745,169.99381951792597,1.420306031701527,1.443018433107872,,
2021,13707,"Ward, Denzel",CB,16,7.70625,5.0,-2.4,39.9,9.240499766652235,1.19909161611059,2.75,10.05,2.0654182517261286,-0.0393105546530954,3.504287835733561,0.7525267492408022,88.83147752263312,135.4295851700711,0.8026936928373921,1.385082733907282,1.6559038613805301,1.1544780658600178
2021,12715,"Apple, Eli",CB,17,6.182352941176471,6.0,0.6,19.5,4.725927894463458,0.7644222093803881,1.8,7.0,0.1181346978852248,-0.1693579714907207,3.503896577762715,1.0797119794600174,127.45382211473932,194.31195718816335,1.3983996100911125,3.2994867422539143,,1.4142409993919363
2021,12176,"Parker, DeVante",WR,10,6.9300000000000015,8.65,-2.8,14.4,6.791325349296704,0.9799892278927421,0.85,12.925,0.5155492555862063,-0.0868787116086578,3.5000190417073345,0.8894507274844515,132.67598369496145,261.04293978803435,0.8894507274844513,0.49204419976829666,1.13591199659733,1.3327046483840774
2021,13298,"Stewart, Grover",DT,17,6.288235294117648,4.0,0.5,17.4,5.028142254637588,0.7996110227206641,2.5,10.0,0.7024577381846928,-0.06225083453291811,3.4942191477639715,1.0431464667709134,94.16588699422542,131.08011021251738,0.8006458131101214,1.3201079023918152,1.7868805694533498,0.9726667309172679
2021,14328,"Wingard, Andrew",S,15,5.9,5.0,1.0,19.0,4.0823196020563275,0.6919185766197165,3.9,6.5,-0.026462642233159042,0.0012822029326912158,3.487165447280334,1.160887244795238,134.4192243621366,247.27725003104894,1.427487595054482,2.3201992821044803,0.6858023974363201,0.521925556270615
2021,14205,"Johnson, Lonnie",S,13,6.746153846153845,4.5,0.0,19.8,6.32669744746151,0.9378228827480004,2.0,9.0,1.0113487043269056,0.06565133585220549,3.481305699407996,0.9207632626472373,106.6152497937236,196.1291318668809,0.8565773691264031,0.8270657593049477,1.3121364294031108,1.1204650534085252
2021,13249,"White, Tre'Davious",CB,12,5.983333333333333,6.2,0.0,15.0,4.302292670451677,0.7190461287662969,3.25,8.55,-0.0645931283407201,-0.18293390294278436,3.480612435704315,1.128442676632492,133.20620212635498,203.0818489026767,1.0626828240577955,1.1509423567131227,1.023796776668766,1.1050978537937388
2021,15384,"Samuel, Asante",CB,12,6.925,5.6,-1.0,25.9,6.86040875847302,0.9906727449058513,3.0,8.75,1.0388066021424047,-0.10166676238412069,3.478723470606173,0.8809974408182387,103.99670767915792,158.55000246340632,1.2647745138019373,2.5219647424268286,,
2021,13267,"Smoot, Dawuane",DE,15,6.38,7.0,-1.0,17.3,5.356391820370625,0.839559846453076,2.0,10.75,0.5372839771704012,0.018199946078020158,3.4682209509527593,1.0037140850181256,102.70488761092476,136.46539202881823,1.1087070196207138,1.2225111913100324,0.7805371278857214,0.7398390619275252
2021,12343,"Philon, Darius",DT,12,6.5249999999999995,5.65,0.0,16.0,5.789232102216436,0.8872386363550094,0.0,10.25,1.2228030562776757,0.13542524460177255,3.4574323958322024,0.9610807086518408,86.75772797600277,120.76785880623022,0.9916828006784514,1.024390243902439,,
2021,13260,"Tomlinson, Dalvin",DT,16,5.29375,4.75,1.5,12.5,2.856017496007334,0.5395074372623063,3.5,6.25,-0.7825902519607941,-0.6490094464567133,3.438599822170287,1.37285424806328,123.92894200451678,172.51066065430797,1.4160958890614477,1.2826758662802693,1.4794329457177637,1.203595064605277
2021,14722,"Needham, Nik",CB,17,6.382352941176471,5.0,0.0,21.2,5.5153513347764855,0.8641564303336429,2.0,9.0,0.4586390304904728,-0.13951879347529092,3.423721763540075,0.9795869191443108,115.63463156256284,176.29280318816987,0.9360874679967005,0.8116684936019275,0.9036147534142357,1.2819583042903433
2021,13844,"Cooke, Logan",PN,15,5.859999999999999,6.3,-1.2,14.6,4.175132732421011,0.7124799884677493,3.15,7.55,0.6832462225918305,-0.5535315821930313,3.421937797499909,1.1323381066708595,123.5724514725874,161.88353125747184,1.056468403864109,1.2948260137710104,0.9653598824982751,0.7591713229016873
2021,15393,"Odighizuwa, Osa",DT,16,5.85,5.25,1.5,15.0,4.165633205168213,0.7120740521655065,2.5,6.0,0.11277368559624594,-0.2597224351048433,3.4169082771861783,1.1324845895266196,102.23052972625852,142.3061952830515,1.0516748163245642,0.8494339370433227,,
2021,11956,"Sorensen, Daniel",S,17,6.735294117647059,4.0,0.5,28.3,6.55653613503086,0.9734595134980316,3.0,9.0,1.1176272430882268,0.07497975737385108,3.412937570585624,0.8913203083120773,103.20604782134765,189.8575729248475,0.8744400760690926,1.451952681970064,1.2343335779789146,0.9419365375922037
2021,14213,"Harris, Will",S,17,5.123529411764705,5.0,0.5,10.0,2.5780816880602173,0.5031847152356337,3.5,6.5,-0.7220296468117372,-0.048121710325775585,3.4084496468297045,1.4319207492834856,165.8022149262959,305.00931656603194,1.780054068858972,1.8335357375558714,0.5606143071181976,0.8154382510810361
2021,14935,"Dantzler, Cameron",CB,13,6.3538461538461535,5.0,0.0,16.0,5.521512527534098,0.8690031822995554,2.0,10.0,0.46129655587019947,-0.13806870850620812,3.3995908696252757,0.9742902627296889,115.0093915751268,175.33958261262973,0.9985505862972903,1.1637385387057562,0.9460336492956037,
2021,14198,"Ya-Sin, Rock",CB,13,6.015384615384615,5.0,-0.4,16.0,4.628647610071958,0.7694682727741107,4.0,7.6,0.07617450691440461,-0.16784825514217666,3.399543641409238,1.0687086902759069,126.15494677666071,192.3317340383367,1.1323153916338593,0.8841715645286354,1.0550581423954897,1.0851273852940828
2021,14680,"Mone, Bryan",DT,14,5.892857142857143,5.75,0.0,16.0,4.322609047738627,0.7335336565859488,2.875,8.5,0.22009563318897632,-0.21131246151688438,3.399332410114632,1.1071369491923877,99.94237258695267,139.12105149502386,1.165137614678899,1.200381151183165,0.8169255633605608,
2021,12676,"Henry, Hunter",TE,17,6.547058823529412,5.7,-3.7,21.4,6.063110990151238,0.9260816427005486,3.5,6.9,0.9615557134961064,0.08613989829705332,3.3991595570942756,0.9269369874915732,204.7985053353185,555.2701277347899,0.7101575331445013,0.5953968067063425,1.1771741199325303,1.3403986586188799
2021,14833,"Jeudy, Jerry",WR,9,6.388888888888889,7.4,-4.0,12.9,5.662634731179951,0.886325436184688,4.0,10.3,0.13089469550660052,-0.10326453175264519,3.386949444848265,0.9589132748025373,143.0374478105169,281.4293501835394,0.9033807903481705,0.8881380341684476,0.7806335047234167,
2021,13863,"Pringle, Byron",WR,17,6.523529411764706,5.0,-2.1,20.5,6.048483466881178,0.9271796116950408,3.4,10.5,0.2623908498168644,-0.09611738171914967,3.3850137123581177,0.925522410943704,138.0566595869526,271.62953891302215,0.9265469198738484,1.0759660126965602,0.2849036166168568,0.36428913769212495
2021,12252,"Harris, Anthony",S,15,5.6866666666666665,5.0,0.0,14.3,3.874165143041215,0.6812717133132266,2.75,9.0,-0.12271428713564927,-0.001504772904136233,3.3823602821819567,1.1666955262657543,135.09176572534318,248.51445534609994,1.2320916775253046,1.2091112454007307,1.640515344957746,1.173645380923243
2021,15368,"McPherson, Evan",PK,17,7.382352941176471,8.0,-11.4,29.7,8.769749831707095,1.1879342401515587,2.3,11.2,1.8692669394889174,-0.254731092589325,3.3741201201116056,0.7556337744921082,100.51747618732314,137.60857769634146,0.9301299652315163,1.0581657642772644,,
2021,13672,"Gesicki, Mike",TE,17,6.729411764705882,6.1,-7.0,20.5,6.7218488970785195,0.9988761472931367,2.7,10.6,1.2201983482289698,0.09183705563119776,3.36659766230079,0.871476747913558,192.5450573400529,522.0473577620181,0.7561483196194053,1.574810196577549,0.9714842481880577,0.652671349541819
2021,11360,"Williams, Brandon",DT,13,6.461538461538462,5.5,0.0,24.5,5.9467558656332775,0.9203312649194357,3.0,7.5,1.3304996088503973,0.2100777518601979,3.3648040729105895,0.9301519423627272,83.96575694985627,116.88139969137177,0.9945303829395935,1.3060220459892555,0.9002002550461593,1.1335866475544227
2021,13347,"Gonzalez, Zane",PK,12,7.25,5.05,-4.8,21.5,8.385652429397886,1.1566417143997085,1.65,12.4,1.5832630952778999,-0.2881041937510823,3.3617081370504804,0.7724556235740668,102.75518692975129,140.67200710425368,0.9185812148485564,0.9318895443034426,0.7434247440775585,0.7558459267045962
2021,14997,"Rodgers, Isaiah",CB,17,6.376470588235294,6.0,0.0,17.8,5.718445841080446,0.8968042370698117,2.0,9.0,0.5462403807840501,-0.1297509955449247,3.3616914511355596,0.9490990534218318,112.03571343590255,170.80600951381643,1.1708962867925252,1.3252357761780291,0.3556703501755264,
2021,14857,"Peoples-Jones, Donovan",WR,14,7.464285714285714,6.199999999999999,-3.7,25.2,9.113616746609528,1.2209630091151522,-0.6000000000000001,14.2,1.3069795744635586,-0.04472204715464509,3.3608329736475615,0.7380431651009545,110.0910932031631,216.60666696322045,0.9616141067161094,1.1089300096356958,0.613994270376079,
2021,11947,"McManus, Brandon",PK,17,6.388235294117647,5.4,-2.8,16.5,5.7756978038248565,0.9041147575048119,1.2,10.5,-0.36014253996587936,-0.5574211464750352,3.354963385972026,0.9428158514554045,125.4171969237317,171.69633323437205,0.9296069376689117,1.9970208241818386,1.0703554145798573,0.9040727248611671
2021,8153,"Gould, Robbie",PK,13,5.66923076923077,6.4,-1.4,13.8,3.9141527456112812,0.6904204300264131,2.2,8.2,-1.7462728278049553,-0.7853235684522268,3.3537400924231537,1.153653755328186,153.46371191197724,210.09205488658682,1.130699886107578,1.0742229540206178,0.36970675035074024,0.5549265435043286
2021,15382,"Onwuzurike, Levi",DT,16,5.275,4.5,0.0,10.0,3.023346655611956,0.5731462854240674,3.0,8.225,-0.6681899021759702,-0.5731247414484071,3.353152881505891,1.3110975641738896,118.35410366540218,164.75041490891482,1.7914789830851852,1.4640601845446892,,
2021,13225,"Jones, Sidney",CB,15,6.04,6.0,0.0,17.0,4.884915557100245,0.8087608538245439,2.0,9.0,0.1867113136709698,-0.1560924274087941,3.3393026984350587,1.0263528748025352,121.15508507875894,184.70910730129927,1.3276018015108582,1.8766982022534393,0.7807913309539415,0.7652189845833295
2021,11768,"Ward, Jimmie",S,16,6.69375,4.5,2.0,31.1,6.732892093112736,1.0058475582614732,3.5,6.5,1.1991751048734158,0.08345781288741964,3.337118004023032,0.8656205103342586,100.23026621470994,184.38333294262642,0.8251591672339973,1.3412978621935137,1.04739233807188,1.55092715747374
2021,12772,"Murray, Eric",S,16,6.175,4.5,0.0,18.0,5.3976267933231545,0.8741096021575959,1.95,9.75,0.5817418675838271,0.048973430972725475,3.2948980107091606,0.9652016598474457,111.76077526170491,205.59482692445147,1.2888880364500441,1.5239577719222708,0.8791960753429074,0.7051956150889478
2021,13085,"Fox, Morgan",DT,17,5.5,5.0,1.0,18.0,3.6812721586270083,0.6693222106594561,3.0,6.0,-0.21837644554280147,-0.3561648241440835,3.2947503872408532,1.1748943051439933,106.05889766450692,147.63533205750187,1.2451708698133044,4.071428571428572,0.7693517320139402,0.8880562431604911
2021,12645,"Treadwell, Laquon",WR,12,6.408333333333334,6.75,-2.0,15.9,6.0762458713328,0.9481788095707879,0.6499999999999999,10.575,0.2718521984802463,-0.09244372006948569,3.2893968981960047,0.9056120222298515,135.08670259357254,265.78608267471424,1.199145301915606,2.676290954288991,,0.37030212840277377
2021,15390,"McNeill, Alim",DT,17,5.241176470588235,5.6,0.0,10.5,3.1400747131481204,0.5991163874693384,3.0,7.5,-0.5883847406405064,-0.5145396934924183,3.2775453442026152,1.2659618083565538,114.27965332013959,159.07872829967383,1.4574672792483032,1.6788990825688073,,
2021,15405,"Stephens, Brandon",CB,17,5.176470588235294,5.0,1.0,12.0,3.0143830530162257,0.5823239988781345,3.0,7.0,-0.6201109687621376,-0.22383938085586427,3.2714353014334643,1.2894809787386703,152.21585238564487,232.0633442086376,1.5489555565576476,1.2605637146399136,,
2021,10738,"Jones, Marvin",WR,17,6.147058823529412,5.2,-0.3,20.0,5.404803707276228,0.8792503638631184,3.0,8.3,0.04302661413631485,-0.10450226578468495,3.271016433857748,0.959757567050181,143.1633876754479,281.6771396602971,0.9543452800437389,1.1985843871843784,1.0060824497328869,1.154991701639922
2021,15375,"Newsome, Greg",CB,12,6.433333333333334,5.0,-0.4,17.0,6.232085436584522,0.9687179435105474,1.0,9.25,0.7677900570862813,-0.10823535259183817,3.267778075848511,0.8895543878380379,105.00680632032714,160.0899660412895,1.015598345218952,0.8546810094531594,,
2021,13715,"Harrison, Ronnie",LB,12,6.2749999999999995,4.75,1.0,23.0,5.801167267599398,0.9244888075855615,2.7750000000000004,7.25,1.201136574819802,-0.24442718928256346,3.2606061283736603,0.9226357407637881,109.56045273659483,237.2480257096679,0.9214215149794277,1.0258657687089219,0.7305714835409046,1.2403441991169204
2021,9694,"Gano, Graham",PK,17,6.8,3.7,0.3,28.5,7.382570889681756,1.0856721896590817,1.9,9.3,0.8363557361258863,-0.36379233562089414,3.2603397761713975,0.8112069780847582,107.91004962348549,147.72902196784568,1.136905090484893,1.162008518745223,0.9616100736018848,
2021,10308,"Cobb, Randall",WR,12,6.683333333333334,4.6,-1.0,21.5,7.034063943095453,1.052478395475629,2.3,7.875,0.5982738796003502,-0.07419724270012966,3.256225911106157,0.8318745507467674,124.08756429181838,244.1450341785038,0.8001515905351627,1.0653489549968573,1.149848856156495,1.172121687441127
2021,13304,"Brown, Jayon",LB,10,5.63,6.5,0.0,11.8,4.111216365018995,0.7302338126143864,1.375,9.125,0.34501941529370345,-0.3638722863875578,3.253895490282357,1.101499055788666,130.7999787014911,283.2412237689688,1.101499055788666,1.200399686092188,1.5290583542540708,1.4682358862172573
2021,11359,"Harmon, Duron",S,17,6.070588235294117,4.5,-1.5,18.0,5.267298080206202,0.8676750713517969,3.0,7.5,0.5214772300887413,0.04728909621977034,3.2503449494029555,0.9686132935764861,112.15580859652823,206.3215292036027,1.1326901004007428,1.2421854668988295,0.9029059498068523,0.7522353584702438
2021,12985,"Littleton, Cory",LB,17,5.4941176470588236,5.0,0.0,11.5,3.810275671397218,0.693519126485575,3.0,7.0,0.19256499107587804,-0.38644771231411373,3.2442017105884875,1.142162741259894,135.6286793395979,293.6975486975276,0.9284537269963147,0.4340578300578996,1.6246742545924968,1.326208122753868
2021,13201,"Barnett, Derek",DE,17,5.235294117647059,5.4,1.0,13.0,3.2274450241767165,0.6164782630449908,3.0,7.0,-0.5442827429075098,-0.16126632043833744,3.238703691434264,1.2384061975274576,126.71972151455198,168.37423102760457,1.0840279138448772,1.2535686631796468,1.2821409942136723,1.3174626916337084
2021,14164,"Jones, Dre'Mont",DE,16,6.51875,4.25,-1.5,20.9,6.616194029614004,1.014948269164181,1.375,10.925,1.1773000385554142,0.15929767782835846,3.2351947192689154,0.855906503255193,87.58049980009672,116.36941062217497,1.034986548109639,1.0781485362708851,1.4723090541115877,0.6396890602307287
2021,12678,"Higbee, Tyler",TE,15,5.386666666666667,5.5,-3.9,12.1,3.5853157307117165,0.6655907915925217,3.7,6.949999999999999,-0.011309955066037037,0.06575295602478277,3.234087684596474,1.174764614481753,259.55382125569986,703.7281998065962,1.1337424778892395,0.9598511442289942,0.8816576267312374,1.0164236536323663
2021,15349,"Phillips, Jaelan",DE,17,6.235294117647059,5.0,0.0,24.1,5.786387796978718,0.9280055900814925,3.0,8.1,0.7557344048176095,0.08935341000703555,3.2340643355621737,0.9187942546435374,94.01547917804083,124.91965593119272,0.9842931937172775,1.0171250831912235,,
2021,12813,"Houston-Carson, DeAndre",S,13,6.369230769230769,2.5,0.0,18.0,6.254030652969654,0.9819130252247041,1.0,11.0,0.977747221405396,0.07719259060372947,3.213678243276413,0.8780264481820648,101.66675072297164,187.02588604915377,1.0420957083094387,1.0017186399363882,0.5722368433514334,0.1712744668486174
2021,14276,"Fenton, Rashad",CB,14,5.471428571428572,4.0,0.0,15.0,3.8452992771190444,0.7027962125282847,3.0,7.15,-0.26170943177862266,-0.18779566592370878,3.2132022206607345,1.1292240702790637,133.29844117595925,203.22247356155626,1.2961836309533885,1.6660152317885344,0.5038518840546926,0.7323322569047074
2021,14933,"Blackmon, Julian",S,8,5.5625,6.5,0.0,11.0,4.103637867794867,0.7377326503900885,1.875,8.0,-0.016604971378969657,0.01327472250480096,3.201010235234587,1.0899088344611318,126.20062870924794,232.1583431796872,0.9823140085455423,0.7744350145607102,0.8339230269778671,
2021,14095,"Johnson, Ty",RB,16,6.38125,4.95,-0.9,17.9,6.343817733628543,0.9941340228996738,1.4249999999999998,9.275,0.4507771346335567,-0.025370732837014454,3.2000105944338753,0.8689281558254383,126.52455939356227,244.14394298790202,0.941105949434902,0.8931954390425368,0.45386687284174476,0.5123267282653043
2021,12736,"Neal, Keanu",S,13,4.861538461538462,4.5,1.0,11.0,2.546351375094134,0.5237748081680972,3.0,5.5,-0.7367018994778912,-0.042731945300255966,3.190457300828506,1.3708563950207606,158.73156859697215,292.00217425767477,1.279001170213092,1.5083420387053974,1.8311425126300906,
2021,12758,"Bullard, Jonathan",DT,9,4.833333333333333,5.0,1.5,9.5,2.516611478423583,0.5206782369152241,2.5,7.0,-1.0146368792336575,-0.6914855831843933,3.1784063294928218,1.3744291523213723,124.07111020535757,172.7085605948254,1.4315269150817154,1.782022951563084,,1.221085169031058
2021,14105,"Brown, Marquise",WR,16,7.6125,6.4,-8.1,30.0,10.648349343912416,1.3987979433710893,-0.55,17.725,1.830012088936278,-0.013611078925659393,3.1734644516586368,0.6535260726858604,97.4839998266426,191.8019312036909,0.31627414451050767,-0.19229830258765715,1.108708138359367,0.6698815427064088
2021,14841,"Claypool, Chase",WR,15,6.900000000000001,7.4,-5.6,29.0,8.10399078643767,1.1744914183242998,3.25,9.75,0.9629019119745773,-0.05285192439554701,3.173155774198115,0.7579093786297564,113.05446075212498,222.43715832352567,0.8516277831539603,0.3282936759542022,0.8777320722208262,
2021,13699,"Evans, Rashaan",LB,13,6.015384615384615,6.0,0.0,17.5,5.388284464229373,0.8957506142580799,1.0,7.0,0.9919730705436762,-0.2620979641994839,3.1730885751229434,0.9416275447762578,111.81567714852616,242.1316084797147,0.8920476287200102,0.9715981522779967,1.1466548235744751,1.304887912698224
2021,14947,"Wonnum, D.J.",DE,17,6.670588235294118,4.0,1.0,33.5,7.416021186742561,1.1117492078890963,3.0,8.0,1.5836354324277848,0.2371727888206432,3.1587975553034706,0.7926059223569971,81.10327770677712,107.76303683818227,0.8782202350061505,0.8592644734711639,1.1773558065679515,
2021,12015,"Williams, K'Waun",CB,15,6.046666666666667,4.0,-3.0,21.6,5.542907379906526,0.916688100315302,3.4,7.5,0.47052486042291564,-0.12380200301913223,3.1547473298717557,0.9241559318470822,109.09132063425524,166.31708388941445,1.1938564517578503,1.8601343221453956,1.0793696060697375,0.9828094770729455
2021,15546,"Parker, AJ",CB,14,5.428571428571429,4.0,0.0,14.0,3.916162219649774,0.7213983036196951,2.25,8.75,-0.2311439105124917,-0.18223016290748734,3.1535824202663743,1.104229516038663,130.34797704237948,198.7242917817015,1.263452099274102,0.9946122633194766,,
2021,12184,"Crowder, Jamison",WR,11,5.6090909090909085,4.6,-0.2,12.7,4.430566256740994,0.789890256469221,2.15,10.05,-0.28899074468073466,-0.1201351866936288,3.1337624688541137,1.032874040000582,154.0698939868614,303.13593266155266,0.9784848149531196,0.8689598114520777,1.1157533359723446,0.984781768000232
2021,10932,"Bolden, Brandon",RB,17,5.705882352941177,3.7,0.0,16.8,4.683572114408515,0.820832226236544,1.7,9.0,-0.07630018193818944,-0.07437362227409446,3.133667270781227,1.0039253902446494,146.1814959190159,282.07430222716414,1.313564995355596,1.2646809003198718,,0.6566189479598494
2021,12126,"Purcell, Mike",DT,12,5.791666666666667,5.5,0.0,14.5,4.947467084838013,0.8542389211231101,1.125,8.375,0.6473013765210766,0.060982337291485715,3.1234737879186905,0.97380390409078,87.90626370140029,122.36663511762791,1.0554793663555493,0.9260439396802701,,1.816283052358031
2021,13303,"Elliott, Jake",PK,17,6.405882352941176,5.8,-5.4,20.3,6.7494200699228095,1.0536284773984186,0.6,12.2,0.36490352809809384,-0.39796656813103676,3.119299534186577,0.8266273211596573,109.96132634000514,150.53722291089215,1.1728991863700013,1.2577313233882021,0.5456804578524228,0.6375323967027375
2021,15331,"Freiermuth, Pat",TE,16,5.606249999999999,6.2,-5.3,14.1,4.488383443679918,0.8006035128080123,2.725,9.325000000000001,0.34326477058438937,0.07631953270774233,3.113539410604138,1.0214756416947888,225.6859824114311,611.9023382341815,0.9471834622846086,1.6116037362345372,,
2021,12735,"Rankins, Sheldon",DT,16,5.40625,5.0,0.0,14.1,4.079900236219018,0.7546636275087201,2.5,8.05,0.05415938514165609,-0.16364609664618426,3.0810748654292333,1.0642433411298418,96.07032318808399,133.73110957281648,1.1174950835969348,0.9116365159293,0.7865739291472079,0.5617712627017942
2021,15177,"Bryant, Myles",CB,13,5.892307692307692,4.0,0.0,15.0,5.379514067054117,0.9129723612493934,2.0,8.5,0.4000479425815746,-0.1249137036810194,3.0801844353147527,0.9236295477013653,109.02918399731085,166.22235239107707,0.9433655287434807,1.1437691730656758,0.749686678508001,
2021,9815,"Suh, Ndamukong",DT,17,5.476470588235294,5.0,0.0,15.6,4.26690815348906,0.7791346789400001,2.0,7.9,0.18201379616466604,-0.10844270471742339,3.078165274985336,1.0397885113313416,93.86276095916998,130.65815492327567,1.1497042846896204,1.1387134768680918,1.3364057900955626,1.5622256168305773
2021,11247,"Ertz, Zach",TE,17,6.1647058823529415,6.2,-3.6,24.1,6.191639636161253,1.0043690249498216,3.2,7.4,1.012020378263527,0.0922669478105935,3.075634179942125,0.8572045033173454,189.3917314931749,513.4977463138364,0.8381068873003135,1.463181974540032,0.5123269025694264,1.141604940958068
2021,13274,"Johnson, John",S,14,6.492857142857142,5.25,-9.1,23.7,7.231327114488369,1.1137357492061297,3.0,8.5,1.4296539085051432,0.11169916177921017,3.0717449640030496,0.7887983374429064,91.33502084082272,168.019663052073,1.1450570077317905,1.5136749982695206,1.6279913708469718,
2021,13630,"Sutton, Courtland",WR,17,6.741176470588236,4.3,-3.6,26.8,8.15677696033322,1.209993091846987,2.4,9.5,0.9808912902613897,-0.046641156856191794,3.0503156301517413,0.7361953337719959,109.815459228513,216.0643510063737,0.5974169401775244,0.6452497259298869,,1.2541436525443692
2021,11985,"Way, Tress",PN,15,5.24,4.8,0.0,13.9,3.7714365079281573,0.719739791589343,3.4,5.85,0.23785454152204874,-0.5394992171935873,3.0469725859848342,1.098201766133382,119.8471407551717,157.0032650915106,1.1065815407846546,1.876190268421904,1.0965699344446427,1.2807777969826417
2021,12987,"Hyder, Kerry",DE,15,5.286666666666666,4.0,2.0,16.0,3.907747290817165,0.7391703576577237,2.15,5.5,-0.198669460082728,-0.06256210732120554,3.0397635535754146,1.0772084122095067,110.2251832079473,146.4577118754456,1.1256404978853538,1.1169248484155996,1.312282109411206,0.7539345307169388
2021,13745,"Nnadi, Derrick",DT,17,4.794117647058823,5.0,-0.5,11.5,2.79210453795431,0.5824021735610218,3.0,5.5,-0.8262865495715946,-0.5522447060356283,3.029645514370212,1.2642366788878292,114.12392413753957,158.8619513003793,1.4369213471652342,1.644332897790327,1.2736736087779952,1.0642558483521416
2021,12589,"Hill, Troy",CB,12,5.333333333333333,4.2,1.0,14.6,4.165199741775764,0.7809749515829557,2.0,6.25,-0.12372582417906575,-0.1644056069311436,2.994614454623852,1.0325512274380635,121.88676514644527,185.8246029657581,1.1047163917130867,1.1902416480762923,1.0370153304443885,0.7773777924825003
2021,12754,"Collins, Maliek",DT,14,5.807142857142857,4.9,-3.5,19.0,5.458736678247906,0.9400038560328497,3.0,8.5,0.9968484635837243,0.2544564644193111,2.9933666570220083,0.8991143541585271,81.16396245933066,112.98126618938029,1.0679267902724627,1.1790292344583808,0.444521627761095,0.8936029416300081
2021,11387,"Hopkins, Dustin",PK,17,5.829411764705882,7.3,-5.7,15.9,5.537865877529778,0.9499870829263999,2.2,8.7,-0.5372352377752367,-0.5084988648746376,2.9894617332323663,0.8916383226430499,118.60935401440761,162.37638594295407,0.8368127366478161,1.0439300064996289,0.8466988538599639,0.6959918204714644
2021,12506,"Callahan, Bryce",CB,10,4.67,4.85,2.0,11.0,2.645770209220748,0.566546083344914,2.25,5.0,-0.7791058300200348,-0.22855992738250575,2.9810805118662977,1.280936463902417,151.20722129261836,230.52561800698334,1.280936463902417,1.2872755511354277,1.6894253238874173,
2021,10271,"Jones, Julio",WR,9,6.18888888888889,5.6,-0.7,22.6,6.702477890791077,1.082985655603585,0.9,8.8,0.4852702938254578,-0.06886021257966805,2.9711625100440457,0.8034932364152836,119.85403152701286,235.8154645922354,0.8964899495864892,0.941452220482438,1.4633127855179011,1.3905377765514035
2021,10774,"Hightower, Dont'a",LB,16,4.2125,4.5,1.5,6.7,1.7705489967803771,0.42030836718822007,2.5,5.7,-0.840746097557659,-0.5544417743419355,2.9659052198217157,1.5204567776622242,180.5500541190778,390.97268048452787,1.6428324318428325,1.9435083145282106,,1.295930883444269
2021,13770,"Franklin-Myers, John",DT,16,6.3125,3.2,0.0,28.2,7.1249451752276665,1.1287041861746798,2.0,7.75,2.136009356516728,0.6801389616000678,2.965419075603772,0.7769283193745514,70.13410547351666,97.62756523164956,0.5485478469546602,0.8830368802245057,0.8844067732370359,
2021,14150,"Bryant, Austin",DE,15,5.346666666666666,7.5,-1.0,11.0,4.306099033799489,0.8053801185410517,0.5,9.15,0.003704779078610388,-0.009297205704763965,2.9615185255210235,1.0076454722402963,103.10716619686369,136.999905100318,1.0539717387753078,1.1514204507074515,,
2021,9825,"Dunlap, Carlos",DE,17,6.252941176470588,4.0,-1.0,24.8,6.966737581246444,1.114153705373373,1.0,8.5,1.355386329890347,0.23910717614100627,2.9576568442389,0.7848810272337698,80.31282901498366,106.71275682606738,0.9004863207427525,1.1194435501704498,0.8476474265410658,1.5477383796151138
2021,12311,"McCain, Bobby",S,17,5.623529411764705,3.5,1.0,17.0,5.10219438509085,0.9072939806123896,2.0,7.5,0.4451324700027797,0.05765993874983509,2.9484334711522107,0.9215585503969458,106.70733622411537,196.29853382095783,0.9311550689182272,1.4948758774536755,0.9339789464839753,0.8262133855415126
2021,12275,"Rowe, Eric",S,17,5.358823529411764,4.5,-0.4,13.5,4.4372830616108025,0.8280330630887338,1.5,7.0,0.13767420606715175,0.0369122071800542,2.931469696919614,0.9855700850387961,114.11923679875319,209.9334465374774,0.9437035083951292,0.8487863469227759,1.11406818309241,1.195812947415011
2021,12280,"Clark, Frank",DE,15,4.973333333333334,4.7,0.0,11.5,3.4837655234275196,0.7004890462655871,2.5,6.7,-0.41406449501186193,-0.09368072515351829,2.924648849844214,1.1091867554955401,113.49736221011437,150.80550097006798,1.403819631800148,2.2459745900151487,1.2494525522166255,1.6126547761292511
2021,12266,"Berry, Jordan",PN,17,4.735294117647059,5.0,-2.8,10.3,2.9365728677511913,0.6201458230033572,2.8,6.7,-0.6832373528338748,-0.7320029112379679,2.9227579705566087,1.2028976159539873,131.2726352652656,171.9709975886454,1.738237895774351,1.9757829992590086,1.32647458624052,0.4420583913516076
2021,12783,"Bush, Deon",S,14,5.757142857142857,4.0,0.0,14.8,5.611686057519902,0.9747345509339781,1.0,9.125,0.6807239234237062,0.07531351750796186,2.9154008848530735,0.8707526048661797,100.8245118397066,185.4765056245062,0.8884652406139707,1.5718048099576558,0.3535986349306373,0.3396488577939941
2021,14177,"Williams, Greedy",CB,16,6.00625,4.5,0.0,20.0,6.3845975548580975,1.0629923088213273,0.0,9.0,0.8335735572903853,-0.08002969216843644,2.9114262686861974,0.813348317952503,96.01111574726167,146.37542839535,0.7359131806489662,0.7748723650979842,,1.4570885382922312
2021,13909,"Maher, Brett",PK,8,5.5249999999999995,5.7,-0.8,11.4,4.974623101301243,0.9003842717287319,0.30000000000000004,10.9,-0.9566330214024359,-0.5613996645459279,2.9073067390596985,0.9247445246875375,123.01327558064017,168.4053612614961,0.5453501376540941,2.257540215935816,,0.3630656008385946
2021,14278,"Shelley, Duke",CB,10,4.9,5.0,0.0,11.0,3.3600595232822887,0.685726433322916,2.25,6.75,-0.47100932090809006,-0.19290272121049754,2.9067587143075673,1.1238378682296613,132.66263083863032,202.2531377739199,1.1238378682296613,1.0791723052938484,0.597870168849651,0.0
2021,14219,"Dean, Jamel",CB,15,5.526666666666667,4.0,0.0,19.9,5.002195073720691,0.9051016418071214,2.0,6.4,0.2372978322563263,-0.12726852027559163,2.900982575094649,0.920774249884676,108.69213242528429,165.70849451261444,1.190423515220922,1.239265962360449,1.0647316203260395,0.7878927717767297
2021,14924,"Johnson, Jaylon",CB,15,5.913333333333333,3.0,-1.0,24.5,6.14587847441049,1.0393255593704325,2.0,7.5,0.7306061547317287,-0.0871104749044125,2.899651458867048,0.8275166383684075,97.68360491502699,148.92525105403746,0.9162617827818366,1.065153970908088,1.3559361927647817,
2021,15441,"Hobbs, Nate",CB,16,5.64375,3.65,0.0,22.4,5.348477441057408,0.9476814956469384,2.8,6.75,0.38666082347457476,-0.11452918340151325,2.8976760382094104,0.8889926840568518,104.9405004024802,159.98887819271636,0.7595015981702986,0.675671064524817,,
2021,12762,"Vigil, Nick",LB,15,6.1066666666666665,3.5,0.0,25.7,6.808961415337552,1.115004598581477,2.25,7.0,1.7116779531706234,-0.12728128444280043,2.8873065669750213,0.782007534916562,92.86124066466438,201.0866645979387,0.7757438948128967,1.090282493606342,0.7928923413008718,1.1866545828627912
2021,15461,"Lopez, Roy",DT,16,5.18125,5.75,0.0,14.4,4.19139278015077,0.8089539744561196,1.125,7.0,0.13038510727120167,-0.04117439538308347,2.864224338022639,0.9980462314102777,90.09464311652818,125.41288704683618,1.382059284409954,1.088479104868091,,
2021,12716,"Mills, Jalen",S,16,5.3375,5.0,-3.8,15.0,4.642584813441753,0.8698051172724596,2.75,7.25,0.23260674514697602,0.04784666762285215,2.854575565493141,0.9459317274744403,109.52950829352741,201.49019410430057,0.876951076903251,1.0731287873831046,1.6826841336164122,1.4476193286278203
2021,13604,"Barkley, Saquon",RB,14,6.164285714285714,6.25,-3.2,19.7,7.156176866661331,1.1609093410574582,-0.15000000000000002,10.9,0.7086763677196983,0.02178672677320352,2.8526350444989848,0.7557812704482239,110.04925044755787,212.35290647055987,0.6649558583569463,0.7559264622045497,,1.0677082366933557
2021,14179,"Love, Julian",S,17,5.252941176470588,4.0,0.0,14.3,4.421886428299023,0.8417924891498699,1.5,9.0,0.1305547271512007,0.040513942907949324,2.852080898046896,0.9688401345062042,112.1820745254227,206.36984793700827,1.260125008487528,1.0813324957860058,0.7135189918721921,0.7464991248552221
2021,11265,"Gholston, William",DT,17,5.811764705882353,3.0,-1.4,16.0,6.045210291962426,1.0401677627870571,0.5,11.4,1.3978113723023402,0.48041273022162356,2.848670002482025,0.8249242343429752,74.46674527921098,103.65865484774777,0.8807827339091667,0.8778257307981419,1.6368547204060755,1.2286276466991148
2021,14798,"Moss, Zack",RB,13,5.684615384615385,5.8,-4.7,17.2,5.660775450256339,0.9958062361749987,1.6,8.4,0.2339320548109743,-0.02489789710291499,2.8482801995398415,0.8534464833815428,124.27027430508039,239.79403611797306,0.6944078551063674,0.8519848821022307,1.11092369524997,
2021,14905,"Henderson, CJ",CB,11,4.072727272727272,3.0,2.0,7.0,1.7524481105485803,0.4302885985721961,3.0,5.5,-1.1644250762907948,-0.269326389537692,2.8474863582027607,1.4796744967212305,174.6671090813879,266.2918008959258,1.437720890393902,1.587937780016841,1.0231414670306067,
2021,14250,"Hollins, Justin",DE,8,6.225,4.0,2.0,25.8,7.463536360198161,1.1989616642888612,2.75,4.25,1.6077745186652528,0.30733408902602427,2.8308815479114546,0.7355081534563468,75.26075738619205,100.0,0.7625316935618668,1.4772478130583122,0.5992266186872145,0.6304725962016267
2021,11791,"Cockrell, Ross",CB,17,4.68235294117647,5.0,0.0,11.0,3.0893051368185858,0.6597762226873864,3.0,7.0,-0.5877946061616032,-0.20066668574835053,2.821074839592021,1.1450241017766811,135.16354450185895,206.0659495091623,0.9060675380190464,1.1295139892155903,0.4909995080702421,1.0939568563070126
2021,11801,"Desir, Pierre",CB,12,5.5,4.5,0.0,16.0,5.236092690801669,0.9520168528730308,0.75,10.25,0.3381855788508988,-0.11323210106815361,2.817598624676294,0.8819625160659628,104.11062929093096,158.7236836522664,1.0196989289559864,1.4501591407234995,0.7921486710900819,0.9501850250756981
2021,11795,"Hitchens, Anthony",LB,15,5.093333333333334,5.0,-2.5,13.5,4.126575120147725,0.8101914502907838,2.25,6.5,0.3528000518758599,-0.31470728140037374,2.8136987016015107,0.9935157905550336,117.97726340414232,255.47423474559255,0.8069730426634407,1.3186821410067178,1.2822057765060537,1.2001628578102064
2021,15533,"Gore, Derrick",RB,11,5.836363636363637,1.8,0.0,17.8,6.276112393580879,1.075346360270867,0.4,9.55,0.42928275540630395,-0.002407097919465457,2.8122359467756,0.802126646849571,116.7975970050922,225.3746308306535,0.8804904372875328,1.3501539277921877,,
2021,10260,"Peterson, Patrick",CB,13,4.615384615384615,4.0,1.0,11.0,2.975243016279033,0.6446359868604572,2.0,6.0,-0.6369933558395443,-0.2051964468245119,2.8063259300285623,1.161032066840728,137.05319319568224,208.94684652741185,1.433317312769109,1.7972760913549621,0.9712634075673632,1.485749359833472
2021,15261,"Hubbard, Chuba",RB,17,5.329411764705882,5.9,-3.0,14.3,4.793962465911417,0.8995293810209061,0.0,8.8,-0.04125461423905854,-0.052121181450257806,2.805648503231668,0.9198215894668453,133.93514820269982,258.4435412666606,0.9699023171811259,1.3263055750151735,,
2021,12751,"Gotsis, Adam",DT,16,4.84375,5.25,0.0,10.3,3.542063090558947,0.7312646380508794,2.125,6.625,-0.3135515251155172,-0.21643106133826154,2.7978102789953994,1.0664206778783265,96.26687357936402,134.00471021285375,1.277101950978504,1.9835361362237067,0.8838637727632076,0.8562742476317069
2021,13269,"Basham, Tarell",DE,17,4.764705882352941,5.0,-1.0,13.0,3.4065578929765294,0.7149565948222346,2.0,6.0,-0.45328821059796953,-0.08204176829549756,2.7783244758138217,1.0812761339065242,110.64141219781662,147.01076103987734,1.409132646493619,1.3740881877053535,0.8005086452796734,0.9080319684068293
2021,9474,"Cook, Jared",TE,15,5.12,3.8,0.0,16.5,4.328232895767048,0.8453579874545015,2.3,6.6,0.28038428468778975,0.07982217737707618,2.774529405572173,0.960918957590522,212.30652020421218,575.6266062572253,1.035541721297864,1.305437810423527,0.9554027125117317,1.3798448820528146
2021,14197,"Savage, Darnell",S,17,5.282352941176471,2.5,0.0,13.7,4.7973320151588235,0.9081808937383072,1.0,9.5,0.3041626117846639,0.05789210153620154,2.768266341262773,0.9111696427536342,105.50440380010538,194.08562251162758,0.8253757749460389,0.6127170658192455,1.4449640301079412,1.1971848730514407
2021,10793,"Hayward, Casey",CB,17,4.517647058823529,5.0,-1.2,10.0,2.874683674489021,0.6363232091967885,2.0,7.0,-0.6803679122751293,-0.20768352147289318,2.7608525219422133,1.1659395807115274,137.6324971321147,209.83003449170582,1.030997761157565,0.8535245641739614,1.0159426438403083,0.6666860636480808
2021,10973,"Beasley, Cole",WR,16,5.55,2.9,-0.5,18.1,5.623166367803819,1.0131831293340214,1.875,7.35,0.11744398925652189,-0.08107167252797028,2.7568281887182255,0.83796777731258,124.99646773471267,245.93332185581315,0.8005770552791067,0.8975249405547795,1.1514755704740662,1.0933712752186076
2021,13675,"Conklin, Tyler",TE,17,5.082352941176471,4.5,-2.5,15.5,4.298595570117352,0.8457884802314234,3.0,7.3,0.26874767487398804,0.07985586927586803,2.7534861093830485,0.9591886895160614,211.92423282086165,574.590110586337,1.1734547125425137,0.7479553592279486,0.2851524150436614,0.28703442156200126
2021,13787,"Carter, Jermaine",LB,17,4.323529411764706,4.0,0.5,10.5,2.502593810139135,0.5788312213927251,3.0,4.5,-0.46989737923005925,-0.45696794765023246,2.7384367329338826,1.2343793331813604,146.5791456117779,317.41027020225766,1.4894239806224068,1.393364755358734,0.7473084925411436,0.5925435042637542
2021,13403,"Koo, Younghoe",PK,17,5.376470588235295,3.8,-6.0,15.5,5.192588543159059,0.9657987443512472,2.8,8.6,-0.7943331622997603,-0.49163591873691054,2.735005607102286,0.868210531147701,115.4928939602787,158.109947391543,0.7267128031853589,1.468395081515001,0.8947048130773276,1.1047521085646337
2021,14118,"Humphrey, Lil'Jordan",WR,10,5.030000000000001,4.7,0.0,13.8,4.252305257151702,0.8453887191156464,1.85,5.625,-0.3497415875386105,-0.11042612185001612,2.725712988215564,0.957674726378669,142.85269825057748,281.0658513278458,0.957674726378669,1.152796736219895,,
2021,14236,"Amadi, Ugo",CB,17,5.141176470588235,4.0,-3.2,15.0,4.606780019203079,0.8960556101424754,2.0,8.8,0.06674229467664806,-0.12997497495678978,2.7115114362083035,0.9169570507456751,108.24153390522149,165.02152664545494,0.9713745466179428,0.9061793410335468,1.4824481643838285,0.5382306085330469
2021,13727,"Vander Esch, Leighton",LB,17,4.7,3.0,0.5,11.5,3.44861438500604,0.7337477414906468,2.5,6.5,0.009349944565945949,-0.36171161311422834,2.7108903374599467,1.0565087447995605,125.45750320119662,271.6723434550617,1.0037607867158163,1.4041443464697754,1.2879902908166174,1.549921453214124
2021,13731,"Hughes, Mike",CB,17,6.382352941176471,5.0,0.0,34.5,8.717004024867155,1.3657978656473881,0.0,6.0,1.8396172948815537,0.010565780757843021,2.6977591931464415,0.6568231241690493,77.53421210585851,118.20614127812239,0.5362192032154924,0.6528042186424344,,1.0025491527539903
2021,13207,"Willis, Jordan",DE,10,4.82,5.0,0.0,10.1,3.8104592899019405,0.7905517198966681,0.75,8.0,-0.24809458627232223,-0.021226461820252455,2.69190772120124,1.0019833262320892,102.52778798738179,136.2300773313668,1.0019833262320892,1.8220074218076525,0.9507645198877449,0.44810785220907645
2021,13431,"Sanchez, Rigoberto",PN,17,3.994117647058824,4.4,0.2,8.0,1.9564284951787545,0.48982745829217705,2.1,5.1,-1.7646151891996753,-0.9838933315606205,2.68092632125157,1.3509941652816222,147.43446320979342,193.14346562709198,1.2794465712144993,1.5115743218295443,0.7150631967505329,0.7532365542828253
2021,14932,"Lewis, Terrell",DE,11,4.9363636363636365,3.0,1.0,15.9,4.212810059217164,0.8534237689021879,2.0,6.25,-0.04368872574679024,0.029353293491118353,2.6633755966599706,0.9469678695918103,96.89833994491309,128.75015254987434,0.9550387070034142,0.9107711547777729,0.5301787358156984,
2021,14878,"Gross-Matos, Yetur",DE,15,5.16,4.0,0.0,19.1,4.84641448220572,0.9392276128305659,1.5,7.0,0.2782006980865018,0.09838138306859323,2.6608532004493686,0.8825922307946338,90.31111271931715,119.99761343869541,1.0925652367176515,1.2947292283164749,0.8766747663134882,
2021,14926,"Gay, Willie",LB,12,5.266666666666667,3.0,0.5,18.0,5.16951534371346,0.9815535462747076,2.0,5.925,0.8811461833470553,-0.20933875691042494,2.6578472615932713,0.8536597079758027,101.36973884340668,219.51141864230257,0.9635771998208146,0.9732516681385891,0.7150443001572325,
2021,13168,"Reynolds, Josh",WR,11,5.636363636363637,3.6,-3.0,16.6,6.337517828882611,1.1243983244791729,0.8,9.100000000000001,0.36089294027372876,-0.061615358068620805,2.653157635936977,0.7681567210886038,114.5830178705523,225.44462834723083,0.866355476806777,1.669352762867628,1.0788904360860907,0.5303824587960315
2021,10220,"Sendejo, Andrew",S,12,4.791666666666667,2.75,0.0,12.5,3.939428540057837,0.8221416083598964,2.25,8.125,-0.09253617159348795,0.03537003071921581,2.6296895063933206,0.9700852290517316,112.3262441196858,206.6350619417508,1.1018558133051606,1.2000842201797894,1.7230585472985573,0.9307356511905602
2021,12737,"Jackson, William",CB,12,5.2,3.7,-2.4,17.6,5.1626866390798245,0.992824353669197,2.55,8.3,0.30652313082323207,-0.10102302910686252,2.609361929176416,0.8437878322459104,99.60432626433983,151.8535204335315,0.7893993728792182,1.218133610542464,1.1289923907419244,0.8728706748876451
2021,13176,"Jones, Zay",WR,17,5.805882352941176,3.5,-4.5,21.3,7.11357199825759,1.2252352985854005,0.5,9.1,0.6253699992014907,-0.04397464022624802,2.6091094081745068,0.7155766109166226,106.73984272403581,210.01300733715905,0.8076538360475071,1.0049124655041242,0.4281484237388206,0.3539228787655243
2021,14207,"Thornhill, Juan",S,17,5.0588235294117645,3.0,0.0,17.0,4.7585290390956905,0.94063946121659,2.5,5.5,0.2862199249411534,0.06638861742599098,2.6067817492695835,0.8784923189700878,101.72069393774964,187.1251198445535,1.0017601510683762,1.7679343822863471,0.5944496083030831,0.8466002141756407
2021,12152,"Coleman, Tevin",RB,10,4.28,4.4,0.2,8.9,2.778416815382458,0.64916280733235,1.675,6.15,-0.6811288476719056,-0.12291493988456396,2.595256199673358,1.1327495639378715,164.93957356502222,318.2702080759556,1.1327495639378713,1.634524557086722,0.08122695627006554,0.6747075133983571
2021,13620,"Jackson, Justin",RB,14,6.042857142857143,2.9,-1.1,27.4,8.097505284761146,1.3400126948777311,0.375,7.7,1.0075194129179545,0.07243006696964294,2.5824035724613412,0.6642323311401953,96.71881670428385,186.63027466357255,0.8167827434259374,1.3417487219780146,0.47754831063146264,0.8747225668947881
2021,11390,"Murray, Latavius",RB,14,4.492857142857143,3.6500000000000004,-0.2,12.2,3.3294067008390305,0.7410444167209289,2.125,5.65,-0.5062063742001439,-0.09693445709175394,2.580552856496883,1.0377535429938787,151.10721053995425,291.57904498503717,0.8598174715785324,1.1991932915967751,1.1661126448409926,0.8056933809622683
2021,13250,"King, Kevin",CB,10,4.7,2.5,1.0,11.0,3.874274125562103,0.8243136437366176,2.0,8.0,-0.24921162524334953,-0.15143923553155003,2.5763113794255847,0.9642461377688714,113.82374008620428,173.5319768654424,0.9642461377688714,1.2251482265544136,1.0910134236503264,1.3376202278530227
2021,12181,"Agholor, Nelson",WR,14,5.121428571428572,3.25,-2.6,15.9,5.082347400762842,0.9923690880150597,2.125,9.725000000000001,-0.06686558017797405,-0.08471294234315224,2.570521999280216,0.8420151356014698,125.60019678428364,247.12117214752675,0.9181811015825517,0.8114187990997961,1.078320787437122,0.42504858548675856
2021,10862,"Bullock, Randy",PK,16,5.13125,6.0,-7.7,12.2,5.114528173497532,0.9967411787571318,1.925,8.950000000000001,-0.852457913129908,-0.458636185771681,2.5698122794231835,0.8391898531501747,111.6324454096339,152.82498745747003,0.6480177377462962,1.6304056437671277,0.9137269670939099,0.927491845115164
2021,14941,"Taylor, Davion",LB,9,5.166666666666667,4.0,1.0,18.5,5.228129047119373,1.0118959446037497,2.0,4.0,0.9108394704079723,-0.19068157532624672,2.5680585919587706,0.8295696231689912,98.50910763079798,213.31685581855683,0.7088962145948438,1.019386679063532,0.15917292280520423,
2021,14222,"Edwards, Mike",S,14,6.814285714285715,3.0,-7.5,41.9,11.327202223147674,1.6622728629357173,0.75,8.125,3.3236066894782454,0.2552869620128772,2.559574493341576,0.5527844510808819,64.00695458312815,117.74702455905914,0.5916995495693808,0.9596450212821311,0.4976724262065032,1.23145541875787
2021,10754,"Mercilus, Whitney",DE,10,4.54,4.0,0.0,10.1,3.518010801575231,0.7748922470430024,1.25,6.800000000000001,-0.39666690046859165,-0.033824306455058684,2.5579017585792654,1.0048670088210285,102.82286035970706,136.62214403727455,1.0048670088210285,0.7057801161344309,0.7308240020485008,1.0069942421486389
2021,15081,"Wharton, Tershawn",DT,17,4.652941176470588,4.0,0.0,13.1,3.8199349620362453,0.8209721157347178,1.5,8.0,-0.12357483864031385,-0.014063089392788527,2.5551962801985244,0.9653535188999502,87.14343888026029,121.30477328188682,0.9881654390039806,1.2000644864678436,0.8417272339063275,
2021,11793,"Jones, DaQuan",DT,17,4.935294117647059,3.0,0.0,17.0,4.649723733282199,0.9421371092466911,1.0,9.0,0.44373886748454644,0.259268795984944,2.541166683932703,0.8735460972318918,78.85589003701222,109.76840007455758,0.9281782474990011,1.1078901657290856,1.3326602687873494,1.091923606170401
2021,13205,"McKinley, Takkarist",DE,11,4.509090909090909,4.0,0.0,12.7,3.5328213153626935,0.7834885981651135,2.3,6.65,-0.3891427299029334,-0.02690865246883606,2.528242072155631,0.9947647602628065,101.78914934750074,135.24863804543082,0.9236813556599618,0.7341996841024498,,1.1261458612212711
2021,12738,"Burns, Artie",CB,11,4.945454545454545,6.0,0.0,12.0,4.7360059191385835,0.9576482557081695,0.0,9.5,0.1224816818873998,-0.11154725879367437,2.5262222317183083,0.8621773783310948,101.77510697262102,155.1630221891767,0.9563087800566294,3.8722065268608126,,0.2880144012826362
2021,15373,"Davis, Jamin",LB,16,4.14375,3.9,-2.0,9.0,2.656823467507768,0.641164034391015,2.375,5.75,-0.3917657270148934,-0.4186402387410589,2.5248847239926366,1.133155602620349,134.55910643708614,291.3814387040471,1.1412976554161243,2.2184677685591834,,
2021,12713,"Alexander, Mackensie",CB,17,4.094117647058823,4.0,0.0,9.0,2.5558400456797656,0.6242712755252302,2.0,5.0,-0.8178956717625864,-0.21128930282676103,2.5205873604671947,1.1513784631659818,135.91364051039795,207.2095215188509,1.004396224379404,1.8732022409506306,0.8247135710930706,1.078558366740334
2021,8444,"Koch, Sam",PN,17,3.8823529411764706,3.7,-0.2,7.7,2.1013259942845743,0.5412506348914813,2.9,5.4,-1.6047520624374116,-0.8844982417232672,2.5189627522520532,1.2518364558679895,136.61334788879265,178.96748757184935,1.104070928843984,1.0871850701763375,0.6243624392889251,0.663270271312937
2021,11970,"Pennel, Mike",DT,10,4.1,3.0,0.0,9.5,2.5865034312755126,0.6308544954330519,3.0,5.125,-0.9668528356617068,-0.4429428020421943,2.514019498049272,1.1431747044340248,103.1955372150363,143.6494979590264,1.1431747044340248,1.4858072495126347,0.7256477947727509,1.4999375361025364
2021,13638,"Berrios, Braxton",WR,17,4.770588235294118,4.4,-1.0,12.4,4.298120616089063,0.9009623979471526,0.8,7.9,-0.33412784321038674,-0.1007038984650058,2.5095647554343374,0.9004302810334363,134.31376195814076,264.26530483583537,0.9173919561382688,2.1080959846407508,0.7316280101943454,0.22901220616434528
2021,12164,"Davis, Mike",RB,17,4.952941176470588,3.7,-2.4,15.3,4.824218028320765,0.9740107658129811,0.7,7.5,-0.03164939651616501,-0.03106079353528841,2.5090750578712058,0.8504044924806183,123.82733025287268,238.93932373685624,0.8114814751157747,1.3555594813596359,1.0317663411671605,-0.02430450471495154
2021,13880,"Arnold, Dan",TE,11,4.736363636363636,3.3,-1.0,10.9,4.205899045015168,0.8880017177575211,1.7000000000000002,9.0,0.23235190467329647,0.08315962767240882,2.508664897820784,0.9098070468536787,201.01379689616437,545.0086488484708,1.0557095766986897,1.0168720599457728,0.452616358555383,
2021,15404,"Jones, Ernest",LB,15,5.633333333333334,3.5,0.0,23.2,7.109961712664532,1.2621233809463666,0.5,7.5,1.8641625722034092,-0.03681968654077317,2.4902856231372357,0.6946189800793152,82.48409049699413,178.6154322483284,0.9916601081647799,1.288512730840065,,
2021,10851,"Norman, Josh",CB,15,6.493333333333334,4.0,-6.6,32.0,10.449335970396504,1.6092406525251288,1.5,8.0,2.5868291242254156,0.08340068722010859,2.488591202597323,0.5671362383043479,66.94718833055374,102.06550872239471,0.3756048080935444,0.05303918457792357,0.5751670396846289,0.9118086970802975
2021,13989,"Lancaster, Tyler",DT,16,4.15625,4.0,0.0,12.0,2.8379060832768936,0.6828044711643654,2.5,4.25,-0.7949727437892086,-0.32575066262641345,2.469835367815614,1.0829472920429821,97.75874776136983,136.08141801482589,1.0129698645394154,1.3928571428571428,0.8284937480395818,0.7680583943444468
2021,15409,"Barnes, Derrick",LB,17,4.0,3.5,0.0,10.5,2.497057091387191,0.6242642728467978,3.5,5.0,-0.4727022417404265,-0.42903170208026314,2.4626534406185785,1.1438189012845954,135.8253437804967,294.1234163273621,1.6370645663610988,3.0,,
2021,14248,"Keke, Kingsley",DT,13,5.06923076923077,3.0,0.0,19.7,5.369913996644727,1.0593153559390205,1.5,5.5,0.9361217745341904,0.5236071181795177,2.461609755208798,0.7958083534410235,71.83842525121186,100.0,0.8468720818117283,0.7957989626455096,0.6088609235483299,0.5754102361008007
2021,15484,"Cooper, Jonathon",DE,15,5.1466666666666665,2.0,0.0,16.0,5.622083441414066,1.0923737256633548,0.5,10.5,0.6722630267351345,0.2215854624090007,2.4597262924600125,0.7771974956521626,79.52661284115194,105.66810061858682,1.0580754213211139,1.000149569840121,,
2021,13547,"Maulet, Art",CB,15,4.133333333333334,4.0,0.0,11.0,2.825282680055612,0.683536132271519,2.5,5.5,-0.7016761883923339,-0.19355803071565375,2.455149761327911,1.0805301670602925,127.55040448007911,194.45920352513187,1.0569091413015272,1.056335929135171,0.9135245856443299,0.8334075607409152
2021,15379,"Tryon, Joe",DE,17,4.435294117647059,4.0,0.0,13.6,3.5921386676480704,0.8098986385943925,2.0,7.0,-0.3590077945115477,-0.005662114399763993,2.4505759731890877,0.9658449882826945,98.82993817841833,131.31669360073496,0.8887565402099139,1.0176450676722741,,
2021,12489,"Copeland, Brandon",DE,16,4.375,3.0,0.0,13.0,3.461845606031557,0.7912789956643559,2.0,5.0,-0.42520044881057323,-0.020641377813044256,2.4423889358326254,0.9805359455033229,100.33318809068223,133.31408236544027,1.3094496730461083,1.1170464043525037,,0.9131699805500836
2021,13276,"Sutton, Cameron",CB,16,5.175000000000001,3.1,0.0,20.6,5.793908439041819,1.1195958336312692,1.5,5.75,0.5787898849453486,-0.0630946558593216,2.441503195038011,0.7617117667146334,89.91571628769333,137.08258037258815,0.6701407727509635,0.6568623389366393,0.8737193856880918,0.49332078808068175
2021,11314,"Rhodes, Xavier",CB,15,5.026666666666667,5.0,-6.0,18.6,5.329098318560927,1.0601654479895741,2.5,7.0,0.37830196961342877,-0.0808754520568409,2.439933487658466,0.7942152916040655,93.75257144737353,142.93212511871425,1.2205369373687842,1.532860771654336,0.8183522621028118,1.0769007316761972
2021,15007,"Smith-Williams, James",DE,13,4.461538461538462,2.5,0.0,13.1,3.7085220903581733,0.831220468528556,1.5,7.0,-0.29988164020978375,0.0114910237263049,2.4363742860101656,0.9475454029778326,96.95743595879627,128.82867423359846,1.016498143434651,1.3094864059455698,0.42772996689889603,
2021,14922,"Blacklock, Ross",DT,14,4.5928571428571425,3.75,-2.4,12.7,4.06842621129285,0.8858159713545865,3.0,6.5,0.046314772355128354,0.1322159042175955,2.435474729571879,0.9061702689138291,81.80090702335282,113.8679011090557,0.7637921691534842,0.881550047340121,0.6846854383102846,
2021,9596,"Morstead, Thomas",PN,14,4.164285714285714,5.65,-0.1,8.8,2.9572204958752213,0.7101387125600875,0.725,6.225,-0.6604571501906166,-0.5580569994186023,2.4350572755889224,1.052325923871648,114.84069413092148,150.44467335906882,0.9829971537160864,0.8322813881537197,0.5094570813930049,0.9424031143655456
2021,14898,"Davis, Raekwon",DT,14,4.15,3.75,-1.0,9.0,2.9232442838150123,0.7043962129674728,2.2750000000000004,7.0,-0.7366283403712011,-0.27704260492285443,2.4348798527160307,1.0577980109779164,95.48849671398831,132.92119973409007,1.2120034628741039,1.9453108204700496,1.0934323462753648,
2021,13066,"Raymond, Kalif",WR,15,5.2,3.1,-2.0,20.2,5.958411421399723,1.1458483502691774,0.5499999999999999,8.399999999999999,0.2316945522894267,-0.05786282725314367,2.4232840122871253,0.747297002877417,111.47145300501309,219.3225554805319,0.6324499678771147,0.9037177827724533,0.2674431876806957,0.6818488429042419
2021,13288,"Jenkins, Rayshawn",S,14,4.307142857142857,4.0,-1.8,11.9,3.36865048980285,0.7821079080802638,2.25,6.0,-0.3564667473362352,0.024890610431165524,2.4168810640555605,0.985920678982317,114.15983209874072,210.00812554409075,0.8833403078730958,0.6001763987882797,0.8663823149419799,0.9279280438212242
2021,13814,"Scott, Boston",RB,17,5.582352941176471,0.5,-0.4,19.7,7.344324362800214,1.315632393757678,0.0,8.2,0.7684074558409634,0.06553628269716366,2.410725016727609,0.6689999931046697,97.4130355822756,187.9698512246917,0.9928660701293123,0.9679917219908487,0.6188633247055952,0.6666277584474897
2021,14992,"Watkins, Quez",WR,17,5.188235294117647,3.6,-1.0,23.4,5.978774451728103,1.1523714929634665,0.1,8.7,0.2386342152467745,-0.05672164941896684,2.410473894064769,0.7434307169553133,110.8947338320333,218.1878477199104,0.5819666622386327,0.7230581995966079,,
2021,15391,"Williams, Milton",DT,17,4.429411764705883,3.5,0.0,15.3,3.7538630621365714,0.8474856846789072,1.5,7.0,-0.16874717128891323,0.04574794659667513,2.3975350940138482,0.9317499698266724,84.1100125058851,117.08220525681166,1.140277590052781,1.4153446715653468,,
2021,12486,"Marlowe, Dean",S,16,4.21875,4.5,0.0,12.0,3.216018258265957,0.762315438996375,1.5,7.0,-0.42704464136778736,0.019709635387151543,2.3938676962408874,1.0006479435255498,115.86510320560564,213.14513776733443,1.685726246933995,2.6969384566990686,0.5921621694126867,0.6649651444295495
2021,13939,"Odum, George",S,17,4.688235294117647,4.5,0.0,15.7,4.52013565035142,0.9641443670762124,1.0,6.0,0.17598565031123087,0.07254137836523782,2.3869097265474757,0.8492971171495012,98.34017924830495,180.906333952415,1.4908176142153176,1.3349926169541049,0.5077825448843454,0.6998270831458231
2021,10789,"Gilmore, Stephon",CB,8,4.675,3.0,0.0,14.0,4.532038724459445,0.9694200480127156,2.0,4.85,0.034503912352148614,-0.10802529208276322,2.373795272733923,0.8450772369560392,99.75653311365242,152.08557005194737,0.8455351364178079,1.7450859654641415,1.1831754617923396,0.9983869450032482
2021,11678,"Robinson, Allen",WR,12,4.466666666666667,3.95,-1.7,12.1,3.9691168903030416,0.888608259023069,1.875,6.6499999999999995,-0.446251379434981,-0.10286516798818335,2.3650572559590333,0.8988854086695206,134.08331922058142,263.8119036400048,0.9089284849497026,0.8714423277850379,1.9048981018149909,1.2692112006092182
2021,12226,"Shelton, Danny",DT,12,4.616666666666666,2.75,0.0,13.5,4.4167924510390515,0.9567059460734408,1.375,6.875,0.2844873644745021,0.2921341271519244,2.3594074909063467,0.8522879007079356,76.93689112809341,107.09712923000848,0.9536366825233595,0.9132046338436544,1.2893252189207811,1.5305808286735885
2021,11830,"Kennard, Devon",DE,14,4.357142857142857,3.5,0.0,13.0,3.734150177887923,0.8570180736136218,1.0,7.0,-0.28686182843197144,0.03224486543277522,2.3463114974773367,0.920364308993412,94.17613474515286,125.13312118545218,1.0101655930227054,0.6998985750094887,0.8399859944521908,1.134063074338635
2021,12317,"Uzomah, C.J.",TE,17,5.617647058823529,3.4,-1.0,26.2,7.834406415002512,1.3946063775397142,0.8,6.0,1.6570258098061608,0.12280831364318671,2.3459584470810846,0.6358827967528967,140.49266357991706,380.9177177543002,0.8267364326572049,1.2611392374427597,,0.4735482160496911
2021,13736,"Stewart, M.J.",S,13,5.138461538461538,4.0,-2.0,15.0,6.220257039153293,1.2105290645058806,0.0,11.8,0.9621301363834981,0.13703626089857157,2.3245392340544218,0.7116729377634617,82.40466481355901,151.59140369632266,0.8101633039560721,2.3232053421813323,0.37931590088367856,0.8894404570130351
2021,13793,"Valdes-Scantling, Marquez",WR,11,5.872727272727272,3.3,-4.0,22.1,8.965295808037782,1.5265983574058144,-1.4,10.75,1.2564322194477948,0.008746702672883917,2.3243612327671648,0.5893179074514239,87.90631191151701,172.95761786145897,0.665441567178465,0.49321727671913557,0.5538960000600177,0.37919432392350755
2021,15124,"Pierre, James",CB,17,4.835294117647059,4.4,0.0,20.0,5.228534962556077,1.0813271820371448,0.0,7.0,0.33492568171476017,-0.07454413725510797,2.323178287093915,0.7763132336440708,91.63933592333865,139.71035488176437,0.7149958559766643,0.3333333333333333,0.33956754192813704,
2021,11512,"Bouye, A.J.",CB,11,4.545454545454546,4.0,0.0,16.0,4.438747496630437,0.9765244492586962,1.5,4.5,-0.005735667127837932,-0.10589974789696953,2.299720879829914,0.8357539209663017,98.6559689999989,150.4076857532517,0.9251475839970239,0.9905487624455485,,1.410945637124994
2021,15433,"Loudermilk, Isaiahh",DT,15,4.066666666666666,4.0,0.0,12.0,3.1404175235503673,0.7722338172664838,2.5,4.5,-0.588150366488269,-0.12401011802122355,2.2946558332461713,0.9821875797635838,88.66306658685248,123.42011434243794,1.2056746134547032,1.6160063117367085,,
2021,11383,"Martin, Sam",PN,17,4.711764705882352,4.3,-5.4,16.7,4.96444799999322,1.0536281647925687,2.6,7.0,1.5540853154262362,0.10586863140858263,2.2943611636521717,0.789974982745714,86.21024466526947,112.93794588254462,0.7527375056758533,0.9983658956433649,0.47166889950695,1.0957197256003182
2021,15289,"Toney, Kadarius",WR,10,6.070000000000001,2.85,-1.4,33.7,10.08544000031729,1.6615222405794543,-0.75,6.65,1.6381741818519067,0.032350684985523084,2.280649737752509,0.5475650943784157,81.67820351234766,160.7036764881985,0.5475650943784157,0.6614751926046567,,
2021,14943,"Davis-Gaither, Akeem",LB,9,4.388888888888889,2.5,0.0,13.5,4.087771586477145,0.9313909943871975,2.0,6.0,0.3331424565132325,-0.2401831163160971,2.2723979254554934,0.8626348125678783,102.43550779102199,221.81929134973205,0.7752053187499084,0.9037960898001965,0.4104918894957996,
2021,13286,"Johnson, Jaleel",DT,14,4.035714285714286,4.25,0.0,12.5,3.1422483176534475,0.7786102026043941,1.875,5.375,-0.5868986809705072,-0.10962585260108201,2.2690268389357295,0.9742811092504681,87.94934149399384,122.42659995182758,1.244133032520853,2.464942271265307,1.1980925828412787,0.9165101039944474
2021,12628,"Collins, Alex",RB,11,4.963636363636364,5.0,-4.6,15.6,5.903045858980188,1.1892583232377667,0.9500000000000001,6.35,0.31084551594987303,0.029802696983459033,2.267268467567353,0.7190501794478387,104.70083921964249,202.032521146456,0.6897362124771305,0.3946202907143947,,
2021,13622,"Hines, Nyheim",RB,17,4.970588235294118,2.8,-4.1,21.1,5.926586628553062,1.1923310376970657,1.4,8.7,0.31831899186985985,0.03067153902560724,2.2672617181552437,0.7176100584383299,104.49114331442877,201.627888359172,0.8326975603316311,0.8670479678141176,1.1624841100370882,0.8208215344659258
2021,14083,"Homer, Travis",RB,14,4.971428571428572,3.3499999999999996,0.5,23.5,5.9296384581943915,1.1927433680276072,1.4249999999999998,3.9499999999999997,0.3192878546449603,0.030788129724538957,2.267218610219954,0.7174152881742035,104.46278283182,201.57316348929433,0.7347570519898902,0.697760454510346,0.6180251177172867,0.48631728424235116
2021,12701,"Smith, Jaylon",LB,10,4.21,3.25,0.0,10.3,3.642650134174294,0.86523756156159,1.125,6.625,0.10764708099209773,-0.28086007913425226,2.257085149237161,0.9068096622251199,107.68114950441567,233.1784826363453,0.9068096622251199,1.03274157012606,1.774303800851322,1.6726795935108614
2021,12687,"Lawson, Shaq",DE,14,4.514285714285714,2.5,0.0,14.0,4.526565576501389,1.0027202226427128,1.0,6.300000000000001,0.11570817714534709,0.14946037157263872,2.25407706141242,0.8168338277718399,83.58239435943882,111.0570731178604,0.8092949310829055,0.556448273615898,1.0563159316367778,1.239969483949311
2021,9919,"Peters, Corey",DT,14,4.328571428571428,4.0,0.0,14.6,4.007569368694441,0.9258411082792439,1.5,5.25,0.004707893455429023,0.2225072154372626,2.2476264578436824,0.8644056846485505,78.03077574499157,108.61983050453247,0.9214131857737574,1.5312470992816225,1.0017076294542964,1.4479927126948096
2021,15397,"Golston, Chauncey",DE,15,4.26,4.0,-2.0,10.9,3.8220064538581475,0.8971846135817249,1.0,7.0,-0.24222829207058624,0.06455833056435832,2.2454325053572295,0.8834496678434598,90.39884983195469,120.11419094294153,0.6896619796900281,0.8680714624730859,,
2021,14028,"Neal, Ryan",S,17,4.188235294117647,3.0,0.0,10.0,3.6270036820139238,0.8659980701437738,1.0,7.5,-0.2370029614832515,0.046850116051569836,2.2445014071182543,0.9051722414654961,104.80996423850766,192.80813332866643,1.2229802822624531,2.0577556409243574,0.600933461704571,
2021,13509,"Deayon, Donte",CB,10,3.8,3.0,1.0,11.0,2.638181191654584,0.6942582083301537,2.25,4.0,-0.7823792232707741,-0.19035012541343524,2.242869464239012,1.0444779409878218,123.29464544795361,187.97101154208522,1.0444779409878218,1.2034470594711153,,
2021,14270,"Epps, Marcus",S,17,4.235294117647059,2.5,0.0,14.0,3.7656248878304055,0.8891058762932902,2.0,5.0,-0.17290383460730832,0.052898930197754906,2.241956986528115,0.8887174751127371,102.9046655627623,189.3031509181384,0.8128372279368662,0.8538360715088104,0.7957340254055345,0.2744701843925111
2021,12763,"Fackrell, Kyler",DE,12,3.9916666666666667,2.5,0.0,10.1,3.1637157303117833,0.7925801412054572,2.0,6.025,-0.5766590725845147,-0.01959462294924769,2.2267716655515266,0.9586789601430755,98.0966754637848,130.3423973803676,0.8508324992736771,0.7215005344451335,0.8829724603063129,0.8805050882120452
2021,10554,"Addison, Mario",DE,17,4.188235294117647,3.0,-1.0,12.3,3.7133910858407284,0.886624276113657,2.0,6.7,-0.2974080492851275,0.0560626748065274,2.2199625792715776,0.8885821731829816,90.92403264240468,120.81200854229823,0.9157841512700424,0.9513725803311119,1.1750087260412385,0.9897244573326068
2021,14531,"Huggins, Albert",DT,10,3.3,3.0,1.5,7.5,1.6155494421403513,0.48956043701222773,2.625,3.75,-1.630679010636199,-0.7616831433027168,2.2154186684893205,1.2616851919646948,113.8935988314348,158.5413355501045,1.2616851919646948,1.6175191820461199,,
2021,14847,"Duvernay, Devin",WR,16,4.0,3.2,-0.7,10.9,3.2330326320654423,0.8082581580163606,1.975,6.0,-0.6971068060587351,-0.11692185178922926,2.2120735262646103,0.9449490111887614,140.95445169360625,277.33100913656006,0.7335768784605269,0.7368105455952322,0.551241201280691,
2021,7578,"Lee, Andy",PN,16,4.012499999999999,3.9,-1.2,11.2,3.276979363682353,0.8166926763071286,1.15,6.875,-0.3076722316581179,-0.3521004347028677,2.208683974086572,0.9381621136804728,102.38195781209214,134.12336382556637,0.8472645483651429,0.8052040879296167,0.8849654185520436,0.820995020453682
2021,10465,"Smith, Malcolm",LB,16,4.54375,3.5,-2.5,14.5,4.818320344009933,1.0604281362332728,1.0,5.25,0.7032332835540108,-0.16083970514542187,2.205245560423456,0.7809384377877842,92.73428832554154,200.81175525735267,0.8942249334806199,1.006749369623193,1.5451420071218718,
2021,11840,"O'Donnell, Pat",PN,17,4.0,3.6,-0.2,14.1,3.2707257694315386,0.8176814423578846,1.8,5.5,-0.3145717236204161,-0.35018926357454905,2.2006056214180334,0.9366089550002706,102.21246106504476,133.90131812183787,1.0352424504728646,1.0956305470795622,1.322472537889948,0.582395121245121
2021,15229,"Green, A.J.",CB,12,5.016666666666667,1.5,0.0,16.2,6.422594664325488,1.2802514281047486,0.0,9.15,0.8499629621894748,-0.015028597520973462,2.200049786104646,0.6758642891787956,79.7819127002553,121.63291259359576,0.751937984496124,0.7606797470380442,,
2021,9828,"Griffen, Everson",DE,9,4.655555555555556,6.0,-4.0,13.4,5.206003182461807,1.118234573798479,1.0,6.5,0.4608821872662022,0.2423901823363608,2.1978470246602955,0.7501697016063699,76.76099801988117,101.9933902950123,0.787959351387388,0.4154609243354652,1.406212113010915,1.4972064181335945
2021,14081,"Gaskin, Myles",RB,17,5.047058823529412,4.0,-4.7,22.8,6.574828796434334,1.302705006286523,1.1,9.7,0.5241160970572404,0.06188092913963146,2.1917956532645904,0.6662934515305734,97.01893627976467,187.20939050382478,0.675600928116783,0.5327038147915705,1.2442698627217348,
2021,14223,"Mattison, Alexander",RB,16,5.449999999999999,1.7,-2.0,20.8,8.122114872371604,1.4902963068571753,-0.55,8.775,1.0153322059465855,0.11492432475479898,2.188494591986146,0.5974491744788878,86.99452659487156,167.86611898147046,0.5251423804096494,0.7969466639647406,0.6184228811797138,1.0351156448553702
2021,14411,"Campbell, Tevaughn",CB,16,5.275,2.0,0.0,25.2,7.51527610936551,1.4246968927707127,0.75,6.0,1.321272461241033,0.028187601417496475,2.175529657223354,0.6194749215704588,73.12547045914025,111.48471697011237,0.7032543864967544,0.7018131228808294,0.6198971539634482,
2021,13133,"Perine, Samaje",RB,16,4.324999999999999,2.8,-1.0,15.1,4.3196498700704895,0.9987629757388417,1.8,5.025,-0.19183438830252694,-0.024061848171334242,2.163838360274442,0.8130234330521249,118.38427717403465,228.43631588660665,1.1795081246955543,0.981607905200725,0.5439477487067474,0.4419766181329295
2021,14981,"Roy, Bravvion",DT,17,3.9411764705882355,3.0,-1.0,13.0,3.2714556615257253,0.8300708394916019,1.5,5.0,-0.49856162502232015,0.006462404373317439,2.1535649798578858,0.9226776028808135,83.29104076240746,115.94218619234336,1.2404585234058483,1.6092454548475346,1.1375720448238167,
2021,8930,"Prater, Matt",PK,17,5.6647058823529415,3.8,-11.9,24.3,9.238216098262733,1.6308377328189663,-1.7,14.5,2.218092920379659,0.2176201385928078,2.1531947074071947,0.553290322062469,73.60092765833805,100.75978184450808,0.5218308900105643,0.697201744209766,0.45181745661948214,0.7432140034330837
2021,12844,"Edwards, Lachlan",PN,10,3.56,4.05,-1.3,7.5,2.3324665056544753,0.6551872206894593,2.15,4.8,-1.3497383796820215,-0.6642719171343544,2.150814092509185,1.068277803830721,116.58152833982625,152.7252171672802,1.0682778038307208,1.6014392309574308,,0.9885080175213229
2021,15403,"Thomas, Ambry",CB,12,4.083333333333333,3.5,0.0,10.0,3.6846151615723577,0.9023547334462917,0.75,6.75,-0.33101778358382583,-0.12809035942756422,2.146462624210994,0.8716475510792633,102.89300668643595,156.86733578077633,0.9531258322677618,2.2941176470588234,,
2021,13236,"Everett, Gerald",TE,15,5.066666666666666,6.4,-14.6,15.8,6.922780430498203,1.3663382428614874,2.65,9.7,1.2990908192072919,0.12059594868918384,2.1411421980569503,0.6395061318578108,141.2932073318969,383.08823179536375,0.5818013953538292,1.767605237662216,0.6261565235671823,0.5832857500626522
2021,12753,"Nassib, Carl",DE,13,4.2153846153846155,2.0,0.0,13.7,4.086534389138242,0.969433340488999,1.0,7.1,-0.1078404286249773,0.12268150272639729,2.140404820372321,0.828734122860965,84.80009020321427,112.6750422774411,0.7585283377388774,0.6874131719092331,1.5621386145227567,1.0163469243358876
2021,13592,"Darnold, Sam",QB,12,8.175000000000002,7.1,-21.3,39.7,23.172473792555394,2.834553369119925,-17.6,31.974999999999998,0.6938875070991913,0.9519832550521216,2.1319301658008376,0.33819459564447757,31.24385527600184,58.05327957223532,0.10355191062652226,-0.22959679725575163,0.610706235084587,0.5181044695936505
2021,15549,"Jacobs, Jerry",CB,14,4.757142857142857,3.8,-5.0,16.0,5.8647511560550445,1.2328305733449043,0.25,8.5,0.6093466822795722,-0.029216298726220162,2.1305435862141535,0.6929811072535128,81.80245514821111,124.7133659776505,1.1013968633654942,0.9393939393939394,,
2021,10276,"Ingram, Mark",RB,14,4.4071428571428575,2.8499999999999996,-1.3,16.1,4.716152227900907,1.0701155784540146,0.7749999999999999,7.25,-0.06595699018729648,-0.003886156001817361,2.1289356512326525,0.7709981612510789,112.26498070242829,216.62841727742995,0.7844533538901057,0.6171651727657084,0.9842617864741515,1.6609640818020022
2021,14212,"Takitaki, Sione",LB,16,3.75,2.75,0.0,11.0,2.8722813232690143,0.7659416862050705,2.0,4.75,-0.2826163030936112,-0.3419159375735414,2.123512927574965,0.9684213741046626,114.9973705753784,249.0214164814115,0.9938143275832318,1.074173866693988,0.8641642570121287,0.49323309496674117
2021,13051,"Palardy, Michael",PN,17,3.970588235294117,4.6,-1.9,10.5,3.4572625529255934,0.8707179762923718,1.7,6.3,-0.10876863074745358,-0.24767573944598478,2.1224942966355282,0.8908131814420399,97.21475236626031,127.35417332771777,0.9709031460182984,0.6264269979344358,,0.9342072343516163
2021,10592,"Harris, Chris",CB,14,4.271428571428571,3.4,-1.0,14.0,4.350768170503847,1.0185744880778238,1.25,4.75,-0.043684048434979326,-0.09331892476638354,2.1160619024250207,0.7982832436985134,94.23276991926261,143.66422011095023,0.7955414200785295,0.6825229210054073,1.0351545476816058,0.8721148981965954
2021,11280,"Lotulelei, Star",DT,11,4.1909090909090905,2.5,0.0,11.4,4.111503716393475,0.981052947512543,0.0,7.35,0.07576619410979112,0.3470576790273805,2.11549574996029,0.819897494639028,74.01297640016129,103.02700280712618,0.8264527911235018,0.6679816256036596,,0.760927214028643
2021,13192,"Njoku, David",TE,16,5.63125,3.25,-4.0,38.3,9.388538141665078,1.6672209796519564,1.5750000000000002,8.025,2.2672301418764476,0.14414410387228554,2.11127988380431,0.5420637555745087,119.76417861857955,324.71658252928836,0.7557507817051582,0.8420738314754658,0.6693370495645677,
2021,15365,"Moehrig, Trevon",S,17,4.517647058823529,3.0,0.0,21.8,5.152296494724482,1.1404822970093254,1.0,5.0,0.468299931743159,0.1187004710193334,2.110574362205925,0.7343025588408094,85.02495039811005,156.41167413545406,0.9424908884140577,0.6789828507143879,,
2021,12707,"Jenkins, Jordan",DE,11,4.427272727272728,2.0,-1.0,15.5,4.86977522518254,1.0999492295073499,1.0,8.1,0.29006863306974917,0.22767985788123957,2.108276078803758,0.7542491079179352,77.17842263611642,102.5480281045859,0.797743248943625,1.0454982428200226,0.6493986915935629,1.026183778328078
2021,13682,"Key, Arden",DE,17,3.5705882352941174,3.0,0.0,8.1,2.4967660744350533,0.6992590323788452,1.7,6.3,-0.9154888418644719,-0.09467025551565945,2.101261883713833,1.0211115525853387,104.48508077337605,138.83075908633592,1.3203784419735405,1.3342232606935138,1.0034267201332885,
2021,15489,"Norwood, Tre",S,17,4.088235294117647,2.5,0.0,12.5,3.873876664947519,0.9475669540159399,1.0,6.0,-0.12284768082400914,0.06820199235960318,2.099150062947816,0.8388056520838671,97.1253716923879,178.67157718179996,0.8787407041233594,0.8441583567679678,,
2021,11349,"Collins, Jamie",LB,12,4.316666666666666,2.5,0.0,12.7,4.584363520587006,1.062014715193901,0.0,7.375,0.5847124136194146,-0.15986413652210232,2.0934218533259834,0.7729917027702586,91.79063543217205,198.76831914226673,0.6336377509739545,0.4531747314760936,1.300458800122408,1.0912958450288572
2021,12291,"Nelson, Steven",CB,17,4.411764705882353,4.0,-6.0,17.6,4.90352602461213,1.111465898912083,1.0,6.0,0.19473862131855282,-0.06552702628364492,2.089432137244311,0.7473101139030233,88.21568356551572,134.49076570552492,0.5807213715594005,1.1775257150256648,0.8920453880585475,1.3328052626639972
2021,13802,"Martin, Jake",DE,17,4.188235294117647,3.0,0.0,13.0,4.208658072137257,1.0048762250889518,1.0,6.5,-0.04579805560691127,0.1511948478288828,2.0890243705353058,0.8040910415144794,82.2784907379323,109.32455850228764,0.7403761404430623,0.6061230866018628,0.9435252376162906,0.6467798594085181
2021,15422,"Wilson, Marco",CB,14,4.442857142857142,3.5,-3.6,16.0,5.020630905959684,1.1300455415343342,0.8500000000000001,8.45,0.2452498139584041,-0.0599682395565869,2.0858038273007167,0.7379387994801775,87.10945351143405,132.8042432980959,0.6490327940803954,0.6283383440716676,,
2021,15387,"Werner, Pete",LB,15,3.7666666666666666,2.5,0.0,10.5,3.0488613539410996,0.8094322178604689,1.5,5.25,-0.19316211004149994,-0.31517412443510584,2.081684314829154,0.9303027042406012,110.47088353015937,239.21952092462266,1.1180775718491403,1.0521075927466599,,
2021,13913,"Niemann, Ben",LB,17,3.9588235294117644,2.5,1.0,14.5,3.574099446183762,0.9028185822455268,1.5,7.0,0.07291978791133197,-0.2577519543441344,2.0805049763282923,0.8654869829545723,102.7741951678945,222.55270299133022,0.7967225572658964,0.8463640216493442,0.9748458743709401,1.1500482001538699
2021,12316,"Davison, Tyeler",DT,14,4.285714285714286,3.75,0.0,18.5,4.550173802466567,1.0617072205755322,1.5,5.25,0.37567812461538325,0.5290028422390537,2.0787210923760138,0.7721765909041732,69.7051621367732,97.03047066109973,0.6779376388212728,0.4293437004857389,0.7567126033817431,1.5988831610022738
2021,14738,"Rush, Anthony",DT,12,4.125,5.75,-2.0,11.0,4.067785023818245,0.986129702743817,0.0,7.125,0.045876402428775775,0.3585101541915726,2.0769036353977066,0.813965071646248,73.47745057427288,102.28154405853067,0.9956832227373488,1.3959982027566276,,1.0
2021,12696,"Nkemdiche, Robert",DT,8,3.575,2.75,1.0,10.1,2.58638260897339,0.7234636668457034,2.5,3.25,-0.966935439994731,-0.23402900035913432,2.074311207582921,0.9968261587748866,89.98450592528154,125.25957467833496,0.7688931990403172,1.383407359121982,,
2021,14160,"Buggs, Isaiah",DT,10,3.65,3.75,0.0,9.5,2.7843311584651707,0.7628304543740194,1.5,5.25,-0.8316010884999498,-0.1452228365943839,2.070533777620783,0.9645033289000924,87.06669136876455,121.19793977150941,0.9645033289000924,1.1169248484155996,0.4888533892594055,0.3684210526315789
2021,12841,"Weatherly, Stephen",DE,14,4.0928571428571425,2.5,0.0,11.1,4.009179518076394,0.9795552051146513,0.25,8.125,-0.14713894671194244,0.13082441271832976,2.067564032709102,0.8170713642997698,83.60670024770789,111.08936868478425,0.7650255342513972,1.22243837731798,0.9247248531621456,0.8734473571691401
2021,15271,"Herbert, Khalil",RB,17,5.170588235294118,1.3,-0.5,24.9,7.818512323204261,1.512112736000824,0.1,8.0,0.9189476619568582,0.12109314750114476,2.058262816471156,0.5863333911422549,85.37595827072082,164.74290199855807,0.6671538701301672,0.7956606821511364,,
2021,13769,"Street, Kentavius",DT,17,4.311764705882354,1.5,0.0,15.1,4.770359753722018,1.1063590151879168,1.0,7.5,0.5262158426129343,0.6297312692636159,2.047022694038548,0.7472263238182271,67.45287628264593,93.8952601574574,0.5241355848241928,0.5625703757961492,0.24615122104265105,
2021,12981,"Peko, Kyle",DT,8,3.725,3.75,0.0,7.9,3.0885878650282885,0.8291511047055808,0.75,6.1,-0.6235854997200624,0.004387606729014576,2.036463794826603,0.9110725079095805,82.24343709750586,114.48390859057488,0.7773373701153483,1.281697869140005,,
2021,14405,"Granderson, Carl",DE,15,4.086666666666667,3.0,0.0,14.0,4.119525323248892,1.008040454302339,1.5,3.15,-0.09108007723331564,0.15374042956025216,2.0351515617679685,0.7982510894336655,81.68091854973058,108.5305561444116,0.9037475576005329,1.032473408840275,0.5950559832981875,0.8582506375339307
2021,12234,"Dupree, Bud",DE,11,4.1,3.0,-1.0,11.3,4.170458880354447,1.0171850927693775,0.5,7.65,-0.06520435295545128,0.16109717366816495,2.0325353457630118,0.7929663681454392,81.14016026600822,107.81204320021214,0.810423719389125,0.5481229945190631,1.4642674603349695,1.5276394312295225
2021,11859,"Stephen, Shamar",DT,17,3.1176470588235294,3.0,0.0,5.0,1.6762125704441184,0.5376530886330191,2.0,5.0,-1.5892045711936618,-0.6531926068919145,2.027536042993373,1.1649474683941698,105.16098664705093,146.38542852145403,1.0256834980610265,0.8696938456699069,1.5522603649778781,0.9898156926173216
2021,14306,"Dogbe, Michael",DT,16,3.90625,2.5,0.0,12.0,3.623787512741331,0.9276896032617807,1.5,6.75,-0.25767780588021744,0.22667717083480188,2.026389514883704,0.8448160710750482,76.26240150725563,106.1582311145791,0.7567253205828532,0.9055273665369097,,0.4824216046587749
2021,11375,"Klein, A.J.",LB,15,4.386666666666667,1.0,-3.0,13.5,5.145207046908371,1.1729195395687775,0.0,8.75,0.8688317723296025,-0.09167007274096171,2.0187892771847475,0.7138354547180931,84.7659939269251,183.55678718150693,0.616919316940097,0.6720759807112124,0.7561681303425672,1.1243667391173695
2021,12356,"Ringo, Christian",DT,14,4.428571428571429,2.5,0.0,20.0,5.2876444352347844,1.1939842273110803,1.0,4.0,0.8798753520685539,0.8274019309129418,2.0185065022090107,0.7043291767191131,63.58050741136553,88.5048735255969,0.8256259044498813,1.0257628243798738,,
2021,15389,"Robinson, Aaron",CB,9,4.444444444444445,2.0,0.0,15.0,5.356431463641755,1.205197079319395,0.0,9.0,0.3900916554125472,-0.03748387969827147,2.0154409264028974,0.6992043365630994,82.53707176494991,125.83333860940853,,0.8964743549439951,,
2021,15020,"Jackson, Chris",CB,12,3.8333333333333335,2.5,0.0,11.0,3.460089915337782,0.9026321518272474,1.0,6.25,-0.42786291791606457,-0.12800735946651806,2.0147527359147603,0.8594744514344658,101.45604191598953,154.67658596784,0.8774044428510572,0.6061230866018628,0.582049918359119,
2021,14315,"Dulin, Ashton",WR,17,4.264705882352941,3.6,-3.0,17.4,4.766419444956509,1.1176431801966986,1.0,5.4,-0.17453293109500248,-0.06279712294532278,2.013892577481732,0.7395760788929405,110.31975212600926,217.05655846404971,0.6484488158333603,0.8342620479922552,0.2445446891127177,0.3784680088497533
2021,12271,"Goldman, Eddie",DT,14,4.007142857142857,3.25,0.0,13.1,3.966910328079072,0.989959796668574,0.0,6.25,-0.02309006166072846,0.3671503295696549,2.013680308442052,0.806767707177955,72.82773720154249,101.37713479502244,1.0149895728154048,1.1213655877089137,,1.2431090642283893
2021,14865,"Swain, Freddie",WR,17,4.794117647058823,3.2,-3.0,22.5,6.702191967008238,1.3980032323820866,-0.7,9.4,0.4851728518115533,-0.01375010801144356,1.9992123372980304,0.6224354920773291,92.84633611080007,182.67722501032873,0.5398754888090745,0.8979693660333442,0.5571686336182393,
2021,12703,"Ragland, Reggie",LB,17,3.9411764705882355,3.5,0.0,16.0,3.834373761819356,0.9729008052377469,1.5,5.5,0.20477291302834558,-0.21465922495572543,1.9976556652645794,0.8152403319980422,96.8075437755066,209.6321990359003,0.8217922324112017,0.42044986134335793,0.828172128313823,0.7620945551652025
2021,13301,"Kazee, Damontae",S,17,4.129411764705883,2.5,-1.0,12.7,4.413583938636604,1.0688166233165564,0.5,6.0,0.1267156151255693,0.09994090821082433,1.996025997744522,0.7627870577999875,88.32317274795777,162.4790752570679,0.6102915810964574,0.6826410181947988,,0.8666640370050777
2021,11680,"Landry, Jarvis",WR,12,4.699999999999999,3.55,-9.0,19.3,6.389313995518872,1.3594285096848666,2.175,7.6,0.3785449268956466,-0.020498483842639827,1.992007802189246,0.6360536313452422,94.87770217486002,186.67398278351413,0.5838572487025656,1.3661623580462725,1.2615660386637653,1.206049998135309
2021,13339,"Ford, Rudy",S,15,4.633333333333334,3.0,0.0,26.7,6.176370743046078,1.3330296567725348,2.5,3.75,0.9418368973677032,0.16910262456045022,1.985972754303943,0.645637397959553,74.75840452379067,137.52536346697494,0.7471702226353164,1.1628269891313097,0.7687027719617001,0.25735931288071484
2021,14337,"Guyton, Jalen",WR,16,4.731249999999999,2.7,-1.9,21.4,6.648939647605474,1.4053240998901928,1.2,5.625,0.46702461245853505,-0.012469373844075076,1.9669906438870293,0.6185497883332277,92.26672045513143,181.53681835579226,0.6902438194664202,0.9838976544451787,0.7789951842818383,
2021,12212,"Kroft, Tyler",TE,8,3.5749999999999997,2.3499999999999996,0.0,8.0,2.9243589041018887,0.818002490657871,1.175,6.699999999999999,-0.27082381221819524,0.07768123871589108,1.9664439506385567,0.9109768212747499,201.27224817844964,545.7093877346887,0.7184112787160882,1.216680444769034,0.45398802380255127,0.14260398844000702
2021,15453,"Ogundeji, Adetokunbo",DE,16,3.95625,3.0,0.0,15.0,4.0160566402255835,1.01511700226871,0.75,6.0,-0.1436451691972709,0.15943342144217415,1.9632855042887707,0.78871717043093,80.70536177087962,107.23432047959496,0.8203621575254356,0.5577753386963676,,
2021,14888,"Chaisson, K'Lavon",DE,15,3.8333333333333335,4.0,0.0,15.9,3.6674544608245947,0.9567272506498943,1.5,4.5,-0.3207451871313958,0.11245961676607512,1.9590534818075211,0.8212899269843336,84.03836401816294,111.66292625375742,0.8896096806902469,1.0757105209088615,0.8599625133562121,
2021,15283,"Moore, Rondale",XX,14,4.514285714285715,1.7999999999999998,-1.0,17.8,5.913526521321042,1.3099584066217496,0.275,6.125,,,1.9542714281542988,0.6529642578738704,100.0,100.0,0.5175016857777026,0.3119525546791,,
2021,13980,"Badgley, Mike",PK,13,4.269230769230769,5.5,-7.7,10.7,5.073973502157034,1.1884982978025485,2.3,7.3,-0.8826554407215149,-0.254129531910049,1.9507580944967906,0.7028728010938224,93.49899704278411,128.0002690787276,0.9971262375464265,0.6285120475422385,0.5238878389206981,0.9394028375471277
2021,9310,"Kern, Brett",PN,14,3.400000000000001,3.1500000000000004,-0.2,6.6,2.5312334655544633,0.7444804310454302,1.075,6.074999999999999,-1.1304419259631366,-0.491678404789621,1.9490043794658405,0.9628363667158845,105.07466762895521,137.65089256365368,0.9825848327338336,1.1824021516132013,0.8496389454392275,1.0667330940492097
2021,11351,"Alford, Robert",CB,13,4.484615384615385,3.0,-1.4,22.5,5.845425055788522,1.3034395493181952,2.0,5.0,0.6010106986527053,-0.008091014110604259,1.9469212404305574,0.6551259195837918,77.33386681432076,117.90070135434287,0.552038253783538,0.7372420849440754,,
2021,15543,"Griffith, Jonas",LB,13,4.3076923076923075,0.5,0.0,13.5,5.227657445439966,1.2135633355485635,0.0,10.5,0.9106005603369248,-0.06667868367402163,1.9460442981292778,0.6917034768581402,82.13788252048272,177.86573510067473,0.8862393905906093,2.2451573383240673,,
2021,15290,"Collins, Nico",WR,14,3.8785714285714286,4.0,-2.6,10.5,3.8573081975144587,0.9945177673149618,0.75,7.075,-0.4843554646885889,-0.08433704604519919,1.9446161333487626,0.7985022302179917,119.10954210630469,234.35066514918347,0.8558536267333916,1.1406600762646426,,
2021,14867,"Kmet, Cole",TE,17,4.047058823529412,2.7,-2.5,14.9,4.383809469756644,1.0832087352596358,1.3,7.8,0.3022055149144598,0.09843722448638415,1.9427044227639607,0.7517091468900635,166.08346824802044,450.3020589809511,1.0105050538535794,1.3798192886413863,0.28142511186369523,
2021,11491,"Mayowa, Benson",DE,15,3.566666666666667,3.0,0.0,11.5,2.9825417944356714,0.836226671337104,2.0,4.5,-0.6687006867476544,0.01551844953953433,1.9423890973490165,0.8955754517504231,91.6396187839382,121.76281765768032,0.8939404442312182,0.6014829499437049,1.247014488630281,0.6610083000568593
2021,15016,"Jackson, Dane",CB,17,4.164705882352941,2.0,0.0,15.0,4.771106811591253,1.145604742896205,0.0,9.0,0.13762185298962304,-0.055313129457191974,1.9410405836124733,0.7216476870585967,85.18638089194734,129.87238924846974,1.0305755415908469,1.918300971597154,,
2021,15147,"Guidry, Javelin",CB,17,3.7058823529411766,3.0,0.0,12.0,3.3740306822823496,0.9104527237904753,1.0,5.0,-0.4649830998357196,-0.12566754634357194,1.9397927552943786,0.8472465380621117,100.01260669859582,152.47597152166358,0.7078557662833495,0.66004041215236,0.6517696274264168,
2021,13755,"Holmes, Jalyn",DT,8,3.5,3.0,0.0,8.0,2.8284271247461903,0.8081220356417687,1.5,5.5,-0.8014533606408715,-0.043051137155227334,1.935710052202158,0.914213562373095,82.5269832619957,114.87860845140605,0.8865253949135851,0.7319953524299768,1.161298284874907,
2021,11764,"Fuller, Kyle",CB,16,3.925,3.5,-2.4,12.8,4.077299964437249,1.0388025387101272,0.0,6.2,-0.16163989347365457,-0.08726695586390093,1.9251496530327052,0.7730486730135578,91.25397321754349,139.12284341802047,0.9737001524372321,0.8163237607822531,1.3709218529578975,1.349332182989265
2021,13308,"Agnew, Jamal",WR,13,4.153846153846154,3.0,0.0,13.8,4.8414262654742215,1.1655285453919422,0.0,6.3,-0.14897081948876761,-0.05441991583775548,1.9181673511924744,0.711101358652335,106.0722863568307,208.69957538273627,0.9195282794477264,0.5293216474809684,0.39929304873617694,0.17404157233677145
2021,9577,"Huber, Kevin",PN,17,4.11764705882353,2.8,-1.8,15.7,4.740592578262721,1.1512867690066606,0.6,7.8,1.30710915723604,0.2946314885709607,1.9140391314379812,0.7172860645807503,78.27767774058698,102.54605084120773,0.5360762131608799,0.37149137268466403,0.630118792315388,0.968338132507101
2021,14013,"Sullivan, Chandon",CB,17,4.117647058823529,3.0,-2.8,14.0,4.804438547612558,1.1667922187059072,1.0,6.0,0.15199892864880069,-0.0489741130559947,1.9003423693679076,0.7093962706379536,83.74017127416465,127.66754504157953,0.7344627171295797,1.5194931099701332,0.7569361609003111,0.714775798556523
2021,15430,"Sterns, Caden",S,14,4.457142857142857,1.0,0.0,18.9,6.023728589706626,1.3514775682034097,0.925,4.375,0.871254415445883,0.1739316415129306,1.8954647568882534,0.6345835833797541,73.47848247389207,135.17082224524938,0.525592129596929,0.5804359824490936,,
2021,15010,"Toohill, Casey",DE,16,3.43125,4.5,-2.6,7.0,2.790994166511281,0.8134044929723224,0.75,5.125,-0.7660124373481222,-0.0028416996145320633,1.8921592029232777,0.9051055868961304,92.61478838020737,123.05853886769312,0.8769776294991106,0.9703586917878099,0.16553267128714716,
2021,13888,"Gardeck, Dennis",DE,14,3.642857142857143,3.0,0.0,10.0,3.3723061811751074,0.9257311085578727,0.25,5.5,-0.4706890736239255,0.08752361885588623,1.8916748691800376,0.8331660665809282,85.25358815492284,113.27761122234486,1.04267146057269,0.9741794324774534,0.6160880962842927,0.4185903669267603
2021,15330,"Jordan, Brevin",TE,9,3.988888888888889,1.8,-1.6,11.2,4.439330391059856,1.1129240534690445,0.8,6.6,0.32400489402661997,0.10076285118060588,1.8878524679293818,0.7333419009525642,162.0253881779766,439.2993876715982,,0.6902416366288469,,
2021,13585,"Zylstra, Brandon",WR,13,3.961538461538461,1.0,-0.1,13.8,4.40114293923722,1.1109681205841528,1.0,5.4,-0.2990181277995744,-0.06396487757351987,1.8766453282308275,0.7334629922047448,109.40788622415903,215.26244208305704,0.7975829100685122,0.8363597828612711,0.42421836617721514,0.5861960332889238
2021,15173,"Tart, Teair",DT,12,3.375,3.25,0.0,9.5,2.7012728481217887,0.8003771401842337,1.5,4.25,-0.8883867663714646,-0.0605225768516466,1.8746072279359391,0.9118484744275592,82.31348438019424,114.58141529738735,0.8481012658227848,0.7576466613519747,0.9290593616557145,
2021,14978,"Danna, Michael",DE,17,4.076470588235294,3.0,0.0,15.7,4.819998707806112,1.182395065406983,1.0,5.0,0.2647807185328655,0.2940064731610878,1.8678884739299457,0.7004246552095794,71.67084388570825,95.23003272201665,0.7272727272727273,0.7777777777777777,0.8323636406607668,
2021,15356,"Browning, Baron",DE,13,3.6923076923076925,4.0,-1.0,9.0,3.666577011634765,0.9930312739844155,0.0,7.5,-0.3211909567692167,0.1416657369120428,1.852609008450795,0.7912239920399873,80.96187190206327,107.57514900709356,1.131596559885013,2.3209119988108786,,
2021,14844,"Edwards, Bryan",WR,16,4.7375,1.85,-4.0,20.6,7.527605445956902,1.588940463526523,-1.9249999999999998,11.575,0.7664714233887053,0.019653014702994315,1.8298991679193806,0.5555486859732867,82.86908552024038,163.04676324454564,0.3499525624875902,-0.10364417697427966,0.5325540370295505,
2021,14967,"Vildor, Kindle",CB,17,3.2058823529411766,3.0,0.0,8.0,2.432735228511628,0.7588348419210582,1.0,4.0,-0.8709948343535862,-0.17102963895513804,1.8227307513646958,0.9339148345359538,110.24330326573863,168.07335919019587,0.7402534162004012,0.7596678760345357,0.4464814346409963,
2021,11412,"Williams, Nick",DT,17,3.770588235294117,1.5,0.0,16.1,4.043988233223463,1.0725085797940543,1.5,6.0,0.02960690598098496,0.5533692519937743,1.819335404473356,0.7475410450917024,67.48128649043248,93.93480752738816,0.7403797964724164,0.532366591035771,1.1509296809562142,1.0437309071822074
2021,14154,"Nelson, Anthony",DE,17,4.5,1.0,-2.0,20.5,6.6617432800590395,1.4803873955686755,0.0,7.1,1.2004403788842184,0.5337374725901085,1.814232731564212,0.5873336961983571,60.09882909740373,79.85413804569278,0.8159913831236281,0.8962645891284858,0.761712288959759,0.3746534686214364
2021,10749,"Ingram, Melvin",DE,15,3.4066666666666667,2.5,0.0,11.1,3.006984462140693,0.8826764565970723,1.0,4.0,-0.6562831026225193,0.05288670474796005,1.8094806756250614,0.8501821504061156,86.9947562852997,115.59112518479712,0.8096322726861067,1.1319061194624023,,1.6415694885956058
2021,13685,"Okoronkwo, Ogbonnia",DE,13,3.6692307692307695,2.0,0.0,12.0,3.784255767780018,1.0313485320993758,1.0,4.3,-0.26140673551276533,0.17249147856215474,1.8063029122031862,0.7669386728739546,78.47688039624238,104.27330672949138,0.6786149581138576,0.39228095605926194,0.47538956051942316,0.4050710215343795
2021,14652,"Givens, Kevin",DT,13,3.1923076923076925,2.5,0.0,10.0,2.4693386029653115,0.7735277551457602,2.5,4.0,-1.0469566105975106,-0.12109116866255959,1.7999761678639914,0.9201487827043359,83.06276160645726,115.62441870906135,1.0706641932886745,1.786901172199227,0.9658503375972435,
2021,11274,"Hunt, Margus",DT,10,3.4,2.75,0.0,8.5,3.0397368307141326,0.894040244327686,0.375,6.375,-0.656984193803598,0.15076875494156552,1.795104412476132,0.8416389835470937,75.97560260158113,105.75900339672253,0.8416389835470937,1.1819092490125354,0.9213421280411993,0.7274792969054404
2021,13378,"Breida, Matt",RB,8,4.1125,0.75,-1.2,11.4,5.347999041697745,1.300425298893069,-0.075,10.625,0.13463509043322128,0.061236318111348366,1.787712907686624,0.6478419377486435,94.33221283116703,182.02504321502434,0.5430521930060309,0.7457444641950969,0.5784639064887601,0.5803144230545902
2021,13275,"Adams, Montravius",DT,10,3.55,2.25,0.0,10.5,3.5032128111206715,0.9868205101748371,0.375,5.75,-0.34011285828349974,0.360068522595521,1.7867743874294946,0.7883260571726224,71.16299079659628,99.05978666395644,0.7883260571726222,0.8941985747956757,0.6186003833785182,0.5130829156354558
2021,14201,"Williams, Joejuan",CB,11,3.6181818181818177,2.0,0.0,13.0,3.7566470015447124,1.0382692717837145,1.4,4.5,-0.29994807834883935,-0.08742650237256044,1.7751245472172097,0.760658046940801,89.79133069675083,136.89294614098168,0.8011358405716814,0.8609604611317117,0.4622966452675603,0.44151844011225283
2021,15255,"Gainwell, Kenneth",RB,16,4.075,2.25,-1.3,17.8,5.289317063667104,1.29799191746432,0.775,4.9,0.11600535327056984,0.06054825414774725,1.773287351026234,0.647924084403529,94.34417419902623,182.0481240740028,0.5492868536902782,0.47249850171465296,,
2021,14982,"Gilman, Alohi",S,11,3.8181818181818183,2.0,1.0,17.0,4.453153771474402,1.1663021782432956,1.25,4.25,0.1450129003106929,0.12545921141425947,1.7625342653156866,0.7001786449072521,81.07373974977689,149.14303746499553,0.7103011189757974,0.9526816812703943,0.038710972685416865,
2021,10846,"Jackson, Malik",DT,17,3.652941176470588,2.5,-1.5,11.5,3.9299929122909933,1.075843470353412,0.0,5.0,-0.048329925945514496,0.5608923153613102,1.7597382599607452,0.7409627643405774,66.88745843122979,93.10819132982239,0.5632183908045978,0.4364770301671399,0.8876055567916347,
2021,13895,"Sims, Cam",WR,14,3.9428571428571435,2.95,-3.0,17.3,4.892664229773603,1.2408931017541744,1.0,6.875,-0.13150906663940148,-0.04123541793025994,1.7595025571593168,0.669112813680312,99.80901472644051,196.3764495723629,0.7282293763431921,0.9121865766753526,0.7883177949946039,0.36761673314586657
2021,13869,"Bojorquez, Corey",PN,17,3.4470588235294115,3.5,-3.5,8.6,3.3489449869998693,0.9715369416211226,2.4,5.5,-0.22827369383703724,-0.052804267497754465,1.7484119880071949,0.7926195511402349,86.49884733409485,113.31602383279184,0.6652892561983471,0.13085362586716226,0.9412662151571384,0.43173818448900253
2021,15121,"Huff, Bryce",DE,10,3.13,3.0,0.0,8.7,2.507608422381772,0.8011528506012051,1.0,4.449999999999999,-0.9099806146379199,-0.012697988428009921,1.7377758911217558,0.8923459015629331,91.30915556339467,121.32372664661355,0.8923459015629333,0.5941099943750894,0.6270782123103815,
2021,15492,"Tonga, Khyiris",DT,15,3.5266666666666664,1.5,0.0,10.5,3.640048839721186,1.0321499545523212,0.0,5.75,-0.24656018896959353,0.46232563610412225,1.735436235286871,0.7600494711341398,68.61043476510757,95.50659626123995,0.9727844414022101,1.0163242651809357,,
2021,14254,"Omenihu, Charles",DE,15,3.06,2.5,-1.6,8.0,2.343160259137219,0.7657386467768689,2.5,4.75,-0.9935250511927581,-0.04118826021515462,1.7329857992209894,0.9153016196686021,93.65809584754763,124.4447958010198,0.6824512286544749,1.5234118072163843,0.9891825400182203,0.7830667199454294
2021,14211,"Long, David",CB,16,3.625,2.0,0.0,16.0,3.9823830805184977,1.0985884360051028,1.75,4.0,-0.20258067197259136,-0.06937979521687368,1.7273515558394061,0.7275634854682351,85.88470704976748,130.93703462536214,0.6770329614269008,0.7865546268494603,0.15950283051379402,0.6764285466321499
2021,13744,"Shepherd, Nathan",DT,17,3.0411764705882356,2.5,0.0,7.5,2.319497618914977,0.7626974762389673,1.2,5.0,-1.1494005661397757,-0.14552281733398761,1.7252968881972495,0.9161556415221305,82.70229671174356,115.12264699920945,1.2881337777576993,1.21875,0.6023145817734271,0.7864535281046776
2021,9075,"Jackson, DeSean",WR,16,4.69375,0.9,-1.5,25.5,8.162220037312151,1.738955001291537,-0.075,4.475,0.9827462754514886,0.04589700066571025,1.7137010275038078,0.5122939616037608,76.41694272261523,150.35202922473505,0.41839158980997204,0.3481064300219335,,
2021,13987,"Spillane, Robert",LB,14,3.357142857142857,1.75,0.0,9.0,3.2592098704428096,0.9708284720467943,1.125,6.625,-0.0866010412063035,-0.21593347810563263,1.7034170678772023,0.7882078975351903,93.59751664619704,202.6810357294275,0.8603514219064852,1.3316998147762977,0.6381456735366812,0.646977386247649
2021,12274,"Tartt, Jaquiski",S,14,3.5357142857142856,3.75,-5.1,11.0,3.8083755710008327,1.0771163231113468,1.125,5.0,-0.15313570859488368,0.10211347886521628,1.7022225699993927,0.7353240680778081,85.14323103210938,156.62926287728826,0.5523758177410432,0.9212282615400839,,1.2065385613841064
2021,13412,"Cole, Keelan",WR,15,3.7999999999999994,4.0,-1.0,16.9,4.692547282660026,1.2348808638579019,-0.15,5.15,-0.19970835439894943,-0.04228721657127862,1.7003143484974643,0.6675394706997193,99.57432513522497,195.9146925977969,0.6618825368342676,0.7743802549832013,0.8923007699166728,0.7758864021225131
2021,13929,"Obada, Efe",DE,11,3.8636363636363638,1.0,-0.5,15.7,4.923463807906848,1.274308279693537,0.5,5.05,0.3173439902682353,0.3679494726661197,1.6988182288801184,0.6522596387740305,66.74236607152866,88.68149669162612,0.7080678675993406,0.48061695490647205,0.9959862623809604,1.000878513022152
2021,13343,"Odenigbo, Ifeadi",DE,9,2.888888888888889,3.0,0.0,6.0,2.0245407953653998,0.7008025830110999,2.0,5.0,-1.1553929799736715,-0.09342848887173638,1.6985445093659266,0.955149586117544,97.73553281565451,129.8625421933182,0.992832002441107,1.5386522530565914,1.1401178838847155,0.8483428971233676
2021,12677,"Hooper, Austin",TE,16,3.3812499999999996,2.6,-3.0,8.5,3.401877928071494,1.0061006811302018,1.775,6.525,-0.08333379958074413,0.0924024733940628,1.6854837006959504,0.7681380663550927,169.7132922771785,460.14359981165865,0.8262682978820112,0.5119018574100146,1.2647865378714187,1.1941230727433145
2021,12770,"Young, Tavon",CB,17,3.7294117647058824,2.0,-5.2,12.9,4.524282810357558,1.2131357693387774,1.0,8.1,0.031158531128151163,-0.03510872719360913,1.685125610626286,0.675094286938669,79.69101834101133,121.49433800596074,0.7173316587859342,0.9521377425447005,,
2021,11735,"Roby, Bradley",CB,14,3.857142857142857,3.0,-3.2,18.3,4.990378497771528,1.2938018327555811,1.0,5.675000000000001,0.23220095382356318,-0.010974493195570341,1.6815501679625087,0.6438896738457758,76.00749228780414,115.87855383506371,0.8275478335299805,0.9498213127427134,1.0445199144117039,1.1726614690629507
2021,15454,"Williams, Avery",RB,15,3.2666666666666666,2.0,0.0,8.0,3.08688984074406,0.9449662777787938,1.0,7.0,-0.5831980761281478,-0.03927342527541088,1.6795492569656745,0.7993038212333945,116.38656559249823,224.58149762202143,0.8095238095238096,0.7759268932831641,,
2021,14220,"Ximines, Oshane",DE,9,2.888888888888889,3.0,0.0,8.0,2.131480677027875,0.7378202343558029,2.0,3.0,-1.1010644184229637,-0.06364826416405531,1.6623634779806662,0.922531283709139,94.39787009584332,125.42774398542302,0.8709677419354839,1.0184742760715817,,0.8246072692987882
2021,10143,"Mclendon, Steve",DT,12,3.1750000000000003,2.5,0.0,9.0,2.890249412536341,0.910314775601997,1.0,4.5,-0.7591864218454893,0.1874819027568767,1.66202975580266,0.8161430446512126,73.67405840106909,102.55522464953569,0.8306331832276035,1.2357273967397477,0.8665561424294171,1.827687364270913
2021,12616,"Brissett, Jacoby",QB,12,5.016666666666667,0.6000000000000001,-10.9,23.3,10.182978717229824,2.0298296446305297,-0.25,9.25,-1.8456438182703463,0.416703438324039,1.655758658100535,0.4485984274420012,41.44343086657118,77.00480805829478,0.659633234360165,0.3105204521311208,0.11894280305525243,1.0943580067391097
2021,15270,"Felton, Demetric",RB,16,3.98125,1.5499999999999998,-1.0,20.7,5.598573339476763,1.406235061721008,0.0,4.9,0.2141847829282756,0.09115513147079617,1.65455572621924,0.6033501175446048,87.85376244353282,169.52411509743553,0.6987408043359272,0.4629126074048873,,
2021,13645,"Smith, Tre'Quan",WR,10,3.8699999999999997,5.4,-4.6,10.1,5.187301803442711,1.3403880629050935,-1.125,8.75,-0.031097417544884046,-0.0238294757948661,1.653571927382085,0.6254745805104692,93.29966537901396,183.56916039735847,0.6254745805104694,0.18962816170040606,0.7975693568162998,0.9870610109795107
2021,10868,"Zuerlein, Greg",PK,16,4.1375,3.15,-5.4,13.4,6.2647700476553805,1.5141438181644424,-0.35,9.875,0.00402691546780657,0.09316748655666983,1.6456894669696174,0.5695293826038348,75.76111350017443,103.71707954566514,0.4516939860732111,0.20325182499034616,0.6918821282089641,0.6858659901021058
2021,15238,"Fields, Justin",QB,12,6.3999999999999995,7.55,-23.9,37.6,18.56825247566394,2.901289449322491,-1.375,16.6,-0.20626790274355575,0.9963742375631025,1.6404832512777132,0.32706037536869276,30.21522864687189,56.14201898199075,0.417231507475125,1.520228045857776,,
2021,13801,"Harris, Marcell",LB,16,4.00625,2.0,-1.0,18.3,5.858804138858032,1.4624160096993528,0.375,3.25,1.230335005632537,0.08633788011209478,1.6269590451895821,0.5841032808187211,69.36065563474988,150.19724910077997,0.7189671762485347,1.0003134386565788,0.8071182143077792,0.8801655666883936
2021,14944,"Holmes, Darnay",CB,11,3.6090909090909093,3.0,-2.0,15.3,4.400093913347873,1.2191695981568413,1.0,5.2,-0.02240823080698589,-0.03330348431412421,1.6263249605115735,0.6683385450334505,78.89354165887669,120.27853096034696,0.6150841838648343,0.7599734996201927,0.9704202942392876,
2021,13143,"McNichols, Jeremy",RB,15,3.266666666666667,2.7,-2.9,11.0,3.312535115117859,1.014041361770773,1.8,5.15,-0.5115625877779897,-0.019741725264847104,1.6219461668823765,0.7574817548070889,110.29685783928367,212.83069390739135,0.510392028859112,0.7113062609244831,0.3752539098273688,
2021,12394,"Carter, DeAndre",WR,17,3.764705882352941,1.2,-1.6,13.2,4.97699899850722,1.3220153589784804,0.0,6.3,-0.10276801674853646,-0.027043650841703595,1.6213096385413837,0.6298655702122741,93.95465262010494,184.85786231745237,0.7992988281741743,0.39587381898312796,0.006963519105760761,0.44104949071443605
2021,15446,"Slaton, Tedarrell",DT,17,3.0,2.5,0.0,9.0,2.5724787771376323,0.8574929257125441,1.5,4.0,-0.9764412740592685,0.06832293281893818,1.6150801752578328,0.8397530642305683,75.80535875673556,105.52202180330612,0.6603824724286499,0.6628716687036177,,
2021,14152,"Jackson, Joe",DE,12,2.841666666666667,2.5,0.0,6.8,2.1876388844799974,0.769843595711436,1.0,4.325,-1.0725344202341713,-0.037885881559452626,1.605603271132206,0.891464425441099,91.21895865635112,121.20388077982176,0.8257967180458822,1.1531551392585604,,
2021,11367,"Juszczyk, Kyle",RB,17,3.288235294117647,1.4,-0.8,12.2,3.4518336734759623,1.0497526377297202,0.7,5.9,-0.46733954662568433,-0.009643989746992302,1.604210787970813,0.7386249207172682,107.55111573301524,207.5324632123759,0.8347619695704029,0.8191506932163262,0.9012855287107072,0.8146922001887158
2021,12744,"Ward, Jihad",DE,17,3.0352941176470587,2.0,-0.4,9.9,2.7090135336058245,0.8925044587461051,1.0,4.0,-0.8076609766164516,0.06079320615455589,1.6038504446420796,0.8183561721049343,83.73816800650563,111.26405169803526,0.6886070918913276,0.8779939080655031,1.349409419818179,0.6629988733220584
2021,12712,"Hargreaves, Vernon",CB,12,4.091666666666667,1.0,0.0,21.7,6.363628201654217,1.5552655482657964,0.0,5.35,0.82452878454457,0.06725204005565665,1.6012686702732686,0.5556590521161139,65.59237216231553,100.0,0.4713686275408965,0.4822226397312548,1.5895313482663993,1.0250238919774
2021,13695,"Bryan, Taven",DT,16,3.2625,2.5,0.0,13.2,3.3951942138852678,1.0406725559801586,0.75,4.5,-0.4139634969659333,0.48155147559020756,1.5987376271804585,0.7422880176018462,67.00709038399444,93.27472052690086,0.7358047174090351,0.8376187327965009,0.9215422334148538,0.9308822732517711
2021,12778,"Kwiatkoski, Nick",LB,8,3.125,1.5,0.0,8.5,2.9973947020704497,0.9591663046625439,0.875,6.0,-0.21923475140790974,-0.22310440679075186,1.5950662241193787,0.781759178892544,92.83174907093016,201.02280193386864,0.8820948013406436,0.7248552992998949,1.4797731309587407,0.9123431964046078
2021,13448,"Butler, Adam",DT,17,3.2705882352941176,1.5,0.0,11.0,3.4531766629791685,1.0558273969540624,1.0,4.0,-0.3743217963000336,0.5157387530862236,1.5908865890881008,0.7344393638104847,66.29858446510659,92.28847129271975,0.8790852792428655,0.5491638627854823,0.8627729347957283,0.9224606389132938
2021,13676,"Smythe, Durham",TE,17,3.1352941176470592,3.1,-1.0,9.3,3.061514653291462,0.9764680882918358,0.2,5.2,-0.21697185688648682,0.09008332108217247,1.5863115302593829,0.7719519404186338,170.55593392196178,462.4282538571917,0.9283328521842045,0.8398854084116893,0.6728026557639566,0.23225471772044815
2021,11670,"Watkins, Sammy",WR,13,3.9076923076923076,4.8,-7.1,15.2,5.720336399260979,1.4638656139841086,0.0,8.1,0.1505592602644793,-0.0022279485995200694,1.5860005860358224,0.5814727233181405,86.73607561850136,170.65515200691667,0.36400694667238587,0.2922456153326981,0.2648877295306394,0.4610256125236616
2021,15392,"St-Juste, Benjamin",CB,10,3.4,2.5,-1.0,11.0,3.903844259188627,1.148189487996655,0.0,6.25,-0.23645705260036476,-0.0545398074375315,1.582728162016448,0.6933336012107676,81.84406504323788,124.77680307201841,0.6933336012107676,0.3238754345850719,,
2021,13277,"Golladay, Kenny",WR,14,4.128571428571428,2.8499999999999996,-3.5,21.2,6.678582887690703,1.6176498343887518,-1.0,5.775,0.47712694456912097,0.024675516769340423,1.5772053902448306,0.5376736162072057,80.20272931685832,157.80064829239888,0.2573744577401179,-0.10259131997115735,,1.2537342671067129
2021,13228,"Hooker, Malik",S,15,3.3333333333333335,2.5,-1.5,15.5,3.7178249316263163,1.1153474794878948,1.25,4.25,-0.19500676928706237,0.11212105630546228,1.5757852389056675,0.7065402768525952,81.8103536075002,150.49811037169422,0.5750271947256874,0.5582072931535418,,0.7667056839848161
2021,14017,"Wilson, Jeffery",RB,9,4.444444444444445,1.0,-2.9,25.3,8.101729734529412,1.8228891902691176,0.0,6.2,1.008860546797227,0.20896842935849042,1.5744310686246727,0.488307670528105,71.10244091857581,137.20048001059234,0.5739404463330091,0.8525720397381765,0.8581880072513658,0.7732588452827555
2021,11806,"Lawson, Nevin",CB,11,3.9909090909090907,3.0,-1.8,20.7,6.131358227913964,1.5363312188394898,0.0,5.0,0.7243430941357539,0.061587135663219834,1.5734968135333482,0.5596281890997495,66.06090607569706,100.71431158522839,0.6019532960779578,1.047619047619048,1.3744994183455643,0.7746512837829004
2021,10402,"McPhee, Pernell",DE,9,3.2777777777777777,2.0,-0.2,10.0,3.5906600376773126,1.0954556047151123,0.0,5.0,-0.3597589814226253,0.22406479449381073,1.564231554418166,0.7140101316315726,73.06097564722127,97.0771198492159,0.7775306221535753,0.4812752003834995,0.8278609639684961,
2021,14875,"Bryant, Harrison",TE,16,3.2249999999999996,3.9000000000000004,-2.0,9.0,3.4353857134243313,1.0652358801315758,-0.225,5.075,-0.07017751724662645,0.09703060479741976,1.5615649674818428,0.727107000015596,160.647842120331,435.56444744761063,1.2183865850112423,1.9262935110310744,0.35793753136619094,
2021,14948,"Walker, Mykal",LB,17,3.9411764705882355,1.0,0.0,23.9,6.017431426186602,1.5268109588831675,0.0,5.0,1.3106944660427216,0.12593357215323517,1.5597433028113061,0.5616266453108671,66.69161708200822,144.41757120274005,0.6718444781520992,0.823571408516872,0.6927473690819982,
2021,14873,"Okwuegbunam, Albert",TE,14,3.792857142857143,1.2999999999999998,-2.0,19.0,5.434343735607336,1.4327836591055123,0.55,5.55,0.7146805638519002,0.12579620374406159,1.5590605965561706,0.5894707057485383,130.23832375375298,353.11512917687213,0.6597416567751051,0.6088404691613541,,
2021,13155,"Ross, John",WR,10,4.05,2.0500000000000003,-2.0,18.4,6.473986407152861,1.5985151622599656,-0.75,4.925,0.4074010445289219,0.02132804075647795,1.5585824007575377,0.5418794976833261,80.83010466762889,159.03502320603985,0.5418794976833261,0.5095306722539332,,0.7058705407981166
2021,14592,"Zaccheaus, Olamide",WR,17,3.6647058823529415,2.4,-0.5,19.6,4.977235374414027,1.358154115008643,0.0,4.4,-0.10268746051019541,-0.02072143020831916,1.554056988484618,0.6131105189599811,91.45536532057736,179.940459138113,0.6238979310871537,0.5369930335639169,0.4495514605663239,0.4776008616345431
2021,15381,"Grant, Richie",S,16,3.2375,2.25,-1.0,9.0,3.511921660572741,1.0847634472811556,0.0,6.7,-0.2902174538118222,0.10411522808176585,1.5529339811776657,0.717543486690111,83.08441613035409,152.84187242294786,0.7920792376176622,0.7936340707419788,,
2021,13837,"Franklin, Zaire",LB,17,3.158823529411765,2.5,-1.0,12.7,3.2689373742997008,1.0348591315287692,1.0,3.0,-0.08167315663964249,-0.1765617834902319,1.5523548930085262,0.739955462553478,87.8676729075802,190.2733276499437,1.0610055542634644,1.1129621406484793,0.27239791191164725,0.24665425243142763
2021,14983,"Bass, Tyler",PK,17,3.9823529411764715,4.0,-11.7,14.9,6.252268792358747,1.5699936406218418,0.9,8.3,-0.00528167930738562,0.15273064836462233,1.5495575079372148,0.5491182215105461,73.04593788414367,100.0,0.2233793014319141,1.028569152274134,0.6228581842178196,
2021,15049,"Bachie, Joe",LB,9,3.0,1.5,0.0,7.5,2.8185890875479607,0.9395296958493202,0.5,5.5,-0.3098164094777238,-0.23517872512092572,1.5467667272226526,0.7856304858207189,93.29145610480471,202.018275970963,0.7678733903006787,0.9754181592777358,,
2021,12834,"Seymour, Kevon",CB,9,3.177777777777778,2.0,0.0,11.0,3.3512113159200534,1.0545769875272895,0.0,5.0,-0.47482584419429513,-0.08254744653348559,1.5466822596909722,0.730320259590942,86.21012846337607,131.4331615420763,0.6800397729406467,1.3142667444940999,,
2021,14283,"Wilson, Donovan",S,9,2.711111111111111,2.0,1.0,7.5,2.0877656554553163,0.7700774958646659,1.2,3.0,-0.9487541901320337,0.021741469957885715,1.5316341332201158,0.8780171209953221,101.66567072729332,187.023899291957,0.9021878353813263,0.8564951314416882,0.8068627807531872,0.15100980142855683
2021,15028,"Tuszka, Derrek",DE,15,3.0733333333333333,2.0,0.0,11.1,3.120142446890669,1.0152307310924085,1.0,3.0,-0.5987955643545548,0.15952491481904846,1.525052831874667,0.745928902446728,76.32705890557288,101.41680944547133,0.8820962407175454,1.438251556965709,0.47826086956521746,
2021,13203,"Rochell, Isaac",DE,12,2.3333333333333335,2.5,0.0,4.0,1.247219128924647,0.5345224838248487,2.0,3.0,-1.5502949318312067,-0.22719869141838267,1.520559886172161,1.038320341483518,106.24596742036947,141.17047331211447,0.9456666924573013,0.9455655467273051,0.90440330844425,0.5005753882967164
2021,13427,"Tonyan, Robert",TE,8,4.1,0.35,-4.4,15.1,6.987488819311269,1.7042655656856756,-0.525,9.825000000000001,1.3244975067471023,0.14704334518443588,1.516123287603387,0.5133027529362509,113.4096901994691,307.48765993343477,0.5160097273573515,0.4631614495184845,0.963534499483215,0.3541420174744934
2021,15319,"Palmer, Joshua",WR,17,3.4117647058823533,2.7,-1.4,14.2,4.282918514688343,1.2553381853396866,0.2,3.9,-0.3393086762329349,-0.03870835237717159,1.5127508273746944,0.6458105867801038,96.3331101251681,189.53753019698416,0.7796354146014999,0.8471367474253529,,
2021,15500,"Siposs, Arryn",PN,17,2.8058823529411767,2.1,-0.5,8.4,2.415506423149567,0.8608723101371623,0.6,4.0,-1.2581217476575384,-0.2667062804728665,1.5078317505484076,0.8215128315741146,89.65198107857042,117.44672140332628,0.7419536589232087,0.5151016061901598,,
2021,15159,"Mondeaux, Henry",DT,15,2.866666666666667,2.5,0.0,7.7,2.6060613107821458,0.9090911549240042,0.75,4.0,-0.9534814169448792,0.1847215795215198,1.5015871082283558,0.7949578278370687,71.76164744439473,99.89312431815057,0.9382640212633108,1.2196697297782926,0.24144189672786404,
2021,13941,"Stallworth, Taylor",DT,16,3.6,2.75,-1.0,16.8,5.05729670871702,1.4048046413102833,0.0,3.625,0.722390186015982,1.3029843542208914,1.4970030987791596,0.5943245267842437,53.6502763608096,74.68186583043808,0.6748780764192711,0.4951253690382859,0.5296742127265139,
2021,14426,"Wright, Matthew",PK,14,3.9785714285714286,2.2,-7.7,22.1,6.604022429163757,1.6598979175636013,0.45,7.074999999999999,0.25663858294018516,0.24861247500415418,1.4957609471778897,0.5232193178852798,69.60076044990275,95.28354685553465,0.8902947821614854,0.9197446894603799,,
2021,14043,"Leavitt, Dallin",S,16,3.0125,1.5,0.0,12.0,3.069990838748546,1.0190840958501397,0.7250000000000001,4.550000000000001,-0.4945684378596818,0.08692267473084965,1.492013139121667,0.7401736562449593,85.70476522315758,157.66225969169273,0.734124195311132,0.7290992386505122,0.5700074191646044,0.3101020514433644
2021,11945,"Santos, Cairo",PK,17,3.5352941176470587,3.5,-5.7,12.3,4.845002419288,1.370466574507421,0.6,7.2,-1.0531502410507936,-0.060062560299638315,1.491391676080346,0.6048404883428098,80.45834031835251,110.1475901999718,0.47962376974173143,0.8850110941818274,0.9274366020384248,
2021,13606,"Jones, Ronald",RB,17,3.3705882352941177,2.7,-5.2,10.2,4.268594575967509,1.2664242197460323,0.6,7.0,-0.20804288606999743,0.05162215856848819,1.487183293369418,0.6397509215586499,93.15408060973769,179.75169923121996,0.7413054458425381,0.8133643682100073,1.0269200507772982,1.090359583149172
2021,9853,"Hughes, Jerry",DE,17,3.088235294117647,1.0,0.0,10.0,3.348376666024576,1.084236253760339,1.0,5.0,-0.4828459613679899,0.21503897085642604,1.4817107650564627,0.7102041822289995,72.67153246665947,96.55966135678615,0.6280387975221465,0.8013370490127248,0.9132594050225928,0.8488618006121987
2021,14227,"Wishnowsky, Mitch",PN,17,3.135294117647059,1.9,-0.5,11.0,3.5034338074104636,1.1174179123072774,0.2,3.6,-0.057828613466015956,0.22916688142397257,1.4807157809629732,0.6962007773907742,75.97663301488276,99.53161484564917,0.5904102210562361,0.5793736011233143,0.8534672306948125,0.8444729728966248
2021,13189,"Engram, Evan",TE,15,3.54,3.9,-6.8,12.0,4.924469514577179,1.3910930832138924,1.1,5.2,0.5144868137688889,0.12253335070955063,1.480494433634449,0.5975218525962226,132.01715323503518,357.9380690302307,0.784903832362852,0.603701951221159,0.9469325907556295,0.8610984741680755
2021,13200,"Charlton, Taco",DE,11,2.7454545454545456,3.0,0.0,7.0,2.3496087242400154,0.8558177472397407,0.5,4.6,-0.9902490438903505,0.03127921829314786,1.4793772446340758,0.8196344025457646,83.86896273752104,111.4378404500462,0.9179635917187728,0.671740890758537,,1.1529683370232582
2021,14838,"Shenault, Laviska",WR,16,3.8562499999999997,2.1,-6.6,20.0,6.216205509593453,1.61198197979733,1.1,5.55,0.3195500460745491,0.023683965560023713,1.476369297271804,0.5343874969848598,79.71255140492751,156.83621238179907,0.4447457371552131,1.0071179052502208,1.228300347791507,
2021,15109,"Westbrook-Ikhine, Nick",WR,16,3.56875,2.3499999999999996,-2.0,18.9,5.0773662894752825,1.4227296082592735,-0.05,6.075,-0.06856312877124637,-0.00942440284248045,1.4730285987482274,0.5872198301063938,87.59334968998142,172.34185775117345,0.6695560030755437,0.4253757142550993,0.3216915220769669,
2021,15051,"Townsend, Tommy",PN,16,3.84375,2.6,-3.0,22.2,6.189100171874745,1.610172402438958,-0.325,5.375,2.9052247526238424,1.1816046741343587,1.4726038772030463,0.5346635751491611,58.34802194242897,76.43761794289732,0.6876021874611434,0.30280198337293274,1.0591545824813715,
2021,13781,"Avery, Genard",DE,17,2.7176470588235295,2.0,0.0,8.0,2.349777284594698,0.8646366631625512,1.0,5.0,-0.9901634103412759,0.03837392280084005,1.4574673514218124,0.811291864483566,83.01531382807839,110.30358544240354,0.8291612748011152,0.9632660736349941,0.5777979805851334,0.3310870663892782
2021,14954,"Hawkins, Jaylinn",S,13,3.1846153846153844,2.0,-1.0,12.7,3.7839430297073724,1.188194671164151,0.0,4.5,-0.1644334357719548,0.13118989913156567,1.4553620053014402,0.6656884007270846,77.08011169369763,141.79636984330455,0.84505723643805,1.0642540966771237,0.36957470916694357,
2021,14239,"Moreau, Foster",TE,17,3.7588235294117647,0.5,-5.9,15.0,5.955922294709933,1.5845176683891842,0.0,8.5,0.9194698303080024,0.1376714480178942,1.4543617075577873,0.5403774467507203,119.39160364174084,323.7064201033405,0.5725850287683836,0.6752188629671854,0.40865016774660196,0.8984540789442104
2021,14815,"Dallas, DeeJay",RB,17,3.011764705882353,1.5,-0.3,8.5,3.2477833803708567,1.078365575513761,0.0,6.8,-0.5321192874606843,-0.0015533833384107944,1.4491024781036708,0.7090203139359258,103.24039130324836,199.21441599322776,0.6372544897124058,0.7095847437064847,0.6591122606913199,
2021,14971,"Washington, Broderick",DT,14,3.0,1.5,0.0,11.0,3.234854821206929,1.0782849404023096,1.125,4.5,-0.5235850515714195,0.5663999425415359,1.4434979254669797,0.7084068112504984,63.948599606198705,89.01726253405025,0.7787268747625719,1.1418898811904659,0.22733899275351632,
2021,11262,"Okafor, Alex",DE,17,2.9176470588235297,2.0,-1.0,11.6,2.9886521247029316,1.024336413708666,1.0,4.0,-0.6655964617489045,0.16685031944571918,1.4412856672761634,0.731486970436368,74.84929045921113,99.45327825380559,0.7518579091643036,0.8380243700505116,1.047529874340879,0.975484639709587
2021,7911,"Colquitt, Dustin",PN,11,3.0090909090909093,3.1,-2.6,9.9,3.301915296929825,1.097313240671543,1.15,4.4,-0.28016080956818457,0.19030686196318808,1.4347360474048323,0.6994770239289524,76.33417093925902,100.0,0.9104876243888268,0.7544527153342768,1.0889788879689073,0.48679165364846183
2021,14302,"Scott, Nick",S,17,3.2764705882352945,1.5,-1.0,14.5,4.2564179101217885,1.2990862562310663,1.0,3.5,0.054041271088363825,0.16021743139081834,1.4251186006420098,0.6233276433226711,72.17515629925857,132.77322685749,0.8485916334849165,1.472428044975486,0.4559249400724688,0.3602372969937635
2021,13956,"Chandler, Sean",S,15,3.1533333333333333,2.5,-2.0,14.5,3.8300333621987623,1.2145983178220177,0.5,4.65,-0.1431210394995459,0.13810144886422254,1.423885003414312,0.6528595346798703,75.59465629633348,139.0637300185545,0.583909684197321,0.3885075974054195,,0.32594120741982724
2021,14489,"Gillan, Jamie",PN,12,2.8333333333333335,1.85,-0.8,7.8,2.805153986662566,0.9900543482338469,0.6749999999999999,5.5,-0.8282297327995406,-0.017012248887775493,1.4237467111628825,0.7446041193771505,81.25890656329135,106.4515479285824,0.9046266735150484,0.9699406913063915,0.08324192441842114,0.6616799854043041
2021,13087,"Neasman, Sharrod",S,11,3.3636363636363638,0.0,0.0,14.0,4.597879496873379,1.3669371477191126,0.0,5.0,0.21193478704455457,0.17797841785611082,1.4210923880584305,0.6008768794532069,69.57558060471888,127.99105427731251,0.5398475137138402,0.5102859845013613,0.3477909429391147,0.22474487139158905
2021,10294,"Smith, Jimmy",CB,10,2.7399999999999998,2.5,-0.6,6.0,2.55507338446472,0.9325085344761753,0.25,5.0,-0.8182263579976694,-0.11906873547369322,1.4178462610219222,0.770729519107397,90.98021036686143,138.70547346834917,0.770729519107397,0.8618525752201798,0.8938676826554117,1.2175504302710813
2021,12842,"Dixon, Riley",PN,17,2.9588235294117644,3.0,-1.9,9.0,3.2285598361989445,1.0911633641229037,-0.4,4.8,-0.3610927330995962,0.17841985745540168,1.4149174474720119,0.6997236988542778,76.36109065966737,100.03526562229877,0.5613498599508974,0.23054012393144654,0.6599296093572145,0.6145350840806528
2021,10945,"Hekker, Johnny",PN,17,2.8764705882352946,2.7,-1.8,10.3,2.993036901909793,1.0405240763285577,0.5,4.8,-0.62094147398221,0.08053993457862786,1.4096724569948842,0.7203716516768311,78.61440893372497,102.98717856814137,0.8938472717619242,1.2049577350320948,0.590385892675006,0.5639249127966947
2021,12171,"Johnson, David",RB,12,2.9916666666666667,3.45,-3.8,6.7,3.3846364485552782,1.1313548017454969,0.6749999999999999,6.1,-0.4886726148068258,0.013429872717714106,1.4036455423642316,0.6823066636807277,99.35061882243618,191.70864481850006,0.5344285733779519,0.5064632754517198,1.3031666964242705,0.755393948275851
2021,14960,"Robinson, Alton",DE,17,3.1470588235294117,1.4,-1.0,12.0,3.9155974147231802,1.244208524304562,0.0,3.2,-0.1946813694548114,0.34373460633700087,1.4023023214853112,0.6402189923249922,65.51030879668328,87.04444530171887,0.5357267172592206,0.5185851076064735,0.942062322182979,
2021,14331,"Johnson, D'Ernest",RB,17,4.199999999999999,0.5,-2.2,29.6,8.421610856110885,2.0051454419311634,0.0,4.3,1.1104130407374495,0.260503284284273,1.3976029051362653,0.44578364189982084,64.91052050517658,125.25244500742532,0.4975390246633072,0.37861367021389436,0.2629402669513303,0.41871707509441974
2021,13763,"Dissly, Will",TE,16,2.76875,1.75,-1.0,7.8,2.7287173612340285,0.9855412591364437,0.775,4.575,-0.347639255171187,0.09079341976490417,1.3944560392586307,0.7425475657623122,164.0592981622531,444.81392721826705,0.7422718367839439,0.7713842248765616,0.8013591281563884,
2021,13502,"Hamilton, Justin",DT,9,2.7777777777777777,1.5,0.0,7.5,2.809815248089287,1.0115334893121433,0.0,4.0,-0.8141780118895409,0.4158176708033569,1.3809254444616066,0.7291108877709751,65.8175775417537,91.61890354861784,0.7175647333118709,0.4293437004857389,0.5843491527986121,
2021,14946,"Fotu, Leki",DT,17,3.0294117647058822,1.5,-3.0,11.5,3.648007466756154,1.2041966395117403,0.0,4.5,-0.24111899916885224,0.8504397556191767,1.374383623675671,0.6517656837630061,58.83554771932111,81.89982939294539,0.7590508745136791,1.111182152324976,0.6540547644990441,
2021,14934,"Elliott, Jordan",DT,16,2.825,2.0,-0.5,9.5,2.984857618044787,1.0565867674494822,0.0,4.25,-0.6945042598824778,0.5174517905172273,1.3736352118532211,0.7089337363542029,63.99616566844445,89.0834750965882,0.8607151508631286,0.972156070194649,0.6708004748994874,
2021,15399,"Rice, Monty",LB,10,2.95,1.5,0.0,9.5,3.3944808144987357,1.1506714625419443,0.25,4.625,-0.018073738895481813,-0.10535015196499305,1.3716646411968962,0.6712965932783341,79.71462130788794,172.61827651405193,0.6712965932783341,1.267040139494201,,
2021,15496,"Harvin, Pressley",PN,14,3.2071428571428577,1.9,-2.2,12.8,4.326738178501921,1.3490943095551646,0.325,4.325,0.8505101215151817,0.676970728647983,1.3652678158120342,0.6020838174638474,65.70561643882557,86.07628226041668,0.6562622219015645,0.3559869867337471,,
2021,13778,"Flowers, Tre",CB,16,2.725,2.5,-1.4,7.0,2.7174206520154365,0.9972185878955729,0.0,4.25,-0.7482006339506075,-0.0997083315429864,1.364397475827258,0.7330351485841706,86.53060557707568,131.92175053975205,0.7862408535835953,0.8485872558822859,1.2236149412802408,1.568884283981005
2021,12523,"Coleman, Justin",CB,16,3.2,2.0,-0.8,16.0,4.306971093471606,1.345928466709877,0.0,4.25,-0.06257517038976992,0.004621115764331199,1.364065462954181,0.602980484279723,71.17839650207667,108.51627126083794,0.7100252859286171,0.6267843315898234,0.6167325574732823,0.9957465090203351
2021,11516,"Doyle, Jack",TE,17,3.394117647058824,1.6,-2.0,17.7,5.070731538851208,1.4939763632663872,0.0,4.8,0.5719141986541084,0.13058536283316344,1.3609261487199953,0.5590953290122113,123.52715369738114,334.9191357620274,0.632908286076323,0.12815591852161498,0.6671116349649273,0.6655190042896048
2021,12780,"Ridgeway, Hassan",DT,17,2.817647058823529,2.5,0.0,11.2,3.030867725511982,1.0756733055052963,0.0,3.5,-0.6630478633983171,0.5605084464119349,1.3574617216256046,0.6990174946675147,63.10101649829328,87.83741608705269,0.6321968921243029,0.6980745434426839,,
2021,13919,"Firkser, Anthony",TE,15,3.0533333333333332,2.6,-3.1,10.7,3.836989560695844,1.2566559696602109,0.3,5.699999999999999,0.08750564639834198,0.11201182313339413,1.3530344786197424,0.6312466245831806,139.46834246246496,378.1404762075525,0.6070461115031354,0.8578932925814752,0.5355756947031138,0.425069882534685
2021,11858,"Carrie, T.J.",CB,11,2.936363636363636,1.0,-0.8,8.1,3.4431150608589967,1.172577884503064,0.0,6.5,-0.4351847317870564,-0.047243117315424736,1.3515573629413398,0.6608794947110694,78.01304344174187,118.9361519792119,0.5790002867950608,0.45757913208220313,0.8171396872002749,0.8244057954058536
2021,15160,"Black, Henry",S,17,3.0588235294117645,1.5,0.0,13.5,3.8649341861118125,1.263536176228862,1.0,4.0,-0.12698272698883792,0.15091166582294138,1.3513473129057216,0.6287492106561178,72.80292000245745,133.9280593074833,0.7174972999967114,0.604657228129193,0.5312312145509205,
2021,15406,"Hall, Darren",S,14,2.85,1.0,0.0,9.0,3.170117167731007,1.1123218132389499,0.25,4.5,-0.4482695312294372,0.1113290428754623,1.3492262315986427,0.6834340344328279,79.13488000064147,145.57631619251995,0.8570863852146058,0.7541210033176572,,
2021,11537,"Melvin, Rashaan",CB,10,2.2,2.0,0.0,4.0,1.4,0.6363636363636362,1.0,3.75,-1.3164475556495758,-0.20767142619188836,1.3444444444444446,0.9166666666666667,108.20725572598946,164.96926724683584,0.9166666666666667,1.1033471324108803,,1.6784566828288845
2021,12976,"Hamilton, Antonio",CB,17,2.823529411764706,2.0,-1.0,11.0,3.110424486212302,1.1016086722001903,1.0,5.0,-0.578685135118391,-0.06847617994207146,1.3435086413155743,0.6869191785996166,81.08687915107127,123.62242205604774,0.48496995423643413,0.5925925925925926,0.3262078755991468,0.4265122727651059
2021,14257,"Speed, E.J.",LB,17,2.8529411764705883,1.5,0.0,11.5,3.2347593140864754,1.1338331616385584,0.5,2.5,-0.09898751990497784,-0.11570382388363012,1.3370029240148422,0.6736961807913341,79.99956571518754,173.23531027377334,0.7114888609549813,0.7896831163628927,0.15157165773894957,0.21130067711581568
2021,13784,"Cruikshank, Dane",S,14,2.707142857142857,2.2,-1.0,9.0,2.815889680700853,1.0401703306018983,0.625,3.5,-0.6120660622172864,0.09244231230401175,1.3269200206162126,0.7094394973823364,82.14605457812404,151.11566499040688,0.7540583703682017,0.8096423796148947,,0.33830831268944367
2021,14879,"Epenesa, A.J.",DE,14,2.6142857142857143,2.2,-2.0,9.0,2.5371122906781647,0.970480111188369,1.0,3.75,-0.8949917938181657,0.12352361629957824,1.3267252480458052,0.7391017020227203,75.62846668423097,100.48858038479742,0.7986793542958671,1.7542317780067453,0.6347784943738376,
2021,12481,"Hewitt, Neville",LB,17,2.764705882352941,2.0,-0.5,9.5,3.068423848410583,1.1098554345314875,0.0,3.5,-0.18325188887892851,-0.130447444468965,1.3103769277760347,0.6795520784868648,80.69493743596048,174.74110514561772,1.1161119037938811,1.2659585978899515,2.0069176368649075,1.674751473372722
2021,15257,"Sermon, Trey",RB,9,2.9000000000000004,1.1,0.0,10.3,3.52388674304067,1.2151333596691964,0.0,5.3,-0.44446489596118505,0.03711913324577002,1.309176256743784,0.6410416893086948,93.3420291987654,180.1143680270978,,0.4578591805857205,,
2021,13221,"Davis, Jarrad",LB,9,2.388888888888889,2.5,0.0,7.0,2.0382151475382377,0.85320634082996,1.0,3.0,-0.7051483211144456,-0.2882579343543685,1.2890571525991126,0.7862803563547908,93.36862644060173,202.1853847164445,0.8501674101081315,0.9847837445047476,1.2548991399698273,1.3126603172813318
2021,13923,"Adeniyi, Ola",DE,16,2.9,2.0,0.0,12.5,3.654620363320929,1.2602139183865273,0.0,4.0,-0.32726528090124296,0.35661074015374344,1.2830643933341448,0.6230368480429496,63.75214855589119,84.70835368923309,0.5661951319153268,0.2727272727272727,0.4100430598626583,0.3221718724625176
2021,9686,"Succop, Ryan",PK,17,3.288235294117647,3.0,-6.0,16.2,5.217491210617606,1.5867146794364813,0.9,6.1,-0.775790317226001,0.17056343451668424,1.2712013892595193,0.5288685070438587,70.35223855463254,96.3123215232262,0.6391589444157959,0.6435778567200948,0.4859726134937797,
2021,15078,"Claybrooks, Chris",CB,16,3.3375,1.5,-2.0,17.0,5.425273610611726,1.6255501455016408,0.0,4.0,0.4197855409903906,0.08828027478409667,1.2711621622303213,0.5194331326977139,61.316109624407275,93.48054903804032,0.5526315789473684,0.8348524921755259,0.6746160522276782,
2021,13694,"Settle, Tim",DT,16,2.46875,2.0,0.0,7.0,2.3349836054028303,0.9458161439606402,0.0,4.5,-1.1388130374916934,0.26756820215488236,1.2687478247430648,0.7402585116162217,66.82388482525062,93.01969606317803,0.7447377119325606,1.0362488588401049,0.9632318070700295,0.6833850586070253
2021,14864,"Johnson, Tyler",WR,17,2.9176470588235297,1.3,-2.0,10.5,3.817950681300675,1.308571806090957,0.0,7.0,-0.4977683945402596,-0.02939550565874704,1.263832058905676,0.605578440258311,90.33183377449807,177.72988590876773,0.7286437200207078,1.0654615319300835,0.6680496074409585,
2021,14169,"Wilson, Mack",LB,13,2.4615384615384617,1.5,0.0,6.5,2.365306440234123,0.9609057413451123,0.0,4.5,-0.53944618859631,-0.22203484776351448,1.2553068766323938,0.7314455623147393,86.85714569547844,188.0850783317939,0.690071130897793,0.7078133163627872,0.8964291541912411,1.3233686922826349
2021,12361,"Nunez-Roches, Rakeem",DT,16,2.28125,2.75,0.0,6.0,1.870567677872148,0.8199748724919005,0.0,3.25,-1.45632700027434,-0.016312735663041797,1.2534513714887305,0.7947034370884477,71.73868333412825,99.86115798511058,1.0327172718016824,2.0624999999999996,0.5519641248391103,0.5267865805711318
2021,11182,"Burkhead, Rex",RB,16,3.7625,0.65,-0.7,30.3,7.538805857030675,2.003669330772272,0.0,4.075,0.8301493950547598,0.2600858984676874,1.2526345564918178,0.4406353842677002,64.16088312240605,123.80593195637857,0.6008873768541428,0.6044028782455891,0.868671799251938,1.0683172761133033
2021,14925,"Uche, Josh",DE,12,2.9250000000000003,1.5,0.0,14.2,3.924097560798745,1.3415718156576903,0.0,4.25,-0.19036304871163098,0.4220621227905936,1.249160918508254,0.5940174750569994,60.782745729380395,80.76286744960673,0.5579953796865512,0.2684747639175602,0.8404793254760822,
2021,13423,"Cole, Dylan",LB,9,2.4444444444444446,1.0,0.0,7.5,2.350466200145131,0.9615543546048263,1.0,3.0,-0.5469641491313016,-0.221636023147439,1.246177266873087,0.7295833768860464,86.63601630537028,187.60623300102773,0.7030278072442913,0.8571428571428572,,0.5532316883648558
2021,14985,"Mann, Braden",PN,10,2.88,2.3499999999999996,-2.6,10.0,3.784653220573848,1.3141157015881417,1.1,3.7749999999999995,0.25243633225064815,0.6093610998543614,1.2445358708829903,0.6019245005293377,65.68823012634303,86.0535056817644,0.6019245005293375,1.0544516663660213,0.7261546698829511,
2021,15452,"Hufanga, Talanoa",S,14,2.5714285714285716,1.75,-1.5,8.0,2.750695644852815,1.0697149729983169,0.25,4.25,-0.6422121048141927,0.10017606468686943,1.2424070971006416,0.6855871056766271,79.38418428741477,146.03493569986193,0.9828372863018244,1.0945476321147913,,
2021,13771,"Haynes, Marquis",DE,17,2.605882352941176,2.0,-1.0,7.7,2.87493643678794,1.1032487454942435,0.0,5.0,-0.7233673294002249,0.23033427608301288,1.2389796302143132,0.6724967997413852,68.81313041940452,91.4329496663151,0.9444439085972502,2.1114561800016824,1.1842699621856878,0.7207433913520684
2021,13447,"Wilson, Eric",LB,14,3.2214285714285715,1.0,-0.5,19.6,5.179792959379827,1.6079179918252233,0.0,4.75,0.8863527506606714,0.17580532668443463,1.2352491840335693,0.5212842230481226,61.90106556496184,134.0438564079299,0.3246747958879634,0.18749999999999997,1.8257611602005137,0.8444972424584887
2021,12272,"McKinney, Benardrick",LB,11,2.272727272727273,2.0,0.0,7.0,1.9112541856026033,0.8409518416651454,1.0,3.0,-0.7694658453319074,-0.2957930808402108,1.2345392319831603,0.7806694736470904,92.7023495747189,200.74259338929687,0.766028707885442,0.5543727455451929,,1.823582628853599
2021,12934,"Rogers, Chester",WR,16,3.05,1.1,-3.0,10.6,4.563578639620446,1.496255291678835,-0.9,6.9,-0.24366050200803135,0.003438397205503198,1.221830159025421,0.5482083021671955,81.77414837298988,160.892450128929,0.322344277676983,0.5722523144714565,,0.5589219585961412
2021,15429,"Graham, Ta'Quon",DT,13,2.269230769230769,1.5,0.0,6.5,1.9573862538460727,0.8625769932203032,1.0,4.0,-1.396970487143541,0.07979190349276695,1.2183285724513229,0.7673095681295066,69.26581106652867,96.41888839338138,0.7320508075688773,0.8000586158214045,,
2021,11192,"Bell, Le'Veon",RB,8,3.15,1.65,-2.7,11.1,4.9962485926943225,1.586110664347404,-1.225,8.0,0.02296505762763527,0.1420168330667884,1.2180453232054131,0.5253284534997231,76.49303417129309,147.6022604876034,0.5814396381546503,0.7982494074118665,0.9238475353934191,1.4941327595089737
2021,14860,"Jennings, Jauan",WR,16,2.63125,1.95,-1.0,7.8,3.0721976559948088,1.167581056910141,0.0,4.95,-0.7519189095464811,-0.05406084341534599,1.2139107746913111,0.6461498734292662,96.3837202247961,189.63710669019665,0.8747296027540798,1.3185496023555707,,
2021,15418,"Bynum, Camryn",S,15,3.426666666666667,1.0,0.0,23.1,6.299044019179065,1.838242418048365,0.0,2.0,0.9985616231758594,0.3013496270437397,1.2073199402829429,0.4694678724587374,54.35972146457405,100.0,0.568406610626131,0.6312344526401112,,
2021,14130,"Wesley, Antoine",WR,15,3.146666666666667,0.0,-2.2,12.0,5.173118552242501,1.6439995399075744,0.0,7.55,-0.03593102931000903,0.029285212016616352,1.1901161929765933,0.5097369571047006,76.03552408216424,149.60157959232686,0.7024065359169492,0.8379056616336558,,
2021,10350,"Wright, K.J.",LB,17,2.2058823529411766,2.0,0.0,7.0,1.8869429332171108,0.8554141297250901,1.0,2.5,-0.7817817536254619,-0.2869003910952864,1.1888894870429894,0.764089351251227,90.73350571157614,196.47915427605932,0.7777777777777779,0.6456574684354723,1.5360343868816477,1.7441281032152147
2021,8742,"Crosby, Mason",PK,17,3.494117647058824,3.3,-11.7,22.0,6.812140597167012,1.9496025278087405,1.5,4.4,0.41160603583425126,0.5575789464679305,1.1846062695283233,0.44726763472817266,59.49735882751887,81.45197467638262,0.35686411255338324,1.2855063548186645,0.794542353054342,1.154282166259436
2021,11492,"Square, Damion",DT,10,2.21,2.0,0.0,6.1,1.9331063085097002,0.8747087368822173,0.375,3.625,-1.4135703089904963,0.10715948113971037,1.1788497895813925,0.7534674053880074,68.01626503057595,94.67950444727846,0.7534674053880074,0.8348486100883201,0.8542021475170438,0.8298233163795895
2021,12227,"Davis, Carl",DT,17,2.488235294117647,2.5,0.0,10.8,2.766795205529777,1.1119507918204776,0.0,3.0,-0.843590147396555,0.6423455632547096,1.1781691617790093,0.660570898695219,59.6304033802268,83.00627856429924,0.6598713499462691,0.5,,
2021,12505,"Humphries, Adam",WR,17,2.817647058823529,2.3,-3.7,12.6,3.993558827753341,1.4173382060920001,1.0,5.5,-0.4379216365040748,-0.010367590648844361,1.1655990261200107,0.5642563061765752,84.16796812319338,165.60234356640655,0.680351489969733,0.28470809480247605,,0.9007490449572363
2021,13289,"Hollins, Mack",WR,17,3.1235294117647054,1.0,-1.0,18.4,5.261461372902657,1.6844603265413405,-1.0,5.1,-0.005824046695125061,0.036363541439064125,1.1635595359269333,0.49884990511675315,74.41154392519218,146.4063626244385,0.4596590274600112,0.44266603158284906,0.5974413232412349,0.20571070006737102
2021,13193,"Smith, Jonnu",TE,16,2.76875,3.05,-4.7,10.6,3.829444925508134,1.3830952326891681,0.15,4.5,0.08454336913673763,0.1219074104269793,1.1618293562173951,0.573306051255711,126.66688672613846,343.43189300640637,0.6110183445535526,0.5333891077507915,0.9734336342942351,0.722568909078941
2021,15260,"Patterson, Jaret",RB,17,3.258823529411765,1.0,-0.6,18.6,5.885381573269126,1.805983515263089,0.0,2.6,0.3052376443169293,0.20418817353234944,1.1613837043893744,0.47329599597840455,68.91659218594253,132.98262909755175,0.6478867375495831,1.0938476171885543,,
2021,15344,"Bates, John",TE,17,2.7235294117647055,0.9,-2.0,12.0,3.6698340099927758,1.3474552520491836,0.0,5.5,0.021874761050131895,0.11911809853828313,1.1602050387913605,0.583217606008424,128.85675683197803,349.3692871851443,1.177049152284083,1.2968087174755827,,
2021,12464,"Byrd, Damiere",WR,17,3.058823529411765,1.7,-1.0,19.2,5.0217244312064535,1.641717602509802,0.0,3.6,-0.08752571618968298,0.0288860031537477,1.1578919436754653,0.5079647141539702,75.7711653385387,149.08144790253027,0.7033241467608895,1.1166316604942417,0.550702370568364,0.7245470180976766
2021,12326,"Mayo, David",LB,16,2.40625,1.0,0.0,7.5,2.6053955433868388,1.0827617842646602,0.5,3.5,-0.41781874917755296,-0.14710700932355292,1.1553169537578925,0.6674025002370795,79.25220848585148,171.61694321950318,0.9338995671486809,1.2122039489008753,0.6950568916683967,1.230071086793024
2021,13918,"Johnson, Danny",CB,13,2.6923076923076925,1.0,0.0,14.0,3.603088747270883,1.338290106129185,1.0,3.0,-0.36618281146849946,0.0023358179103464866,1.1514001984828774,0.5848915456830872,69.04310078803533,105.26086877477248,0.7655644370746374,1.2872536767062026,0.14566499896014895,
2021,12930,"Chosen, Robbie",WR,17,3.1176470588235294,1.5,-4.7,15.8,5.352540385771497,1.7168525765682159,0.0,5.6,0.025215422460739247,0.042030337255465074,1.147521615899224,0.49077170226362926,73.20654911557874,144.03550861777805,0.6459057085027353,0.9888626854785291,1.361106399308808,0.7118162076588537
2021,15396,"Deablo, Divine",LB,17,2.911764705882353,0.5,0.0,13.5,4.6312090090831735,1.590516225341696,0.0,3.0,0.6084440063459928,0.1651051864500392,1.1240094454526273,0.5170762976805974,61.401386018658755,132.9618237685347,0.7662799925662136,1.1684979304985865,,
2021,15420,"Rochell, Robert",CB,11,2.8909090909090907,2.0,-3.4,15.2,4.618826010904532,1.597707110690247,0.0,5.0,0.0719381276800932,0.07995000194207598,1.1128695298296873,0.514504112656036,60.73426700753998,92.5934906840179,0.46258773429351396,0.473038208421535,,
2021,13382,"Seals-Jones, Ricky",TE,14,2.7,0.6,-1.9,11.6,3.937729585143485,1.4584183648679572,0.0,5.975,0.12705956468995655,0.12780246716683674,1.098267096676614,0.5468100173253091,120.81282305246341,327.55977187677746,0.5797251095038034,0.23488338296108013,,0.47084364269876317
2021,11399,"Griffin, Ryan",TE,14,2.514285714285714,1.8,-1.9,7.8,3.25748745044335,1.2955915996081508,-0.42499999999999993,5.85,-0.14002635237200528,0.11505906428104562,1.0952669955382714,0.5905562244285396,130.4781594774082,353.7653957044103,1.0415501971111925,2.1839637671457974,0.1894364364798002,0.6009663885360664
2021,15222,"Ward, Tim",DE,11,2.381818181818182,1.0,-0.8,10.0,2.8161282840802357,1.1823439360642212,1.0,3.5,-0.7532435766374148,0.2939653402620169,1.0914036703644914,0.6241452080514238,63.865561321340955,84.85904678532806,0.6432169183685891,1.292591836426023,,
2021,12437,"Myers, Jason",PK,17,3.2588235294117647,1.2,-4.8,18.1,6.493984440236565,1.9927389076538196,0.0,4.5,0.17470288732438663,0.6035833751208876,1.0889100686589943,0.434858592968855,57.84665765235225,79.19216225836048,0.5586095161621593,0.9431668545492342,1.2454736716799841,0.5672721275034901
2021,15203,"Lynch, Blake",LB,16,3.1375,1.0,0.0,23.7,5.905175166749925,1.8821275431872269,0.0,2.0,1.2538262399769762,0.3444135341305884,1.088605536356787,0.45436935692925146,53.95510953607104,116.83726102480858,0.4460051503488941,0.5603448549127023,,
2021,12155,"Abdullah, Ameer",RB,17,2.6470588235294117,2.1,-3.7,11.5,3.8083681308493804,1.4387168494319882,-0.1,5.2,-0.35415073716143836,0.10033969552360789,1.0854309815204457,0.5505108493142388,80.15984081525453,154.67779298913393,0.7794014356323742,0.7903048691633219,0.4397497421247288,0.5349216425922452
2021,12781,"Burris, Juston",S,9,3.0,2.0,-4.0,17.1,5.388465046333284,1.796155015444428,1.0,2.9,0.5775054307468364,0.2903326194316948,1.0729018897127105,0.46959637068404664,54.37460028407648,100.02737103705014,0.49084196939185587,0.25162017212952525,1.0829430338653894,0.770128612523349
2021,15411,"Smith, Elerson",DE,9,2.4444444444444446,1.0,0.0,10.0,3.130889511912305,1.2808184366913973,0.0,4.0,-0.5933357436175146,0.3731868102938702,1.0717400408207882,0.591747718595563,60.55049325254902,80.45427039996557,,0.9883247405636416,,
2021,14420,"Ingold, Alec",RB,9,2.6555555555555554,0.5,-1.0,10.9,3.9322346236971244,1.4807578080867834,0.0,5.6,-0.314826905851458,0.11222721480186633,1.070461431945902,0.5384081979386847,78.39757471474908,151.27729433153337,0.4964104544160696,0.6095874752549196,0.4130725707336536,0.41520321552066103
2021,11193,"Bernard, Giovani",RB,12,2.766666666666667,0.65,-1.0,10.9,4.385645777863152,1.585173172721621,0.0,3.9000000000000004,-0.17088270164762429,0.14175174753754982,1.0702055459418114,0.5137112206745224,74.80144982714825,144.33815054993119,0.5227286702326046,-0.04113269014838993,0.9320916838494475,0.31288431250068727
2021,14256,"Bailey, Jake",PN,17,2.7941176470588234,2.7,-9.0,9.0,4.540597341920255,1.6250558907925123,1.5,6.2,1.0864575654793374,1.2103727464283356,1.064403107324039,0.504298990637432,55.03432427213446,72.09657692611428,0.5172667903593609,-0.036026407737004044,1.2030620776067613,1.02171790797673
2021,13735,"Turay, Kemoko",DE,14,2.7071428571428577,0.5,-1.0,12.8,4.202969067170473,1.5525479403795939,0.0,3.1,-0.04868823513297152,0.5917897033890606,1.060564941530647,0.5203073134192361,53.24036490620716,70.74120266025261,0.5905270374876797,0.7371068645539535,0.25504249730998746,
2021,14155,"Collier, L.J.",DT,11,2.1363636363636362,1.5,0.0,7.5,2.2165791527702927,1.0375476885307753,0.5,2.5,-1.2197643243400185,0.47450219603562194,1.0484974895994283,0.6641725680910677,59.955529720701215,83.45885855799689,0.6322183238775485,0.6686972259714733,1.0562546008048532,0.23684970662751653
2021,12637,"Barber, Peyton",RB,10,2.87,0.5,-1.1,15.4,4.98939876137396,1.7384664673776864,-0.4,4.925000000000001,0.020790445227211057,0.18509702447128312,1.048031821528298,0.47917998355842084,69.77335914768467,134.6358612073024,0.47917998355842084,0.5787379371319878,0.6193082180800531,0.70193611027539
2021,14101,"Harry, N'Keal",TE,11,2.3,1.8,-1.5,6.9,2.7502066038093145,1.1957420016562237,0.0,4.9,-0.3392018565341307,0.10724447892921238,1.0474818982672534,0.6132995439941226,135.5030941992382,367.3894997489252,0.6000940979736066,0.3670264786297559,0.21971873630885339,0.8027961226453015
2021,15440,"Taylor, Keith",CB,17,3.1999999999999997,1.0,-0.6,28.0,6.5855456694723395,2.0579830217101063,0.0,3.0,0.9202490981482467,0.21765855086203914,1.0464413887459956,0.42185495143457435,49.79756357362456,75.91974787921227,0.5165954703322703,0.9190292894252226,,
2021,11312,"Trufant, Desmond",CB,10,2.2,1.0,0.0,7.0,2.4413111231467406,1.1096868741576094,0.25,3.5,-0.867295768516291,-0.0660592872852872,1.0428087821698433,0.6392912239763769,75.46467158857376,115.05098702914441,0.6392912239763769,0.7269027194852953,,0.7989054813118238
2021,14989,"Penisini, John",DT,16,2.15625,1.5,0.0,6.5,2.302978709736588,1.0680480972691424,0.0,3.375,-1.1606942880023412,0.5433070049462545,1.0426498314267103,0.6528198300654383,58.930706572609935,82.03229172484654,0.7680101129585954,0.965042012812642,1.1402674431183066,
2021,14286,"Boyd, Kris",CB,16,2.125,1.5,0.0,6.0,2.2325713874364688,1.0506218293818677,0.0,2.75,-0.9573320922008755,-0.0837307782610752,1.0362710323046511,0.6573714066327835,77.598933713964,118.30481373952585,0.7950244998571557,1.1176470588235294,0.6625158966577537,0.5111925290484735
2021,13750,"Burks, Oren",LB,17,2.011764705882353,1.0,0.0,7.0,1.8963997943289268,0.9426548685260747,1.0,2.0,-0.7769909747568459,-0.23325709343315262,1.0355749435867179,0.694574246905187,82.47877855578776,178.60392948859695,0.5800491209323447,0.6125741132772068,0.4772194697845685,0.3547592567701978
2021,10312,"Rudolph, Kyle",TE,16,2.625,1.3,-2.4,13.2,4.077913069205866,1.553490693030806,-0.4,5.1,0.18210031045947095,0.1352431663610766,1.0280045300984895,0.5169446511242706,114.21433530000415,309.66929395963894,0.4584631955002536,0.3026375675614628,1.029080457563493,0.732153927568437
2021,15383,"Joseph, Kelvin",CB,10,2.21,1.5,0.0,8.0,2.5723335709040533,1.1639518420380333,0.0,3.5,-0.8107814710535513,-0.04982391670627126,1.0212796593100697,0.6186432358948813,73.02729472323387,111.33504143213453,0.6186432358948813,0.6842105263157895,,
2021,11886,"Williams, Damien",RB,12,2.858333333333333,1.15,-1.7,15.0,5.172919603301623,1.8097677912425507,-0.1,2.675,0.07905271183307826,0.20525821701136443,1.0172845393993593,0.46304399166393423,67.4237986562438,130.10210929843663,0.5029042476961668,0.4952587476435889,,0.8724806404866985
2021,10723,"Sanu, Mohamed",WR,8,2.6125,3.0,-4.0,10.3,4.115044805345381,1.5751367675963182,0.5499999999999999,4.15,-0.3965195600480153,0.01723815539920236,1.0145092225290067,0.5107482142228463,76.18636946209662,149.89837122208797,0.5702198997668372,0.7919524846326814,0.8435157284200397,0.7338229220299225
2021,12378,"Swaim, Geoff",TE,16,2.3375,2.1,-1.5,9.3,3.084614035823607,1.3196209778924521,-0.625,3.3249999999999997,-0.20790226320440386,0.11693968905476346,1.0077077342712224,0.5722694921721471,126.43786819103812,342.8109551190396,0.8166098563437179,0.5735109232404628,0.23665123557251266,
2021,11310,"Minter, Kevin",LB,16,2.11875,1.5,-1.0,8.4,2.3383270595663044,1.103635190355778,0.375,3.25,-0.5531137517828133,-0.13427219898657547,1.0071850907008575,0.6346741832644928,75.36581099830674,163.2011316012382,0.5343525752201072,0.7458883802503766,0.08701059871791543,0.5384969440569525
2021,12773,"Moore, Chris",WR,11,3.0727272727272723,1.0,-1.3,22.3,6.323418366256557,2.057917219787637,0.0,2.35,0.3560878834169324,0.10169719249752228,1.0048431830802351,0.4195755477913424,62.5864894112887,123.1403056675127,0.43178732371247697,0.4934637540774999,,0.1099661508037471
2021,15089,"Roach, Malcolm",DT,9,2.3666666666666667,1.5,0.0,10.8,3.2826141344293815,1.387020056801147,0.0,2.5,-0.49093275025680383,1.262864729949534,0.9914733057744994,0.5526219716224803,49.88574451238272,69.44158970347306,0.600096800105448,0.3941735213160005,0.848282762824369,
2021,14821,"Hasty, JaMycal",RB,11,2.381818181818182,2.2,-2.8,7.8,3.340064828390497,1.4023172943624225,0.55,4.4,-0.5028227439682836,0.0900473419128717,0.9914669421094596,0.5487978350547988,79.91040894570641,154.1964850088477,0.45974530584693857,0.4501060935069659,0.4194600920581181,
2021,12785,"Robinson, Demarcus",WR,17,2.623529411764706,2.5,-3.6,10.1,4.329315855715163,1.6501876580080217,0.0,3.6,-0.3234965940599539,0.03036777965961476,0.9899409967581869,0.4922825898846342,73.43192247823404,144.47893570608002,0.5726989906939897,0.6231583093518833,0.7993697872426914,0.43615610835398294
2021,14952,"Lawrence, Rashard",DT,11,2.090909090909091,1.5,0.0,8.0,2.353123473735415,1.1254068787430247,0.0,3.25,-1.126411091009671,0.6727006807002694,0.983768854717203,0.623570562577523,56.290345602537485,78.35687573286262,0.6213544340546845,0.7872582019613213,0.8009149499400661,
2021,15364,"Cisco, Andre",S,17,2.394117647058824,1.0,-0.8,9.5,3.450911318381804,1.4414125899874854,0.0,4.0,-0.3184289358993384,0.19747347964698325,0.9806280416826623,0.5378938100095064,62.28276609536307,114.57521197188699,0.7981604585708211,1.6488446482267236,,
2021,15352,"Collins, Zaven",DE,17,2.0,1.5,0.0,7.0,2.079309840251016,1.039654920125508,0.0,3.0,-1.1275687166596997,0.17917386096464627,0.980558024921653,0.6494961870537087,66.45959630413147,88.30577662552818,0.45692887936085597,0.5617029490437172,,
2021,12110,"Brate, Cameron",TE,17,2.0352941176470587,2.4,-4.0,5.0,2.2207421060830326,1.0911160636824149,1.1,3.5,-0.5470874074480161,0.09905608018667984,0.973305189986894,0.6319332782972558,139.62005250988264,378.5518076148318,0.9205846101758267,0.8713848769636274,0.8241973323181343,0.6002096369042597
2021,15302,"Eskridge, Dee",WR,10,2.55,3.0,-4.0,11.0,4.1641925988119235,1.6330167054164406,0.0,4.9,-0.3797701314877783,0.027363842537961938,0.9684708778164358,0.4937848368758853,73.65600695099707,144.91982687493993,0.4937848368758853,0.5423530959695338,,
2021,14979,"Strnad, Justin",LB,16,1.90625,1.5,0.0,5.5,1.8642923422843318,0.977989425460633,0.0,3.625,-0.7932563825873739,-0.21153029261221853,0.9637311380247009,0.6655221507451737,79.02892216327128,171.1334271525562,0.4215504369463683,0.3333333333333333,,
2021,13148,"Ogunbowale, Dare",RB,17,2.5764705882352943,1.0,-1.0,12.6,4.359105333432364,1.6918901979075385,0.0,2.6,-0.17930848279064163,0.17192709878566625,0.9571232103887588,0.4807650583320656,70.00416175892097,135.08122185371934,0.5462733048021695,1.0311124394373195,0.5930611790210096,0.7040800790743804
2021,15019,"Garvin, Jonathan",DE,16,1.9875,1.5,0.0,6.3,2.161271327251625,1.0874321143404402,0.0,3.0,-1.0859299040663375,0.21760999961574934,0.9521267716186234,0.628702757294772,64.3319118386906,85.4786931103798,0.49041523718803154,0.2222222222222222,0.2601387970624088,
2021,9925,"Graham, Jimmy",TE,15,2.3800000000000003,0.0,-1.0,10.0,3.5885373064801764,1.507788784235368,0.0,3.55,-0.010045056179873484,0.13166637211904478,0.9490432427807788,0.5186838072862211,114.59858642744707,310.71111392931164,0.7291539860231876,0.4639538821542432,0.8604775840222302,0.6368534681974312
2021,12740,"Butler, Vernon",DT,9,2.388888888888889,1.5,-1.0,12.0,3.7474271008977893,1.5686904143293072,0.0,2.5,-0.17314733811373903,1.6726885569570584,0.9300026486502987,0.5031965395397275,45.42406075041551,63.230869261919466,0.46470032968435243,0.7681764775071918,0.695945927988361,1.1549957164669775
2021,13779,"Kiser, Micah",LB,11,2.409090909090909,1.0,0.0,10.5,3.8719162616448823,1.6072105237016492,0.0,1.75,0.223791677575329,0.1753703129092082,0.9240108871877921,0.4944852866328903,58.71876568561676,127.15273516178196,0.531966167134003,0.7340678421455071,1.3037991809573501,
2021,14889,"Murray, Kenneth",LB,10,2.25,0.5,-1.0,8.5,3.242298567374695,1.4410215854998645,0.0,4.5,-0.09516818757987713,0.07318270190732057,0.921745228868696,0.5303728543067611,62.980315491512584,136.38092154344065,0.5303728543067611,0.0,1.5602930458671602,
2021,12257,"Conley, Chris",WR,17,2.670588235294118,1.0,-4.0,15.5,5.206982269977649,1.9497510702559477,-0.8,4.9,-0.024390370391618094,0.08277428707620031,0.9053605445636445,0.43025549600993696,64.17957668630929,126.27474020516351,0.47544518632352856,0.49227533690729935,0.7485056238996577,0.9332763528520063
2021,11789,"Ellis, Justin",DT,17,1.911764705882353,1.5,0.0,7.5,2.13676015140602,1.1176899253508412,0.0,3.0,-1.2743353369305574,0.6552922745350914,0.9027595036443439,0.6094711146548532,55.01757417296347,76.58516174397262,0.5666007881980383,0.3941735213160005,0.7489311878171777,
2021,15000,"Bailey, Markus",LB,16,1.94375,1.0,0.0,7.6,2.2577557302551576,1.1615463564013673,0.0,3.0,-0.5939306166300564,-0.09866330845171283,0.8992404878311452,0.5966530829638843,70.85091006998402,153.42432523759007,0.9275251938515772,1.0760277964125267,0.22654091966098638,
2021,11239,"Goodwin, Marquise",WR,14,2.771428571428572,0.6499999999999999,-2.3,20.3,5.773638190879618,2.0832715121730576,-1.0,4.7,0.16872435960829407,0.10613274723355634,0.8988597210744175,0.40914918885986096,61.03122908618517,120.0802964925731,0.48043519273047625,0.4077259299620591,,0.46173836121964873
2021,12657,"Sharpe, Tajae",WR,14,2.25,1.45,-1.0,10.6,3.3940599371759563,1.508471083189314,-0.07500000000000001,2.775,-0.6422291573799169,0.005575463823850927,0.8969607084883396,0.5120549178139033,76.38128546922783,150.28187278805535,0.5830840573181436,0.24321336753717698,,0.6592987271929789
2021,15386,"Odeyingbo, Dayo",DE,10,1.8800000000000001,2.0,0.0,6.8,2.071134954559939,1.101667529021244,0.0,2.0,-1.1317217956937635,0.22906220775434116,0.894527785218019,0.61215154261086,62.63831137087933,83.22838295322742,0.61215154261086,0.6061230866018628,,
2021,14401,"Eguavoen, Sam",LB,17,2.0411764705882356,2.0,0.0,11.0,2.6486531146602244,1.297611036000686,0.0,2.0,-0.3959047699074915,-0.014998747498146631,0.8883907844302443,0.5594328664423659,66.43111188432533,143.85345940606862,0.47826086956521746,0.4040820577345752,0.2774642849044012,0.9216984142386329
2021,12309,"Pruitt, MyCole",TE,17,2.176470588235294,0.0,-1.5,8.4,3.172404805370044,1.4575913970619123,0.0,4.4,-0.17343265745994085,0.12773774571941873,0.8856112496313657,0.5216345704122699,115.25053136649706,312.4787320522546,0.28470030772576543,-0.22760010604536665,0.3308761449643063,0.4079041363515827
2021,15521,"Ogbongbemiga, Amen",LB,15,1.9866666666666668,1.0,0.0,7.3,2.474366361089014,1.2454864233669534,0.0,3.25,-0.48419720502059427,-0.047049554832703344,0.8847377770771803,0.5718069023797366,67.90049456654718,147.03533873991213,0.6546200994301902,0.7609884103861937,,
2021,14341,"Parham, Donald",TE,14,2.392857142857143,1.55,-2.4,10.8,4.12924487834109,1.7256545760231423,-1.0,4.0249999999999995,0.20225490338743587,0.14871732535362844,0.8779018309607056,0.4665125568407342,103.07181140725466,279.45857218173944,0.4409985880238737,0.10649563842677492,0.5530226035605313,
2021,14478,"Vaughters, James",DE,11,2.227272727272727,1.0,0.0,12.5,3.4860999070570933,1.5651877133725727,0.0,3.0,-0.4128785604219721,0.6019582382990651,0.8682689051026318,0.4964830862926168,50.80255457159141,67.50205065158174,0.5348350215435822,0.5539679298968669,0.7375820406069875,
2021,15459,"Jackson, Tarron",DE,17,2.0411764705882356,1.0,0.0,9.7,2.789277541614002,1.3665048474766002,0.0,2.0,-0.7668845325846372,0.4421204264170646,0.8625279059811514,0.5386716724156391,55.11949508373992,73.23802868591991,0.6024075959750876,0.6686606301621362,,
2021,15093,"Copeland, Marquise",DT,9,2.5,0.0,0.0,15.5,4.766783215358364,1.9067132861433458,0.0,1.5,0.5237706188349172,2.4352225709137936,0.8600779484917906,0.433517249849428,39.13404076968772,54.47508159155752,0.45272077401516775,0.3458518397804955,,
2021,11803,"Johnson, Dontae",CB,16,2.225,1.0,0.0,14.0,3.536859482648413,1.5895997674824327,0.0,2.25,-0.3947496748242016,0.07752439060328044,0.8592061321364379,0.49042735586360847,57.89214361195016,88.26048167413384,0.460476194738611,0.5449571312217962,0.42820060433833734,0.2
2021,13832,"Sanders, Jason",PK,17,2.329411764705882,2.6,-4.8,7.4,3.992900273630148,1.7141238548412254,-1.4,5.6,-1.6876364100627186,0.3064437828604802,0.8582555142245532,0.46654482105492867,62.061688510718504,84.96254591070212,0.5202088687704336,0.4011137341885269,1.2551839707192438,0.5275293279957263
2021,15408,"Sample, Cameron",DE,14,2.0357142857142856,1.5,-3.0,7.5,2.7932590138344398,1.3721272348660407,0.0,4.0,-0.7648618292187105,0.44664356480561423,0.8581809001612204,0.5366663015338019,54.91429582021301,72.965377611637,0.42857142857142855,0.7202058151016866,,
2021,14217,"Barton, Cody",LB,16,2.3125,1.0,-2.0,12.0,3.9285612824544307,1.6988373113316457,0.0,2.0,0.2524876439745422,0.2317105400807547,0.8568504630829261,0.46920386446901835,55.71666644349784,120.65182995021281,0.4390052878500456,0.6654393740352724,0.6996784043503899,0.47128009290372525
2021,15212,"Gaziano, Joe",DE,15,2.0,1.0,0.0,9.0,2.6832815729997477,1.3416407864998738,0.0,2.0,-0.8207335589297551,0.422117608946627,0.8541019662496845,0.5429940558063702,55.561782291803105,73.82570176206721,0.5482313617794148,0.6686606301621362,,
2021,14702,"Teamer, Roderic",S,10,2.07,1.25,-1.8,7.5,2.9604222671774374,1.4301556846267816,0.125,2.375,-0.5452334838703932,0.19452681617112066,0.851797279118727,0.5226715386274385,60.52017810813057,111.33275976693749,0.5226715386274385,0.5256620462540842,,
2021,13926,"Board, Chris",LB,16,1.76875,1.0,0.0,7.5,1.9110595065303435,1.08045767153659,0.5,2.125,-0.7695644683712559,-0.14852378096737112,0.8501735095113144,0.6075966485852264,72.15042834253036,156.23837115319515,0.49454607578050425,0.3230553160677385,0.7782824224372671,0.4414833808957804
2021,12323,"Pinion, Bradley",PN,14,2.185714285714286,3.25,-4.3,9.6,3.470046756139738,1.5876030910443244,-0.325,4.275,-0.094664020857087,1.1379807893028804,0.8446868429238731,0.48896899852605447,53.36135690037666,69.90494066259998,0.48815150695300275,0.7486004584248174,0.7098457237012811,0.4558071472387286
2021,14861,"Johnson, Juwan",TE,14,2.2928571428571423,1.05,-2.0,12.2,3.9640283056712984,1.7288596971775139,-0.925,4.800000000000001,0.1373853259614539,0.14896816955668535,0.8402253678445494,0.46189445379221566,102.0514825018557,276.69215471836617,0.301925533372691,0.26582429320347717,0.2738393341354816,
2021,12859,"Anderson, Stephen",TE,17,2.0352941176470587,1.0,-1.0,8.8,2.9164727238204935,1.4329490261545779,0.0,2.4,-0.27392019155891467,0.12580914595861037,0.8365543608876851,0.5196752948815746,114.81764681701725,311.3050522996093,0.6875429732264523,0.9281034249448304,0.4133088463779525,
2021,14975,"Murchison, Larrell",DT,10,1.65,1.5,0.0,4.5,1.613226580490168,0.9777130790849503,0.0,2.5,-1.6322671150999437,0.33952338626040846,0.834296955129317,0.631403343406413,56.99741865304303,79.34113039606409,0.631403343406413,0.4293437004857389,0.3052983888521136,
2021,14216,"Ferguson, Jaylon",DE,10,1.5,1.5,0.0,3.0,1.2041594578792296,0.8027729719194864,0.25,2.75,-1.5721704936176668,-0.011394621651364746,0.8320515247146669,0.6805315262640985,69.63528256095275,92.52535448670439,0.6805315262640985,1.2583426132260587,0.9988905118673566,0.7835515121456041
2021,10273,"Newton, Cam",QB,8,4.2124999999999995,0.5,-18.4,42.4,17.18934535548111,4.080556760945071,-6.45,8.975,-0.475853272011008,1.7807900205565512,0.8291414107174352,0.23159162233019126,21.395419159286398,39.754192913998054,0.2185699982661336,0.06220045634681423,0.6444010395048488,
2021,15040,"Williams, Ty'Son",RB,13,2.4615384615384612,0.0,-1.3,17.3,4.861234167691996,1.9748763806248735,0.0,1.9,-0.019897901927792137,0.25194439168698757,0.8274422687175372,0.4199693087006882,61.15169750909563,117.99935618692005,0.20992502824278875,-0.17105263157894737,,
2021,14891,"Harrison, Malik",LB,14,1.6785714285714286,1.25,0.0,5.5,1.727995771914706,1.0294442896513143,0.0,2.875,-0.8623032599255405,-0.17989130566780454,0.8271088973128845,0.6153130609118521,73.06673105079906,158.22258172424694,0.4011039391602936,0.08333333333333334,0.7542372881355931,
2021,12964,"Scarlett, Brennan",DE,13,2.076923076923077,1.0,0.0,11.0,3.1734848222671186,1.527974173684168,0.0,2.0,-0.5716960905301199,0.5720204239366886,0.8215760661416303,0.49764720979501537,50.921673327882374,67.6603253759241,0.39478777421662553,0.2684747639175602,0.7115807916607295,1.0267219312334466
2021,14848,"Proche, James",WR,14,2.385714285714286,0.0,-1.0,12.8,4.550487751385581,1.9073900754310815,0.0,2.275,-0.24812183957406445,0.07536352962486652,0.8205690408984952,0.4298206558727627,64.11471323612942,126.147119928696,0.30355780810743616,0.4799567027328927,0.031116509040169046,
2021,15275,"Evans, Chris",RB,14,2.3785714285714286,0.95,-1.3,17.9,4.595677871874922,1.9321168230104777,0.0,2.275,-0.10420392157791629,0.23985368106250576,0.8112130491885687,0.4250729729326699,61.89484165043231,119.43333976879474,0.4190698612687576,0.1736663579581693,,
2021,11613,"Thomas, Michael",S,8,1.75,1.0,0.0,6.5,2.03100960115899,1.1605769149479943,0.375,2.5,-0.9749984685877732,0.12396053804876661,0.809968850399442,0.5773653766490344,66.85318186643099,122.98293675032693,0.555771711266235,0.5098295861968378,0.5406470335004073,0.7886343872749723
2021,14958,"Quarterman, Shaquille",LB,17,1.7647058823529411,1.0,0.0,6.0,2.087199411671785,1.1827463332806782,0.0,3.0,-0.6803332397961328,-0.08562769360253644,0.8084795999636749,0.5716203092294951,67.8783371439428,146.98735787969844,0.6597376012609146,0.9972906697796533,-0.13386670537655218,
2021,14178,"Baker, Deandre",CB,10,1.9,1.0,-1.0,8.0,2.5865034312755126,1.3613175954081647,0.0,3.0,-0.8046695435346773,0.009225342341142693,0.8046355152287662,0.5297638874206456,62.535596116931,95.33973853267543,0.5297638874206456,0.3239267901171772,,1.1525148898485202
2021,14467,"Phillips, Del'Shawn",LB,17,2.158823529411765,0.5,0.0,12.1,3.653694153710479,1.6924468831901398,0.0,1.5,0.11324190307872303,0.22778114145696166,0.8018072864835453,0.46389458741943623,55.086204418717955,119.28659398296506,0.43749999999999994,0.46360626222770945,,
2021,13833,"Howard, Travin",LB,12,2.4916666666666667,0.25,0.0,19.4,5.2923621590195635,2.1240249467637042,0.0,1.75,0.9433795100171387,0.49315338436674705,0.7975821925647163,0.3959827174116282,47.02185692434844,101.82362742991775,0.4306734706468399,0.6694185294190762,,0.5838204008997152
2021,14839,"Reagor, Jalen",WR,17,2.4000000000000004,1.8,-3.0,11.9,4.881537848332827,2.0339741034720107,-2.1,6.4,-0.1353009058641489,0.09750851306783088,0.791041689266067,0.4080565426745152,60.868243208506144,119.75961816430018,0.2666083258771297,0.452076474329462,0.9584728443440166,
2021,13246,"Alie-Cox, Mo",TE,17,2.405882352941177,0.6,-3.0,14.4,4.945047503279274,2.055398717744441,-1.5,5.9,0.5225664235187502,0.1745242769348326,0.7874200964243545,0.40468681732384776,89.41196266330302,242.4226282695849,-0.012168116010504262,-0.11220069938110294,0.6700142778183649,0.38590064308163957
2021,13669,"Turner, Malik",WR,14,2.557142857142857,0.0,-1.0,20.4,5.775034234371538,2.258393276011216,0.0,1.125,0.16920012726917222,0.1367690654224894,0.7847864393684242,0.3774361528934859,56.30071607093098,110.77290724384045,0.49090034906064384,0.4640146026112105,,0.7208034604723302
2021,11805,"Pierre-Louis, Kevin",LB,8,1.75,1.0,0.0,7.0,2.165063509461097,1.237179148263484,0.75,1.5,-0.6408878392660565,-0.05215759996461382,0.7822350755228359,0.5529114960154357,65.65671710980028,142.17654381484104,0.7216468434593423,0.47722557505166113,0.8806530451429103,0.670023223723844
2021,15191,"Price, Bobby",CB,15,2.06,1.0,0.0,14.0,3.402508878264194,1.651703338963201,0.0,1.75,-0.45269951586619084,0.09610496913587023,0.7768591492611866,0.4679150132258699,55.23469035726703,84.20901476254392,0.46739707206666314,0.3458518397804955,,
2021,15332,"Tremble, Tommy",TE,15,2.066666666666667,1.1,-1.7,11.4,3.457295024855254,1.6728846894460905,-0.15,4.0,-0.061575185463248056,0.14458736598352193,0.7731970910780098,0.46365938425486647,102.44142823241695,277.7494144638114,0.4597374204475714,0.5581932500535814,,
2021,11460,"McCray, Lerentee",DE,12,1.5833333333333333,1.0,0.0,6.0,1.7057907908715602,1.0773415521294065,0.75,2.0,-1.3173272272275522,0.20949227201403814,0.7621921064017211,0.5851647284316933,59.8768898080862,79.5592442696726,0.6480324028859314,0.9526816812703943,,0.4232917348760778
2021,13488,"Pascal, Zach",WR,16,2.2937499999999997,0.75,-8.6,13.1,4.666833609365134,2.0345868596687233,0.1,4.225,-0.20847150129723827,0.09761571044526295,0.7558689555026945,0.4047674871217849,60.37762729533461,118.79432047654728,0.1681750158508284,-0.16492533341818189,1.1767732207256838,0.6575620899219476
2021,14810,"Vaughn, Ke'Shawn",RB,12,2.1666666666666665,0.0,-0.7,14.5,4.06823740157277,1.8776480314951245,0.0,3.55,-0.2716501744213971,0.2244520625000245,0.7529296991685751,0.42749904848464854,62.248102317855384,120.1149975644084,0.4879624263991397,0.7536922497060171,0.48728267189844776,
2021,14555,"Olszewski, Gunner",WR,16,2.01875,0.0,-0.5,9.8,3.4134327937576274,1.6908645417994441,0.0,2.225,-0.6356269428259043,0.03748391375657348,0.7502235689092007,0.45741038650352306,68.23016846957192,134.24436935383582,0.6844677954204016,0.7446734749032913,0.3741382375307417,0.20628283320180554
2021,14303,"Elliss, Kaden",LB,13,1.5999999999999999,1.0,0.0,5.0,1.8127751780499,1.1329844862811875,0.0,3.0,-0.8193546131595623,-0.11622566431551618,0.7501226615996469,0.5688332336284628,67.54737959355846,146.27068481509212,0.455226939016893,0.5031692365635988,0.2220579317778708,
2021,15183,"Hinton, Kendall",WR,16,1.875,0.7,-1.0,8.0,2.828537608022916,1.508553390945555,0.0,3.0,-0.8349575625282755,0.005589862985636146,0.7474427320413746,0.4897431322264752,73.05312123333447,143.73363585745557,0.2786194997569502,0.07209242642547722,,
2021,14379,"Woods, Josh",LB,13,2.269230769230769,0.0,-1.0,16.5,4.6559118111170665,2.0517577472719277,0.0,2.0,0.6209582709185908,0.4487171387912749,0.743581554354802,0.4012139589536115,47.64305244755644,103.16879722229812,0.5043799337305642,0.646803815261275,0.25198026776909344,0.2785728916770038
2021,14176,"Winovich, Chase",DE,13,1.5384615384615385,1.0,0.0,4.0,1.6462257353102074,1.0700467279516348,0.0,3.0,-1.3475880030674772,0.20362367972561485,0.7432013575770275,0.5813795542583181,59.48957244962026,79.04461038620201,0.533372410547603,0.7171403472725744,1.0986362790857036,1.1824608106268581
2021,14801,"Benjamin, Eno",RB,9,1.877777777777778,0.5,-0.4,7.8,2.874322249689782,1.5307041566395287,0.0,1.6,-0.6506817991303169,0.12635006547648228,0.7419981402611838,0.48467258445735434,70.57313632604307,136.17912486118948,,0.1995576417186605,,
2021,13162,"Ford, Isaiah",WR,13,2.3230769230769233,0.0,-1.5,15.8,4.971326064566343,2.139974796005379,-1.0,4.0,-0.1047013365390648,0.11605258705112365,0.739839353498092,0.389038698935231,58.031423755895496,114.17811298955851,0.41780712852712915,0.41730049611821757,0.7708761933125333,0.6990539927284357
2021,13305,"Hairston, Nate",CB,17,1.7058823529411764,0.0,-1.0,5.0,2.243020701757367,1.3148742044784565,0.0,4.0,-0.9528249587445785,-0.004669914435779403,0.7369222697461928,0.5260164858080532,62.09323679554725,94.66533188019288,0.8012340404374625,0.6636165681714906,,0.7176021543029194
2021,14097,"Ollison, Qadree",RB,8,1.8625,1.9,-2.9,7.4,2.8534792359503864,1.5320693884297376,0.0,3.3,-0.6572988199035382,0.12673609899580948,0.7355643603254605,0.4833294500782876,70.37756263634449,135.80174254129395,0.42687207365911173,0.4963132612284992,,0.6331839776994069
2021,11695,"Ebron, Eric",TE,8,2.0,1.55,-3.0,8.3,3.468429039204925,1.7342145196024625,0.32500000000000007,3.525,-0.057203597345623136,0.1493872570416827,0.7314715014719427,0.44758459459744787,98.88984604307328,268.12001071055374,0.6595099640803199,0.9408438309455552,0.9703485836895279,0.9031548592434263
2021,15612,"Kamara, Sam",DT,8,1.25,1.0,0.0,2.5,0.9013878188659973,0.7211102550927978,0.5,2.125,-2.1189402300108227,-0.2393379798989074,0.7262753773625055,0.6574145408933512,59.34547576790013,82.60965571054054,,0.7321327225522731,,
2021,13392,"Adams, Tyrell",LB,8,1.875,0.0,0.0,7.0,2.9764702249476644,1.5874507866387544,0.0,2.5,-0.22983494333749477,0.16322028447572134,0.7246514637813581,0.47152371171713664,55.99214191399412,121.24835917106054,0.6727879162040798,0.6998985750094887,1.0930844195894411,
2021,13313,"McKenzie, Isaiah",WR,15,2.566666666666666,0.6,-1.3,25.8,6.5412197299552295,2.548527167515025,-0.1,1.55,0.4303139701704816,0.18752594465149633,0.7233047812521216,0.3403516617439688,50.76896350605911,99.8890614150871,0.45588975285816274,0.5120050046508673,0.8446475769957247,0.6018131742921476
2021,11213,"Austin, Tavon",WR,14,2.228571428571428,0.1,-1.5,14.3,4.66421461332813,2.092916813672879,-0.975,2.3,-0.2093640477154453,0.10782012474335467,0.7205403710567212,0.39344756170211276,58.68907705415799,115.47206043625273,0.44499006060613616,0.39974123513282805,,0.38943453547508017
2021,15597,"Dunn, Isaiah",CB,9,1.7777777777777777,0.0,0.0,7.0,2.615244954653293,1.4710752869924775,0.0,4.0,-0.7922723777855472,0.042063412027193305,0.719434890201785,0.49174476420734514,58.04765613000063,88.4975710077314,,0.5704548906588979,,
2021,14717,"McLaughlin, Chase",PK,16,2.69375,0.6,-7.7,25.2,7.484857108689517,2.7786012468452963,0.024999999999999994,2.75,0.9125193645965604,1.4416960782318446,0.712896075564728,0.3174773558933921,42.23212836466674,57.81584792798481,-0.19725941613894704,-0.2613582871103825,,0.9197478533128496
2021,15117,"Flannigan-Fowles, Demetrius",LB,17,1.3235294117647058,1.0,0.0,3.5,1.162416049727618,0.8782699042386447,0.0,2.0,-1.1488219419209973,-0.2728466458796925,0.7046534732723608,0.6120604829636832,72.68049637895831,157.38620864376009,0.7771662312108437,0.9613662422417085,0.32033019477375085,
2021,14811,"Ahmed, Salvon",RB,12,1.6833333333333333,1.4,-1.6,7.9,2.351181735969288,1.39674162532829,0.07500000000000001,2.675,-0.816762946985597,0.08847076337486355,0.702342428380348,0.5023103686874355,73.1413726795651,141.13483743493066,0.5770714764391512,0.5712870124343096,,
2021,14961,"Robinson, Kenny",S,11,1.5454545454545454,1.0,0.0,7.0,1.90041317821517,1.2296791153156983,0.25,1.75,-1.0353868964225639,0.1420490733433831,0.693128681539328,0.5328394440703698,61.69752067017021,113.49859603378978,0.5809709403409217,0.6340617062642419,0.04347826086956522,
2021,14215,"Saunders, Khalen",DT,8,1.75,0.0,0.0,7.0,2.669269563007828,1.52529689314733,0.0,2.5,-0.9102669157725105,1.5747986251041233,0.6929878244212856,0.4769341608593794,43.053329255088194,59.93078092195779,0.47685340287917655,0.3684210526315789,,1.0253986593882773
2021,15148,"Franklin, Sam",S,16,1.5625,1.25,0.0,8.0,2.0453835214941964,1.3090454537562857,0.0,2.125,-0.9683518971787,0.16282440041615176,0.676686549179087,0.5130716669910167,59.40860822472514,109.28791874594394,0.48706817913649614,0.6124860801609121,0.4977460200723383,
2021,14957,"Robertson, Amik",CB,10,1.6199999999999999,0.5,0.0,7.0,2.267068591816313,1.3994250566767366,0.0,2.5,-0.9424523116493277,0.0206265976940267,0.6751617415564295,0.4958573578950688,58.5331242865802,89.23769999007439,0.4958573578950688,0.2727272727272727,0.2928932188134525,
2021,15481,"Johnson, Patrick",DE,17,1.4705882352941178,1.0,0.0,6.0,1.7529016971472162,1.1919731540601068,0.0,2.0,-1.2933935204427922,0.3017119223724391,0.6708970101071741,0.5341956949708966,54.66149138799323,72.62947289714874,0.5093210712863853,0.4040820577345752,,
2021,13963,"Hodge, KhaDarel",WR,16,1.975,0.55,-2.0,11.2,3.853650866386315,1.9512156285500328,0.0,2.45,-0.4856018727596587,0.08303050122640325,0.6692157566847601,0.40691019077572116,60.69724625371896,119.42317786418471,0.4588404520482302,0.880794701986755,0.5635873384589646,0.4753113408323261
2021,13811,"Smith, Tremon",CB,17,1.464705882352941,0.0,0.0,5.0,1.7411764705882353,1.1887550200803214,0.0,3.0,-1.1692869058819482,-0.042403129358876,0.6691958985429033,0.5343347639484978,63.07516194093961,96.16234306155782,0.47256962813995135,0.4721315048384485,0.13121086044428576,0.22111233065181618
2021,15413,"Rumph, Chris",DE,16,1.78125,0.0,-3.0,9.5,2.984170477285103,1.6753237767214615,0.0,3.25,-0.6678732686221022,0.6905612856509235,0.665807262470068,0.4470817727693673,45.74757285023221,60.78542714562879,0.41305109670034806,0.8407562263852121,,
2021,13914,"Herndon, Tre",CB,10,1.6,0.5,0.0,7.0,2.244994432064365,1.403121520040228,0.0,2.5,-0.9519736238505189,0.02173253131717531,0.6658007040664411,0.4930671018076693,58.203750518590844,88.7355474422533,0.4930671018076693,0.2684747639175602,1.0636402530157987,1.0187296965763173
2021,11761,"McKinnon, Jerick",RB,13,1.5615384615384618,1.0,-1.5,6.0,2.116796731471131,1.3555841137499853,0.0,2.8,-0.89117303293034,0.07683304796619178,0.6629092344541931,0.5010074753259299,72.9516584812207,140.7687616892684,0.5353268898510234,0.6446669410349379,0.8049447045365966,
2021,14671,"Moore, C.J.",S,17,1.447058823529412,1.0,0.0,6.6,1.7314114089747785,1.1965038192102126,0.0,2.0,-1.1135341451425047,0.133364943007153,0.6588009594491507,0.5297842788437931,61.343762850971295,112.84782408414051,0.8328828716950989,0.8408997226867159,0.3179784639306807,0.22284216689879416
2021,12998,"Adams, Andrew",S,14,1.9142857142857144,0.25,-3.0,12.0,3.6775102491567666,1.9210874435893557,0.0,2.375,-0.2136484766027535,0.3230355525353683,0.6553332453250665,0.409253130900314,47.38745185635948,87.17383124790594,0.49227685550758543,0.5027291262043222,0.053571428571428575,1.0377418784540953
2021,14024,"Delaney, Dee",S,14,2.164285714285714,0.0,-1.6,18.9,4.994226258227328,2.3075632876297885,0.0,2.75,0.3952074774908478,0.4242013896323491,0.6543444602798966,0.36106173191496416,41.80736601978923,76.90872008429047,0.3430470027920747,0.2551495843609578,,
2021,13631,"Washington, James",WR,16,2.13125,0.45,-2.0,14.0,4.846096205968264,2.2738281318326163,-1.0,2.1500000000000004,-0.14737931701900223,0.139469284651561,0.6509962997987233,0.364559515429153,54.37995701202782,106.99377120582652,0.36582832275248706,0.4191308558671142,0.7076834579468467,0.7345886890450197
2021,14200,"Tavai, Jahlani",LB,13,1.3076923076923077,1.0,0.0,5.0,1.3234346564680965,1.0120382667108974,0.5,2.0,-1.0672510560313406,-0.1905940631471598,0.6499341137432777,0.5628272368460575,66.83418401967995,144.7262932246854,0.7492757079941287,0.9583333333333331,1.1013472118189231,0.9896428981288485
2021,15003,"Stone, Geno",S,15,1.4666666666666666,1.0,0.0,7.0,1.8660713336371204,1.2723213638434914,0.0,2.5,-1.0512667341414519,0.15321132018114503,0.6454486103963264,0.5117341810210382,59.253740620239185,109.00302470985714,0.7288135593220338,1.1488070775951564,,
2021,13942,"Gray, J.T.",S,16,1.2125,1.0,0.0,3.5,1.0711413305442004,0.8834155303457323,0.375,1.625,-1.4188462745561021,0.051409396970690184,0.6437772124441521,0.5854260074475028,67.78652293349629,124.6999085116218,0.6811657960753965,0.9241630972097745,0.24320089708204695,0.584293665077979
2021,13965,"Tupou, Josh",DT,17,1.2941176470588236,1.5,0.0,4.5,1.3179621472004752,1.0184252955640036,0.0,2.5,-1.8341348261861208,0.43136465629709103,0.6411521149199686,0.558299732643088,50.39828174438025,70.15504803751259,0.47722557505166113,0.4668007098661417,,0.6244897843915638
2021,15141,"Gill, Cam",DE,13,1.6923076923076923,0.0,-2.0,8.1,2.7899439030648123,1.648603215447389,0.0,2.0,-0.7665460016405911,0.669064937553434,0.6389434560970416,0.44652578919154307,45.69068191712059,60.70983538295267,0.49106461838136073,0.3333333333333333,0.10846045510584962,
2021,13430,"Haack, Matt",PN,17,1.811764705882353,0.7,-2.9,11.9,3.437831456180955,1.8975043751648129,0.0,2.7,-0.1302066534958613,1.736984351760434,0.6252845453526875,0.40825450983699485,44.5529566726497,58.36567833834414,0.5094596477255702,0.3163678086560195,0.8102460807864083,0.8645890327893611
2021,13678,"Thomas, Ian",TE,17,1.6941176470588233,0.5,-2.2,7.2,2.9881079176187133,1.7638137013721573,-0.1,5.1,-0.24579380765306766,0.15170379448427782,0.6129637631573143,0.4247923281048963,93.85409693189514,254.46658561535594,0.35278002772717154,0.4916543755109964,0.19136434368495506,0.1674454132955595
2021,13641,"McCloud, Ray-Ray",WR,16,1.7125,1.7,-2.1,7.1,3.117064925534917,1.8201838981225795,-1.375,3.475,-0.7366282713947088,0.060107423601786183,0.6072299048086991,0.41595166240364795,62.04592820452016,122.07673950715427,0.51552848464439,0.4537986413604649,0.2691901150323517,
2021,14963,"Thomas, Daniel",S,16,1.53125,0.0,0.0,6.5,2.3483288605942736,1.5336025212044235,0.0,2.625,-0.8282684834392513,0.2216055740774411,0.604376569404452,0.4573176840605281,52.952850204971924,97.41192334747524,0.6461796775328935,1.1654562201969325,0.6589466552830474,
2021,15460,"Bohanna, Quinton",DT,14,1.2857142857142858,0.75,0.0,4.0,1.4846149779161806,1.1547005383792515,0.0,2.25,-1.7201968719672847,0.7387832263754129,0.5967020766056845,0.5174702306562606,46.712561289396014,65.02447837079782,0.5941099943750894,0.5684416117244658,,
2021,12912,"Richard, Jalen",RB,10,1.3599999999999999,0.4,0.0,4.6,1.7402298698735175,1.2795807866717042,0.1,1.9000000000000001,-1.010721519384988,0.05534231500566266,0.5966009223940093,0.496308727582323,72.26747419742729,139.44854805188206,0.496308727582323,0.6783581360661531,0.6724105691863722,0.8500236960477191
2021,15398,"Jones, Patrick",DE,8,1.25,1.0,0.0,4.0,1.3919410907075054,1.1135528725660042,0.0,2.0,-1.4767719777543074,0.2386238138701649,0.5914212112812729,0.5225881209433406,53.47374818130694,71.05130221705377,,0.6408554254317116,,
2021,13172,"Brown, Noah",WR,13,1.676923076923077,0.0,-2.0,9.4,3.0822453968479757,1.8380362458267745,0.0,2.1,-0.7484946679734293,0.06323056599538747,0.59087443981342,0.4107844859639942,61.2751601384853,120.56023624673699,0.45270437904330035,0.24894786126877838,0.3010187177665578,
2021,13785,"Neal, Siran",CB,17,1.411764705882353,1.0,-2.2,7.0,2.020449091878331,1.4311514400804843,0.0,2.0,-1.0488274253658956,0.03011871778201454,0.5806979699444869,0.4674022514328877,55.17416176112913,84.11673483098706,0.6265345258795161,0.5278640450004206,0.3723246643223841,0.7350846054471448
2021,15580,"Patrick, Aaron",DE,12,1.2166666666666666,0.3,0.0,3.0,1.372244714165646,1.1278723678073803,0.0,3.0,-1.486778308307933,0.250143663739024,0.5717761483600421,0.512875699290824,52.47992614658516,69.73079725638469,0.4090333900651696,0.4858901851757657,,
2021,13239,"Penny, Elijhaa",RB,17,1.5470588235294116,0.3,-1.0,9.2,2.6408816814396134,1.7070337864818796,0.0,2.3,-0.7247920553887169,0.17620910630594344,0.5714959418884842,0.4249132377511649,61.87158262340681,119.38845875442657,0.4491102208485821,0.5630808726377864,0.35187087481398666,0.23022005409825277
2021,13864,"Ward, Greg",WR,17,1.6529411764705884,0.0,-2.0,8.1,3.1684320945408095,1.9168450394019132,0.0,5.0,-0.7191224859479722,0.07701760892561521,0.5666880324946973,0.3965378681915831,59.150046325124784,116.37902769810309,0.4644932787769196,0.9388634938359469,0.7527564057709915,0.8378287126791526
2021,14959,"Reid, John",CB,12,1.4833333333333334,0.5,0.0,8.8,2.4501133760615152,1.651761826558325,0.0,1.5,-0.863499066896968,0.09612246786144223,0.5593765316617917,0.42993756194372834,50.751669503403754,77.37434678808867,0.496690832086541,0.7802500718565827,0.5117159578250213,
2021,13617,"Freeman, Royce",RB,15,1.2133333333333336,1.3,-1.4,4.7,1.4541282229875356,1.1984573266380785,0.05,2.0,-1.1015500609945508,0.03240381108173372,0.5519021536746338,0.4944050282166108,71.99027668477939,138.91366301415758,0.6402966771793874,0.8050464589496075,0.7239640000021006,0.976418688559884
2021,13614,"Lindsay, Phillip",RB,14,1.4999999999999998,0.8999999999999999,-2.2,6.8,2.5881598537515855,1.7254399025010572,0.15,3.05,-0.7415296267100125,0.1814136274685663,0.5503698682269579,0.4180415759436361,60.87100049625358,117.45771845406681,0.49611675355685136,0.31099596495581017,0.6373118303895654,1.016803056324153
2021,13790,"Phillips, Darius",CB,12,1.3333333333333333,0.0,0.0,5.0,1.972026594366539,1.4790199457749043,0.0,1.75,-1.0697136435301222,0.0444403503079043,0.5378469566595412,0.44862765893840245,52.95792852709057,80.73793763097996,0.4823923091186516,0.3333333333333333,1.0602690482076653,0.7878379347387408
2021,13220,"Riley, Duke",LB,16,1.4375,0.5,-0.5,9.5,2.4165768661476505,1.681096950363583,0.0,1.75,-0.5134729539101655,0.22080220210559826,0.5361611409856182,0.4207427657323127,49.9620444587577,108.19046574001341,0.5811376985149427,0.8187293382433359,0.7211209963449394,0.40179769533621534
2021,14988,"Bradley, Shaun",LB,14,1.25,0.75,0.0,6.0,1.6663690210411721,1.3330952168329377,0.0,1.5,-0.8935229354960633,0.0068200552864530984,0.5357689608985671,0.46880232636062363,55.66898489919705,120.54857780068633,0.5025022620679658,0.2684747639175602,0.3893166310840389,
2021,15456,"Niemann, Nick",LB,17,1.4411764705882353,1.0,-1.0,10.0,2.4607647839237514,1.7074694419062766,0.0,1.5,-0.4910876676902609,0.23701833499672467,0.532296486261921,0.4164329449036568,49.45026510712512,107.08223153925009,0.4754762987849531,0.5749643010103649,,
2021,12656,"Higgins, Rashard",WR,16,1.7562499999999999,0.0,-3.0,10.1,4.1548117812363055,2.3657291281060817,-1.225,4.575,-0.3829670875001859,0.1555467161598219,0.5218037260735399,0.34070109143321414,50.821086604416635,99.99161476684813,0.10846671361413171,0.21077843137737656,1.0578696926064166,0.16729929796354814
2021,11498,"Addae, Jahleel",S,9,1.2777777777777777,0.0,0.0,5.0,1.872477727372524,1.465417351856758,0.0,3.0,-1.0483043861915537,0.20375708537879342,0.5182805162036587,0.4448347033648091,51.507444899358426,94.75295956570632,0.5137646348534617,0.3333333333333333,0.7056713982364334,0.8430904357483882
2021,12823,"Watt, Derek",RB,17,0.9352941176470589,1.0,0.0,2.3,0.8050876287494411,0.8607855150151256,0.0,1.1,-1.3076006421837727,-0.06307641341439489,0.5026340274577301,0.5181433315207128,75.44680913359743,145.58344685031454,0.546603470718719,0.5441675918461459,0.3474346352586403,0.48692768204964487
2021,15491,"Skowronek, Ben",WR,14,1.4071428571428573,0.75,-3.0,6.4,2.563051832070033,1.8214581547705817,0.0,3.075,-0.9254343616771327,0.06033034582040109,0.4987289479248983,0.3949262944977555,58.90965400375335,115.90605047550682,0.4376457309326596,0.4889396208393308,,
2021,13766,"Watts, Armani",S,16,1.375,0.5,0.0,8.0,2.4462982238476156,1.7791259809800841,0.0,1.0,-0.7829669683633761,0.28587501476350125,0.4947598667387844,0.39897882037175614,46.19778864117955,84.98532994008515,0.4643917287819306,0.4958902872245416,0.3077696896900046,0.5117094053777235
2021,13254,"Shaheen, Adam",TE,12,1.2083333333333333,0.55,-1.0,5.3,1.7670400548814833,1.4623779764536415,0.0,1.8250000000000002,-0.7252260763669541,0.1281123604796905,0.4907180558338145,0.43668805270875927,96.48235176650314,261.5925721812388,0.5100318738509615,0.5550562209272907,0.34263684041651327,0.36774634147616736
2021,12776,"Killebrew, Miles",S,17,1.3352941176470587,0.2,0.0,8.0,2.3574515593477803,1.7654923572208048,0.0,1.5,-0.8240501026986726,0.2823062096711745,0.4828413696969928,0.3977106129586136,46.050942806177716,84.71519272994965,0.3484230876716989,0.3333333333333333,0.44325809314601605,0.6161144079253038
2021,14107,"Arcega-Whiteside, JJ",TE,16,1.38125,0.0,0.0,8.0,2.572503340619794,1.8624458574622942,0.0,1.0,-0.4089741281897207,0.159423098497628,0.4825418780932155,0.3866336482586373,85.42327509228888,231.6081008225956,0.4100647797865721,0.3684210526315789,,0.47925907824577185
2021,10808,"Wilson, Tavon",S,8,1.5,0.25,0.0,10.0,3.2307119958300214,2.153807997220014,0.0,0.625,-0.4202501849002273,0.3839536408991401,0.4756155103044334,0.3545502509928511,41.053401137391305,75.5217282784379,0.4555496294182275,0.4483934777864536,0.5618297981275622,1.5692779102228214
2021,12906,"Wilson, Jarrod",S,10,1.46,0.25,-2.4,9.1,3.042433236736675,2.0838583813264897,0.0,1.725,-0.5073112084722401,0.3656432819061979,0.47343289459744775,0.36116861169947495,41.81974163835024,76.9314862395017,0.36116861169947495,0.2817541634481458,1.1456191238963664,1.3144490513711005
2021,14122,"Slayton, Darius",WR,12,1.7833333333333334,0.050000000000000044,-3.1,11.3,4.9362322563762016,2.7679807045100193,-2.55,4.949999999999999,-0.11666120679422848,0.22591779406936102,0.47328621699118667,0.300415020220583,44.81176651261363,88.16814423959605,0.034702675467715445,-0.07277704823273334,0.62743092348705,0.8514653181943247
2021,15443,"Wallow, Garret",LB,17,1.3941176470588235,0.0,0.0,11.2,2.718665457262462,1.9500975853781373,0.0,1.5,-0.36043701295143177,0.3862075085451385,0.4725666208360793,0.3748973020243448,44.518021928689656,96.40169009226375,0.5194842747139271,0.8480575152421651,,
2021,12860,"Fairbairn, Ka'imi",PK,13,2.1846153846153844,0.0,-7.1,17.9,7.933458471159314,3.6315126804602498,-5.4,8.0,1.2465536835305264,2.3513158315804006,0.47168507037279483,0.24454307272689232,32.53011355417776,44.53377490446213,0.3523597724546849,0.3724812250203124,0.6853898683118141,0.5768918820983177
2021,15292,"Brown, Dyami",WR,15,1.5466666666666666,0.5,-3.9,10.1,3.539278018026966,2.2883263047588143,0.0,2.8,-0.5927392474712553,0.1420056378105873,0.4703507265773335,0.3407296624098248,50.8253484283826,100.0,0.49011595876610886,0.8557154602294527,,
2021,14151,"Ferrell, Clelin",DE,16,1.36875,0.5,-3.0,8.1,2.6324225415954787,1.9232310806177015,0.0,2.0,-0.8465714219898353,0.8899995252074648,0.4682318852845436,0.3768146421090098,38.55749963622141,51.23187830593834,0.48699983651722434,0.431359726991003,0.8640541295656289,1.1558578106240192
2021,14876,"Deguara, Josiah",TE,16,1.5000000000000002,0.2,-2.0,10.9,3.3264094756959794,2.217606317130653,0.0,1.2,-0.11296524959500526,0.18721922169294578,0.466185061862275,0.34670782052101035,76.60201760091519,207.69102796116675,0.5292479187431085,0.3855844223347465,,
2021,13444,"Munson, Calvin",LB,10,1.1,0.5,0.0,5.0,1.4966629547095764,1.3606026860996148,0.0,1.5,-0.9794948268926188,0.0237340725458725,0.46598269436756096,0.44058810498430184,52.318623829246135,113.29352792268514,0.44058810498430184,0.18749999999999997,0.12776428301528917,
2021,12040,"Smith, Keith",RB,17,1.0470588235294118,0.7,0.0,5.2,1.337300901974625,1.2771974906499226,0.0,1.0,-1.1386391700690741,0.05466841321295239,0.45980150067290665,0.4479777604350488,65.23000592991028,125.86892951996194,0.4735304468560375,0.40271214587634024,0.2114590526938894,0.3882418660148503
2021,14893,"Baun, Zack",LB,17,1.2941176470588236,0.5,-3.0,8.5,2.419642800141545,1.8697239819275575,0.0,2.0,-0.5119197734608756,0.33678673112699614,0.4509554421291699,0.3784364983983876,44.93829174908795,97.31176469185098,0.27335104354709483,0.22549560359874427,0.29679699117039277,
2021,14669,"Nixon, Keisean",CB,12,1.0833333333333333,0.0,0.0,5.0,1.552328000849763,1.4329181546305507,0.0,2.0,-1.2507434713550012,0.030647295731067645,0.4452814539903181,0.42444910410129577,50.10378845471567,76.38660838600005,0.45090325403428283,0.5230251991098273,0.3693168768529816,0.3686367295631124
2021,8269,"Lewis, Marcedes",TE,17,1.5470588235294118,0.0,-7.2,9.7,3.9517855453629807,2.554386093960862,-0.1,3.8,0.13257840692848594,0.21357680714940502,0.43525345379838376,0.31242443949902676,69.0274086621309,187.15399295647572,0.14034044041749907,0.560576569402081,0.26786221230574997,0.5157006264550189
2021,15490,"Toney, Shaka",DE,10,1.33,0.0,0.0,8.3,2.7604528613979267,2.075528467216486,0.0,0.0,-0.7815283061605343,1.0125208152015523,0.4324460053539089,0.35368080628075743,36.19033348381324,48.086592190544465,0.35368080628075743,0.3333333333333333,,
2021,15578,"Johnson, Raymond",DT,10,1.15,0.0,0.0,6.5,1.9499999999999997,1.6956521739130435,0.0,1.75,-1.4020203542772007,1.9590971648564,0.4266129032258064,0.3898305084745763,35.190394424237674,48.985475810724346,0.3898305084745763,0.4040820577345752,,
2021,15011,"Johnston, Clay",LB,13,1.146153846153846,0.5,-1.5,7.0,1.9578698725578836,1.7082086136411065,0.5,1.0,-0.7458506684385576,0.23747284294725193,0.42321475545891424,0.3874929917598722,46.01372538887824,99.64056583723715,0.4208378107598202,0.33333333333333337,,
2021,15565,"Hoecht, Michael",DE,16,1.03125,0.0,0.0,5.0,1.4839637588229708,1.4389951600707596,0.0,2.5,-1.4300217933418093,0.5004379511590284,0.42281756720258584,0.41516306199598463,42.48149573564566,56.44574571267822,0.533372410547603,0.3941735213160005,,
2021,12851,"Matakevich, Tyler",LB,17,1.4588235294117649,0.0,-0.5,15.3,3.6068658096549875,2.4724483372634993,0.0,1.0,0.08951899560437959,0.707394803065272,0.42011381818322646,0.31666290916362017,37.60284818809731,81.42720544551598,0.3427026043644933,0.39228095605926194,0.307075969883672,0.5287835978448238
2021,14279,"Gilbert, Ulysees",LB,17,1.1470588235294117,0.5,-1.5,7.0,2.0056149554390963,1.7484848329469045,0.0,1.0,-0.7216633475671708,0.2622382134681847,0.41734224245274215,0.3816386465118036,45.31853801696509,98.13517016420887,0.4300565547406761,1.0184742760715817,,
2021,15339,"Yeboah, Kenny",TE,9,1.3777777777777778,0.0,-2.0,7.2,3.1727232529021774,2.3027830061386774,0.0,0.0,-0.17330762425952995,0.19388545290361353,0.41715661465406234,0.33018671363348084,72.95182557847004,197.7942633962054,,0.6361456318408611,,
2021,15062,"Ray, Wyatt",DE,15,1.0,0.0,0.0,5.0,1.4142135623730951,1.4142135623730951,0.0,1.5,-1.4654569161612012,0.4805014743366705,0.4142135623730951,0.4142135623730951,42.3843383344384,56.3166513418779,0.35809855468057367,0.0,,
2021,10874,"Bethel, Justin",CB,17,1.3529411764705883,0.0,-1.0,13.0,3.1048572283286227,2.29489447311246,0.0,1.0,-0.5810864768233851,0.2885393669422291,0.4106174530052727,0.3295951847322754,38.90682593496007,59.316083032766144,0.2630857945186591,0.4858901851757657,0.45802730414095644,0.524474108526545
2021,14499,"Benson, Trinity",WR,9,1.1444444444444446,0.9,-2.0,3.8,2.0505344079104577,1.791729094290691,-0.2,3.7,-1.1000988456011425,0.055129456243011445,0.40994108159882886,0.37516195243585576,55.961482234236094,110.10545714819987,,0.4256537216793158,,
2021,13326,"Armah, Alexander",RB,11,0.9454545454545454,0.4,0.0,4.2,1.2426976787059503,1.3143917755543706,0.0,1.45,-1.1686728063468894,0.0651854849684565,0.40851102023471325,0.4215702162763544,61.384805533370155,118.44916539756885,0.4591471265693815,0.39676456424544626,0.03196339956989195,0.15985559944561367
2021,13868,"Boone, Mike",RB,8,1.425,0.0,0.0,10.8,3.547093880911527,2.4891886883589662,0.0,0.2,-0.43709733792478533,0.3973715576904266,0.408404396344127,0.31338697579614067,45.63225252451516,88.05277103633715,0.4721331384712843,0.40601503759398505,0.5146739790187592,0.44726973783288426
2021,15042,"Ward, Jonathan",RB,13,1.2076923076923076,0.5,-2.0,8.0,2.3669069522712674,1.9598592598424507,0.0,1.3,-0.811770670713336,0.24769814425312645,0.4080235584433131,0.35869488667562244,52.229533810243055,100.78299727713969,0.5242654404923719,0.6824136735004533,0.24698622175061372,
2021,10514,"Bellore, Nick",LB,17,1.076470588235294,0.5,0.0,7.5,1.7886996301173674,1.6616335361746037,0.0,1.0,-0.831551115246435,0.20883437909985092,0.40443981998454853,0.3860116652972012,45.83782195187658,99.25965518835069,0.33925101704815636,0.18734493757737802,0.28322421353947386,0.46094068622796885
2021,12814,"Grant, Jakeem",WR,16,1.59375,0.0,-6.5,14.4,4.698998397265102,2.948391151225162,0.0,2.6,-0.1975098328460912,0.25747933004886747,0.4036454188449564,0.27965440396769126,41.71498430944863,82.07515658889919,0.581619734760358,0.81277313492121,1.1131559951716374,0.41689322524366834
2021,14561,"Smith, Jeff",WR,12,1.2166666666666666,0.0,-1.0,6.5,2.4538518473797253,2.0168645320929253,-0.4,1.625,-0.9626494066128611,0.09451531415664159,0.403288465134566,0.35226371032379233,52.5458385080281,103.38510238069458,0.3103842428570617,-0.09626273097154588,0.09015715316952577,
2021,15559,"Williams, Jonah",DT,8,0.75,1.0,0.0,2.0,0.6614378277661477,0.8819171036881969,0.0,1.0,-2.2829903153489073,0.12342058455303218,0.3985297750523356,0.45141622964513645,40.749799785746156,56.72423865535491,,0.5714285714285714,,
2021,14980,"Brown, Cam",LB,12,1.0666666666666667,0.5,-1.2,5.0,1.8208667044996887,1.707062535468458,0.0,2.0,-0.8152555031618423,0.23676813304446553,0.3940310401739868,0.3781343744336376,44.9024153605002,97.23407605375728,0.5,0.46153846153846156,0.42883675561618595,
2021,15547,"Hall, Kemon",CB,15,1.0666666666666667,0.0,-2.0,5.0,1.8427033281447005,1.7275343701356567,0.0,2.0,-1.125495028027315,0.1187926245526509,0.39107359318578083,0.3752296822907757,44.293717295585175,67.5287626219334,0.4082921491158833,0.7609225864970119,,
2021,14292,"Summers, Ty",LB,14,0.9642857142857143,0.25,0.0,5.0,1.4200639537193602,1.4726589149682254,0.0,1.0,-1.018299338343306,0.09263612132159003,0.3899792682478026,0.39845464116917984,47.31539106143216,102.45926184691795,0.2815081093490045,0.2684747639175602,0.8022871878226681,0.13164870702862883
2021,12923,"Ham, C.J.",RB,17,1.1529411764705881,0.1,-1.4,6.0,2.2570458691314457,1.9576418252670704,-0.5,2.5,-0.8466482118594504,0.2470711415132614,0.38981771444433755,0.35398370879500146,51.54353957519147,99.45929112700401,0.4126499691265551,-0.03561198209113159,0.3638801161566853,0.33381703352522174
2021,11724,"Jones, Christian",LB,17,0.8235294117647058,0.5,-0.5,2.5,0.9226110083151837,1.120313367239866,0.0,1.5,-1.2703054776737668,-0.1240169854320938,0.3883998584778728,0.42833907025549517,50.86408469621474,110.14379159895155,0.4666892540328139,0.24097373161330282,1.086986532755886,1.028736031110531
2021,12325,"Burton, Michael",RB,16,1.1187500000000001,0.65,-0.9,8.9,2.1433673127814563,1.9158590505309105,0.0,1.175,-0.8827376842477896,0.23525662642920592,0.38367766775156764,0.3559081356642527,51.82375521797478,100.0,0.38725828052326344,0.5757064419150312,0.3767902837766303,0.26279329812801494
2021,14264,"Johnson, Jaquan",S,17,1.4294117647058824,0.0,0.0,16.8,3.905164710826564,2.732008233911588,0.0,1.0,-0.10837993463259069,0.535306207577165,0.38301409726732816,0.2914095344343725,33.74233265635443,62.0723060149308,0.2258064516129032,0.14285714285714288,0.32202485676791365,0.37252191822221503
2021,15204,"Reed, J.R.",S,9,1.0,0.0,0.0,4.0,1.6158932858054431,1.6158932858054431,0.0,0.5,-1.1669502930535602,0.24314641347164084,0.3822785911895853,0.3822785911895853,44.264067805325865,81.42806219890684,0.3739727293779158,0.08333333333333334,,
2021,12990,"Farley, Matthias",S,17,1.3176470588235294,0.5,-1.0,13.7,3.230049224559834,2.45137664363916,0.0,1.0,-0.4205566535930023,0.46184668822154656,0.38177434539111654,0.31149686182685965,36.068245857410126,66.35104979505022,0.28092759136563045,0.5,0.5020240136531148,0.28813817516882295
2021,12854,"Walker, Joe",LB,12,0.9583333333333334,0.75,0.0,5.5,1.464273615900465,1.5279376861570069,0.0,1.0,-0.995903036561814,0.1266263834173911,0.37909689727763823,0.3888907981442437,46.17971104664505,100.0,0.34698959126352635,0.4919016343087123,0.20424542098050624,0.9045924081756304
2021,15448,"Pinnock, Jason",S,12,1.4166666666666667,0.5,-2.0,14.0,3.8828325857405814,2.740823001699234,0.0,1.0,-0.11870641903203331,0.5376136049884231,0.3787045433646979,0.2901321398574635,33.59442303894555,61.80021187348957,0.30629381628395014,0.41752800164162096,,
2021,11000,"Stanford, Julian",LB,17,1.0,0.5,0.0,7.0,1.6715614398097436,1.6715614398097436,0.0,1.5,-0.8908924929190442,0.21493892953328647,0.37431293366444734,0.37431293366444734,44.44862979564449,96.25142468030595,0.45947602779442653,0.4040820577345752,0.25999999999999995,0.3381948014589559
2021,15538,"Rhattigan, Jon",LB,14,0.9285714285714286,1.0,-1.0,5.0,1.386891988496257,1.4935759876113537,0.0,1.0,-1.0351040210115061,0.1054977817045388,0.3723854549389232,0.389029513294579,46.196183088644624,100.03566943496665,0.31306822878311996,0.11439478302055078,,
2021,11890,"Wilson, Albert",WR,13,1.5230769230769228,0.5,-2.0,17.5,4.721172254389931,3.0997595609630864,0.0,0.7,-0.18995304525459847,0.2839601663701002,0.3715039627151043,0.2662176308200205,39.71067194006623,78.13162755986231,0.33105719045828635,0.4237595145432711,,0.6485818035383365
2021,15451,"Jean-Charles, Shemar",CB,14,0.6428571428571429,1.0,0.0,1.0,0.4791574237499549,0.7453559924999298,0.0,1.0,-1.713637290395972,-0.17506233488915182,0.36832436799117285,0.4346103616391105,51.30326677423417,78.21529406998515,0.4027121458763403,1.0,,
2021,13329,"Vallejo, Tanner",LB,11,1.1636363636363638,1.0,-3.0,8.0,2.5198386410362676,2.165486332140542,0.0,1.65,-0.4611612700202482,0.5186474994765226,0.36760113345663953,0.330593667013605,39.257087309318344,85.00938273447764,0.33850282550749944,0.7345304556071772,0.49551685957523744,0.34255571354882586
2021,13135,"Gallman, Wayne",RB,10,1.15,0.0,-1.1,7.7,2.458149710656371,2.137521487527279,-0.07500000000000001,1.7249999999999999,-0.7828038794810738,0.2979339910130301,0.3665313543099683,0.3325477773435452,48.42225530801326,93.43640788735871,0.3325477773435452,0.42781953251316884,1.166736097844776,0.45166197008757664
2021,15297,"Rodgers, Amari",WR,15,1.0466666666666666,0.0,0.0,7.0,1.9503390018717823,1.86338121197941,0.0,1.05,-1.134245155682208,0.06766448917273436,0.3655352149017988,0.35476149215484404,52.91842312823234,104.11817088238769,0.38156894590911156,0.0,,
2021,14190,"Long, Ty",PN,17,1.4647058823529413,1.1,-8.0,8.8,4.444023240325554,3.03407209178853,0.0,3.8,0.9799088814754093,3.933839112023895,0.3630837151706813,0.2690484257126999,29.36134828837183,38.46422634462798,-0.08184693591352878,-0.1973781482543974,0.0651499466828035,0.7752790573749124
2021,13816,"Cannon, Trenton",RB,12,0.65,1.0,0.0,1.5,0.5220153254455274,0.8031005006854268,0.0,1.0,-1.3974674596558188,-0.07938745250228908,0.3604901666617642,0.42706534496275894,62.18495078266041,119.99313928738977,0.41935483870967744,0.3062870566386034,0.02238805970149254,
2021,14870,"Trautman, Adam",TE,13,1.4615384615384612,0.0,-4.2,13.1,4.474807853466312,3.061710636582214,-1.0,2.4,0.3379345377497873,0.253281833716493,0.35983323094830166,0.26695703313370256,58.98178852748652,159.91730601773958,0.37417176363485605,0.47912907187663845,0.6157466953328224,
2021,13680,"Hurst, Hayden",TE,12,1.2583333333333333,0.7,-3.0,7.7,3.1518402913571335,2.504773741475868,-1.05,2.725,-0.18150697659410187,0.20969396764928128,0.3590341135126875,0.30307845317480053,66.96249588390036,181.5553955436091,0.26567881091996604,0.7218476293323356,0.956137939587254,0.7151470683077298
2021,14506,"Pittman, Anthony",LB,17,1.0,0.0,0.0,6.0,1.7986923354612536,1.7986923354612536,0.0,1.0,-0.8264888814845389,0.2931102124822413,0.3573097290221398,0.3573097290221398,42.42954608115275,91.87919352352736,0.47349256981130267,0.6605523017743786,,
2021,12443,"Kumerow, Jake",WR,15,1.04,0.0,-1.0,6.0,2.051601000844625,1.9726932700429087,0.0,1.0,-1.0997353537555552,0.08678786321444075,0.34985109647218615,0.3408047119240516,50.836543279112604,100.02202611703837,0.4723416595319389,0.735739385371645,,0.4750882731964537
2021,12211,"James, Jesse",TE,14,1.3357142857142859,0.0,-2.0,11.1,3.8117500935279325,2.8537166475610185,0.0,0.22499999999999998,0.07759578358505338,0.23700348294479587,0.34660417666141774,0.27759427645897383,61.331993086481376,166.28941495251559,0.3934790565502144,-0.05408453353806464,0.2833540442292888,0.29709339532750023
2021,14011,"Igwebuike, Godwin",RB,17,1.4470588235294117,0.5,-5.3,15.2,4.599631397899161,3.1786070635888515,0.0,1.0,-0.10294879771929613,0.5923117895158989,0.34630172244206814,0.25842037103947796,37.628569594491694,72.60872824870174,0.2904110377702212,-0.47668025956552507,,
2021,15333,"McKitty, Tre'",TE,11,0.9,0.0,-1.0,3.4,1.446626168962553,1.6073624099583923,0.0,1.9,-0.8510313333402948,0.13945935890081132,0.3451764114426893,0.36785350022706104,81.27396796705368,220.3580856251317,0.3979768416288253,0.7667980461912982,,
2021,15296,"Schwartz, Anthony",WR,14,1.4714285714285715,-0.45,-2.0,14.7,4.864070689604478,3.3056791094399367,-1.0,1.5,-0.14125366399702333,0.3199843398948051,0.34174134533215794,0.25092272063449783,37.42918833261618,73.64275797411837,0.21518555828532665,0.23432122505345754,,
2021,13826,"Adams, Matthew",LB,17,0.9411764705882353,0.5,0.0,7.0,1.6528260374384842,1.7561276647783894,0.0,1.0,-0.9003837150818714,0.2669377002968468,0.34148507800124417,0.3547825817847507,42.129454307956124,91.2293588528567,0.3770491803278688,0.4947527088889683,-0.07495318350235718,0.32652267132714285
2021,13906,"Cabinda, Jason",RB,14,0.9857142857142858,0.30000000000000004,0.0,7.2,1.863505583899466,1.8905129112023569,0.0,0.95,-0.9715852423214846,0.228089741335751,0.34101708450915086,0.34423340790974094,50.12379904176343,96.71973563270126,0.3627338437207883,0.44391260831670104,0.19422755992808255,
2021,14494,"Dowell, Andrew",LB,16,1.0,0.0,-0.5,7.5,2.038688303787511,2.038688303787511,0.0,0.625,-0.7049086235093132,0.44068089268941274,0.32908936357624125,0.32908936357624125,39.07845541986396,84.62256374967724,0.31009340437860056,0.5611000442234593,,
2021,14142,"Smith, Kaden",TE,9,0.8444444444444444,0.0,0.0,4.3,1.3233888410785992,1.5671709960141307,0.0,1.0,-0.8994184488321353,0.13631383562259533,0.32893969500105563,0.3634537747252085,80.3018876435535,217.7224845277768,0.222396518192071,0.14285714285714288,0.16807307614878156,0.8274060325702879
2021,12213,"Bell, Blake",TE,16,0.95625,0.4,-2.0,4.4,1.8275560011939445,1.9111696744511837,0.0,1.45,-0.7014654826118185,0.16323639804351195,0.3284762164130035,0.33818958832158247,74.71998975427273,202.58828640993062,0.30585941259279537,0.6924810093873592,0.361340901747185,0.07834421358447112
2021,13758,"Iyiegbuniwe, Joel",LB,10,1.0,0.0,0.0,7.0,2.04939015319192,2.04939015319192,0.0,1.0,-0.6994871423883002,0.44726133321554845,0.3279344228724749,0.3279344228724749,38.9413093926747,84.32558045532375,0.3279344228724749,0.4947527088889683,0.4757850523289469,0.15691717746771164
2021,13188,"Howard, O.J.",TE,17,1.1764705882352942,0.0,-2.0,11.8,3.062204014367027,2.6028734122119728,0.0,2.0,-0.21670119056686044,0.21737159746130227,0.32653675376093877,0.28961386086823904,63.98761364644051,173.48959820155488,0.08820100112424954,-0.14285714285714288,,0.8265181834542961
2021,11543,"Heath, Jeff",S,16,0.8375,0.25,-1.0,3.7,1.3147599590799837,1.5698626377074432,0.0,1.0,-1.3061958233651647,0.23109720232750647,0.3258929048235543,0.36180857402288474,41.89384292555054,77.06780277167634,0.3996021668105136,0.8194712740540134,0.7106392256070266,1.1424916284122546
2021,14240,"Gentry, Zach",TE,17,1.0058823529411764,0.0,-1.5,6.7,2.178901662936491,2.166159547948558,0.0,1.5,-0.5635153711950709,0.1831928142051249,0.3176979358456257,0.31642449487160257,69.9111854156931,189.55017661043374,0.2870069501589456,0.3389338470707995,,
2021,14984,"Woerner, Charlie",TE,17,0.8764705882352942,0.0,0.0,6.0,1.542164030248978,1.759516007666619,0.0,1.0,-0.8135199590896074,0.15136744165996163,0.31761750459147253,0.3447734205213553,76.17462907936955,206.53224958745514,0.40484320852914857,0.6125741132772068,0.19385896578181278,
2021,14228,"Sheffield, Kendall",CB,9,0.8888888888888888,0.0,0.0,4.0,1.6629588385661962,1.8708286933869709,0.0,0.0,-1.2030247469816073,0.1616644169948915,0.3096279798709229,0.33379745718018267,39.40288015612477,60.07235118531469,0.42663774332018334,0.5406150953388972,1.0948139861662234,1.0082582629007462
2021,14953,"Dye, Troy",LB,17,0.7058823529411765,0.0,0.0,3.0,0.9084379536164999,1.2869537676233749,0.0,1.0,-1.2774854468148338,-0.021551775678404283,0.30865615341001684,0.3698744051927524,43.92156676593723,95.11009439096115,0.3990049689671222,0.4003817405719277,0.7803243236819288,
2021,15471,"Breeze, Brady",S,9,0.7222222222222222,0.0,0.0,3.0,0.9749960430435691,1.3499945211372495,0.0,1.0,-1.463304328038813,0.17354343174454306,0.30732932171804045,0.3656828704878016,42.3424480145443,77.89305550827493,,0.6566333438186848,,
2021,15367,"Nasirildeen, Hamsah",LB,12,0.625,0.5,0.0,1.5,0.649519052838329,1.0392304845413265,0.0,1.125,-1.408651928363715,-0.17387389026440986,0.3064881604791123,0.37889832125586054,44.99313194128228,97.43051855789172,0.36934445917392805,0.47669185435181216,,
2021,15586,"Johnson, Caleb",LB,12,0.8333333333333334,0.25,0.0,5.0,1.4337208778404378,1.7204650534085253,0.0,0.625,-1.0113808372977742,0.24500918268666547,0.30632017576893084,0.34241121934771407,40.66038909653458,88.04816698715256,0.18720839531691028,0.16064915440886857,,
2021,15308,"Marshall, Terrace",WR,14,1.0214285714285711,0.85,-2.1,8.1,2.385425559945398,2.3353816670794116,-0.75,1.375,-0.985968891216045,0.1502376417657418,0.306240386673041,0.3017134931317306,45.005454780512416,88.54923020140053,0.24498346872673235,0.41223557217871554,,
2021,14037,"Davis, Jalen",CB,15,1.0,0.0,-2.0,7.0,2.3664319132398464,2.3664319132398464,0.0,0.5,-0.8995936381934888,0.30994243592223064,0.2970504159217057,0.2970504159217057,35.06510216634713,53.45911576360539,0.2590622147100262,0.14285714285714288,,
2021,11776,"Brooks, Terrence",S,11,0.8636363636363636,1.0,-3.0,4.0,1.6799744193251207,1.9452335381659291,0.25,1.0,-1.1373188619630676,0.3293561542188369,0.29323187871009093,0.3222554504284586,37.31398366833192,68.64270578106117,0.34690095021893813,0.24790015053171896,0.7229297891623062,0.4937153523408598
2021,15445,"Lenoir, Deommodore",CB,14,1.2,0.2,-4.0,13.0,3.7355435634303227,3.112952969525269,0.0,1.0,-0.3090506863331767,0.5332917986370396,0.29176117716184535,0.2534028003177626,29.91275085345379,45.60400831278278,0.4045129078969205,0.3333333333333333,,
2021,13955,"Moore, A.J.",S,12,0.9166666666666666,0.0,-1.0,7.0,1.987810073646094,2.1685200803411937,0.0,1.125,-0.9949741424301708,0.38780474887223965,0.2893043576886399,0.3068021875794926,35.524649161182076,65.35105074873002,0.3932068982685305,0.18749999999999997,0.9236325935880062,0.45847494360615815
2021,14502,"Marshall, Trey",S,14,0.8071428571428572,0.25,-0.2,5.0,1.4679744478674814,1.8187294044375877,0.0,0.5,-1.235348690719209,0.2962418036528099,0.28634989079553164,0.3270466830968571,37.86876087164098,69.66327245867117,0.40684564043932553,0.45032620872449886,0.2784826620701098,0.4922591165891047
2021,13353,"Lee, Elijah",LB,15,0.7,0.0,-0.5,3.5,1.0132456102380443,1.447493728911492,0.0,1.0,-1.2243906301864822,0.07716234628348712,0.2860068615216925,0.3476972687486613,41.28809290202162,89.40743015978914,0.337019206242691,0.18749999999999997,0.03746291554752178,0.3605212107635929
2021,9921,"Roberts, Andre",WR,16,0.89375,0.0,0.0,6.0,1.9603790290400478,2.19343108144341,0.0,0.39999999999999997,-1.1308235429110838,0.1254043873869829,0.2798713913675666,0.30190390866598366,45.03385834187581,88.60511483818452,0.16228578301596405,0.10937499999999999,0.23741899034962002,0.14834384753004154
2021,11532,"Banjo, Chris",S,16,0.81875,0.0,-1.6,4.6,1.5989132051177761,1.9528710902201847,0.0,1.125,-1.1748019658185733,0.33135539779086126,0.27727251714836926,0.3150355303854391,36.47798856502582,67.10481139753142,0.30894774330951935,0.5655394852352305,0.9132924131928039,0.3612390653773406
2021,12261,"Montgomery, Ty",RB,14,0.95,0.35,-1.3,8.3,2.3243278598338923,2.446660905088308,0.0,1.0,-0.8252882331294894,0.38534638367756224,0.27562908744446385,0.28577205379720544,41.611245937055955,80.2937682960947,0.06767106192372711,-0.2411921619007755,,0.3901948934166475
2021,13136,"Clement, Corey",RB,17,0.9294117647058824,0.0,-1.5,9.1,2.212468598881815,2.3805041886703076,0.0,1.0,-0.8608001347504182,0.36663988251847046,0.2749328836274741,0.28931388310827033,42.12697142025657,81.28892096504241,0.45161942364011504,0.49949801295024737,0.32064745846260173,
2021,14996,"Davis, Tyler",TE,14,0.7000000000000001,0.4,0.0,4.4,1.105828713163636,1.5797553045194799,0.0,0.95,-0.9848398647017955,0.1372987284506686,0.2713435645519047,0.3324107016037281,73.44319599343528,199.12651585886923,0.2983888168091572,0.5043960967241644,,
2021,13310,"Lee, Marquel",LB,12,0.7083333333333334,0.0,0.0,4.0,1.162940478079405,1.641798321994454,0.0,1.0,-1.1485562702318248,0.19663794068035031,0.2681254384318669,0.3274862810659967,38.888093787600376,84.21034455655301,0.29758199590374096,0.3512812094883318,,
2021,11814,"Allen, Ricardo",S,14,0.7000000000000001,0.0,-1.2,3.5,1.16741472616082,1.6677353230868857,0.0,1.375,-1.3743289832509225,0.25671684272165457,0.26239484627358656,0.3229654166094563,37.39619070764684,68.79393363341227,0.17629738870705422,0.18749999999999997,0.4513341204996362,1.204600444915545
2021,15561,"Jones, Jamir",DE,14,0.6857142857142857,0.25,-1.4,3.0,1.1141025490482992,1.6247328840287696,0.0,1.375,-1.6179220152990725,0.649861562739785,0.26125107430427946,0.3243524236905973,33.189311297621444,44.099092874277424,0.1701872576379366,0.4171053725578356,,
2021,13158,"Westbrook, Dede",WR,15,0.8266666666666667,0.3,-1.9,5.9,1.799432009150542,2.17673226913372,0.0,1.35,-1.1856738306143855,0.12248304787963456,0.26022547593917783,0.2952979975811271,44.04847969829028,86.66636050780542,0.19232745092024597,-0.03035002717686176,,0.9144845101373875
2021,14316,"Hart, Penny",WR,17,0.7647058823529411,0.0,-1.0,4.7,1.4887583363605543,1.9468378244714943,0.0,1.0,-1.2915505367880755,0.08226463526103492,0.2595004977887063,0.3072640164296594,45.833405240069915,90.1782410889976,0.29220726421376364,0.6066939537641037,0.28172200234713807,
2021,10981,"Levine, Anthony",S,17,0.7470588235294118,0.0,-0.8,5.5,1.4328571403929584,1.9179977469827003,0.0,1.0,-1.2515871062927326,0.3222267782008065,0.2560176149217023,0.30707056782164605,35.55572493029413,65.40821765149333,0.42767868378746104,0.7157688748981316,0.2688072965739194,0.48686403040606757
2021,14495,"Gifford, Luke",LB,16,0.83125,0.0,-0.7,7.0,1.886371765453459,2.269319417086868,0.0,0.625,-0.7820711031696905,0.5824932343878197,0.25425781147462384,0.2879913148919705,34.19817534669898,74.0545459718364,0.1537346144790096,0.14285714285714288,0.5156729769937198,
2021,15004,"Thomas-Oliver, Stantley",CB,12,0.5833333333333334,0.0,0.0,2.0,0.7592027982620247,1.301490511306328,0.0,1.0,-1.5928444959615837,-0.008674140861272947,0.25345893475017317,0.33158958927852317,39.142253981603965,59.67500898540787,0.3333333333333333,0.2684747639175602,0.1972345597926348,
2021,15419,"Granson, Kylen",TE,17,0.8058823529411764,0.0,-1.0,5.4,1.7685057129530017,2.1944961401606595,0.0,0.7,-0.7246506097644577,0.18541053688967865,0.2522721323121231,0.2910892866034902,64.3135958754272,174.373433723852,0.43333013455589786,0.06010252406604339,,
2021,13637,"St. Brown, Equanimeous",WR,13,1.0230769230769232,0.5,-2.5,10.8,3.14573064672981,3.0747743163524457,-0.5,1.8,-0.7268590749483133,0.27958917394092775,0.2510757268129479,0.24677843551749695,36.81100107657158,72.42646084058141,0.34920069276596627,0.2983220309699049,0.6481982650122693,
2021,15417,"McPhearson, Zech",CB,16,0.875,0.0,-3.0,6.0,2.2043990110685496,2.519313155506914,0.0,0.5,-0.969483766097534,0.3556825094859998,0.24862805932198068,0.27306212396695867,32.233421538735854,49.14202745857508,0.32645798026985656,0.35294117647058826,,
2021,11555,"Davis, Cody",S,17,0.6176470588235294,0.5,-1.5,3.0,0.9319399716326388,1.5088551921671294,0.0,1.0,-1.4832136670745923,0.21512759027436967,0.24618681092152267,0.31970302798878886,37.01843847552947,68.0990216251461,0.2972972972972973,0.5685065597938227,0.4917854718619222,0.5698417941289422
2021,14307,"Allen, Dakota",LB,13,0.8538461538461538,0.0,-0.4,8.0,2.1200926629296855,2.482991407034767,0.0,0.5,-0.6636697516489367,0.7138776118743874,0.24514736158165631,0.2736605114299441,32.496431911007875,70.36950031624058,0.2843774911205087,0.14285714285714288,0.26402152648639543,
2021,15498,"Stuard, Grant",LB,17,0.8235294117647058,0.0,-3.0,7.0,1.9549422773981022,2.3738584796976956,0.0,1.0,-0.7473337674141595,0.6467730666087016,0.24409127315811294,0.2786956002706907,33.09433484126343,71.66423109021972,0.3022131843139699,0.1307562997774568,,
2021,15469,"Hamlin, Damar",S,14,0.7142857142857143,0.0,0.0,4.0,1.385051387833237,1.9390719429665315,0.0,0.75,-1.2736927212358196,0.3277432644462627,0.24303104114040674,0.29948441275918425,34.67732344560311,63.79231260079605,0.14285714285714285,0.0,,
2021,15568,"Chachere, Andre",S,13,0.6923076923076923,0.0,0.0,5.0,1.3234346564680963,1.9116278371205837,0.0,1.0,-1.3021846006578166,0.32055935894713145,0.23777341440461736,0.2979673606832069,34.50166386773789,63.469169705408525,0.2815081093490045,0.2684747639175602,,
2021,15018,"Russell, Chapelle",LB,17,0.7647058823529411,0.0,-1.0,7.0,1.7666655785507301,2.31025498733557,0.0,0.5,-0.8427134097316048,0.6076640319991249,0.23101117142895816,0.27639982521975753,32.821717877873965,71.07389183254419,0.34509166671729774,0.3992749432768283,0.0,
2021,15151,"Welch, Kristian",LB,16,0.5,0.5,0.0,2.0,0.5863019699779287,1.1726039399558574,0.0,0.625,-1.440677254856534,-0.0918641312073457,0.23013858660780984,0.31519849906443526,37.42895352266204,81.05064469731289,0.36072325920955717,0.4003817405719277,0.26449593747624384,
2021,11657,"Hyde, Carlos",RB,12,1.008333333333333,-0.35,-1.9,7.6,3.4264798100804397,3.398161795121098,-1.625,1.9250000000000003,-0.4753886245021956,0.65439317840984,0.22926244651842553,0.22779576019686154,33.169322454800934,64.00408908094013,0.15310830285097082,-0.6412609916071564,0.7404550213981592,1.0288795581448755
2021,14231,"Wesco, Trevon",TE,12,0.8333333333333334,0.0,-2.0,6.0,2.2665441143340277,2.7198529372008333,-0.25,1.8,-0.5291040001391037,0.2265268319458966,0.2240231932288193,0.25511161158869905,56.36464770753887,152.82145287656118,0.2899322649992701,0.05064478515519985,-0.20953132439213573,0.2758088119757276
2021,13338,"Wilson, Brandon",S,9,0.5,0.0,0.0,1.5,0.6236095644623235,1.247219128924647,0.0,1.0,-1.625787162756675,0.1466404344512098,0.2224972160321824,0.3079558108944625,35.65822729454479,65.59678072998051,0.27944621298166006,0.37900437319588176,0.35997890106239755,0.7526193389790895
2021,12803,"Christian, Marqui",CB,17,0.6764705882352942,0.0,-2.0,5.0,1.4136017459644605,2.0896721462083327,0.0,1.0,-1.3105806745875461,0.22713952357148545,0.21894575094819155,0.28027432005563974,33.084780025841916,50.43998095383713,0.4,0.44231649487554026,,0.7128265951621069
2021,10280,"Kerrigan, Ryan",DE,16,0.625,0.0,0.0,4.0,1.165922381636102,1.8654758106177631,0.0,0.5,-1.5915960373708429,0.8435361528385673,0.2181138635629443,0.2885606637149598,29.526925025908756,39.2328300317185,0.31306822878312,0.4040820577345752,0.5511342360422066,1.0033486313222388
2021,12585,"Brown, Daniel",TE,13,0.7769230769230769,0.0,-1.5,5.3,1.99196611268436,2.5639167787026413,0.0,0.0,-0.6369125489405837,0.21432271250008966,0.21799697500397225,0.2596697447973533,57.37172680876004,155.55194614973485,0.3752796251647164,0.6704414697489115,0.33729207695348495,0.38527276656240983
2021,12806,"Janovich, Andy",RB,13,0.6384615384615384,0.0,-1.0,3.5,1.266453838654922,1.9836023978932515,0.0,1.0,-1.1611309505557954,0.2544117640262344,0.2139901546239411,0.2817006583467183,41.01841037057522,79.14982269819808,0.29344438426629704,0.21542458334770695,0.012530706555065042,
2021,14214,"Layne, Justin",CB,17,0.6705882352941177,1.0,-2.0,4.0,1.4355833845441506,2.140782240109698,0.0,1.0,-1.3010992698155024,0.24243099700689713,0.2135099424373643,0.2753296148879857,32.50108586958814,49.55009980300854,0.16974571267859698,-0.16974571267859698,0.4291228670010165,0.26847476391756026
2021,14280,"Miller, Scotty",WR,9,0.7555555555555556,0.0,-1.0,5.0,1.9568177744667836,2.5899058779707427,0.0,0.0,-1.1320372083648607,0.19476485837635268,0.21046667551703238,0.2555299694421677,38.11643412240134,74.99492930404747,0.23311971738821638,0.20093087725894782,0.6098329681916499,0.4880769146218391
2021,14271,"Crawford, Xavier",CB,13,0.6923076923076923,0.0,-2.0,4.0,1.5876744185038687,2.2933074933944773,0.0,2.0,-1.2354973971460503,0.28806456331054525,0.21021653571562401,0.26754049402705304,31.58162471371951,48.14831919109025,0.3263424042163756,0.3585701736362872,,
2021,12544,"Everett, Deshazor",S,14,0.5357142857142857,0.0,0.0,3.0,0.8337583949949109,1.5563490039905004,0.0,0.875,-1.5286133106624105,0.2275598064248185,0.20956226433793954,0.29214005900475915,33.8269201531756,62.227912950621764,0.28054516660374174,0.40909090909090906,0.6752699648908037,
2021,11337,"Fells, Darren",TE,8,0.7000000000000001,0.0,-0.1,5.0,1.642406770565684,2.346295386522405,0.0,0.175,-0.7741612912556988,0.197290886849715,0.20918655382884954,0.26491000848069457,58.529516587777785,158.69106123962584,0.5029329373342741,0.10937499999999999,0.7683275459833098,0.6614952146102341
2021,15187,"Miller, Herb",CB,8,0.425,0.2,0.0,1.0,0.46300647943630335,1.0894270104383608,0.0,1.0,-1.720603724673986,-0.07212077424842647,0.20340504735354942,0.29049768813310556,34.2915901392302,52.27984445260173,0.4864898796296744,0.33126319454135894,,
2021,13780,"Allen, Marcus",LB,16,0.59375,0.0,0.0,3.5,1.148623496843069,1.934523784156748,0.0,0.625,-1.155809151537622,0.3766313625136876,0.20233265894984642,0.27633971278466674,32.814579691791785,71.05843442512348,0.4074887518329618,0.679095543113805,0.41222991370996037,
2021,15097,"McKeon, Sean",TE,9,0.7666666666666667,0.0,-2.0,6.0,2.14009345590327,2.791426246830352,0.0,0.5,-0.5787527771660601,0.2321284142104776,0.2022106238536496,0.24415409204632402,53.9436809592664,146.2574864386523,0.22673075387360653,0.08333333333333334,0.0,
2021,15434,"Smith-Marsette, Ihmir",WR,8,0.6375000000000001,0.0,0.0,4.4,1.4404317929010038,2.2595008516094173,0.0,0.175,-1.3080200856761646,0.13696282796633946,0.19558209340096563,0.26122426443321634,38.96583045886099,76.66613542997601,,0.3761606448275855,,
2021,13836,"Smith, Andre",LB,15,0.6333333333333333,0.5,-2.0,5.0,1.4197026292697903,2.2416357304259846,0.0,1.0,-1.018482382750668,0.5654708631385033,0.195374615163841,0.2617401517328014,31.080922032623086,67.30428001428803,0.23294605569282195,0.2142857142857143,0.16108143914493353,0.238815110189167
2021,13445,"Auclair, Antony",TE,15,0.6666666666666666,0.0,0.0,6.2,1.6139668177781374,2.4209502266672063,0.0,0.0,-0.7853277722541291,0.20313364067352,0.1948776282887207,0.2550402178530066,56.3488738949093,152.778685342983,0.215267561921871,0.20238095238095238,,0.1788380202167523
2021,14121,"Isabella, Andy",WR,8,0.5125,0.0,0.0,2.6,0.8594147718069548,1.6769068718184486,0.0,0.625,-1.5060290378729981,0.03504211777792468,0.1914523084069241,0.2756243565291025,41.11383745360836,80.8923868206066,0.22476940770997766,0.2549019607843137,0.5036763008045958,0.3288607586312627
2021,15426,"Gillespie, Tyree",S,11,0.4090909090909091,0.5,0.0,1.5,0.4679831882266818,1.143958904554111,0.0,0.5,-1.6977495640127864,0.1196105250833828,0.19081098439990368,0.27867547283364286,32.26785467322208,59.359860212401706,0.3057690347636353,0.16064915440886857,,
2021,13893,"Sherfield, Trent",WR,17,0.8352941176470586,0.3,-4.3,7.6,2.849549226780922,3.4114321729067387,0.0,1.4,-0.827796862474432,0.3384850929183846,0.18934760524645547,0.21698491652892823,32.366815111686904,63.68242641227457,0.26562068614621526,0.5312275021279766,0.470858648277874,0.29755839268241857
2021,13264,"Jones, Josh",S,10,0.5,0.0,0.0,2.5,0.8366600265340756,1.6733200530681511,0.0,0.75,-1.5272715819775338,0.2581787293886417,0.1870333480744864,0.2722332891098741,31.521913718809998,57.98762920327446,0.2722332891098741,0.3062870566386034,1.1567254736518702,
2021,12219,"Edwards, Mario",DT,12,0.9666666666666667,0.0,-3.9,12.0,4.038839217178894,4.1781095350126485,-0.5,1.5,0.0260866036144502,7.559186193971349,0.186683317556415,0.19184312596659445,17.31787308479335,24.106699199257868,-0.05496725570642992,0.0,0.6771998413067682,0.5543408843254918
2021,15337,"Gray, Noah",TE,16,0.49375,0.0,-1.0,2.2,0.8188931172625644,1.6585177058482317,0.0,1.125,-1.097500420200524,0.14346295465010916,0.18572379597617283,0.27145630235991774,59.97586215391891,162.6125375509148,0.4170243821800262,0.49219874498626015,,
2021,12913,"Erickson, Alex",WR,17,0.6176470588235294,0.0,-1.0,5.0,1.4649775320973948,2.371868385300544,0.0,0.0,-1.2996549674047202,0.15662073593172796,0.18317650283033712,0.2505690420220533,37.37643143853767,73.53895761522297,0.11847050940601077,0.0,0.3547195493887844,0.576830183273286
2021,15626,"Wright, Brock",TE,9,0.8555555555555554,0.0,-4.0,8.1,3.174240455468962,3.7101511817169692,-1.1,2.4,-0.17271191955638476,0.3040311015100847,0.18164078445645215,0.20496077422531633,45.28426503651206,122.77921457497936,,0.21235679747082079,,
2021,15094,"Locke, P.J.",S,16,0.59375,0.0,-1.0,4.0,1.3603624287299323,2.291136722071465,0.0,0.625,-1.285109017268425,0.4199014902182932,0.18040879189798273,0.25155035208702503,29.127034832331518,53.582016330443224,0.3408933443888197,0.5230251991098273,-0.06957294715180017,
2021,14272,"Austin, Blessuan",CB,11,0.6181818181818182,0.0,-1.2,5.0,1.5735415653395495,2.545434885108095,0.0,0.5,-1.2415933622375053,0.3634977902611501,0.1743599412242402,0.2402066578241786,28.355021727563063,43.229145086254,0.2578141224315856,0.43775634955228576,1.4178609399452669,
2021,14452,"Lammons, Chris",CB,12,0.65,0.0,-1.6,5.0,1.7759973723704285,2.732303649800659,-0.15,1.25,-1.1542675039785069,0.41940648721480994,0.17415517626351656,0.23415007754310804,27.640077075237112,42.13916369244689,0.2683702695230079,0.6124382236738249,,0.6494606242983333
2021,13543,"Jones, Joseph",LB,10,0.45,0.0,0.0,2.5,0.7566372975210778,1.681416216713506,0.0,0.5,-1.3543865841864433,0.22099851520516395,0.16782176418383313,0.25617126576728655,30.419632164191164,65.87228779639828,0.25617126576728655,0.16064915440886857,0.04051711554541805,0.34286500517833646
2021,15523,"Ammendola, Matt",PK,11,1.0181818181818179,0.0,-8.4,8.7,5.231168508750425,5.137754785379884,-2.25,5.35,-0.7656060258954978,3.9577048632682343,0.1658883180877679,0.16340142571204516,21.736321843243246,29.75705764462725,0.04266893363499593,-0.01915944039396041,,
2021,15589,"White, Cody",WR,15,0.5066666666666667,0.0,-1.0,2.9,1.0440093656455174,2.0605448006161526,0.0,0.75,-1.443119724066067,0.10215686924223537,0.16554786800201846,0.24787883812198513,36.975143949807375,72.74941558326672,0.3050756048787713,0.25961538461538464,,
2021,13841,"Crossen, Keion",CB,16,0.75625,0.0,-3.0,9.1,2.7002242383735466,3.570544447436095,-1.0,1.0,-0.7556180135865779,0.670197200185465,0.16546168814182038,0.20437950547894732,24.125831361285506,36.781458828144665,0.2075628915158579,-0.44151844011225283,0.6758499318558682,0.45609863393618244
2021,15437,"Forrest, Darrick",S,8,0.375,0.0,0.0,1.0,0.4841229182759271,1.2909944487358056,0.0,1.0,-1.690286473513201,0.15809927965764034,0.1636843774138907,0.25267448900770917,29.2571987338066,53.82146549973286,,0.2684747639175602,,
2021,13503,"Kemp, Marcus",WR,16,0.5812499999999999,0.25,-2.0,4.2,1.4988406978395001,2.578650662949678,-0.125,1.025,-1.2881144966039917,0.19279583784393692,0.16242155346923653,0.2326078651202332,34.69723096106112,68.26757126899501,0.08822768728098188,-0.055555555555555566,0.2766916911027133,
2021,14966,"Hudson, Khaleke",LB,12,0.47500000000000003,0.0,-1.0,2.5,0.9256754290786808,1.948790377007749,0.0,0.7749999999999999,-1.26875306381628,0.3854037215909824,0.16108299989841962,0.24666669825415946,29.29099095315192,63.42826814911372,0.28686966660127416,0.19803902718556965,0.2550342362701828,
2021,13365,"O'Connor, Pat",DT,13,0.5769230769230769,0.0,-2.0,4.5,1.5044313242775345,2.60768096208106,0.0,1.0,-1.7066487434728088,4.016511117213015,0.1599152150611133,0.23036090921339386,20.79491235015543,28.946782000632222,0.38940522577562425,0.40093898782249826,0.32310590307891174,0.6189004568553866
2021,9200,"Slater, Matt",WR,17,0.3411764705882353,0.5,-0.2,1.0,0.38814615732526164,1.1376697714705943,0.0,0.5,-1.6666360444991748,-0.059293611964964035,0.15960204664985528,0.24577849298349713,36.66184345014288,72.13298990326186,0.3333333333333333,0.24097373161330282,-0.09178694362617754,0.44965194035513645
2021,15096,"Nabers, Gabe",RB,11,0.3545454545454545,0.3,-0.1,1.2,0.433513418820595,1.2227301556478323,0.0,0.6,-1.4255641140997963,0.03926720649477833,0.15950899556771408,0.24732621954606623,36.013151081305274,69.49158919462924,0.24064530718963492,0.01743725706118171,0.3754386992758732,
2021,14999,"Glasgow, Jordan",LB,12,0.4166666666666667,0.0,0.0,2.0,0.6718548123582124,1.6124515496597098,0.0,0.625,-1.397336790766035,0.1785929577353206,0.15949259105721614,0.24922419314566144,29.594686426679235,64.08590646395844,0.21414208040524416,0.08333333333333334,0.37889832125586054,
2021,15449,"Britt, K.J.",LB,17,0.4411764705882353,0.0,0.0,2.5,0.783700740851425,1.7763883459298968,0.0,0.5,-1.340676435450409,0.2793957533209877,0.1589030119777685,0.24733771786047795,29.370672683021308,63.60081520075921,0.22622968313476993,0.30464028516734193,,
2021,15468,"Dimukeje, Victor",DE,14,0.42857142857142855,0.0,0.0,2.0,0.7284313590846835,1.699673171197595,0.0,0.75,-1.8138541657423004,0.7101500605367992,0.15874937497760555,0.24795397648789763,25.37185207220792,33.71192764114123,0.2768203216716358,0.4040820577345752,,
2021,15431,"Fields, Tony",LB,9,0.3333333333333333,0.0,0.0,1.0,0.408248290463863,1.2247448713915892,0.0,0.5,-1.5308779879760572,-0.05980328963459757,0.14982991426105935,0.23670068381445475,28.107554190676627,60.865591303258334,,0.2142857142857143,,
2021,14472,"Dodson, Tyrel",LB,16,0.53125,0.0,-1.5,4.5,1.3746448404951732,2.5875667585791495,0.0,1.125,-1.0413083394582574,0.7781797577309776,0.14808086810638216,0.2237176654548564,26.56585652330945,57.52711725821735,0.3761222818580539,0.3214285714285714,0.4886031659149497,
2021,12845,"Washington, Dwayne",RB,14,0.43571428571428567,0.0,-1.4,2.8,0.9193220661033268,2.1099194959748484,0.0,1.0,-1.2713346945411248,0.2901292401891471,0.1401046831849597,0.2270146805527473,33.055589510183715,63.78462805551105,0.21544283069441528,0.2684747639175602,-0.09398987031002029,0.23548023558281034
2021,13756,"Apke, Troy",CB,17,0.47058823529411764,0.0,-1.0,4.0,1.143660123248446,2.4302777619029476,0.0,1.0,-1.4270153880650773,0.3290442810621991,0.1371866268441943,0.21952558159313085,25.913738995466694,39.5072447316592,0.3557137138281138,0.45757913208220313,0.6509939252720384,0.4750251646998724
2021,14919,"Igbinoghene, Noah",CB,8,0.5,0.0,-2.0,4.0,1.5811388300841898,3.1622776601683795,0.0,1.0,-1.2383164117070353,0.5480491027056763,0.12012653667602105,0.19371294336139652,22.8667047269899,34.8618352609717,0.2470878956010981,-0.1010205144336438,0.47627283138578635,
2021,15541,"Stoll, Jack",TE,17,0.5,0.0,-0.8,6.6,1.5848547901566101,3.1697095803132203,0.0,0.0,-0.7967581324129517,0.2617342159093598,0.11991242804071764,0.19343446367047418,42.73762895928481,115.8745209221584,0.12255190347983173,0.20505109124886475,,
2021,15076,"Rozeboom, Christian",LB,10,0.3,0.0,0.0,1.0,0.45825756949558394,1.5275252316519465,0.0,0.75,-1.5055436413691754,0.12637277002425476,0.11869317712168802,0.2057249736092719,24.429273929055753,52.90044778405024,0.20572497360927186,0.14285714285714288,,
2021,15401,"Wright, Nahshon",CB,13,0.5384615384615384,0.0,-2.0,6.0,1.9460170216420796,3.614031611621005,0.0,1.0,-1.0809324289748232,0.6832079924801977,0.11670087762410578,0.1827761124616332,21.57567440916889,32.8935723742046,0.2551495843609578,0.4473247504524894,,
2021,13369,"Carter, Cethan",TE,16,0.32499999999999996,0.0,-0.4,2.0,0.5825590098865522,1.7924892611893917,0.0,0.5,-1.190293131180369,0.15394804598152736,0.11638361676691794,0.2053635902166441,45.373263656766,123.02051650809508,0.21961237602600223,0.0,0.3325254982881077,0.2673852041312939
2021,14204,"Banogu, Ben",DE,9,0.4444444444444444,0.0,0.0,4.0,1.2570787221094177,2.82842712474619,0.0,0.0,-1.5452859725273767,1.618218107948742,0.1160906110949962,0.1969113616157243,20.148924445642223,26.772152108768054,0.18181818181818182,0.3076923076923077,0.32153854002338866,0.543431631031749
2021,12675,"Thomas, Mike",WR,12,0.5083333333333333,0.0,-2.3,3.8,1.7872037439033694,3.5158106437443335,0.0,0.6,-1.1898411887138407,0.3567453706506835,0.11256745985076186,0.18238111743543814,27.205097950247097,53.526633444690454,0.2687719412405445,0.0,0.13692896812708757,0.16880508188205068
2021,14990,"Brooks, Antoine",S,8,0.3125,0.0,0.0,1.5,0.5555121510822243,1.7776388834631178,0.0,0.25,-1.6572757413941546,0.2854857447289864,0.11250562550102977,0.20089846278769524,23.262048630942388,42.79280320835004,0.2462296394492854,0.18749999999999997,,
2021,15214,"Dafney, Dominique",TE,10,0.61,0.0,-1.0,8.5,2.7402372160088624,4.492192157391578,-1.0,0.0,-0.3431161731390611,0.3652364150856334,0.11106676214506467,0.1630912599310799,36.033567241206605,97.69780034285431,0.1630912599310799,0.2809188205819436,,
2021,14131,"Morgan, Stanley",WR,17,0.3588235294117647,0.0,-2.0,1.5,0.8160585500400235,2.274261532898426,0.0,1.0,-1.520804715231156,0.1395451051130762,0.10958914729518526,0.19758367889837952,29.47280624982136,57.988399806744354,0.156788181082409,0.47669185435181216,,-0.01808959781794848
2021,13407,"Borders, Breon",CB,11,0.4727272727272727,0.0,-2.8,4.0,1.5777376836303008,3.3375220230640976,0.0,1.0,-1.2397834382028727,0.6004799302658254,0.10898556139049417,0.18338843231772037,21.647955265082047,33.00376941927303,0.19642648677061067,0.14285714285714288,,0.25411684905735177
2021,14853,"Johnson, Collin",WR,11,0.5818181818181819,0.0,-3.0,7.2,2.530116124470532,4.348637088933726,-0.55,0.6,-0.9366587573744539,0.5024424868272892,0.10877877338545881,0.16481559283136796,24.584915421919465,48.37136622203737,-0.032113372612533185,0.18082306992066188,0.4892362632391674,
2021,15414,"Nwangwu, Kene",RB,11,0.5181818181818181,0.0,-2.2,6.1,1.999008018455964,3.857734772458879,0.0,0.45,-0.9285673546257289,0.7843422281622145,0.10667149246592683,0.1727844057077925,25.159123519814646,48.54747289923974,0.18449459062477566,0.29263634274786854,,
2021,14519,"Kunaszyk, Jordan",LB,12,0.2916666666666667,0.0,0.0,1.5,0.5187458165828639,1.778557085426962,0.0,0.25,-1.474900723754229,0.28072928556740856,0.1049705504329591,0.19204442473652938,22.8047464346602,49.3826096305056,0.2258064516129032,0.3062870566386034,,0.37858312965141655
2021,13455,"Ricard, Patrick",RB,14,0.55,0.0,-2.2,8.5,2.38529722616341,4.336904047569836,0.0,0.375,-0.8059323199886742,0.9198323353741471,0.10305600308674147,0.1624672704509673,23.656846278799755,45.648653169376104,0.21052854946724667,-0.08361837706904451,-0.06827838075252424,0.4918973246087502
2021,14998,"Patmon, Dezmon",WR,9,0.5222222222222223,0.0,-1.0,6.8,2.2996510739084735,4.4035871628034595,-1.0,0.0,-1.015200592678788,0.5120556149198907,0.09664361959718733,0.15826589252167328,23.607921525974707,46.44910906855927,,0.24278915759228178,,
2021,10398,"Smith, Lee",TE,16,0.4625,0.0,-2.0,5.0,1.7705489967803771,3.828214047092707,-0.225,0.55,-0.723848347882969,0.313271122073862,0.09579111354404282,0.1669344236602442,36.88268017780621,100.0,-0.17718934503708186,-0.08182881110619263,0.5335178773016561,0.24606584214903046
2021,15442,"LeCounte, Richard",S,10,0.25,0.0,0.0,1.0,0.4031128874149275,1.61245154965971,0.0,0.375,-1.7277459099377968,0.242245487518262,0.09569555463432967,0.17817525748808136,20.630926922016695,37.95259866344562,0.17817525748808136,0.2684747639175602,,
2021,14209,"Oliver, Josh",TE,13,0.4230769230769231,0.0,-2.1,2.8,1.4833194822392555,3.5060278671109675,-1.0,1.8,-0.8366243057149477,0.2880556835113493,0.09389132414491218,0.17036749645093055,37.64118715910876,102.05653975699678,0.15573663400981155,0.19725549419637176,,
2021,14950,"Wallace, K'Von",S,13,0.4230769230769231,0.0,-2.0,5.0,1.4915938022819473,3.525585350848239,0.0,0.5,-1.2244269851516998,0.7430368965034975,0.0934855693303022,0.16980172397661467,19.661354825477513,36.16897639604485,0.14896303361636343,0.0,0.5873092415295549,
2021,14955,"Scott, Josiah",CB,13,0.38461538461538464,0.0,-2.0,3.0,1.2113858267710478,3.149603149604724,0.0,0.0,-1.397803061320586,0.5442570544663401,0.09268726929996225,0.17392504734326722,20.530856809121172,31.300677399370937,0.3333333333333333,0.4040820577345752,0.4975043659568644,
2021,13753,"Akins, Jordan",TE,14,0.6357142857142858,0.0,-6.6,9.1,3.88064927241695,6.104392113914303,-0.975,3.125,0.10464791611210035,0.4914129287911201,0.08948186917628152,0.13025199112483518,28.77802208702771,78.02584288422891,0.24912565334222145,0.31719297441550615,0.9325267725737927,0.7025550454405334
2021,15620,"Myarick, Chris",TE,8,0.48750000000000004,0.0,-1.0,6.2,2.1974061413402852,4.5074997771082765,-0.475,0.0,-0.5562498912547414,0.3664344439536829,0.08851566404528534,0.1524673371008321,33.686305727432675,91.33367088572669,,-0.18734493757737802,,
2021,14828,"Jones, Tony",RB,11,0.49090909090909085,-0.1,-2.5,6.1,2.357754920355975,4.802834097021431,-1.0,1.5,-0.814676161543878,1.0515789135303517,0.08459816060587919,0.14620158485451545,21.288401097770635,41.078461042103086,-0.0266246668593422,0.10180921939503475,,
2021,14807,"Kelley, Joshua",RB,11,0.45454545454545453,0.0,-4.8,3.1,2.0096872829389683,4.42131202246573,0.0,1.6,-0.9251770140631642,0.943699570111889,0.08384417880059916,0.1510274695720512,21.991097786187073,42.43439653049222,0.07129563307142757,2.4226902511602555e-17,0.573927969641449,
2021,14942,"Burgess, Terrell",S,16,0.21875,0.0,0.0,1.0,0.3521696146745201,1.609918238512092,0.0,0.5,-1.7513023296329635,0.24158235540579528,0.08381488614168574,0.16177704159744424,18.732176228678604,34.459661904055686,0.18720839531691028,0.08333333333333334,,
2021,15285,"Wallace, Tylan",WR,17,0.3411764705882353,0.0,-2.3,2.6,1.0797923675843544,3.1649086636093147,0.0,1.0,-1.4309249785368832,0.29535754265645303,0.08191691538622395,0.16404352468343095,24.469748951375564,48.14477363761824,0.0781616451241307,0.16840015925060636,,
2021,12955,"Manhertz, Chris",TE,17,0.5411764705882354,0.0,-6.0,8.4,3.1417602453793902,5.80542654037496,-1.0,0.9,-0.18546474131736337,0.4680148176359025,0.07952131543519947,0.13066339877881147,28.86891895893468,78.27229154649741,0.0659729261131923,0.018442263722292223,0.10943169475346634,0.08422482966923639
2021,14357,"Blanton, Kendall",TE,9,0.37777777777777777,0.0,-1.0,4.3,1.4242173505923859,3.769987104509257,0.0,0.0,-0.8598297883306041,0.30871407405436235,0.07919890966175769,0.15583494511557033,34.43034884717052,93.35099477908508,,0.23070852571439793,,
2021,15277,"Jackson, Deon",RB,10,0.42000000000000004,0.0,-0.6,5.8,1.8093092604637826,4.307879191580434,-0.375,0.0,-0.988790921043862,0.9116252547993244,0.07912764869747234,0.14950294220390073,21.76911147783062,42.0060479721472,0.14950294220390073,0.2798582010194688,,
2021,14970,"Hand, Harrison",CB,10,0.3,0.0,-1.0,2.0,0.9,3.0,0.0,1.0,-1.5321140251366163,0.4994977434689983,0.075,0.15789473684210525,18.638570364285265,28.415758951608083,0.15789473684210525,0.11439478302055078,0.581935324207561,
2021,14242,"Connelly, Ryan",LB,12,0.20833333333333334,0.0,0.0,1.0,0.3796013991310124,1.8220867158288594,0.0,0.125,-1.5453903002566598,0.3074951400622733,0.07382244215417205,0.15100980142855683,17.931997950220012,38.830901155070705,0.1136229172359372,0.14285714285714288,0.3333333333333333,
2021,14183,"Thompson, Deionte",S,17,0.25882352941176473,0.0,-1.6,1.5,0.6607115803340693,2.5527492876543585,0.0,0.5,-1.6086310082656747,0.4883824951773336,0.07285161672149641,0.1558509812761706,18.04599724318261,33.19736885506872,0.31794678318349645,0.3798734633239789,0.7549486265443576,0.6424883235049593
2021,13988,"Dwelley, Ross",TE,17,0.4352941176470588,0.0,-2.0,8.2,2.172810913640666,4.991592639444773,0.0,0.0,-0.5659068040074282,0.40432127643510307,0.07265081988073815,0.13719510222800427,30.312040898979593,82.18502764129265,-0.11688311688311688,0.0,0.41808343933090586,0.34051568650846487
2021,15057,"Chisena, Dan",WR,11,0.22727272727272727,0.0,0.0,1.5,0.4937627496000097,2.172556098240043,0.0,0.0,-1.6306422095310633,0.12175245621869003,0.07163710277615122,0.15214780749726484,22.695310041313242,44.6535257368534,0.16530591922102375,0.18749999999999997,0.2899089477172857,
2021,11448,"Harris, Demetrius",TE,14,0.32142857142857145,0.25,-3.0,2.0,1.1409135258508367,3.5495087470914917,0.0,0.875,-0.9710643884507707,0.2914586521236437,0.07065127012538688,0.15013617670560983,33.17125651580247,89.93721810857703,0.30748434728623264,0.2174743040116102,0.07235214552986086,0.46739587010105305
2021,15321,"Darden, Jaelon",WR,8,0.41250000000000003,0.05,-3.0,4.8,2.0269666376139495,4.913858515427756,-0.125,0.825,-1.1081306748464201,0.6013239912716875,0.06975141507425182,0.13627504012570127,20.327629674195553,39.9950621151943,,0.10847479130724905,,
2021,15272,"Rountree, Larry",RB,14,0.3714285714285715,0.0,-2.4,4.5,1.6205944991305639,4.3631390361207485,0.0,0.15000000000000002,-1.0487020985524764,0.9272505518502429,0.06925581621639856,0.14173446962198866,20.6379448054218,39.82332951098775,0.1865919368451523,0.0,,
2021,13838,"Bawden, Nick",RB,8,0.25,0.0,0.0,2.0,0.6614378277661477,2.6457513110645907,0.0,0.0,-1.3532050700779479,0.44164127120837776,0.06857297129435794,0.15047207654837882,21.910227052353328,42.278346986236706,0.13146271643220603,0.0,,0.039530628521505844
2021,15462,"Brightwell, Gary",RB,13,0.23076923076923078,0.0,-1.2,1.0,0.5538461538461539,2.4,0.0,0.5,-1.387362143054809,0.37215252638870183,0.06787330316742082,0.1485148514851485,21.625235667163363,41.728422759419736,0.18720839531691028,0.2142857142857143,,
2021,15054,"Ricci, Giovanni",TE,16,0.21875,0.0,-1.0,1.0,0.4990224819584785,2.2812456318101875,0.0,0.5,-1.2230923787301804,0.19219986123978533,0.06666675541730799,0.14592843178322604,32.241592598443354,87.41662060081094,0.1603574565909282,0.0,,
2021,11951,"Snead, Willie",WR,9,0.3444444444444444,0.0,-1.0,3.0,1.4614384931073228,4.2428859477309375,-1.0,0.6,-1.30086106185078,0.4839420700902492,0.06569748948926041,0.13993623867059027,20.873756742773615,41.06957923207665,0.27000696392363777,-0.21093350998307925,0.6970396318583779,0.6598182249298568
2021,10368,"Jones, Taiwan",RB,17,0.3235294117647059,0.0,-1.0,5.0,1.338800785498946,4.138111518814924,0.0,0.0,-1.1381630028236873,0.8636216757326305,0.06296659980617278,0.13833132508363086,20.142413200902325,38.86714329400051,0.02702702702702703,-0.2684747639175602,-0.2346660151479306,0.4895712605597104
2021,12790,"Robinson, Rashard",CB,8,0.25,0.0,-1.0,2.0,0.82915619758885,3.3166247903554,0.0,0.25,-1.5626712906387166,0.5942277508146323,0.057915619758885,0.13667504192892002,16.13370677821416,24.59692529230309,0.3719393055879323,0.33333333333333337,,
2021,14846,"Mims, Denzel",WR,10,0.46000000000000013,-0.15,-4.0,8.0,3.694915425283778,8.032424837573428,-2.5250000000000004,2.625,-0.5396984606875498,1.1468951872473154,0.05092763109264684,0.0979783357806059,14.615055875272606,28.755446499036807,0.0979783357806059,-1.0021131991586922,0.7313740329958611,
2021,12494,"Dzubnar, Nick",LB,17,0.24117647058823527,0.5,-1.5,2.5,0.9462363984751949,3.923419213189833,0.0,0.5,-1.2583370223265724,1.5995796202292103,0.04898556473560566,0.12391941224467296,14.715088857429143,31.86483527921119,0.09859154929577466,0.18749999999999997,0.32183941736080185,0.24407234270276762
2021,14126,"Williams, Preston",WR,8,0.45000000000000007,-0.5,-2.5,10.4,3.91854564857933,8.707879219065177,-2.025,0.2,-0.46348591512233395,1.2650611701608634,0.04635409957679026,0.09149045920311379,13.647283990432236,26.85133385688927,0.2702090913271229,-0.22373142880291258,0.9079117628673337,1.0260391600264736
2021,13315,"Saubert, Eric",TE,17,0.25882352941176473,0.0,-2.0,4.2,1.3586579985755893,5.249360449042049,-0.1,0.7,-0.8855705926151151,0.4244951037751272,0.04141600272895753,0.10973338634429838,24.244618363445838,65.73442669178581,0.03528340809083381,-0.2684747639175602,-0.27980262986542936,
2021,15412,"Brown, Bobby",DT,10,0.15,0.0,0.0,1.5,0.45000000000000007,3.0000000000000004,0.0,0.0,-2.427547077071402,4.90152995966742,0.0375,0.10344827586206895,9.338380529370415,12.999144255619502,0.10344827586206895,0.0,,
2021,12141,"Mariota, Marcus",QB,10,0.35,0.05,-4.3,6.2,3.0696090956341653,8.7703117018119,0.0,0.975,-3.2363541482884246,4.9002844369037835,0.03582280798012745,0.0860033462121648,7.945354943310537,14.763028049836535,0.0860033462121648,-0.5443126315189675,,0.6420324485329643
2021,14342,"Blake, Christian",WR,15,0.2,0.0,-1.0,2.6,0.9804760748398367,4.902380374199183,-0.05,0.25,-1.4647716893017173,0.5993159713706256,0.03388463421880624,0.10098581979394738,15.063670832332077,29.638106374338225,0.027948782529407287,-0.06711869097939006,0.35243954810971256,0.01339194582130034
2021,13510,"Mickens, Jaydon",WR,11,0.13636363636363635,0.0,0.0,1.5,0.4312196809320517,3.1622776601683795,0.0,0.0,-1.6519567098718586,0.2948972671498224,0.03276178272982392,0.095277921468235,14.21224533815488,27.962907835607243,0.10344827586206895,0.18749999999999997,0.38084405926378245,
2021,15480,"Funk, Jake",RB,10,0.15000000000000002,0.0,-0.7,1.5,0.5481788029466298,3.6545253529775312,0.0,0.0,-1.3891613540086645,0.7268826466278459,0.03222670167733516,0.0968880336783496,14.107858848257296,27.222764519704402,0.09688803367834958,-0.10937499999999999,,
2021,14146,"Sample, Drew",TE,17,0.27058823529411763,0.0,-2.0,6.7,2.032606181549529,7.511805453552608,-0.9,0.0,-0.6209558924669298,0.6015621120978709,0.031789757974459,0.08922630209632391,19.713759999345005,53.44991173176067,0.17766513205212844,0.03178007922394116,0.6904681698961836,0.20884111096091368
2021,14442,"Kuntz, Christian",LB,17,0.11764705882352941,0.0,0.0,1.0,0.32218973970892123,2.7386127875258306,0.0,0.0,-1.5744746403478844,0.8710561730712229,0.03146810475159874,0.08897895308840416,10.566005579107095,22.880189892125173,0.0,0.0,,
2021,14359,"Johnson, Jakob",RB,17,0.24117647058823527,0.0,-2.0,5.9,1.6719340064127257,6.932409294882034,0.0,0.0,-1.0324033717742602,1.6537384985897063,0.03040393676406002,0.09026288449093584,13.143171404037176,25.361287210384443,-0.08346678034696041,-0.09426211401732136,-0.04273302007020727,
2021,15103,"Gilliam, Reggie",RB,16,0.1375,0.0,-1.0,1.1,0.5134138194478213,3.7339186868932455,0.0,0.5,-1.4001981753085282,0.749331939357773,0.029045703801523867,0.0908541987875912,13.229272631561981,25.527429604278236,0.1778617606781972,0.1527777777777778,0.3737978101162845,
2021,15374,"Reyes, Sammis",TE,12,0.08333333333333333,0.0,0.0,0.5,0.18633899812498247,2.23606797749979,0.0,0.0,-1.3458624201164184,0.18866409702194448,0.025751416197912283,0.07024411526978568,15.519814194473186,42.078867695228084,0.08333333333333334,0.16064915440886857,,
2021,13679,"Herndon, Chris",TE,17,0.23529411764705882,0.0,-5.0,4.4,1.942993801712916,8.257723657279893,0.0,0.0,-0.6561407236143233,0.6599403288165744,0.02541597981940552,0.07995059911784733,17.664375702935494,47.893416687122595,0.247640490126378,0.288135593220339,0.4132364508553897,
2021,14072,"Snell, Benny",RB,17,0.21176470588235285,0.7,-3.9,2.7,1.6327106126428768,7.710022337480255,0.0,1.0,-1.044855602272999,1.8736166919205142,0.024312762663202862,0.08043599811745751,11.712279263784417,22.600213385775792,0.24923054990334045,0.1283997264433306,0.45941765878835283,0.5913387835557038
2021,11039,"Overton, Matt",LB,11,0.09090909090909091,0.0,0.0,1.0,0.2874797872880344,3.1622776601683786,0.0,0.0,-1.592058456438921,1.1315626885421546,0.02184118848654929,0.07061011116965425,8.384756199802572,18.156796588296803,0.0,0.0,,
2021,14817,"Taylor, Patrick",RB,9,0.1444444444444445,0.0,-2.0,1.1,0.8870814958316476,6.141333432680636,0.0,0.9,-1.281570091681653,1.4300535526849008,0.020226536935445193,0.07654382959268381,11.145540915647135,21.50662542451452,,0.018757933902459684,,
2021,14319,"Beck, Andrew",RB,12,0.08333333333333333,0.0,0.0,1.0,0.2763853991962833,3.3166247903554,0.0,0.0,-1.4754474650829612,0.631337740402288,0.019305206586294997,0.06528853541086166,9.50665842846708,18.344209886916392,0.07692307692307693,0.14285714285714285,0.0,0.4573760796886513
2021,15304,"Darby, Frank",WR,11,0.20909090909090908,0.0,-3.0,6.5,2.2034908442801497,10.538434472644195,-0.5,0.0,-1.0479717260887145,1.5853039085956957,0.018121254628314664,0.0652697070960081,9.736034079072988,19.155862930860014,0.06948640483383686,-0.47722557505166113,,
2021,12978,"Goodwin, C.J.",CB,17,0.12941176470588237,0.0,-1.8,2.0,0.9838488082569651,7.60246806380382,0.0,1.0,-1.4959472722416653,1.8764961553836081,0.015043562352809176,0.06523267507446054,7.7003440946973045,11.739694481001477,0.1515307716504657,0.34549150281252633,0.26551283634452344,0.3531450121283542
2021,13194,"Sprinkle, Jeremy",TE,17,0.12941176470588237,0.0,-3.0,4.2,1.3140707769828897,10.154183276685965,0.0,0.0,-0.9030770338672152,0.8083640167045223,0.011602083406355154,0.055923857642163746,12.355880294187081,33.50049463493738,0.2747226712058364,0.39592261340958523,0.15575184206114107,0.6310494010327263
2021,14533,"Taylor, Malik",WR,10,0.08,0.0,-1.0,1.3,0.5362835071116769,6.703543838895961,0.0,0.0,-1.6161512560205327,0.9144168235167247,0.010384830887321237,0.05207372182912107,7.767639122491133,15.283002207916827,0.052073721829121074,-0.14285714285714288,0.40510384664340027,
2021,15326,"Milne, Dax",WR,13,0.11538461538461536,0.0,-2.1,3.4,1.5205495736466994,13.178096304938064,-1.0,0.7,-1.2807161733261976,2.0470941397635016,0.008138230472057681,0.045777562397901324,6.828464955530894,13.43515620980504,0.05490091020664411,-0.01558450171081661,,
2021,14287,"Gillaspia, Cullen",RB,15,0.05333333333333334,0.0,-0.7,1.0,0.336386021641143,6.307237905771431,0.0,0.0,-1.4563990985613087,1.4769647717750767,0.007298699456768665,0.03990862854718996,5.811092216407527,11.213182433356318,0.021663189525840697,0.0,,0.19071471117672475
2021,13701,"O'Daniel, Dorian",LB,17,0.08823529411764706,0.0,-2.0,3.0,1.0878377652298192,12.32882800593795,0.0,0.0,-1.186602772706729,6.767965996115968,0.00661988391465015,0.04226156628981876,5.018444583814983,10.867206550396057,0.06210930221573425,0.033788443458681074,0.2132109192147761,0.30753435906121146
2021,12542,"King, Brandon",LB,16,0.075,0.0,-1.8,1.5,0.815858443604036,10.878112581387148,0.0,0.5,-1.3243855709670604,5.875938252979189,0.006314134462534397,0.0413027790047022,4.904591234769019,10.620662458920554,0.08444953403282975,0.06711869097939006,,
2021,14871,"Parkinson, Colby",TE,14,0.0857142857142857,0.0,-3.0,2.4,1.2704651245323741,14.822093119544368,0.0,0.0,-0.9201980780950403,1.173691275200263,0.00541737967705464,0.037751861848985435,8.340939011636904,22.61478550752389,0.10297556189573791,0.12025695997717914,,
2021,15126,"Bernard, Francis",LB,8,0.0625,0.25,-2.0,1.0,0.8454843286542927,13.527749258468683,0.0,0.5,-1.3093773074021575,7.505168483243903,0.004302111695902707,0.03386644851412764,4.021547473022011,8.708472577838217,0.08444953403282975,-0.10376878635775662,0.2555222920354539,
2021,13754,"Yiadom, Isaac",CB,16,0.04999999999999999,0.0,-5.2,5.0,2.0463381929681126,40.92676385936226,0.0,0.25,-1.037660603305443,11.846690788463116,0.0011925556708292182,0.016413148124989996,1.937478236104731,2.9538163847927748,-0.10102051443364382,-0.2727272727272727,0.846715191166865,0.8550233390319987
2021,10960,"Gordon, Josh",WR,12,0.03333333333333329,0.0,-3.0,4.3,1.6463764926515305,49.39129477954598,-1.0,0.4,-1.237834716353753,8.382337954075354,0.0006614899156523245,0.012595839415099641,1.878873481377108,3.696725235488757,0.007136065916420686,0.19777190262726488,,0.799499974008429
