year,draft_team,stats_global_id,draft_year,team,position,id,name,twitter_username,stats_id,cbs_id,fleaflicker_id,college,weight,jersey,draft_round,height,draft_pick,rotowire_id,sportsdata_id,birthdate,rotoworld_id,espn_id,nfl_id,status
2026,BUF,0,1970,BUF,TMWR,0151,"Bills, Buffalo",,,,,,,,,,,,,,,,,
2026,IND,0,1970,IND,TMWR,0152,"Colts, Indianapolis",,,,,,,,,,,,,,,,,
2026,MIA,0,1970,MIA,TMWR,0153,"Dolphins, Miami",,,,,,,,,,,,,,,,,
2026,NEP,0,1970,NEP,TMWR,0154,"Patriots, New England",,,,,,,,,,,,,,,,,
2026,NYJ,0,1970,NYJ,TMWR,0155,"Jets, New York",,,,,,,,,,,,,,,,,
2026,CIN,0,1970,CIN,TMWR,0156,"Bengals, Cincinnati",,,,,,,,,,,,,,,,,
2026,CLE,0,1970,CLE,TMWR,0157,"Browns, Cleveland",,,,,,,,,,,,,,,,,
2026,TEN,0,1970,TEN,TMWR,0158,"Titans, Tennessee",,,,,,,,,,,,,,,,,
2026,JAC,0,1970,JAC,TMWR,0159,"Jaguars, Jacksonville",,,,,,,,,,,,,,,,,
2026,PIT,0,1970,PIT,TMWR,0160,"Steelers, Pittsburgh",,,,,,,,,,,,,,,,,
2026,DEN,0,1970,DEN,TMWR,0161,"Broncos, Denver",,,,,,,,,,,,,,,,,
2026,KCC,0,1970,KCC,TMWR,0162,"Chiefs, Kansas City",,,,,,,,,,,,,,,,,
2026,OAK,0,1970,LVR,TMWR,0163,"Raiders, Las Vegas",,,,,,,,,,,,,,,,,
2026,FA,0,1970,LAC,TMWR,0164,"Chargers, Los Angeles",,,,,,,,,,,,,,,,,
2026,SEA,0,1970,SEA,TMWR,0165,"Seahawks, Seattle",,,,,,,,,,,,,,,,,
2026,DAL,0,1970,DAL,TMWR,0166,"Cowboys, Dallas",,,,,,,,,,,,,,,,,
2026,NYG,0,1970,NYG,TMWR,0167,"Giants, New York",,,,,,,,,,,,,,,,,
2026,PHI,0,1970,PHI,TMWR,0168,"Eagles, Philadelphia",,,,,,,,,,,,,,,,,
2026,ARI,0,1970,ARI,TMWR,0169,"Cardinals, Arizona",,,,,,,,,,,,,,,,,
2026,WAS,0,1970,WAS,TMWR,0170,"Commanders, Washington",,,,,,,,,,,,,,,,,
2026,CHI,0,1970,CHI,TMWR,0171,"Bears, Chicago",,,,,,,,,,,,,,,,,
2026,DET,0,1970,DET,TMWR,0172,"Lions, Detroit",,,,,,,,,,,,,,,,,
2026,GBP,0,1970,GBP,TMWR,0173,"Packers, Green Bay",,,,,,,,,,,,,,,,,
2026,MIN,0,1970,MIN,TMWR,0174,"Vikings, Minnesota",,,,,,,,,,,,,,,,,
2026,TBB,0,1970,TBB,TMWR,0175,"Buccaneers, Tampa Bay",,,,,,,,,,,,,,,,,
2026,ATL,0,1970,ATL,TMWR,0176,"Falcons, Atlanta",,,,,,,,,,,,,,,,,
2026,CAR,0,1970,CAR,TMWR,0177,"Panthers, Carolina",,,,,,,,,,,,,,,,,
2026,FA,0,1970,LAR,TMWR,0178,"Rams, Los Angeles",,,,,,,,,,,,,,,,,
2026,NOS,0,1970,NOS,TMWR,0179,"Saints, New Orleans",,,,,,,,,,,,,,,,,
2026,SFO,0,1970,SFO,TMWR,0180,"49ers, San Francisco",,,,,,,,,,,,,,,,,
2026,BAL,0,1970,BAL,TMWR,0181,"Ravens, Baltimore",,,,,,,,,,,,,,,,,
2026,HOU,0,1970,HOU,TMWR,0182,"Texans, Houston",,,,,,,,,,,,,,,,,
2026,BUF,0,1970,BUF,TMRB,0201,"Bills, Buffalo",,,,,,,,,,,,,,,,,
2026,IND,0,1970,IND,TMRB,0202,"Colts, Indianapolis",,,,,,,,,,,,,,,,,
2026,MIA,0,1970,MIA,TMRB,0203,"Dolphins, Miami",,,,,,,,,,,,,,,,,
2026,NEP,0,1970,NEP,TMRB,0204,"Patriots, New England",,,,,,,,,,,,,,,,,
2026,NYJ,0,1970,NYJ,TMRB,0205,"Jets, New York",,,,,,,,,,,,,,,,,
2026,CIN,0,1970,CIN,TMRB,0206,"Bengals, Cincinnati",,,,,,,,,,,,,,,,,
2026,CLE,0,1970,CLE,TMRB,0207,"Browns, Cleveland",,,,,,,,,,,,,,,,,
2026,TEN,0,1970,TEN,TMRB,0208,"Titans, Tennessee",,,,,,,,,,,,,,,,,
2026,JAC,0,1970,JAC,TMRB,0209,"Jaguars, Jacksonville",,,,,,,,,,,,,,,,,
2026,PIT,0,1970,PIT,TMRB,0210,"Steelers, Pittsburgh",,,,,,,,,,,,,,,,,
2026,DEN,0,1970,DEN,TMRB,0211,"Broncos, Denver",,,,,,,,,,,,,,,,,
2026,KCC,0,1970,KCC,TMRB,0212,"Chiefs, Kansas City",,,,,,,,,,,,,,,,,
2026,OAK,0,1970,LVR,TMRB,0213,"Raiders, Las Vegas",,,,,,,,,,,,,,,,,
2026,FA,0,1970,LAC,TMRB,0214,"Chargers, Los Angeles",,,,,,,,,,,,,,,,,
2026,SEA,0,1970,SEA,TMRB,0215,"Seahawks, Seattle",,,,,,,,,,,,,,,,,
2026,DAL,0,1970,DAL,TMRB,0216,"Cowboys, Dallas",,,,,,,,,,,,,,,,,
2026,NYG,0,1970,NYG,TMRB,0217,"Giants, New York",,,,,,,,,,,,,,,,,
2026,PHI,0,1970,PHI,TMRB,0218,"Eagles, Philadelphia",,,,,,,,,,,,,,,,,
2026,ARI,0,1970,ARI,TMRB,0219,"Cardinals, Arizona",,,,,,,,,,,,,,,,,
2026,WAS,0,1970,WAS,TMRB,0220,"Commanders, Washington",,,,,,,,,,,,,,,,,
2026,CHI,0,1970,CHI,TMRB,0221,"Bears, Chicago",,,,,,,,,,,,,,,,,
2026,DET,0,1970,DET,TMRB,0222,"Lions, Detroit",,,,,,,,,,,,,,,,,
2026,GBP,0,1970,GBP,TMRB,0223,"Packers, Green Bay",,,,,,,,,,,,,,,,,
2026,MIN,0,1970,MIN,TMRB,0224,"Vikings, Minnesota",,,,,,,,,,,,,,,,,
2026,TBB,0,1970,TBB,TMRB,0225,"Buccaneers, Tampa Bay",,,,,,,,,,,,,,,,,
2026,ATL,0,1970,ATL,TMRB,0226,"Falcons, Atlanta",,,,,,,,,,,,,,,,,
2026,CAR,0,1970,CAR,TMRB,0227,"Panthers, Carolina",,,,,,,,,,,,,,,,,
2026,FA,0,1970,LAR,TMRB,0228,"Rams, Los Angeles",,,,,,,,,,,,,,,,,
2026,NOS,0,1970,NOS,TMRB,0229,"Saints, New Orleans",,,,,,,,,,,,,,,,,
2026,SFO,0,1970,SFO,TMRB,0230,"49ers, San Francisco",,,,,,,,,,,,,,,,,
2026,BAL,0,1970,BAL,TMRB,0231,"Ravens, Baltimore",,,,,,,,,,,,,,,,,
2026,HOU,0,1970,HOU,TMRB,0232,"Texans, Houston",,,,,,,,,,,,,,,,,
2026,BUF,0,1970,BUF,TMDL,0251,"Bills, Buffalo",buffalobills,,,,,,,,,,,,,,,,
2026,IND,0,1970,IND,TMDL,0252,"Colts, Indianapolis",nflcolts,,,,,,,,,,,,,,,,
2026,MIA,0,1970,MIA,TMDL,0253,"Dolphins, Miami",MiamiDolphins,,,,,,,,,,,,,,,,
2026,NEP,0,1970,NEP,TMDL,0254,"Patriots, New England",patriots,,,,,,,,,,,,,,,,
2026,NYJ,0,1970,NYJ,TMDL,0255,"Jets, New York",nyjets,,,,,,,,,,,,,,,,
2026,CIN,0,1970,CIN,TMDL,0256,"Bengals, Cincinnati",Bengals,,,,,,,,,,,,,,,,
2026,CLE,0,1970,CLE,TMDL,0257,"Browns, Cleveland",OfficialBrowns,,,,,,,,,,,,,,,,
2026,TEN,0,1970,TEN,TMDL,0258,"Titans, Tennessee",tennesseetitans,,,,,,,,,,,,,,,,
2026,JAC,0,1970,JAC,TMDL,0259,"Jaguars, Jacksonville",jaguarsinsider,,,,,,,,,,,,,,,,
2026,PIT,0,1970,PIT,TMDL,0260,"Steelers, Pittsburgh",steelers,,,,,,,,,,,,,,,,
2026,DEN,0,1970,DEN,TMDL,0261,"Broncos, Denver",DenverBroncos,,,,,,,,,,,,,,,,
2026,KCC,0,1970,KCC,TMDL,0262,"Chiefs, Kansas City",kcchiefs,,,,,,,,,,,,,,,,
2026,OAK,0,1970,LVR,TMDL,0263,"Raiders, Las Vegas",raiders,,,,,,,,,,,,,,,,
2026,FA,0,1970,LAC,TMDL,0264,"Chargers, Los Angeles",chargers,,,,,,,,,,,,,,,,
2026,SEA,0,1970,SEA,TMDL,0265,"Seahawks, Seattle",seahawks,,,,,,,,,,,,,,,,
2026,DAL,0,1970,DAL,TMDL,0266,"Cowboys, Dallas",dallascowboys,,,,,,,,,,,,,,,,
2026,NYG,0,1970,NYG,TMDL,0267,"Giants, New York",giants,,,,,,,,,,,,,,,,
2026,PHI,0,1970,PHI,TMDL,0268,"Eagles, Philadelphia",Eagles,,,,,,,,,,,,,,,,
2026,ARI,0,1970,ARI,TMDL,0269,"Cardinals, Arizona",AZCardinals,,,,,,,,,,,,,,,,
2026,WAS,0,1970,WAS,TMDL,0270,"Commanders, Washington",Redskins,,,,,,,,,,,,,,,,
2026,CHI,0,1970,CHI,TMDL,0271,"Bears, Chicago",ChicagoBears,,,,,,,,,,,,,,,,
2026,DET,0,1970,DET,TMDL,0272,"Lions, Detroit",detroitlionsnfl,,,,,,,,,,,,,,,,
2026,GBP,0,1970,GBP,TMDL,0273,"Packers, Green Bay",packers,,,,,,,,,,,,,,,,
2026,MIN,0,1970,MIN,TMDL,0274,"Vikings, Minnesota",Vikings,,,,,,,,,,,,,,,,
2026,TBB,0,1970,TBB,TMDL,0275,"Buccaneers, Tampa Bay",TBBuccaneers,,,,,,,,,,,,,,,,
2026,ATL,0,1970,ATL,TMDL,0276,"Falcons, Atlanta",AtlantaFalcons,,,,,,,,,,,,,,,,
2026,CAR,0,1970,CAR,TMDL,0277,"Panthers, Carolina",Panthers,,,,,,,,,,,,,,,,
2026,FA,0,1970,LAR,TMDL,0278,"Rams, Los Angeles",STLouisRams,,,,,,,,,,,,,,,,
2026,NOS,0,1970,NOS,TMDL,0279,"Saints, New Orleans",saints,,,,,,,,,,,,,,,,
2026,SFO,0,1970,SFO,TMDL,0280,"49ers, San Francisco",49ers,,,,,,,,,,,,,,,,
2026,BAL,0,1970,BAL,TMDL,0281,"Ravens, Baltimore",ravens,,,,,,,,,,,,,,,,
2026,HOU,0,1970,HOU,TMDL,0282,"Texans, Houston",houstontexans,,,,,,,,,,,,,,,,
2026,BUF,0,1970,BUF,TMLB,0301,"Bills, Buffalo",buffalobills,,,,,,,,,,,,,,,,
2026,IND,0,1970,IND,TMLB,0302,"Colts, Indianapolis",nflcolts,,,,,,,,,,,,,,,,
2026,MIA,0,1970,MIA,TMLB,0303,"Dolphins, Miami",MiamiDolphins,,,,,,,,,,,,,,,,
2026,NEP,0,1970,NEP,TMLB,0304,"Patriots, New England",patriots,,,,,,,,,,,,,,,,
2026,NYJ,0,1970,NYJ,TMLB,0305,"Jets, New York",nyjets,,,,,,,,,,,,,,,,
2026,CIN,0,1970,CIN,TMLB,0306,"Bengals, Cincinnati",Bengals,,,,,,,,,,,,,,,,
2026,CLE,0,1970,CLE,TMLB,0307,"Browns, Cleveland",OfficialBrowns,,,,,,,,,,,,,,,,
2026,TEN,0,1970,TEN,TMLB,0308,"Titans, Tennessee",tennesseetitans,,,,,,,,,,,,,,,,
2026,JAC,0,1970,JAC,TMLB,0309,"Jaguars, Jacksonville",jaguarsinsider,,,,,,,,,,,,,,,,
2026,PIT,0,1970,PIT,TMLB,0310,"Steelers, Pittsburgh",steelers,,,,,,,,,,,,,,,,
2026,DEN,0,1970,DEN,TMLB,0311,"Broncos, Denver",DenverBroncos,,,,,,,,,,,,,,,,
2026,KCC,0,1970,KCC,TMLB,0312,"Chiefs, Kansas City",kcchiefs,,,,,,,,,,,,,,,,
2026,OAK,0,1970,LVR,TMLB,0313,"Raiders, Las Vegas",raiders,,,,,,,,,,,,,,,,
2026,FA,0,1970,LAC,TMLB,0314,"Chargers, Los Angeles",chargers,,,,,,,,,,,,,,,,
2026,SEA,0,1970,SEA,TMLB,0315,"Seahawks, Seattle",seahawks,,,,,,,,,,,,,,,,
2026,DAL,0,1970,DAL,TMLB,0316,"Cowboys, Dallas",dallascowboys,,,,,,,,,,,,,,,,
2026,NYG,0,1970,NYG,TMLB,0317,"Giants, New York",giants,,,,,,,,,,,,,,,,
2026,PHI,0,1970,PHI,TMLB,0318,"Eagles, Philadelphia",Eagles,,,,,,,,,,,,,,,,
2026,ARI,0,1970,ARI,TMLB,0319,"Cardinals, Arizona",AZCardinals,,,,,,,,,,,,,,,,
2026,WAS,0,1970,WAS,TMLB,0320,"Commanders, Washington",Redskins,,,,,,,,,,,,,,,,
2026,CHI,0,1970,CHI,TMLB,0321,"Bears, Chicago",ChicagoBears,,,,,,,,,,,,,,,,
2026,DET,0,1970,DET,TMLB,0322,"Lions, Detroit",detroitlionsnfl,,,,,,,,,,,,,,,,
2026,GBP,0,1970,GBP,TMLB,0323,"Packers, Green Bay",packers,,,,,,,,,,,,,,,,
2026,MIN,0,1970,MIN,TMLB,0324,"Vikings, Minnesota",Vikings,,,,,,,,,,,,,,,,
2026,TBB,0,1970,TBB,TMLB,0325,"Buccaneers, Tampa Bay",TBBuccaneers,,,,,,,,,,,,,,,,
2026,ATL,0,1970,ATL,TMLB,0326,"Falcons, Atlanta",AtlantaFalcons,,,,,,,,,,,,,,,,
2026,CAR,0,1970,CAR,TMLB,0327,"Panthers, Carolina",Panthers,,,,,,,,,,,,,,,,
2026,FA,0,1970,LAR,TMLB,0328,"Rams, Los Angeles",STLouisRams,,,,,,,,,,,,,,,,
2026,NOS,0,1970,NOS,TMLB,0329,"Saints, New Orleans",saints,,,,,,,,,,,,,,,,
2026,SFO,0,1970,SFO,TMLB,0330,"49ers, San Francisco",49ers,,,,,,,,,,,,,,,,
2026,BAL,0,1970,BAL,TMLB,0331,"Ravens, Baltimore",ravens,,,,,,,,,,,,,,,,
2026,HOU,0,1970,HOU,TMLB,0332,"Texans, Houston",houstontexans,,,,,,,,,,,,,,,,
2026,BUF,0,1970,BUF,TMDB,0351,"Bills, Buffalo",buffalobills,,,,,,,,,,,,,,,,
2026,IND,0,1970,IND,TMDB,0352,"Colts, Indianapolis",nflcolts,,,,,,,,,,,,,,,,
2026,MIA,0,1970,MIA,TMDB,0353,"Dolphins, Miami",MiamiDolphins,,,,,,,,,,,,,,,,
2026,NEP,0,1970,NEP,TMDB,0354,"Patriots, New England",patriots,,,,,,,,,,,,,,,,
2026,NYJ,0,1970,NYJ,TMDB,0355,"Jets, New York",nyjets,,,,,,,,,,,,,,,,
2026,CIN,0,1970,CIN,TMDB,0356,"Bengals, Cincinnati",Bengals,,,,,,,,,,,,,,,,
2026,CLE,0,1970,CLE,TMDB,0357,"Browns, Cleveland",OfficialBrowns,,,,,,,,,,,,,,,,
2026,TEN,0,1970,TEN,TMDB,0358,"Titans, Tennessee",tennesseetitans,,,,,,,,,,,,,,,,
2026,JAC,0,1970,JAC,TMDB,0359,"Jaguars, Jacksonville",jaguarsinsider,,,,,,,,,,,,,,,,
2026,PIT,0,1970,PIT,TMDB,0360,"Steelers, Pittsburgh",steelers,,,,,,,,,,,,,,,,
2026,DEN,0,1970,DEN,TMDB,0361,"Broncos, Denver",DenverBroncos,,,,,,,,,,,,,,,,
2026,KCC,0,1970,KCC,TMDB,0362,"Chiefs, Kansas City",kcchiefs,,,,,,,,,,,,,,,,
2026,OAK,0,1970,LVR,TMDB,0363,"Raiders, Las Vegas",raiders,,,,,,,,,,,,,,,,
2026,FA,0,1970,LAC,TMDB,0364,"Chargers, Los Angeles",chargers,,,,,,,,,,,,,,,,
2026,SEA,0,1970,SEA,TMDB,0365,"Seahawks, Seattle",seahawks,,,,,,,,,,,,,,,,
2026,DAL,0,1970,DAL,TMDB,0366,"Cowboys, Dallas",dallascowboys,,,,,,,,,,,,,,,,
2026,NYG,0,1970,NYG,TMDB,0367,"Giants, New York",giants,,,,,,,,,,,,,,,,
2026,PHI,0,1970,PHI,TMDB,0368,"Eagles, Philadelphia",Eagles,,,,,,,,,,,,,,,,
2026,ARI,0,1970,ARI,TMDB,0369,"Cardinals, Arizona",AZCardinals,,,,,,,,,,,,,,,,
2026,WAS,0,1970,WAS,TMDB,0370,"Commanders, Washington",Redskins,,,,,,,,,,,,,,,,
2026,CHI,0,1970,CHI,TMDB,0371,"Bears, Chicago",ChicagoBears,,,,,,,,,,,,,,,,
2026,DET,0,1970,DET,TMDB,0372,"Lions, Detroit",detroitlionsnfl,,,,,,,,,,,,,,,,
2026,GBP,0,1970,GBP,TMDB,0373,"Packers, Green Bay",packers,,,,,,,,,,,,,,,,
2026,MIN,0,1970,MIN,TMDB,0374,"Vikings, Minnesota",Vikings,,,,,,,,,,,,,,,,
2026,TBB,0,1970,TBB,TMDB,0375,"Buccaneers, Tampa Bay",TBBuccaneers,,,,,,,,,,,,,,,,
2026,ATL,0,1970,ATL,TMDB,0376,"Falcons, Atlanta",AtlantaFalcons,,,,,,,,,,,,,,,,
2026,CAR,0,1970,CAR,TMDB,0377,"Panthers, Carolina",Panthers,,,,,,,,,,,,,,,,
2026,FA,0,1970,LAR,TMDB,0378,"Rams, Los Angeles",STLouisRams,,,,,,,,,,,,,,,,
2026,NOS,0,1970,NOS,TMDB,0379,"Saints, New Orleans",saints,,,,,,,,,,,,,,,,
2026,SFO,0,1970,SFO,TMDB,0380,"49ers, San Francisco",49ers,,,,,,,,,,,,,,,,
2026,BAL,0,1970,BAL,TMDB,0381,"Ravens, Baltimore",ravens,,,,,,,,,,,,,,,,
2026,HOU,0,1970,HOU,TMDB,0382,"Texans, Houston",houstontexans,,,,,,,,,,,,,,,,
2026,BUF,0,1970,BUF,TMTE,0401,"Bills, Buffalo",buffalobills,,,,,,,,,,,,,,,,
2026,IND,0,1970,IND,TMTE,0402,"Colts, Indianapolis",nflcolts,,,,,,,,,,,,,,,,
2026,MIA,0,1970,MIA,TMTE,0403,"Dolphins, Miami",MiamiDolphins,,,,,,,,,,,,,,,,
2026,NEP,0,1970,NEP,TMTE,0404,"Patriots, New England",patriots,,,,,,,,,,,,,,,,
2026,NYJ,0,1970,NYJ,TMTE,0405,"Jets, New York",nyjets,,,,,,,,,,,,,,,,
2026,CIN,0,1970,CIN,TMTE,0406,"Bengals, Cincinnati",Bengals,,,,,,,,,,,,,,,,
2026,CLE,0,1970,CLE,TMTE,0407,"Browns, Cleveland",OfficialBrowns,,,,,,,,,,,,,,,,
2026,TEN,0,1970,TEN,TMTE,0408,"Titans, Tennessee",tennesseetitans,,,,,,,,,,,,,,,,
2026,JAC,0,1970,JAC,TMTE,0409,"Jaguars, Jacksonville",jaguarsinsider,,,,,,,,,,,,,,,,
2026,PIT,0,1970,PIT,TMTE,0410,"Steelers, Pittsburgh",steelers,,,,,,,,,,,,,,,,
2026,DEN,0,1970,DEN,TMTE,0411,"Broncos, Denver",DenverBroncos,,,,,,,,,,,,,,,,
2026,KCC,0,1970,KCC,TMTE,0412,"Chiefs, Kansas City",kcchiefs,,,,,,,,,,,,,,,,
2026,OAK,0,1970,LVR,TMTE,0413,"Raiders, Las Vegas",raiders,,,,,,,,,,,,,,,,
2026,FA,0,1970,LAC,TMTE,0414,"Chargers, Los Angeles",chargers,,,,,,,,,,,,,,,,
2026,SEA,0,1970,SEA,TMTE,0415,"Seahawks, Seattle",seahawks,,,,,,,,,,,,,,,,
2026,DAL,0,1970,DAL,TMTE,0416,"Cowboys, Dallas",dallascowboys,,,,,,,,,,,,,,,,
2026,NYG,0,1970,NYG,TMTE,0417,"Giants, New York",giants,,,,,,,,,,,,,,,,
2026,PHI,0,1970,PHI,TMTE,0418,"Eagles, Philadelphia",Eagles,,,,,,,,,,,,,,,,
2026,ARI,0,1970,ARI,TMTE,0419,"Cardinals, Arizona",AZCardinals,,,,,,,,,,,,,,,,
2026,WAS,0,1970,WAS,TMTE,0420,"Commanders, Washington",Redskins,,,,,,,,,,,,,,,,
2026,CHI,0,1970,CHI,TMTE,0421,"Bears, Chicago",ChicagoBears,,,,,,,,,,,,,,,,
2026,DET,0,1970,DET,TMTE,0422,"Lions, Detroit",detroitlionsnfl,,,,,,,,,,,,,,,,
2026,GBP,0,1970,GBP,TMTE,0423,"Packers, Green Bay",packers,,,,,,,,,,,,,,,,
2026,MIN,0,1970,MIN,TMTE,0424,"Vikings, Minnesota",Vikings,,,,,,,,,,,,,,,,
2026,TBB,0,1970,TBB,TMTE,0425,"Buccaneers, Tampa Bay",TBBuccaneers,,,,,,,,,,,,,,,,
2026,ATL,0,1970,ATL,TMTE,0426,"Falcons, Atlanta",AtlantaFalcons,,,,,,,,,,,,,,,,
2026,CAR,0,1970,CAR,TMTE,0427,"Panthers, Carolina",Panthers,,,,,,,,,,,,,,,,
2026,FA,0,1970,LAR,TMTE,0428,"Rams, Los Angeles",STLouisRams,,,,,,,,,,,,,,,,
2026,NOS,0,1970,NOS,TMTE,0429,"Saints, New Orleans",saints,,,,,,,,,,,,,,,,
2026,SFO,0,1970,SFO,TMTE,0430,"49ers, San Francisco",49ers,,,,,,,,,,,,,,,,
2026,BAL,0,1970,BAL,TMTE,0431,"Ravens, Baltimore",ravens,,,,,,,,,,,,,,,,
2026,HOU,0,1970,HOU,TMTE,0432,"Texans, Houston",houstontexans,,,,,,,,,,,,,,,,
2026,BUF,0,1970,BUF,Def,0501,"Bills, Buffalo",buffalobills,2,409,2331,,,,,,,,,,,,,
2026,IND,0,1970,IND,Def,0502,"Colts, Indianapolis",nflcolts,11,402,2341,,,,,,,,,,,,,
2026,MIA,0,1970,MIA,Def,0503,"Dolphins, Miami",MiamiDolphins,15,404,2344,,,,,,,,,,,,,
2026,NEP,0,1970,NEP,Def,0504,"Patriots, New England",patriots,17,406,2346,,,,,,,,,,,,,
2026,NYJ,0,1970,NYJ,Def,0505,"Jets, New York",nyjets,20,410,2349,,,,,,,,,,,,,
2026,CIN,0,1970,CIN,Def,0506,"Bengals, Cincinnati",Bengals,4,426,2334,,,,,,,,,,,,,
2026,CLE,0,1970,CLE,Def,0507,"Browns, Cleveland",OfficialBrowns,5,419,2335,,,,,,,,,,,,,
2026,TEN,0,1970,TEN,Def,0508,"Titans, Tennessee",tennesseetitans,10,431,2358,,,,,,,,,,,,,
2026,JAC,0,1970,JAC,Def,0509,"Jaguars, Jacksonville",jaguarsinsider,30,422,2342,,,,,,,,,,,,,
2026,PIT,0,1970,PIT,Def,0510,"Steelers, Pittsburgh",steelers,23,413,2352,,,,,,,,,,,,,
2026,DEN,0,1970,DEN,Def,0511,"Broncos, Denver",DenverBroncos,7,428,2337,,,,,,,,,,,,,
2026,KCC,0,1970,KCC,Def,0512,"Chiefs, Kansas City",kcchiefs,12,403,2343,,,,,,,,,,,,,
2026,OAK,0,1970,LVR,Def,0513,"Raiders, Las Vegas",raiders,13,424,2350,,,,,,,,,,,,,
2026,FA,0,1970,LAC,Def,0514,"Chargers, Los Angeles",chargers,24,414,,,,,,,,,,,,,,
2026,SEA,0,1970,SEA,Def,0515,"Seahawks, Seattle",seahawks,26,416,2354,,,,,,,,,,,,,
2026,DAL,0,1970,DAL,Def,0516,"Cowboys, Dallas",dallascowboys,6,427,2336,,,,,,,,,,,,,
2026,NYG,0,1970,NYG,Def,0517,"Giants, New York",giants,19,408,2348,,,,,,,,,,,,,
2026,PHI,0,1970,PHI,Def,0518,"Eagles, Philadelphia",Eagles,21,411,2351,,,,,,,,,,,,,
2026,ARI,0,1970,ARI,Def,0519,"Cardinals, Arizona",AZCardinals,22,412,2328,,,,,,,,,,,,,
2026,WAS,0,1970,WAS,Def,0520,"Commanders, Washington",Redskins,28,418,,,,,,,,,,,,,,
2026,CHI,0,1970,CHI,Def,0521,"Bears, Chicago",ChicagoBears,3,421,2333,,,,,,,,,,,,,
2026,DET,0,1970,DET,Def,0522,"Lions, Detroit",detroitlionsnfl,8,429,2338,,,,,,,,,,,,,
2026,GBP,0,1970,GBP,Def,0523,"Packers, Green Bay",packers,9,430,2339,,,,,,,,,,,,,
2026,MIN,0,1970,MIN,Def,0524,"Vikings, Minnesota",Vikings,16,405,2345,,,,,,,,,,,,,
2026,TBB,0,1970,TBB,Def,0525,"Buccaneers, Tampa Bay",TBBuccaneers,27,417,2357,,,,,,,,,,,,,
2026,ATL,0,1970,ATL,Def,0526,"Falcons, Atlanta",AtlantaFalcons,1,401,2329,,,,,,,,,,,,,
2026,CAR,0,1970,CAR,Def,0527,"Panthers, Carolina",Panthers,29,420,2332,,,,,,,,,,,,,
2026,FA,0,1970,LAR,Def,0528,"Rams, Los Angeles",STLouisRams,14,423,,,,,,,,,,,,,,
2026,NOS,0,1970,NOS,Def,0529,"Saints, New Orleans",saints,18,407,2347,,,,,,,,,,,,,
2026,SFO,0,1970,SFO,Def,0530,"49ers, San Francisco",49ers,25,415,,,,,,,,,,,,,,
2026,BAL,0,1970,BAL,Def,0531,"Ravens, Baltimore",ravens,33,425,2330,,,,,,,,,,,,,
2026,HOU,0,1970,HOU,Def,0532,"Texans, Houston",houstontexans,34,432,2340,,,,,,,,,,,,,
2026,BUF,0,1970,BUF,ST,0551,"Bills, Buffalo",buffalobills,,309,,,,,,,,,,,,,,
2026,IND,0,1970,IND,ST,0552,"Colts, Indianapolis",nflcolts,,302,,,,,,,,,,,,,,
2026,MIA,0,1970,MIA,ST,0553,"Dolphins, Miami",MiamiDolphins,,304,,,,,,,,,,,,,,
2026,NEP,0,1970,NEP,ST,0554,"Patriots, New England",patriots,,306,,,,,,,,,,,,,,
2026,NYJ,0,1970,NYJ,ST,0555,"Jets, New York",nyjets,,310,,,,,,,,,,,,,,
2026,CIN,0,1970,CIN,ST,0556,"Bengals, Cincinnati",Bengals,,326,,,,,,,,,,,,,,
2026,CLE,0,1970,CLE,ST,0557,"Browns, Cleveland",OfficialBrowns,,319,,,,,,,,,,,,,,
2026,TEN,0,1970,TEN,ST,0558,"Titans, Tennessee",tennesseetitans,,331,,,,,,,,,,,,,,
2026,JAC,0,1970,JAC,ST,0559,"Jaguars, Jacksonville",jaguarsinsider,,322,,,,,,,,,,,,,,
2026,PIT,0,1970,PIT,ST,0560,"Steelers, Pittsburgh",steelers,,313,,,,,,,,,,,,,,
2026,DEN,0,1970,DEN,ST,0561,"Broncos, Denver",DenverBroncos,,328,,,,,,,,,,,,,,
2026,KCC,0,1970,KCC,ST,0562,"Chiefs, Kansas City",kcchiefs,,303,,,,,,,,,,,,,,
2026,OAK,0,1970,LVR,ST,0563,"Raiders, Las Vegas",raiders,,324,,,,,,,,,,,,,,
2026,FA,0,1970,LAC,ST,0564,"Chargers, Los Angeles",chargers,,314,,,,,,,,,,,,,,
2026,SEA,0,1970,SEA,ST,0565,"Seahawks, Seattle",seahawks,,316,,,,,,,,,,,,,,
2026,DAL,0,1970,DAL,ST,0566,"Cowboys, Dallas",dallascowboys,,327,,,,,,,,,,,,,,
2026,NYG,0,1970,NYG,ST,0567,"Giants, New York",giants,,308,,,,,,,,,,,,,,
2026,PHI,0,1970,PHI,ST,0568,"Eagles, Philadelphia",Eagles,,311,,,,,,,,,,,,,,
2026,ARI,0,1970,ARI,ST,0569,"Cardinals, Arizona",AZCardinals,,312,,,,,,,,,,,,,,
2026,WAS,0,1970,WAS,ST,0570,"Commanders, Washington",Redskins,,318,,,,,,,,,,,,,,
2026,CHI,0,1970,CHI,ST,0571,"Bears, Chicago",ChicagoBears,,321,,,,,,,,,,,,,,
2026,DET,0,1970,DET,ST,0572,"Lions, Detroit",detroitlionsnfl,,329,,,,,,,,,,,,,,
2026,GBP,0,1970,GBP,ST,0573,"Packers, Green Bay",packers,,330,,,,,,,,,,,,,,
2026,MIN,0,1970,MIN,ST,0574,"Vikings, Minnesota",Vikings,,305,,,,,,,,,,,,,,
2026,TBB,0,1970,TBB,ST,0575,"Buccaneers, Tampa Bay",TBBuccaneers,,317,,,,,,,,,,,,,,
2026,ATL,0,1970,ATL,ST,0576,"Falcons, Atlanta",AtlantaFalcons,,301,,,,,,,,,,,,,,
2026,CAR,0,1970,CAR,ST,0577,"Panthers, Carolina",Panthers,,320,,,,,,,,,,,,,,
2026,FA,0,1970,LAR,ST,0578,"Rams, Los Angeles",STLouisRams,,323,,,,,,,,,,,,,,
2026,NOS,0,1970,NOS,ST,0579,"Saints, New Orleans",saints,,307,,,,,,,,,,,,,,
2026,SFO,0,1970,SFO,ST,0580,"49ers, San Francisco",49ers,,315,,,,,,,,,,,,,,
2026,BAL,0,1970,BAL,ST,0581,"Ravens, Baltimore",ravens,,325,,,,,,,,,,,,,,
2026,HOU,0,1970,HOU,ST,0582,"Texans, Houston",houstontexans,,332,,,,,,,,,,,,,,
2026,BUF,0,1970,BUF,Off,0601,"Bills, Buffalo",buffalobills,,,,,,,,,,,,,,,,
2026,IND,0,1970,IND,Off,0602,"Colts, Indianapolis",nflcolts,,,,,,,,,,,,,,,,
2026,MIA,0,1970,MIA,Off,0603,"Dolphins, Miami",MiamiDolphins,,,,,,,,,,,,,,,,
2026,NEP,0,1970,NEP,Off,0604,"Patriots, New England",patriots,,,,,,,,,,,,,,,,
2026,NYJ,0,1970,NYJ,Off,0605,"Jets, New York",nyjets,,,,,,,,,,,,,,,,
2026,CIN,0,1970,CIN,Off,0606,"Bengals, Cincinnati",Bengals,,,,,,,,,,,,,,,,
2026,CLE,0,1970,CLE,Off,0607,"Browns, Cleveland",OfficialBrowns,,,,,,,,,,,,,,,,
2026,TEN,0,1970,TEN,Off,0608,"Titans, Tennessee",tennesseetitans,,,,,,,,,,,,,,,,
2026,JAC,0,1970,JAC,Off,0609,"Jaguars, Jacksonville",jaguarsinsider,,,,,,,,,,,,,,,,
2026,PIT,0,1970,PIT,Off,0610,"Steelers, Pittsburgh",steelers,,,,,,,,,,,,,,,,
2026,DEN,0,1970,DEN,Off,0611,"Broncos, Denver",DenverBroncos,,,,,,,,,,,,,,,,
2026,KCC,0,1970,KCC,Off,0612,"Chiefs, Kansas City",kcchiefs,,,,,,,,,,,,,,,,
2026,OAK,0,1970,LVR,Off,0613,"Raiders, Las Vegas",raiders,,,,,,,,,,,,,,,,
2026,FA,0,1970,LAC,Off,0614,"Chargers, Los Angeles",chargers,,,,,,,,,,,,,,,,
2026,SEA,0,1970,SEA,Off,0615,"Seahawks, Seattle",seahawks,,,,,,,,,,,,,,,,
2026,DAL,0,1970,DAL,Off,0616,"Cowboys, Dallas",dallascowboys,,,,,,,,,,,,,,,,
2026,NYG,0,1970,NYG,Off,0617,"Giants, New York",giants,,,,,,,,,,,,,,,,
2026,PHI,0,1970,PHI,Off,0618,"Eagles, Philadelphia",Eagles,,,,,,,,,,,,,,,,
2026,ARI,0,1970,ARI,Off,0619,"Cardinals, Arizona",AZCardinals,,,,,,,,,,,,,,,,
2026,WAS,0,1970,WAS,Off,0620,"Commanders, Washington",Redskins,,,,,,,,,,,,,,,,
2026,CHI,0,1970,CHI,Off,0621,"Bears, Chicago",ChicagoBears,,,,,,,,,,,,,,,,
2026,DET,0,1970,DET,Off,0622,"Lions, Detroit",detroitlionsnfl,,,,,,,,,,,,,,,,
2026,GBP,0,1970,GBP,Off,0623,"Packers, Green Bay",packers,,,,,,,,,,,,,,,,
2026,MIN,0,1970,MIN,Off,0624,"Vikings, Minnesota",Vikings,,,,,,,,,,,,,,,,
2026,TBB,0,1970,TBB,Off,0625,"Buccaneers, Tampa Bay",TBBuccaneers,,,,,,,,,,,,,,,,
2026,ATL,0,1970,ATL,Off,0626,"Falcons, Atlanta",AtlantaFalcons,,,,,,,,,,,,,,,,
2026,CAR,0,1970,CAR,Off,0627,"Panthers, Carolina",Panthers,,,,,,,,,,,,,,,,
2026,FA,0,1970,LAR,Off,0628,"Rams, Los Angeles",STLouisRams,,,,,,,,,,,,,,,,
2026,NOS,0,1970,NOS,Off,0629,"Saints, New Orleans",saints,,,,,,,,,,,,,,,,
2026,SFO,0,1970,SFO,Off,0630,"49ers, San Francisco",49ers,,,,,,,,,,,,,,,,
2026,BAL,0,1970,BAL,Off,0631,"Ravens, Baltimore",ravens,,,,,,,,,,,,,,,,
2026,HOU,0,1970,HOU,Off,0632,"Texans, Houston",houstontexans,,,,,,,,,,,,,,,,
2026,BUF,0,1970,BUF,TMQB,0651,"Bills, Buffalo",buffalobills,,,,,,,,,,,,,,,,
2026,IND,0,1970,IND,TMQB,0652,"Colts, Indianapolis",nflcolts,,502,,,,,,,,,,,,,,
2026,MIA,0,1970,MIA,TMQB,0653,"Dolphins, Miami",MiamiDolphins,,504,,,,,,,,,,,,,,
2026,NEP,0,1970,NEP,TMQB,0654,"Patriots, New England",patriots,,506,,,,,,,,,,,,,,
2026,NYJ,0,1970,NYJ,TMQB,0655,"Jets, New York",nyjets,,510,,,,,,,,,,,,,,
2026,CIN,0,1970,CIN,TMQB,0656,"Bengals, Cincinnati",Bengals,,,,,,,,,,,,,,,,
2026,CLE,0,1970,CLE,TMQB,0657,"Browns, Cleveland",OfficialBrowns,,,,,,,,,,,,,,,,
2026,TEN,0,1970,TEN,TMQB,0658,"Titans, Tennessee",tennesseetitans,,531,,,,,,,,,,,,,,
2026,JAC,0,1970,JAC,TMQB,0659,"Jaguars, Jacksonville",jaguarsinsider,,522,,,,,,,,,,,,,,
2026,PIT,0,1970,PIT,TMQB,0660,"Steelers, Pittsburgh",steelers,,513,,,,,,,,,,,,,,
2026,DEN,0,1970,DEN,TMQB,0661,"Broncos, Denver",DenverBroncos,,,,,,,,,,,,,,,,
2026,KCC,0,1970,KCC,TMQB,0662,"Chiefs, Kansas City",kcchiefs,,503,,,,,,,,,,,,,,
2026,OAK,0,1970,LVR,TMQB,0663,"Raiders, Las Vegas",raiders,,524,,,,,,,,,,,,,,
2026,FA,0,1970,LAC,TMQB,0664,"Chargers, Los Angeles",chargers,,514,,,,,,,,,,,,,,
2026,SEA,0,1970,SEA,TMQB,0665,"Seahawks, Seattle",seahawks,,516,,,,,,,,,,,,,,
2026,DAL,0,1970,DAL,TMQB,0666,"Cowboys, Dallas",dallascowboys,,527,,,,,,,,,,,,,,
2026,NYG,0,1970,NYG,TMQB,0667,"Giants, New York",giants,,508,,,,,,,,,,,,,,
2026,PHI,0,1970,PHI,TMQB,0668,"Eagles, Philadelphia",Eagles,,511,,,,,,,,,,,,,,
2026,ARI,0,1970,ARI,TMQB,0669,"Cardinals, Arizona",AZCardinals,,512,,,,,,,,,,,,,,
2026,WAS,0,1970,WAS,TMQB,0670,"Commanders, Washington",Redskins,,518,,,,,,,,,,,,,,
2026,CHI,0,1970,CHI,TMQB,0671,"Bears, Chicago",ChicagoBears,,,,,,,,,,,,,,,,
2026,DET,0,1970,DET,TMQB,0672,"Lions, Detroit",detroitlionsnfl,,529,,,,,,,,,,,,,,
2026,GBP,0,1970,GBP,TMQB,0673,"Packers, Green Bay",packers,,530,,,,,,,,,,,,,,
2026,MIN,0,1970,MIN,TMQB,0674,"Vikings, Minnesota",Vikings,,505,,,,,,,,,,,,,,
2026,TBB,0,1970,TBB,TMQB,0675,"Buccaneers, Tampa Bay",TBBuccaneers,,,,,,,,,,,,,,,,
2026,ATL,0,1970,ATL,TMQB,0676,"Falcons, Atlanta",AtlantaFalcons,,501,,,,,,,,,,,,,,
2026,CAR,0,1970,CAR,TMQB,0677,"Panthers, Carolina",Panthers,,520,,,,,,,,,,,,,,
2026,FA,0,1970,LAR,TMQB,0678,"Rams, Los Angeles",STLouisRams,,523,,,,,,,,,,,,,,
2026,NOS,0,1970,NOS,TMQB,0679,"Saints, New Orleans",saints,,507,,,,,,,,,,,,,,
2026,SFO,0,1970,SFO,TMQB,0680,"49ers, San Francisco",49ers,,,,,,,,,,,,,,,,
2026,BAL,0,1970,BAL,TMQB,0681,"Ravens, Baltimore",ravens,,525,,,,,,,,,,,,,,
2026,HOU,0,1970,HOU,TMQB,0682,"Texans, Houston",houstontexans,,532,,,,,,,,,,,,,,
2026,BUF,0,1970,BUF,TMPK,0701,"Bills, Buffalo",buffalobills,,,,,,,,,,,,,,,,
2026,IND,0,1970,IND,TMPK,0702,"Colts, Indianapolis",nflcolts,,,,,,,,,,,,,,,,
2026,MIA,0,1970,MIA,TMPK,0703,"Dolphins, Miami",MiamiDolphins,,,,,,,,,,,,,,,,
2026,NEP,0,1970,NEP,TMPK,0704,"Patriots, New England",patriots,,,,,,,,,,,,,,,,
2026,NYJ,0,1970,NYJ,TMPK,0705,"Jets, New York",nyjets,,,,,,,,,,,,,,,,
2026,CIN,0,1970,CIN,TMPK,0706,"Bengals, Cincinnati",Bengals,,,,,,,,,,,,,,,,
2026,CLE,0,1970,CLE,TMPK,0707,"Browns, Cleveland",OfficialBrowns,,,,,,,,,,,,,,,,
2026,TEN,0,1970,TEN,TMPK,0708,"Titans, Tennessee",tennesseetitans,,,,,,,,,,,,,,,,
2026,JAC,0,1970,JAC,TMPK,0709,"Jaguars, Jacksonville",jaguarsinsider,,,,,,,,,,,,,,,,
2026,PIT,0,1970,PIT,TMPK,0710,"Steelers, Pittsburgh",steelers,,,,,,,,,,,,,,,,
2026,DEN,0,1970,DEN,TMPK,0711,"Broncos, Denver",DenverBroncos,,,,,,,,,,,,,,,,
2026,KCC,0,1970,KCC,TMPK,0712,"Chiefs, Kansas City",kcchiefs,,,,,,,,,,,,,,,,
2026,OAK,0,1970,LVR,TMPK,0713,"Raiders, Las Vegas",raiders,,,,,,,,,,,,,,,,
2026,FA,0,1970,LAC,TMPK,0714,"Chargers, Los Angeles",chargers,,,,,,,,,,,,,,,,
2026,SEA,0,1970,SEA,TMPK,0715,"Seahawks, Seattle",seahawks,,,,,,,,,,,,,,,,
2026,DAL,0,1970,DAL,TMPK,0716,"Cowboys, Dallas",dallascowboys,,,,,,,,,,,,,,,,
2026,NYG,0,1970,NYG,TMPK,0717,"Giants, New York",giants,,,,,,,,,,,,,,,,
2026,PHI,0,1970,PHI,TMPK,0718,"Eagles, Philadelphia",Eagles,,,,,,,,,,,,,,,,
2026,ARI,0,1970,ARI,TMPK,0719,"Cardinals, Arizona",AZCardinals,,,,,,,,,,,,,,,,
2026,WAS,0,1970,WAS,TMPK,0720,"Commanders, Washington",Redskins,,,,,,,,,,,,,,,,
2026,CHI,0,1970,CHI,TMPK,0721,"Bears, Chicago",ChicagoBears,,,,,,,,,,,,,,,,
2026,DET,0,1970,DET,TMPK,0722,"Lions, Detroit",detroitlionsnfl,,,,,,,,,,,,,,,,
2026,GBP,0,1970,GBP,TMPK,0723,"Packers, Green Bay",packers,,,,,,,,,,,,,,,,
2026,MIN,0,1970,MIN,TMPK,0724,"Vikings, Minnesota",Vikings,,,,,,,,,,,,,,,,
2026,TBB,0,1970,TBB,TMPK,0725,"Buccaneers, Tampa Bay",TBBuccaneers,,,,,,,,,,,,,,,,
2026,ATL,0,1970,ATL,TMPK,0726,"Falcons, Atlanta",AtlantaFalcons,,,,,,,,,,,,,,,,
2026,CAR,0,1970,CAR,TMPK,0727,"Panthers, Carolina",Panthers,,,,,,,,,,,,,,,,
2026,FA,0,1970,LAR,TMPK,0728,"Rams, Los Angeles",STLouisRams,,,,,,,,,,,,,,,,
2026,NOS,0,1970,NOS,TMPK,0729,"Saints, New Orleans",saints,,,,,,,,,,,,,,,,
2026,SFO,0,1970,SFO,TMPK,0730,"49ers, San Francisco",49ers,,,,,,,,,,,,,,,,
2026,BAL,0,1970,BAL,TMPK,0731,"Ravens, Baltimore",ravens,,,,,,,,,,,,,,,,
2026,HOU,0,1970,HOU,TMPK,0732,"Texans, Houston",houstontexans,,,,,,,,,,,,,,,,
2026,BUF,0,1970,BUF,TMPN,0751,"Bills, Buffalo",buffalobills,,,,,,,,,,,,,,,,
2026,IND,0,1970,IND,TMPN,0752,"Colts, Indianapolis",nflcolts,,,,,,,,,,,,,,,,
2026,MIA,0,1970,MIA,TMPN,0753,"Dolphins, Miami",MiamiDolphins,,,,,,,,,,,,,,,,
2026,NEP,0,1970,NEP,TMPN,0754,"Patriots, New England",patriots,,,,,,,,,,,,,,,,
2026,NYJ,0,1970,NYJ,TMPN,0755,"Jets, New York",nyjets,,,,,,,,,,,,,,,,
2026,CIN,0,1970,CIN,TMPN,0756,"Bengals, Cincinnati",Bengals,,,,,,,,,,,,,,,,
2026,CLE,0,1970,CLE,TMPN,0757,"Browns, Cleveland",OfficialBrowns,,,,,,,,,,,,,,,,
2026,TEN,0,1970,TEN,TMPN,0758,"Titans, Tennessee",tennesseetitans,,,,,,,,,,,,,,,,
2026,JAC,0,1970,JAC,TMPN,0759,"Jaguars, Jacksonville",jaguarsinsider,,,,,,,,,,,,,,,,
2026,PIT,0,1970,PIT,TMPN,0760,"Steelers, Pittsburgh",steelers,,,,,,,,,,,,,,,,
2026,DEN,0,1970,DEN,TMPN,0761,"Broncos, Denver",DenverBroncos,,,,,,,,,,,,,,,,
2026,KCC,0,1970,KCC,TMPN,0762,"Chiefs, Kansas City",kcchiefs,,,,,,,,,,,,,,,,
2026,OAK,0,1970,LVR,TMPN,0763,"Raiders, Las Vegas",raiders,,,,,,,,,,,,,,,,
2026,FA,0,1970,LAC,TMPN,0764,"Chargers, Los Angeles",chargers,,,,,,,,,,,,,,,,
2026,SEA,0,1970,SEA,TMPN,0765,"Seahawks, Seattle",seahawks,,,,,,,,,,,,,,,,
2026,DAL,0,1970,DAL,TMPN,0766,"Cowboys, Dallas",dallascowboys,,,,,,,,,,,,,,,,
2026,NYG,0,1970,NYG,TMPN,0767,"Giants, New York",giants,,,,,,,,,,,,,,,,
2026,PHI,0,1970,PHI,TMPN,0768,"Eagles, Philadelphia",Eagles,,,,,,,,,,,,,,,,
2026,ARI,0,1970,ARI,TMPN,0769,"Cardinals, Arizona",AZCardinals,,,,,,,,,,,,,,,,
2026,WAS,0,1970,WAS,TMPN,0770,"Commanders, Washington",Redskins,,,,,,,,,,,,,,,,
2026,CHI,0,1970,CHI,TMPN,0771,"Bears, Chicago",ChicagoBears,,,,,,,,,,,,,,,,
2026,DET,0,1970,DET,TMPN,0772,"Lions, Detroit",detroitlionsnfl,,,,,,,,,,,,,,,,
2026,GBP,0,1970,GBP,TMPN,0773,"Packers, Green Bay",packers,,,,,,,,,,,,,,,,
2026,MIN,0,1970,MIN,TMPN,0774,"Vikings, Minnesota",Vikings,,,,,,,,,,,,,,,,
2026,TBB,0,1970,TBB,TMPN,0775,"Buccaneers, Tampa Bay",TBBuccaneers,,,,,,,,,,,,,,,,
2026,ATL,0,1970,ATL,TMPN,0776,"Falcons, Atlanta",AtlantaFalcons,,,,,,,,,,,,,,,,
2026,CAR,0,1970,CAR,TMPN,0777,"Panthers, Carolina",Panthers,,,,,,,,,,,,,,,,
2026,FA,0,1970,LAR,TMPN,0778,"Rams, Los Angeles",STLouisRams,,,,,,,,,,,,,,,,
2026,NOS,0,1970,NOS,TMPN,0779,"Saints, New Orleans",saints,,,,,,,,,,,,,,,,
2026,SFO,0,1970,SFO,TMPN,0780,"49ers, San Francisco",49ers,,,,,,,,,,,,,,,,
2026,BAL,0,1970,BAL,TMPN,0781,"Ravens, Baltimore",ravens,,,,,,,,,,,,,,,,
2026,HOU,0,1970,HOU,TMPN,0782,"Texans, Houston",houstontexans,,,,,,,,,,,,,,,,
2026,CHI,0,1987,LAC,Coach,1276,"Harbaugh, Jim",CoachJim4UM,20545,,,Michigan,215,4,1,75,26,285,1a160398-b875-4143-8e9f-4a430d3a9755,,,,,
2026,NYJ,0,1994,NYJ,Coach,2020,"Glenn, Aaron",,2753,3505,,Texas A&M,183,31,1,69,12,2445,b57b8df9-3bed-4c91-99a7-09780a718305,80110800,1615,,,
2026,PIT,24104,1997,NEP,Coach,2982,"Vrabel, Mike",,3982,4445,,Ohio State,261,50,3,76,31,3633,2218b277-a1bc-46f7-878c-740d25d160ce,177224400,1115,1257,,
2026,FA,0,0,KCC,Coach,3622,"Reid, Andy",,39797,,,,,,,,,,3af34d1f-d056-4d3b-8457-d27613275bec,,,,,
2026,NEP,25347,2000,FA,QB,5848,"Brady, Tom",,5228,187741,,Michigan,225,12,6,76,33,1350,41c44740-d0f6-44ab-8347-3b5d515e5ecf,239432400,1163,2330,tombrady/2504211,
2026,NYG,246054,2004,FA,QB,7394,"Rivers, Philip",,6763,493041,,North Carolina State,228,17,1,77,4,3766,e47706c7-e14d-41fb-b13b-83a835a1f3bc,376635600,1813,5529,philiprivers/2506121,
2026,FA,213957,2005,PIT,QB,7836,"Rodgers, Aaron",AaronRodgers12,7200,419780,,California,223,8,1,74,24,4307,0ce48193-e2fa-466e-a986-33f751add206,439189200,3118,8439,aaronrodgers/2506363,
2026,FA,0,0,PIT,Coach,8235,"McCarthy, Mike",,325434,,,,,,,,,,cf25a054-ebef-4dc2-b6c1-336f8e2af686,,,,,
2026,FA,0,0,DEN,Coach,8237,"Payton, Sean",,,,,,,,,,,,60269cd5-9c09-4bd9-a544-59ff6753cfd0,,,,,
2026,JAC,214197,2006,DEN,TE,8269,"Lewis, Marcedes",MarcedesLewis89,7777,415313,,UCLA,267,89,1,78,28,4891,9c21e9af-681c-41ef-9b00-fbc9e1668ed1,453790800,3615,9614,marcedeslewis/2495888,
2026,HOU,218591,2006,HOU,Coach,8274,"Ryans, DeMeco",DRyans59,7782,420098,,Alabama,247,59,2,73,1,4919,89e4637a-7696-47de-8e69-48aa5b6ec544,459838800,3657,9619,demecoryans/2506888,
2026,DAL,213781,2007,ATL,PK,8851,"Folk, Nick",nickfolk2,8432,410721,,Arizona,222,6,6,73,4,5365,b37c621e-1125-4c35-bea0-fcabb1527060,468478800,4273,10621,nickfolk/2507225,
2026,FA,218237,2006,FA,PK,8930,"Prater, Matt",,8565,1109832,,Central Florida,201,5,,70,,5051,67f5e782-f91c-4536-9818-cf4a0e7e821d,460962000,4502,11122,mattprater/2506677,
2026,ARI,266767,2008,BAL,DT,9051,"Campbell, Calais",Campbell93,8827,520548,5317,Miami,315,93,2,80,19,5587,0333b8f0-3aab-45aa-a684-6d402a309413,525934800,4628,11284,calaiscampbell/744,
2026,BAL,216342,2008,CIN,QB,9064,"Flacco, Joe",TeamFlacco,8795,1250697,,Delaware,245,16,1,78,18,5648,64797df2-efd3-4b27-86ee-1d48f7edb09f,474699600,4677,11252,JoeFlacco,
2026,NEP,227167,2008,MIN,Coach,9151,"O'Connell, Kevin",,8871,1245617,,San Diego State,225,8,3,77,31,5655,bf321d58-6ad7-45e1-bf8f-4b4719f78f72,485845200,4710,11328,kevino'connell/371,
2026,TBB,273278,2008,CIN,QB,9207,"Johnson, Josh",,8937,1325808,,San Diego,214,14,5,75,25,5653,73e133bf-d3f7-4fda-bd25-2fde66cb8ee1,516517200,4706,11394,joshjohnson/264,
2026,FA,0,0,NYG,Coach,9298,"Harbaugh, John",,450948,,,,,,,,,,bf49a80f-9733-453e-8dca-7b0146e92cff,,,,,
2026,DET,323205,2009,LAR,QB,9431,"Stafford, Matthew",Staff_9,9265,1114942,6038,Georgia,214,9,1,75,1,5971,ade43b1a-0601-4672-83b6-d246bc066a19,571208400,5132,12483,matthewstafford/79860,
2026,NOS,286840,2009,SFO,PN,9596,"Morstead, Thomas",thomasmorstead,9428,520362,,Southern Methodist,225,7,5,76,28,6301,e5371625-0c83-4f1f-9252-c7e0b6bc616e,510642000,5382,12701,thomasmorstead/71407,
2026,FA,296451,2009,FA,PK,9694,"Gano, Graham",GrahamGano,9526,558839,6304,Florida State,202,9,,74,,6045,63f8a401-f308-4463-9d0b-4335b98da682,544942800,5468,12460,grahamgano/71309,
2026,PHI,336730,2010,FA,DE,9826,"Graham, Brandon",brandongraham55,23988,1116725,,Michigan,265,55,1,74,13,6571,b3e41b52-a8aa-4be8-8513-8ede6f3f83d3,576046800,5756,13239,brandongraham/496788,
2026,PIT,397533,2011,PIT,DT,10266,"Heyward, Cameron",CamHeyward,24818,1243804,7370,Ohio State,295,97,1,77,31,7449,9779acc7-ed88-4a16-b78d-230ace9ec3eb,610434000,6510,13977,cameronheyward/2508109,
2026,DEN,409742,2011,DAL,DE,10267,"Miller, Von",Millerlite40,24789,1620879,7377,Texas A&M,250,40,1,75,2,7421,cc9528c4-3a18-4d3f-8d8f-cfef4dcd2d38,606891600,6500,13976,vonmiller/2495202,
2026,NOS,401762,2011,NOS,DE,10292,"Jordan, Cameron",camjordan94,24811,1272992,,California,287,94,1,76,24,7447,543e5e1e-50e5-482d-a6ad-498d7fab497e,616050000,6507,13971,cameronjordan/2495184,
2026,CIN,322858,2011,PHI,QB,10313,"Dalton, Andy",andydalton14,24822,1125961,,TCU,220,14,2,74,3,7355,d2a0e5af-3850-4f16-8e40-a0b1d15c2ce1,562482000,6493,14012,andydalton/2495143,
2026,BAL,399579,2011,GBP,QB,10413,"Taylor, Tyrod",TyrodTaylor,24967,1243338,7592,Virginia Tech,217,6,6,73,15,7357,7f3ef024-eb34-46af-8b9e-544cdf09378f,618123600,6509,14163,tyrodtaylor/2495240,
2026,FA,382555,2011,FA,LB,10514,"Bellore, Nick",NBELLORE54,25295,1244136,,Central Michigan,250,57,,73,,7504,eeb9e3f4-e378-44ca-94b6-a724011ad710,610952400,7015,14471,nickbellore/2495262,
2026,FA,0,0,TBB,Coach,10671,"Bowles, Todd",,,,,,205,,,74,,,f91993af-d418-4c0c-8ad0-9240f4d30d06,,8353,,,
2026,WAS,403308,2012,LVR,QB,10700,"Cousins, Kirk",KirkCousins8,25812,1272574,8625,Michigan State,205,18,4,75,7,8057,bbd0942c-6f77-4f83-a6d0-66ec6548019e,587970000,7486,14880,kirkcousins/2532820,
2026,FA,381798,2012,NOS,Coach,10701,"Moore, Kellen",,26399,1274372,,Boise State,200,17,,72,,8069,742a4673-9df8-4a79-938f-edef65087075,616222800,7479,14882,kellenmoore/2532917,
2026,SEA,401534,2012,FA,QB,10703,"Wilson, Russell",DangeRussWilson,25785,1272242,,Wisconsin,206,3,3,71,12,8043,409d4cac-ee90-4470-9710-ebe671678339,596782800,7460,14881,russellwilson/2532975,
2026,TBB,540618,2012,FA,LB,10768,"David, Lavonte",NewEra_54,25768,1769263,,Nebraska,233,54,2,73,26,8184,9a612961-9fdf-47d0-b7ca-32b55adb1f61,633070800,7539,14985,lavontedavid/2532828,
2026,SEA,466010,2012,FA,LB,10775,"Wagner, Bobby",Bwagz54,25757,1631476,8597,Utah State,242,54,2,72,15,8208,706bc0ab-7200-47e9-9b09-726110eb83dc,646462800,7533,14979,bobbywagner/2532966,
2026,MIN,400486,2012,MIN,S,10783,"Smith, Harrison",HarriSmith22,25739,1265468,8523,Notre Dame,211,22,1,74,29,8202,407f1923-6659-4564-800f-25b8746d6d3e,602398800,7488,14945,harrisonsmith/2532948,
2026,JAC,401724,2012,DAL,PN,10814,"Anger, Bryan",,25780,1272968,,California,202,5,3,75,7,8251,6ee71282-c2b8-416a-8de1-29c0185d9b7b,592117200,7541,14950,bryananger/2533000,
2026,NYJ,401178,2012,NYJ,LB,10816,"Davis, Demario",YouAreFree146,25787,1263584,8547,Arkansas State,248,56,3,74,14,8213,e6221da0-1ce0-4f60-85b5-f2094e9d2863,600498000,7547,14958,demariodavis/2533008,
2026,FA,459211,2012,MIN,PN,10945,"Hekker, Johnny",JHekker,26350,1974200,,Oregon State,225,3,,77,,8381,380435a9-1833-4381-a12b-498a43732798,634453200,8073,15153,johnnyhekker/2535663,
2026,FA,338280,2012,CHI,QB,10948,"Keenum, Case",casekeenum7,26483,1137118,,Houston,220,11,,73,,8065,1b3d350a-478b-4542-a430-d12cc96adc22,572072400,7696,15168,casekeenum/2532888,
2026,FA,448132,2012,FA,PK,10976,"Tucker, Justin",jtuck9,26534,1985374,8663,Texas,191,9,,73,,8398,20a0bad2-d530-4ff4-a2df-5c0a21a1f5db,627627600,8241,15683,justintucker/2536340,
2026,NYJ,513856,2013,NYJ,QB,11150,"Smith, Geno",GenoSmith_12,26662,1700358,,West Virginia,221,7,2,75,7,8743,cfc93f5e-105e-4a5e-88d3-f4279893cfa8,655534800,8326,15864,genosmith/2539335,
2026,SDC,557210,2013,IND,WR,11222,"Allen, Keenan",Keenan13Allen,26699,1737096,,California,211,10,3,74,14,8627,5f424505-f29f-433c-b3f2-1a143a04a010,704350800,8379,15818,keenanallen/2540154,
2026,MIN,690153,2013,FA,RB,11225,"Patterson, Cordarrelle",ceeflashpee84,26652,1996183,,Tennessee,220,84,1,74,29,8792,da85107c-365c-4d58-90ab-479d97d798b4,669186000,8327,15807,cordarrellepatterson/2540145,
2026,HOU,560241,2013,FA,WR,11232,"Hopkins, DeAndre",Nukdabomb,26650,1737078,,Clemson,210,10,1,73,27,8619,5c48ade7-4b9a-4757-9643-87a6e3839e2b,707806800,8404,15795,deandrehopkins/2540165,
2026,KCC,448240,2013,KCC,TE,11244,"Kelce, Travis",,26686,1725130,,Cincinnati,250,87,3,77,1,8783,c3859e06-5f23-4302-a71b-04820a899d5f,623566800,8411,15847,traviskelce/2540258,
2026,PHI,503177,2013,PHI,TE,11247,"Ertz, Zach",ZERTZ_86,26658,1685963,,Stanford,250,86,2,77,3,8781,de3421f7-2147-4835-89a5-724e87bad463,658213200,8409,15835,zachertz/2540158,
2026,NOS,607087,2013,BAL,DT,11286,"Jenkins, John",jenkinsjohn6,26705,1877278,,Georgia,360,94,3,75,20,8672,60d48e85-931c-45dc-b62f-024503a2e09b,616136400,8437,15846,johnjenkins/2539231,
2026,PHI,498183,2013,BUF,S,11317,"Poyer, Jordan",J_Poy33,26841,1665374,,Oregon State,191,21,7,72,12,8639,95fab6fa-3ee1-47d0-93ad-c7ff41744be7,672555600,8448,15979,jordanpoyer/2539290,
2026,FA,542885,2013,LAC,S,11327,"Jefferson, Tony",tonyjefferson1,27081,1737117,,Oklahoma,212,23,,71,,8688,7690ab6a-2ae0-4449-abd5-74ec54403f2e,696488400,8653,16195,tonyjefferson/2540164,
2026,DET,604797,2013,FA,CB,11348,"Slay, Darius",_bigplayslay9,26659,1852913,,Mississippi State,192,23,2,72,4,8647,2c3ef101-5fa9-41d0-a0b1-32a1d27a1f69,662706000,8497,15863,dariusslay/2540288,
2026,BAL,501150,2013,SFO,RB,11367,"Juszczyk, Kyle",JuiceCheck44,26753,1683145,,Harvard,235,44,4,73,33,8930,67da5b5c-0db9-4fbc-b98d-7eb8e97b69f6,672382800,8548,16002,kylejuszczyk/2540230,
2026,DET,464237,2013,CAR,PN,11383,"Martin, Sam",SamMartin_6,26788,2057657,,Appalachian State,205,6,5,73,32,9022,80b403da-381f-467e-883b-5b83ac02aac3,636094800,8572,15928,sammartin/2541311,
2026,BUF,509358,2013,FA,PK,11387,"Hopkins, Dustin",Dahop5,26800,1664151,,Florida State,210,7,6,74,9,8896,058c99fc-470c-4579-a165-03e043335cc1,654757200,8581,15965,dustinhopkins/2539227,
2026,MIN,592195,2014,FA,QB,11640,"Bridgewater, Teddy",teddyb_h2o,27560,1825122,,Louisville,210,16,1,74,32,9245,d4cb52a9-f6b4-42ed-b40b-27bff5f1eea7,721371600,9274,16728,teddybridgewater/2543465,
2026,FA,496083,2014,FA,QB,11644,"Carr, Derek",derekcarrqb,27564,1664819,,Fresno State,215,4,2,75,4,9317,9f026fc0-4449-4dc5-a226-2e2830619381,670136400,9349,16757,derekcarr/2543499,
2026,TBB,593587,2014,SFO,WR,11671,"Evans, Mike",MikeEvans13_,27535,1824909,,Texas A&M,231,5,1,77,7,9253,c48c21d9-0ae5-478c-ad34-30a660cfa9b8,745909200,9296,16737,mikeevans/2543468,
2026,NOS,607864,2014,SFO,WR,11674,"Cooks, Brandin",brandincooks,27548,1880880,,Oregon State,193,10,1,70,20,9260,b6b954eb-4591-4b7a-86b9-a481f15fdd58,748933200,9404,16731,brandincooks/2543498,
2026,GBP,611417,2014,LAR,WR,11675,"Adams, Davante",tae15adams,27581,1893167,,Fresno State,215,17,2,73,21,9455,e7d6ae25-bf15-4660-8b37-c37716551de3,725173200,9273,16800,davanteadams/2543495,
2026,NYG,589984,2014,FA,WR,11679,"Beckham, Odell",OBJ_3,27540,1824823,,LSU,200,3,1,71,12,9255,354dec38-b88b-4ba0-8974-859123f27c45,720939600,9403,16733,odellbeckham/2543496,
2026,HOU,604912,2014,HOU,DE,11706,"Clowney, Jadeveon",clownejd,27529,1852852,,South Carolina,266,90,1,77,1,9243,016d31ec-9b32-47e2-801b-9724c0a30f62,729666000,8375,16734,jadeveonclowney/2543456,
2026,OAK,506500,2014,LAC,DE,11721,"Mack, Khalil",52Mack_,27533,1692203,,Buffalo,269,52,1,75,5,9251,33c74bf8-7621-48be-a769-e219703988d9,667198800,9373,16710,khalilmack/2543463,
2026,DET,541446,2014,MIN,DE,11723,"Van Noy, Kyle",KVN_03,27568,1752529,,BYU,255,53,2,75,8,9262,0ad845ff-44e8-4576-bc91-61b557e06f05,669963600,9568,16772,kylevannoy/2543699,
2026,FA,553982,2014,LAR,DT,11757,"Donald, Aaron",AaronDonald97,27541,1737460,,Pittsburgh,280,99,1,73,13,9391,8bb5c7ef-e7be-4015-8874-2f0982286acc,674974800,9356,16716,aarondonald/2543485,
2026,NEP,555358,2014,LAR,QB,11760,"Garoppolo, Jimmy",JimmyG_10,27590,1760229,,Eastern Illinois,225,11,2,74,30,9320,42de9d1d-0352-460b-9172-9452414fd7fd,689058000,9360,16760,jimmygaroppolo/2543801,
2026,SFO,557470,2014,FA,S,11768,"Ward, Jimmie",ward_jimmie,27558,1762370,,Northern Illinois,193,20,1,71,30,9308,1b8414b5-3db8-4e89-8bcc-7ac7f7d0b931,679813200,9434,16717,jimmieward/2543741,
2026,DAL,651780,2014,SEA,DE,11769,"Lawrence, Demarcus",TankLawrence,27562,1984683,,Boise State,254,90,2,75,2,9344,3e3bd10a-6462-47f8-8938-42518781d060,704437200,9633,16802,demarcuslawrence/2543490,
2026,TEN,560298,2014,NEP,DT,11793,"Jones, DaQuan",RiDQulous_98,27640,1765939,,Penn State,320,92,4,76,12,9393,0d038341-cd66-4651-93c4-e76c6d218135,693810000,9656,16910,daquanjones/2543504,
2026,BAL,509425,2014,BAL,DT,11807,"Urban, Brent",urbanlegend96,27662,1697015,,Virginia,309,58,4,79,34,9415,63cef4ac-6e22-497b-9f8c-fbccd0694d17,673419600,9566,16831,brenturban/2543765,
2026,CHI,511734,2014,FA,PN,11840,"O'Donnell, Pat",PatODonnell_16,27719,2129553,,Miami,220,40,6,76,15,9769,ccb2f18f-1454-4ec4-a9ae-2d7f5c20f86f,667198800,9689,16863,pato'donnell/2543611,
2026,DAL,500700,2014,NYG,DT,11872,"Harris, Shelby",ShelbyHarris93,27763,2129678,,Illinois State,288,93,7,74,20,9785,20d66704-9c12-467f-a6ca-9cf9dc00730c,681886800,9718,16837,shelbyharris/2549926,
2026,FA,504436,2014,PIT,PK,11936,"Boswell, Chris",,28188,1724930,,Rice,185,9,,74,,9646,441eb531-1ec8-4f65-9174-78bc6adada63,669099600,10118,17372,chrisboswell/2550545,
2026,FA,733643,2014,FA,WR,11938,"Thielen, Adam",,27277,2059362,,Minnesota State-Mankato,195,19,,74,,8986,2fa2b2da-4aa9-44b5-b27e-56876dfe2ad4,651301200,9054,16460,,
2026,FA,546669,2014,CHI,PK,11945,"Santos, Cairo",,28227,2132690,,Tulane,173,8,,68,,9633,d96ff17c-841a-4768-8e08-3a4cfcb7f717,689922000,10155,17427,cairosantos/2550636,
2026,FA,513098,2014,FA,PK,11947,"McManus, Brandon",,27120,2058320,,Temple,201,17,,75,,9948,6444feb1-f5a4-4b45-9a45-79308a4445fd,680418000,8912,16339,brandonmcmanus/2541556,
2026,FA,652847,2014,KCC,DT,11970,"Pennel, Mike",,28085,2130184,,Colorado State-Pueblo,330,69,,76,,9661,8b9bc551-66bb-4948-849f-c0471caaeb19,673765200,9765,17230,,
2026,FA,447976,2013,WAS,PN,11985,"Way, Tress",tress_way,26945,2060052,,Oklahoma,220,10,,73,,9832,55e1ecbd-96c5-456e-833b-9cd3f046f3fc,640414800,8759,16166,tressway/2541903,
2026,FA,652571,2014,FA,DE,12083,"Autry, Denico",,28266,2132722,,Mississippi State,285,96,,77,,9746,a21d1e4a-aae6-4ebe-8f70-1087151b2b50,648018000,9778,17447,denicoautry/2550646,
2026,TBB,691536,2015,NYG,QB,12140,"Winston, Jameis",Jaboowins,28389,1998197,,Florida State,231,19,1,76,1,10037,fb3b36fc-b985-4807-8199-d038d7e62a93,757832400,9376,2969939,,
2026,TEN,607843,2015,WAS,QB,12141,"Mariota, Marcus",,28390,1880862,,Oregon,222,8,1,76,2,10074,7c16c04c-04de-41f3-ac16-ad6a9435e3f7,751957200,9385,2576980,marcusmariota/2552466,
2026,DET,590796,2015,JAC,RB,12155,"Abdullah, Ameer",Ameerguapo,28442,1824308,,Nebraska,203,20,2,69,22,10126,c5e430c5-7a8e-4e29-b30f-1a527f05cb89,739947600,10338,2576336,,
2026,FA,650914,2015,FA,WR,12175,"Cooper, Amari",AmariCooper9,28392,1984220,,Alabama,210,18,1,73,4,10055,00f88be8-45f9-4237-b2b8-3271ec790d07,771829200,10310,2976499,amaricooper/2552487,
2026,PHI,691055,2015,FA,WR,12181,"Agholor, Nelson",nelsonagholor,28408,1996508,,USC,200,15,1,72,20,10132,cfb0ff68-51cb-4dad-ba81-f9e019a93a91,738219600,10360,2971618,nelsonagholor/2552600,
2026,MIN,694041,2015,WAS,WR,12186,"Diggs, Stefon",stefon_diggs,28534,2000038,,Maryland,191,3,5,72,10,10133,a1c40664-b265-4083-aad2-54b4c734f2c5,754549200,10380,2976212,,
2026,SEA,605242,2015,FA,WR,12187,"Lockett, Tyler",TDLockett12,28457,1860834,,Kansas State,182,4,3,70,5,10161,dffa69ad-331e-4f09-ae38-40a5a4406be6,717656400,10408,2577327,tylerlockett/2552430,
2026,IND,596417,2015,LVR,WR,12188,"Dorsett, Phillip",Dorsett_4,28417,1836058,,Miami,185,13,1,70,29,10208,c682e8ea-fe48-45d2-af60-682a6125ab22,726210000,10381,2579604,,
2026,JAC,694612,2015,SEA,DE,12217,"Fowler, Dante",dantefowler,28391,2173899,,Florida,261,56,1,75,3,10349,6bc85af5-fc58-4656-82da-d02780a0f6f6,775890000,10389,2980100,dantefowler/2553431,
2026,SFO,689658,2015,JAC,DT,12218,"Armstead, Arik",arikarmstead,28405,1996151,,Oregon,290,91,1,79,17,10309,acb7169f-3ffa-4386-9866-e06af6ed7fef,753339600,10363,2971275,,
2026,FA,0,2015,HOU,DT,12219,"Edwards, Mario",,28423,1998180,,Florida State,280,97,2,75,3,10450,fdfb980b-1493-4698-9b97-f445a8f495da,759474000,10475,2969921,marioedwards/2553433,
2026,MIN,651016,2015,HOU,DE,12221,"Hunter, Danielle",DHunt94_TX,28476,1984262,,LSU,263,55,3,77,24,10318,ba7fe857-df63-4aed-803a-80993b157be4,783406800,10470,2976560,,
2026,NYJ,691071,2015,SEA,DT,12225,"Williams, Leonard",leonardwilliams,28394,1996523,,USC,310,99,1,77,6,10307,2b5152aa-cbcc-439c-b72a-ac7577c8422b,772088400,10428,2971622,leonardwilliams/2552486,
2026,MIA,608199,2015,BUF,DT,12229,"Phillips, Jordan",bigj9797,28440,1886787,,Oklahoma,341,97,2,78,20,10311,023af11a-3aa1-4266-b163-31cf6369ef3b,717051600,10457,2577466,jordanphillips/2552492,
2026,CAR,695206,2015,BUF,LB,12231,"Thompson, Shaq",ShaqThompson_7,28413,2001231,,Washington,230,45,1,72,25,10034,3bf0711c-793a-47e7-bcbd-a0ddf350fef4,766904400,10424,2978313,,
2026,PIT,607147,2015,LAC,DE,12234,"Dupree, Bud",Bud_Dupree,28410,1877307,,Kentucky,269,48,1,76,22,10351,48dca4c3-c6ac-4122-aee6-26f7cd259824,729493200,10382,2576702,buddupree/2552289,
2026,FA,605473,2015,LAC,LB,12238,"Perryman, Denzel",D_Perryman52,28436,1860814,,Miami,240,6,2,71,16,10356,9fc6e49f-c863-419d-9dca-8f0da3f3c9c7,723531600,10417,2579621,denzelperryman/2552310,
2026,MIN,553123,2015,SFO,LB,12239,"Kendricks, Eric",EKLA6,28433,1737773,,UCLA,232,50,2,72,13,10353,b345f3db-d5aa-43ba-9f17-914c54864236,699339600,10362,2510863,,
2026,FA,0,0,WAS,Coach,12255,"Quinn, Dan",,,,,,,,,,,,2e347af9-be3a-43da-855a-68b994f4e40a,21877200,9279,,,
2026,BAL,600191,2015,CAR,TE,12263,"Waller, Darren",,28592,1850793,,Georgia Tech,238,35,6,78,28,10215,14c97c9f-26e8-4944-9299-f90de6aeada3,716360400,10433,2576925,,
2026,WAS,604798,2015,WAS,DE,12270,"Smith, Preston",PrestonSmith94,28426,1852914,,Mississippi State,271,91,2,77,6,10316,ede260be-5ae6-4a06-887b-e4a130932705,721976400,10458,2577446,prestonsmith/2552276,
2026,CHI,691519,2015,WAS,DT,12271,"Goldman, Eddie",EddieGoldman,28427,1998182,,Florida State,320,97,2,75,7,10067,881eb214-c981-46c0-a0cf-34023e773754,757832400,10460,2969924,eddiegoldman/2552489,
2026,BAL,732570,2015,ATL,DE,12301,"Smith, Za'Darius",TheRealZSmith,28510,2061139,,Kentucky,270,55,4,76,23,10328,af3599a5-5eb4-4dd4-87ab-e0032ebfa644,715928400,10509,3043168,,
2026,ATL,602098,2015,CHI,DT,12305,"Jarrett, Grady",GradyJarrett,28525,1850730,,Clemson,294,50,5,73,1,10458,e1fe1900-fae3-414e-8530-55eece80471f,735973200,10519,2576492,,
2026,SFO,653095,2015,MIA,PN,12323,"Pinion, Bradley",pinion92,28553,1983525,,Clemson,265,48,5,77,29,10466,9000be32-15ad-4c43-bf8d-79a9c7113cdd,770446800,10541,2977680,,
2026,DET,556483,2015,CLE,RB,12325,"Burton, Michael",MikeBurtonFB,28556,1759407,,Rutgers,247,34,5,72,32,10468,80715ecf-ffc9-4a93-a305-2193451b3382,696920400,10544,2515270,,
2026,DET,590672,2015,SEA,S,12349,"Diggs, Quandre",qdiggs6,28588,1824891,,Texas,197,28,6,69,24,10433,8092ffd3-3f39-43eb-a602-b14fff77d413,727678800,10574,2577553,,
2026,KCC,602792,2015,TBB,DT,12361,"Nunez-Roches, Rakeem",,28605,1851299,,Southern Miss,305,56,6,74,41,10339,d6ce0b64-9526-4983-8c3c-7f14f2918f8e,741675600,10590,2575453,rakeemnunez-roches/2552674,
2026,DEN,546184,2015,FA,QB,12381,"Siemian, Trevor",,28638,2174210,,Northwestern,220,15,7,75,33,10483,e23dc743-ecee-4cf3-a263-69d3da3bae94,693723600,10622,2511109,trevorsiemian/2553457,
2026,FA,612512,2015,FA,WR,12394,"Carter, DeAndre",,28947,2174795,,Sacramento State,190,2,,68,,10234,9ae2584a-40c1-4b30-be34-a9567659eacd,734418000,10738,2580216,deandrecarter/2553502,
2026,FA,518088,2014,SEA,PK,12437,"Myers, Jason",,28378,2169640,,Marist,190,5,,70,,10157,7af4c94b-529b-4403-ab66-2bfed3fcf0c7,674024400,10436,2473037,,
2026,FA,606501,2015,FA,RB,12447,"Mostert, Raheem",,28654,2174957,,Purdue,212,31,,70,,10604,b040e601-ec40-4757-bf3d-71bf64ef99cf,702795600,10744,2576414,raheemmostert/2553728,
2026,FA,599113,2015,FA,QB,12476,"Heinicke, Taylor",,28839,2174914,,Old Dominion,210,4,,73,,10179,2c259733-ec2c-4e3c-bb7b-34dc0d37dc34,732171600,10665,2565969,,
2026,FA,749760,2015,NYG,LB,12481,"Hewitt, Neville",,28935,2174826,,Marshall,234,43,,74,,10673,fa4ae025-fd66-4752-94fa-63e22ae8abd4,734072400,10992,3059880,nevillehewitt/2553657,
2026,FA,0,1999,DET,Coach,12539,"Campbell, Dan",,,,,,262,,3,77,18,,cae616a5-acce-4ab4-a952-40d2de1817f8,198219600,,,,
2026,FA,472623,2013,KCC,TE,12608,"Winchester, James",,27494,2082386,,Oklahoma,240,41,,75,,10606,996a0607-8046-46c2-97a0-b94ff9f5a1c8,618382800,9263,16665,jameswinchester/2542357,
2026,PHI,613866,2016,MIN,QB,12610,"Wentz, Carson",cj_wentz,29236,1907522,,North Dakota State,237,11,1,77,2,10856,e9a5c16b-4472-4be9-8030-3f77be7890cb,725691600,11257,2573079,,
2026,RAM,727837,2016,DET,QB,12611,"Goff, Jared",JaredGoff16,29235,2061053,,California,217,16,1,76,1,10729,aba8f925-ffbf-4654-bfa7-a25d3d237494,782110800,11205,3046779,,
2026,NEP,607047,2016,ARI,QB,12616,"Brissett, Jacoby",JBrissett12,29325,1877247,,North Carolina State,235,7,3,76,28,10919,ad2258ab-67f0-41c2-bcf3-f3ba145187dc,724050000,11341,2578570,,
2026,FA,591816,2016,DAL,QB,12620,"Prescott, Dak",dak,29369,1824864,,Mississippi State,238,4,4,74,37,11008,86197778-8d4b-4eba-affe-08ef7be7c70b,743922000,11318,2577417,,
2026,JAC,604390,2016,FA,QB,12621,"Allen, Brandon",BrandonAllen_10,29435,1852876,,Arkansas,209,10,6,74,26,10882,a8c3bcd7-69d0-4c5e-a876-6b33857942bc,715669200,11488,2574511,,
2026,SFO,592538,2016,WAS,QB,12623,"Driskel, Jeff",jeffdriskel,29441,1824745,,Louisiana Tech,231,17,6,76,32,11026,4d517d8f-fe4d-4c89-9a2a-fee836ba4a71,735541200,11340,2574630,,
2026,DAL,728338,2016,FA,RB,12625,"Elliott, Ezekiel",EzekielElliott,29238,2060769,,Ohio State,225,15,1,72,4,10736,bef8b2b4-78bd-4a4d-bb5d-6b55ada9ef6a,806389200,11265,3051392,,
2026,TEN,732145,2016,BAL,RB,12626,"Henry, Derrick",KingHenry_2,29279,2061188,,Alabama,252,22,2,74,14,10819,87c481c7-7414-43cc-82df-19ca0c2ae22e,757659600,11238,3043078,,
2026,MIN,748554,2016,IND,WR,12645,"Treadwell, Laquon",SuccessfulQuon,29257,2079899,,Mississippi,215,13,1,74,23,10739,2e0badcd-b78c-40ee-a83b-a1bbb36bc545,803106000,11210,3051889,,
2026,CIN,742387,2016,FA,WR,12650,"Boyd, Tyler",boutdat_23,29288,2071582,,Pittsburgh,203,83,2,74,24,10822,76a5edec-5ff7-49fa-a8ec-5768a372279d,784875600,11271,3045144,,
2026,NYG,691278,2016,NYJ,WR,12658,"Shepard, Sterling",sterl_shep3,29274,1996786,,Oklahoma,194,17,2,70,9,10988,1ffc735b-74d8-44d2-ab32-00c5485c799f,729320400,11326,2976592,,
2026,SDC,744425,2016,NEP,TE,12676,"Henry, Hunter",Hunter_Henry84,29269,2079848,,Arkansas,249,85,2,77,4,10735,705899da-3c20-4bc3-b5d0-2e6e40655131,786776400,11299,3046439,,
2026,ATL,739424,2016,ATL,TE,12677,"Hooper, Austin",AustinHooper18,29315,2067004,,Stanford,254,81,3,76,18,10748,90c2a93f-d837-4e1b-b57c-56648903a8db,783406800,11301,3043275,,
2026,RAM,604176,2016,LAR,TE,12678,"Higbee, Tyler",Ty_Higs19,29344,1853103,,Western Kentucky,255,89,4,78,12,10854,0df7912d-9e81-47ea-b4f7-d04986df4ee8,725864400,11430,2573401,,
2026,SEA,606488,2016,BAL,TE,12680,"Vannett, Nick",N_Vannett81,29328,1871322,,Ohio State,257,45,3,77,31,10949,c731aa8a-778b-4ccd-a19f-517eb66f47b7,731394000,11329,2576399,,
2026,SDC,728330,2016,FA,DE,12686,"Bosa, Joey",jbbigbear,29237,2235544,,Ohio State,280,97,1,77,3,10914,1ce88c74-024e-4288-94ee-5dca10362153,805438800,11207,3051389,,
2026,SFO,689690,2016,IND,DT,12688,"Buckner, DeForest",deforestbuckner,29241,1996158,,Oregon,295,99,1,79,7,10925,d97529e5-f1cd-4fe0-8697-4b51bbe52fd4,763880400,11273,2971282,,
2026,CLE,691301,2016,KCC,DE,12691,"Ogbah, Emmanuel",EmanOgbah,29266,1996808,,Oklahoma State,275,90,2,76,1,11155,2300fe3b-c81f-4786-ae0c-0c229644239d,752562000,11317,2977740,,
2026,DET,750852,2016,TBB,DT,12697,"Robinson, A'Shawn",AshawnRobinson,29280,2082728,,Alabama,320,91,2,75,15,11162,3f44e069-a9c7-40dc-bfa9-cd403ee9cdbd,795762000,11323,3054857,,
2026,SEA,824539,2016,SEA,DT,12698,"Reed, Jarran",1j_reed,29289,2131655,,Alabama,315,90,2,75,18,11217,c02b49d3-ddc1-4ffc-9f40-487199882fa5,724482000,11322,3115312,,
2026,CIN,747918,2016,ARI,DT,12699,"Billings, Andrew",BillingsAndrew,29356,2079903,,Baylor,340,95,4,73,24,10907,67760ee1-c969-488f-b449-b8c37e7e32bb,794466000,11276,3051775,,
2026,TEN,697675,2016,BUF,DT,12700,"Johnson, Austin",,29277,2006428,,Penn State,314,69,2,76,12,11071,014038bd-e9b7-476f-b7bd-bd78a46a9a57,768373200,11370,2979591,,
2026,JAC,742155,2016,PIT,CB,12711,"Ramsey, Jalen",jalenramsey,29239,2071515,,Florida State,211,5,1,73,5,11111,ca53fda9-d20a-4bc7-b8dc-deef28355399,782974800,11219,3045373,,
2026,NYG,728318,2016,FA,CB,12715,"Apple, Eli",EliApple13,29244,2060759,,Ohio State,199,41,1,73,10,10886,72a42703-19b7-417c-87ce-344fd792f5ca,807944400,11332,3040506,,
2026,PHI,651021,2016,DET,S,12716,"Mills, Jalen",greengoblin,29467,1984271,,LSU,191,26,7,72,12,11137,12563365-b4aa-4b85-93a3-b220c8212707,765608400,11311,2976540,,
2026,NOS,728329,2016,FA,S,12718,"Bell, Vonn",TheVonnBell7,29295,2060762,,Ohio State,210,24,2,71,30,10905,656b68e1-651d-4596-8f6d-c97b4e4d9536,787208400,11369,3051388,,
2026,CHI,734313,2016,FA,DE,12734,"Floyd, Leonard",,29243,2061110,,Georgia,240,56,1,75,9,11034,13c4b449-65e4-4a3e-9152-85e9cbb2b8c6,715928400,11334,3043136,,
2026,NOS,692183,2016,HOU,DT,12735,"Rankins, Sheldon",RankinsSheldon,29246,1998998,,Louisville,305,98,1,74,12,11112,3b1227f6-05c9-421f-a2c1-4c8f1368b80b,765262800,11321,2970204,,
2026,GBP,744698,2016,DAL,DT,12739,"Clark, Kenny",,29261,2079670,,UCLA,314,97,1,75,27,10973,d848e4e6-ff3e-421c-9bd3-c2f62a16efd4,812782800,11286,3122752,,
2026,KCC,741878,2016,KCC,DT,12741,"Jones, Chris",,29271,2082752,,Mississippi State,310,95,2,78,6,11074,ef7b5ce8-a929-46be-b9f3-328752c6d125,773211600,11221,3044859,,
2026,FA,830687,2016,NYG,DE,12744,"Ward, Jihad",JIHADWARD17,29278,2136528,,Illinois,285,53,2,77,13,10891,852b00dd-fd1c-4edb-809d-912a6472cd07,768632400,11330,3115914,,
2026,ATL,651019,2016,FA,LB,12745,"Jones, Deion",debo,29285,1984265,,LSU,222,45,2,73,21,11080,a2a587d3-2971-41f5-a5d4-828d9cf1494e,783925200,11372,2976545,,
2026,DEN,691549,2016,TBB,DT,12751,"Gotsis, Adam",gotsis96,29297,1998206,,Georgia Tech,287,97,2,76,32,11044,56c81bc7-72ac-4356-a737-b8010f931b56,717224400,11416,2971498,,
2026,TEN,591707,2016,NEP,S,12752,"Byard, Kevin",KB31_Era,29298,1833003,,Middle Tennessee State,218,31,3,71,1,11218,c909532a-693e-4e8f-b853-fbf41037c100,745563600,11397,2574056,,
2026,DAL,728276,2016,CLE,DT,12754,"Collins, Maliek",SavageSevv,29301,2060621,,Nebraska,310,96,3,74,4,10976,54f13aa1-4a2f-46a3-99ef-743c1d3ee234,797317200,11390,3040471,,
2026,CHI,694609,2016,DAL,DT,12758,"Bullard, Jonathan",JBullard90,29306,2000846,,Florida,290,90,3,75,9,10926,ccfcbd2c-6e35-49b9-b131-ba2143665260,751266000,11274,2980097,,
2026,PIT,699449,2016,GBP,DT,12764,"Hargrave, Javon",Jay_MostWanted,29323,2007634,,South Carolina State,305,98,3,74,26,11051,3f8e4972-2361-4939-b5e3-c5f6c63b9f68,729061200,11388,2983055,,
2026,DEN,691479,2016,FA,S,12767,"Simmons, Justin",jsimms1119,29332,1998297,,Boston College,215,31,3,74,36,11174,2df474e5-7117-4650-8d53-34b3fd0f1bbb,753685200,11389,2969860,,
2026,KCC,651636,2016,JAC,S,12772,"Murray, Eric",,29340,1983762,,Minnesota,199,29,4,71,8,11141,16e4ffec-959d-4210-8702-36c0bf20dda5,757918800,11427,2970716,,
2026,BAL,606551,2016,BAL,WR,12773,"Moore, Chris",,29341,1871375,,Cincinnati,200,19,4,73,9,10994,0b504d67-639b-4ba8-979a-498a3086257b,740206800,11429,2576581,,
2026,DET,613316,2016,TBB,S,12776,"Killebrew, Miles",MilesKillebrew,29345,1906454,,Southern Utah,222,29,4,74,13,11091,4419b655-867f-436b-8233-6d45f4dfef77,737010000,11402,2575164,,
2026,NOS,914915,2016,NYJ,DT,12782,"Onyemata, David",ACES_E,29354,2235404,,Manitoba,310,93,4,76,22,11219,08d27d1a-e039-4ccc-9ba7-65a22f6002fd,721630800,11435,4002046,,
2026,KCC,727279,2016,SFO,WR,12785,"Robinson, Demarcus",,29360,2061095,,Florida,202,11,4,73,28,11163,46b16198-116f-4913-85db-2bc21462bd66,780123600,11438,3043116,,
2026,BAL,913011,2016,SFO,DE,12795,"Judon, Matt",man_dammn,29380,2217545,,Grand Valley State,265,8,5,75,7,11083,99d79bb9-45aa-4c64-99aa-a92ba2c278af,713854800,11448,3961466,,
2026,SEA,605443,2016,FA,DT,12796,"Jefferson, Quinton",,29381,1860773,,Maryland,291,71,5,76,8,11069,c187d2b3-5d96-4035-a166-db6689b463bf,733554000,11449,2577078,,
2026,KCC,823156,2016,FA,WR,12801,"Hill, Tyreek",cheetah,29399,2131163,,West Alabama,191,10,5,70,28,11222,01d8aee3-e1c4-4988-970a-8c0c2d08bd83,762498000,11458,3116406,,
2026,HOU,653110,2016,NYG,DT,12802,"Reader, D.J.",Djread98,29400,1983526,,Clemson,330,98,5,75,29,11114,42bb4895-bdfb-40e2-8119-f5b06611bf1b,773038800,11459,2977670,,
2026,NEP,699707,2016,FA,LB,12831,"Roberts, Elandon",Roberts_52,29448,2007872,,Houston,235,52,6,71,39,11234,f6d7cf0f-72d2-473f-a44b-4a253587ca0f,766990800,11498,2987743,,
2026,DEN,608398,2016,TBB,PN,12842,"Dixon, Riley",RileyTDixon92,29462,1886737,,Syracuse,221,9,7,76,7,11022,f45835c5-aa9e-4e32-b545-20d1e322fe8f,746168400,11513,2577619,,
2026,FA,691032,2016,HOU,PK,12860,"Fairbairn, Ka'imi",,29792,1996562,,UCLA,183,15,,72,,11031,203b60aa-cb94-499c-a4ca-d3c6b94dddc4,759819600,11602,2971573,,
2026,FA,915397,2016,FA,RB,12923,"Ham, C.J.",,29951,2237239,,Augustana (SD),250,30,,71,,11599,971fc9e5-bebb-4a2c-a822-8c52f92a3d07,743317200,11999,4012556,,
2026,FA,608360,2016,WAS,WR,12930,"Chosen, Robbie",,29785,1886746,,Temple,185,3,,75,,11191,e81fb788-1478-4936-ae12-f6ed7ec23476,736923600,11627,2574808,,
2026,FA,563293,2016,NYG,TE,12955,"Manhertz, Chris",,28365,2167520,,Canisius,235,85,,78,,10033,7c7b5515-7786-4e24-9ce0-34e6a8bd5727,702882000,10295,2531358,,
2026,FA,700299,2016,DEN,PK,12956,"Lutz, Wil",,29754,2008545,,Georgia State,184,3,,71,,11309,c4cf84d0-6022-4ac1-a9ba-85587921c53f,773557200,11877,2985659,,
2026,FA,786655,2016,FA,CB,12976,"Hamilton, Antonio",,29957,2237232,,South Carolina State,188,34,,72,,11518,9bc107dc-1920-49db-b009-436d1a77955d,727851600,12005,3056354,,
2026,FA,828353,2015,FA,CB,12978,"Goodwin, C.J.",,28289,2133167,,California (PA),190,29,,75,,9842,6d62aaa2-fe41-4672-941f-7314a0b9b367,634107600,10215,17474,,
2026,FA,683400,2016,PHI,CB,12988,"Jones, Jonathan",,29875,1995671,,Auburn,185,31,,69,,11081,537c88d4-c403-43f4-94a1-fdccea0ee24a,748501200,11638,2971027,,
2026,FA,692660,2016,CHI,WR,13066,"Raymond, Kalif",,29631,1999329,,Holy Cross,180,14,,68,,11429,e0a31d02-9d1c-4dab-adb4-a5d9bbee8b36,776322000,11781,2973405,,
2026,FA,915155,2016,BUF,DT,13085,"Fox, Morgan",,29714,2236914,,Colorado State-Pueblo,275,99,,75,,11571,ed54f1f3-65b8-4b54-8a64-81858ca9f50f,779346000,11848,3059620,,
2026,FA,0,0,LAR,Coach,13111,"McVay, Sean",,,,,,,,,,,,771b222a-cd41-4ffa-bb86-92932911629d,506926800,9332,,,
2026,HOU,828743,2017,CLE,QB,13113,"Watson, Deshaun",,30125,2133482,,Clemson,223,4,1,75,12,11712,eec5265c-7731-4bb6-8af2-4f98a67f9ab7,811054800,12151,3122840,,
2026,FA,728169,2017,TEN,QB,13115,"Trubisky, Mitchell",,30115,2060476,,North Carolina,222,10,1,75,2,11709,7a1b8f1a-9024-4897-86b0-01c63e00305e,777358800,12135,3039707,,
2026,KCC,839031,2017,KCC,QB,13116,"Mahomes, Patrick",,30123,2142052,,Texas Tech,225,15,1,74,10,11839,11cad59d-90dd-449c-a839-dddaba4fe16c,811314000,12142,3139477,,
2026,PIT,741262,2017,DET,QB,13119,"Dobbs, Joshua",,30248,2071844,,Tennessee,220,6,4,75,27,11834,15bedebc-839e-450a-86f6-1f5ad1f4f820,791096400,12335,3044720,,
2026,FA,694117,2017,ATL,QB,13124,"Rush, Cooper",,30788,2000176,,Central Michigan,225,13,,75,,11841,4595c8ea-9d85-4504-8a34-2c8a02349105,753858000,12475,2972515,,
2026,MIN,824080,2017,FA,RB,13128,"Cook, Dalvin",,30154,2130893,,Florida State,210,20,2,70,9,11700,8960d61e-433b-41ea-a7ad-4e76be87b582,808030800,12138,3116593,,
2026,CAR,830517,2017,SFO,RB,13130,"McCaffrey, Christian",,30121,2136743,,Stanford,210,23,1,71,8,11690,f96db0af-5e25-42d1-a07a-49b4e065b364,834123600,12198,3117251,,
2026,CIN,820727,2017,FA,RB,13131,"Mixon, Joe",,30161,2131143,,Oklahoma,220,28,2,73,16,11707,7797f36e-87e8-4282-b6d2-bdb1774fc3b3,838184400,12147,3116385,,
2026,NOS,750846,2017,NOS,RB,13132,"Kamara, Alvin",,30180,2082721,,Tennessee,215,41,3,70,3,11732,d9c857b2-97da-4fb8-a527-afbbb2a67413,806648400,12172,3054850,,
2026,WAS,820734,2017,CIN,RB,13133,"Perine, Samaje",,30227,2131148,,Oklahoma,240,34,4,71,7,11698,e601812f-ce24-4e99-bee0-e33c1e9014e4,811227600,12255,3116389,,
2026,HOU,835443,2017,FA,RB,13134,"Foreman, D'Onta",,30202,2139847,,Texas,235,27,3,72,25,11685,02779042-2b4e-4fa9-b598-364fe01b523a,830322000,12282,3125116,,
2026,KCC,746613,2017,FA,RB,13138,"Hunt, Kareem",,30199,2079567,,Toledo,216,29,3,71,22,11739,0ef0d0ca-2d2d-455b-ab63-a20c01303e37,807685200,12295,3059915,,
2026,GBP,695311,2017,FA,RB,13139,"Williams, Jamaal",,30247,2001287,,BYU,224,21,4,72,26,11777,122e131c-b08c-4b10-901d-481a20aeffb8,796885200,12298,2980453,,
2026,TBB,837594,2017,WAS,RB,13143,"McNichols, Jeremy",,30275,2139987,,Boise State,205,26,5,69,18,11767,25cc3585-6194-4786-968a-2600db46b6c6,819954000,12174,3127586,,
2026,PIT,742390,2017,ARI,RB,13146,"Conner, James",,30218,2071585,,Pittsburgh,233,6,3,73,41,11691,28a084c0-14df-499f-bd1f-b975603626b7,799650000,12317,3045147,,
2026,FA,703015,2017,LVR,RB,13148,"Ogunbowale, Dare",,30860,2010409,,Wisconsin,205,33,,70,,11768,42b57148-fc06-4aee-b40b-bb941271b5b7,768027600,12943,2983509,,
2026,LAC,733754,2017,FA,WR,13154,"Williams, Mike",,30120,2082516,,Clemson,218,81,1,76,7,11885,12f27311-7cd6-4ca5-ba7d-571e9de5e1eb,781246800,12183,3045138,,
2026,PIT,835909,2017,FA,WR,13156,"Smith-Schuster, JuJu",,30175,2139620,,Southern California,215,9,2,73,30,11877,9547fbb1-0d4f-4d9e-83b9-e2fa30463bb9,848638800,12184,3120348,,
2026,CAR,821389,2017,FA,WR,13157,"Samuel, Curtis",,30153,2131252,,Ohio State,195,1,2,71,8,11710,66a21b6d-97e5-4732-8bb0-062145d6bbc6,839739600,12219,3121427,,
2026,TBB,835127,2017,TBB,WR,13163,"Godwin, Chris",,30197,2818150,,Penn State,209,14,3,73,20,11718,baa61bb5-f8d0-4f90-bbe2-028576b8d33d,825397200,12201,3116165,,
2026,LAR,698227,2017,SEA,WR,13164,"Kupp, Cooper",,30182,2006951,,Eastern Washington,205,10,3,73,5,11863,2806e915-c46f-492f-8a29-71d3a85e5620,740120400,12177,2977187,,
2026,LAR,822367,2017,NYJ,WR,13168,"Reynolds, Josh",,30230,2131796,,Texas A&M,192,83,4,75,10,11871,682eda79-0026-4ad8-8f45-a61ce42cb908,792910800,12253,3115306,,
2026,DAL,836103,2017,FA,WR,13172,"Brown, Noah",,30352,2139270,,Ohio State,225,85,7,74,21,11849,36f62824-1cdb-4e9e-8a11-55df97e562b9,820904400,12439,3121409,,
2026,BUF,746491,2017,FA,WR,13176,"Jones, Zay",,30150,2080270,,East Carolina,200,17,2,74,5,11751,a28f7368-0306-4d20-855f-285a1a09c09c,796539600,12246,3059722,,
2026,NYG,749185,2017,DEN,TE,13189,"Engram, Evan",,30136,2079887,,Mississippi,240,1,1,75,23,11805,e21365af-8d66-416e-b0a5-8816d18fcfd9,778482000,12205,3051876,,
2026,CLE,832098,2017,LAC,TE,13192,"Njoku, David",,30142,2136474,,Miami,246,83,1,76,29,11734,8f86fcea-90e8-49ea-bc78-5c7659313e57,836974800,12186,3123076,,
2026,TEN,743749,2017,GBP,TE,13193,"Smith, Jonnu",,30213,2081506,,Florida International,248,81,3,75,36,11807,e4f25a37-74de-4bfb-b6c9-f50a4fab0b87,809067600,12344,3054212,,
2026,CLE,835829,2017,LAR,DE,13198,"Garrett, Myles",,30114,2139869,,Texas A&M,272,95,1,76,1,11914,a85a0ba9-674c-4f37-a944-474fc6cdf557,820213200,12133,3122132,,
2026,SFO,830525,2017,TEN,DT,13199,"Thomas, Solomon",,30116,2165541,,Stanford,256,90,1,74,3,11945,74473bcc-5bdb-4650-8549-8a8a12874cbf,809413200,12227,3117258,,
2026,PHI,829983,2017,CLE,DE,13201,"Barnett, Derek",,30127,2133516,,Tennessee,259,50,1,75,14,11901,2d74a108-2b17-4db3-8ef1-0c2e845b414e,835678800,12199,3115336,,
2026,CIN,746888,2017,BAL,DE,13202,"Lawson, Carl",,30229,2079872,,Auburn,260,55,4,74,9,11926,e75ed538-1888-4864-bd1d-e703d1ce4b5b,804402000,12240,3051911,,
2026,WAS,750828,2017,CIN,DT,13208,"Allen, Jonathan",,30130,2082709,,Alabama,300,93,1,75,17,11900,5ba11bd2-e764-4dea-98e1-dad01a21cdd3,790232400,12185,3054840,,
2026,HOU,653112,2017,TEN,DT,13211,"Watkins, Carlos",,30255,1983529,,Clemson,305,96,4,75,34,11951,1df2f078-18d8-4bb4-9d6a-9ba4bcb126bf,755067600,12363,2977681,,
2026,PIT,742490,2017,PIT,DE,13214,"Watt, T.J.",,30143,2071793,,Wisconsin,252,90,1,76,30,11984,f340201b-a1b1-43ba-a47a-484a44334553,781851600,12242,3045282,,
2026,HOU,744654,2017,DET,LB,13216,"Cunningham, Zach",,30170,2079823,,Vanderbilt,230,52,2,75,25,11965,8cb76d80-0326-474f-86c8-869a86405777,786344400,12269,3051750,,
2026,BAL,835806,2017,BAL,CB,13223,"Humphrey, Marlon",,30129,2139775,,Alabama,210,44,1,72,16,12017,bf9749c6-6609-456e-a3eb-b8cab21dd76a,836802000,12287,3126356,,
2026,NOS,836114,2017,FA,CB,13224,"Lattimore, Marshon",,30124,2139278,,Ohio State,192,2,1,72,11,12023,66386076-7d61-47b7-88e2-34a883de250f,832568400,12229,3121421,,
2026,TEN,835902,2017,PHI,CB,13226,"Jackson, Adoree",,30131,2139614,,Southern California,185,8,1,71,18,12018,6db40c6e-7d09-486e-b80d-1d8008547250,811400400,12155,3120347,,
2026,DAL,740759,2017,JAC,CB,13227,"Lewis, Jourdan",,30205,2071724,,Michigan,190,2,3,70,28,12024,7ff68f1d-204c-4d49-9179-ecb2514094dc,809845200,12315,3045207,,
2026,IND,836106,2017,DAL,S,13228,"Hooker, Malik",,30128,2139273,,Ohio State,212,24,1,74,15,11695,3cb26a5c-9c90-46ad-b539-e29ad6934e30,828421200,12156,3121415,,
2026,NYJ,822003,2017,MIN,LB,13230,"Adams, Jamal",,30119,2131682,,LSU,213,33,1,73,6,11985,1a92b0ad-3eb2-4df3-bf02-04c4d9ffe10c,813906000,12210,3115373,,
2026,CLE,830698,2017,PIT,S,13231,"Peppers, Jabrill",,30138,2136536,,Michigan,217,5,1,71,25,11714,45ef2670-2382-434b-8f26-ba13f044236e,812782800,12218,3115962,,
2026,FA,0,2016,SFO,Coach,13233,"Shanahan, Kyle",,,,,,,,,,,,978dbc3f-a815-4351-a1cb-1c0c7f0a378f,,,,,
2026,LAR,838487,2017,FA,TE,13236,"Everett, Gerald",,30157,2142692,,South Alabama,252,14,2,75,12,11737,ebeceb00-57e0-4b74-9cf7-853da2afed18,772520400,12284,3918639,,
2026,ARI,696258,2017,TBB,DE,13245,"Reddick, Haason",,30126,2001828,,Temple,240,5,1,73,13,11937,ee399a97-6868-4db1-9381-09073914c2d6,780210000,12228,2980504,,
2026,FA,712506,2017,IND,TE,13246,"Alie-Cox, Mo",,30112,2815925,,Virginia Commonwealth,267,81,,77,,12196,8809c0dd-786b-4255-a7d0-333c9498c19a,748414800,12221,2998565,moalie-cox/2558832,
2026,BUF,727761,2017,BUF,CB,13249,"White, Tre'Davious",,30140,2061255,,LSU,192,27,1,71,27,12127,13de701c-c77c-4eb5-b54c-8881ca5e0871,790232400,12250,3042717,,
2026,ARI,837805,2017,ARI,S,13251,"Baker, Budda",,30149,2139625,,Washington,195,3,2,70,4,11986,5ce20f3e-0f02-4f53-a2ef-5b076361f2b1,821250000,12278,3127287,,
2026,NYJ,694621,2017,LAC,S,13252,"Maye, Marcus",,30152,2000858,,Florida,207,24,2,71,7,12001,dfbbaf35-08d6-4f58-8577-c2e53a492454,731653200,12286,2980110,,
2026,NOS,826338,2017,LAC,S,13253,"Williams, Marcus",,30155,2818084,,Utah,204,32,2,73,10,12199,662bf69e-10eb-4c2e-970e-1a13f1c7fa07,842158800,12285,3122882,,
2026,DEN,733700,2017,WAS,DE,13258,"Walker, DeMarcus",,30164,2060451,,Florida State,280,95,2,76,19,11950,e1048910-1b5f-4d91-8702-f5ad06844b24,780901200,12319,3045377,,
2026,NYG,694605,2017,LAC,DT,13260,"Tomlinson, Dalvin",,30168,2000919,,Alabama,335,94,2,75,23,11946,6371b42c-2783-49e8-8def-ce4d7dc91081,762411600,12265,2979860,,
2026,KCC,697885,2017,TEN,DE,13262,"Kpassagnon, Tanoh",,30172,2006627,,Villanova,289,69,2,79,27,11924,cb43fb1e-9c65-4462-8c05-798d5885b845,771570000,12294,2982313,,
2026,DAL,747840,2017,BAL,CB,13263,"Awuzie, Chidobe",,30173,2079069,,Colorado,202,3,2,71,28,12009,5e11c306-6387-46ed-8a6d-3ff7a8210ed5,801291600,12237,3052101,,
2026,CLE,749464,2017,BUF,DT,13265,"Ogunjobi, Larry",,30178,2081723,,Charlotte,305,99,3,74,1,11933,915f567f-ca74-426a-8ed0-123c45f67baa,770619600,12256,3050122,,
2026,SFO,826218,2017,FA,CB,13266,"Witherspoon, Ahkello",,30179,2131040,,Colorado,195,4,3,74,2,12038,a80f1b08-3977-48b6-97e0-5991ca26bfae,795762000,12304,3122630,,
2026,JAC,740377,2017,JAC,DE,13267,"Smoot, Dawuane",,30181,2071675,,Illinois,275,58,3,75,4,11942,887dc7b2-fb32-4126-be14-509b40424d34,794120400,12312,3042476,,
2026,NOS,727274,2017,TBB,LB,13268,"Anzalone, Alex",,30189,2061089,,Florida,234,34,3,75,12,11957,8bb2d40a-6dd2-4108-9810-5def1b45f192,780210000,12327,3043107,,
2026,WAS,691044,2017,WAS,CB,13270,"Moreau, Fabian",,30194,1996574,,UCLA,200,30,3,72,17,11970,5ff63fe6-3b33-4f0d-bc51-d5e84d862b08,765867600,12245,2971586,,
2026,SEA,0,2017,FA,CB,13273,"Griffin, Shaq",,30203,2081099,,UCF,198,24,3,72,26,12015,dd7640e6-d81d-4605-b900-451bf40e5bd6,806216400,12321,3054026,,
2026,PHI,895617,2017,WAS,CB,13281,"Douglas, Rasul",,30212,2198663,,West Virginia,209,31,3,74,35,12013,ff89ab1d-4c9c-4e8b-943d-6a9305c5793e,778136400,12277,3943270,,
2026,NOS,729032,2017,BAL,DE,13284,"Hendrickson, Trey",,30216,2818165,,Florida Atlantic,265,91,3,76,39,11919,41d217b9-ec7b-4d72-8a0a-5f0e3a16b693,786603600,12293,3052743,,
2026,LAC,691582,2017,PIT,S,13288,"Jenkins, Rayshawn",,30226,1998315,,Miami (FL),220,31,4,73,6,11994,18f174c9-a956-4c14-bd23-9e799fef6dc7,759474000,12302,2969961,,
2026,PHI,702808,2017,NEP,WR,13289,"Hollins, Mack",,30231,2010349,,North Carolina,221,13,4,76,11,11861,93cb5790-1012-4c42-bccb-5748c27ba7d6,748155600,12349,2991662,,
2026,DET,727802,2017,CHI,LB,13293,"Reeves-Maybin, Jalen",,30237,2061162,,Tennessee,226,42,4,73,16,11980,61e1881b-a33e-4d33-b518-017145d5fc03,791528400,12270,3044729,,
2026,LAR,754440,2017,ATL,DE,13294,"Ebukam, Samson",,30238,2818583,,Eastern Washington,245,52,4,75,17,12201,1d05c82f-81cd-4fad-84f5-8be990c5258d,799995600,12352,3045527,,
2026,NEP,0,2017,WAS,DE,13296,"Wise, Deatrich",,30244,1999951,,Arkansas,280,91,4,77,23,11954,2516f9e7-9927-409d-adbe-b32d680ae71d,775198800,12357,2980080,,
2026,IND,1049773,2017,IND,DT,13298,"Stewart, Grover",,30257,2818218,,Albany State (GA),314,90,4,76,36,12202,fae57441-a198-4674-8a37-401b64d17961,751093200,12364,,,
2026,SFO,733672,2017,SFO,TE,13299,"Kittle, George",,30259,2818265,,Iowa,250,85,5,76,2,11892,2ada91b0-036e-454f-83c3-6d939ff584a9,750142800,12276,3040151,,
2026,ATL,693030,2017,DET,S,13301,"Kazee, Damontae",,30262,1999512,,San Diego State,174,23,5,71,5,12019,f9c86838-11e5-4582-a03e-c15e02b2013c,739256400,12299,2976099,,
2026,CIN,746154,2017,PHI,PK,13303,"Elliott, Jake",,30266,2080295,,Memphis,167,4,5,69,9,12203,059e5bb7-1842-4558-9aaf-77c352a21216,790664400,12367,,,
2026,IND,742464,2017,FA,LB,13306,"Walker, Anthony",,30274,2071763,,Northwestern,235,3,5,73,17,11983,14b52c32-e9f6-4b64-aa22-1d96bb20cf84,807858000,12374,3045251,,
2026,BUF,745741,2017,BUF,LB,13307,"Milano, Matt",,30276,2078974,,Boston College,223,58,5,72,19,11978,825fe252-36b9-48d9-a845-29114c5aae8a,775371600,12375,3046287,,
2026,DET,752646,2017,FA,WR,13308,"Agnew, Jamal",,30278,2818264,,San Diego,190,14,5,70,21,12205,c871b3a8-72c4-425e-a357-2de37e033c8d,796885200,12376,3061612,,
2026,ATL,694931,2017,SEA,TE,13315,"Saubert, Eric",,30287,2001018,,Drake,253,81,5,77,30,11897,582dc00e-e7ec-4ca7-bff0-f7b1d604017b,768459600,12300,2975863,,
2026,SFO,733849,2017,FA,WR,13316,"Taylor, Trent",,30290,2060838,,Louisiana Tech,180,81,5,68,33,11881,3e2e74e9-18a8-4275-9437-b275db27e2ff,767682000,12305,3040569,,
2026,MIA,822029,2017,NOS,DT,13317,"Godchaux, Davon",,30291,2131697,,LSU,330,92,5,75,34,11916,6e6dcc9c-06f5-40fd-9134-d0afd0e349d8,784530000,12384,3115383,,
2026,GBP,741314,2017,MIN,RB,13319,"Jones, Aaron",,30295,2071937,,UTEP,208,33,5,70,38,11763,27dd5b6e-ea65-4622-a6b4-460fd144407c,786344400,12388,3042519,,
2026,BAL,742417,2017,DET,S,13322,"Clark, Chuck",,30299,2071628,,Virginia Tech,210,36,6,72,2,12010,1105ae60-a4b6-4246-a77e-0849179b07b2,798267600,12392,3045463,,
2026,DAL,733850,2017,CHI,S,13325,"Woods, Xavier",,30304,2060842,,Louisiana Tech,200,32,6,71,7,12007,cd09c042-0bfc-4866-8d3f-a14ef4c3d7fc,806734800,12260,3040572,,
2026,NOS,748589,2017,TBB,DE,13330,"Muhammad, Al-Quadin",,30309,2078992,,Miami (FL),250,97,6,75,12,11930,08875a0a-0a3c-4fc1-b5f7-41d510503628,796366800,12400,3051942,,
2026,SFO,865577,2017,DEN,DT,13332,"Jones, D.J.",DJ_Jones73,30310,2180646,,Mississippi,305,93,6,72,14,12209,d2e2b313-6769-48c6-a217-d167f04068df,790491600,12402,3894915,,
2026,CLE,732774,2017,FA,PK,13347,"Gonzalez, Zane",,30337,2061033,,Arizona State,202,47,7,72,6,11831,cd0f4ef0-9914-4125-be4d-804a72350ceb,799822800,12425,3043234,,
2026,SEA,1049915,2017,CAR,WR,13348,"Moore, David",,30339,2818351,,East Central,220,83,7,72,8,12216,aecc1809-4628-4c3a-8b2b-c8f2858d2492,790146000,12427,4212909,,
2026,CAR,748560,2017,KCC,PK,13354,"Butker, Harrison",buttkicker7,30346,2078888,,Georgia Tech,205,7,7,76,15,11783,4ceb866c-8eaf-49b5-9043-56228e43a2e5,805698000,12433,3055899,,
2026,FA,838179,2017,NYJ,WR,13377,"Patrick, Tim",,30511,2818910,,Utah,210,17,,77,,12061,2a443351-5e63-4a49-819e-912b51a745f2,754030800,12501,3134353,,
2026,FA,750072,2017,FA,PK,13403,"Koo, Younghoe",,30426,2820093,,Georgia Southern,195,6,,70,,12292,a8c79523-3d0e-48dd-b4c6-e3d8afd24a13,775890000,12566,3049899,,
2026,FA,790004,2017,WAS,RB,13404,"Ekeler, Austin",,30423,2820090,,Western State,200,30,,70,,12401,e5b8c439-a48a-4f83-b63b-1a4d30e04cd3,800686800,12563,3068267,,
2026,FA,694666,2016,IND,CB,13414,"Hilton, Mike",,29510,2000929,,Mississippi,184,38,,69,,11473,972f93d7-158b-4464-b119-952f298cea52,763189200,11676,2980383,,
2026,FA,754412,2017,ARI,WR,13418,"Bourne, Kendrick",,30551,2088428,,Eastern Washington,205,17,,73,,11847,5aba3610-ab55-4922-ac46-806ded5eb8bf,807512400,12677,3045523,,
2026,FA,503184,2017,FA,TE,13424,"Hill, Taysom",,30614,2818935,,Brigham Young,221,7,,74,,12063,3c8a55dd-20a8-4375-b711-49eb5e6e1d0e,651387600,12729,2468609,,
2026,FA,660151,2017,PIT,TE,13427,"Tonyan, Robert",,30777,2820026,,Indiana State,240,83,,77,,12389,7c9c7800-69d0-459b-812b-a07ac48e9f2a,767682000,12868,2975674,,
2026,FA,732776,2017,FA,PN,13430,"Haack, Matt",,30641,2819211,,Arizona State,205,38,,72,,12402,9164fac3-2540-4f64-ba29-96fb0ce1c7eb,775112400,12753,3043237,,
2026,FA,886184,2017,IND,PN,13431,"Sanchez, Rigoberto",,30534,2818657,,Hawai'i,195,8,,72,,12390,8237c04f-a1c4-4c31-b5de-3afb3c81389f,779000400,12663,3914922,,
2026,FA,609989,2016,NYG,DT,13434,"Robertson-Harris, Roy",,29920,1892155,,UTEP,300,95,,79,,11356,36248cd5-f747-4960-b66a-a5d4f481e098,743403600,11650,2574891,,
2026,FA,691858,2017,MIN,LB,13447,"Wilson, Eric",,30448,2818956,,Cincinnati,230,55,,73,,12360,bfe704fc-266d-4f6a-afbf-c903b5934e23,780555600,12585,3056916,,
2026,FA,690808,2017,LVR,DT,13448,"Butler, Adam",,30655,2818958,,Vanderbilt,301,69,,76,,12141,54814199-dd18-408f-9dc4-ce59a121431b,766126800,12765,2972342,,
2026,FA,658389,2017,NYG,RB,13455,"Ricard, Patrick",,30592,2818911,,Maine,300,45,,75,,12298,cb68b95f-ef6f-4e5e-b861-8bfe6cfeacf5,770014800,12707,2975417,,
2026,FA,1050229,2017,PHI,CB,13470,"Moore, Kenny",KennyMoore1,30669,2818965,,Valdosta State,190,23,,69,,12431,cbfb7144-357e-4feb-82d7-a6104fdbf908,809154000,12775,4218312,,
2026,FA,750714,2017,FA,CB,13479,"Davis, Michael",,30422,2820088,,Brigham Young,196,24,,74,,12357,86099301-67d0-4370-8e42-d14f34bbbb91,789368400,12562,3053795,,
2026,FA,658447,2017,FA,WR,13488,"Pascal, Zach",,30502,1989197,,Old Dominion,219,83,,74,,11868,7fc949b6-a1cb-4f9d-a06d-b65773409a44,787726800,12635,2978109,,
2026,FA,880396,2017,DET,CB,13547,"Maulet, Art",,30415,2819458,,Memphis,190,22,,69,,12026,bf21bd83-9c97-4faf-97be-859f033848e2,742539600,12468,3916144,,
2026,BUF,868199,2018,BUF,QB,13589,"Allen, Josh",,30977,2181054,,Wyoming,237,17,1,77,7,12483,3069db07-aa43-4503-ab11-2ae5c0002721,832654800,13045,3918298,,
2026,CLE,748070,2018,TBB,QB,13590,"Mayfield, Baker",,30971,2080032,,Oklahoma,215,6,1,73,1,12619,30198d30-9769-4e10-ac86-b4c91d940802,797835600,13072,3052587,,
2026,NYJ,880026,2018,SEA,QB,13592,"Darnold, Sam",,30973,2180320,,USC,225,14,1,75,3,12490,13d826c5-9b22-4e0a-a877-02d8c84c546b,865486800,13058,3912547,,
2026,FA,877745,2018,BAL,QB,13593,"Jackson, Lamar",,31002,2181169,,Louisville,205,8,1,74,32,12561,e06a9c07-453a-4bb0-a7e9-2c3a64166dad,852613200,13059,3916387,,
2026,PIT,823220,2018,PIT,QB,13595,"Rudolph, Mason",,31046,2131167,,Oklahoma State,235,2,3,77,12,12629,be4ca0ad-f3d6-4b98-a37f-79d0cbc06390,805957200,13075,3116407,,
2026,DAL,741785,2018,FA,QB,13598,"White, Mike",,31141,2072143,,Western Kentucky,220,14,5,77,34,12826,f4808328-86e9-459d-a2bc-18e90c7d211e,796107600,13188,3051381,,
2026,NYG,883302,2018,PHI,RB,13604,"Barkley, Saquon",,30972,2185957,,Penn State,233,26,1,72,2,12507,9811b753-347c-467a-b3cb-85937e71e2b9,855464400,13048,3929630,,
2026,CLE,822857,2018,FA,RB,13610,"Chubb, Nick",,31005,2131579,,Georgia,227,21,2,71,3,12886,4bd60b33-9fbf-4156-ba2b-8264ac37b418,820040400,13161,3128720,nick-chubb,
2026,IND,880146,2018,NOS,RB,13622,"Hines, Nyheim",,31074,2183832,,North Carolina State,198,31,4,68,4,12630,ed5bcd2c-6335-4c0b-93b7-2116684a9b02,847774800,13209,3916430,,
2026,ATL,884013,2018,TEN,WR,13629,"Ridley, Calvin",,30996,2186328,,Alabama,190,,1,73,26,12616,926e2674-52d6-4cec-9991-46ee85cc8cfd,787899600,13137,3925357,,
2026,DEN,838878,2018,DEN,WR,13630,"Sutton, Courtland",,31010,2218461,,SMU,216,14,2,76,8,12586,b55ae5ba-593f-4560-9cab-14e10698e01d,813301200,13129,3128429,,
2026,FA,837958,2018,FA,WR,13632,"Lazard, Allen",,31268,2141655,,Iowa State,227,10,,77,,12628,6a23db75-021b-4808-99e6-21a33d34202b,818658000,13226,3128390,,
2026,ARI,865801,2018,SFO,WR,13633,"Kirk, Christian",,31017,2180820,,Texas A&M,200,13,2,71,15,12508,ebcd87ce-218c-4144-810b-921c2f59d6e8,848293200,13095,3895856,,
2026,SFO,837820,2018,SFO,WR,13634,"Pettis, Dante",,31014,2139642,,Washington,200,17,2,74,12,12884,20d16690-560b-4a01-af20-8870ef07ea70,814424400,13160,3127306,,
2026,CAR,877790,2018,BUF,WR,13635,"Moore, D.J.",,30994,2179328,,Maryland,213,2,1,72,24,12477,d8202e6d-d03b-4cd1-a793-ff8fd39d9755,860994000,13114,3915416,,
2026,NEP,820866,2018,NYG,WR,13638,"Berrios, Braxton",,31180,2130981,,Miami,185,17,6,69,36,12771,18f0bd30-1432-4fae-9cb4-c212bad6d0bb,812955600,13308,3123075,,
2026,FA,0,2018,FA,WR,13641,"McCloud, Ray-Ray",,31157,2179226,,Clemson,185,34,6,69,13,12570,f7ff7599-a175-4a0c-b887-3ae9e596fc64,845355600,13289,3728262,,
2026,DAL,912061,2018,FA,WR,13652,"Wilson, Cedrick",,31178,2240685,,Boise State,197,11,6,74,34,12773,a964f59b-af2b-48e1-b64d-c376cc1d8c28,816843600,13202,4036335,,
2026,JAC,822008,2018,FA,WR,13668,"Chark, D.J.",,31031,2131689,,LSU,198,16,2,75,29,12820,c2a7bd8a-d141-423a-8810-0988a59ff0b4,843454800,13096,3115394,,
2026,FA,830686,2018,SFO,WR,13669,"Turner, Malik",,31777,2136527,,Illinois,202,7,,74,,13378,82a7e1ff-019a-4f4b-aeb6-c41420e44891,822978000,13906,3115928,,
2026,BAL,820699,2018,BAL,TE,13671,"Andrews, Mark",,31056,2131121,,Oklahoma,250,89,3,77,22,12559,0618f387-9b72-4270-8b8f-dec4cccc9e4a,810363600,13182,3116365,,
2026,MIA,836152,2018,CIN,TE,13672,"Gesicki, Mike",,31012,2139298,,Penn State,245,88,2,78,10,12764,1012cbe0-7eba-4169-bfca-183a0204e1a7,812696400,13104,3116164,,
2026,PHI,791365,2018,PHI,TE,13674,"Goedert, Dallas",,31019,2132551,,South Dakota State,256,88,2,77,17,12860,e8029983-87cf-49a2-bc04-04c8233a0630,789109200,13151,3121023,,
2026,MIN,861278,2018,DET,TE,13675,"Conklin, Tyler",,31127,2165249,,Central Michigan,248,83,5,75,20,12809,f0d17dfa-ebf3-416c-a8d2-c6bc30675103,807080400,13220,3915486,,
2026,MIA,749968,2018,BAL,TE,13676,"Smythe, Durham",,31093,2082845,,Notre Dame,248,80,4,77,23,12807,7e42a22a-c47b-4387-aeeb-2cc2e76dc1d8,807944400,13249,3052897,,
2026,CAR,943093,2018,LVR,TE,13678,"Thomas, Ian",,31071,2253359,,Indiana,253,80,4,75,1,12858,ed8a8fd2-df67-45e7-a34f-984afb82f6ea,834037200,13163,4045305,,
2026,BAL,881956,2018,FA,TE,13680,"Hurst, Hayden",,30995,2185053,,South Carolina,245,88,1,76,25,12467,1b125fc4-5dd9-4eb9-a42f-048e61ca42b7,746168400,13098,3924365,,
2026,DEN,832398,2018,BUF,DE,13681,"Chubb, Bradley",,30975,2136439,,North Carolina State,268,9,1,76,5,12877,66313049-299d-4e58-beb9-8e051ab6548a,835592400,13103,3116733,,
2026,FA,865568,2018,IND,DE,13682,"Key, Arden",,31057,2180628,,LSU,240,98,3,77,23,12545,acc85868-4848-4de3-8e6f-5427e93c8d80,831099600,13117,3843843,,
2026,DET,835803,2018,ATL,DT,13683,"Hand, Da'Shawn",,31084,2139772,,Alabama,302,90,4,75,14,12821,e4114f9d-80da-4e39-bd12-cd9cf2c0d720,816325200,13176,3126352,,
2026,LAR,747990,2018,SFO,DE,13685,"Okoronkwo, Ogbonnia",,31130,2079166,,Oklahoma,253,50,5,74,23,12788,eacc232b-701d-4a67-9ce5-61b9b931fd42,798699600,13179,3052667,,
2026,IND,728325,2018,IND,DE,13687,"Lewis, Tyquan",,31034,2060775,,Ohio State,267,94,2,75,32,12800,7b06a505-ea09-4f2a-adad-f0f1c9b3ebc9,791442000,13201,3040513,,
2026,NOS,835478,2018,CHI,DE,13688,"Davenport, Marcus",,30984,2141036,,Texas-San Antonio,285,92,1,78,14,12863,9c2c9c29-516a-4e0f-8dcd-319291823370,841813200,13141,3124058,,
2026,PHI,867049,2018,ARI,DE,13690,"Sweat, Josh",,31101,2179277,,Florida State,265,10,4,77,30,12546,66a67b5d-500d-46e8-90c6-e2f127d38190,859611600,13132,3693166,,
2026,TBB,838183,2018,TBB,DT,13692,"Vea, Vita",,30982,2141907,,Washington,347,50,1,76,12,12500,503eb9a7-83ed-4b96-b0f2-7afe4920bde9,791960400,13127,3134362,,
2026,BUF,830522,2018,NYJ,DT,13693,"Phillips, Harrison",,31066,2136747,,Stanford,307,97,3,75,32,12551,840b2183-02bc-4a2a-b415-c62ceecca1b2,822546000,13177,3117255,,
2026,WAS,883994,2018,WAS,DT,13694,"Settle, Tim",,31133,2186283,,Virginia Tech,313,97,5,75,26,12544,8442c8f8-7fbb-4a0b-8407-355c2dfdf72c,868597200,13171,3929956,,
2026,JAC,820420,2018,BAL,DT,13695,"Bryan, Taven",,30999,2131567,,Florida,291,70,1,76,29,12470,3971d35c-17f6-400e-8970-86bbf92cc744,826520400,13123,3115249,,
2026,CHI,879092,2018,BAL,LB,13696,"Smith, Roquan",,30978,2180472,,Georgia,235,,1,73,8,12644,3291c582-9377-4bc2-8ee5-61d887873797,860475600,13113,3915189,roquansmith/2560877,
2026,BUF,883981,2018,NYG,LB,13697,"Edmunds, Tremaine",,30986,2186270,,Virginia Tech,251,49,1,76,16,12612,88976fed-0ffd-40a8-98ea-0c6c55010000,894085200,13121,3929950,,
2026,TEN,824211,2018,NEP,DE,13700,"Landry, Harold",,31011,2130978,,Boston College,252,2,2,74,9,12883,60d5e71e-e127-463b-8e6b-26a7dac3db76,833950800,13119,3122793,,
2026,DEN,740719,2018,FA,LB,13702,"Jewell, Josey",,31076,2071690,,Iowa,236,47,4,73,6,12968,a473e7a2-8f31-43ad-b87f-c39e6635f1b0,788331600,13155,3040150,,
2026,LAC,835906,2018,SEA,DE,13704,"Nwosu, Uchenna",,31018,2139618,,USC,265,7,2,74,16,12844,40941261-cfd0-4e8d-b895-21fb7e20b407,851749200,13185,3120358,,
2026,MIA,878787,2018,CLE,LB,13706,"Baker, Jerome",,31043,2179794,,Ohio State,232,17,3,74,9,12596,53e7c80e-8bf9-4ab2-ab3e-80cb556ea784,851490000,13225,3915507,,
2026,CLE,878783,2018,CLE,CB,13707,"Ward, Denzel",,30974,2179829,,Ohio State,190,21,1,71,4,12572,aefdc3d3-0851-4782-b298-f06f137d42c9,862203600,13124,3915535,,
2026,ATL,882705,2018,TEN,S,13709,"Oliver, Isaiah",,31028,2185537,,Colorado,202,26,2,72,26,12581,83d45661-2687-4ca9-ac45-91beac7b7082,844059600,13135,3915437,,
2026,TBB,880536,2018,NEP,CB,13710,"Davis, Carlton",,31033,2183962,,Auburn,206,7,2,73,31,12531,2df83b38-7b2b-4aea-91ee-bfc5974486a1,852008400,13138,3916923,,
2026,MIA,884043,2018,NYJ,S,13713,"Fitzpatrick, Minkah",,30981,2186316,,Alabama,207,29,1,73,11,12624,1aede0b9-557c-444d-9a2f-4cc690e1563c,848206800,13115,3925345,,
2026,LAC,867045,2018,LAC,S,13714,"James, Derwin",,30987,2179267,,Florida State,215,3,1,74,17,12464,01c52412-7257-4213-b8b3-effa7c5dd5c7,839048400,13120,3691739,,
2026,JAC,868088,2018,MIA,LB,13715,"Harrison, Ronnie",,31063,2180568,,Alabama,207,56,3,74,29,12625,9b96ef63-04bd-41ae-b59c-acc0f2561d19,861339600,13147,3859006,,
2026,HOU,884954,2018,NOS,S,13717,"Reid, Justin",,31038,2186838,,Stanford,207,21,3,73,4,12606,bb9db665-7f9f-425d-9e4b-df78c65c8b97,855982800,13133,3931399,,
2026,MIN,744439,2018,NOS,PK,13718,"Carlson, Daniel",,31137,2079862,,Auburn,215,10,5,77,30,12842,7bb70550-c28a-4e47-9a13-cc0c0fef8b38,790837200,13275,3051909,,
2026,CHI,910383,2018,SFO,PK,13719,"Pineiro, Eddy",,31482,2221833,,Florida,190,18,,71,,12582,1c50997f-c56e-47f9-a750-33ab100ed28b,810968400,13655,4034949,,
2026,WAS,884053,2018,WAS,DT,13723,"Payne, Da'Ron",,30983,2186325,,Alabama,320,94,1,75,13,12618,0a1be8da-5839-4768-bfe5-9fec74908268,864709200,13130,3925354,,
2026,ARI,832900,2018,WAS,RB,13726,"Edmonds, Chase",,31104,2137507,,Fordham,201,38,4,69,34,12667,d8d9b161-7ef4-42bf-89b7-7edf806a0ad1,829371600,13255,3119195,,
2026,GBP,868006,2018,PHI,CB,13730,"Alexander, Jaire",,30988,2181152,,Louisville,196,23,1,70,18,12549,db9fa46f-f0f6-40b8-a207-60d46173d7e1,855464400,13125,3895429,,
2026,MIN,866055,2018,ATL,CB,13731,"Hughes, Mike",,31000,2179346,,Central Florida,190,21,1,70,30,12590,1f181c47-ad84-4758-a295-4c4f5c56120f,855637200,13131,3895841,,
2026,TBB,823096,2018,HOU,S,13736,"Stewart, M.J.",,31023,2130954,,North Carolina,205,29,2,71,21,12836,3d405d21-bfdd-4495-afe3-9e96d1972ee2,811227600,13166,3116679,,
2026,CIN,884318,2018,ATL,S,13737,"Bates, Jessie",,31024,2186390,,Wake Forest,210,3,2,73,22,12564,89c84a59-18ad-4aeb-8879-d4ba7dd1491e,856933200,13136,3919512,,
2026,CAR,865566,2018,LAC,CB,13738,"Jackson, Donte",,31025,2180625,,LSU,180,26,2,70,23,12610,9dc1308a-5cf2-45c1-b5ad-fc64fff3e94f,815806800,13144,3843769,,
2026,NYG,820878,2018,CIN,DT,13742,"Hill, B.J.",,31039,2146581,,North Carolina State,311,92,3,75,5,12815,5c24d0c5-076c-4db5-9bd0-e67f7c42ad50,798354000,13194,3116748,,
2026,SFO,839576,2018,SFO,LB,13743,"Warner, Fred",,31040,2142098,,BYU,230,54,3,75,6,12769,75a74283-5ab6-49d4-bf2f-e6fcaf91ec36,848379600,13159,3138826,,
2026,NYJ,1107500,2018,NOS,DT,13744,"Shepherd, Nathan",,31042,2913945,,Fort Hays State,315,93,3,76,8,12814,4be6de2f-0a6c-43fc-a91f-d01cdb5dca6c,750142800,13184,4076951,,
2026,KCC,835001,2018,FA,DT,13745,"Nnadi, Derrick",,31045,2138996,,Florida State,317,91,3,73,11,12971,a1182eb3-26cb-4d34-b29a-df673973f08b,831618000,13233,3122930,,
2026,LAC,832421,2018,FA,DT,13748,"Jones, Justin",,31054,2146582,,NC State,300,98,3,75,20,12785,c82a3f67-90b7-4cc8-ac3b-e6cf469cc541,841208400,13235,3116746,,
2026,GBP,744650,2018,CIN,LB,13750,"Burks, Oren",,31058,2079819,,Vanderbilt,233,42,3,75,24,12919,ab9bd5b1-eaf9-4f2d-8acd-fbc143980b17,795762000,13227,3051746,,
2026,HOU,838396,2018,JAC,TE,13753,"Akins, Jordan",,31068,2142712,,UCF,245,88,3,76,34,12568,0cb5a32a-a340-4671-ba2a-93f5fa6aee8d,703659600,13238,3128452,,
2026,DEN,824196,2018,WAS,CB,13754,"Yiadom, Isaac",,31069,2130980,,Boston College,188,27,3,73,35,12778,5bde0a71-c7ec-465f-ad35-c195e1d10b29,824792400,13154,3122797,,
2026,MIN,836105,2018,TEN,DT,13755,"Holmes, Jalyn",,31072,2139272,,Ohio State,283,96,4,77,2,12812,9b8e379d-2362-415f-b51d-ec3b8bedda93,822546000,13240,3121414,,
2026,DAL,877584,2018,WAS,DE,13759,"Armstrong, Dorance",,31086,2179534,,Kansas,255,92,4,76,16,12548,a28daf84-6354-49e6-a047-1bc549997f29,865918800,13195,3928979,,
2026,TBB,879290,2018,FA,S,13760,"Whitehead, Jordan",,31087,2179426,,Pittsburgh,198,3,4,70,17,12641,4deb42ec-bece-4b00-b697-3caeff8c1997,858661200,13192,3895798,,
2026,LAC,919457,2018,FA,LB,13762,"White, Kyzir",,31089,2243367,,West Virginia,234,7,4,74,19,12787,c6303f3b-9c18-4afe-b0bf-d8270ca9db21,827643600,13245,4039254,,
2026,SEA,837806,2018,FA,TE,13763,"Dissly, Will",,31090,2139628,,Washington,265,89,4,76,20,12986,383f4814-6836-4766-a297-fc063e8509cc,836802000,13246,3127292,,
2026,BUF,830021,2018,LVR,CB,13764,"Johnson, Taron",,31091,2133716,,Weber State,192,7,4,71,21,12784,3443dde2-23bc-4dba-b499-069d501a59cf,838443600,13247,3121003,,
2026,PHI,832463,2018,DET,S,13767,"Maddox, Avonte",,31095,2136493,,Pittsburgh,191,29,4,69,25,12683,942b9da8-e0c6-4087-886b-370fe357f5f3,828248400,13251,3123938,,
2026,SFO,832247,2018,CHI,DT,13769,"Street, Kentavius",,31098,2136453,,North Carolina State,315,93,4,74,28,12752,eb864600-7562-491a-b7a7-9eb3068dba06,831531600,13105,3116726,,
2026,LAR,835955,2018,TEN,DT,13770,"Franklin-Myers, John",,31105,2140474,,Stephen F. Austin,288,91,4,76,35,12972,e08d71dd-58d9-4295-bcf8-9a6faf59c333,843714000,13256,3120464,,
2026,DAL,830523,2018,HOU,TE,13772,"Schultz, Dalton",,31107,2136748,,Stanford,242,86,4,77,37,12514,8caec1b4-e0b6-4a84-b8c8-617d6e91ef6a,837061200,13198,3117256,,
2026,SFO,946841,2018,DET,CB,13774,"Reed, D.J.",,31112,2261288,,Kansas State,190,4,5,69,5,12505,17664e93-8236-4eb0-9505-4e71f43b5a7d,847688400,13259,3139387,,
2026,NEP,830914,2018,PIT,LB,13775,"Bentley, Ja'Whaun",,31113,2136560,,Purdue,250,8,5,74,6,12766,3164fc4b-b2ae-43b3-9ff1-1d5f744b9f88,840862800,13260,3116187,,
2026,TBB,832220,2018,FA,WR,13776,"Watson, Justin",,31114,2137198,,Pennsylvania,215,84,5,74,7,12746,bdb77276-7191-4454-85c2-e1693a33d709,828594000,13208,3118892,,
2026,CHI,839685,2018,FA,DT,13777,"Nichols, Bilal",,31115,2142583,,Delaware,300,92,5,75,8,12711,0a6c2bfc-19a4-47f9-ba60-74265af6e947,842677200,13261,3117922,,
2026,SEA,744889,2018,PIT,CB,13778,"Flowers, Tre",,31116,2079182,,Oklahoma State,203,37,5,75,9,12671,73c958ee-0d55-49e9-a613-f4475b444fd5,802069200,13262,3046326,,
2026,SEA,884283,2018,SEA,PN,13782,"Dickson, Michael",,31119,,,Texas,208,4,5,74,12,12481,d1ae3222-8892-49bc-bb3e-0bcd7c74522e,820731600,13265,,,
2026,BUF,750324,2018,SFO,CB,13785,"Neal, Siran",,31124,2083380,,Jacksonville State,206,33,5,72,17,12817,82100457-f4ee-4f24-8ca2-584bfdc85749,775976400,13268,3057524,,
2026,GBP,835815,2018,LAC,PN,13791,"Scott, J.K.",,31142,2139783,,Alabama,208,16,5,77,35,12822,5067e5ee-bae8-411e-bc05-011a88a3d954,815029200,13278,3126368,,
2026,GBP,742382,2018,LAC,WR,13793,"Valdes-Scantling, Marquez",,31144,2071540,,South Florida,206,1,5,76,37,12934,e7f0a505-8060-403e-a3b3-9d4e88dda1dc,781765200,13280,3051738,,
2026,NYJ,741451,2018,LVR,DT,13798,"Fatukasi, Foley",,31150,2071999,,Connecticut,318,91,6,76,6,12670,acc3f3fc-12b7-40b6-b773-b73b2b10cf32,794293200,13284,3045172,,
2026,SEA,838315,2018,TEN,DE,13802,"Martin, Jake",,31156,2141626,,Temple,242,57,6,74,12,12990,b7337487-017c-42f4-b500-6802a35efbfc,818658000,13288,3138764,,
2026,BAL,884284,2018,PIT,S,13806,"Elliott, DeShon",,31160,2186486,,Texas,210,25,6,72,16,12459,83128a20-392f-4ca7-878e-689c6e6dfbfc,861598800,13165,3929846,,
2026,ATL,822014,2018,SFO,WR,13809,"Gage, Russell",,31164,2131694,,LSU,184,84,6,72,20,12992,4501e6f4-4683-4357-b241-8b4a0b6aae81,822286800,13295,3115378,,
2026,LAR,746185,2018,PIT,DT,13810,"Joseph-Day, Sebastian",,31165,2079008,,Rutgers,310,69,6,76,21,12993,21c60b9f-98f3-4b6f-8911-89aba2622347,795762000,13296,3047495,,
2026,KCC,843049,2018,HOU,CB,13811,"Smith, Tremon",,31166,2161394,,Central Arkansas,190,11,6,71,22,12994,aecd8785-d22b-43b4-bbff-76b7e4319ed6,837838800,13297,3134448,,
2026,ATL,786943,2018,JAC,LB,13813,"Oluokun, Foyesade",,31170,2093154,,Yale,230,23,6,74,26,12995,0a415a08-ea30-40b2-aac9-42689e3e996a,807339600,13300,3050073,,
2026,MIA,821895,2018,NYJ,PK,13832,"Sanders, Jason",,31199,2131909,,New Mexico,195,7,7,71,11,13007,5ffb654f-0de5-424b-aa2f-ad511deb5b51,816498000,13326,3124679,,
2026,IND,836219,2018,GBP,LB,13837,"Franklin, Zaire",,31205,2139141,,Syracuse,235,44,7,72,17,13010,b0ad00bc-3b30-41ce-8892-f8105e0943e2,836283600,13332,3124005,,
2026,BAL,1115236,2018,MIA,DT,13839,"Sieler, Zach",,31208,2924468,,Ferris State,300,92,7,78,20,13011,c85c0efc-3391-4a8e-b8a4-370b32fd09ce,810450000,13334,3057956,,
2026,JAC,835495,2018,JAC,PN,13844,"Cooke, Logan",,31216,,,Mississippi State,230,9,7,77,29,13013,8301d82b-0ad1-4988-a978-2925e2ae9377,806907600,13343,3115480,,
2026,FA,0,2017,PIT,PN,13848,"Johnston, Cam",,30711,2820081,,Ohio State,194,19,,71,,11829,d2f6de91-089a-4845-9b90-bfbc00487444,698907600,12493,3051397,,
2026,FA,739799,2018,FA,RB,13850,"Edwards, Gus",,31424,2925410,,Rutgers,238,4,,73,,13123,3ffc3993-461e-4477-9def-c9633b7feac1,797749200,13606,3051926,,
2026,FA,749681,2017,FA,WR,13862,"Cracraft, River",,30955,2890282,,Washington State,198,84,,72,,12447,6124c4d4-337b-4926-b3f8-d2feb1c16fa9,783666000,13054,3052056,,
2026,FA,912096,2018,CLE,PN,13869,"Bojorquez, Corey",,31727,2926968,,New Mexico,217,13,,72,,13323,1073ac8d-d12f-4ad0-845d-5351503931bd,842590800,13857,4039396,,
2026,FA,822350,2018,BUF,QB,13879,"Allen, Kyle",,31301,2131782,,Houston,210,11,,75,,12623,d2023f5b-f73b-43ad-a816-f10dadfdfaed,826261200,13495,3115293,,
2026,FA,1115401,2018,JAC,DE,13888,"Gardeck, Dennis",,31299,2926501,,Sioux Falls,232,47,,72,,13210,48700b7b-210c-4ced-9c57-3e21162e7752,776408400,13493,4334300,,
2026,FA,835861,2018,BUF,WR,13893,"Sherfield, Trent",,31320,2139758,,Vanderbilt,205,5,,73,,13061,18ccb826-5584-4f6a-8434-cf9a3b927b0f,825310800,13513,3122168,,
2026,FA,833701,2018,FA,PK,13898,"Joseph, Greg",,31538,2926810,,Florida Atlantic,208,3,,72,,13266,a2aab80d-174c-4639-beac-e2b70bb3625f,775976400,13705,3975763,,
2026,FA,767297,2018,FA,TE,13919,"Firkser, Anthony",,30571,2818971,,Harvard,241,85,,74,,12235,b0719e3d-199b-46e5-a2b4-1091f6fd5c0d,793170000,12691,3049698,,
2026,FA,912248,2018,IND,CB,13920,"Ward, Charvarius",,31293,2926483,,Middle Tennessee State,196,7,,73,,13257,04f6abef-834f-470e-9c15-8c0cc62fde4e,832222800,13488,4037361,,
2026,FA,748293,2018,FA,LB,13926,"Board, Chris",,31750,2081315,,North Dakota State,229,49,,74,,13353,07247409-1cf8-4e67-a05b-15de83ca1bf9,806475600,13880,3060403,,
2026,FA,840781,2018,JAC,DT,13927,"Dickerson, Matt",,31612,2144819,,UCLA,300,93,,77,,12973,7bce07de-7179-459c-97a4-279fb53641a2,815893200,13431,3134316,,
2026,FA,835441,2018,LAR,DT,13933,"Ford, Poona",,31477,2925442,,Texas,310,97,,71,,12492,09b78e4f-e683-4c5d-b35e-35cc0dbbf7e5,816757200,13370,3125114,,
2026,FA,742874,2018,HOU,S,13939,"Odum, George",,31373,2925156,,Central Arkansas,202,30,,73,,13094,b736f05a-38a5-47b4-aaab-734667967ac2,752302800,13558,3050199,,
2026,FA,740704,2017,PHI,TE,13940,"Mundt, Johnny",,30373,2818622,,Oregon,243,83,,76,,12316,6414998b-5831-44aa-8bd8-39e42a323c2c,785566800,12525,3052096,,
2026,FA,835499,2018,FA,S,13942,"Gray, J.T.",,31411,2139824,,Mississippi State,202,48,,72,,13106,e0248ecc-27b4-4368-bf97-47a73cb41ec2,821941200,13593,3115481,,
2026,FA,835933,2018,WAS,LB,13952,"Luvu, Frankie",,31503,2925877,,Washington State,235,4,,75,,13159,717ebb17-f54f-4052-b9fb-af641a25ebe2,843109200,13673,3127273,,
2026,FA,1115407,2018,MIN,S,13953,"Thomas, Tavierre",,31321,2926511,,Ferris State,205,37,,70,,13219,0a63f97d-9cc2-44d0-b65a-ac2e78db73f9,826520400,13514,4334405,,
2026,FA,838512,2018,FA,CB,13959,"Williams, Darious",,31422,2925522,,UAB,192,31,,69,,13132,a40a9b55-7850-4572-8197-f57a5354f921,732171600,13604,4239833,,
2026,FA,757521,2018,FA,WR,13963,"Hodge, KhaDarel",,31769,2954080,,Prairie View A&M,210,4,,74,,13418,6f124753-5c6c-454b-97c7-0f9b4d14e7c2,789109200,13899,3047876,,
2026,FA,694909,2017,NYG,DT,13965,"Tupou, Josh",,30586,2818925,,Colorado,340,69,,75,,12183,1ad3e535-2b5c-48a8-82f0-c7a933d250f0,767854800,12701,2979632,,
2026,FA,748309,2017,JAC,QB,13968,"Mullens, Nick",,30563,2819104,,Southern Miss,210,14,,72,,12511,7738fea8-7ea2-4c4c-b589-bca90b070819,795762000,12684,3059989,,
2026,FA,0,2018,FA,PK,13980,"Badgley, Mike",,31366,2925140,,Miami (FL),188,17,,70,,12775,375b0d7f-8d03-4111-8c1b-62907f0326a1,806907600,13410,3123052,,
2026,FA,821446,2018,NEP,LB,13987,"Spillane, Robert",,31708,2926962,,Western Michigan,229,14,,73,,13306,3b59e08c-0c3b-42c9-a4e2-9b79103ea715,818917200,13839,3129446,,
2026,FA,752665,2018,CAR,TE,13988,"Dwelley, Ross",,31329,2924888,,San Diego,235,82,,77,,13030,70473218-5ae3-47b4-86fd-151e68f1e8b9,791096400,13522,3120303,,
2026,FA,689689,2017,IND,TE,13994,"Brown, Pharaoh",,30627,2819155,,Oregon,260,85,,77,,11887,6733b953-de77-44e5-acbf-c2d3a0940243,768027600,12737,2971281,,
2026,FA,919491,2018,ATL,CB,14012,"Ford, Mike",,31634,2926800,,Southeast Missouri State,199,28,,72,,13195,965df459-3f21-4a93-9a99-15559eb977a4,807512400,13408,3050916,,
2026,FA,834195,2018,MIA,RB,14017,"Wilson, Jeffery",,31394,2925161,,North Texas,213,20,,72,,12932,72cf3127-3953-4fd8-8049-3de1b6fa9825,816498000,13578,3122976,,
2026,FA,834674,2018,CIN,CB,14037,"Davis, Jalen",,31534,2926535,,Utah State,186,35,,70,,13263,57a21028-b3a1-494b-ade8-7e94c7108823,823237200,13701,3125356,,
2026,FA,0,0,GBP,Coach,14050,"LaFleur, Matt",,,,,,,,,,,,8377599d-4d2e-4e47-b006-2270fabcd3fd,,12165,,,
2026,FA,0,0,CIN,Coach,14054,"Taylor, Zac",,,,,,,,,,,,d757fce3-3b15-4dc6-9313-612df6439a14,421390800,13962,,,
2026,ARI,879799,2019,MIN,QB,14056,"Murray, Kyler",,31833,2180829,,Oklahoma,207,1,1,70,1,13613,dd5a6b6e-ffae-45a5-b8e6-718a9251f374,870930000,13950,3917315,,
2026,DEN,882345,2019,SEA,QB,14057,"Lock, Drew",,31874,2185479,,Missouri,228,2,2,76,10,13736,94325301-e0ad-4a9f-a0e5-ffec0f529be3,847602000,13992,3924327,,
2026,NYG,879981,2019,IND,QB,14059,"Jones, Daniel",,31838,2179245,,Duke,230,17,1,77,6,13491,0042266b-cb28-4012-bfd2-06650badad97,864709200,13963,3917792,,
2026,FA,881048,2019,WAS,TE,14060,"Jackson, Tyree",,32415,2184377,,Buffalo,249,80,,79,,13551,2fc1c9f1-9e85-449a-9a87-fa8203e8e8f9,878878800,14047,3916564,,
2026,CAR,820423,2019,FA,QB,14062,"Grier, Will",,31932,2131571,,West Virginia,220,15,3,73,36,13446,7905e9be-2f66-4ff5-a6e9-dbe281bf4822,796885200,13977,3115252,,
2026,NEP,865868,2019,DEN,QB,14063,"Stidham, Jarrett",,31965,2180697,,Auburn,215,8,4,75,31,13438,582fe465-135a-4901-beef-60aebce99067,839480400,13945,3892775,,
2026,FA,866216,2019,TBB,QB,14065,"Rypien, Brett",,32221,2181392,,Boise State,210,11,,74,,13620,9ab44516-2a26-4049-b630-66539c7a5dfd,836888400,14049,3722362,,
2026,JAC,867303,2019,ARI,QB,14067,"Minshew, Gardner",,32010,2183083,,Washington State,225,15,6,73,5,13741,dabb52c0-455b-48fe-996b-abf758120623,832222800,14235,4038524,,
2026,LAC,831007,2019,TBB,QB,14069,"Stick, Easton",,31998,2137911,,North Dakota State,224,12,5,73,28,13627,af291d43-a51f-44ce-b8ac-430ec68c78c8,811141200,14145,3120590,,
2026,CHI,946739,2019,HOU,RB,14071,"Montgomery, David",,31905,2261252,,Iowa State,230,32,3,71,9,13556,1c9e1cd5-8cb1-4a15-a2c8-3a0c0fd5423c,865659600,13978,4035538,,
2026,FA,944416,2019,GBP,RB,14073,"Jacobs, Josh",,31856,2257876,,Alabama,223,8,1,70,24,13582,61694ab9-b099-408e-b48d-6a643dd069ec,887173200,14026,4047365,,
2026,CIN,910605,2019,FA,RB,14076,"Williams, Trayveon",,32014,2222046,,Texas A&M,206,36,6,68,9,13548,478fcd24-2617-41d5-a900-b272aa6ef515,877150800,14042,4035222,,
2026,PHI,924261,2019,FA,RB,14079,"Sanders, Miles",,31885,2251305,,Penn State,211,27,2,71,21,13521,ef3ceaf4-b733-4e06-a7f4-a94fc67361c1,862462800,14040,4045163,,
2026,BUF,916466,2019,NYG,RB,14080,"Singletary, Devin",,31906,2241251,,Florida Atlantic,203,26,3,67,10,13449,a961b0d4-5d7c-438e-90f0-2e1fa09f6c89,873262800,14043,4040761,,
2026,MIA,865895,2019,FA,RB,14081,"Gaskin, Myles",,32066,2180360,,Washington,200,38,7,70,20,13505,cad49098-1523-4e52-9f50-caa3423e1bb6,855982800,14044,3886818,,
2026,SEA,922484,2019,PIT,RB,14083,"Homer, Travis",,32036,2249831,,Miami,211,21,6,70,31,13484,4afb77d8-4564-469b-be4c-5a8587df8046,902466000,14272,4037457,,
2026,DAL,880398,2019,TEN,RB,14085,"Pollard, Tony",,31960,2184011,,Memphis,209,20,4,72,26,13590,33b0227d-4c21-4e71-b4cd-be35f7db9123,862376400,14245,,,
2026,BAL,923109,2019,BAL,RB,14086,"Hill, Justice",,31945,2250388,,Oklahoma State,205,43,4,70,11,13427,528e71ec-8fb3-4928-ace5-fc5ffbf26eb3,879483600,13944,4038441,,
2026,DET,877784,2019,BUF,RB,14095,"Johnson, Ty",,32018,2179323,,Maryland,210,26,6,70,13,13587,96e6687b-2b89-4dd9-98df-6e7507cd82cf,874472400,14262,3915411,,
2026,SEA,945633,2019,PIT,WR,14102,"Metcalf, DK",,31896,2260185,,Mississippi,229,4,2,76,32,13424,754faf0f-40f7-45f0-b23b-6ce990ecaf26,882075600,13940,4047650,,
2026,TEN,944826,2019,NEP,WR,14104,"Brown, A.J.",,31883,2258303,,Mississippi,226,1,2,73,19,13432,a9e580f2-1fbe-46fb-887c-c84089b507e4,867646800,13946,4047646,,
2026,BAL,976220,2019,PHI,WR,14105,"Brown, Marquise",,31857,2804128,,Oklahoma,180,5,1,69,25,13502,feeee40a-dd63-41a7-89cd-6c95b5456833,865400400,14010,4241372,,
2026,FA,910852,2019,BUF,WR,14108,"Dortch, Greg",,32523,2223207,,Wake Forest,180,4,,67,,13469,4484c7d1-025a-4f26-8e9b-48503afb0c68,896418000,14061,4037235,,
2026,WAS,836116,2019,WAS,WR,14109,"McLaurin, Terry",,31908,2139279,,Ohio State,210,17,3,72,12,13536,7e8c4641-2beb-4213-ba22-69fe0307005f,811141200,14121,3121422,,
2026,FA,866973,2019,TBB,WR,14110,"Sills, David",,32418,2179491,,West Virginia,211,87,,75,,13634,97f6c20c-1110-4551-82c1-41d3247397a2,833346000,14313,3871102,,
2026,IND,836104,2019,FA,WR,14112,"Campbell, Parris",,31891,2139271,,Ohio State,208,80,2,72,27,13525,db0c3b1c-8d18-435a-864a-cdd696f963b6,869029200,14056,3121410,,
2026,KCC,922026,2019,FA,WR,14113,"Hardman, Mecole",,31888,2248618,,Georgia,187,6,2,70,24,13532,fe6dc768-d576-476c-b150-53b85af2a1d1,889678800,13973,4035004,,
2026,FA,920758,2019,DEN,WR,14118,"Humphrey, Lil'Jordan",,32494,2246852,,Texas,225,5,,76,,13565,b7f930af-ddd2-4a48-9617-96bda81b0334,892962000,14314,4039057,,
2026,SEA,877654,2019,LAC,WR,14120,"Jennings, Gary",,31952,2179483,,West Virginia,216,86,4,73,18,13635,49f9f357-e90a-45b7-9f55-fe451125149f,857710800,14163,3916071,,
2026,NYG,880557,2019,IND,WR,14122,"Slayton, Darius",,32003,2183982,,Auburn,198,18,5,73,33,13522,82ed30a5-54a8-4ed0-b040-99c3a78fb055,853045200,14258,3916945,,
2026,FA,841649,2019,FA,WR,14123,"Renfrow, Hunter",,31981,2144726,,Clemson,185,13,5,70,11,13749,34c523c7-bc58-49f0-a9cc-f9edd91fe00f,819522000,14062,3135321,,
2026,FA,880151,2019,JAC,WR,14127,"Meyers, Jakobi",,32231,2183835,,North Carolina State,193,16,,74,,13517,73e194d1-a4b7-4de4-b1c2-3c24ef502918,847515600,14220,3916433,,
2026,SFO,835749,2019,SFO,WR,14136,"Samuel, Deebo",,31868,2139735,,South Carolina,215,19,2,72,4,13429,628a6a0a-4fde-4024-8d7c-28674953d5af,821682000,14059,3126486,,
2026,DEN,923911,2019,NOS,TE,14137,"Fant, Noah",,31852,2251095,,Iowa,249,87,1,76,20,13426,cdc98acc-9eb6-4b44-81bb-61d7b8a3b55f,880002000,14050,4036131,,
2026,DET,923915,2019,MIN,TE,14138,"Hockenson, T.J.",,31840,2251097,,Iowa,248,87,1,77,8,13610,bd1120b6-38b3-4225-a4b0-20660a149d0d,867906000,14051,4036133,,
2026,MIN,944428,2019,FA,TE,14141,"Smith, Irv",,31882,2257888,,Alabama,242,83,2,74,18,13583,ed0e6a30-83d5-4f4b-bf49-f7ff80e21304,902638800,14052,4040980,,
2026,BUF,884083,2019,BUF,TE,14143,"Knox, Dawson",,31928,2186345,,Ole Miss,254,88,3,76,32,13466,5fb525c5-4e70-4ede-8c49-94ad0cf66b7d,847947600,13953,3930086,,
2026,CIN,837824,2019,CIN,TE,14146,"Sample, Drew",,31884,2139646,,Washington,260,89,2,77,20,13809,15a4f552-ecaf-45bd-9006-aa5dda93bee6,829630800,14111,,,
2026,SFO,946531,2019,SFO,DE,14147,"Bosa, Nick",,31834,2260972,,Ohio State,266,97,1,76,2,13421,987c5e68-21d5-4bcb-a5f3-2e09cc512374,877582800,13937,4040605,,
2026,WAS,838242,2019,CHI,DE,14148,"Sweat, Montez",,31858,2141772,,Mississippi State,270,98,1,78,26,13745,e3601423-c3ac-4013-bbe9-3478e2b7e1dd,841813200,,,,
2026,GBP,946020,2019,DAL,DE,14149,"Gary, Rashan",,31844,2260648,,Michigan,277,7,1,77,12,13651,99847f76-5bf2-4cbe-8573-9a477f7fb472,881125200,14017,4046523,,
2026,FA,867757,2019,MIA,DE,14151,"Ferrell, Clelin",,31836,2179216,,Clemson,265,99,1,76,4,13649,108759bf-8c78-41c6-a409-b87c63985c21,863845200,13984,3728258,,
2026,ARI,883401,2019,DEN,DT,14153,"Allen, Zach",,31897,2185907,,Boston College,285,99,3,77,1,13742,f68685e7-9904-47bc-b39a-e1c813435385,872053200,14106,3915282,,
2026,TBB,870515,2019,TBB,DE,14154,"Nelson, Anthony",,31939,2179724,,Iowa,271,98,4,79,5,13562,8bc51884-c9db-4745-8731-20eff25f41b0,857451600,14107,3894856,,
2026,SEA,822436,2019,ARI,DT,14155,"Collier, L.J.",,31861,2131806,,TCU,300,91,1,74,29,13751,9d546e3b-0eb3-4926-a5ef-eb5e48b9330e,810882000,14093,3116449,,
2026,NYJ,944430,2019,DAL,DT,14157,"Williams, Quinnen",,31835,2257890,,Alabama,303,92,1,75,3,13584,b8e0fa49-1122-4e97-9fe2-d90f6b7cb444,882680400,14011,4040982,,
2026,BUF,921280,2019,BUF,DT,14158,"Oliver, Ed",,31841,2247345,,Houston,287,91,1,73,9,13653,adabdc56-278f-48b9-a003-1329b7f2f663,881902800,14016,4039303,,
2026,NYG,913535,2019,CIN,DT,14159,"Lawrence, Dexter",,31849,2239523,,Clemson,340,97,1,76,17,13568,31bd7a4c-8eaf-4ea3-871c-b44420c804f8,879310800,14014,4035483,,
2026,LAC,867700,2019,IND,DT,14161,"Tillery, Jerry",,31860,2181242,,Notre Dame,295,94,1,78,28,13757,9da6119d-b135-4b90-9f9d-7d08ab00b15d,844750800,14021,3863182,,
2026,MIA,867762,2019,FA,DT,14162,"Wilkins, Christian",,31845,2179235,,Clemson,310,94,1,76,13,13758,6c640668-de81-49c4-a0da-e367e1747923,819435600,14071,3728266,,
2026,TEN,922057,2019,TEN,DT,14163,"Simmons, Jeffery",,31851,2248637,,Mississippi State,305,98,1,76,19,13465,dcbe3642-aa52-43e6-8f4c-4b9809377c4d,870066000,14008,4035369,,
2026,DEN,878764,2019,NEP,DE,14164,"Jones, Dre'Mont",,31903,2179816,,Ohio State,281,5,3,75,7,13451,92c8bc67-756d-4e3c-981c-3df010e15e2d,852440400,14100,3915525,,
2026,JAC,881646,2019,JAC,DE,14167,"Hines-Allen, Josh",,31839,2184628,,Kentucky,255,41,1,77,7,13642,dd7be5f3-c615-4621-92e1-2434519cb1f9,868770000,14024,3915239,,
2026,TBB,910681,2019,DET,LB,14168,"White, Devin",,31837,2222025,,LSU,252,45,1,72,5,13611,37849d01-7d7e-4a35-8840-e17cacd73d85,887691600,13947,4035434,,
2026,CLE,944431,2019,ARI,LB,14169,"Wilson, Mack",,31987,2257891,,Alabama,240,1,5,73,17,13609,0790a8d6-5316-4204-91a6-8508ca48973b,887432400,14064,4040983,,
2026,PIT,910976,2019,CHI,LB,14170,"Bush, Devin",,31842,2239725,,Michigan,235,12,1,71,10,13461,ab5d4d72-fb1c-4aeb-887b-f6ca35f679bf,900738000,14063,4036261,,
2026,CAR,936822,2019,NYG,DE,14171,"Burns, Brian",,31848,2253012,,Florida State,250,53,1,77,16,13439,dbf199a9-542e-4279-8764-3341b9f80910,893307600,13949,4035631,,
2026,NYG,946103,2019,SEA,S,14179,"Love, Julian",,31940,2260683,,Notre Dame,195,20,4,71,6,13533,a1052a59-114e-4340-8936-bffb17431300,890283600,13974,4046675,,
2026,ARI,924155,2019,MIN,CB,14180,"Murphy, Byron",,31865,2251384,,Washington,190,7,2,71,1,13560,c025b513-9431-4097-bc25-9777bf08f846,885099600,14067,4038999,,
2026,TEN,923916,2019,TEN,S,14182,"Hooker, Amani",,31948,2251098,,Iowa,210,37,4,71,14,13550,aac96096-362f-4254-952a-5b3b04472f19,897800400,14075,4036134,,
2026,LAC,878693,2019,FA,S,14185,"Adderley, Nasir",,31892,2182692,,Delaware,195,24,2,72,28,13668,279be739-bfd5-47aa-8302-fc58bcba37d5,865054800,14085,3912028,,
2026,LAR,913599,2019,DEN,S,14186,"Rapp, Taylor",,31893,2240202,,Washington,208,9,2,72,29,13507,1cccc54a-c168-4359-bfbc-30556db0ca73,882766800,14078,4039007,,
2026,GBP,0,2019,FA,S,14197,"Savage, Darnell",,31853,2179332,,Maryland,198,6,1,71,21,13810,e1b066fb-d077-42a3-9f5d-4ed560c9d777,870238800,14076,3915419,,
2026,IND,875395,2019,DET,CB,14198,"Ya-Sin, Rock",,31866,2183381,,Temple,195,23,2,71,2,13474,bbeb74ae-87d4-417d-ba57-670391baf8ca,832827600,14084,3910229,,
2026,TBB,885764,2019,TBB,CB,14199,"Murphy-Bunting, Sean",,31871,2188984,,Central Michigan,195,23,2,72,7,13648,f84bf885-d6ff-4fc8-8b6e-64bb3bceb17d,866696400,14094,3932886,seanmurphy-bunting/2562635,
2026,DET,834599,2019,JAC,LB,14200,"Tavai, Jahlani",,31875,2139903,,Hawaii,255,32,2,74,11,13885,dfb05fbc-7329-4893-8dc1-3d30033e49d0,843886800,14101,3124587,,
2026,HOU,976145,2019,FA,S,14205,"Johnson, Lonnie",,31886,2803779,,Kentucky,221,32,2,74,22,13820,acbf5978-d7da-4d01-8f1d-22dd65d4484c,815461200,14096,4240780,,
2026,KCC,883971,2019,JAC,S,14207,"Thornhill, Juan",,31895,2186262,,Virginia,205,22,2,72,31,13824,73ec5a10-dd68-448e-938f-25021cbc3004,814078800,14079,3917909,,
2026,PIT,891115,2019,FA,WR,14208,"Johnson, Diontae",,31898,2194164,,Toledo,183,16,3,70,2,13472,244c00c7-fe9a-4f4f-adff-1d5b9c8877e7,836542800,14126,3932905,,
2026,JAC,881779,2019,MIN,TE,14209,"Oliver, Josh",,31901,2184618,,San Jose State,259,84,3,77,5,13786,dc83f7af-7b30-4c4a-9c93-f67bd8db954b,858920400,14127,3921690,,
2026,CIN,820884,2019,FA,LB,14210,"Pratt, Germaine",,31904,2130964,,North Carolina State,250,57,3,75,8,13436,ac012bab-43f3-4e8c-9cf4-0fb20ffa55a2,832654800,14128,3116724,,
2026,CLE,839574,2019,FA,LB,14212,"Takitaki, Sione",,31912,2142097,,Brigham Young,245,16,3,73,16,13614,471db686-fa8e-484c-8525-0169b0a8f773,802587600,14124,3138834,,
2026,DET,883417,2019,FA,S,14213,"Harris, Will",,31913,2185917,,Boston College,206,3,3,73,17,13805,cae34950-dcb7-4021-ad21-0a8ae7cf47f1,819349200,14129,3915297,,
2026,KCC,831799,2019,FA,DT,14215,"Saunders, Khalen",,31916,2137006,,Western Illinois,324,68,3,72,20,13746,757c55e1-2f3a-41d2-a211-16bf577a1586,839566800,14130,3121634,,
2026,SEA,882715,2019,TEN,LB,14217,"Barton, Cody",,31920,2185568,,Utah,237,50,3,74,24,13733,577dfac0-3f0b-45ee-afff-c851c6aebb1e,847861200,14137,3926229,,
2026,IND,830520,2019,CAR,LB,14218,"Okereke, Bobby",,31921,2136745,,Stanford,235,58,3,74,25,13782,6c338c70-42d9-4d35-bf87-04fe7e2f690a,838616400,14065,3117253,,
2026,TBB,866978,2019,PIT,CB,14219,"Dean, Jamel",,31926,2179803,,Auburn,206,35,3,73,30,13483,278a0811-98b8-42d2-96e9-160b7f364ae0,845355600,13959,3873935,,
2026,JAC,832599,2019,CLE,LB,14221,"Williams, Quincy",,31930,3116461,,Murray State,230,5,3,71,34,13982,8227621d-ad2e-4dea-aef5-64d4f154adb2,841208400,14149,3110565,,
2026,TBB,867995,2019,KCC,S,14222,"Edwards, Mike",,31931,2180483,,Kentucky,205,34,3,70,35,13789,b2da84c5-e51c-47d8-bccc-888f8caaa8ad,832395600,14150,3155647,,
2026,MIN,944343,2019,MIA,RB,14223,"Mattison, Alexander",,31934,2257933,,Boise State,220,8,3,71,38,13477,ae4faec0-509d-4080-b5cb-d1a44d062858,898232400,13958,4048244,,
2026,NOS,910391,2019,BUF,S,14224,"Gardner-Johnson, Chauncey",,31937,2221830,,Florida,208,22,4,71,3,15189,5fb6e9f1-2efa-44c9-876f-4d635484be88,882594000,14091,4034953,,
2026,FA,885785,2019,LVR,DE,14225,"Crosby, Maxx",,31938,2189001,,Eastern Michigan,255,98,4,77,4,13459,3ae55cda-ad32-46c5-bde7-470755f37f3a,872226000,14119,3916655,,
2026,SFO,913716,2019,NEP,PN,14227,"Wishnowsky, Mitch",,31942,2240526,,Utah,220,19,4,74,8,13816,e8e8a5fe-00d1-4ffc-9401-9e5cb254afea,699598800,14244,4035685,,
2026,LAC,839068,2019,KCC,LB,14235,"Tranquill, Drue",,31962,2142299,,Notre Dame,234,23,4,74,28,13814,d468dfe5-8ad2-4c8b-b7ba-0962316a2156,808462800,14117,3129310,,
2026,SEA,870196,2019,FA,CB,14236,"Amadi, Ugo",,31964,2180286,,Oregon,201,39,4,69,30,13839,9448aee3-538c-4ff3-8781-bc848b086bfc,863758800,14226,3886834,,
2026,LAR,837808,2019,BUF,DT,14237,"Gaines, Greg",,31966,2139630,,Washington,312,97,4,73,32,13802,724c3e97-bd2a-4d48-850e-352829e51708,831358800,14148,3127294,,
2026,FA,865573,2019,HOU,TE,14239,"Moreau, Foster",,31969,2180634,,LSU,250,87,4,76,35,13822,9c3a67fd-5c6e-4689-9e08-9ff6d4db6c9a,862894800,14154,3843945,,
2026,TBB,1068998,2019,LVR,PK,14244,"Gay, Matt",,31977,2870511,,Utah,232,16,5,72,7,13673,2b90e091-ef78-4753-93eb-0acf3632c206,763707600,14248,4249087,,
2026,DET,836167,2019,BAL,CB,14245,"Oruwariye, Amani",,31978,2139308,,Penn State,205,42,5,74,8,13744,3e4c9bb7-6ff1-4bf8-bc25-cd6717ddf568,823842000,14073,3116175,,
2026,SFO,882298,2019,SFO,LB,14247,"Greenlaw, Dre",,31980,2185496,,Arkansas,230,57,5,72,10,13804,e6eb9d50-9231-44ff-89eb-7f7b996e042f,864536400,14249,3916903,,
2026,MIA,840243,2019,MIN,DE,14249,"Van Ginkel, Andrew",,31983,2142864,,Wisconsin,242,43,5,76,13,13887,7b47d190-168b-44bc-bb91-a688fe28f768,804574800,14250,3133487,,
2026,NYJ,867412,2019,MIN,LB,14251,"Cashman, Blake",,31989,2179762,,Minnesota,235,51,5,73,19,13846,17dfbad4-f4fc-4a65-a085-6cdcefe36879,831704400,14104,3728281,,
2026,DAL,0,2019,CAR,CB,14252,"Jackson, Michael",,31990,2179388,,Miami (FL),210,2,5,73,20,13704,63fd7882-5d20-426e-9834-e85c0ebb4d5b,852872400,14147,3917853,,
2026,HOU,884296,2019,WAS,DE,14254,"Omenihu, Charles",,31993,2186497,,Texas,280,90,5,77,23,13791,eff1c40e-715c-49c4-93d8-6155322c1205,872053200,14115,3929865,,
2026,NEP,884923,2019,ATL,PN,14256,"Bailey, Jake",,31995,2186821,,Stanford,212,16,5,74,25,13817,af1335c6-c262-4488-9352-86ba80754583,866610000,14255,3931395,,
2026,IND,791843,2019,HOU,LB,14257,"Speed, E.J.",,31996,3116591,,Tarleton State,227,45,5,76,26,13984,e653effc-2bdc-4bfe-bf3d-272e783ae4c4,801982800,14256,3071353,,
2026,WAS,830662,2019,PIT,LB,14260,"Holcomb, Cole",,32005,3116561,,North Carolina,240,55,5,73,35,13700,c727b9d9-9776-415d-953c-9ae046e10a05,838702800,14259,3116689,,
2026,NYG,1163952,2019,FA,CB,14263,"Ballentine, Corey",,32012,3116594,,Washburn,196,35,6,71,7,13795,e3a4104a-ceba-4df2-b265-70843ecf1fb0,829371600,14153,4411769,,
2026,MIN,840324,2019,PHI,S,14270,"Epps, Marcus",,32023,3116592,,Wyoming,195,29,6,72,18,13985,4dcf9e8a-fc5c-43a2-9b83-4ca295490a9b,822718800,14266,3139368,,
2026,TBB,866578,2019,FA,WR,14280,"Miller, Scotty",,32040,2180075,,Bowling Green,174,13,6,69,35,13987,85e18d5f-8a3f-4b6c-88fe-dfdaaed5554e,870325200,14275,3914397,,
2026,DAL,835844,2019,DAL,S,14283,"Wilson, Donovan",,32045,2139883,,Texas A&M,204,6,6,72,40,13890,2e9ef3ac-eca5-4eb9-a41d-f404dfaae460,793342800,14278,3122135,,
2026,GBP,822442,2019,CHI,LB,14292,"Summers, Ty",,32058,2131833,,TCU,241,47,7,73,12,13883,5203e275-5554-47de-bc0a-5b13639e5b50,820386000,14233,3116431,,
2026,LAR,836171,2019,CAR,S,14302,"Scott, Nick",,32075,2139311,,Penn State,200,21,7,71,29,13958,4d383922-53ab-48f8-bb8a-29176ea3ffbc,800686800,14297,3116179,,
2026,NOS,821940,2019,NOS,LB,14303,"Elliss, Kaden",,32076,2132125,,Idaho,240,55,7,74,30,13953,7c51883f-8ea7-4f54-8c03-a562b4524858,805352400,14207,3124890,,
2026,FA,893248,2019,FA,DE,14310,"Bell, Quinton",,32062,3116653,,Prairie View A&M,258,56,7,76,16,13990,c8d98dc8-ca11-40bc-bd72-7e2f4bd2ba3b,831618000,14290,3933407,,
2026,FA,1166036,2019,IND,WR,14315,"Dulin, Ashton",,32292,3116796,,Malone University,215,16,,74,,13854,f374262b-d642-4d05-9584-5955548ee4d1,863672400,14020,4061956,,
2026,FA,824428,2019,NYJ,RB,14319,"Beck, Andrew",,32225,2131774,,Texas,255,47,,75,,13713,b556a98d-16aa-4a0d-9134-1b59c46cc640,832136400,14462,3125107,,
2026,FA,836191,2019,CHI,LB,14322,"Edwards, T.J.",,32403,2139322,,Wisconsin,228,53,,72,,13460,a7b4b50a-9431-4551-89e1-6b8cb80536d7,839826000,14202,3121544,,
2026,FA,868228,2019,ARI,S,14328,"Wingard, Andrew",,32105,2181092,,Wyoming,200,28,,72,,13768,65e778fa-4639-4973-bb82-c76efa2ff309,849762000,14328,3918331,,
2026,FA,839043,2019,FA,RB,14331,"Johnson, D'Ernest",,32608,3117165,,South Florida,208,30,,70,,12678,f46e812f-14c6-4af8-9316-01a880adebc5,825397200,14786,3139602,,
2026,FA,875649,2019,PIT,TE,14341,"Parham, Donald",,32456,2183713,,Stetson University,237,89,,80,,13602,4f246e92-3d21-450f-977a-dc16892c7238,871707600,14320,3912092,,
2026,FA,865844,2019,FA,QB,14358,"Browning, Jake",,32138,2180355,,Washington,209,6,,74,,13504,f2f29019-7306-4b1c-a9d8-e9f802cb06e0,829198800,14305,3886812,,
2026,FA,820601,2019,HOU,RB,14359,"Johnson, Jakob",,31826,3114047,,Tennessee,255,43,,75,,13931,12b701c8-7f40-4437-aeef-782fd1d25f2e,787467600,14032,3115349,,
2026,FA,1115394,2018,CIN,TE,14370,"Hudson, Tanner",,31257,2926606,,Southern Arkansas,241,87,,77,,13286,2fa75e05-cac4-4b40-8924-dbc9ae0c959c,784616400,,3050481,,
2026,FA,836080,2018,ATL,LB,14379,"Woods, Josh",,31753,2933851,,Maryland,235,42,,73,,13361,abdf27dc-a54d-427c-a745-173f1c485292,836197200,13885,3128303,,
2026,FA,868212,2019,NOS,DE,14405,"Granderson, Carl",,32490,2181068,,Wyoming,261,96,,77,,13784,d9cf7aa3-71b1-4ef2-98c5-3db5d44b6f1e,850885200,14174,3918310,,
2026,FA,608786,2015,DEN,LB,14412,"Singleton, Alex",,28716,2174973,,Montana State,240,49,,74,,10811,954d9ed8-41ed-4222-b0d8-b3cc8d1755a5,755240400,10782,2612151,,
2026,FA,1115406,2018,IND,S,14414,"Owens, Jonathan",,13813,2926509,,Missouri Western,204,38,,71,,13218,411c2af8-64c9-4982-8d72-3ba4c683c0db,806389200,13511,4331768,,
2026,FA,880322,2019,LAC,RB,14420,"Ingold, Alec",,32344,2183930,,Wisconsin,232,30,,73,,13806,7ade135c-0760-4548-b7d9-cf1174e2be33,836888400,14561,3917668,,
2026,FA,838418,2019,BUF,PK,14426,"Wright, Matthew",,32174,3116875,,Central Florida,174,37,,71,,14189,f0c7de3c-9e8b-4c3d-b42f-985f29ce163f,827470800,14420,3128444,,
2026,FA,837722,2018,WAS,S,14434,"Reaves, Jeremy",,31582,2140999,,South Alabama,200,39,,71,,12827,186a4bda-d3b3-48c1-8ed7-cb4ad1014062,841294800,13405,3125248,,
2026,FA,699184,2017,PIT,LB,14442,"Kuntz, Christian",,30954,2007445,,Duquesne,228,46,,73,,12977,0c306d14-6fe6-4b4e-b87f-871c72441947,766213200,13042,2978524,,
2026,FA,835746,2018,IND,CB,14452,"Lammons, Chris",,26130,2139732,,South Carolina,190,38,,70,,13017,bb5e3914-d941-4f05-8c45-bc9c520490ef,823064400,13549,3128630,,
2026,FA,821487,2019,LAC,LB,14467,"Phillips, Del'Shawn",,32118,3116938,,Illinois,230,53,,74,,14025,a3d59d11-8d6a-4cfa-9c5d-3387d20de7f9,844837200,,4240528,,
2026,FA,922129,2019,CAR,LB,14472,"Dodson, Tyrel",,32411,2249181,,Texas A&M,237,25,,72,,13512,1881d1a7-218b-4690-9065-497946d1ec1e,898750800,,4035232,,
2026,FA,1063397,2019,IND,WR,14486,"Montgomery, D.J.",,32283,3116788,,Austin Peay,201,2,,73,,14129,021f2c32-0876-4db3-9605-e829f7d449d7,848206800,,4249030,,
2026,FA,891880,2019,FA,PN,14489,"Gillan, Jamie",,32277,3116785,,Arkansas-Pine Bluff,207,12,,73,,14147,bc63567a-81e7-44c9-a85f-8aa9532ab4fd,867992400,,3936185,,
2026,FA,821248,2019,SFO,LB,14495,"Gifford, Luke",,32205,3117022,,Nebraska,243,51,,75,,14068,bc8260d5-231f-4337-9979-7c1c40bc6cd0,809586000,,3116097,,
2026,FA,837087,2019,DET,WR,14503,"Kennedy, Tom",,32561,3117113,,Bryant,195,85,,70,,14246,dc51b38c-dc82-44ee-a88b-764d681ce58a,838616400,,3126997,,
2026,FA,1166932,2019,DET,LB,14506,"Pittman, Anthony",,32457,3117026,,"Wayne State, Mich.",236,41,,75,,14211,23df1eb7-f589-4e49-bb31-0b4ce983fe32,848811600,,4423367,,
2026,FA,910649,2019,DAL,S,14518,"Thompson, Jalen",,32623,3126183,,Washington State,190,34,,71,,14330,56992f39-70e7-4b6a-86da-0a4776504e7a,900738000,,4043089,,
2026,FA,884315,2019,LAR,WR,14548,"Bachman, Alex",,32124,2186388,,Wake Forest,190,81,,72,,13911,427038d8-ff50-4d6e-a088-4fdb8bc2f0e3,833346000,,3919510,,
2026,FA,1168410,2019,NYG,WR,14555,"Olszewski, Gunner",,32612,3117210,,Bemidji State,190,80,,72,,14318,625a1777-dd9a-48c6-b512-c450b0914450,848984400,,4424106,,
2026,FA,866464,2019,HOU,LB,14590,"Al-Shaair, Azeez",,32318,2183512,,Florida Atlantic,228,2,,74,,13829,e9348fc5-273d-4ac3-9760-462f37c025dc,870670800,,3919117,,
2026,FA,883976,2019,ATL,WR,14592,"Zaccheaus, Olamide",,32123,2186266,,Virginia,199,14,,68,,13833,d8281390-f081-41e5-b55e-75779536fe94,869634000,,3917914,,
2026,FA,836963,2019,TEN,PK,14600,"Slye, Joey",,32384,3116871,,Virginia Tech,213,6,,71,,14172,ef4998e0-c9ef-4afe-88ab-d09b48975a08,829112400,,3124084,,
2026,FA,877596,2019,ARI,WR,14613,"Sims, Steven",,32187,3116703,,Kansas,190,84,,70,,14055,4a213e4e-b0ba-4124-833e-33c528bd5908,859784400,,3917960,,
2026,FA,866061,2019,LVR,PN,14630,"Cole, A.J.",,32386,2179359,,North Carolina State,220,6,,76,,14171,36f93677-a95b-4362-ac5f-6722f5c05b6d,817448400,,3686689,,
2026,FA,883319,2019,SFO,DT,14652,"Givens, Kevin",,32321,2185968,,Penn State,285,90,,73,,13519,2a86a6b4-58ef-42f5-aff9-d5d979bea6c7,857192400,,3929641,,
2026,FA,0,2019,GBP,CB,14669,"Nixon, Keisean",,32348,3116813,,South Carolina,200,25,,70,,13701,e94ac14d-0122-4dc8-ad20-b71226cb8cfe,866955600,,,,
2026,FA,0,2018,PIT,DT,14670,"Ekuale, Daniel",,31454,2925534,,Washington State,300,96,,75,,13142,55998ec0-4d69-4d14-a2f4-cf72de36e998,758437200,,3052059,,
2026,FA,0,2019,NYJ,LB,14672,"Reeder, Troy",,32135,2139310,,Delaware,236,51,,75,,14013,d0412c6f-ac97-420c-a9e2-1ca587c480b2,779432400,,3116177,,
2026,FA,0,2019,WAS,DT,14675,"Tuttle, Shy",,32497,2180542,,Tennessee,300,96,,75,,14286,c8fb3887-c2bb-4038-af6f-f9b81aeee0ac,814165200,,3886601,,
2026,FA,0,2019,TBB,PK,14717,"McLaughlin, Chase",,32417,2165272,,Illinois,190,4,,72,,14254,12d28404-63e1-432f-adde-c93631a5c39c,829026000,,3150744,,
2026,FA,0,2019,WAS,RB,14727,"Reynolds, Craig",,32596,3117134,,Kutztown,216,13,,71,,13960,0deb1dc9-0945-470d-8352-220d26d03d7d,834814800,,4421446,,
2026,FA,0,2019,CIN,LB,14737,"Giles-Harris, Joe",,32091,2179243,,Duke,234,53,,74,,13492,62976179-ae2c-495f-9e94-cb3e49933243,859870800,,3917797,,
2026,FA,0,0,ATL,Coach,14776,"Stefanski, Kevin",,,,,,,,,,,,e266a725-2c3d-4222-be78-19bc78e5b85e,389682000,,,,
2026,CIN,0,2020,CIN,QB,14777,"Burrow, Joe",Joe_Burrow10,32671,2179798,,LSU,215,9,1,76,1,14442,3023ac10-4e7f-425f-9fc5-2b8e6332c92e,850194000,,3915511,,
2026,MIA,0,2020,ATL,QB,14778,"Tagovailoa, Tua",Tuaamann,32675,2741209,,Alabama,225,1,1,73,5,14465,26ad9c27-de38-495e-913c-6fb2428e76d3,888814800,,4241479,,
2026,LAC,0,2020,LAC,QB,14779,"Herbert, Justin",Justin10Herbert,32676,2221960,,Oregon,236,10,1,78,6,14446,f0a8f8e3-b9e9-46ed-85e4-eec6452a8a44,889506000,,4038941,,
2026,GBP,0,2020,GBP,QB,14782,"Love, Jordan",jordan3love,32696,2239997,,Utah State,219,10,1,76,26,14371,e5094779-e94f-4052-8597-bdbee3719f6b,909982800,,4036378,,
2026,PHI,0,2020,PHI,QB,14783,"Hurts, Jalen",JalenHurts,32723,2240246,,Oklahoma,223,1,2,73,21,14416,64bd0f02-6a5d-407e-98f1-fd02048ea21d,902466000,,4040715,,
2026,FA,0,2020,BAL,QB,14789,"Huntley, Tyler",,32993,3159137,,Utah,205,5,,73,,14563,7c226f73-a59f-4db6-ad98-2766d05d4d5a,886482000,,4035671,,
2026,DET,0,2020,CHI,RB,14797,"Swift, D'Andre",DAndreSwift,32705,2871710,,Georgia,204,4,2,68,3,14394,cc4b5f58-a11c-4450-a1df-617ad88336e4,916290000,,4259545,,
2026,BUF,0,2020,FA,RB,14798,"Moss, Zack",PresMoss2,32756,2240516,,Utah,220,31,3,70,22,14564,d8fef424-aa41-4c26-9bce-1265b53cd5e2,882162000,,4035676,,
2026,LAR,0,2020,FA,RB,14799,"Akers, Cam",thereal_cam3,32722,2804034,,Florida State,217,26,2,70,20,14383,74980532-8158-4b56-91db-5053878737b4,930027600,,4240021,,
2026,BAL,0,2020,DEN,RB,14800,"Dobbins, J.K.",jkdobbins22,32725,2804420,,Ohio State,212,27,2,70,23,14418,a57b9914-4315-4295-98b4-9b348c52d6a1,913870800,,4241985,,
2026,IND,0,2020,IND,RB,14802,"Taylor, Jonathan",JayT23,32711,2866395,,Wisconsin,226,28,2,70,9,14455,925195a4-06ba-4e37-ae7d-a3d6a5419139,916722000,,4242335,,
2026,KCC,0,2020,KCC,RB,14803,"Edwards-Helaire, Clyde",,32702,2804554,,LSU,207,23,1,67,32,14514,8aa01565-4481-443a-9951-642c98ded113,923806800,,4242214,,
2026,GBP,0,2020,CAR,RB,14805,"Dillon, AJ",ajdillon7,32732,2867083,,Boston College,247,28,2,72,30,14370,e10bfeb8-ea01-47bc-bfa8-45f6dcbf71b3,894085200,,4239934,,
2026,FA,0,2020,CHI,RB,14811,"Ahmed, Salvon",,33265,2815163,,Washington,197,36,,71,,14453,0dbbd211-0372-4751-9751-e4df4ab1f8eb,914994000,,4243315,,
2026,SEA,0,2020,MIN,RB,14815,"Dallas, DeeJay",DallasDeejay,32814,2804094,,Miami,225,20,4,70,38,14410,48ef5bfa-7b91-4ed1-ad12-e94c0bc101c2,905922000,,4240631,,
2026,FA,0,2020,FA,RB,14817,"Taylor, Patrick",,33235,2256736,,Memphis,217,32,,74,,14573,ef87e355-8e0c-40ed-a85d-bca4896d4f1e,893826000,,4039358,,
2026,FA,0,2020,PIT,RB,14823,"Dowdle, Rico",,33100,2252798,,South Carolina,215,13,,71,,14657,bba755a2-63b6-4ac1-b806-0609816135de,897800400,,4038815,,
2026,DAL,0,2020,DAL,WR,14832,"Lamb, CeeDee",_CeeDeeThree,32687,2865251,,Oklahoma,200,88,1,74,17,14411,a72ea15b-5199-4101-a300-846e1c655add,923547600,,4241389,,
2026,DEN,0,2020,CLE,WR,14833,"Jeudy, Jerry",jerryjeudy,32685,2741201,,Alabama,195,3,1,73,15,14458,eaaa4a61-c2a7-4926-8e9b-3ec71be2f991,924930000,,4241463,,
2026,LVR,0,2020,FA,WR,14834,"Ruggs, Henry",__RUGGS,32682,2866521,,Alabama,190,11,1,72,12,14473,8a453858-7309-49ae-b8eb-de691847393f,917154000,,4241475,,
2026,CIN,0,2020,CIN,WR,14835,"Higgins, Tee",teehiggins5,32703,2809208,,Clemson,220,5,2,76,1,14506,7963b029-5de4-4541-b00a-44eefe4349af,916635600,,4239993,,
2026,MIN,0,2020,MIN,WR,14836,"Jefferson, Justin",JJettas2,32692,2871343,,LSU,195,18,1,73,22,14509,4131d4ee-0318-4bb5-832a-4dec80668a4f,929509200,,4262921,,
2026,JAC,0,2020,FA,WR,14838,"Shenault, Laviska",Viska2live,32712,2866321,,Colorado,227,15,2,73,10,14358,131d3b1a-5746-499e-98ee-4bbf67cd377e,907563600,,4243160,,
2026,PHI,0,2020,MIA,WR,14839,"Reagor, Jalen",jalenreagor,32691,2803733,,TCU,197,88,1,71,21,14421,06ff7f42-5fe7-4899-84a5-9ba5349d17e8,915253200,,4241802,,
2026,SFO,0,2020,SFO,WR,14840,"Aiyuk, Brandon",THE2ERA,32695,2967489,,Arizona State,200,11,1,72,25,14386,c90471cc-fa60-4416-9388-5aebb5d877eb,890110800,,4360438,,
2026,PIT,0,2020,FA,WR,14841,"Claypool, Chase",ChaseClaypool,32719,2260676,,Notre Dame,238,14,2,76,17,14433,53ed110c-f022-4759-afd3-1cd3436dbba7,899787600,,4046692,,
2026,IND,0,2020,PIT,WR,14842,"Pittman, Michael",MikePitt_Jr,32704,2240188,,USC,223,11,2,76,2,14378,1aefd5e2-1f85-471a-91a5-4aad4cf6fe6d,876027600,,4035687,,
2026,BUF,0,2020,BUF,WR,14845,"Davis, Gabriel",DavisGB1,32798,2804813,,UCF,225,13,4,74,22,14359,dc397432-7157-4ce4-976d-b9662cc6f551,922942800,,4243537,,
2026,BAL,0,2020,ARI,WR,14847,"Duvernay, Devin",Dev_Duv5,32762,2246849,,Texas,202,81,3,71,28,14636,d93dbc83-e604-4823-a24e-d162cbd8d4d9,874040400,,4039050,,
2026,BAL,0,2020,TEN,WR,14848,"Proche, James",jamesproche3,32871,2180769,,SMU,193,13,6,71,22,14415,c65488d4-251e-40fc-9f32-7019bbdaf75e,843282000,,3916204,,
2026,BUF,0,2020,PIT,WR,14849,"Hodgins, Isaiah",IsaiahHodgins,32877,2783899,,Oregon State,200,18,6,75,28,14356,1d1c217b-6407-40d7-aebb-ba95fa05d127,908946000,,4242540,,
2026,WAS,0,2020,FA,RB,14852,"Gibson, Antonio",antoniogibson14,32736,2960976,,Memphis,228,4,3,72,2,14639,c0a8a5d0-583f-457a-9d96-70027d3f69e7,898578000,,4360294,,
2026,CLE,0,2020,FA,WR,14857,"Peoples-Jones, Donovan",dpeoplesjones,32857,2819119,,Michigan,204,14,6,74,8,14457,924edb03-29a9-42ae-92dd-ef7e8a498095,919400400,,4258195,,
2026,LAR,0,2020,WAS,WR,14858,"Jefferson, Van",,32727,2186342,,Florida,200,11,2,73,25,14430,8e1285f7-6e4c-41e4-aac9-92e09f9f32b2,838357200,,3930066,,
2026,SFO,0,2020,MIN,WR,14860,"Jennings, Jauan",,32887,2180514,,Tennessee,212,14,7,75,3,14376,3ae9f0fa-c711-4663-80cf-4707856c07aa,868510800,,3886598,,
2026,FA,0,2020,NOS,TE,14861,"Johnson, Juwan",,33113,2186637,,Oregon,231,83,,76,,14630,0226b03b-f91d-4223-9813-9fcd2e9c3acc,842590800,,3929645,,
2026,TBB,0,2020,NYJ,WR,14864,"Johnson, Tyler",T_muhneyy10,32831,1620002,,Minnesota,208,16,5,73,15,14432,93c17735-5275-45cf-b3ef-620351c62313,904021200,,2310331,,
2026,CHI,0,2020,CHI,TE,14867,"Kmet, Cole",ColeKmet,32713,2868619,,Notre Dame,257,85,2,78,11,14436,036feeb6-9a22-43c5-a8e3-7ac611d8ff49,921042000,,4258595,,
2026,NOS,0,2020,DEN,TE,14870,"Trautman, Adam",,32775,2182228,,Dayton,253,82,3,77,41,14541,4e14183b-f974-4745-9d7f-8f5eb2a92a7d,855118800,,3911853,,
2026,SEA,0,2020,LAR,TE,14871,"Parkinson, Colby",,32803,2867522,,Stanford,265,84,4,79,27,14463,1ea7affb-e5e7-491a-aaa3-55e200b2eb48,915771600,,,,
2026,DEN,0,2020,LVR,TE,14873,"Okwuegbunam, Albert",AOkwuegbunam,32788,2245117,,Missouri,258,86,4,77,12,14369,617aee8a-70be-4bdf-9a71-2e2b74e647e6,893480400,,4035115,,
2026,CLE,0,2020,FA,TE,14875,"Bryant, Harrison",hbryant17,32785,2241240,,Florida Atlantic,243,88,4,77,9,14576,f58a5899-8b78-46e8-a29a-ba6273b7d872,893307600,,4040774,,
2026,GBP,0,2020,PHI,TE,14876,"Deguara, Josiah",JosiahD5,32764,2181108,,Cincinnati,240,47,3,74,30,14629,7874d188-0fcd-4af9-9289-27c27e2bbd16,855896400,,3914151,,
2026,WAS,0,2020,NOS,DE,14877,"Young, Chase",youngchase907,32672,2829229,,Ohio State,264,99,1,77,2,14452,9947409c-4a34-45f5-99a1-aa6daa13c430,924066000,,4241986,,
2026,CAR,0,2020,SFO,DE,14878,"Gross-Matos, Yetur",__lobo99,32707,2868927,,Penn State,265,94,2,77,6,14355,d96afcfe-32fb-4a59-b75c-94a6184d3136,888469200,,4259594,,
2026,BUF,0,2020,PHI,DE,14879,"Epenesa, A.J.",ajepenesa24,32724,2865969,,Iowa,260,57,2,78,22,14501,3fa3a270-f8b2-4d53-a265-84bc928af5c5,905835600,,4240585,,
2026,CIN,0,2020,SFO,DE,14880,"Kareem, Khalid",khalid_kareem53,32817,2240621,,Notre Dame,255,54,5,76,1,14684,3f4fe254-f18f-4b56-83e0-c37cfc72c7f7,893739600,,4039029,,
2026,HOU,0,2020,PHI,DE,14882,"Greenard, Jonathan",jongreenard7,32760,2181166,,Florida,259,52,3,75,26,14550,bc69c92c-58ff-44b2-a18b-07a08ee78dc6,864536400,,3916409,,
2026,ARI,0,2020,CAR,LB,14887,"Simmons, Isaiah",isaiahsimmons25,32678,2239532,,Clemson,238,28,1,76,8,14525,b87d80b7-f129-4f3d-938a-1272f8122589,901429200,,4035462,,
2026,JAC,0,2020,WAS,DE,14888,"Chaisson, K'Lavon",S4CKGURU,32690,2804551,,LSU,255,45,1,75,20,14523,74439c42-a6db-4a9a-be25-559f3e03ef59,932878800,,4242205,,
2026,LAC,0,2020,HOU,LB,14889,"Murray, Kenneth",KennethMurray,32693,2804138,,Oklahoma,241,59,1,74,23,14434,79bf0ca5-a8db-4c39-a40b-67674ccb60d0,911192400,,4241394,,
2026,CLE,0,2020,IND,LB,14890,"Phillips, Jacob",jacobphilly,32767,2804564,,LSU,228,54,3,75,33,14517,894c783a-ddcd-4dba-b337-06d7db037a6e,922942800,,4242206,,
2026,BAL,0,2020,NYG,LB,14891,"Harrison, Malik",,32768,2260979,,Ohio State,247,50,3,75,34,14648,32575119-3aca-47cb-aaaf-162c48b7d372,889074000,,4040615,,
2026,SEA,0,2020,MIA,LB,14892,"Brooks, Jordyn",JordynBrooks_,32697,2252263,,Texas Tech,240,20,1,72,27,14739,ef422c88-b74f-4720-a831-947010c44ebe,877410000,,4043130,,
2026,NOS,0,2020,PHI,LB,14893,"Baun, Zack",zackbizzaun,32744,2183919,,Wisconsin,225,53,3,75,10,14374,719a7e8e-8286-453e-8aee-d2487c45e53f,851922000,,3917657,,
2026,NEP,0,2020,NOS,DE,14894,"Jennings, Anfernee",anferneejenning,32757,2186321,,Alabama,255,33,3,74,23,14742,56692800-dd44-4b82-a988-398314845fd9,862462800,,3925350,,
2026,BAL,0,2020,PIT,LB,14896,"Queen, Patrick",Patrickqueen_,32698,2804566,,LSU,232,6,1,72,28,14508,bc4c0c7d-a6f4-4cff-95ec-a4d0523c2232,934520400,,4242207,,
2026,CAR,0,2020,CAR,DT,14897,"Brown, Derrick",DerrickBrownAU5,32677,2241797,,Auburn,320,95,1,77,7,13852,9c8292c7-b406-4a31-a781-7c72aac6b053,892616400,,4035495,,
2026,SFO,0,2020,WAS,DT,14899,"Kinlaw, Javon",JavonKinlaw,32684,2869019,,South Carolina,319,99,1,77,14,14444,1a8eff7a-1057-47c9-aa82-3dbf3f47a76c,875854800,,4259491,,
2026,BAL,0,2020,BAL,DT,14900,"Madubuike, Nnamdi",MadubuikeJustin,32741,2249188,,Texas A&M,305,92,3,75,7,14380,904f702b-e8b1-4fef-a4a0-278d18cc15e3,879742800,,4035245,,
2026,DAL,0,2020,CHI,DT,14901,"Gallimore, Neville",path2greatwork,32752,2179652,,Oklahoma,307,90,3,74,18,14451,fda10175-38e3-4678-a94c-ccd6008d40ec,853477200,,3892883,,
2026,DET,0,2020,MIN,CB,14902,"Okudah, Jeff",jeffokudah,32673,2804425,,Ohio State,205,21,1,73,3,14424,790ae305-a3ea-4a98-a13a-31dacadec04e,917931600,,4241984,,
2026,DAL,0,2020,SEA,CB,14903,"Diggs, Trevon",TrevonDiggs,32721,2252834,,Alabama,195,7,2,74,19,14389,02753dc9-52ac-4ed1-8086-7894d35a3bd1,906267600,,4040966,,
2026,TEN,0,2020,KCC,CB,14904,"Fulton, Kristian",Kriss1_,32731,2223248,,LSU,197,8,2,71,29,14443,c87aaf5b-e1e9-4d18-b0f1-f328b646031d,904798800,,4035433,,
2026,JAC,0,2020,ATL,CB,14905,"Henderson, CJ",HendersonChris_,32679,2773013,,Florida,205,26,1,73,9,14367,afbc5ac8-8e3f-4cb6-a96d-3b28b039bde9,907131600,,4240596,,
2026,CLE,0,2020,CLE,S,14907,"Delpit, Grant",realgrantdelpit,32714,2804169,,LSU,208,9,2,75,12,14507,1bbe7ce0-3707-4d4d-b8f6-7577008f1763,906267600,,4242208,,
2026,NYG,0,2020,GBP,S,14908,"McKinney, Xavier",mckinney15__,32706,2741205,,Alabama,201,29,2,72,4,14617,dbeff2ee-8d26-48f3-b345-3cd88c374c87,934174800,,4241470,,
2026,TBB,0,2020,TBB,S,14909,"Winfield, Antoine",AntoineWJr11,32715,2239774,,Minnesota,203,31,2,69,13,14484,27732f2b-2009-4954-a0a0-d29f5ce1abdf,903243600,,4034790,,
2026,MIA,0,2020,DEN,S,14910,"Jones, Brandon",BlessedJones33,32740,2246113,,Texas,191,22,3,72,6,14696,f0c60c6e-513b-40df-9794-d555ed59202f,891493200,,4039059,,
2026,NYJ,0,2020,SFO,S,14911,"Davis, Ashtyn",,32738,2180264,,California,205,29,3,73,4,14447,7d491979-7d1b-4b55-9f3a-f68db22d8bb1,844923600,,3858271,,
2026,ATL,0,2020,ATL,CB,14918,"Terrell, A.J.",ajterrell_8,32686,2809212,,Clemson,200,24,1,73,16,14526,1eae2610-be1d-4f53-82a2-28cf4a2db352,906526800,,4239995,,
2026,MIA,0,2020,CLE,CB,14919,"Igbinoghene, Noah",Noah_Igbo9,32700,2829987,,Auburn,197,20,1,71,30,14713,b4b346b6-6175-407c-a6cd-103368a1609f,943678800,,4242516,,
2026,NEP,0,2020,CIN,S,14921,"Dugger, Kyle",KingDugg_3,32710,3150388,,Lenoir-Rhyne University,216,29,2,73,5,14542,1d8d5c04-15e7-4346-9d1f-f128e4df3adb,827470800,,4401811,,
2026,SEA,0,2020,NEP,DE,14923,"Taylor, Darrell",darrelltaylorst,32718,2180538,,Tennessee,255,52,2,76,16,14649,5670f3dd-822d-4d13-a6c9-f981354441fc,859179600,,3915396,,
2026,CHI,0,2020,CHI,CB,14924,"Johnson, Jaylon",NBAxJay1,32720,2827532,,Utah,195,1,2,72,18,14627,99b81b41-fb3b-4650-940b-9cb3770021ba,924498000,,4243253,,
2026,NEP,0,2020,MIA,DE,14925,"Uche, Josh",_Uche35,32730,2260670,,Michigan,226,9,2,75,28,14477,8738c2cc-4ac6-4288-922d-ce4590d9af42,906094800,,4046528,,
2026,KCC,0,2020,MIA,LB,14926,"Gay, Willie",WillieG___,32733,2876552,,Mississippi State,246,40,2,73,31,14520,9b2d5497-738b-47bc-bd96-2c550b4649ee,887518800,,4259804,,
2026,CAR,0,2020,LVR,S,14927,"Chinn, Jeremy",ChinnJeremy2,32734,2247190,,Southern Illinois,220,11,2,75,32,14623,5f623fbc-415e-4035-b423-7850cf1153b4,888469200,,4043169,,
2026,CIN,0,2020,FA,LB,14928,"Wilson, Logan",ljw21,32735,2181091,,Wyoming,245,55,3,74,1,14647,05cb1d47-3517-4410-a61b-75adabbfb910,836802000,,3918330,,
2026,JAC,0,2020,JAC,DT,14930,"Hamilton, Davon",dmhamilton53,32743,2179811,,Ohio State,335,52,3,76,9,14714,a94f0507-44b0-4fb5-9e8c-fd21157ec1a6,854773200,,3915520,,
2026,IND,0,2020,NOS,S,14933,"Blackmon, Julian",jumpmanjuice23,32755,2253091,,Utah,187,23,3,72,21,14704,c2ec4712-147c-49b1-b6ec-fdb298913080,903934800,,4035661,,
2026,CLE,0,2020,TEN,DT,14934,"Elliott, Jordan",bigj5k,32758,2246110,,Missouri,303,95,3,76,24,14353,445efcfc-1646-4823-89f7-8b6005266d13,880261200,,4039052,,
2026,PIT,0,2020,PIT,DE,14940,"Highsmith, Alex",highsmith34,32772,2241393,,North Carolina-Charlotte,242,56,3,76,38,14724,3f4025d1-5782-43e4-9f42-8eee2da66a95,870930000,,4037333,,
2026,LAR,0,2020,TEN,S,14942,"Burgess, Terrell",titaniumt98,32774,2240499,,Utah,202,26,3,71,40,14702,b222de39-0a5e-4bbe-b239-083a500194bb,910846800,,4035663,,
2026,CIN,0,2020,IND,LB,14943,"Davis-Gaither, Akeem",AkeemDavis16,32777,2182263,,Appalachian State,238,51,4,74,1,14661,d152b2d5-402d-47f4-a6d1-7870e5a32df5,874818000,,3917142,,
2026,NYG,0,2020,ATL,CB,14944,"Holmes, Darnay",prowaydarnay,32780,2806232,,UCLA,198,30,4,70,4,14535,8e19d167-cee8-4048-8f28-d476b11ec330,898578000,,4242973,,
2026,ARI,0,2020,FA,DT,14946,"Fotu, Leki",LekiFotu,32784,2240504,,Utah,317,95,4,77,8,14712,2040899a-0b04-4de7-900b-f9e6861c6150,903848400,,4035666,,
2026,MIN,0,2020,DET,DE,14947,"Wonnum, D.J.",dwonnum,32787,2252822,,South Carolina,258,98,4,77,11,14612,68356887-b59e-4210-9726-828ea7f83928,878274000,,4038849,,
2026,ATL,0,2020,FA,LB,14948,"Walker, Mykal",MykalWalker3,32789,2865637,,Fresno State,235,43,4,75,13,14754,86d7dd69-9957-4853-b069-5ad7e35edc64,872744400,,4243009,,
2026,PHI,0,2020,BAL,S,14950,"Wallace, K'Von",KVonWallace,32797,2239538,,Clemson,205,34,4,71,21,14686,789af1aa-253e-4fda-a93b-cef346bd91b3,869806800,,4035463,,
2026,MIN,0,2020,CHI,DT,14951,"Lynch, James",JamesHusker38,32800,2868531,,Baylor,295,97,4,76,24,14499,ce8b21f7-6f93-40e6-8068-0432e10d855f,916808400,,4259181,,
2026,MIN,0,2020,LAC,LB,14953,"Dye, Troy",tdye15dbtroy,32802,2221826,,Oregon,225,43,4,75,26,14740,f070d4ef-1904-47f2-87d3-b9e2788789ed,843022800,,4038946,,
2026,ATL,0,2020,BAL,S,14954,"Hawkins, Jaylinn",jhawko6,32804,2180267,,California,208,21,4,73,28,14697,c588e277-fc9e-4187-9358-2b9e1a2b0cd9,872485200,,3858276,,
2026,KCC,0,2020,KCC,CB,14956,"Sneed, L'Jarius",,32808,2239881,,Louisiana Tech,192,38,4,73,32,14688,92b059b3-6b1b-4db4-a535-ceba629176d1,853822800,,4040432,,
2026,LVR,0,2020,WAS,CB,14957,"Robertson, Amik",_youngtruth7,32809,2816298,,Louisiana Tech,183,2,4,69,33,14709,23525664-b547-413b-9221-b09091b90edf,899701200,,4239694,,
2026,CHI,0,2020,CAR,DE,14962,"Gipson, Trevis",trevisgipson,32825,2181277,,Tulsa,263,52,5,76,9,14680,2814f1e7-dca6-4bd9-80a9-9af480d10546,866178000,,3917016,,
2026,JAC,0,2020,CLE,S,14963,"Thomas, Daniel",gamechanger021,32827,2241807,,Auburn,215,24,5,70,11,14687,15a6249f-f4cf-47c2-8251-8a3a802b3db0,899269200,,4035505,,
2026,CHI,0,2020,NEP,CB,14967,"Vildor, Kindle",ThePremier20,32833,2252448,,Georgia Southern,189,22,5,71,17,14706,e1072f9a-86f7-4d01-89a6-33fe0186f232,881816400,,4036651,,
2026,BAL,0,2020,BAL,DT,14971,"Washington, Broderick",,32840,2185746,,Texas Tech,315,96,5,74,24,14720,6f695364-f31f-420d-8baa-434539e2b12d,849675600,,3915837,,
2026,CHI,0,2020,NYG,WR,14974,"Mooney, Darnell",Darnell_M1,32843,2240651,,Tulane,180,17,5,71,27,14510,bafe8df1-66b5-4200-8fb3-ff188c25a4e2,878101200,,4040655,,
2026,TEN,0,2020,LAR,DT,14975,"Murchison, Larrell",Murchboy92,32844,2865164,,North Carolina State,285,52,5,74,28,14718,ff0950aa-357f-47b4-b4dd-d4374413ffc1,861858000,,4240123,,
2026,MIN,0,2020,TEN,WR,14977,"Osborn, K.J.",,32846,2184383,,Miami,203,13,5,71,30,14641,3bf5c049-9daa-43ba-9758-c6c895a9d462,865918800,,3916566,,
2026,KCC,0,2020,BUF,DE,14978,"Danna, Michael",M_Danna4,32847,2180090,,Michigan,257,51,5,74,31,14823,9e9d2934-a273-4e39-a413-d991d083297b,881211600,,3915487,,
2026,DEN,0,2020,DEN,LB,14979,"Strnad, Justin",jsgarbs,32848,2186413,,Wake Forest,235,40,5,75,32,14757,f8f0760e-8f04-45bf-9371-fa33c945bc1c,840603600,,3919548,,
2026,LAC,0,2020,KCC,S,14982,"Gilman, Alohi",alohigilman,32856,2868542,,Notre Dame,201,17,6,70,7,14521,f3a7ab39-ead2-4dbf-b760-d652b8a26853,874472400,,4039413,,
2026,BUF,0,2020,BUF,PK,14983,"Bass, Tyler",tbass_xvi,32858,2188356,,Georgia Southern,183,16,6,70,9,14609,bfccbff4-bc01-41ed-aa11-be976160504c,855896400,,3917232,,
2026,SFO,0,2020,ATL,TE,14984,"Woerner, Charlie",,32860,2248629,,Georgia,250,89,6,77,11,14608,527dfee0-a242-4dc7-830a-ab7028308259,876978000,,,,
2026,NYJ,0,2020,PHI,PN,14985,"Mann, Braden",MannBraden,32861,2222040,,Texas A&M,198,10,6,71,12,14654,85eaaf9f-59cf-4150-943c-c1abdaa78eb1,880347600,,4035239,,
2026,LAR,0,2020,ATL,S,14991,"Fuller, Jordan",j_fuller4,32869,2260978,,Ohio State,203,29,6,74,20,14698,c72cb618-fb6b-4327-8ced-91088c936c81,888987600,,4040613,,
2026,PHI,0,2020,FA,WR,14992,"Watkins, Quez",AdamSchefter,32870,2262953,,Southern Mississippi,193,16,6,72,21,14464,ca85137c-205c-458e-8b77-8457849f614c,897368400,,4050373,,
2026,MIN,0,2020,MIN,S,14995,"Metellus, Josh",NoExcuses_23,32875,2260662,,Michigan,207,44,6,71,26,14479,e135eaa4-1688-487a-a924-4d83b16977df,885358800,,4046537,,
2026,IND,0,2020,MIN,CB,14997,"Rodgers, Isaiah",rodgers_isaiah,32881,2261492,,UMass,176,2,6,70,32,14828,72100db3-2daa-4c17-aaa8-6c2c52bea5f3,884149200,,4044540,,
2026,WAS,0,2020,LAR,S,15001,"Curl, Kamren",KCurl_2,32886,2866171,,Arkansas,205,3,7,74,2,14381,eff8e3ec-98e4-49c8-b865-436e3abb0870,922856400,,4242154,,
2026,BAL,0,2020,BUF,S,15003,"Stone, Geno",GenoStone22,32889,2867170,,Iowa,210,22,7,71,5,14474,95f3b8ac-e10f-4f0d-8650-b464b37ded86,924498000,,4240575,,
2026,BUF,0,2020,FA,CB,15016,"Jackson, Dane",Djack11_,32909,2179418,,Pittsburgh,180,23,7,71,25,14549,089763ae-208d-4ad9-bb30-c97c0fcfdcd1,849243600,,3895791,,
2026,FA,0,2019,DET,PN,15032,"Fox, Jack",,32358,,,Rice,218,3,,74,,13715,7141ec7a-4f3d-44a4-979e-6644ab9e8f7b,841554000,,,,
2026,FA,0,2018,MIN,QB,15035,"Wolford, John",,31803,2983467,,Wake Forest,218,18,,73,,13403,2ab1b694-1013-4661-85d4-55415d3b147f,813819600,,3124092,,
2026,FA,0,2020,FA,TE,15041,"Cager, Lawrence",,33329,2183845,,Georgia,220,89,,77,,14597,2f2181f8-cb0a-42e4-9468-17f5f5a219cc,872053200,,3917849,,
2026,FA,0,2020,DET,LB,15049,"Bachie, Joe",,33108,2239744,,Michigan State,235,35,,74,,14735,c44bdac4-0732-4f94-8bae-df47ecec5656,888469200,,4036507,,
2026,FA,0,2020,TEN,PN,15051,"Townsend, Tommy",,32960,2180540,,Florida,191,3,,73,,14574,edfc712a-54f7-4c34-a838-c50c14dbf7dc,847774800,,3915398,,
2026,FA,0,2020,TBB,LB,15076,"Rozeboom, Christian",,33261,3159116,,South Dakota State,230,52,,74,,15090,49abd11f-fe2b-4d15-99ed-f316d2ec67e1,854600400,,3909013,,
2026,FA,0,2020,CAR,DT,15081,"Wharton, Tershawn",,32952,3159108,,Missouri S&T,280,92,,73,,15077,632a8382-27d6-45ae-b3d2-a37157e09ab7,898750800,,4058925,,
2026,FA,0,2020,CLE,LB,15082,"Barnes, Krys",,33221,3159093,,UCLA,229,40,,74,,14572,fc081a72-124d-4648-86a4-45aebb95a5ba,891493200,,4035817,,
2026,FA,0,2020,DEN,DT,15089,"Roach, Malcolm",,33118,2246854,,Texas,290,97,,75,,14726,bb01a04e-0d54-4fc6-98c8-2b8614d07afe,897368400,,4039064,,
2026,FA,0,2019,DAL,S,15094,"Locke, P.J.",,32164,3116951,,Texas,202,1,,70,,14198,155980c2-e289-48c4-a047-09c08d0ce7ae,855723600,,3929850,,
2026,FA,0,2020,FA,TE,15097,"McKeon, Sean",,33101,2239736,,Michigan,255,49,,77,,14478,0f369885-8ecd-4ca0-a3dc-df8530a0db6e,883285200,,4036275,,
2026,FA,0,2020,NEP,RB,15103,"Gilliam, Reggie",,33357,3161112,,Toledo,244,44,,72,,14844,4475bb8a-b5a6-4527-bfc7-8e7e03900984,872053200,,4039505,,
2026,FA,0,2020,IND,WR,15109,"Westbrook-Ikhine, Nick",,33348,2185954,,Indiana,211,18,,74,,14750,5e63e674-adf3-4f4e-929e-4a0ff2cfb1df,858920400,,3929785,,
2026,FA,0,2019,FA,LB,15117,"Flannigan-Fowles, Demetrius",,32319,3116827,,Arizona,223,44,,74,,14074,c5175598-1392-4eaa-ae62-d99811a0c477,841813200,,3931424,,
2026,FA,0,2020,FA,DE,15121,"Huff, Bryce",,33335,3159231,,Memphis,255,47,,75,,15035,07b963d4-aef7-4874-ba04-f9b1ec1142d3,892789200,,4039375,,
2026,FA,0,2020,MIN,CB,15124,"Pierre, James",,32939,2239564,,Florida Atlantic,185,23,,74,,14439,6e0bbdc7-fa74-41d2-b3de-4eaa8e670f87,842850000,,4259252,,
2026,FA,0,2020,DET,CB,15129,"Dorsey, Khalil",,33012,3161103,,Northern Arizona,188,30,,68,,15137,e8b1322a-6162-4535-b6af-4ca60ce8b09c,891320400,,4027919,,
2026,FA,0,2019,CHI,S,15140,"Lewis, Cam",,32416,3117007,,Buffalo,183,21,,69,,14253,d5dee97b-aa96-4fa6-868f-b6dc1f66245c,860907600,,3916577,,
2026,FA,0,2020,CAR,DE,15141,"Gill, Cam",,33272,3159189,,Wagner,240,45,,75,,14917,112b95ea-d080-4aa7-bedc-5755c6c6b80c,882075600,,4034496,,
2026,FA,0,2020,BUF,S,15148,"Franklin, Sam",,33137,3159171,,Temple,210,28,,75,,14931,3b1bb0da-607a-4502-8855-8ab5095334da,823237200,,4044133,,
2026,FA,0,2020,GBP,LB,15151,"Welch, Kristian",,33005,2251113,,Iowa,240,54,,75,,15141,0782b3a2-9693-40f6-aff2-a21bc8fa4c5d,895986000,,4036153,,
2026,FA,0,2020,FA,DT,15165,"Jones, Benito",,33239,2221865,,Mississippi,335,95,,73,,14715,e9746156-842c-475e-806d-4bcb26032e3b,880606800,,4035299,,
2026,FA,0,2020,LAC,DT,15173,"Tart, Teair",,33347,3161108,,Florida International,315,93,,74,,14985,a78206af-6d78-4b4c-90e3-dc4bd62ac80b,857106000,,4374269,,
2026,FA,0,2020,CLE,CB,15177,"Bryant, Myles",,33319,2251374,,Washington,192,27,,69,,14703,7a51270b-cbdf-451e-a9e7-0f0b23435dd0,883717200,,4039010,,
2026,FA,0,2020,KCC,LB,15194,"Christiansen, Cole",,32977,3159125,,Army,230,48,,73,,15080,ae372a9d-6f85-4e37-a910-47fd77483ebc,870238800,,4036959,,
2026,FA,0,0,PHI,Coach,15234,"Sirianni, Nick",,,,,,,,,,,,e488386a-5837-4f69-a8de-49bbf3646517,,,,,
2026,FA,0,0,TEN,Coach,15235,"Saleh, Robert",,,,,,,,,,,,7ff285b3-e38c-4ba8-92c2-b46fd35e5c01,,,,,
2026,JAC,0,2021,JAC,QB,15237,"Lawrence, Trevor",,33389,2967185,,Clemson,220,16,1,78,1,15357,aaa8b42c-4d87-45f6-bfd2-e31cfed9a736,939186000,,4360310,,
2026,CHI,0,2021,KCC,QB,15238,"Fields, Justin",,33399,1273205,,Ohio State,227,6,1,75,11,15416,cf15be8f-9117-4531-a517-2b9c7cb3e9e1,920610000,,4362887,,
2026,NYJ,0,2021,NOS,QB,15239,"Wilson, Zach",,33390,2960892,,Brigham Young,214,11,1,74,2,15330,17bb63b1-1b0e-48e1-baf7-55cd314d0e62,933656400,,4361259,,
2026,SFO,0,2021,LAC,QB,15240,"Lance, Trey",,33391,2969444,,North Dakota State,226,5,1,76,3,15198,676a508c-c65f-404a-a2b0-f861a4bfd072,957848400,,4383351,,
2026,NEP,0,2021,SFO,QB,15241,"Jones, Mac",,33403,2741202,,Alabama,220,10,1,75,15,15402,1fd00ec3-b758-46d2-a2c1-cca521ea8a54,904971600,,4241464,,
2026,TBB,0,2021,FA,QB,15242,"Trask, Kyle",,33452,2221839,,Florida,236,2,2,77,32,15335,13038760-a019-4e2a-9aea-f13d7dce5bda,889160400,,4034946,,
2026,FA,0,2021,CAR,TE,15244,"Franks, Feleipe",,33729,2221829,,Arkansas,241,81,,78,,15324,79a849be-0552-4da9-89ff-11d20a7a764a,882766800,,4034948,,
2026,FA,0,2021,BUF,QB,15248,"Buechele, Shane",,33879,2240307,,SMU,210,6,,72,,15262,d7c63db7-dfe8-4cd6-a684-90342d12fa26,884235600,,4039034,,
2026,IND,0,2021,DEN,QB,15250,"Ehlinger, Sam",,33606,2803330,,Texas,222,4,6,73,34,15328,59f4acd0-971a-4470-ab8d-17900a4b128a,907131600,,4241820,,
2026,HOU,0,2021,HOU,QB,15252,"Mills, Davis",,33455,2867381,,Stanford,225,10,3,76,3,15542,7d51fab7-2d52-4d19-a021-19a123af0d10,908946000,63811,4242546,,
2026,JAC,0,2021,NOS,RB,15253,"Etienne, Travis",,33413,2809206,,Clemson,215,3,1,70,25,15385,970693f0-0af4-4627-ac0c-bf519f7433ee,917326800,,4239996,,
2026,PIT,0,2021,NYG,RB,15254,"Harris, Najee",,33412,2741200,,Alabama,242,23,1,73,24,15468,48ec58c3-ec26-4434-b005-8d34035e6667,889419600,,4241457,,
2026,PHI,0,2021,TBB,RB,15255,"Gainwell, Kenneth",,33538,2968948,,Memphis,200,1,5,69,6,15222,e2a5882a-dcc1-4800-889f-3b957b21834f,921387600,,4371733,,
2026,DEN,0,2021,DAL,RB,15256,"Williams, Javonte",,33423,2961719,,North Carolina,220,33,2,70,3,15306,889dcdc5-3d88-45df-9677-5ad7ff87c011,956638800,,4361579,,
2026,SFO,0,2021,ATL,RB,15257,"Sermon, Trey",,33476,2804142,,Ohio State,215,27,3,72,24,15413,b7146193-fcd1-4b02-a6da-625fe467f60e,917672400,,4241401,,
2026,FA,0,2021,TEN,RB,15258,"Carter, Michael",,33495,2804075,,North Carolina,201,22,4,68,2,15273,7f119181-4c9f-4a9f-bccc-357277b64a8d,926053200,,4240657,,
2026,NEP,0,2021,NEP,RB,15259,"Stevenson, Rhamondre",,33508,3125832,,Oklahoma,227,38,4,72,15,15372,6260e78a-64e2-4f7e-9bf8-39948a17a370,888210000,,4569173,,
2026,FA,0,2021,MIN,RB,15260,"Patterson, Jaret",,33706,2964701,,Buffalo,195,34,,68,,15315,82996e3b-b72d-41ca-8eb1-91e462ceff85,945925200,,4362452,,
2026,CAR,0,2021,CAR,RB,15261,"Hubbard, Chuba",,33514,2865693,,Oklahoma State,210,30,4,73,21,15242,32205e74-b23f-420a-b312-465b29260745,929077200,,4241416,,
2026,DET,0,2021,FA,RB,15262,"Jefferson, Jermar",,33644,2964472,,Oregon State,215,32,7,70,29,15296,de456390-b27b-4146-87b9-0267f1ea8db4,955774800,,4374033,,
2026,SFO,0,2021,FA,RB,15263,"Mitchell, Elijah",,33582,2819876,,Louisiana-Lafayette,200,25,6,70,10,15379,8ba68abf-e9d2-4927-bf8d-476f271d840c,894085200,,4241555,,
2026,CHI,0,2021,ATL,RB,15271,"Herbert, Khalil",,33605,2253041,,Virginia Tech,212,26,6,69,33,15281,02af99e0-3c84-4d4e-937a-a9f29a02323b,893134800,,4035886,,
2026,CIN,0,2021,CIN,WR,15281,"Chase, Ja'Marr",,33393,2966320,,LSU,205,1,1,72,5,15183,fa99e984-d63b-4ef4-a164-407f68a7eeaf,951886800,,4362628,,
2026,PHI,0,2021,PHI,WR,15282,"Smith, DeVonta",,33398,2866975,,Alabama,170,6,1,72,10,15406,3555d07e-57ae-43de-97d5-b1b5bf055f17,911019600,,4241478,,
2026,ARI,0,2021,MIN,XX,15283,"Moore, Rondale",,33437,2968526,,Purdue,181,4,2,67,17,15514,975555d0-fe82-4e88-90f4-d690f5000671,960526800,,4372485,,
2026,MIA,0,2021,DEN,WR,15284,"Waddle, Jaylen",,33394,,,Alabama,185,17,1,70,6,15404,0ff9a975-669d-4851-a95d-ab28d9fc29c4,911970000,,4372016,,
2026,BAL,0,2021,CLE,WR,15285,"Wallace, Tylan",,33519,2866424,,Oklahoma State,200,16,4,71,26,15310,29269863-13cf-4c66-ac3c-5d9a47e2040a,926571600,,4241424,,
2026,DET,0,2021,DET,WR,15287,"St. Brown, Amon-Ra",,33500,2967690,,USC,202,14,4,72,7,15332,26ef0447-29b8-4dd1-9831-dcbf8132bb74,940741200,,4374302,,
2026,NYJ,0,2021,PHI,WR,15288,"Moore, Elijah",,33422,2963569,,Mississippi,178,19,2,70,2,15280,b1935e20-6bd6-4863-8d7e-702ec403491f,954133200,,4372414,,
2026,NYG,0,2021,FA,WR,15289,"Toney, Kadarius",,33408,2767487,,Florida,193,87,1,72,20,15336,b4af6462-3e3a-49d5-9d96-482ad9f3c0c8,917413200,,4240600,,
2026,HOU,0,2021,HOU,WR,15290,"Collins, Nico",,33477,2878193,,Michigan,222,12,3,76,25,15200,bd56a50c-5fae-4ee2-8363-f74ae07b6887,921819600,,4258173,,
2026,WAS,0,2021,WAS,WR,15292,"Brown, Dyami",,33470,2965973,,North Carolina,195,6,3,72,18,15274,0fb60ada-bdd3-4d74-8c98-058303a1649a,941432400,,4361577,,
2026,BAL,0,2021,BAL,WR,15293,"Bateman, Rashod",,33415,2960940,,Minnesota,193,7,1,73,27,15210,d9f8b92b-69d4-4d83-9bf2-106ee523efed,943851600,,4360939,,
2026,LAR,0,2021,LAR,WR,15301,"Atwell, Tutu",,33445,2965372,,Louisville,165,8,2,69,25,15229,7dc49535-f9dd-44b0-94f2-08ac6470130b,939272400,,4360797,,
2026,SEA,0,2021,MIA,WR,15302,"Eskridge, Dee",,33444,2252411,,Western Michigan,190,82,2,69,24,15461,4a76219c-34b8-4cfe-81ab-2bb011368367,859093200,,4043016,,
2026,DAL,0,2021,ARI,WR,15303,"Fehoko, Simi",,33567,2965289,,Stanford,225,80,5,76,35,15559,3860693c-99a2-4484-99db-1d43e3ff7fd4,878706000,,4360739,,
2026,CAR,0,2021,FA,WR,15308,"Marshall, Terrace",,33447,2963214,,LSU,200,46,2,74,27,15214,69388223-d1e7-46c3-9106-e10edb7073e9,960526800,,4362630,,
2026,LAC,0,2021,BUF,WR,15319,"Palmer, Joshua",,33465,2867325,,Tennessee,210,5,3,73,13,15447,857fcc59-10e8-4194-bd7d-41bc5f72a47f,937976400,,4242433,,
2026,ATL,0,2021,ATL,TE,15329,"Pitts, Kyle",,33392,2964514,,Florida,250,8,1,78,4,15265,1f3deb24-9ff8-4769-8f42-825eff7742f6,970808400,,4360248,,
2026,HOU,0,2021,HOU,TE,15330,"Jordan, Brevin",,33535,2964787,,Miami (FL),245,9,5,75,3,15369,8ffb5c07-4aa1-4796-b1ab-30c1ab0ccc4c,963723600,,4362504,,
2026,PIT,0,2021,PIT,TE,15331,"Freiermuth, Pat",,33443,2961270,,Penn State,258,88,2,77,23,15267,04f0fefe-9d9d-44f5-94ea-6df2a42df3c6,909291600,,4361411,,
2026,CAR,0,2021,CAR,TE,15332,"Tremble, Tommy",,33471,2969027,,Notre Dame,250,82,3,76,19,15371,cbee2fd3-e5f2-4316-bffd-531f1873f032,959922000,,4372780,,
2026,MIA,0,2021,ARI,TE,15334,"Long, Hunter",,33469,2867428,,Boston College,243,89,3,77,17,15246,ebc576d0-a98b-4f82-aaf9-901a3911487d,903502800,,4239944,,
2026,JAC,0,2021,SFO,TE,15335,"Farrell, Luke",,33533,2260977,,Ohio State,250,89,5,77,1,15566,8a1f0e8e-6521-4a94-9934-ad4f76a25fd9,876805200,,4040612,,
2026,KCC,0,2021,KCC,TE,15337,"Gray, Noah",,33550,2866903,,Duke,240,83,5,75,18,15459,c97dfcb6-b999-476f-8487-f3848e92df17,925448400,,4240472,,
2026,FA,0,2021,JAC,TE,15341,"Morris, Quintin",,33819,2864581,,Bowling Green,243,80,,74,,15460,eab74cbc-ed11-46b3-bd16-1d4c997adc22,916894800,,4244049,,
2026,WAS,0,2021,WAS,TE,15344,"Bates, John",,33512,2257291,,Boise State,256,87,4,78,19,15289,3208880b-949f-4926-85eb-1940770550ea,878792400,,4048228,,
2026,IND,0,2021,LVR,DE,15345,"Paye, Kwity",,33409,2878173,,Michigan,265,51,1,75,21,15264,4c52a12f-6745-468e-86d9-977ffa512c4b,911451600,,4258194,,
2026,BUF,0,2021,BUF,DE,15346,"Rousseau, Gregory",,33418,2966977,,Miami (FL),266,15,1,78,30,15283,c47a2147-d70d-4874-91b3-8548b26fb3ec,954910800,,4362506,,
2026,BUF,0,2021,FA,DE,15348,"Basham, Carlos",,33449,2223199,,Wake Forest,274,54,2,75,29,15260,18eae132-a14e-4de6-bae2-77c9ce8f5864,882248400,,4037239,,
2026,MIA,0,2021,CAR,DE,15349,"Phillips, Jaelan",,33406,2806235,,Miami (FL),263,5,1,77,18,15263,2e0122de-812b-44fa-8bf9-084695be95e3,927867600,,4242975,,
2026,DAL,0,2021,GBP,DE,15350,"Parsons, Micah",,33400,2967590,,Penn State,245,11,1,75,12,15182,b4eab0bf-9e1f-43f8-912f-d33ac517bc46,927694800,,4361423,,
2026,CLE,0,2021,CLE,LB,15351,"Owusu-Koramoah, Jeremiah",,33440,2868613,,Notre Dame,221,6,2,74,20,15505,513aad03-6d8b-45cd-96ed-ad0d56e942f4,941691600,,4258599,,
2026,ARI,0,2021,ARI,DE,15352,"Collins, Zaven",,33404,2829831,,Tulsa,270,25,1,76,16,15288,61fda7fc-a8d7-435f-9397-5657662cd6b2,927090000,,4244606,,
2026,MIN,0,2021,SEA,LB,15353,"Surratt, Chazz",,33466,2239572,,North Carolina,233,44,3,74,14,15276,0c9102ea-9fe8-4900-9d33-8eab299cf9ce,856069200,,4037521,,
2026,KCC,0,2021,KCC,LB,15355,"Bolton, Nick",,33446,2965817,,Missouri,237,32,2,71,26,15286,83ad043c-d1e6-45b3-9e06-3f148538db46,952664400,,4362759,,
2026,DEN,0,2021,ARI,DE,15356,"Browning, Baron",,33493,2804418,,Ohio State,255,5,3,75,41,15422,faf72326-5e36-4bdd-9843-5d2a6b4ee6b4,919400400,,4241987,,
2026,NEP,0,2021,NEP,DT,15357,"Barmore, Christian",,33426,2964423,,Alabama,315,90,2,77,6,15395,39017237-0575-4984-b784-954a79c2bba2,933138000,,4372030,,
2026,CLE,0,2021,HOU,DT,15358,"Togiai, Tommy",,33520,2961724,,Ohio State,296,72,4,74,27,15590,4a4f2ec4-b750-417c-8fa3-f1ec6386f032,937717200,,4361366,,
2026,JAC,0,2021,FA,DT,15359,"Tufele, Jay",,33494,2868300,,USC,305,78,4,75,1,15421,79a2bcb9-b390-4486-b64a-db81b246bf68,932878800,,4259647,,
2026,CAR,0,2021,CAR,CB,15361,"Horn, Jaycee",,33396,2966411,,South Carolina,200,8,1,73,8,15209,90b71985-5235-4d5a-b95a-405129be496f,943592400,,4362847,,
2026,DEN,0,2021,DEN,CB,15362,"Surtain II, Patrick",,33397,2965625,,Alabama,202,2,1,74,9,15403,5c753156-6ba2-4e25-9fbd-492c69e06ff0,955688400,,4372012,,
2026,DET,0,2021,TBB,S,15363,"Melifonwu, Ifeatu",,33489,2866196,,Syracuse,210,9,3,75,37,15261,8c348caf-34d8-44a8-a781-fee8064ae258,925621200,,4240401,,
2026,JAC,0,2021,NYJ,S,15364,"Cisco, Andre",,33453,2963562,,Syracuse,210,8,3,72,1,15199,250da6c8-2222-4438-9800-60d7bbb449d7,953787600,,4361939,,
2026,LVR,0,2021,CAR,S,15365,"Moehrig, Trevon",,33431,2963829,,TCU,202,7,2,74,11,15340,c8f74b89-065c-4857-be4e-4fcf897a5bc0,929509200,,4362487,,
2026,MIA,0,2021,NYG,S,15366,"Holland, Jevon",,33424,2967873,,Oregon,207,8,2,73,4,15196,30915dd4-f19f-48cd-8425-f2cf29246b66,952059600,,4373809,,
2026,CIN,0,2021,CIN,PK,15368,"McPherson, Evan",,33537,2962681,,Florida,185,2,5,71,5,15383,acc143ed-53b2-49c9-81bc-16e6c98ffcae,932533200,,4360234,,
2026,FA,0,2021,MIA,PK,15369,"Patterson, Riley",,33781,2865368,,Memphis,190,47,,72,,15512,deac735c-af0a-4f01-ada8-379ef66917ba,936680400,,4243371,,
2026,WAS,0,2021,FA,LB,15373,"Davis, Jamin",,33407,2803777,,Kentucky,234,52,1,76,19,15375,6484ba1b-2145-46fb-83f7-c38baa3080c0,913438800,,4240778,,
2026,CLE,0,2021,NYG,CB,15375,"Newsome, Greg",,33414,2966771,,Northwestern,192,20,1,72,26,15275,2303e1eb-fa31-4cfe-b93d-7c2e1b683baa,958626000,,4361266,,
2026,NOS,0,2021,DET,DE,15376,"Turner, Payton",,33416,2829826,,Houston,270,98,1,78,28,15435,91e004b5-8a40-45cc-8246-a34faca1ee64,915685200,,4240269,,
2026,GBP,0,2021,LVR,CB,15377,"Stokes, Eric",,33417,2871751,,Georgia,193,22,1,73,29,15297,35e016e2-c6cd-49c5-b1b5-73f03b81ff4d,920264400,,4259561,,
2026,BAL,0,2021,WAS,DE,15378,"Oweh, Odafe",,33419,2961253,,Penn State,265,98,1,77,31,15305,232b1ab6-7a50-48a3-b213-681e782d6daa,913698000,,4361422,,
2026,TBB,0,2021,FA,DE,15379,"Tryon, Joe",,33420,2820419,,Washington,260,90,1,77,32,15585,933edc6a-9617-4957-8f64-62a11bc43e6c,925448400,,4243333,,
2026,JAC,0,2021,CLE,CB,15380,"Campbell, Tyson",,33421,2975557,,Georgia,195,7,2,73,1,15359,a887ad59-0e4b-4a9a-a7e4-cfd9f42fe7fb,953269200,,4379397,,
2026,ATL,0,2021,NEP,S,15381,"Grant, Richie",,33428,2257302,,UCF,200,24,2,72,8,15452,3beaed67-ca01-4603-be1f-78abfb6037b5,879051600,,4042119,,
2026,DET,0,2021,DET,DT,15382,"Onwuzurike, Levi",,33429,2251385,,Washington,304,95,2,75,9,15195,0670801f-0ef3-46b6-ad6b-62475db6b787,888814800,,4039020,,
2026,LAC,0,2021,PIT,CB,15384,"Samuel, Asante",,33435,2967549,,Florida State,180,22,2,70,15,15218,02b08a8b-a3bd-44d1-8930-e6f51b029a22,938926800,,4363034,,
2026,NYG,0,2021,LVR,DE,15385,"Ojulari, Azeez",,33438,2975739,,Georgia,240,13,2,75,18,15355,78af6ab8-1003-423d-b29b-111d8f4d45ad,961131600,,4379409,,
2026,IND,0,2021,CHI,DE,15386,"Odeyingbo, Dayo",,33442,2835006,,Vanderbilt,282,55,2,77,22,15227,994f3d7b-1f01-45fe-ba66-4d853d4b09fb,938149200,,4242659,,
2026,NOS,0,2021,NOS,LB,15387,"Werner, Pete",,33448,2829228,,Ohio State,242,20,2,75,28,15600,09bdc469-0d82-4bce-8d49-810a44a550da,928558800,,4241993,,
2026,CIN,0,2021,NYJ,DE,15388,"Ossai, Joseph",,33457,2962062,,Texas,263,46,3,76,5,15507,f46bc3a8-dbcc-4d96-8d6e-50034429de29,955602000,,4362094,,
2026,DET,0,2021,DET,DT,15390,"McNeill, Alim",,33460,2965894,,North Carolina State,310,54,3,74,8,15522,865d4bf9-5d13-42a6-a8f9-a4e9a93c7375,958021200,,4361662,,
2026,PHI,0,2021,NEP,DT,15391,"Williams, Milton",,33461,2816306,,Louisiana Tech,290,97,3,75,9,15291,ebabfa18-7713-4002-8ac4-cf30cd4566fc,923374800,,4239699,,
2026,WAS,0,2021,GBP,CB,15392,"St-Juste, Benjamin",,33462,2819120,,Minnesota,200,21,3,75,10,15479,19dd3c47-6da2-4baa-8f4d-c44c152924f2,873694800,,4258206,,
2026,DAL,0,2021,SFO,DT,15393,"Odighizuwa, Osa",,33463,2251363,,UCLA,280,92,3,74,11,15284,5bc24739-494e-4d0c-beae-e15231743bcf,902984400,,4035840,,
2026,NOS,0,2021,NYG,CB,15394,"Adebo, Paulson",,33464,2867304,,Stanford,192,21,3,73,12,15399,054cf859-2cf7-4621-a98e-b440e66508a5,930978000,,4242547,,
2026,LVR,0,2021,LVR,DE,15395,"Koonce, Malcolm",,33467,2805498,,Buffalo,243,51,3,75,15,15303,83436be9-f646-4cb6-94e0-99a939298e3f,897109200,,4239719,,
2026,LVR,0,2021,ATL,LB,15396,"Deablo, Divine",,33468,2239606,,Virginia Tech,223,5,3,75,16,15472,f50ae8f1-aebd-4e3d-bbf9-f92921044e72,903330000,,4037626,,
2026,DAL,0,2021,NYG,DE,15397,"Golston, Chauncey",,33472,2251096,,Iowa,277,57,3,77,20,15321,b7f8bf4e-a1e5-443e-8deb-3916c817a1a8,887086800,,4036132,,
2026,MIN,0,2021,CAR,DE,15398,"Jones, Patrick",,33478,2239584,,Pittsburgh,264,91,3,76,26,15232,74013f08-f920-4de7-9740-cc461d84beec,907045200,,4036063,,
2026,TEN,0,2021,FA,LB,15399,"Rice, Monty",,33480,2804150,,Georgia,233,45,3,72,28,15253,587fc996-b54f-48ce-8261-adb50b872ec7,915771600,,4240692,,
2026,DAL,0,2021,NYJ,CB,15401,"Wright, Nahshon",,33487,3129234,,Oregon State,199,26,3,76,35,15549,884b6094-1ebd-4b72-b957-ad33a3ab984f,906526800,,4570470,,
2026,TEN,0,2021,LAC,S,15402,"Molden, Elijah",,33488,2815176,,Washington,192,2,3,70,36,15530,0224c851-7e91-4e93-9bf8-89a8d72c55ef,917672400,,4243328,,
2026,LAR,0,2021,SEA,LB,15404,"Jones, Ernest",,33491,2961129,,South Carolina,230,13,3,74,39,15228,42c12021-abf6-40fa-b989-7ea52d0e7070,943246800,,4362851,,
2026,BAL,0,2021,NYJ,CB,15405,"Stephens, Brandon",,33492,2251369,,SMU,215,21,3,73,40,15644,c30da9e4-f0d5-472f-9c20-45f2bc7eaa54,883371600,,4035824,,
2026,CIN,0,2021,ATL,DE,15408,"Sample, Cameron",,33499,2864875,,Tulane,272,96,4,75,6,15318,2f1b4df5-a65b-4b13-8a86-81c03259e822,937803600,,4243923,,
2026,DET,0,2021,DET,LB,15409,"Barnes, Derrick",,33501,2868715,,Purdue,240,55,4,72,8,15489,16c53e66-de15-43da-931c-bf3a3e056505,927954000,,4260409,,
2026,LAR,0,2021,CAR,DT,15412,"Brown, Bobby",,33505,2967409,,Texas A&M,332,97,4,76,12,15591,17bb3390-5232-402b-b229-c478b22dd200,965624400,,4372518,,
2026,LAC,0,2021,NOS,DE,15413,"Rumph, Chris",,33506,2866844,,Duke,244,58,4,74,13,15311,dcbf373f-7336-457f-888f-02596a391d89,908773200,,4240475,,
2026,MIN,0,2021,NYJ,RB,15414,"Nwangwu, Kene",,33507,2261254,,Iowa State,210,3,4,73,14,15579,482c1032-765a-48d3-b46e-b47a809dbee4,887000400,,4035537,,
2026,MIN,0,2021,IND,S,15418,"Bynum, Camryn",,33513,2250814,,California,200,24,4,72,20,15478,450f301e-e19b-4111-a6be-4bb20fbf7f2a,900824400,,4035861,,
2026,IND,0,2021,TEN,TE,15419,"Granson, Kylen",,33515,2247146,,SMU,242,86,4,75,22,15245,bcc0167c-05fd-4b23-981e-60b8784ceb33,890974800,,4039160,,
2026,ARI,0,2021,FA,CB,15422,"Wilson, Marco",,33524,2773024,,Florida,191,24,4,71,31,15313,409f6cf2-cfd2-4712-80a2-9a62e0ad75c4,920437200,,4240595,,
2026,SEA,0,2021,NYJ,CB,15423,"Brown, Tre",,33525,2867508,,Oklahoma,185,22,4,70,32,15477,0589b224-bfc7-47a5-b89d-ff58ef2dcf21,875077200,,4241373,,
2026,PIT,0,2021,CHI,LB,15424,"Johnson, Buddy",,33528,2866300,,Texas A&M,240,23,4,74,35,15374,11e6adfb-8144-4990-adc2-bfcfe905889b,920091600,,4240900,,
2026,NYJ,0,2021,NYJ,LB,15428,"Sherwood, Jamien",,33534,2961148,,Auburn,216,44,5,74,2,15316,0e9ea316-700d-4368-86c1-d1181fc64f52,947653200,,4361331,,
2026,ATL,0,2021,FA,DT,15429,"Graham, Ta'Quon",,33536,2868713,,Texas,300,95,5,76,4,15236,f5510376-f94b-470c-94ce-88098635c4ff,912488400,,4262197,,
2026,CLE,0,2021,CHI,LB,15431,"Fields, Tony",,33541,2870538,,West Virginia,222,40,5,72,9,15237,d40b2cf6-59e1-4af6-a91c-f2206303564c,929682000,,4245655,,
2026,NYJ,0,2021,PHI,CB,15432,"Carter, Michael",,33542,2865090,,Duke,184,35,5,70,10,15621,117d2769-60b3-47f0-be7f-f47fe36e0ac9,920869200,,4240456,,
2026,PIT,0,2021,NYJ,DT,15433,"Loudermilk, Isaiahh",,33544,2251883,,Wisconsin,293,92,5,79,12,15347,ff28a5cc-3780-4f94-8c40-d713ff75cd0d,876459600,,4035798,,
2026,MIN,0,2021,CAR,WR,15434,"Smith-Marsette, Ihmir",,33545,2865894,,Iowa,185,87,5,73,13,15287,39156891-0d05-470b-8b64-751602820bb1,935902800,,4240573,,
2026,CAR,0,2021,FA,CB,15440,"Taylor, Keith",,33554,2815180,,Washington,195,39,5,75,22,15486,a72561d6-fd30-4910-ac44-eb9416e792ea,911538000,,4243332,,
2026,LVR,0,2021,SFO,CB,15441,"Hobbs, Nate",,33555,2865259,,Illinois,195,21,5,72,23,15387,b34aa9fb-3f93-481b-8f68-7330c39e6e20,930200400,,4240542,,
2026,HOU,0,2021,SFO,LB,15443,"Wallow, Garret",,33558,2803737,,TCU,230,49,5,74,26,15602,f50c9bb7-2782-4390-a84f-b47e71d6018f,917240400,,4241807,,
2026,SFO,0,2021,SFO,CB,15445,"Lenoir, Deommodore",,33560,2867301,,Oregon,200,2,5,70,28,15192,d24bbe70-baba-4337-822e-c166a156f92e,939186000,,4242488,,
2026,GBP,0,2021,CIN,DT,15446,"Slaton, Tedarrell",,33561,2773019,,Florida,340,98,5,77,29,15604,855efef2-4393-4959-9712-3fd144a03110,875854800,,4240612,,
2026,NYJ,0,2021,NYG,S,15448,"Pinnock, Jason",,33563,2865671,,Pittsburgh,200,25,5,72,31,15532,8ca53dc6-9a7f-41a6-9b69-d199a6784013,930718800,,4240706,,
2026,TBB,0,2021,NEP,LB,15449,"Britt, K.J.",,33564,2804540,,Auburn,240,3,5,72,32,15408,2784acd6-85b1-4411-a00a-094a5fc01930,928472400,,4242521,,
2026,NEP,0,2021,LVR,LB,15450,"McGrone, Cameron",,33565,2968541,,Michigan,236,59,5,73,33,15601,b498432e-01a4-49ef-8f4d-cda153c7cdd5,961650000,,4372085,,
2026,SFO,0,2021,DEN,S,15452,"Hufanga, Talanoa",,33568,2961530,,USC,200,9,5,72,36,15317,a1a2f797-77ac-4f13-8456-50a10a7fd61a,949381200,,4360853,,
2026,ATL,0,2021,NYJ,RB,15454,"Williams, Avery",,33571,2257948,,Boise State,195,18,5,69,39,15294,6b2ee61f-463f-478a-9bfa-e43c8e9b0c2e,900478800,,4048259,,
2026,LAC,0,2021,GBP,LB,15456,"Niemann, Nick",,33573,2251103,,Iowa,234,31,6,75,1,15603,30bfd566-e867-4ee7-bf19-d36794ed39f1,881038800,,4036141,,
2026,PHI,0,2021,FA,DT,15458,"Tuipulotu, Marlon",,33577,2807107,,USC,307,92,6,74,5,15329,ca5028b1-d96f-4444-9855-46e1661b9d62,928126800,,4243218,,
2026,HOU,0,2021,ARI,DT,15461,"Lopez, Roy",,33583,2239944,,Arizona,312,51,6,74,11,15610,23a30b80-1549-4ae8-afac-0fa99636c71e,870930000,,4040805,,
2026,NYG,0,2021,FA,RB,15462,"Brightwell, Gary",,33584,2870531,,Arizona,218,32,6,73,12,15343,94bde2c7-7229-4bf0-a545-5950cf3c7927,888642000,,4245645,,
2026,NYJ,0,2021,PIT,CB,15464,"Echols, Brandin",,33588,3123075,,Kentucky,179,26,6,70,16,15626,7c023589-734d-489f-ac09-577d48f772f3,876978000,,4567979,,
2026,ARI,0,2021,FA,DE,15468,"Dimukeje, Victor",,33598,2866795,,Duke,262,52,6,74,26,15625,0e6f6610-0276-4229-9cf1-66f0d011c1a9,942901200,,4240464,,
2026,BUF,0,2021,BUF,S,15469,"Hamlin, Damar",,33600,2250213,,Pittsburgh,200,3,6,72,28,15233,3a6b8eac-9a76-47e0-b791-b6ee245ae924,890715600,,4036060,,
2026,GBP,0,2021,GBP,LB,15473,"McDuffie, Isaiah",,33608,2864690,,Boston College,227,58,6,73,36,15255,92e24ebb-25e5-413a-95d4-26936bdb6a70,932533200,,4239947,,
2026,DAL,0,2021,FA,S,15476,"Mukuamu, Israel",,33615,2965233,,South Carolina,205,24,6,76,43,15216,7111b5cc-d74b-416b-9c93-c2fdf7ad193e,943765200,,4362855,,
2026,PHI,0,2021,LVR,DE,15481,"Johnson, Patrick",,33622,2866526,,Tulane,248,48,7,74,6,15639,1693934a-76eb-4cf9-a5cf-e0bb6df92ace,884408400,,4243916,,
2026,DEN,0,2021,DEN,DE,15484,"Cooper, Jonathon",,33627,2239779,,Ohio State,257,,7,76,11,15481,74ee9029-96c6-4a9b-bd20-1b2ba18c14b5,884235600,,4040608,,
2026,LAR,0,2021,PIT,WR,15491,"Skowronek, Ben",,33637,2247046,,Notre Dame,224,15,7,75,21,15467,5521ba64-e615-4d50-b9bf-490498571ac7,867387600,,4035656,,
2026,CHI,0,2021,KCC,DT,15492,"Tonga, Khyiris",,33851,2875231,,Brigham Young,335,92,7,74,22,15325,253afa4e-a404-41e5-82bc-4c41508498f5,836715600,,4256074,,
2026,TBB,0,2021,LAR,LB,15498,"Stuard, Grant",,33646,2829825,,Houston,225,44,7,71,31,15247,f9dbd390-b1c7-41a2-9e96-6f5de2848efc,908427600,,4240255,,
2026,FA,0,2020,ARI,PN,15499,"Gillikin, Blake",,33112,2251297,,Penn State,196,12,,74,,14868,53213f81-77ad-48d0-9d42-00e3633b0e90,885358800,,4045180,,
2026,FA,0,2021,NYG,S,15510,"Washington, Ar'Darius",,33788,2962092,,TCU,180,24,,68,,15415,76647249-62a0-4038-a597-8d0aad1ef3b5,941518800,,4362492,,
2026,FA,0,2021,WAS,DE,15515,"Snowden, Charles",,33914,2865034,,Virginia,250,49,,78,,15270,e5ea211c-bcd2-4a7b-b6ef-911e7e796266,890974800,,4240849,,
2026,FA,0,2021,DET,LB,15521,"Ogbongbemiga, Amen",,33680,2250395,,Oklahoma State,226,45,,73,,15378,c0ef478c-d387-40ac-b35d-4bc034f24a12,904885200,,4038432,,
2026,FA,0,2021,DEN,S,15527,"Key, Devon",,33883,2247985,,Western Kentucky,208,26,,72,,15713,83b719f1-e6ac-4611-8235-c2f6bd198fa3,878014800,,4037559,,
2026,FA,0,2020,FA,WR,15535,"Kinsey, Mason",,33351,3161133,,Berry,200,12,,71,,14858,4d14a6cd-273f-4cf4-aac0-7fe041b6c650,904366800,,4057082,,
2026,FA,0,2021,FA,LB,15538,"Rhattigan, Jon",,33862,2870652,,Army,236,49,,72,,15770,5e21c974-4168-4d6d-9b6c-97c16a96fb01,917931600,,4258485,,
2026,FA,0,2021,SFO,TE,15541,"Stoll, Jack",,33891,2239684,,Nebraska,247,88,,76,,15510,0560d134-d316-4cda-9d48-34d32267af68,885963600,,4034862,,
2026,FA,0,2020,NOS,DT,15559,"Williams, Jonah",,33263,3159118,,Weber State,275,54,,77,,14980,d92a275a-a102-4768-965b-60fffe155288,808635600,,4032481,,
2026,FA,0,2020,BUF,DE,15565,"Hoecht, Michael",,33252,3159110,,Brown,310,55,,76,,15087,073d1bf8-7a0e-4c2f-b890-dbbd47978737,876027600,,4033234,,
2026,FA,0,2020,CLE,DT,15585,"Williams, Chris",,33220,3159064,,Wagner,298,91,,74,,15025,a1be5d02-d5c4-42f6-8749-7ac2ff2a6f09,897973200,,4034530,,
2026,FA,0,2021,HOU,LB,15586,"Johnson, Caleb",,33907,2260791,,Houston Baptist,220,53,,74,,15724,8cbac569-6612-41fe-ae95-beb9e4771ed3,901602000,,4051069,,
2026,FA,0,2020,LVR,WR,15589,"White, Cody",,32948,2865884,,Michigan State,227,82,,75,,14495,d25a19a7-7de6-4476-b42a-833c8c3cb208,912229200,,4241983,,
2026,FA,0,2018,NYG,S,15595,"Campbell, Elijah",,31451,2925531,,Northern Iowa,200,28,,71,,13139,98166be9-2705-496d-ae1c-3bbcc2fe60bb,809240400,,3932901,,
2026,FA,0,2021,NEP,TE,15604,"Zylstra, Shane",,33803,2668830,,Minn State-Mankato,244,84,,76,,15701,0cafaac9-20fb-4e5a-9362-158d8a4e7904,848120400,,4608362,,
2026,FA,0,2021,CHI,CB,15614,"McCloud, Nick",,33818,2246945,,Notre Dame,191,24,,73,,15509,09dc5222-9669-4aba-9b67-dc87dfcf01fc,899960400,,4036169,,
2026,FA,0,2021,SFO,DT,15618,"Jones, Naquan",,33833,2253372,,Michigan State,313,96,,75,,15243,728571c3-6651-4534-ad27-d86d72dc7d16,886654800,,4046716,,
2026,FA,0,2019,LVR,TE,15620,"Myarick, Chris",,32442,3117054,,Temple,261,43,,77,,14282,002adaa8-5dc2-4b4b-95bc-53a38dce3849,812955600,,3138744,,
2026,FA,0,2021,DAL,LB,15622,"Robinson, Curtis",,33902,2251340,,Stanford,235,59,,75,,15338,4c1b3190-50e2-4918-8e3b-7bb012f8b304,896763600,,4044448,,
2026,FA,0,2021,DET,TE,15626,"Wright, Brock",,33774,2807423,,Notre Dame,254,89,,77,,15681,8f182089-7730-499e-8f2e-87bda32debfb,912142800,,4242392,,
2026,FA,0,2021,DEN,RB,15650,"Prentice, Adam",,33901,2188826,,South Carolina,245,46,,72,,15744,e5870f5e-f9b2-48a3-97ec-8d12fbc91f3f,853390800,,3929914,,
2026,FA,0,2020,SFO,PN,15668,"Waitman, Corliss",,32942,2141005,,South Alabama,210,7,,74,,15012,32b2d6f6-a636-4d73-927c-361c1aa809f5,806302800,,3125280,,
2026,FA,0,2021,DEN,WR,15671,"Bandy, Michael",,33928,2245832,,San Diego,190,83,,70,,15786,ec7af934-a7f3-40f5-9fc0-210022dd6180,881298000,,4034704,,
2026,FA,0,2021,MIA,S,15676,"Anderson, Zayne",,33877,2188199,,BYU,206,23,,74,,15711,6fd330e6-8cab-4351-b9e8-bc6ffb125b1c,852267600,,3932335,,
2026,FA,0,2021,NEP,LB,15681,"Elliss, Christian",,33778,2806830,,Idaho,231,53,,74,,15673,c3ef92f7-29f7-43db-bbef-4e9875d756e9,915253200,,4245273,,
2026,FA,0,2019,CLE,CB,15684,"Ross, D'Angelo",,32223,3116743,,New Mexico,190,37,,69,,14080,3f0926f7-103e-44d5-85f0-e53ec48fe452,846565200,,3139389,,
2026,PIT,0,2022,CAR,QB,15692,"Pickett, Kenny",,33975,2804969,,Pittsburgh,220,12,1,75,20,15841,ef7ae1f1-4ebe-4759-bbb3-32bd177ace08,897109200,,4240703,,
2026,WAS,0,2022,DAL,QB,15693,"Howell, Sam",,34100,3123797,,North Carolina,225,16,5,73,1,15825,7d85e9c2-f464-4654-9200-acfcffd7dfaf,969080400,,4426875,,
2026,TEN,0,2022,MIA,QB,15694,"Willis, Malik",,34042,2804167,,Liberty,225,2,3,73,22,15872,55aefcf9-4dfb-4994-883f-4d537a6f1ddb,927608400,,4242512,,
2026,NEP,0,2022,NYJ,QB,15696,"Zappe, Bailey",,34093,2866483,,Western Kentucky,215,14,4,73,32,15975,14926860-abef-45a9-b8f6-e66103ca6029,925102800,,4250360,,
2026,ATL,0,2022,FA,QB,15697,"Ridder, Desmond",,34030,2864759,,Cincinnati,215,4,3,76,10,15928,6bf35760-217c-401d-b80b-2ae7cc5d7564,936075600,,4239086,,
2026,SFO,0,2022,SFO,QB,15698,"Purdy, Brock",,34218,2961306,,Iowa State,220,13,7,73,41,15834,d5aef708-ad61-4ab8-a637-62ff96e92040,946270800,,4361741,,
2026,MIA,0,2022,BAL,QB,15699,"Thompson, Skylar",,34203,2239649,,Kansas State,219,17,7,74,26,15974,5ba2c367-a293-4d83-9268-a0e392ebca1a,865400400,,4036419,,
2026,PHI,0,2023,PHI,QB,15702,"McKee, Tanner",,40220,2963945,,Stanford,231,16,6,78,11,16686,93147c90-09c8-471d-a6b2-0b9d19739ba1,956811600,,,,
2026,NYJ,0,2022,NYJ,RB,15708,"Hall, Breece",,33991,3123469,,Iowa State,217,20,2,71,4,15810,db1053d7-3343-43a3-9aab-8353f10f1221,991285200,,4427366,,
2026,LAR,0,2022,LAR,RB,15710,"Williams, Kyren",,34120,3121836,,Notre Dame,202,23,5,69,21,15807,19d44771-8f1d-4127-9b7d-230da137f15d,967266000,,4430737,,
2026,SEA,0,2022,KCC,RB,15711,"Walker III, Kenneth",,33996,3121372,,Michigan State,211,9,2,69,9,15909,22ee9bac-a64c-4d44-94fc-51d775465b3b,972018000,,4567048,,
2026,ATL,0,2022,ARI,RB,15712,"Allgeier, Tyler",,34107,2975590,,BYU,225,22,5,70,8,15976,f4529909-1a02-4f4b-a1f3-315cad100683,955774800,,4373626,,
2026,CLE,0,2022,MIN,RB,15713,"Ford, Jerome",,34112,2966543,,Cincinnati,210,34,5,70,13,15989,cdc61676-6592-43f9-a4a6-d29ce52ac8f4,937112400,,4372019,,
2026,LVR,0,2022,NOS,RB,15714,"White, Zamir",,34078,2963641,,Georgia,227,3,4,71,17,15852,440d7750-672e-4293-8eb0-89b241a498eb,937630800,,4361777,,
2026,BUF,0,2022,BUF,RB,15715,"Cook, James",,34019,2975698,,Georgia,190,4,2,71,31,15876,ce5de0e5-9f76-42ee-b93a-3ef88af9b0a7,938235600,,4379399,,
2026,WAS,0,2022,ATL,RB,15716,"Robinson, Brian",,34054,2741207,,Alabama,225,15,3,73,34,15907,795f636e-6f7f-4bc7-a346-2862272abead,922078800,,4241474,,
2026,HOU,0,2022,PHI,RB,15717,"Pierce, Dameon",,34063,2964236,,Florida,215,31,4,70,2,15875,5d4ef6da-a6b5-4d9c-adc0-28dfdbe9315e,950936400,,4360238,,
2026,BAL,0,2022,DEN,RB,15718,"Badie, Tyler",,34152,2964494,,Missouri,197,28,6,68,17,15893,e62678b9-9816-420f-bf86-398e7fea7063,949899600,,4362748,,
2026,TEN,0,2022,NEP,RB,15720,"Haskins, Hassan",,34087,2968506,,Michigan,228,28,4,74,26,15992,f3a50b5d-0197-4ae8-b5a5-bb54484b8941,943592400,,4372071,,
2026,TBB,0,2022,WAS,RB,15721,"White, Rachaad",,34047,3169147,,Arizona State,214,1,3,72,27,15802,4d3f2f57-215c-4cb4-bf75-a7ecdcdded70,916117200,,4697815,,
2026,MIN,0,2022,NOS,RB,15723,"Chandler, Ty",,34125,2867472,,North Carolina,204,32,5,71,26,15979,a0833a94-60ce-4a3a-a32a-d067fe7b253d,894949200,,4242431,,
2026,FA,0,2022,LAR,RB,15726,"Rivers, Ronnie",,34310,2804793,,Fresno State,192,20,,69,,16108,246db560-cb4e-11ec-a667-6354702e3fca,917758800,,4243003,,
2026,FA,0,2022,ARI,RB,15727,"Knight, Bam",,34357,3121860,,North Carolina State,210,20,,71,,16105,53df5e30-d3bd-11ec-96a0-c3471a31202c,986965200,,4427728,,
2026,FA,0,2022,DAL,RB,15730,"Goodson, Tyler",,34261,3122473,,Iowa,197,31,,69,,15990,3fec8370-ca72-11ec-a83a-8732d3d5a7e3,973832400,,4429676,,
2026,NEP,0,2022,GBP,RB,15733,"Strong Jr., Pierre",,34083,2819247,,South Dakota State,215,20,4,71,22,16102,8a9a3c7f-57a1-4064-9bda-2c7fad7b5c01,913266000,,4249836,,
2026,ARI,0,2022,KCC,RB,15734,"Ingram, Keaontay",,34157,2962791,,USC,220,38,6,72,22,15847,9b212b70-ccc3-4c77-ba73-09afeb929225,940914000,,4362087,,
2026,FA,0,2022,DAL,RB,15738,"Davis, Malik",,34610,2773009,,Florida,202,20,,71,,15828,7caf1f90-d30d-11ec-8b77-45b1765fd110,912056400,,4240603,,
2026,FA,0,2022,PIT,RB,15742,"Warren, Jaylen",,34447,3126535,,Oklahoma State,215,30,,68,,15984,7e397190-ca24-11ec-9f1c-b7114d38a85b,909896400,,4569987,,
2026,FA,0,2022,SFO,RB,15743,"McCormick, Sincere",,34551,3121308,,UTSA,204,28,,68,,16107,2e808f70-d3a3-11ec-96a0-c3471a31202c,968562000,,4430104,,
2026,KCC,0,2022,DET,RB,15749,"Pacheco, Isiah",,34207,2966551,,Rutgers,216,10,7,70,30,16104,3a25c037-fa30-4740-b742-ec8e4f1a2a25,920350800,,4361529,,
2026,ATL,0,2022,ATL,WR,15751,"London, Drake",,33963,3127902,,USC,215,5,1,76,8,15868,5053f9ae-15d9-4730-833d-484886b6f890,995950800,,4426502,,
2026,TEN,0,2022,WAS,WR,15752,"Burks, Treylon",,33973,3122944,,Arkansas,225,13,1,74,18,15896,45763342-0208-46ab-a5d2-6c6e4ff66b66,953787600,,4567156,,
2026,NYJ,0,2022,NYJ,WR,15753,"Wilson, Garrett",,33965,3123864,,Ohio State,183,5,1,72,10,15829,68d72fe0-79b2-4fdb-afd5-6c79676e77f3,964242000,,4569618,,
2026,NOS,0,2022,NOS,WR,15754,"Olave, Chris",,33966,2963666,,Ohio State,187,12,1,72,11,15895,2375d572-a36c-4365-bb3f-87e156526e2f,962082000,,4361370,,
2026,WAS,0,2022,ATL,WR,15755,"Dotson, Jahan",,33971,2962944,,Penn State,184,4,1,71,16,15850,d4a7917d-f327-431b-9b87-83af341c3e21,953701200,,4361409,,
2026,DET,0,2022,DET,WR,15756,"Williams, Jameson",,33967,3125968,,Alabama,182,1,1,73,12,15849,590adb00-5598-47ad-b6d4-16a6c5519847,985582800,,4426388,,
2026,NYG,0,2022,TEN,WR,15757,"Robinson, Wan'Dale",,33998,3124107,,Kentucky,185,4,2,68,11,15838,582dfe0e-98f3-48a5-8a2d-a52baa926b05,978670800,,4569587,,
2026,CLE,0,2022,CLE,WR,15758,"Bell, David",,34055,3131708,,Purdue,212,18,3,73,35,15803,169faab3-b52b-40ab-93ea-a08139f3fadb,976770000,,4570409,,
2026,HOU,0,2022,CAR,WR,15759,"Metchie, John",,34063,3121171,,Alabama,195,13,2,72,12,16069,2995df34-ee81-4320-be1e-1c497b83c927,963896400,,4567096,,
2026,BUF,0,2022,BUF,WR,15761,"Shakir, Khalil",,34104,2969119,,Boise State,190,10,5,72,5,15892,0ce9ddce-bdf6-469c-8a32-9cf0ed3714a4,949554000,,4373678,,
2026,PIT,0,2022,DAL,WR,15762,"Pickens, George",,34007,3123212,,Georgia,200,3,2,75,20,15853,018e8f25-54e5-44f1-967a-7ff237f1c52f,983682000,,4426354,,
2026,FA,0,2022,FA,WR,15763,"Ross, Justyn",,34440,2965335,,Clemson,210,82,,76,,15910,cce91700-ce0c-11ec-8f7c-f5226825ea6a,945234000,,4360306,,
2026,FA,0,2022,NOS,WR,15765,"Austin, Kevin",,34242,2969073,,Notre Dame,200,81,,74,,16026,3173c5c0-cbb6-11ec-88c8-199e5defa0d2,954392400,,4372758,,
2026,KCC,0,2022,GBP,WR,15766,"Moore, Skyy",,34009,3126874,,Western Michigan,195,23,2,70,22,16005,1c8a4510-786c-4bc2-a9e9-e491b688206f,968562000,,4430191,,
2026,CHI,0,2022,SEA,RB,15767,"Jones, Velus",,34027,2242764,,Tennessee,200,33,3,72,7,15846,318b263d-8910-4e46-afe3-5860092ab260,863326800,,4035693,,
2026,IND,0,2022,IND,WR,15768,"Pierce, Alec",,34008,2965664,,Cincinnati,211,14,2,75,21,16022,a67ee8f8-e9de-4fb9-90b6-edca2f83f6d8,957243600,,4360078,,
2026,FA,0,2022,DET,WR,15771,"Martin, Tay",,34319,2865709,,Oklahoma State,185,17,,75,,15918,8d74f600-ca80-11ec-97ae-e1573849d1a6,882075600,,4245144,,
2026,FA,0,2022,PHI,WR,15772,"Covey, Britain",,34378,2185571,,Utah,173,10,,68,,16337,75774350-ce18-11ec-bebb-4fec1e38b0e5,858661200,,3926231,,
2026,PIT,0,2022,NYG,WR,15777,"Austin III, Calvin",,34094,2866214,,Memphis,162,19,4,69,33,15874,a95271f7-6dae-4b43-94fd-3ff04b15d4c4,922251600,,4243389,,
2026,GBP,0,2022,NEP,WR,15779,"Doubs, Romeo",,34088,2961886,,Nevada,204,87,4,74,27,16027,5f559fde-3a5f-4df6-99a2-cd1a4b103c68,955602000,,4361432,,
2026,SFO,0,2022,PHI,WR,15782,"Gray, Danny",,34061,3168336,,SMU,200,80,3,72,41,15804,7ec60efe-5dd3-43c3-b76f-f0d00589fdc3,922942800,,4689546,,
2026,SEA,0,2022,GBP,WR,15785,"Melton, Bo",,34185,2870475,,Rutgers,189,16,7,71,8,15935,36953df8-fbc3-4505-b5b3-dec8433620dc,927003600,,4259305,,
2026,MIN,0,2022,LVR,WR,15786,"Nailor, Jalen",,34147,2967232,,Michigan State,190,1,6,71,12,16025,3f9e3634-54d7-46a4-bf26-67274500c907,920350800,,4382466,,
2026,NEP,0,2022,KCC,WR,15787,"Thornton, Tyquan",,34005,2965066,,Baylor,185,2,2,74,18,15831,74cda487-2026-42e0-ae32-77f3502cfb11,965624400,,4362921,,
2026,DAL,0,2022,MIA,WR,15788,"Tolbert, Jalen",,34044,2868238,,South Alabama,195,1,3,73,24,16010,c6fb9f3a-f8ff-4224-a5f6-4d2d09501c9c,920091600,,4249417,,
2026,GBP,0,2022,GBP,WR,15789,"Watson, Christian",,33989,2869806,,North Dakota State,208,9,2,76,2,15946,47d97f44-b4aa-46d2-816c-5b5a1fe48d46,926485200,,4248528,,
2026,ARI,0,2022,ARI,TE,15794,"McBride, Trey",,34010,2963385,,Colorado State,246,85,2,76,23,15902,734d54cc-c869-4e2f-a60f-c59c493f5110,943246800,,4361307,,
2026,BAL,0,2022,LAC,TE,15795,"Kolar, Charlie",,34084,2866273,,Iowa State,265,88,4,78,23,15924,3c048ac9-2c0f-4bf0-9ddc-ce99c9387ac8,918622800,,4241263,,
2026,NYJ,0,2022,NYJ,TE,15796,"Ruckert, Jeremy",,34057,2965446,,Ohio State,250,89,3,77,37,15996,28f3732b-0910-4d09-9fd4-e43b821dc5bb,965970000,,4361372,,
2026,DEN,0,2022,MIA,TE,15797,"Dulcich, Greg",,34036,2964274,,UCLA,245,85,3,76,16,15891,b9e4a022-d15c-4cef-9879-170277f17207,954046800,,4367209,,
2026,BAL,0,2022,NYG,TE,15798,"Likely, Isaiah",,34095,2961906,,Coastal Carolina,245,9,4,76,34,16033,f9279edb-cfa7-4f7d-91df-b81cbf3e133e,956034000,,4361050,,
2026,DAL,0,2022,DAL,TE,15799,"Ferguson, Jake",,34085,2867159,,Wisconsin,244,87,4,77,24,15947,f46eab3d-d7dd-4420-b3f9-6da9ac1308ab,916635600,,4242355,,
2026,PIT,0,2022,LVR,RB,15800,"Heyward, Connor",,34163,2867599,,Michigan State,230,83,6,72,29,15916,62e96d7c-e4dd-4a90-8c3a-8017eb69120d,916981200,,4241961,,
2026,TBB,0,2022,TBB,TE,15802,"Otton, Cade",,34062,2815179,,Washington,247,88,4,77,1,16032,f23517bd-ae85-484a-8ecb-1f7a2d851e48,924152400,,4243331,,
2026,WAS,0,2022,MIA,TE,15803,"Turner, Cole",,34105,2961855,,Nevada,240,88,5,78,6,15923,fc78ba73-7ef3-4dda-9a06-b5101f7ff7b1,953182800,,4361438,,
2026,PHI,0,2022,PHI,TE,15804,"Calcaterra, Grant",,34154,2804129,,SMU,240,81,6,76,19,16039,f6988cfa-2dcf-490b-ac80-9af8e4292efa,912747600,,4241374,,
2026,DET,0,2022,DET,DE,15805,"Hutchinson, Aidan",,33957,2968514,,Michigan,268,97,1,79,2,15832,f2083e8e-df1e-4365-a5d1-235887841f42,965797200,,4372099,,
2026,NYG,0,2022,NYG,DE,15806,"Thibodeaux, Kayvon",,33960,3123381,,Oregon,258,5,1,77,5,15854,47b9a4ca-aad6-41a0-a1b1-d6b2091f0296,976856400,,4426326,,
2026,BAL,0,2022,NOS,DE,15807,"Ojabo, David",,34000,3122468,,Michigan,252,90,2,76,13,15927,6f19e499-48e5-495d-b889-523fbba45608,958539600,,4426507,,
2026,KCC,0,2022,KCC,DE,15808,"Karlaftis, George",,33985,3122891,,Purdue,263,56,1,76,30,15806,afb1f463-400e-4bdb-9028-717a563ba6f4,986274000,,4426659,,
2026,NYJ,0,2022,TEN,DE,15809,"Johnson, Jermaine",,33981,3123028,,Florida State,254,11,1,77,26,15805,ca361691-b2ce-410f-9d96-2d18b8b48b4b,915685200,,4567962,,
2026,SFO,0,2022,ATL,DE,15811,"Jackson, Drake",,34017,3124058,,USC,273,95,2,76,29,15820,a134b125-37fb-4192-9ee2-f8a6f4da48bb,987051600,,4569511,,
2026,TBB,0,2022,HOU,DT,15812,"Hall, Logan",,33988,2966164,,Houston,283,96,2,78,1,16119,ec558188-4bc5-4e5a-9035-dca1b46a49d4,956379600,,4360189,,
2026,GBP,0,2022,NYJ,DE,15813,"Enagbare, Kingsley",,34135,2962236,,South Carolina,258,52,5,76,36,15879,6a4c3e31-0fcc-47c6-9022-bdc26b083009,948171600,,4362840,,
2026,ARI,0,2022,ATL,DE,15814,"Thomas, Cameron",,34043,2965386,,San Diego State,265,99,3,76,23,15873,5e7e828d-d375-4608-bf63-3726c492fc44,947221200,,4361510,,
2026,JAC,0,2022,JAC,DE,15815,"Walker, Travon",,33956,3123606,,Georgia,272,44,1,77,1,16066,23664980-63a6-4a63-b662-807fcd886f6f,977115600,,4426349,,
2026,PHI,0,2022,PHI,DT,15817,"Davis, Jordan",,33968,2654013,,Georgia,336,90,1,78,13,15930,6528c7dc-2a02-4577-9246-b590be05eeeb,947653200,,4381558,,
2026,PIT,0,2022,FA,DE,15818,"Leal, DeMarvin",,34040,3121506,,Texas A&M,290,98,3,76,20,15929,e3914d23-2eef-4e76-b27a-1a5919bd69bd,962427600,,4426359,,
2026,GBP,0,2022,GBP,DT,15819,"Wyatt, Devonte",,33983,2961867,,Georgia,304,95,1,75,28,16068,5250f409-d4d7-48ac-adf4-35c3561ffad1,891320400,,4361791,,
2026,WAS,0,2022,FA,DT,15820,"Mathis, Phidarian",,34002,2864785,,Alabama,312,98,2,76,15,16133,a1aa3c7c-7043-41a3-a522-a34a8ae3f085,893566800,,4241468,,
2026,PHI,0,2022,LVR,LB,15821,"Dean, Nakobe",,34039,3123073,,Georgia,231,17,3,71,19,15931,119e79fa-0453-4253-9b3d-9a8ef03a48ec,976683600,,4426340,,
2026,JAC,0,2022,CAR,LB,15822,"Lloyd, Devin",,33982,2827535,,Utah,235,55,1,75,27,16006,95490459-68e2-4c72-bb60-eae1aab0ecb3,907131600,,4243256,,
2026,HOU,0,2022,ATL,LB,15823,"Harris, Christian",,34031,3121026,,Alabama,232,45,3,74,11,16130,54bd7952-4bec-4b5a-beb0-d65421408293,979621200,,4567099,,
2026,MIA,0,2022,FA,LB,15824,"Tindall, Channing",,34058,2975639,,Georgia,236,41,3,74,38,15883,ba1414b9-f50f-4dac-b721-010a28f7c1a2,954219600,,4379414,,
2026,DAL,0,2022,DET,LB,15826,"Clark, Damone",,34132,2962529,,LSU,240,18,5,75,33,16017,9976d1c8-b52f-4eba-8f95-7ee288c7b730,962168400,,4362636,,
2026,MIN,0,2022,ATL,LB,15829,"Asamoah, Brian",,34022,2964370,,Oklahoma,226,53,3,72,2,15993,b6a3e040-ad0b-4242-82a4-871ba158644b,954306000,,4360255,,
2026,JAC,0,2022,FA,LB,15830,"Muma, Chad",,34026,2966326,,Wyoming,239,48,3,75,6,15903,9cf316c7-3850-4dc6-b094-2ed11737ebdb,934952400,,4361707,,
2026,KCC,0,2022,WAS,LB,15831,"Chenal, Leo",,34059,3121725,,Wisconsin,250,54,3,75,39,15913,c7929fb3-5437-42cc-a3c2-10b73ebb1fa0,972536400,,4426901,,
2026,HOU,0,2022,HOU,CB,15832,"Stingley Jr., Derek",,33958,3120988,,LSU,195,24,1,73,3,15899,825de16d-4843-4c6d-80c2-da7c3191c542,993013200,,4426434,,
2026,NYJ,0,2022,IND,CB,15833,"Gardner, Sauce",,33959,3120997,,Cincinnati,190,1,1,75,4,15926,9c32f8cb-807a-4864-bc0b-b846d279606d,967698000,,4427250,,
2026,BAL,0,2022,BAL,S,15834,"Hamilton, Kyle",,33969,3136877,,Notre Dame,218,14,1,76,14,15808,c4172123-905a-4f80-8418-1469b9b10a4f,984718800,,4575517,,
2026,CHI,0,2022,PIT,S,15835,"Brisker, Jaquan",,34003,3125469,,Penn State,204,3,2,73,16,15958,965096f8-96e9-4998-9681-133174582621,924584400,,4570044,,
2026,CIN,0,2022,CIN,CB,15836,"Hill, Daxton",,33986,3133282,,Michigan,195,23,1,72,31,15941,46b69ef9-920c-4645-abf7-139738e3fd9c,970203600,,4426422,,
2026,IND,0,2022,WAS,S,15839,"Cross, Nick",,34052,3122466,,Maryland,212,25,3,72,32,16139,2804d41d-19c7-41ff-a1ea-a208fc0fad35,1000098000,,4426403,,
2026,IND,0,2022,NYJ,TE,15840,"Woods, Jelani",,34029,2787078,,Virginia,253,86,3,79,9,15821,321af8f8-b4de-4ed2-a86f-7f97a85a13d4,907909200,,4241410,,
2026,GBP,0,2022,FA,WR,15841,"Toure, Samori",,34214,2245831,,Nebraska,196,83,7,73,37,15917,02c808d8-6074-43db-b0d9-f69fab78f6d9,890715600,,4027873,,
2026,KCC,0,2022,LAR,CB,15845,"McDuffie, Trent",,33976,3121359,,Washington,193,22,1,71,21,16003,358bda61-ccb6-443a-a51c-3b14b3cadf22,968821200,,4426405,,
2026,GBP,0,2022,LVR,LB,15846,"Walker, Quay",,33977,2975752,,Georgia,241,7,1,76,22,16131,f05149f9-c13f-4af8-858f-ad1e380961cd,957762000,,4379416,,
2026,BUF,0,2022,LAC,CB,15847,"Elam, Kaiir",,33978,3125782,,Florida,191,20,1,73,23,15835,17820ab6-c787-4c44-942e-6952c7a3ca4a,989038800,,4567399,,
2026,TEN,0,2022,DET,CB,15849,"McCreary, Roger",,33990,2967442,,Auburn,190,21,2,71,3,15880,3ce6c2b1-9b17-4ff2-9787-a248119bc1e0,950158800,,4371973,,
2026,HOU,0,2022,HOU,S,15850,"Pitre, Jalen",,33992,2807111,,Baylor,200,5,2,72,5,16073,7ec32a97-e677-487c-a000-74a26de95931,928386000,,4241223,,
2026,ATL,0,2022,PHI,DE,15851,"Ebiketie, Arnold",,33993,2869274,,Penn State,250,17,2,74,6,15951,e8eb7f50-9331-49d8-a992-4d2804caf4fd,917067600,,4257591,,
2026,CHI,0,2022,CHI,CB,15852,"Gordon, Kyler",,33994,2962842,,Washington,200,6,2,71,7,16150,85ce588a-b747-4307-84ee-f987f3abf456,945406800,,4361093,,
2026,SEA,0,2022,CIN,DE,15853,"Mafe, Boye",,33995,2804399,,Minnesota,261,53,2,76,8,16007,6f62968f-4241-439f-b5c6-6723920ca5b2,912402000,,4240754,,
2026,DET,0,2022,DET,DE,15855,"Paschal, Josh",,34001,2875360,,Kentucky,275,93,2,75,14,16093,6aa78083-655c-4855-b22b-b4e4f77b5dab,945406800,,4259994,,
2026,NOS,0,2022,TEN,CB,15856,"Taylor, Alontae",,34004,2961593,,Tennessee,199,24,2,72,17,16061,faea26ab-f1a4-4463-adf8-1399aeb1c6b8,912661200,,4369835,,
2026,DAL,0,2022,CLE,DE,15857,"Williams, Sam",,34011,2240617,,Mississippi,261,54,2,76,24,16091,49ee26a1-4c2a-4980-ad86-b9553ef220bd,922856400,,4567242,,
2026,ATL,0,2022,FA,LB,15858,"Andersen, Troy",,34015,2836345,,Montana State,245,44,2,76,26,15911,60ef79af-d62b-4e4b-a1f9-1b0a0dfe0cad,924843600,,4247807,,
2026,CIN,0,2022,IND,CB,15859,"Taylor-Britt, Cam",,34016,2963443,,Nebraska,200,29,2,71,28,16147,91239ce4-36fc-4d69-9b9d-3ceec94caaa9,939963600,,4361196,,
2026,KCC,0,2022,CIN,S,15860,"Cook, Bryan",,34018,2869797,,Cincinnati,206,6,2,73,30,16184,21a56bce-7c06-44d7-b641-99f499111739,936680400,,4247726,,
2026,DEN,0,2022,DEN,DE,15861,"Bonitto, Nik",,34020,2962030,,Oklahoma,240,15,2,75,32,16090,784f8433-0379-46bc-b9ed-6c5a1783513d,938322000,,4360259,,
2026,CLE,0,2022,NOS,CB,15862,"Emerson, Martin",,34024,3126390,,Mississippi State,201,22,3,74,4,16137,a1173ed5-eca1-4c81-beaf-3460d22f6cf1,970030800,,4429568,,
2026,BAL,0,2022,BAL,DT,15863,"Jones, Travis",,34032,2961384,,Connecticut,341,98,3,76,12,16123,5ef5ab81-46ed-4092-9434-b7011f772bc4,939963600,,4362139,,
2026,CLE,0,2022,CLE,DE,15864,"Wright, Alex",,34034,3123198,,UAB,267,91,3,77,14,16190,1e3d482b-e619-4245-bc4e-b347b47dfeba,968130000,,4570119,,
2026,NYG,0,2022,TEN,CB,15866,"Flott, Cordale",,34037,3122870,,LSU,175,18,3,74,17,16158,3adb2e85-ff63-4644-8ca9-a10651e53c04,998629200,,4429607,,
2026,ATL,0,2022,ATL,DE,15867,"Malone, DeAngelo",,34038,2838553,,Western Kentucky,235,51,3,75,18,16094,18f1a22d-08c6-441e-8a7b-e8d02a047b81,931755600,,4243457,,
2026,NEP,0,2022,NEP,CB,15868,"Jones, Marcus",,34041,2866110,,Houston,188,25,3,68,21,15983,aec385c3-426d-41ff-927e-450ef2b23f04,909032400,,4241720,,
2026,BUF,0,2022,BUF,LB,15869,"Bernard, Terrel",,34045,2868616,,Baylor,224,8,3,73,25,16187,5978e634-af6b-4317-bcc3-1ad024421d13,926053200,,4259166,,
2026,CIN,0,2022,ARI,DT,15870,"Carter, Zachary",,34051,2773007,,Florida,301,93,3,76,31,16198,78c3e7d0-594e-4bf0-8c17-d6cc2d3e0bf2,923461200,,4240619,,
2026,DET,0,2022,DET,S,15871,"Joseph, Kerby",,34053,2961816,,Illinois,200,31,3,72,33,16071,2e49dfd3-44e3-4554-a81c-de2f53460cc7,974178000,,4360383,,
2026,SEA,0,2022,CHI,S,15872,"Bryant, Coby",,34065,2866970,,Cincinnati,193,8,4,73,4,16070,e3de03f1-d749-4232-bf98-5ab9ba36df65,922683600,,4239094,,
2026,NYG,0,2022,TEN,TE,15873,"Bellinger, Daniel",,34068,2963615,,San Diego State,255,82,4,78,7,16036,42a1c03e-790e-46ba-b0d5-d304e44c02c7,969598800,,4361516,,
2026,WAS,0,2022,WAS,S,15874,"Butler, Percy",,34069,2963477,,Louisiana-Lafayette,190,35,4,72,8,16140,5f70ae1d-2014-4f95-b0f5-26c9d4920ccc,959576400,,4363097,,
2026,NYG,0,2022,NYJ,S,15875,"Belton, Dane",,34070,3122824,,Iowa,190,6,4,73,9,16019,08696187-da1c-41d4-b156-9a9f844e4167,976165200,,4426686,,
2026,DEN,0,2022,DEN,DT,15877,"Uwazurike, Eyioma",,34072,2803320,,Iowa State,320,96,4,78,11,16220,77af642a-82f9-439c-8413-9221df3ccba6,894430800,,4066109,,
2026,NYJ,0,2022,IND,DE,15878,"Clemons, Micheal",,34073,2864815,,Texas A&M,263,72,4,77,12,16194,5c1f81ec-ddb5-4a75-9451-a2933ed5055d,872139600,,4240896,,
2026,BAL,0,2022,TEN,CB,15879,"Armour-Davis, Jalyn",,34075,2963228,,Alabama,200,5,4,73,14,16132,9a7ecca5-faf4-468f-93e6-e0357c5854cb,936334800,,4372017,,
2026,MIN,0,2022,CAR,CB,15880,"Evans, Akayleb",,34074,2829833,,Missouri,198,29,4,74,13,16155,a320f05a-2635-4170-95e8-1f91cde6e875,930027600,,4244607,,
2026,NEP,0,2022,SFO,CB,15881,"Jones, Jack",,34077,2242763,,Arizona State,175,25,4,71,16,15809,c816f5e3-7abe-4fc5-b6e0-4151017210b0,882594000,,4035686,,
2026,CLE,0,2022,FA,PK,15882,"York, Cade",,34080,3121034,,LSU,198,3,4,73,19,16227,ddb98961-3c13-4f6b-9e9f-3bea91a080e8,980571600,,4428963,,
2026,BAL,0,2022,NYG,PN,15884,"Stout, Jordan",,34086,2869949,,Penn State,209,15,4,75,25,15826,6b2416e4-510b-4ecb-b1eb-0037863fc315,902206800,,4260224,,
2026,KCC,0,2022,TEN,CB,15885,"Williams, Joshua",,34091,2701697,,Fayetteville State Univer,193,2,4,75,30,16075,be77723f-3d5a-47aa-9949-433993879a6f,940136400,,4917635,,
2026,LAR,0,2022,DAL,CB,15888,"Durant, Decobie",,34098,2966583,,South Carolina State,182,2,4,71,37,16157,26ec1dc1-dece-43bd-b588-db61f046b88c,887000400,,4384549,,
2026,TEN,0,2022,WAS,TE,15889,"Okonkwo, Chigoziem",,34099,2965208,,Maryland,238,85,4,75,38,16042,14e11f9b-58c8-437f-abc0-a4e4df9a7c47,936766800,,4360635,,
2026,NYG,0,2022,NYG,LB,15890,"McFadden, Micah",,34102,2963152,,Indiana,232,41,5,74,3,16186,7642bafd-0974-46f5-9516-fe0c46fedb97,946875600,,4371961,,
2026,NYG,0,2022,FA,DT,15891,"Davidson, D.J.",,34103,2760837,,Arizona State,320,98,5,77,4,15937,f2829cb9-5719-447c-848a-db04af5cee02,874645200,,4242899,,
2026,HOU,0,2022,LVR,DT,15892,"Booker, Thomas",,34106,2965893,,Stanford,301,99,5,75,7,16124,5605cc4e-a0ed-4525-9dc1-5d439544793a,942296400,,4360749,,
2026,DEN,0,2022,DEN,S,15893,"Turner-Yell, Delarrin",,34108,2962858,,Oklahoma,200,32,5,71,9,16144,f0677d8a-b387-42c7-b76c-a2b522e8c787,945320400,,4360287,,
2026,SEA,0,2022,PHI,CB,15894,"Woolen, Tariq",,34109,2864940,,UTSA,210,2,5,76,10,15906,d31bfd09-b348-4b2b-ae39-7307f2c12ef8,925621200,,4245185,,
2026,TBB,0,2022,TBB,CB,15895,"McCollum, Zyon",,34113,2867264,,Sam Houston State,199,27,5,74,14,15943,76d1f310-5877-42d1-99b2-b9ab4b8d826b,925707600,,4250392,,
2026,IND,0,2022,GBP,DT,15897,"Johnson, Eric",,34115,2262566,,Missouri State,320,98,5,76,16,16182,9282c55b-7075-4ad1-b6a6-50b45f787382,900565200,,4050971,,
2026,LAC,0,2022,DAL,DT,15898,"Ogbonnia, Otito",,34116,2962768,,UCLA,320,91,5,76,17,16191,a99f605d-e128-4d9f-96b7-1e7c6d222303,967179600,,4367210,,
2026,NOS,0,2022,CHI,LB,15899,"Jackson, D'Marco",,34117,2780934,,Appalachian State,233,48,5,73,18,16215,64326335-69b6-4dff-9e02-42b8e2a5bd8d,900910800,,4241007,,
2026,MIN,0,2022,PIT,DT,15902,"Otomewo, Esezi",,34121,2804402,,Minnesota,282,72,5,77,22,16201,e1e303e9-062e-429c-a52b-23f88d9dc725,920955600,,4240759,,
2026,CIN,0,2022,DEN,S,15903,"Anderson, Tycen",,34122,2869389,,Toledo,205,6,5,74,23,16141,662f5408-2213-40d8-92d7-0b8eede2d35f,929250000,,4257240,,
2026,DAL,0,2022,DAL,CB,15904,"Bland, DaRon",,34123,2830003,,Fresno State,197,26,5,72,24,16273,5c2a334e-5fe6-4434-ac23-6b252356c48b,931755600,,4248911,,
2026,HOU,0,2022,ARI,TE,15905,"Quitoriano, Teagan",,34126,2965963,,Oregon State,259,85,5,78,27,16034,06cb6aff-c81e-4553-95ba-467187f408d4,953096400,,4374045,,
2026,SFO,0,2022,NYJ,CB,15906,"Womack, Samuel",,34128,2890635,,Toledo,189,33,5,70,29,16274,75c1ed8d-4f05-43c1-b398-f212984b6b8b,931323600,,4280416,,
2026,CHI,0,2022,HOU,DE,15907,"Robinson, Dominique",,34130,2816310,,Miami (OH),275,94,5,77,31,16092,0642a1f6-70cc-4540-8fb4-d45d85513b33,899355600,,4244300,,
2026,LVR,0,2022,FA,DT,15908,"Butler, Matthew",,34131,2867407,,Tennessee,305,91,5,75,32,16125,c63b9843-a11b-4b5f-8d7e-5a67bf55aa5c,928990800,,4242457,,
2026,DET,0,2022,CAR,TE,15909,"Mitchell, James",,34133,2963242,,Virginia Tech,249,85,5,76,34,16035,f461da0c-f764-414c-9e0d-2f02e22a68d8,934347600,,4361988,,
2026,DAL,0,2022,NOS,DT,15910,"Ridgeway, John",,34134,2864961,,Arkansas,321,95,5,77,35,16128,e79ac942-5ee3-467e-bb5a-534726a2bdaa,926053200,,4248047,,
2026,BUF,0,2022,KCC,PN,15911,"Araiza, Matt",,34136,2964214,,San Diego State,200,14,6,73,1,16149,55c491d6-7721-45b4-968c-284448bf8c12,958453200,,4361496,,
2026,BUF,0,2022,BUF,CB,15913,"Benford, Christian",,34141,2968147,,Villanova,205,47,6,73,6,16275,7c1aa6c9-6548-4192-b8aa-3749cab84b84,969512400,,4379778,,
2026,DET,0,2022,DET,LB,15914,"Rodriguez, Malcolm",,34144,2865270,,Oklahoma State,230,44,6,71,9,16052,654b6b85-44e3-4a6e-a7ff-ebcdaa49fe51,922683600,,4241411,,
2026,IND,0,2022,IND,TE,15916,"Ogletree, Drew",,34148,2672594,,Youngstown State,260,85,6,77,13,16277,59f460a8-b5af-40e6-840c-429762b278b3,901602000,,4722908,,
2026,NOS,0,2022,DEN,DT,15918,"Jackson, Jordan",,34150,2876838,,Air Force,294,94,6,76,15,15905,bf53f47f-0ee5-4391-9087-bfcae6014bde,886136400,,4261090,,
2026,NEP,0,2022,FA,DT,15920,"Roberts, Sam",,34156,2886015,,Northwest Missouri State,295,74,6,77,21,16278,231a38f6-18a4-4875-9b86-bdb26d2d26c4,892530000,,4077786,,
2026,TEN,0,2022,MIN,S,15921,"Jackson, Theo",,34164,2865629,,Tennessee,198,26,6,73,25,16279,8dd6946e-a36c-4b5e-9182-2fb1726ab554,907304400,,4242436,,
2026,LAR,0,2022,LAR,S,15923,"Lake, Quentin",,34167,2874690,,UCLA,196,37,6,73,32,16146,c2c112f0-13bd-44a8-a447-f3429c4f3e65,917586000,,4249128,,
2026,LAR,0,2022,DAL,CB,15924,"Kendrick, Derion",,34168,2963289,,Georgia,199,1,6,72,33,16153,874ab5e6-c943-4620-8c73-b11e6592bc69,967093200,,4360307,,
2026,ATL,0,2022,CLE,TE,15925,"FitzPatrick, John",,34169,2975736,,Georgia,262,86,6,79,34,16170,b221f4da-3c7c-4f51-b3f0-d2c68d5d9369,952578000,,4379401,,
2026,LAC,0,2022,CIN,CB,15926,"Taylor, Ja'Sir",,34170,2806065,,Wake Forest,185,36,6,70,35,16181,e446d2e4-2ef3-42f9-88a8-ac17dd745c2d,915771600,,4240434,,
2026,DET,0,2022,DAL,DE,15928,"Houston, James",,34173,2767485,,Jackson State,241,41,6,73,38,16281,6f9be289-1bfa-46b8-b246-57adb586c641,911192400,,4240608,,
2026,TBB,0,2022,TBB,TE,15929,"Kieft, Ko",,34174,2239763,,Minnesota,265,41,6,77,39,16282,f96b8338-4ffb-4612-8c29-58dc3b12db69,885272400,,4034779,,
2026,TEN,0,2022,PHI,LB,15930,"Campbell, Chance",,34175,2961147,,Ole Miss,232,59,6,74,40,16260,abcd55e3-48da-4d45-8252-2131153e2906,939358800,,4372051,,
2026,SFO,0,2022,CLE,DT,15931,"Davis, Kalia",,34176,2804814,,UCF,310,93,6,74,41,16185,d6b2b573-e7da-42ad-950a-cb0f21710e0d,907304400,,4243541,,
2026,JAC,0,2022,JAC,CB,15933,"Brown, Montaric",,34178,2866124,,Arkansas,190,1,7,72,1,16154,ce4e14db-c509-4a67-9898-ecf64b5ef795,935470800,,4242149,,
2026,MIA,0,2022,FA,DE,15935,"Goode, Cameron",,34180,2250821,,California,245,53,7,75,3,16283,505c57f9-9912-467f-8572-4266536ef680,892616400,,4035857,,
2026,PIT,0,2022,CLE,LB,15936,"Robinson, Mark",,34181,2836467,,Ole Miss,235,93,7,71,4,16284,2f31b19a-2e9c-4bb8-ae27-4cf0e61fbec5,934606800,,4249342,,
2026,MIN,0,2022,ATL,TE,15937,"Muse, Nick",,34183,2818056,,South Carolina,252,87,7,77,6,16286,6b5dd4bc-9959-4e0f-94f6-74e2577a022a,911970000,,4249624,,
2026,BUF,0,2022,FA,LB,15939,"Spector, Baylon",,34187,2747818,,Clemson,233,54,7,72,10,15954,bde43579-bb08-4711-8f59-3a7d52e525fd,908859600,,4239997,,
2026,SEA,0,2022,LVR,WR,15941,"Young, Dareke",,34189,2701706,,Lenoir-Rhyne,224,83,7,74,12,15922,2da144c9-7845-4199-bcc1-48405c14d436,928472400,,4401805,,
2026,GBP,0,2022,GBP,DT,15942,"Ford, Jonathan",,34190,2875744,,Miami (FL),346,64,7,77,13,15824,fcb29e07-4978-4271-8ce0-53f4fcbd9517,907045200,,4259762,,
2026,LAR,0,2022,CHI,DE,15943,"Hardy, Daniel",,34191,2962984,,Montana State,255,92,7,74,14,16287,a4ff5690-ba65-4edf-b97b-b001667e1bc5,913698000,,4365629,,
2026,LAC,0,2022,LAC,CB,15944,"Leonard, Deane",,34192,3171927,,Ole Miss,195,33,7,72,15,16288,8df3606f-0c82-41e1-818f-1761b7bee65a,943074000,,4690171,,
2026,DET,0,2022,FA,CB,15945,"Lucas, Chase",,34193,2221809,,Arizona State,184,26,7,71,16,15939,5dda70c3-9fba-4e08-b855-b7c175d9d281,857451600,,4047846,,
2026,IND,0,2022,SEA,S,15946,"Thomas II, Rodney",,34195,2867042,,Yale,196,24,7,73,18,16290,f3bceab4-444c-44aa-ba89-3df6bbc78eba,898837200,,4248455,,
2026,PIT,0,2022,FA,QB,15948,"Oladokun, Chris",,34197,2261701,,South Dakota State,213,19,7,73,20,16291,7078cdfc-032b-4f85-8b4b-720f926ba1cb,873262800,,4044111,,
2026,KCC,0,2022,LAR,CB,15950,"Watson, Jaylen",,34199,3176898,,Washington State,197,35,7,74,22,16074,938beb66-29b3-4bf5-ac8e-1b36d21fdcde,906008400,,4697639,,
2026,LVR,0,2022,CHI,RB,15953,"Brown, Brittain",,34206,2249805,,UCLA,205,38,7,73,29,16294,387c8819-5892-4528-ac33-0ec72b24cc2f,876459600,,4036032,,
2026,CHI,0,2022,CHI,S,15956,"Hicks, Elijah",,34210,2770161,,California,204,22,7,71,33,16296,85ad179c-3812-4070-a6eb-28f33b9b2d0d,940050000,,4242402,,
2026,KCC,0,2022,TEN,CB,15959,"Johnson, Nazeeh",,34215,2263020,,Marshall,199,13,7,70,38,16297,f30d7fdd-9d14-4cee-aae7-6ad6ee02935b,900651600,,4043625,,
2026,FA,0,2022,TEN,RB,15965,"Chestnut, Julius",,34451,2967664,,Sacred Heart University,228,36,,71,,15921,873860f0-cca2-11ec-9e80-cff885fdbae7,972536400,,4367567,,
2026,FA,0,2022,DEN,TE,15970,"Krull, Lucas",,34654,2961761,,Pittsburgh,260,85,,78,,16259,767b4820-cc9f-11ec-952e-a10f2c98fc4d,900133200,,4360231,,
2026,FA,0,2022,MIN,RB,15972,"Mason, Jordan",,34320,2967536,,Georgia Tech,223,27,,71,,16163,af9f7390-ca80-11ec-97ae-e1573849d1a6,927522000,,4360569,,
2026,FA,0,2022,FA,RB,15973,"Blackshear, Raheem",,34617,2870476,,Virginia Tech,190,3,,69,,16355,f64a23e0-d457-11ec-9026-65785f74dc2a,897022800,,4259308,,
2026,FA,0,2022,CHI,LB,15975,"Sanborn, Jack",,34370,2961892,,Wisconsin,234,57,,74,,15914,506e9f50-ce08-11ec-9598-03840dd5f387,964846800,,4372576,,
2026,FA,0,2022,LVR,WR,15977,"Thompkins, Deven",,34520,2969006,,Utah State,155,13,,68,,16333,4c6f79d0-d3dd-11ec-8afa-57d9afd0ecba,945925200,,4374187,,
2026,FA,0,2022,LAC,PK,15979,"Dicker, Cameron",,34344,2961997,,Texas,216,11,,73,,16226,ac5dd0b0-d060-11ec-b677-29e0f2526162,957589200,,,,
2026,FA,0,2022,DAL,WR,15981,"Turpin, KaVontae",,34709,2180870,,TCU,153,9,,69,,13894,2dfd63d0-0e8a-11ed-a8f4-191ad3c6932a,838962000,,3676833,,
2026,FA,0,2022,DAL,S,15985,"Bell, Markquese",,34624,2804276,,Florida A&M,205,14,,75,,16142,546a44e0-d314-11ec-8b77-45b1765fd110,915598800,,4241921,,
2026,FA,0,2022,SEA,CB,15989,"Jobe, Josh",,34383,2963651,,Alabama,190,29,,71,,16152,56d7af50-ce1a-11ec-bebb-4fec1e38b0e5,892098000,,4372020,,
2026,FA,0,2022,NEP,TE,15991,"Conner, Tanner",,34513,2260697,,Idaho State,237,80,,75,,16338,4f2ecf70-d3b2-11ec-96a0-c3471a31202c,890370000,,4047422,,
2026,FA,0,2021,FA,WR,15995,"Turner, DJ",,33813,2251084,,Pittsburgh,205,19,,69,,15533,1624b5cf-0032-4093-af56-e4dea4f64149,853563600,,4036211,,
2026,FA,0,2022,FA,DT,15998,"Ray, LaBryan",,34427,2866691,,Alabama,290,93,,76,,16219,b3407bc0-cfe9-11ec-8762-8dfa2bbad12c,881298000,,4241473,,
2026,FA,0,2021,JAC,WR,16005,"Jones, Tim",,33649,2839207,,Southern Miss,200,14,,73,,15464,b4dadef6-a938-4b34-b83c-b64d4a297e02,895208400,,4245131,,
2026,FA,0,2022,ARI,LB,16009,"Gibbens, Jack",,34454,2864898,,Minnesota,242,50,,75,,16576,aa030100-cca0-11ec-80d0-652593cc1bb6,911883600,,4249739,,
2026,FA,0,2022,NOS,PN,16010,"Wright, Ryan",,34240,2965130,,Tulane,245,17,,75,,16306,4800e2e0-c95a-11ec-b1d2-d334745b4f4f,959835600,,4361823,,
2026,FA,0,2022,FA,PN,16011,"Stonehouse, Ryan",,34471,2803759,,Colorado State,200,49,,70,,16582,e0c8b6a0-c95b-11ec-b1d2-d334745b4f4f,926398800,,4256051,,
2026,FA,0,2021,BUF,CB,16012,"Alford, Dee",,33945,28866835,,Tusculum,180,23,,71,,15839,8584c710-7259-11ec-80bb-7f28873a7ba2,878706000,,4401823,,
2026,FA,0,2022,LAR,LB,16013,"Landman, Nate",,34291,2867156,,Colorado,235,53,,75,,15904,7fe2ddd0-cc7f-11ec-8d55-87af3a9174bd,911451600,,4243181,,
2026,FA,0,2022,TEN,S,16014,"Adams, Tony",,34355,2864742,,Illinois,203,38,,71,,16431,8774aba0-d3be-11ec-96a0-c3471a31202c,917154000,,4240532,,
2026,FA,0,2022,KCC,CB,16016,"Kohou, Kader",,34529,2886768,,Texas A&M Commerce,197,4,,70,,16330,97debc10-d3b9-11ec-96a0-c3471a31202c,912229200,,4291489,,
2026,FA,0,2022,HOU,LB,16017,"Hummel, Jake",,34342,2867066,,Iowa State,235,33,,73,,16270,0c7ceb00-d207-11ec-ab20-b37737d70cc4,915426000,,4241250,,
2026,FA,0,2022,HOU,S,16018,"Blankenship, Reed",,34376,2805656,,Middle Tennessee,203,6,,73,,15919,f67efd90-ce17-11ec-bebb-4fec1e38b0e5,920350800,,4243956,,
2026,FA,0,2022,HOU,LB,16019,"Hansen, Jake",,34598,2247011,,Illinois,230,35,,73,,15314,4d83cae0-c967-11ec-89b7-476565ea032f,898232400,,4033812,,
2026,FA,0,2022,SEA,S,16023,"Bell, D'Anthony",,34475,2886667,,West Florida,211,23,,73,,16523,8b181df0-d30a-11ec-8b77-45b1765fd110,845528400,,4608386,,
2026,FA,0,2022,FA,CB,16026,"Jones, Jaylon",,34367,2260180,,Ole Miss,190,37,,71,,16423,d2e097f0-ce07-11ec-9598-03840dd5f387,876805200,,4047655,,
2026,FA,0,2022,FA,CB,16029,"Avery, Tre",,34449,2805645,,Rutgers,185,26,,71,,16575,bb6a7db0-133b-11ed-9919-531ded80fd4f,856933200,,4259300,,
2026,FA,0,2022,FA,DE,16030,"Fox, Tomon",,34669,2239557,,North Carolina,245,45,,74,,16562,9880c110-d3bc-11ec-96a0-c3471a31202c,890024400,,4037520,,
2026,FA,0,2022,SFO,TE,16036,"Tonges, Jake",,34374,2870660,,California,240,88,,76,,16418,8d9236c0-ce09-11ec-9598-03840dd5f387,931410000,,4259147,,
2026,FA,0,2020,FA,WR,16037,"Baccellia, Andre",,32943,3159102,,Washington,180,82,,70,,14942,58266b36-fa48-4f51-b41c-909bf82748f3,852613200,,3886809,,
2026,FA,0,2022,FA,PK,16043,"Havrisik, Lucas",,34720,2870581,,Arizona,188,39,,74,,16646,acb45400-339b-11ed-bc62-03fa2e99e805,938581200,,4245661,,
2026,FA,0,2022,NEP,S,16045,"Schooler, Brenden",,34429,2260164,,Texas,210,41,,74,,16469,711a03f0-cfea-11ec-8762-8dfa2bbad12c,864968400,,4047941,,
2026,FA,0,2022,CHI,CB,16054,"Blackwell, Josh",,34375,2864609,,Duke,179,39,,71,,16451,c218af10-ce17-11ec-bebb-4fec1e38b0e5,923288400,,4240459,,
2026,FA,0,2021,MIA,DE,16058,"Herring, Malik",,33882,2871647,,Georgia,275,90,,75,,15361,96d1c6e6-a450-476e-987b-c1e469c43f1b,879051600,,4259547,,
2026,FA,0,2022,HOU,CB,16059,"Ingram, Ja'Marcus",,34684,2804769,,Buffalo,190,46,,74,,16342,dac14b40-d555-11ec-addb-6dd6dcd40f21,873176400,,4240059,,
2026,FA,0,2022,NYJ,LB,16063,"McCrary-Ball, Marcelino",,34321,2669388,,Indiana,214,41,,72,,16394,40b40970-ca83-11ec-97ae-e1573849d1a6,922165200,,4045299,,
2026,FA,0,2022,CHI,CB,16064,"Flowers, Dallis",,34503,2885134,,Pittsburg State,196,35,,73,,16547,3a886c50-d3a0-11ec-96a0-c3471a31202c,865400400,,4917592,,
2026,FA,0,2021,FA,WR,16066,"Alexander, Maurice",,34712,2892636,,Florida International,173,13,,70,,16641,8261c380-132b-11ed-86b5-f9dfd114f830,852872400,,3914307,,
2026,FA,0,2022,KCC,LB,16072,"Cochrane, Jack",,34432,2867319,,South Dakota,236,43,,75,,16325,6971dfd0-ce0d-11ec-8f7c-f5226825ea6a,918536400,,4249766,,
2026,FA,0,2022,ARI,S,16075,"Blount, Joey",,34388,2865301,,Virginia,195,32,,73,,16453,6604be40-cd99-11ec-b94f-57e6927758e6,911192400,,4240824,,
2026,FA,0,2022,SFO,DE,16077,"Okuayinonu, Sam",,34462,3123749,,Maryland,269,91,,73,,16581,59271dc0-c95d-11ec-b1d2-d334745b4f4f,893998800,,4569497,,
2026,FA,0,2022,SEA,WR,16080,"Shaheed, Rashid",,34659,2250863,,Weber State,180,22,,72,,16560,e1ecc660-cc9f-11ec-952e-a10f2c98fc4d,904539600,,4032473,,
2026,FA,0,2022,GBP,DE,16082,"Mosby, Arron",,34227,2804788,,Fresno State,250,53,,75,,16509,573375f0-ca1f-11ec-aeb5-1b91b32ddede,923979600,,4242996,,
2026,FA,0,2022,DET,DT,16091,"Stille, Ben",,34537,2239683,,Nebraska,296,97,,76,,16241,7a46ff50-d3b4-11ec-96a0-c3471a31202c,879310800,,4034861,,
2026,FA,0,2022,LVR,S,16102,"Pola-Mao, Isaiah",,34556,2868296,,USC,204,20,,75,,16202,03dc3660-d3a9-11ec-96a0-c3471a31202c,930718800,,4259632,,
2026,FA,0,2022,NOS,TE,16113,"Smartt, Stone",,34637,2864800,,Old Dominion,226,84,,76,,16321,6ee105f0-ca2e-11ec-be96-e90abdfa0fef,907477200,,4250764,,
2026,FA,0,2022,NEP,S,16118,"Brown, Mike",,34232,2820396,,Miami (OH),218,33,,73,,16300,d64354b0-c956-11ec-b1d2-d334745b4f4f,923461200,,4244310,,
2026,FA,0,2021,JAC,WR,16120,"Trammell, Austin",,33745,2838491,,Rice,185,81,,70,,15663,c1d52f55-4c65-4b37-8457-f0dc028c85bc,899528400,,4244856,,
2026,FA,0,2022,CHI,TE,16135,"Kalinic, Nikola",,33950,2886767,,York (CAN),248,88,,76,,15869,6aed0540-7ec8-11ec-8905-19cf1c3e187f,853822800,,4916349,,
2026,FA,0,2023,LVR,LB,16138,"Olubi, Segun",,34322,3174819,,San Diego State,233,50,,73,,16395,77586110-ca83-11ec-97ae-e1573849d1a6,941432400,,4260703,,
2026,FA,0,2022,MIA,CB,16139,"Baker, Darrell",,34302,2252286,,Georgia Southern,190,39,,73,,16385,e92e4840-cb41-11ec-a667-6354702e3fca,890974800,,4036660,,
2026,FA,0,2022,DAL,DT,16144,"Garcia, Elijah",,34339,2247144,,Rice,302,90,,77,,16414,32e18540-d206-11ec-ab20-b37737d70cc4,889592400,,4039170,,
2026,FA,0,2022,DEN,CB,16145,"McMillian, Ja'Quan",,34574,3124175,,East Carolina,183,29,,70,,16477,62fb07e0-d253-11ec-b16e-cf7159baf83d,960094800,,4567462,,
2026,FA,0,2022,IND,Coach,16147,"Steichen, Shane",,,,,,,,,,,,3597e55c-e2b6-4330-ab6d-19ae4d095dd5,484635600,,,,
2026,CAR,0,2023,CAR,QB,16148,"Young, Bryce",,40029,3161957,,Alabama,204,9,1,70,1,16807,38475bfa-9773-4c3b-9157-a0dbd576fa22,996037200,,4685720,,
2026,TEN,0,2023,NYJ,QB,16149,"Levis, Will",,40068,2964377,,Kentucky,229,8,2,76,2,16665,4c8a2f7e-f982-4eca-9d52-cf53df6985a4,930459600,,4361418,,
2026,HOU,0,2023,HOU,QB,16150,"Stroud, C.J.",,40030,3163079,,Ohio State,218,7,1,75,2,16886,7e91086f-9ca4-4bd9-a099-b88b2f37e6c6,1002085200,,4432577,,
2026,DET,0,2023,TEN,QB,16151,"Hooker, Hendon",,40096,2805110,,Tennessee,220,2,3,75,5,16905,25b10007-802d-4ebb-8314-3eb7b24ddc37,884667600,,4240858,,
2026,IND,0,2023,IND,QB,16152,"Richardson, Anthony",,40040,3163263,,Florida,244,5,1,76,4,16653,5fc5b4a6-a583-4345-a810-4f982204ea5e,1022040000,,4429084,,
2026,LAR,0,2023,LAR,QB,16153,"Bennett, Stetson",,40153,2871628,,Georgia,190,13,4,71,26,16871,a5cc5958-01f9-4b7d-a8d9-c44625d53ed5,878014800,,,,
2026,NOS,0,2023,NYG,QB,16156,"Haener, Jake",,40144,2815170,,Fresno State,200,3,4,73,25,16912,70376919-8220-4128-a089-72d5b10f2346,921042000,,4243322,,
2026,FA,0,2023,FA,WR,16157,"Cunningham, Malik",,40290,2866334,,Louisville,190,12,,73,,16691,2bf2f410-e6f2-11ed-abca-c7a3a205e21d,907650000,,4240069,,
2026,LVR,0,2023,LVR,QB,16159,"O'Connell, Aidan",,40138,2868716,,Purdue,206,12,4,75,33,16716,5891a917-9071-4bc2-a652-7f702c44cbd2,904626000,,4260394,,
2026,ARI,0,2023,FA,QB,16160,"Tune, Clayton",,40188,2964808,,Houston,220,15,5,75,4,16913,b2810d1e-3ea7-4907-bb34-93b40e893c08,922165200,,4360175,,
2026,ATL,0,2023,ATL,RB,16161,"Robinson, Bijan",,40055,3168163,,Texas,215,7,1,71,8,16739,f78d68c2-f9da-48e7-b954-26b69efd828d,1012366800,,4430807,,
2026,DET,0,2023,DET,RB,16162,"Gibbs, Jahmyr",,40059,3162723,,Alabama,202,,1,69,12,16808,fef9457e-6497-47de-9bf2-cc3b95929375,1016600400,,4429795,,
2026,JAC,0,2023,PHI,RB,16164,"Bigsby, Tank",,40095,3162021,,Auburn,215,8,3,71,25,16705,2034916c-8062-46e3-8d0c-d0dec694e2d1,999147600,,4429013,,
2026,TEN,0,2023,TEN,RB,16165,"Spears, Tyjae",,40119,3122588,,Tulane,195,2,3,71,18,16941,af71f149-7758-40b7-973a-9fe6320cf4f5,992581200,,4428557,,
2026,FA,0,2023,TBB,RB,16166,"Tucker, Sean",,40742,3168416,,Syracuse,205,44,,70,,16728,6d616c10-f35e-11ed-b721-9b68b08a2e09,1003986000,,4430871,,
2026,MIA,0,2023,MIA,RB,16167,"Achane, De'Von",,40118,3171161,,Texas A&M,191,28,3,69,21,16661,a4ef921b-8767-4b4f-a651-7675c00f9af0,1002949200,,4429160,,
2026,NYJ,0,2023,DAL,RB,16168,"Abanikanda, Israel",,40165,3163291,,Pittsburgh,217,23,5,70,8,16735,07802728-2d68-4aac-8e1f-ee306977495d,1033790400,,4429202,,
2026,SEA,0,2023,SEA,RB,16169,"Charbonnet, Zach",,40075,3123810,,UCLA,214,26,2,73,21,16897,7d7f1628-85a7-4633-9ffe-d82fc2761b00,978930000,,4426385,,
2026,SEA,0,2023,FA,RB,16170,"McIntosh, Kenny",,40267,3121460,,Georgia,204,25,7,72,20,17002,9956eabc-16da-4a1c-ab80-fe0910bcaa12,952059600,,4427391,,
2026,NOS,0,2023,NOS,RB,16171,"Miller, Kendre",,40108,3162256,,TCU,220,5,3,72,8,16898,66627686-34fe-4599-84ac-e436fd7d798a,1023768000,,4599739,,
2026,NYG,0,2023,CLE,RB,16173,"Gray, Eric",,40198,3123569,,Oklahoma,211,20,5,70,37,16970,dcc536c1-36f2-4e34-8028-ccf32d930018,941691600,,4570561,,
2026,WAS,0,2023,JAC,RB,16174,"Rodriguez, Chris",,40231,2964667,,Kentucky,224,24,6,71,16,16933,ae5c4758-cb53-4f17-8763-b91381036af3,969944400,,4362619,,
2026,CHI,0,2023,CHI,RB,16175,"Johnson, Roschon",,40162,3121395,,Texas,227,23,4,72,13,16772,e3c414c0-be8c-4807-af9c-f91d89c83e60,980917200,,4426386,,
2026,DAL,0,2023,FA,RB,16176,"Vaughn, Deuce",,40240,3168666,,Kansas State,176,42,6,66,35,17003,e444229e-c262-40a7-bb89-61d4b774da55,1004677200,,4431453,,
2026,FA,0,2023,LAC,RB,16178,"Mitchell, Keaton",,40641,3164710,,East Carolina,190,34,,68,,16810,16341d80-f01f-11ed-97df-a94b89ac5704,1011243600,,4596334,,
2026,IND,0,2023,ARI,RB,16180,"Hull, Evan",,40169,3124679,,Northwestern,209,38,5,70,41,16676,20d82a85-0128-499a-9330-2906af3cbb09,972536400,,4569609,,
2026,CIN,0,2023,CIN,RB,16181,"Brown, Chase",,40196,2965160,,Illinois,210,30,5,70,28,16934,d74ff06d-905d-4fed-8f98-b5f6d4549333,953614800,,4362238,,
2026,NYG,0,2023,NYG,WR,16183,"Hyatt, Jalin",,40128,3171911,,Tennessee,185,13,3,72,10,16714,e5f9d339-a89f-4e47-9a84-b89f14550c05,1001394000,,4692590,,
2026,GBP,0,2023,GBP,WR,16184,"Reed, Jayden",,40063,2967762,,Michigan State,187,11,2,71,19,16977,23a306bc-5f77-4574-a575-bd599f243185,956898000,,4362249,,
2026,SEA,0,2023,SEA,WR,16185,"Smith-Njigba, Jaxon",,40041,3162959,,Ohio State,197,11,1,72,20,16654,6215db71-1e13-4c62-8f14-2005d33dee47,1013662800,,4430878,,
2026,MIN,0,2023,MIN,WR,16186,"Addison, Jordan",,40042,3162290,,USC,175,3,1,71,23,16895,63fdd64e-1a23-4b77-9536-b1609f3a708c,1012107600,,4429205,,
2026,IND,0,2023,IND,WR,16187,"Downs, Josh",,40126,3162970,,North Carolina,171,2,3,69,16,16689,dd227f4a-0785-482d-a28b-f231c7f3b73f,997592400,,4688813,,
2026,LAC,0,2023,LAC,WR,16188,"Johnston, Quentin",,40051,3162609,,TCU,208,1,1,74,21,16899,e648bc98-bc81-44d0-8d4b-b9223c497ff4,999752400,,4429025,,
2026,DEN,0,2023,DEN,WR,16189,"Mims, Marvin",,40090,3162586,,Oklahoma,182,19,2,71,32,16849,fcd780e6-6d43-4c2e-b740-59ae09911345,1016514000,,,,
2026,BAL,0,2023,BAL,WR,16190,"Flowers, Zay",,40039,3127049,,Boston College,183,4,1,69,22,16919,2b6d74b7-10fb-4f17-99c8-9bb557fb475b,968648400,,4429615,,
2026,CLE,0,2023,NOS,WR,16191,"Tillman, Cedric",,40093,2962120,,Tennessee,215,19,3,75,11,16706,148330d9-5182-4b58-b695-8067aaba4731,956120400,,4369863,,
2026,JAC,0,2023,JAC,WR,16192,"Washington, Parker",,40234,3168820,,Penn State,204,11,6,70,8,16690,c05863ec-3414-4ae6-a8d2-830aed99b6d3,1016686800,,4432620,,
2026,NEP,0,2023,HOU,WR,16193,"Boutte, Kayshon",,40224,3163170,,LSU,197,14,6,71,10,16795,9c054866-5e6c-460b-9af3-ebf91e7d0a3e,1020744000,,4429022,,
2026,KCC,0,2023,KCC,WR,16194,"Rice, Rashee",,40084,3124978,,SMU,204,4,2,73,24,16963,cbd73c09-da07-48b0-a0d6-f248dfa631b6,956379600,,4428331,,
2026,GBP,0,2023,PHI,WR,16195,"Wicks, Dontayvion",,40201,3122375,,Virginia,206,13,5,73,24,16658,ea3d1393-8c3b-4e81-a519-f636d28d692e,992667600,,4428850,,
2026,NOS,0,2023,FA,WR,16196,"Perry, A.T.",,40242,2965235,,Wake Forest,205,87,6,77,18,16802,f6986d22-e3bb-4509-9309-90d92c01437a,940914000,,4362019,,
2026,CAR,0,2023,DAL,WR,16197,"Mingo, Jonathan",,40073,3126905,,Ole Miss,220,81,2,74,8,16937,6cf0c82d-87e4-4cfc-8475-77667ed92796,987742800,,4426485,,
2026,TBB,0,2023,NOS,WR,16199,"Palmer, Trey",,40223,3122273,,Nebraska,190,10,6,73,14,16936,9a011241-f4b3-403a-af70-c9cdfd177054,986187600,,4426407,,
2026,HOU,0,2023,HOU,WR,16201,"Hutchinson, Xavier",,40232,3161943,,Iowa State,210,19,6,75,28,16932,aed98af2-b228-4b74-a804-2d210bd11122,959835600,,4686422,,
2026,SFO,0,2023,LVR,WR,16202,"Bell, Ronnie",,40279,2968474,,Michigan,195,10,7,72,36,16843,ba06804a-b84c-408a-8ef6-5226d8424479,949035600,,4372063,,
2026,CIN,0,2023,FA,WR,16203,"Jones, Charlie",,40158,2868959,,Purdue,190,15,4,72,29,16719,c634c231-61fb-4725-8533-2cce14bfebbf,909637200,,4257188,,
2026,HOU,0,2023,HOU,WR,16204,"Dell, Tank",,40097,2963970,,Houston,165,3,3,70,6,16935,25e7b423-f716-4d1a-9623-cee3e7d822ab,941173200,,4366031,,
2026,CHI,0,2023,LVR,WR,16205,"Scott, Tyler",,40141,3163215,,Cincinnati,182,10,4,70,31,16713,6833ad69-9f24-4780-989c-83bdb090ec5e,1002862800,,4565908,,
2026,ARI,0,2023,ARI,WR,16206,"Wilson, Michael",,40121,2965181,,Stanford,213,14,3,74,31,16957,b91be982-fccd-448e-869b-e9b5148a1730,951282000,,4360761,,
2026,CIN,0,2023,CIN,WR,16207,"Iosivas, Andrei",,40211,2966908,,Princeton,210,80,6,75,29,16965,30c0df5e-bb77-4eee-8390-8fc13844e1c3,939963600,,4368003,,
2026,BUF,0,2023,FA,WR,16210,"Shorter, Justin",,40167,2965077,,Florida,227,88,5,76,15,16656,0e4f0529-f178-463e-8aa6-0b8cfa3e916f,955947600,,4361426,,
2026,LAR,0,2023,LAR,WR,16211,"Nacua, Puka",,40168,3121687,,BYU,212,12,5,74,42,16790,111be44d-7bc2-4cad-934d-c9e946293b2f,991112400,,4426515,,
2026,LVR,0,2023,LVR,TE,16212,"Mayer, Michael",,40065,3171673,,Notre Dame,256,87,2,76,4,16666,31f4645a-7ccb-4633-8580-2fca361beb4f,994395600,,4429086,,
2026,BUF,0,2023,BUF,TE,16213,"Kincaid, Dalton",,40048,2982991,,Utah,240,86,1,76,25,16697,b961fa15-0676-4948-b95f-56d06319d40e,940222800,,4385690,,
2026,DET,0,2023,DET,TE,16214,"LaPorta, Sam",,40064,3124197,,Iowa,245,87,2,75,3,17033,3059f1e5-1871-4458-9e90-9b9917874c61,979275600,,4430027,,
2026,GBP,0,2023,GBP,TE,16215,"Musgrave, Luke",,40074,3129283,,Oregon State,253,88,2,78,11,16663,77a4fb49-3c6c-4aa1-8a21-20956e2d2240,967870800,,4428085,,
2026,PIT,0,2023,PIT,TE,16216,"Washington, Darnell",,40094,3163963,,Georgia,264,80,3,79,30,16889,1984b8b5-d206-4d6a-8204-c5dd0160e9f5,998024400,,4430802,,
2026,SFO,0,2023,NEP,TE,16217,"Latu, Cameron",,40101,2964535,,Alabama,244,36,3,77,38,16931,3763a2ec-ee98-4cf4-9aa7-ee626057c56f,951368400,,4372026,,
2026,TBB,0,2023,TBB,TE,16218,"Durham, Payne",,40193,2968469,,Purdue,255,87,5,77,36,16720,c4a8b4c9-5db8-4187-852b-9557bef8724e,961045200,,,,
2026,LAR,0,2023,LAR,TE,16219,"Allen, Davis",,40164,3123267,,Clemson,251,87,5,78,40,17030,02a77d8c-3b89-4a61-86a2-0c005c1e589a,981176400,,,,
2026,IND,0,2023,IND,TE,16220,"Mallory, Will",,,2962073,,Miami (FL),239,86,5,76,27,17014,5d4a5e4f-7c74-4b4c-b8e5-33bb831e3057,930027600,,,,
2026,DAL,0,2023,DAL,TE,16221,"Schoonmaker, Luke",,40061,2968473,,Michigan,250,86,2,77,27,16855,143957a7-4649-4a19-b351-e606edc75ebd,906958800,,,,
2026,GBP,0,2023,GBP,TE,16222,"Kraft, Tucker",,40102,3133332,,South Dakota State,259,85,3,77,15,16649,3a084c5f-6b9f-4703-a0c7-1566bc4b1129,973227600,,4572680,,
2026,HOU,0,2023,HOU,DE,16223,"Anderson, Will",,40031,3161880,,Alabama,243,51,1,76,3,16809,9e22bbe3-5323-42e0-a82e-03e3794ea67f,999406800,,4685724,,
2026,CIN,0,2023,CIN,DE,16224,"Murphy, Myles",,40057,3162763,,Clemson,275,99,1,77,28,16710,fb188308-cd65-4c61-b8c5-b9252b638b09,1010034000,,4428985,,
2026,ARI,0,2023,JAC,DE,16225,"Ojulari, BJ",,40088,3163276,,LSU,248,9,2,74,10,17177,f4d8da18-8be8-470c-947c-d9fd3d85612c,1017982800,,4429111,,
2026,LVR,0,2023,NOS,DE,16226,"Wilson, Tyree",,40043,2964191,,Texas Tech,263,98,1,77,7,17149,73aefe0e-8b0e-46c2-a0fe-cc4eb269f969,958798800,,4372533,,
2026,ATL,0,2023,ATL,DT,16227,"Harrison, Zach",,40115,3123351,,Ohio State,270,96,3,77,12,17197,9d1624c5-958f-42ec-965d-f6dbb85e0401,997765200,,4426412,,
2026,PHI,0,2023,PHI,DE,16228,"Smith, Nolan",,40054,3123027,,Georgia,238,3,1,74,30,17176,e9194ad2-d400-4dfe-9f4f-8b984537df60,979794000,,4426331,,
2026,GBP,0,2023,GBP,DE,16230,"Van Ness, Lukas",,40037,3163208,,Iowa,272,90,1,77,13,16825,1f8b4936-d0f8-4e9e-9f6f-5f4138180d7d,994395600,,4686906,,
2026,DEN,0,2023,FA,LB,16231,"Sanders, Drew",,40109,3162911,,Arkansas,233,41,3,77,4,17151,779fd90f-ae23-4f6e-80f2-49052e7ca6aa,1009774800,,4685721,,
2026,SEA,0,2023,SEA,DT,16232,"Morris, Mike",,40171,3133325,,Michigan,295,94,5,78,16,16861,2697a8a5-c22d-4290-a266-5b153bf384e3,987915600,,,,
2026,PHI,0,2023,PHI,DT,16233,"Carter, Jalen",,40035,3163950,,Georgia,314,98,1,75,9,16865,1c443cd8-b9ad-4676-9a8e-8cee52b07637,986360400,,4685759,,
2026,BAL,0,2023,BAL,LB,16234,"Simpson, Trenton",,40116,3162464,,Clemson,235,32,3,74,23,16712,a2ceb68a-71c0-465c-8548-36967d302cc9,992494800,,,,
2026,SEA,0,2023,SEA,DE,16235,"Hall, Derick",,40070,3121912,,Auburn,254,58,2,75,6,16923,57b847dd-7af4-4d16-b934-641ab9b5911b,984978000,,4567226,,
2026,HOU,0,2023,HOU,LB,16236,"To'oTo'o, Henry",,40189,3121019,,Alabama,228,39,5,74,32,17121,b3523130-926a-4d1c-bfde-775975583398,978670800,,4426350,,
2026,ARI,0,2023,TEN,LB,16237,"Pappoe, Owen",,40200,3122142,,Auburn,230,44,5,72,33,16673,e6926317-2584-496a-9f32-e422040a8a20,970203600,,4567219,,
2026,CHI,0,2023,CHI,LB,16238,"Sewell, Noah",,40172,3161646,,Oregon,246,44,5,73,13,16756,3008a8a1-5943-47ff-81ef-1b3367bbbecd,1019793600,,4430822,,
2026,DET,0,2023,DET,LB,16239,"Campbell, Jack",,40036,3123377,,Iowa,246,46,1,77,18,17152,1f7ce27f-61ef-47e5-bd48-eac4b1c0228f,966920400,,4569465,,
2026,PIT,0,2023,DAL,CB,16240,"Porter Jr., Joey",,40089,3125620,,Penn State,193,24,2,74,1,16896,fbc596af-8abd-466f-9c01-7a38d11eb7a4,964587600,,4426506,,
2026,SEA,0,2023,SEA,CB,16241,"Witherspoon, Devon",,40056,3137159,,Illinois,185,21,1,72,5,17150,fa026462-0615-4077-81e1-90daf1c5b8f9,976510800,,4575431,,
2026,PHI,0,2023,PHI,CB,16242,"Ringo, Kelee",,40131,3163940,,Georgia,207,7,4,74,3,16890,04d384d9-06da-4436-a637-14637705d7b3,1025150400,,,,
2026,MIA,0,2023,FA,CB,16243,"Smith, Cam",,40081,3131626,,South Carolina,186,24,2,73,20,16652,be6d66e8-51c2-4ae0-8657-5e0713d7ad02,977374800,,4570672,,
2026,DET,0,2023,DET,S,16244,"Branch, Brian",,40067,3170863,,Alabama,203,32,2,72,14,16816,3e01cc5d-ca6c-4604-a6c1-249a1aa9df3a,1003726800,,4692025,,
2026,CIN,0,2023,CIN,S,16245,"Battle, Jordan",,40117,3123595,,Alabama,215,27,3,73,32,17368,a462797c-d8d9-404c-b663-3ced76d6fc93,976770000,,4567098,,
2026,JAC,0,2023,JAC,S,16246,"Johnson, Antonio",,40166,3162769,,Texas A&M,198,6,5,74,25,17369,078c2a41-ec84-4425-b64e-8d92cee16305,1004331600,,4429168,,
2026,DEN,0,2023,DEN,S,16247,"Skinner, JL",,40230,3131561,,Boise State,220,34,6,76,6,16748,ad57b64a-befa-40fd-ae40-9c438ced7ea2,987397200,,,,
2026,NYJ,0,2023,FA,TE,16249,"Kuntz, Zack",,40255,2963243,,Old Dominion,251,88,7,80,3,17034,66394a78-5537-4a12-a876-4a887f780aba,928645200,,4361417,,
2026,NEP,0,2023,NEP,CB,16251,"Gonzalez, Christian",,40052,3166700,,Oregon,205,6,1,73,17,16683,e847f127-f5f4-41a0-87bb-b89e546e0df4,1025236800,,4686772,,
2026,NYJ,0,2023,NYJ,DE,16252,"McDonald, Will",,40038,2962588,,Iowa State,245,9,1,76,15,16971,21792a74-7864-4234-bc47-891d5f9e7024,928472400,,4361767,,
2026,WAS,0,2023,LAR,CB,16253,"Forbes, Emmanuel",,40033,3171024,,Mississippi State,180,1,1,72,16,17336,0c767043-de67-4d90-af09-95c45a8ceeaa,979362000,,4429767,,
2026,TBB,0,2023,TBB,DT,16254,"Kancey, Calijah",,40049,3126837,,Pittsburgh,280,94,1,72,19,16768,cabe57e5-4675-40cf-9090-58c63f823e70,983422800,,4427673,,
2026,NYG,0,2023,NYG,CB,16255,"Banks, Deonte",,40053,3122290,,Maryland,200,2,1,74,24,16727,e905a38b-bf94-4d46-b9e3-a7b534258a20,983595600,,4428328,,
2026,NOS,0,2023,NOS,DT,16256,"Bresee, Bryan",,40045,3162222,,Clemson,305,90,1,77,29,17173,98884f9f-5117-476a-a20a-809b38714e6d,1002344400,,4428988,,
2026,KCC,0,2023,KCC,DE,16257,"Anudike-Uzomah, Felix",,40034,3168580,,Kansas State,255,91,1,76,31,16885,0f9883f3-bff3-4247-8e90-7df2066070c6,1011848400,,4612387,,
2026,DAL,0,2023,MIA,DT,16258,"Smith, Mazi",,40044,3124239,,Michigan,337,58,1,75,26,16864,8f71baa6-45f2-4b27-8d26-508290a50604,992667600,,4426347,,
2026,DET,0,2023,FA,DT,16259,"Martin, Brodric",,40122,2963808,,Western Kentucky,326,99,3,77,33,17156,c0c6761c-081c-426a-b186-26ff20791e70,927522000,,4365457,,
2026,NOS,0,2023,CIN,DE,16260,"Foskey, Isaiah",,40082,3136890,,Notre Dame,270,55,2,77,9,16682,c0a4eddb-90da-45d5-8695-cb15ea16e4b5,972882000,,4426457,,
2026,IND,0,2023,MIA,CB,16261,"Brents, Julius",,40062,2964913,,Kansas State,198,8,2,75,13,17112,194d2310-bc4e-4fc8-9a76-1fe506f35977,948171600,,4360488,,
2026,NEP,0,2023,SFO,DE,16262,"White, Keion",,40080,2807441,,Georgia Tech,285,56,2,77,15,17109,a93bdfeb-068f-4933-89a2-8071adefd6f9,916808400,,4243493,,
2026,WAS,0,2023,WAS,S,16263,"Martin, Quan",,40087,2965898,,Illinois,195,20,2,72,16,16817,e52e1ff1-7a48-4b89-84c1-35841460ab0d,955947600,,4360378,,
2026,PIT,0,2023,PIT,DT,16264,"Benton, Keeanu",,40079,3131591,,Wisconsin,309,95,2,76,18,16692,9fd22aa3-6cb6-4bae-af1b-cc0ba0511e08,995346000,,4426694,,
2026,CHI,0,2023,ATL,DT,16265,"Dexter, Gervon",,40091,3175397,,Florida,326,95,2,78,22,17174,fd3922bc-d7bf-4f2e-9255-d297a86b43d5,1002258000,,4429014,,
2026,LAC,0,2023,LAC,DE,16266,"Tuipulotu, Tuli",,40077,3176952,,USC,266,45,2,75,23,16822,8b3391ab-5126-4ed8-b181-59723f7f5a99,1031025600,,,,
2026,CHI,0,2023,CHI,CB,16267,"Stevenson, Tyrique",,40071,3121387,,Miami (FL),212,29,2,72,25,17120,64d9cda4-1ff4-4b21-bdba-586877c70813,959317200,,4426374,,
2026,CIN,0,2023,CIN,CB,16268,"Turner, DJ",,40076,3133344,,Michigan,185,20,2,71,29,16857,7db46644-05bb-41b5-938a-e93a50e1d6c4,973746000,,4572036,,
2026,JAC,0,2023,JAC,TE,16269,"Strange, Brenton",,40078,3121696,,Penn State,253,85,2,76,30,17017,94f135f7-9d54-4cbd-b560-fcaf83d414b0,977893200,,4430539,,
2026,CHI,0,2023,ATL,DT,16270,"Pickens, Zacch",,40111,3122732,,South Carolina,303,96,3,76,1,16703,87895e2c-f210-497d-956a-cb5aac9fd8b5,952318800,,4426332,,
2026,PHI,0,2023,ATL,S,16271,"Brown, Sydney",,40123,2961001,,Illinois,211,29,3,70,3,16770,c9da2c23-478b-48a8-8a98-408caf3f0d16,953614800,,4360386,,
2026,LVR,0,2023,PHI,DT,16273,"Young, Byron",,40125,3123718,,Alabama,292,94,3,75,7,17123,d606b6ee-de91-44cb-aebf-87f81daa14d2,973832400,,4567123,,
2026,ARI,0,2023,ARI,CB,16274,"Williams, Garrett",,40127,3126891,,Syracuse,192,21,3,70,9,16723,e2fdfaf7-d2c4-4482-9ac2-f8fe43c49130,991371600,,4568506,,
2026,NEP,0,2023,FA,LB,16275,"Mapu, Marte",,40105,2830016,,Sacramento State,230,15,3,75,13,16947,5c55344a-6192-4def-9860-ffd5a571fe68,942037200,,4248899,,
2026,LAR,0,2023,LAR,DE,16276,"Young, Byron",,40124,2669623,,Tennessee,258,,3,74,14,16758,cd7de1ce-ad93-4bb6-8b70-c79194a7373e,889765200,,4875196,,
2026,CAR,0,2023,FA,DE,16277,"Johnson, DJ",,40092,2864665,,Oregon,260,52,3,76,17,16680,11feb266-14e8-488c-9f7e-f221eaa92df8,908946000,,4240623,,
2026,TBB,0,2023,TBB,DE,16278,"Diaby, YaYa",,40107,3164687,,Louisville,270,,3,76,19,17098,62a727ba-8ffd-40bd-bad7-f49bf6a2edf7,928040400,,,,
2026,DEN,0,2023,DEN,CB,16279,"Moss, Riley",,40112,2979290,,Iowa,193,21,3,72,20,17104,8f79eaa3-df62-4214-a497-1e13970e6b82,952059600,,4382401,,
2026,LAC,0,2023,LAC,LB,16280,"Henley, Daiyan",,40113,2866310,,Washington State,225,,3,72,22,16948,93f17bc5-55d5-441a-a29d-d419ed4725e7,942901200,,4241597,,
2026,SFO,0,2023,SFO,S,16281,"Brown, Ji'Ayir",,40106,3168790,,Penn State,202,27,3,71,24,17199,626586f3-5706-443e-a272-c6d9e6239784,948776400,,,,
2026,LAR,0,2023,LAR,DT,16282,"Turner, Kobie",,40110,2864982,,Wake Forest,297,91,3,74,26,17157,86f8915e-a09a-4cdf-ad41-13d72d217269,925102800,,,,
2026,DAL,0,2023,DAL,LB,16283,"Overshown, DeMarvion",,40099,2964705,,Texas,220,13,3,74,27,16940,2df409f7-2d3a-4dc3-98aa-0b261594bb1f,966142800,,4362088,,
2026,BUF,0,2023,BUF,LB,16284,"Williams, Dorian",,40098,3122709,,Tulane,230,42,3,74,28,16951,2d51bf60-ea75-4142-a00a-8b152a91e59f,993704400,,4568624,,
2026,SFO,0,2023,BAL,PK,16286,"Moody, Jake",,40129,2968527,,Michigan,210,4,3,73,36,17133,e7a7eaea-0f77-42ab-b6a2-12ebcf51227c,943333200,,4372066,,
2026,LVR,0,2023,LVR,WR,16287,"Tucker, Tre",,40114,3121848,,Cincinnati,182,1,3,68,37,16694,9beb72c5-5a81-413c-ada3-ff4854c95cf4,984027600,,,,
2026,MIN,0,2023,CLE,CB,16288,"Blackmon, Mekhi",,40103,2966542,,USC,178,29,3,71,39,16813,4253e615-0bcd-4e9e-bf61-1f05a2bf2d4b,921733200,,4360677,,
2026,LVR,0,2023,PHI,CB,16289,"Bennett, Jakorian",,40148,3163191,,Maryland,200,49,4,70,2,17096,8197c5b4-ade0-47e4-81b3-f16aa47eab12,967006800,,4686911,,
2026,HOU,0,2023,HOU,DE,16290,"Horton, Dylan",,40151,2968939,,TCU,275,92,4,76,7,16955,98002b7f-d453-4585-893c-ea52296bbc56,966834000,,4374066,,
2026,IND,0,2023,IND,DT,16291,"Adebawore, Adetomiwa",,40143,3124706,,Northwestern,282,95,4,74,8,16731,6ca4cb4d-c6ea-4a5e-875e-c32922c2fbe5,983682000,,4427635,,
2026,NEP,0,2023,ARI,PK,16292,"Ryland, Chad",,40159,2964074,,Maryland,195,38,4,72,10,17107,c77efa70-0691-4a21-8064-a5880569b559,939963600,,4363538,,
2026,ATL,0,2023,CHI,CB,16293,"Phillips, Clark",,40146,3163424,,Utah,185,20,4,69,11,16707,7553d094-7584-41bd-96f4-6b122a60c13b,1008738000,,4429067,,
2026,GBP,0,2023,NOS,DT,16294,"Wooden, Colby",,40132,3121177,,Auburn,273,96,4,76,14,17180,1a7b6176-ef99-4566-a38c-14abe051b899,977374800,,4567224,,
2026,KCC,0,2023,KCC,S,16295,"Conner, Chamarri",,40160,2961936,,Virginia Tech,202,27,4,72,17,16671,cc4627f1-1af2-4a3d-aa78-c5f905a8a43d,963291600,,,,
2026,JAC,0,2023,JAC,LB,16296,"Miller, Ventrell",,40155,2773016,,Florida,232,51,4,72,19,16668,adcc651b-c635-4d09-a411-63452f8192fa,916376400,,4240610,,
2026,BAL,0,2023,BAL,DE,16298,"Robinson, Tavius",,40135,3168791,,Ole Miss,262,95,4,78,22,17119,2d4593e4-b908-4b29-a88a-835d2566781f,915339600,,4690179,,
2026,LAC,0,2023,LAC,WR,16299,"Davis, Derius",,40133,2966544,,TCU,165,12,4,68,23,16939,21bf2521-3382-4e62-8249-a083435595b3,968648400,,,,
2026,CLE,0,2023,CLE,DE,16300,"McGuire, Isaiah",,40150,3122896,,Missouri,268,57,4,76,24,17116,977590e8-97a0-4b2e-9f6c-c8d047d12f19,996210000,,,,
2026,JAC,0,2023,DET,DE,16302,"Lacy, Tyler",,40161,2966296,,Oklahoma State,279,93,4,76,28,16968,e21d11de-78f9-47a9-b69a-ae18207ab2c7,942210000,,4361861,,
2026,PIT,0,2023,PIT,DE,16303,"Herbig, Nick",,40139,3162091,,Wisconsin,240,51,4,74,30,16702,59b7b521-a0be-4ee5-8809-362601c2c80e,1006318800,,4429164,,
2026,MIN,0,2023,MIN,S,16304,"Ward, Jay",,40147,3121423,,LSU,188,24,4,73,32,16669,7d06db84-b31e-4b68-a6cc-93fb87763a7f,963464400,,4568007,,
2026,JAC,0,2023,ATL,DE,16305,"Abdullah, Yasir",,40183,2966892,,Louisville,240,22,5,73,1,16769,6eef8572-d9b4-4518-a759-19569e381e06,955515600,,4360807,,
2026,WAS,0,2023,FA,DE,16306,"Henry, K.J.",,40203,2967420,,Clemson,255,52,5,76,2,16833,f1dd548b-fcdf-4819-8c5e-6fff3d29a2f9,917413200,,4360308,,
2026,IND,0,2023,PIT,CB,16307,"Rush, Darius",,40170,2962866,,South Carolina,198,46,5,74,3,16960,254842eb-c5ad-4e57-8679-3df5a674a14e,951195600,,4362858,,
2026,MIN,0,2023,NEP,DT,16308,"Roy, Jaquelin",,40192,3163298,,LSU,305,94,5,75,6,16749,bcaf5363-500d-4636-908a-1b0825af689e,972190800,,4429034,,
2026,CLE,0,2023,IND,CB,16309,"Mitchell, Cameron",,40184,3124730,,Northwestern,191,29,5,71,7,17339,84b0681b-ce78-45ed-a529-b7063ccb6bb0,999925200,,4569607,,
2026,CAR,0,2023,ATL,S,16310,"Robinson, Jammie",,40176,3131712,,Florida State,200,26,5,71,10,16815,406b6c6f-0172-482e-9ade-f38f5abb95f0,980312400,,4430411,,
2026,NOS,0,2023,NOS,S,16311,"Howden, Jordan",,40199,2962415,,Minnesota,209,31,5,72,11,17358,e33aa81a-83e9-411b-8265-f31da58a33b9,958280400,,4360949,,
2026,TEN,0,2023,GBP,TE,16312,"Whyle, Josh",,40182,2962513,,Cincinnati,248,81,5,79,12,16866,601467c7-b593-472d-a147-b8e7bfdbe990,936766800,,4360086,,
2026,GBP,0,2023,CIN,QB,16313,"Clifford, Sean",,40173,2868998,,Penn State,218,16,5,74,14,17061,332b31ed-37a0-4172-acde-f7377c5bdff1,900392400,,4259592,,
2026,TBB,0,2023,TBB,LB,16314,"Dennis, SirVocea",,40194,3126839,,Pittsburgh,230,8,5,72,18,16737,c5a8f0e1-b5ff-4018-b4da-3676ac12207e,952578000,,4429511,,
2026,SFO,0,2023,LVR,CB,16315,"Luter, Darrell",,40186,3163341,,South Alabama,190,28,5,72,20,16962,8b45bbcf-b700-4db4-8382-163ddf2db169,956552400,,4685978,,
2026,BAL,0,2023,LVR,CB,16316,"Kelly, Kyu Blu",,40187,3121173,,Stanford,188,36,5,72,22,16958,9f7054ea-7f83-438d-bc5b-0372aac66de5,990507600,,4427695,,
2026,IND,0,2023,IND,S,16317,"Scott, Daniel",,40205,2770168,,California,208,32,5,73,23,17108,facf38e6-6cb0-4ce4-b1b8-992f388023ad,909378000,,4242415,,
2026,LAR,0,2023,FA,DE,16318,"Hampton, Nick",,40179,2966222,,Appalachian State,250,6,5,75,26,16926,59e9c19c-c6f6-4f53-b231-d76134ba8fb6,954910800,,4360773,,
2026,CHI,0,2023,WAS,CB,16319,"Smith, Terell",,40175,2963908,,Minnesota,204,32,5,72,30,17341,3c6085b1-7c02-498e-b587-1ff13c0ac27b,933051600,,4360935,,
2026,LVR,0,2023,FA,S,16321,"Smith, Christopher",,40178,2975755,,Georgia,197,29,5,70,35,16782,54761d2a-cdb4-434f-a17e-427e3a1fc951,957157200,,4379413,,
2026,SFO,0,2023,MIA,DE,16322,"Beal, Robert",,40181,2871726,,Georgia,250,51,5,76,38,16781,5d64ba96-04f6-41ee-8620-ed251f16485c,934952400,,4259558,,
2026,GBP,0,2023,GBP,DT,16324,"Brooks, Karl",,40238,2968935,,Bowling Green,296,94,6,75,2,16921,c76a4bef-3d1f-4326-82bd-81065b5cfb10,957762000,,4373423,,
2026,ARI,0,2023,ARI,CB,16325,"Clark, Kei'Trel",,40229,3126351,,Louisville,181,13,6,70,3,16695,a7140ce9-4841-4f7f-9bda-5dcd75899eec,984978000,,4426923,,
2026,TBB,0,2023,TBB,CB,16326,"Hayes, Josh",,40221,2869772,,Kansas State,190,32,6,72,4,17409,95242131-623b-41d0-8898-9d6f71da56f7,924930000,,,,
2026,NYJ,0,2023,NYG,LB,16328,"Barnes, Zaire",,40233,2961652,,Western Michigan,227,46,6,73,7,17303,ba2d2783-654f-4621-9160-06ebb4bafd77,936334800,,4362234,,
2026,NEP,0,2023,NEP,PN,16330,"Baringer, Bryce",,40209,2867128,,Michigan State,215,17,6,74,15,17095,2b18e3fd-9765-4644-9fc8-2f316ceda6d5,925102800,,4240545,,
2026,TBB,0,2023,NEP,DE,16332,"Ramirez, Jose",,40215,3121684,,Eastern Michigan,252,33,6,74,19,17160,7b582d77-4357-48db-973c-3b92e57272cb,926226000,,4569068,,
2026,MIA,0,2023,ARI,TE,16333,"Higgins, Elijah",,40226,3122914,,Stanford,245,84,6,75,20,16959,a01b7698-d67f-4b60-b2fb-4c667336b718,972622800,,4426844,,
2026,SEA,0,2023,ARI,S,16334,"Reed, Jerrick",,40239,3121983,,New Mexico,196,32,6,69,21,17347,d492db9f-35b8-45e9-9e32-acd5dd7d1f42,965624400,,4570084,,
2026,LAC,0,2023,LAC,RB,16335,"Matlock, Scott",,40225,2969142,,Boise State,296,44,6,76,23,16767,9cedc261-40ff-4fe3-80e1-e128dcceede0,962168400,,4373684,,
2026,JAC,0,2023,JAC,CB,16336,"Braswell, Christian",,40208,2869360,,Rutgers,185,21,6,71,25,17410,17093231-3e82-42fb-bec7-75160d097538,938408400,,4257580,,
2026,NYJ,0,2023,NYG,CB,16338,"Bernard-Converse, Jarrick",,40236,2963853,,LSU,205,29,6,73,27,16854,c506285e-abfb-4503-b981-20aaa0bf49a0,956984400,,4361834,,
2026,GBP,0,2023,FA,PK,16339,"Carlson, Anders",,40214,2866578,,Auburn,220,18,6,77,30,17165,5a6ae290-675d-401a-aaee-140a272cf061,897973200,,4242519,,
2026,JAC,0,2023,TEN,S,16340,"Hallett, Erick",,40210,2966868,,Pittsburgh,200,36,6,71,31,16762,308b4b49-5159-48c1-8da6-5d559a3efedd,956552400,,4373320,,
2026,NYG,0,2023,FA,CB,16341,"Hawkins, Tre",,40228,3164089,,Old Dominion,195,37,6,75,32,17364,a700ea66-61d3-4ca3-bdd5-c537fb2d6ff6,965106000,,4686553,,
2026,NEP,0,2023,NEP,WR,16342,"Douglas, Demario",,40222,3126241,,Liberty,192,3,6,68,33,16751,962496d4-9ffa-471b-8dd2-fc5e60fee84b,976251600,,,,
2026,ARI,0,2023,ARI,DT,16344,"Stills, Dante",,40244,2965054,,West Virginia,300,55,6,76,36,17154,f9a8db9d-9a13-485c-abf0-b5a48e1ff808,945147600,,4362225,,
2026,NEP,0,2023,DAL,CB,16345,"Speed, Ameer",,40206,2871678,,Michigan State,214,23,6,75,37,17367,00c33918-f3b1-4993-ba67-ec0db11ea349,939618000,,4259546,,
2026,SFO,0,2023,DAL,LB,16346,"Winters, Dee",,40227,3120873,,TCU,227,53,6,71,39,16938,a362249b-336e-48d3-a6ee-02de7274b4e6,971758800,,4428914,,
2026,CIN,0,2023,LVR,PN,16347,"Robbins, Brad",,40213,2878168,,Michigan,203,40,6,73,40,17372,587516b7-99e6-4727-acbc-98d741267d99,907650000,,4258197,,
2026,IND,0,2023,FA,CB,16350,"Jones, Jaylon",,40258,3163053,,Texas A&M,203,40,7,74,4,16916,6f9135a9-2761-4b13-8651-56b536f0f22f,1017810000,,4685145,,
2026,LAR,0,2023,LAR,PN,16351,"Evans, Ethan",,40266,,,Wingate,250,42,7,75,6,17134,9658e019-e021-42a0-8285-b5aea6e48090,995518800,,,,
2026,ATL,0,2023,ATL,S,16352,"Hellams, DeMarcco",,40278,3122424,,Alabama,203,23,7,73,7,16930,b9fbbcf2-35cb-4de4-9622-16630b51c792,960181200,,4567111,,
2026,TEN,0,2023,FA,WR,16354,"Dowell, Colton",,40263,2828751,,Tennessee-Martin,212,14,7,75,11,17413,7939f84a-bb43-43d3-83e2-ce2fa4ca829d,924498000,,4250945,,
2026,GBP,0,2023,GBP,CB,16356,"Valentine, Carrington",,40274,3172313,,Kentucky,189,24,7,72,15,16721,b341ea01-741c-4ea8-8d4f-75ae79359d18,1000011600,,4430965,,
2026,WAS,0,2023,MIA,DE,16357,"Jones, Andre",,40247,2819872,,Louisiana,258,50,7,77,16,17178,0c816f95-6a50-4c77-b768-dc277f51a88f,909291600,,4249214,,
2026,GBP,0,2023,PIT,RB,16359,"Nichols, Lew",,40260,3121706,,Central Michigan,220,35,7,70,18,16701,72e4032d-8d7b-484f-95a2-a73fbb2c67f4,997938000,,4428119,,
2026,NYG,0,2023,GBP,DT,16363,"Riley, Jordon",,40269,2804083,,Oregon,315,99,7,77,26,17414,a1c5aca4-a0ba-4438-9101-7f85d3af488a,895554000,,4240677,,
2026,DAL,0,2023,ARI,WR,16364,"Brooks, Jalen",,40257,3165078,,South Carolina,205,83,7,74,27,17185,66f7bbe1-eb89-4b48-83db-d947b04ff1fd,957675600,,4692835,,
2026,CIN,0,2023,CIN,CB,16366,"Ivey, DJ",,40259,2963147,,Miami (FL),192,38,7,73,29,16672,7013d432-1327-40af-81a9-28711c648d79,951454800,,4362502,,
2026,SFO,0,2023,SFO,TE,16367,"Willis, Brayden",,40261,2963088,,Oklahoma,240,9,7,76,30,17010,733cc366-53e3-4703-a2fc-2aa860272cf3,942296400,,4360290,,
2026,PHI,0,2023,PHI,DT,16369,"Ojomo, Moro",,40246,2961519,,Texas,292,97,7,75,32,16853,01f15239-cd2c-4bd7-be5d-5ba7eed41331,997851600,,,,
2026,KCC,0,2023,NYG,CB,16370,"Jones, Nic",,40284,3128045,,Ball State,189,31,7,72,33,17345,fd133ca5-a014-4f5d-9e2f-14882da45cc2,1003122000,,4427636,,
2026,BUF,0,2023,DAL,CB,16371,"Austin, Alex",,40286,3129287,,Oregon State,191,28,7,73,35,17092,ff3d59bd-8cdc-44e1-812e-b576d5d57838,990507600,,4426599,,
2026,SFO,0,2023,SFO,LB,16373,"Graham, Jalen",,40265,3121269,,Purdue,220,41,7,75,38,17172,88f0ff15-15d5-42e7-be1c-f6c254d945e6,979189200,,4570410,,
2026,CHI,0,2023,LAC,S,16375,"Williamson, Kendall",,40248,2965075,,Stanford,203,40,7,72,41,17415,1fc883fc-46f4-403d-aff6-7d6018d7a718,967093200,,4360745,,
2026,LAR,0,2023,LAR,DE,16376,"Johnson, Desjuan",,40270,2960956,,Toledo,280,94,7,75,42,17279,a344e6d1-86a1-4ec6-b734-7a0a0f706206,936334800,,4362294,,
2026,FA,0,2023,NYG,WR,16379,"Ford-Wheaton, Bryce",,40529,2963723,,West Virginia,220,88,,75,,16743,eb139db0-eb91-11ed-bf4f-cdefdf74a897,952578000,,4362227,,
2026,FA,0,2023,NEP,RB,16380,"Prince, Deneric",,40570,2964540,,Tulsa,216,34,,72,,17126,28f98460-ec3b-11ed-aeaf-cb0dc6206dc5,955429200,,4372526,,
2026,FA,0,2023,MIN,LB,16383,"Pace, Ivan",,40301,3123893,,Cincinnati,231,40,,70,,16804,f5ec3c90-e760-11ed-9f3f-47cc372ca3c1,976942800,,4430280,,
2026,FA,0,2023,CHI,QB,16384,"Bagent, Tyson",,40504,29081346,,Shepherd (WV),212,17,,75,,16946,9bdeb910-ead2-11ed-999e-03b49558b5db,960440400,,4434153,,
2026,FA,0,2023,DAL,RB,16385,"Demercado, Emari",,40430,2964372,,TCU,215,31,,69,,17091,44b4cbf0-e8fe-11ed-bc6e-a5c4d3ccbdd1,916808400,,4362478,,
2026,FA,0,2023,GBP,RB,16387,"Brooks, Chris",,40625,2962350,,BYU,219,30,,73,,16741,35a0d440-f017-11ed-bedb-53f19b227cc3,947566800,,3149687,,
2026,FA,0,2023,CLE,RB,16390,"McLaughlin, Jaleel",,40696,26725939,,Youngstown State,187,38,,67,,17319,60b4ded0-f321-11ed-ab27-e38fa04fd6c0,968821200,,4722893,,
2026,FA,0,2023,DAL,RB,16391,"Luepke, Hunter",,40780,2969438,,North Dakota State,238,40,,73,,17000,58f425d0-f677-11ed-978f-0975e9cb7dba,951714000,,4383396,,
2026,FA,0,2023,SEA,WR,16393,"Bobo, Jake",,40452,2962336,,UCLA,207,19,,76,,17040,7d80dd50-e9f5-11ed-9c34-3f26f2e7ed88,902206800,,4360405,,
2026,FA,0,2023,NOS,WR,16395,"Cropper, Jalen",,40774,3122722,,Fresno State,172,16,,72,,16730,d67c1e40-f66d-11ed-823b-d335e7ef7897,988866000,,4426990,,
2026,FA,0,2023,CIN,WR,16403,"Tinsley, Mitchell",,40313,3162481,,Penn State,205,82,,73,,16834,0ac39560-e760-11ed-ad1e-4d786886cff5,937371600,,4690070,,
2026,FA,0,2022,FA,PK,16405,"Romo, John Parker",,34657,2245258,,Virginia Tech,190,37,,71,,16559,80f1ebc0-cc9e-11ec-952e-a10f2c98fc4d,872658000,,4051167,,
2026,FA,0,2023,FA,PK,16410,"Brown, Tanner",,40376,3167644,,Oklahoma State,187,49,,72,,17378,c0323320-e84b-11ed-91d9-49980de29a21,946357200,,4696736,,
2026,FA,0,2023,ATL,WR,16413,"Heath, Malik",,40445,3171033,,Ole Miss,213,18,,74,,17184,c0fccfb0-e907-11ed-8194-c7505aa5766b,952059600,,4689334,,
2026,FA,0,2023,DAL,PK,16414,"Aubrey, Brandon",,40819,2815718,,Notre Dame,218,17,,75,,17649,110e6fe0-1c34-11ee-8294-af17faac15de,795157200,,3953687,,
2026,FA,0,2023,PHI,WR,16416,"Gipson, Xavier",,40548,3127427,,Stephen F. Austin,189,3,,69,,17045,840a7940-ebaa-11ed-a11b-41cbcb1c4445,984027600,,4427278,,
2026,FA,0,2023,DAL,DE,16418,"Land, Isaiah",,40779,2987773,,Florida A&M,235,55,,76,,17115,8e662280-f678-11ed-a5ca-c79bcc7fcf23,949726800,,4574551,,
2026,FA,0,2023,CLE,PK,16419,"Szmyt, Andre",,40496,2868551,,Syracuse,200,25,,72,,17132,25f0b180-ead8-11ed-86b8-630d0ad2d5af,906786000,,4258620,,
2026,FA,0,2023,KCC,WR,16422,"Remigio, Nikko",,40571,2964863,,Fresno State,187,81,,69,,16744,52b850b0-ec3b-11ed-aeaf-cb0dc6206dc5,941691600,,4372716,,
2026,FA,0,2023,FA,WR,16423,"Brownlee, Jason",,40545,3170352,,Southern Miss,202,89,,75,,17182,f286b160-eba8-11ed-87ba-cb97497fad29,917672400,,4689988,,
2026,FA,0,2023,FA,RB,16424,"Mims, Jordan",,40631,2804786,,Fresno State,205,24,,72,,17125,6d91ccf0-f013-11ed-88ef-07b7f7d6320c,929509200,,4243004,,
2026,FA,0,2023,NEP,TE,16425,"Hill, Julian",,40629,2961743,,Campbell,251,89,,76,,17335,516da3c0-f016-11ed-a518-572ef5cb73b6,963118800,,4365395,,
2026,FA,0,2023,FA,WR,16428,"Smith, Xavier",,40399,2986749,,Florida A&M,176,19,,69,,17467,98b88de0-e8e5-11ed-ad77-290d92d9e505,874818000,,4386544,,
2026,FA,0,2023,ATL,WR,16429,"Drummond, Dylan",,40737,2963946,,Eastern Michigan,190,81,,72,,17626,e34c6990-f35c-11ed-ac5f-715e78829103,948085200,,4363551,,
2026,FA,0,2023,SEA,RB,16432,"Wilson, Emanuel",,40707,29104952,,Fort Valley State,226,27,,70,,17593,05266280-f323-11ed-bd27-0bcbcaae8d67,926139600,,4887558,,
2026,FA,0,2023,PHI,LB,16436,"Orji, Anfernee",,40340,3125985,,Vanderbilt,230,59,,74,,17168,56688bd0-e777-11ed-ba5f-bf6902a39571,970808400,,4567535,,
2026,FA,0,2023,TEN,LB,16439,"Diabate, Mohamoud",,40598,3121154,,Utah,225,43,,76,,16837,664d2020-ec76-11ed-b1d3-55b3fe623f86,990162000,,4567403,,
2026,FA,0,2023,LAC,DE,16440,"Murphy, Caleb",,40330,2909813,,Ferris State,254,50,,75,,17159,7debd720-e763-11ed-8199-d58dac5a4f8e,945234000,,4911489,,
2026,FA,0,2023,NEP,QB,16441,"DeVito, Tommy",,40533,2865426,,Illinois,210,16,,74,,16797,a1ae8db0-eb91-11ed-a4cb-cd397e2b413c,902466000,,4240391,,
2026,FA,0,2023,SEA,LB,16443,"O'Connell, Patrick",,40468,2967153,,Montana,227,52,,73,,17604,0097ded0-ea11-11ed-8d34-41182339b277,915080400,,4364623,,
2026,FA,0,2023,NYJ,PK,16444,"Grupe, Blake",,40296,2876348,,Notre Dame,156,10,,67,,17595,2a1d4ce0-e6f6-11ed-abca-c7a3a205e21d,910242000,,4259619,,
2026,FA,0,2023,FA,DE,16446,"Watts, Markees",,40691,2977133,,Charlotte,240,58,,73,,17621,2d820de0-f28a-11ed-99b9-1501ccdc8e32,944542800,,4373706,,
2026,FA,0,2023,ARI,TE,16447,"Vokolek, Travis",,40643,2870478,,Nebraska,260,81,,78,,16746,1d1eb430-f01e-11ed-97df-a94b89ac5704,896936400,,4259324,,
2026,FA,0,2023,SEA,LB,16450,"Thomas, Drake",,40730,3123330,,North Carolina State,228,32,,71,,17304,55023e20-f335-11ed-a768-e94cb2c005ac,951454800,,4428659,,
2026,FA,0,2023,BUF,WR,16451,"Shavers, Tyrell",,40630,2741208,,San Diego State,211,80,,76,,17555,07eb12f0-f011-11ed-ac82-d7e41925e5ba,934952400,,4241476,,
2026,FA,0,2022,GBP,PN,16452,"Whelan, Daniel",,40767,2828173,,UC Davis,216,19,,77,,16598,cd141ff0-cc9e-11ec-952e-a10f2c98fc4d,918622800,,4248789,,
2026,FA,0,2023,FA,WR,16453,"Cooks, Elijah",,40374,2804732,,San Jose State,215,86,,76,,17062,c2cce6c0-e841-11ed-9d79-63f6ad42423a,908254800,,4241588,,
2026,FA,0,2023,GBP,DE,16455,"Cox, Brenton",,40439,2961848,,Florida,250,57,,76,,17179,207784e0-e907-11ed-b8d0-4360e868e2f2,949208400,,4361776,,
2026,FA,0,2023,DET,S,16457,"Izien, Christian",,40681,2962326,,Rutgers,200,27,,70,,17355,6ccf5140-f1c9-11ed-a984-a58c04943ad8,960440400,,4372459,,
2026,FA,0,2023,CLE,S,16460,"Hickman, Ronnie",,40597,3121247,,Ohio State,209,33,,73,,17100,3e601120-ec77-11ed-b8b6-ffd66a389c6b,1002776400,,4569620,,
2026,FA,0,2022,CHI,LB,16461,"Sewell, Nephi",,34716,2804744,,Utah,228,45,,72,,16196,3f84c3c0-cc9d-11ec-952e-a10f2c98fc4d,914043600,,4241611,,
2026,FA,0,2023,JAC,S,16463,"Merriweather, Kaevon",,40684,2963904,,Iowa,212,26,,72,,17103,c6258640-f1c6-11ed-903f-d10940de56e7,945666000,,4360502,,
2026,FA,0,2022,DAL,S,16472,"Thomas, Juanyeh",,34595,2967604,,Notre Dame,217,2,,75,,16145,8a8dfad0-d314-11ec-8b77-45b1765fd110,961822800,,4360590,,
2026,FA,0,2023,DEN,TE,16474,"Adkins, Nate",,40702,2977285,,South Carolina,252,45,,75,,16992,bcd0ae60-f31c-11ed-819c-fd03d0cc2698,931496400,,4383440,,
2026,FA,0,2023,KCC,LB,16476,"Jones, Cam",,40557,2963538,,Indiana,227,44,,74,,17102,14b8cda0-ec39-11ed-aeaf-cb0dc6206dc5,940482000,,4371959,,
2026,FA,0,2023,FA,TE,16483,"Sims, Ben",,40335,2964709,,Baylor,250,89,,77,,17012,cef32a80-e761-11ed-ac46-e3b4ebd723e5,958453200,,4373030,,
2026,FA,0,2023,CAR,DE,16485,"Incoom, Thomas",,40698,2670310,,Central Michigan,265,48,,74,,17101,74aef700-f320-11ed-966f-93e2182ac175,919400400,,4714157,,
2026,FA,0,2023,SEA,DT,16486,"Pili, Brandon",,40656,2868177,,USC,334,95,,75,,17560,11232260-f0dc-11ed-8ba5-bf9b1d9bee25,923029200,,4259651,,
2026,FA,0,2023,FA,LB,16492,"Cherelus, Claudin",,40547,2875832,,Alcorn State,230,53,,74,,17534,74650010-eba9-11ed-aa2f-9b9591ffdf9b,887000400,,4256224,,
2026,FA,0,2022,CAR,LB,16494,"Moon, Jeremiah",,34397,2248609,,Florida,247,56,,77,,16209,32a47bc0-c980-11ec-a1a0-57a82b503f37,903416400,,4034959,,
2026,FA,0,2023,SEA,RB,16496,"Russell, Brady",,40519,2866240,,Colorado,250,38,,75,,17235,c3c08060-eb74-11ed-aecd-85bc826ed43e,904539600,,4243176,,
2026,FA,0,2021,ATL,WR,16499,"Blair, Chris",,33376,2965618,,Alcorn State,215,19,,74,,15376,9281d541-8bcb-4785-a02e-76150910898e,876114000,,4369886,,
2026,FA,0,2022,NEP,DT,16510,"Pharms, Jeremiah",,34706,2891578,,Friends,300,98,,74,,16635,bf39d6f0-078f-11ed-963b-2b593f9846d8,845442000,,5081728,,
2026,FA,0,2020,ATL,DT,16513,"London, LaCale",,33175,3161119,,Western Illinois,297,94,,75,,15052,f3adad78-ada5-4ded-bb47-cbf8518f7bba,870757200,,4376288,,
2026,FA,0,2023,SEA,S,16515,"Finley, AJ",,40356,3126954,,Ole Miss,188,30,,72,,16993,08ca7920-e78f-11ed-81d0-c919bd0add9b,1000443600,,4427190,,
2026,FA,0,2023,DAL,DE,16516,"Wheat, Tyrus",,40776,3171016,,Mississippi State,260,59,,74,,17181,700b71a0-f678-11ed-a5ca-c79bcc7fcf23,944629200,,4689333,,
2026,FA,0,2023,NEP,DT,16520,"Durden, Cory",,40581,2865091,,North Carolina State,305,94,,76,,17281,3609bdd0-ec6a-11ed-816e-1112fde7d7a0,917326800,,4240042,,
2026,FA,0,2023,LVR,RB,16523,"Wright, Owen",,40639,2818062,,Monmouth,217,49,,69,,17324,53cbf000-f01f-11ed-97df-a94b89ac5704,920178000,,4249616,,
2026,FA,0,2023,KCC,RB,16527,"VanSumeren, Ben",,40518,2968491,,Michigan State,231,43,,74,,17167,1377e940-eb75-11ed-aecd-85bc826ed43e,957502800,,4372070,,
2026,FA,0,2023,ARI,DE,16529,"Leota, Eku",,40574,3121585,,Auburn,257,54,,76,,16922,d771b360-ec5d-11ed-b990-f9ecab1eae94,926398800,,4361272,,
2026,FA,0,2023,DET,DE,16532,"Nowaske, Trevor",,40591,29118581,,Saginaw Valley State,237,53,,75,,17570,bb52aa90-ec71-11ed-a9ce-551f11053e13,910414800,,5144894,,
2026,FA,0,2023,BAL,WR,16533,"Jackson, Shedrick",,40491,2962459,,Auburn,198,4,,73,,17334,4ee53be0-eacb-11ed-bff4-2305d99deffc,940395600,,4361332,,
2026,FA,0,2023,FA,DT,16553,"Mustipher, P.J.",,40693,2966907,,Penn State,320,79,,76,,17175,1c14b470-f322-11ed-9e8e-45557c8b4e84,942210000,,4361421,,
2026,FA,0,2023,MIA,CB,16556,"Bonner, Ethan",,34625,2963414,,Stanford,190,27,,73,,17564,710867f0-f0d5-11ed-ba38-4fd3e2dc256a,940654800,,4360746,,
2026,FA,0,2022,LAC,TE,16557,"Fisk, Tucker",,34625,2866766,,Stanford,285,42,,76,,16627,5d01b190-d51e-11ec-8f44-c7121c9cec59,916722000,,4242558,,
2026,FA,0,2022,LVR,S,16571,"McCollum, Tristin",,34602,2867266,,Sam Houston State,195,27,,75,,16545,151a3910-c966-11ec-9af6-61153bad5574,925707600,,4250393,,
2026,FA,0,2023,SEA,S,16572,"Okada, Ty",,40469,2836360,,Montana State,193,39,,71,,17352,2be7e030-ea16-11ed-8d34-41182339b277,928472400,,4247808,,
2026,FA,0,0,CAR,Coach,16577,"Canales, Dave",,,,,,,,,,,,091af550-ae03-11ed-b164-f7af96b04264,,,,,
2026,FA,0,0,SEA,Coach,16578,"Macdonald, Mike",,,,,,,,,,,,60b98650-7ee3-11ec-8208-4dbf5964f893,,,,,
2026,CHI,0,2024,CHI,QB,16579,"Williams, Caleb",,40900,26695775,,USC,226,18,1,73,1,17695,49d4b627-3f19-49a8-ae33-f539e0fb1f88,1006059600,,4431611,,
2026,NEP,0,2024,NEP,QB,16580,"Maye, Drake",,40881,26695757,,North Carolina,225,10,1,76,3,17673,d0c0630e-8925-4b81-a32b-e4146d95f01f,1030680000,,4431452,,
2026,WAS,0,2024,WAS,QB,16581,"Daniels, Jayden",,40896,3123337,,LSU,210,5,1,76,2,17692,bab8c65a-9fff-410d-8e34-dc2f636d890e,977115600,,4426348,,
2026,DEN,0,2024,DEN,QB,16582,"Nix, Bo",,40875,3121193,,Oregon,217,10,1,74,12,16995,f056c8ed-6ee5-492c-af11-3f7e3d97195c,951454800,,4426338,,
2026,ATL,0,2024,ATL,QB,16583,"Penix Jr., Michael",,40889,2963496,,Washington,220,9,1,75,8,17700,6499a161-b221-4591-b122-d99ece1be64b,957762000,,4360423,,
2026,MIN,0,2024,NYG,QB,16584,"McCarthy, J.J.",,40905,26695214,,Michigan,219,9,1,75,10,17689,587cc3c3-aeda-4ac7-8803-a7e4db195534,1043038800,,4433970,,
2026,NEP,0,2024,DAL,QB,16585,"Milton, Joe",,41060,2962193,,Tennessee,246,10,6,77,17,17830,74043480-24ef-4c26-99d4-18f43d5b41d3,952318800,,4360698,,
2026,NOS,0,2024,NOS,QB,16586,"Rattler, Spencer",,41043,3125863,,South Carolina,211,2,5,72,15,17782,e0eecf78-86b2-4ee8-8ac9-d7713a138765,970117200,,4426339,,
2026,FA,0,2024,WAS,QB,16587,"Hartman, Sam",,41238,2965037,,Florida,306,75,,77,,17664,007971f0-f012-11ed-833c-ebfbb713adc7,908427600,,4361994,,
2026,LAR,0,2024,LAR,RB,16593,"Corum, Blake",,40962,3169252,,Michigan,210,24,3,68,19,17690,93ba1da2-3679-4ddc-9687-0802349f9ee2,975128400,,4429096,,
2026,ARI,0,2024,ARI,RB,16594,"Benson, Trey",,40958,3176915,,Florida State,220,33,3,72,2,17767,0c1253f2-1822-445d-8590-fea6fd32703f,1027396800,,4429275,,
2026,DEN,0,2024,MIN,RB,16595,"Estime, Audric",,41019,26713577,,Notre Dame,227,30,5,71,12,17788,3b86dd7c-0b21-448d-a662-5675e87fd0da,1062820800,,4569682,,
2026,NYJ,0,2024,NYJ,RB,16596,"Allen, Braelon",,40981,26726580,,Wisconsin,235,,4,73,34,17702,d7f72deb-c1e2-47a2-b651-887f0e33dc44,1074574800,,4685247,,
2026,CAR,0,2024,CAR,RB,16597,"Brooks, Jonathon",,40926,26730706,,Texas,207,25,2,72,14,17747,5c842941-844b-4f6a-bce4-26b377146674,1058760000,,4678008,,
2026,TBB,0,2024,TBB,RB,16598,"Irving, Bucky",,40993,26693770,,Oregon,195,7,4,70,25,17784,c5249c6f-bd1b-4352-8228-de2bd499ca0d,1029729600,,4596448,,
2026,FA,0,2024,BUF,RB,16599,"Gore Jr., Frank",,41243,3172189,,Southern Miss,195,20,,68,,17853,cd4c8e90-06f7-11ef-a3ab-0317e25dec4e,1015995600,,4429805,,
2026,FA,0,2024,DEN,RB,16600,"Schrader, Cody",,41193,28876935,,Missouri,214,32,,69,,17829,70c949c0-057f-11ef-ae83-716cc96c95b8,936766800,,4391845,,
2026,PHI,0,2024,PHI,RB,16601,"Shipley, Will",,41002,26699119,,Clemson,209,28,4,71,27,17802,796e223d-e8d5-42ab-afb4-557fa6183357,1030593600,,4431545,,
2026,BUF,0,2024,BUF,RB,16603,"Davis, Ray",,40980,3123108,,Kentucky,220,7,4,68,28,17792,a856dd59-ed95-471a-bfb9-fbd0566bd1a9,942296400,,4429501,,
2026,GBP,0,2024,GBP,RB,16604,"Lloyd, MarShawn",,40971,3162514,,USC,220,32,3,69,24,17795,7b8967bc-a3a5-4aa4-bd1f-2846663ca831,978670800,,4429023,,
2026,ATL,0,2024,FA,RB,16605,"McClellan, Jase",,41075,3162688,,Alabama,212,30,6,71,10,17039,a23f5b88-d1a4-4321-8df9-425b9a1c1696,1024977600,,4429001,,
2026,FA,0,2024,CIN,RB,16606,"Milton, Kendall",,41377,3162977,,Georgia,230,36,,73,,17970,d0dd8a70-072c-11ef-a49f-41e71daeb2e1,1013317200,,4429012,,
2026,FA,0,2024,SEA,RB,16608,"Holani, George",,41344,3131661,,Boise State,210,36,,71,,17968,971a3930-0724-11ef-a47d-6f7fe8c7bc97,945320400,,4429835,,
2026,MIA,0,2024,MIA,RB,16610,"Wright, Jaylen",,41010,26698774,,Tennessee,208,5,4,70,20,17800,ba9e1390-028b-47c9-8710-84cee3fa25de,1049173200,,4682745,,
2026,FA,0,2024,PHI,RB,16612,"Steele, Carson",,41464,26698435,,UCLA,228,42,,72,,17909,56312980-07cc-11ef-ae1a-ef16ff05bbda,1035172800,,4714365,,
2026,LVR,0,2024,LVR,RB,16613,"Laube, Dylan",,41054,2964322,,New Hampshire,204,23,6,69,32,17818,de5b56bd-33f0-48bc-b1e3-9523bd6bba64,945147600,,4366963,,
2026,ARI,0,2024,ARI,WR,16614,"Harrison Jr., Marvin",,40893,26701883,,Ohio State,220,18,1,75,4,17674,e8da21a8-796d-48a2-b644-57d08983ae01,1029038400,,4432708,,
2026,NYG,0,2024,NYG,WR,16615,"Nabers, Malik",,40899,26697761,,LSU,200,1,1,72,6,17704,55ef2022-50c2-465b-839e-c0f4c9e7c55c,1059364800,,4595348,,
2026,CHI,0,2024,CHI,WR,16616,"Odunze, Rome",,40901,3162979,,Washington,214,15,1,75,9,17020,f64694e0-0381-11ef-973d-5176a0ecbee4,1023076800,,4431299,,
2026,BUF,0,2024,BUF,WR,16617,"Coleman, Keon",,40911,26717289,,Florida State,215,,2,76,1,17732,6752915f-efe5-473d-a520-78cadfab6dda,1053144000,,4635008,,
2026,JAC,0,2024,JAC,WR,16618,"Thomas Jr., Brian",,40883,3132164,,LSU,209,7,1,74,23,17716,271a233e-68b3-4261-a3aa-7667eaf9d3cc,1034049600,,4432773,,
2026,DEN,0,2024,DEN,WR,16619,"Franklin, Troy",,41009,26693436,,Oregon,180,11,4,75,2,17719,765dffd8-8112-4078-86a1-924ccebf1069,1044507600,,4431280,,
2026,KCC,0,2024,KCC,WR,16620,"Worthy, Xavier",,40877,26730787,,Texas,165,1,1,71,28,17687,52e049b1-0a7a-4e7f-9866-d2848e9cc478,1051416000,,4683062,,
2026,BAL,0,2024,BAL,WR,16621,"Walker, Devontez",,40991,26702084,,North Carolina,198,81,4,73,13,17728,b5d1ed29-c72a-45ff-ae60-337e13728b2f,992926800,,4696882,,
2026,SFO,0,2024,SFO,WR,16622,"Pearsall, Ricky",,40892,3122949,,Florida,189,1,1,73,31,17761,aca4c1b8-915f-4295-92e4-05b51feee6b1,968475600,,4428209,,
2026,LAC,0,2024,FA,WR,16623,"Rice, Brenden",,41098,3166803,,USC,210,82,7,75,5,17756,5c33558d-02fb-4c99-88d3-37083472c19f,1016427600,,4686781,,
2026,CLE,0,2024,FA,WR,16624,"Thrash, Jamari",,41016,3127827,,Louisville,190,80,5,72,21,17686,1472d4aa-ffbf-4683-aa91-86bc4795b34e,977202000,,4428678,,
2026,PHI,0,2024,PHI,WR,16625,"Wilson, Johnny",,41089,3163268,,Florida State,228,89,6,78,9,17011,e8d389b5-56c8-4276-9983-0dbcc1663507,986274000,,4686104,,
2026,IND,0,2024,NYJ,WR,16626,"Mitchell, Adonai",,40915,26701928,,Texas,205,15,2,74,20,17668,190dbc97-2b7c-4023-b6b0-5729b854b60b,1034049600,,4597500,,
2026,LAC,0,2024,LAC,WR,16627,"McConkey, Ladd",,40908,3163962,,Georgia,185,15,2,72,2,17724,473bc7e5-c393-4f21-9e49-3ffc16711238,1004590800,,4612826,,
2026,TBB,0,2024,TBB,WR,16628,"McMillan, Jalen",,40954,3162347,,Washington,192,11,3,73,28,17763,c2b25795-8c63-425a-8790-f6d626dbf0d3,1007701200,,4430834,,
2026,PIT,0,2024,PIT,WR,16629,"Wilson, Roman",,40952,3169495,,Michigan,186,14,3,70,20,17043,43563ab6-46b9-44d3-aaf2-bc1eb4d1f8d1,992926800,,4431492,,
2026,FA,0,2024,NYJ,WR,16630,"Williams, Isaiah",,41421,3126581,,Illinois,185,18,,70,,17977,2ddb2f40-07bc-11ef-82d9-5f86367458d3,980744400,,4569371,,
2026,NEP,0,2024,FA,WR,16631,"Polk, Ja'Lynn",,40914,3162664,,Washington,203,1,2,73,5,17684,446ecdc5-470d-4cb6-9a77-b54c108e3d3a,1018497600,,4430637,,
2026,CIN,0,2024,FA,WR,16632,"Burton, Jermaine",,40974,3163951,,Alabama,204,81,3,72,16,17738,dc363b05-4551-4cb0-9bfc-ba462cb1cd5b,993704400,,4429033,,
2026,LAR,0,2024,LAR,WR,16633,"Whittington, Jordan",,41083,3122843,,Texas,202,88,6,73,37,17688,7cc58a3b-157a-4f43-a7de-5bc403f9ce6b,970376400,,4569382,,
2026,FA,0,2024,FA,WR,16634,"Weaver, Xavier",,41202,3131562,,Colorado,185,89,,73,,18041,ffd59710-0582-11ef-823c-c3942ac17525,971326800,,4428811,,
2026,WAS,0,2024,WAS,WR,16635,"McCaffrey, Luke",,40964,3121502,,Rice,195,11,3,74,36,17820,5cfd82f8-9e73-48d7-914e-9051ff52d67d,986187600,,4426948,,
2026,NYJ,0,2024,CLE,WR,16636,"Corley, Malachi",,40944,3162613,,Western Kentucky,215,83,3,71,1,17777,bae59933-8b94-4837-990e-f0a4ced3cdbb,1016686800,,4613104,,
2026,NEP,0,2024,SFO,WR,16637,"Baker, Javon",,40982,3170860,,UCF,202,6,4,73,10,17787,901992cc-f4b7-45e8-800e-c2dce6ae5199,1014008400,,4692022,,
2026,CAR,0,2024,CAR,WR,16639,"Legette, Xavier",,40890,3131575,,South Carolina,227,17,1,75,32,17734,0bb0c37c-e76b-4529-92b0-b026be4f7d6c,980744400,,4430034,,
2026,SFO,0,2024,SFO,WR,16640,"Cowing, Jacob",,40996,3133200,,Arizona,171,4,4,69,35,17008,9c145f4f-c9b1-4c2c-b011-8dc40167d0f1,981262800,,4575665,,
2026,LVR,0,2024,LVR,TE,16641,"Bowers, Brock",,40878,26693971,,Georgia,235,89,1,76,13,17693,ad9fc7e3-0a6d-4e41-84c2-cf43b71aee13,1039755600,,4432665,,
2026,HOU,0,2024,HOU,TE,16642,"Stover, Cade",,40987,3125978,,Ohio State,251,8,4,76,23,17794,559d5222-0403-4a14-94c7-c7bd5072c939,960786000,,4426496,,
2026,CAR,0,2024,CAR,TE,16643,"Sanders, Ja'Tavion",,40995,26731381,,Texas,252,85,4,76,1,17748,ffd2ff3f-4b56-4232-be8e-bf163c29f406,1048741200,,4431588,,
2026,WAS,0,2024,WAS,TE,16644,"Sinnott, Ben",,40931,3168647,,Kansas State,245,82,2,76,21,17833,b5c717af-9116-483c-9ab3-c9db0a988ab8,1024027200,,4690923,,
2026,CIN,0,2024,CIN,TE,16645,"All, Erick",,40989,3121555,,Iowa,255,83,4,77,15,17696,5523779b-db60-4158-b232-8391bc7db65b,968821200,,4427834,,
2026,NEP,0,2024,FA,TE,16646,"Bell, Jaheim",,41106,3169583,,Florida State,241,88,7,74,11,17848,c9b2f6f5-b8bc-48ca-ac33-fa18883c2f6b,992494800,,4429262,,
2026,FA,0,2024,DAL,TE,16647,"Spann-Ford, Brevyn",,41371,2961760,,Minnesota,270,89,,79,,17908,efc8d800-072b-11ef-892f-5b772aae3c25,946270800,,4360967,,
2026,KCC,0,2024,KCC,TE,16648,"Wiley, Jared",,40978,3123819,,TCU,249,12,4,78,31,17894,a952a370-a43f-45ec-8371-0665f0b9551e,973141200,,4430723,,
2026,NYG,0,2024,NYG,TE,16649,"Johnson, Theo",,41003,3162129,,Penn State,264,84,4,78,7,17021,a5d4bb1d-c130-47c2-808a-2dd1f85005fb,983163600,,4429148,,
2026,MIN,0,2024,MIN,DE,16650,"Turner, Dallas",,40904,26727428,,Alabama,247,15,1,75,17,17710,1455441c-7e0e-484e-8e8a-5c7606b59709,1044162000,,4565190,,
2026,IND,0,2024,IND,DE,16651,"Latu, Laiatu",,40882,3122850,,UCLA,265,97,1,77,15,17714,234d2423-bb97-4dfe-9a56-7c14b276720c,978238800,,4426473,,
2026,ATL,0,2024,ATL,DE,16652,"Trice, Bralen",,40955,3123781,,Washington,274,48,3,76,10,17676,1c5dddf1-b744-4019-b57b-4fc8a3798dee,983163600,,4428713,,
2026,LAR,0,2024,CLE,DE,16653,"Verse, Jared",,40894,3138203,,Florida State,260,8,1,76,19,17711,6c0c2ab2-8333-4eb0-adb5-d8e0095d50ec,973314000,,4578085,,
2026,DEN,0,2024,DEN,DE,16654,"Elliss, Jonah",,40940,26697280,,Utah,246,52,3,74,12,17730,c33c2e37-fc99-4ab3-b609-d588c9141e9a,1049346000,,4687592,,
2026,MIA,0,2024,MIA,DE,16655,"Robinson, Chop",,40879,26693938,,Penn State,254,44,1,75,21,17742,9838dba3-f510-494b-b3ad-8639f792d182,1041483600,,4431586,,
2026,TBB,0,2024,FA,DE,16656,"Braswell, Chris",,40924,3161819,,Alabama,255,43,2,75,25,17718,5bd59487-cd06-4286-bc62-17cae182abf9,1003986000,,4428989,,
2026,ATL,0,2024,ATL,DT,16657,"Dorlus, Brandon",,40994,3127467,,Oregon,295,54,4,75,9,17743,46ed0b03-015e-4d22-a034-4eeb242aa6a7,985237200,,4427090,,
2026,ARI,0,2024,FA,DE,16658,"Thomas, Xavier",,41013,2965740,,Clemson,250,54,5,74,3,17959,086c1e2b-7551-4b55-9de5-1e98083c54ac,945666000,,4360304,,
2026,FA,0,2024,MIN,DE,16659,"Murphy, Gabriel",,41212,3123716,,UCLA,247,59,,74,,17774,5fc2d240-0584-11ef-8635-b3775ac92fb2,971413200,,4428080,,
2026,ARI,0,2024,ARI,DT,16660,"Robinson, Darius",,40906,26887468,,Missouri,285,56,1,77,27,17790,7ceb8b7a-9797-4186-8dbe-4446b415c0fb,1000357200,,4569480,,
2026,CLE,0,2024,CLE,DT,16661,"Hall Jr., Michael",,40921,26697166,,Ohio State,300,51,2,75,22,17793,593fdfcf-8852-457e-bb9a-0411533eca32,1055476800,,4600415,,
2026,CIN,0,2024,CIN,DT,16662,"Jenkins, Kris",,40920,3169587,,Michigan,310,90,2,75,17,17740,ffb4ddbb-f7be-47e8-b5de-19c32d68fc49,1002690000,,4432301,,
2026,LAC,0,2024,LAC,DT,16663,"Eboigbe, Justin",,40976,3124145,,Alabama,292,92,4,77,5,17803,ace0e155-59e7-44b1-ad04-cd08ba02209a,986792400,,4567138,,
2026,PHI,0,2024,PHI,LB,16664,"Trotter Jr., Jeremiah",,41015,26698501,,Clemson,225,54,5,72,20,17755,1159549f-4be1-440b-a950-a6bfab44d5ce,1040706000,,4432777,,
2026,LAC,0,2024,LAC,LB,16665,"Colson, Junior",,40941,26695673,,Michigan,247,25,3,75,5,17675,9ceab470-1739-49d7-b605-f3906a63f7c7,1039150800,,4431212,,
2026,LVR,0,2024,LVR,LB,16666,"Eichenberg, Tommy",,41032,3125852,,Ohio State,234,44,5,74,13,17825,9473b5d1-4889-465a-aeb1-6115d9d9386f,979189200,,4429560,,
2026,TEN,0,2024,TEN,LB,16667,"Gray, Cedric",,40988,3162391,,North Carolina,234,33,4,74,6,17849,bc424a1d-0931-404a-8997-5278b1a50d73,1035954000,,4429834,,
2026,NOS,0,2024,NOS,LB,16669,"Ford, Jaylan",,41018,3168230,,Texas,240,53,5,74,40,17864,3982da83-370d-40e1-9aa7-632d60db4c4c,1006923600,,4566088,,
2026,NOS,0,2024,NOS,CB,16670,"McKinstry, Kool-Aid",,40927,26696513,,Alabama,199,1,2,71,9,17715,db912dac-e488-4c39-806b-a10e990d6bf4,1033358400,,4433975,,
2026,DET,0,2024,SEA,CB,16671,"Arnold, Terrion",,40902,26727034,,Alabama,195,6,1,72,24,17712,bee08d8d-3b1a-4375-9ea3-e627da925807,1048309200,,4592837,,
2026,HOU,0,2024,HOU,CB,16672,"Lassiter, Kamari",,40918,26698077,,Georgia,180,3,2,72,10,17725,b85f8a10-e1c2-4e5d-8aa5-08091feb1883,1043298000,,4602699,,
2026,BAL,0,2024,BAL,CB,16673,"Wiggins, Nate",,40886,26699779,,Clemson,182,2,1,73,30,17709,f6731363-93ed-4717-910c-317648e93139,1062043200,,4601278,,
2026,GBP,0,2024,ARI,CB,16674,"King, Kalen",,41129,26695286,,Penn State,190,34,7,71,35,17739,c8cf0369-d2bc-47be-b459-360b277e081f,1043730000,,4431433,,
2026,PHI,0,2024,PHI,CB,16675,"DeJean, Cooper",,40934,26699677,,Iowa,198,33,2,72,8,17705,f213bbc9-1294-4bce-84b0-3752e63ff363,1044766800,,4682618,,
2026,LAR,0,2024,LAR,S,16676,"Kinchens, Kamren",,40973,26699035,,Miami (FL),207,5,3,71,35,17722,c4c31524-3ac6-4337-bd99-4085f92d4a13,1033272000,,4596363,,
2026,GBP,0,2024,GBP,S,16677,"Bullard, Javon",,40937,26702684,,Georgia,198,7,2,70,26,17765,0bf54af0-cd8f-48ac-96b9-b742562a3e53,1031198400,,4688930,,
2026,DET,0,2024,DET,RB,16678,"Vaki, Sione",,41006,28877349,,Utah,216,33,4,71,32,17760,f5e0334b-b5f1-422f-a437-199c36cc108d,996469200,,4912274,,
2026,NYG,0,2024,NYG,S,16679,"Nubin, Tyler",,40935,3123449,,Minnesota,210,27,2,74,15,17723,be2b6a6f-0e18-4394-a681-d414a3a306b8,992494800,,4430261,,
2026,JAC,0,2024,JAC,PK,16680,"Little, Cam",,41062,26702477,,Arkansas,172,39,6,73,36,17926,42d90cdf-5494-4576-bc1e-4b5d3de99f5f,1061092800,,4686361,,
2026,MIN,0,2024,MIN,PK,16681,"Reichard, Will",,41093,3121084,,Alabama,187,16,6,73,27,17922,6f667582-b880-4c41-a105-59c347a36c0d,979016400,,4567104,,
2026,FA,0,2024,GBP,QB,16682,"Slovis, Kedon",,41476,3123467,,BYU,223,16,,74,,17979,4842ee80-07d1-11ef-977b-d7c6de486031,986965200,,4428512,,
2026,MIA,0,2024,MIA,WR,16684,"Washington, Malik",,41058,3124729,,Virginia,195,6,6,68,8,17863,d7f4fd2c-ba4f-49ca-bd92-443a506e9eb4,978584400,,4569603,,
2026,PHI,0,2024,FA,WR,16686,"Smith, Ainias",,41030,3131553,,Texas A&M,176,82,5,69,17,17015,83a78cfb-5e71-4131-b706-3661bb6396e1,991285200,,4428532,,
2026,FA,0,2024,FA,RB,16687,"Miller, Dante",,40874,2961818,,South Carolina,200,25,,69,,18036,6e0c07b0-f42a-11ee-88d0-f12fe77edfe4,926658000,,4367510,,
2026,SFO,0,2024,SFO,RB,16688,"Guerendo, Isaac",,40998,2964154,,Louisville,221,31,4,72,29,17947,eac64b21-6e9e-447a-bf18-8a00b5c12871,962168400,,4372561,,
2026,SEA,0,2024,SEA,DT,16689,"Murphy, Byron",,40895,26731204,,Texas,306,91,1,72,16,17736,d7cd56ba-a624-4149-83d0-a2c66df65804,1031457600,,4570040,,
2026,PHI,0,2024,PHI,CB,16690,"Mitchell, Quinyon",,40898,3163404,,Toledo,193,27,1,72,22,17731,93e6a6eb-a91e-4705-b5de-faa10f741913,995432400,,4686273,,
2026,ATL,0,2024,JAC,DT,16691,"Orhorhoro, Ruke",,40925,3121802,,Clemson,295,99,2,76,3,17762,9f88e08f-2988-445e-bcc5-9dad063a9cda,1002949200,,4430271,,
2026,WAS,0,2024,WAS,DT,16692,"Newton, Jer'Zhan",,40939,3169274,,Illinois,295,95,2,74,4,17707,9d373d6d-66f7-4ba9-9226-5d5e89a23a5e,1030766400,,4430560,,
2026,TEN,0,2024,NYJ,DT,16693,"Sweat, T'Vondre",,40919,3127003,,Texas,366,99,2,76,6,17754,136f06ed-a718-4551-b1b2-feda889b9b98,994827600,,4428617,,
2026,LAR,0,2024,LAR,DT,16694,"Fiske, Braden",,40930,2964525,,Florida State,291,55,2,76,7,17775,905fb2a2-6fc0-4af5-9f3c-860956cd164b,948171600,,4362245,,
2026,ARI,0,2024,ARI,CB,16695,"Melton, Max",,40929,3177371,,Rutgers,187,16,2,71,11,17817,5f3ab1fc-cdc0-499d-8cc2-36433b9ac7f6,1018843200,,4698113,,
2026,GBP,0,2024,GBP,LB,16696,"Cooper, Edgerrin",,40938,3171163,,Texas A&M,229,56,2,74,13,17753,5424462c-3f8e-4e2a-832d-c29916d395cb,1005973200,,4430438,,
2026,JAC,0,2024,ATL,DT,16697,"Smith, Maason",,40916,26699490,,LSU,306,92,2,77,16,17669,32f98e05-a998-4e0c-8131-0e4b17cb7dd5,1034481600,,4431567,,
2026,WAS,0,2024,WAS,CB,16698,"Sainristil, Mike",,40932,3121278,,Michigan,182,2,2,70,18,17768,f20bc1dc-7243-4c87-8274-a6e311c21ef9,970549200,,4428414,,
2026,DAL,0,2024,DAL,DE,16699,"Kneeland, Marshawn",,40933,3126828,,Western Michigan,268,94,2,75,24,17779,7495a11d-6782-4dc1-9186-d2a2cca205d4,994568400,,4429996,,
2026,BUF,0,2024,BUF,S,16700,"Bishop, Cole",,40912,26693635,,Utah,207,24,2,74,28,17838,9098b52a-bc60-4a3d-9eaa-4611966a576e,1035432000,,4676004,,
2026,DET,0,2024,DET,CB,16701,"Rakestraw, Ennis",,40936,3163902,,Missouri,188,9,2,71,29,17720,c4da8885-d3f7-4593-b325-3e3dc408d1b6,1023249600,,4566092,,
2026,SFO,0,2024,SFO,CB,16702,"Green, Renardo",,40928,3126504,,Florida State,186,31,2,72,32,17981,2b93704f-fab1-40b3-b13e-07d85303bb25,973746000,,4427325,,
2026,NYG,0,2024,NYG,CB,16703,"Phillips, Andru",,40969,3161741,,Kentucky,180,22,3,71,6,17846,3e7f9f29-7288-4963-b858-e284f051387a,1007096400,,4431321,,
2026,CAR,0,2024,NYJ,LB,16704,"Wallace, Trevin",,40956,26701874,,Kentucky,244,32,3,73,8,17872,578f063e-30e5-4a2c-b3cc-09aaaf3d0a7c,1045890000,,4683815,,
2026,HOU,0,2024,HOU,S,16705,"Bullock, Calen",,40948,26694313,,USC,190,2,3,75,14,17737,f53fd561-f47b-4db2-8318-022246e447ae,1051675200,,4431517,,
2026,ARI,0,2024,ARI,TE,16706,"Reiman, Tip",,40959,3169268,,Illinois,271,87,3,77,18,17966,44767e85-080f-4212-b2f2-cba160c81a9f,1000702800,,4696700,,
2026,DAL,0,2024,DAL,DE,16707,"Liufau, Marist",,40967,3136909,,Notre Dame,239,35,3,74,23,17769,4fe58953-14da-43d0-8394-e960d0d47c46,981694800,,4427816,,
2026,TBB,0,2024,TBB,S,16708,"Smith, Tykee",,40953,3121456,,Georgia,202,23,3,70,25,17770,1ebc26a2-8705-4db2-b177-1b5acc21b5fa,982472400,,4428522,,
2026,ARI,0,2024,NYG,CB,16709,"Jones, Elijah",,40960,2960843,,Boston College,185,28,3,73,26,18071,6e1e18d1-3dab-4333-aa02-97354d316c6f,947307600,,4360203,,
2026,GBP,0,2024,GBP,LB,16710,"Hopper, Ty'Ron",,40972,3125804,,Missouri,228,59,3,74,27,17859,9fb2ac11-8c14-4039-9a3f-32d11343b73d,988261200,,4567406,,
2026,BAL,0,2024,BAL,DE,16711,"Isaac, Adisa",,40951,3120914,,Penn State,253,50,3,76,29,17749,ba7ea327-3c96-4470-bd72-cad811f4e1df,1002171600,,4426372,,
2026,PHI,0,2024,PHI,DE,16712,"Hunt, Jalyx",,40968,3125143,,Houston Christian,252,58,3,75,30,17951,b779251c-3250-405f-ae4a-3cadbf6925d9,984459600,,4571162,,
2026,BUF,0,2024,BUF,DT,16713,"Carter, DeWayne",,40943,3124733,,Duke,305,90,3,75,31,17766,f5f02301-7ec2-48ae-b67e-31fd01cc070b,976424400,,4426883,,
2026,JAC,0,2024,JAC,CB,16714,"Jones, Jarrian",,40947,3126303,,Florida State,190,4,3,71,32,17778,fc21a61f-75aa-4398-973f-7ff1058e6a9e,989298000,,4426448,,
2026,CIN,0,2024,SFO,DT,16715,"Jackson, McKinnley",,40949,3171111,,Texas A&M,330,93,3,74,33,17780,00b1481f-e562-4727-9e2b-9ab3293f2748,1009342800,,4692680,,
2026,PIT,0,2024,PIT,LB,16716,"Wilson, Payton",,40975,2961553,,North Carolina State,242,41,3,76,34,17758,6a7047a5-52ab-4e2d-8ab0-6d27b6930822,956293200,,4361652,,
2026,ARI,0,2024,ARI,S,16717,"Taylor-Demerson, Dadrion",,40999,3127681,,Texas Tech,197,42,4,70,4,17996,ed59f931-fb26-4809-b862-a29fb7825942,979966800,,4428633,,
2026,GBP,0,2024,GBP,S,16719,"Williams, Evan",,41007,3123251,,Oregon,200,33,4,71,11,18003,8fbc9bcf-c367-46bc-8017-ce87e84aeaff,996296400,,4428863,,
2026,LVR,0,2024,NOS,CB,16720,"Richardson, Decamerion",,40979,3171034,,Mississippi State,192,25,4,74,12,17983,9c6fe5a6-5553-4803-bc7a-93d095029a7d,984718800,,4605498,,
2026,JAC,0,2024,LAC,DT,16721,"Jefferson, Jordan",,40985,1620713,,LSU,316,98,4,74,16,17813,fac7a140-ee4e-4328-bc1a-dad500b1acfe,1001307600,,4569448,,
2026,SEA,0,2024,SEA,LB,16722,"Knight, Tyrice",,41000,3161716,,UTEP,233,48,4,72,18,17963,d1f88078-0acd-4d6d-95f4-cf0c5bb7cb90,977288400,,4686540,,
2026,SEA,0,2024,SEA,TE,16723,"Barner, AJ",,41001,3169283,,Michigan,251,88,4,78,21,17811,e96127b4-d381-43d4-b0ae-8790c706756f,1020398400,,4576297,,
2026,CHI,0,2024,CHI,PN,16724,"Taylor, Tory",,41004,,,Iowa,225,19,4,76,22,17925,48df6eca-81f4-49ce-8908-48196a041c57,868510800,,4686889,,
2026,SFO,0,2024,SFO,S,16725,"Mustapha, Malik",,40997,3167563,,Wake Forest,206,6,4,70,24,17808,b9500cb3-e259-4d5e-a75c-66b2611c0454,1024977600,,4696211,,
2026,BAL,0,2024,BAL,CB,16726,"Tampa, T.J.",,40990,3164824,,Iowa State,199,27,4,73,30,17071,1f02c2e7-da1f-4709-8bbc-82e6ffc6d400,1015995600,,4575483,,
2026,KCC,0,2024,KCC,S,16727,"Hicks, Jaden",,40977,26724572,,Washington State,215,21,4,73,33,17797,3e4f799d-5567-4239-9513-86a16a674073,1029470400,,4685232,,
2026,SEA,0,2024,SEA,CB,16728,"Pritchett, Nehemiah",,41012,3124894,,Auburn,188,28,5,72,1,17783,06418ca3-6c11-4654-ad86-59bac5370e23,981867600,,4567222,,
2026,LAC,0,2024,LAC,CB,16729,"Still, Tarheeb",,41051,3166939,,Maryland,196,4,5,73,2,17936,a28d9b86-30ec-40be-98bc-48089b23ba9c,1023595200,,4432571,,
2026,WAS,0,2024,WAS,LB,16730,"Magee, Jordan",,41014,3124180,,Temple,225,58,5,75,4,17882,0df0a32a-00df-40be-b8c8-774d923957c0,985410000,,4568617,,
2026,LAC,0,2024,LAC,CB,16731,"Hart, Cam",,41028,3136875,,Notre Dame,207,20,5,74,5,17843,78778a0e-d4a1-4a31-9e72-6d226733ba9d,975992400,,4427404,,
2026,IND,0,2024,IND,WR,16732,"Gould, Anthony",,41046,3122031,,Oregon State,174,6,5,68,7,17971,f1f3f15f-f4a5-4d6e-b075-95f4815a384e,986533200,,4429684,,
2026,ATL,0,2024,ATL,LB,16733,"Bertrand, JD",,41050,3136951,,Notre Dame,230,40,5,73,8,17810,fdb957eb-4146-4453-a6df-f65ca7bc1bb6,957502800,,4428872,,
2026,CHI,0,2024,CHI,DE,16734,"Booker, Austin",,41042,26701285,,Kansas,245,94,5,78,9,17839,e062739b-9948-47aa-aa50-604483c45b8b,1039842000,,4683553,,
2026,DEN,0,2024,DEN,CB,16735,"Abrams-Draine, Kris",,41047,3163896,,Missouri,178,31,5,71,10,17828,f66366c2-7849-4c96-86d3-19882a7a27b7,1002171600,,4429193,,
2026,TEN,0,2024,NYJ,CB,16736,"Brownlee, Jarvis",,41044,3126580,,Louisville,194,2,5,70,11,17994,ea3e1da8-9bae-43cc-9538-513976e968e5,995000400,,4426817,,
2026,CIN,0,2024,CIN,CB,16737,"Newton, Josh",,41034,2961368,,TCU,190,28,5,71,14,17744,9ed5ed68-dd6c-4ac4-8fb7-9f0be37c51b7,968907600,,4365319,,
2026,IND,0,2024,IND,LB,16738,"Carlies, Jaylon",,41040,3163862,,Missouri,227,57,5,75,16,18006,dd21aafb-0647-4b85-aa55-603fb75a859f,1000357200,,4601021,,
2026,LAR,0,2024,LVR,DE,16740,"Jackson, Brennan",,41011,2968030,,Washington State,263,54,5,76,19,17842,0088498b-6f39-4cc2-9102-4aabd7491674,971499600,,4373471,,
2026,CAR,0,2024,CAR,CB,16741,"Smith-Wade, Chau",,41026,3177046,,Washington State,176,26,5,71,22,17877,6fccf852-00cf-4c11-b856-8e4d56acc646,1032235200,,4697636,,
2026,MIA,0,2024,TBB,DE,16742,"Kamara, Mohamed",,41029,3121008,,Colorado State,253,50,5,73,23,17812,7bd0810c-c806-43b1-a793-9cd9cb33c546,927954000,,4427677,,
2026,BUF,0,2024,CLE,LB,16743,"Ulofoshio, Edefuan",,41036,2967891,,Washington,239,48,5,73,25,17836,b231b9d4-d3fe-437d-91b0-c6619cd175c0,948603600,,4374280,,
2026,WAS,0,2024,FA,LB,16744,"Hampton, Dominique",,41039,2965365,,Washington,220,45,5,75,26,17998,d83c6686-ffd6-41cd-a2ca-9583a0470769,964501200,,4361094,,
2026,IND,0,2024,MIA,CB,16745,"Simpson, Jaylin",,41025,3124869,,Auburn,180,38,5,72,29,17841,6cc15491-4e42-45c2-9c14-8448bc9f8993,953269200,,4567225,,
2026,BAL,0,2024,BAL,RB,16746,"Ali, Rasheen",,41033,3168797,,Marshall,210,26,5,71,30,17026,9aeb79b0-e55b-4341-8c6b-233971b667a7,982299600,,4690013,,
2026,NYG,0,2024,NYG,RB,16747,"Tracy, Tyrone",,41048,2963637,,Purdue,210,29,5,71,31,17967,fc6c7973-79a9-4974-855e-bc13400fe641,943333200,,4360516,,
2026,JAC,0,2024,FA,RB,16748,"Robinson, Keilan",,41041,3121310,,Texas,191,35,5,68,32,17048,de79955a-99ab-492e-9161-3544fd812dbd,950677200,,4567095,,
2026,BUF,0,2024,BUF,DE,16749,"Solomon, Javon",,41049,3125106,,Troy,247,56,5,73,33,17957,fcd72650-13b8-4a8d-bc2f-d6b28d46a431,979707600,,4428548,,
2026,GBP,0,2024,GBP,S,16750,"Oladapo, Kitan",,41035,2964479,,Oregon State,216,27,5,74,34,17884,abc5dadd-fe68-4a0e-8b64-6b6ca2717858,971154000,,4374037,,
2026,NOS,0,2024,CLE,WR,16751,"Means, Bub",,41045,3123413,,Pittsburgh,215,16,5,74,35,17942,ef0feb13-57b8-474c-a723-cf03f57a321a,979102800,,4427985,,
2026,NYJ,0,2024,NYJ,RB,16752,"Davis, Isaiah",,41031,26718641,,South Dakota State,220,32,5,73,38,17057,849789be-b8f0-4d97-a777-2fcf336efa6a,1014267600,,4695404,,
2026,DAL,0,2024,DAL,CB,16753,"Carson, Caelen",,41023,3171180,,Wake Forest,195,21,5,72,39,17759,6393b3f5-c426-4895-81d2-b96e0320c450,1015131600,,4431006,,
2026,NYJ,0,2024,NYJ,CB,16754,"Stiggers, Qwan'tez",,41020,29362385,,Toronto Argonauts,197,37,5,72,41,17940,3c69c44b-9d3c-478d-82a5-42852df8ddd7,1010466000,,5208977,,
2026,NEP,0,2024,MIA,CB,16756,"Dial, Marcellas",,41059,26700297,,South Carolina,190,24,6,72,4,17984,2c5c81d9-07bd-40a7-8052-8c2fa1203834,976078800,,4875079,,
2026,LAC,0,2024,LAC,RB,16757,"Vidal, Kimani",,41052,3163421,,Troy,215,28,6,68,5,17821,ed923635-f021-4b76-9dbb-9f1901eeaab9,998974800,,4430968,,
2026,TEN,0,2024,FA,WR,16758,"Jackson, Jha'Quan",,41065,3122336,,Tulane,188,19,6,69,6,17972,bcb054df-47e9-411c-8c9d-eef1a9a25487,958366800,,4427575,,
2026,NYG,0,2024,NEP,LB,16759,"Muasau, Darius",,41090,3127438,,UCLA,234,53,6,72,7,17868,9ed90b2b-c650-41c0-9cee-2fbd8fc95546,981781200,,4428072,,
2026,ATL,0,2024,CAR,WR,16760,"Washington, Casey",,41074,3126493,,Illinois,205,82,6,72,11,18044,98b9b952-b31f-47c4-9fac-9d7516af34df,983854800,,4428796,,
2026,HOU,0,2024,HOU,LB,16761,"Hill, Jamal",,41063,3127547,,Oregon,227,56,6,72,12,18059,8ff249ba-9bd7-4faa-8e21-cfefabb561bb,986360400,,4427479,,
2026,DET,0,2024,DET,DT,16762,"Wingo, Mekhi",,41091,26698762,,LSU,288,94,6,72,13,17750,f6f39738-d9ec-45bb-8d6c-e64dfccdf3e4,1050552000,,4586333,,
2026,ARI,0,2024,FA,WR,16763,"Palmer, Tejhaun",,41079,26702915,,UAB,210,83,6,73,15,18073,99345c7e-a544-477c-8b57-a4a2b8bcce27,958712400,,4875912,,
2026,CIN,0,2024,FA,TE,16765,"McLachlan, Tanner",,41066,2980252,,Arizona,244,84,6,77,18,17866,5d4fc75b-c99a-44f8-983c-c7b15e929a7a,921474000,,4384171,,
2026,LAR,0,2024,LAR,DT,16767,"Davis, Tyler",,41080,1703029,,Clemson,300,90,6,74,20,17799,4adfc559-1138-4476-a095-3bbaa7ba18b3,973054800,,4568217,,
2026,ATL,0,2024,CLE,DT,16768,"Logue, Zion",,41073,3122175,,Georgia,314,93,6,78,21,17949,17805ded-83cc-49b2-95f1-855841dcede5,995000400,,4427826,,
2026,NOS,0,2024,NOS,DT,16770,"Boyd, Khristian",,41077,2968144,,Northern Iowa,320,97,6,74,23,18055,538b5b00-3ad4-45c2-8d97-26f8c57ba1ed,951282000,,4384595,,
2026,CAR,0,2024,HOU,DT,16771,"Crumedy, Jaden",,41076,2966233,,Mississippi State,309,96,6,76,24,17885,ab636859-ef8d-443e-b2db-b555b21705c8,964933200,,4362910,,
2026,HOU,0,2024,HOU,RB,16773,"Jordan, Jawhar",,41064,3121704,,Louisville,186,22,6,70,29,17916,d3ddb80f-6f08-4594-be42-4c2f0716f4ef,934952400,,4429939,,
2026,CLE,0,2024,CLE,LB,16774,"Watson, Nathaniel",,41068,2964221,,Mississippi State,233,40,6,72,30,17898,7de6f8cd-e4bc-4a0e-b339-12990b4b7c57,967784400,,4362895,,
2026,LAR,0,2024,FA,PK,16775,"Karty, Joshua",,41081,3163734,,Stanford,207,16,6,74,33,17923,649bda12-5a56-45f7-aab9-e18ec3a88d96,1015477200,,4566192,,
2026,KCC,0,2024,GBP,CB,16776,"Hadden, Kamal",,41053,3123974,,Tennessee,192,36,6,73,35,17832,ae33b86e-d67d-4b38-87e8-f7c666b4a88b,979707600,,4427356,,
2026,CIN,0,2024,CIN,DE,16777,"Johnson, Cedric",,41067,3168796,,Ole Miss,264,52,6,75,38,17847,606de6c7-99a3-4d0e-b6c3-a5c570d402bc,1031284800,,4430065,,
2026,DAL,0,2024,DAL,WR,16778,"Flournoy, Ryan",,41087,28891456,,Southeast Missouri State,200,19,6,73,40,17974,ebf6bc25-5e74-4588-86d6-5dadba3f9bcd,941000400,,5083754,,
2026,WAS,0,2024,WAS,DE,16780,"Jean-Baptiste, Javontae",,41126,2965753,,Notre Dame,260,41,7,76,2,17953,5e6813f4-d436-45d2-a30e-f32a1e1b989c,958453200,,4361357,,
2026,CIN,0,2024,FA,S,16782,"Anthony, Daijahn",,41114,26700961,,Ole Miss,200,33,7,72,4,17997,709bd5ab-4e34-49fa-9203-f4dacfb5e226,968475600,,4874448,,
2026,CLE,0,2024,CLE,CB,16784,"Harden, Myles",,41117,26718920,,South Dakota,195,26,7,71,7,17995,91fae7d2-6f40-4ad6-b49f-0d05405ada81,1008219600,,4695783,,
2026,MIN,0,2024,MIN,DT,16786,"Drake-Rodriguez, Levi",,41132,29481323,,East Texas A&M,290,50,7,74,12,18078,f755051d-6986-40c4-aba4-126af4b1842e,965365200,,5093973,,
2026,IND,0,2024,LVR,DT,16787,"Laulu, Jonah",,41107,2969206,,Oklahoma,289,96,7,77,14,18056,44d0ebd8-d1ca-4e6a-8af3-cbd55f6acc7d,962341200,,4373956,,
2026,DEN,0,2024,NOS,WR,16788,"Vele, Devaughn",,41097,3121113,,Utah,210,14,7,77,15,17975,2a638f35-a80a-46db-9722-12b49d45ab52,881902800,,4569559,,
2026,JAC,0,2024,FA,DE,16789,"Cole, Myles",,41108,2962394,,Texas Tech,278,59,7,78,16,17905,0d50064b-8915-46b2-bdc8-7582a1a17f8b,956984400,,4365303,,
2026,MIA,0,2024,FA,WR,16792,"Washington, Tahj",,41104,3122529,,USC,174,7,7,70,21,17978,298d990d-9fd4-4cdf-8fcd-a7c3043d17fd,989989200,,4567506,,
2026,TEN,0,2024,TEN,LB,16793,"Williams, James",,41112,26695415,,Miami (FL),232,52,7,76,22,17834,3c58378b-d327-4d25-b2b9-1aead2975bcb,1045285200,,4431613,,
2026,CLE,0,2024,NYJ,DT,16794,"Briggs, Jowon",,41116,3121131,,Cincinnati,313,91,7,73,23,18079,0b366a95-a3a6-4044-a9de-b6bf78fb339e,999320400,,4426676,,
2026,TBB,0,2024,TBB,TE,16796,"Culp, Devin",,41120,2967413,,Washington,237,82,7,76,26,17965,c62dcaf1-79e3-4e15-8fb0-e7cb30a18fe4,949467600,,4361112,,
2026,HOU,0,2024,KCC,DT,16797,"Harris, Marcus",,41109,3132190,,Auburn,295,72,7,75,27,17840,4b56e1ba-37e9-4f00-8782-717c6e6c4555,970030800,,4573152,,
2026,BAL,0,2024,FA,S,16798,"Kane, Sanoussi",,41119,3161806,,Purdue,210,21,7,71,30,18080,cb9f76e3-d527-4bdf-8d99-9a813ccc70e6,1002344400,,4430118,,
2026,SFO,0,2024,SFO,LB,16799,"Bethune, Tatum",,41123,3122324,,Florida State,230,48,7,73,31,17961,5eb6ff1f-98c2-499b-9d11-37c3d1173993,982558800,,4426698,,
2026,TEN,0,2024,TEN,DE,16800,"Harrell, Jaylen",,41113,3169482,,Michigan,247,92,7,76,32,17682,bd77a854-4a7f-4840-a3f9-c5f428bd2dda,1020225600,,4429058,,
2026,LAC,0,2024,FA,WR,16801,"Johnson, Cornelius",,41099,3133361,,Michigan,212,84,7,75,33,17051,aef0e96a-d473-4991-9bb3-a9764d777a36,975474000,,4426479,,
2026,FA,0,2024,FA,RB,16803,"Watson, Blake",,41388,2963426,,Memphis,195,25,,69,,17915,51f21920-0730-11ef-9a3c-99c1643e1512,939877200,,4361604,,
2026,FA,0,2024,JAC,WR,16806,"Cephus, Joshua",,41411,3127909,,UTSA,193,80,,74,,17697,4704e820-0740-11ef-969f-ef7a39469df5,983768400,,4426893,,
2026,FA,0,2024,CAR,WR,16809,"Coker, Jalen",,41293,3163990,,Holy Cross,213,18,,75,,17976,67977ab0-070b-11ef-978d-05d80704d329,1004418000,,4695883,,
2026,FA,0,2024,LVR,RB,16810,"Collier, Chris",,41261,3161765,,Lock Haven,203,35,,70,,18118,7fcfe130-06fc-11ef-9592-67ed152bdb91,953874000,,4698191,,
2026,FA,0,2024,FA,RB,16811,"Wiley, Michael",,41234,3128079,,Arizona,209,34,,72,,17670,f2734220-0668-11ef-9381-bf0dc2a6d127,973832400,,4569156,,
2026,FA,0,2024,FA,LB,16815,"Jacobs, Curtis",,41465,3168824,,Penn State,241,57,,73,,17896,687dea60-07cc-11ef-ad8e-ffa665412428,1014008400,,4429097,,
2026,FA,0,2024,HOU,RB,16816,"Brooks, British",,41480,2961993,,North Carolina,225,44,,71,,18300,2ef88b80-07cf-11ef-96cf-876a6c13e638,942901200,,4373273,,
2026,FA,0,2024,NEP,DT,16817,"Taylor, Leonard",,41335,26699689,,Miami (FL),305,93,,75,,17726,cad27c20-071e-11ef-9fb1-eb76adac1fa7,1022644800,,4431598,,
2026,FA,0,2024,CIN,S,16820,"Brade, Beau",,41241,3162341,,Maryland,209,25,,72,,17804,48b4b770-06f2-11ef-b629-8d4815317755,1012280400,,4429291,,
2026,FA,0,2024,FA,WR,16821,"Wade, Dayton",,41262,3121829,,Ole Miss,184,82,,69,,18127,923bd7f0-06fe-11ef-b95c-81e74d9949b8,968389200,,4428763,,
2026,FA,0,2024,CAR,LB,16828,"Njongmeta, Maema",,41336,3131726,,Wisconsin,232,45,,72,,17964,38c63ba0-0723-11ef-acb3-9348ceb755d6,984114000,,4428125,,
2026,FA,0,2024,TEN,TE,16831,"Martin-Robinson, David",,41662,2962690,,Temple,247,88,,75,,18301,dad0d560-0c9e-11ef-b2f4-ab1e3a869265,946184400,,4360978,,
2026,FA,0,2024,PIT,WR,16834,"Burgess, Cole",,41502,29362393,,SUNY-Cortland,198,17,,73,,18281,efe48d60-07db-11ef-8ada-f18c6785cc00,950245200,,5192448,,
2026,FA,0,2024,DEN,LB,16836,"Bailey, Levelle",,41395,3121678,,Fresno State,225,56,,74,,18343,e9fd8540-0732-11ef-b2dc-3f8c2bf783f5,975906000,,4428241,,
2026,FA,0,2024,FA,WR,16837,"Johnson, Xavier",,41274,2984078,,Ohio State,204,89,,73,,18295,4bf636c0-0706-11ef-b33a-7b84ef0f7eb5,926398800,,4385430,,
2026,FA,0,2024,FA,TE,16838,"Pline, Mason",,41368,29176455,,Furman,260,85,,79,,18328,b0f28450-0726-11ef-87d2-b788a7a4a635,949726800,,4911517,,
2026,FA,0,2024,WAS,RB,16839,"Westover, Jack",,41352,2964293,,Washington,245,87,,74,,18083,22926aa0-0725-11ef-bcfc-752f39cb55fa,928904400,,4361100,,
2026,FA,0,2024,LAR,PK,16843,"Mevis, Harrison",,41312,3162619,,Missouri,243,92,,71,,17921,663ada70-0717-11ef-94de-1b2fbd1e412b,1017205200,,4574716,,
2026,FA,0,2023,DET,PK,16846,"Bates, Jake",,40835,3173439,,Arkansas,202,39,,70,,17376,3a724be0-3075-11ee-bdab-4565792ee2a3,920437200,,4689936,,
2026,FA,0,2024,NYG,PK,16848,"McAtamney, Jude",,41686,28922958,,Rutgers,205,99,,74,,18294,59390ff0-0eeb-11ef-966f-a152cdc308bf,957848400,,5092436,,
2026,FA,0,2023,DET,RB,16850,"Saylors, Jacob",,40474,2976071,,East Tennessee State,195,25,,71,,17584,99a7f770-ea18-11ed-a93b-a93886fe0bfd,984027600,,4383429,,
2026,FA,0,2024,FA,TE,16854,"Castles, McCallan",,41373,2964061,,Tennessee,252,46,,77,,18195,302dded0-072d-11ef-bb54-e981db140060,944197200,,4372741,,
2026,FA,0,2024,NOS,WR,16858,"Tipton, Mason",,41188,3135304,,Yale,187,15,,71,,18107,91918b20-0572-11ef-96c1-f73e6ad39631,970030800,,4573697,,
2026,FA,0,2023,MIA,RB,16864,"Washington, Carlos",,40420,2867377,,Southeastern Louisiana,210,26,,71,,17465,43670880-e8f9-11ed-a4c3-31452e24a6c7,914648400,,4248425,,
2026,FA,0,2024,FA,CB,16865,"Bishop, Beanie",,41136,2964315,,West Virginia,182,31,,69,,17933,c20acbf0-04f9-11ef-8561-b171b26383e5,945406800,,4363052,,
2026,FA,0,2023,FA,QB,16868,"Martinez, Adrian",,40299,2966360,,Kansas State,220,15,,74,,17266,e95a83c0-e6f6-11ed-88d6-7977d3a68019,947221200,,4361182,,
2026,FA,0,2024,MIN,DE,16869,"Richter, Bo",,41216,26718629,,Air Force,248,98,,73,,18182,ee995e00-0591-11ef-bf22-39578731379d,966142800,,4875564,,
2026,FA,0,2024,LAR,LB,16870,"Speights, Omar",,41449,3122472,,LSU,228,48,,73,,17914,c24e8e40-07c3-11ef-b253-11c65affe8a4,983509200,,4428550,,
2026,FA,0,2024,FA,RB,16871,"Wheeler, Ian",,41322,3126061,,Howard,206,33,,70,,18260,4cbe3c80-0718-11ef-ad6b-0f2dd4b44ccd,1000530000,,4579554,,
2026,FA,0,2024,BUF,LB,16872,"Andreessen, Joe",,41696,2960877,,Buffalo,232,44,,73,,18329,73da40c0-0fe7-11ef-ae8b-ddf8e5486729,949899600,,4366349,,
2026,FA,0,2024,CLE,DT,16875,"Chatman, Elijah",,41634,3125114,,SMU,278,94,,72,,18333,34ca0550-0c95-11ef-9a13-a1b03b54c0ec,975992400,,4429392,,
2026,FA,0,2022,CHI,WR,16877,"Davis, Kaden",,34569,2886881,,Northwest Missouri State,193,89,,73,,16472,acb316b0-d24f-11ec-b16e-cf7159baf83d,906699600,,5065495,,
2026,FA,0,2024,DAL,CB,16878,"Steward, Reddy",,41330,3125038,,Troy,178,20,,71,,18259,53ca5630-071d-11ef-9523-7119a13023a1,988952400,,4428584,,
2026,FA,0,2024,WAS,S,16880,"Owens, Tyler",,41222,3127028,,Texas Tech,213,18,,74,,17999,782d0d60-0655-11ef-bea4-a5fd3793027b,989643600,,4572460,,
2026,FA,0,2024,FA,QB,16882,"Bradley, Carter",,41133,2961526,,South Alabama,213,14,,75,,17918,30ee4a00-04fb-11ef-bec6-79d1846dfa68,952578000,,4362260,,
2026,FA,0,2024,TBB,WR,16883,"Johnson, Kameron",,41300,29380891,,Barton,170,19,,70,,18307,94c41960-0712-11ef-b01e-875e1e5d6ffb,1016341200,,5097554,,
2026,FA,0,2024,SFO,CB,16885,"Codrington, Brandon",,41579,3138177,,North Carolina Central,185,29,,69,,18225,88a2a9c0-0be6-11ef-a1fb-fd287260fc2a,974437200,,4576069,,
2026,FA,0,2024,FA,PN,16886,"Hayball, Matthew",,41178,3137158,,Vanderbilt,189,43,,72,,18106,bf54e530-0571-11ef-928d-f38123af817d,858142800,,4571597,,
2026,FA,0,2024,CIN,PN,16887,"Rehkow, Ryan",,41471,3162224,,BYU,235,8,,76,,18230,57633980-07cf-11ef-b13e-a3ae804c7cd8,905490000,,4608820,,
2026,FA,0,2024,MIA,CB,16889,"Duck, Storm",,41429,3122721,,Louisville,195,36,,72,,18276,84cde2b0-07c2-11ef-95e1-89469c9b9880,976856400,,4427103,,
2026,FA,0,2024,FA,CB,16890,"McGlothern, Dwight",,41210,3162450,,Arkansas,185,29,,74,,17992,0b114d80-0584-11ef-8549-c35bdee1a640,1012971600,,4429128,,
2026,FA,0,2024,NYJ,DE,16894,"McGregor, Braiden",,41328,3169492,,Michigan,267,55,,78,,17816,8eae21b0-071c-11ef-a3c0-935b79634141,994914000,,4429005,,
2026,FA,0,2024,IND,PK,16896,"Shrader, Spencer",,41499,3131541,,Notre Dame,201,3,,74,,18268,2d7fa2f0-07d6-11ef-b188-b11373ae105b,927090000,,4571557,,
2026,FA,0,2024,WAS,TE,16898,"Yankoff, Colson",,41233,2961827,,UCLA,225,80,,76,,18160,8344b150-0667-11ef-8407-311b2612bbe3,951886800,,4361088,,
2026,FA,0,2024,NEP,S,16900,"Pettus, Dell",,41413,3125012,,Troy,200,24,,71,,18149,48abbb80-075a-11ef-a2f5-8dc558cf6193,991458000,,4428232,,
2026,FA,0,2024,KCC,CB,16907,"Roland-Wallace, Chris",,41498,3123411,,USC,202,30,,71,,17991,cfd2da80-07d7-11ef-9eb8-d3c1d804b4f8,1006491600,,4428383,,
2026,FA,0,2024,NOS,LB,16911,"Stalbird, Isaiah",,41184,2966354,,South Dakota State,215,44,,73,,18111,2cd70910-0574-11ef-b715-3db186b90a94,963896400,,4361194,,
2026,FA,0,2024,LAR,S,16912,"McCollough, Jaylen",,41447,3122957,,Tennessee,202,2,,72,,18385,e3f6e380-07c3-11ef-8c61-79ad930f01f9,971326800,,4427120,,
2026,FA,0,2024,NEP,CB,16913,"Woods, Charles",,4368113,2966834,,SMU,185,22,,71,,18387,9e43feb0-07c6-11ef-a682-8f29ee4a79f3,961218000,,4368113,,
2026,FA,0,2023,PHI,TE,16919,"Jenkins, E.J.",,40550,2820917,,Georgia Tech,245,84,,78,,17218,626a1dd0-ebab-11ed-bb4c-e536974648f2,910069200,,4248557,,
2026,FA,0,2023,ARI,CB,16922,"Green, Art",,40697,3162036,,Houston,200,35,,74,,17360,6dcf20a0-f31f-11ed-93d5-0b07c9520235,956984400,,4689674,,
2026,FA,0,2023,DEN,DE,16923,"Tillman, Dondrea",,41728,2939991,,Indiana (PA),247,92,,76,,18416,7bae5c30-2d76-11ef-965b-a7cea7da527b,893912400,,5216101,,
2026,FA,0,2022,CLE,LB,16926,"Reid, Winston",,41367,2869459,,Weber State,225,59,,72,,18292,f3790430-072a-11ef-a3a3-25be50b73d84,933656400,,4251125,,
2026,FA,0,2024,MIN,DT,16927,"Redmond, Jalen",,40572,2967242,,Oklahoma,291,61,,75,,17118,15a85030-ec59-11ed-ae91-5be3a63bf6e6,921214800,,4360277,,
2026,FA,0,2024,DET,S,16928,"Harper, Thomas",,41146,3121929,,Notre Dame,189,12,,70,,18134,cc1d5cf0-0500-11ef-bb66-eba00fd362a6,973400400,,4569323,,
2026,FA,0,2024,FA,S,16933,"Richardson, Demani",,41310,3131658,,Texas A&M,215,36,,73,,18002,325fd170-0716-11ef-ba1c-2110081547cc,970894800,,4426926,,
2026,FA,0,2023,CLE,TE,16940,"Whiteheart, Blake",,40433,2964419,,Wake Forest,250,86,,76,,17130,9a8395a0-e900-11ed-9cad-a989770811a8,953701200,,4362018,,
2026,FA,0,2023,CAR,WR,16949,"Tremayne, Brycen",,40407,2967463,,Stanford,212,87,,76,,17330,2a3cbc30-e8ed-11ed-bd02-25f41a9e059e,942901200,,4360763,,
2026,FA,0,2024,LAR,CB,16954,"Wallace, Josh",,41452,3131623,,Michigan,189,30,,72,,17937,424e1560-07c5-11ef-96b2-79ba17dd049f,962773200,,4572371,,
2026,FA,0,2024,FA,RB,16957,"Jennings, Terrell",,41713,3133899,,Florida A&M,217,26,,72,,18368,e6fc9a80-1168-11ef-8e6a-d7d3a1fb0861,983422800,,4427600,,
2026,FA,0,2023,MIA,WR,16958,"Miller, Ryan",,40676,2964726,,Furman,221,84,,74,,17271,edb7de00-f1b8-11ed-9bf1-7fd77a26dc1f,951022800,,4369466,,
2026,FA,0,2024,JAC,TE,16962,"Bates, Brenden",,41675,2963924,,Kentucky,255,82,,77,,18253,eb055af0-0e1a-11ef-aa6c-9183e6948e0f,940136400,,4362603,,
2026,FA,0,2024,PIT,LB,16967,"Windmon, Jacoby",,41165,3122011,,Michigan State,250,41,,74,,18082,deadda60-04fc-11ef-9cc3-cdbd2d3e65fb,998283600,,4428909,,
2026,FA,0,2024,HOU,WR,16975,"Oliver, Bryce",,41251,2967309,,Youngstown State,214,80,,73,,18302,e88c3c70-06fa-11ef-92ba-0de371d8ef1a,958712400,,4362617,,
2026,FA,0,2023,MIN,CB,16976,"Brooks, Natrone",,40745,3170353,,Southern Miss,175,35,,71,,17623,5068d7b0-f368-11ed-b622-936c98a846ff,945406800,,4689989,,
2026,FA,0,2024,MIN,TE,16979,"Grandy, Cam",,41353,29148608,,Illinois State,253,85,,77,,18284,8e6c6eb0-0725-11ef-b490-715b3492492e,942987600,,4700712,,
2026,FA,0,2023,FA,CB,16982,"Butler, Josh",,40829,2186419,,Michigan State,182,31,,72,,17650,804bd6a0-2c00-11ee-b1fc-571fc9ac66e0,848898000,,3929814,,
2026,FA,0,2024,MIA,S,16989,"Wood, Julius",,41400,3121240,,East Carolina,193,25,,73,,18247,a7011ca0-072f-11ef-aee1-63cc61868faa,988779600,,4872841,,
2026,FA,0,2023,MIA,LB,17000,"Heyward, Shaka",,40488,2966055,,Duke,238,50,,75,,17171,770482a0-eac3-11ed-b0fb-af4f3941e6b7,956120400,,4360413,,
2026,FA,0,2023,TEN,S,17001,"Brooks, Kendell",,40426,26696270,,Michigan State,206,33,,72,,17480,fcdc7670-e8fd-11ed-8f16-bf9f502d2331,952059600,,4585317,,
2026,FA,0,2024,CIN,LB,17010,"Bozeman, Swayze",,41554,3122038,,Southern Miss,230,47,,73,,18220,7dadd460-0a45-11ef-829a-8b9f8c151637,909982800,,4570546,,
2026,FA,0,2023,HOU,WR,17011,"Wayne, Jared",,40288,3126867,,Pittsburgh,210,89,,75,,16847,28c09980-e6ea-11ed-8605-b736dbb934f2,970894800,,4430681,,
2026,FA,0,2023,TEN,DE,17016,"Jones, Truman",,40559,2963213,,Harvard,255,56,,75,,17289,484759c0-ec39-11ed-aeaf-cb0dc6206dc5,958194000,,4367828,,
2026,FA,0,0,CHI,Coach,17027,"Johnson, Ben",,,,,,,,,,,,575efa80-887b-11ec-9d87-7de7f5eef812,516171600,,,,
2026,FA,0,0,DAL,Coach,17028,"Schottenheimer, Brian",,,,,,,,,,,,c3cf76bb-5b75-4bc1-b4be-3e70519d7d5b,119595600,,,,
2026,FA,0,0,JAC,Coach,17029,"Coen, Liam",,,,,,,,,,,,e277cad0-9324-11ec-acb5-8983601b1eaa,500274000,,,,
2026,TEN,0,2025,TEN,QB,17030,"Ward, Cam",,41786,3168422,,Miami (FL),219,1,1,74,1,16997,3c76cab3-3df2-43dd-acaa-57e055bd32d0,1022299200,,4688380,,
2026,CLE,0,2025,CLE,QB,17031,"Sanders, Shedeur",,41930,26710004,,Colorado,212,2,5,74,6,18479,270e09bc-8bf8-44b0-87ed-1fd014de4ab7,1013058000,,4432762,,
2026,NYG,0,2025,NYG,QB,17032,"Dart, Jaxson",,41810,26694019,,Ole Miss,223,6,1,74,25,18574,53848cba-bcad-4cd0-bb35-0a1f6ed111d1,1052798400,,4689114,,
2026,SEA,0,2025,SEA,QB,17033,"Milroe, Jalen",,41882,26694943,,Alabama,216,6,3,74,28,18477,b0eb5b67-4ef2-462d-bfe7-e73bcce1f6b0,1039755600,,4432734,,
2026,MIA,0,2025,JAC,QB,17034,"Ewers, Quinn",,42037,26746721,,Texas,209,10,7,74,15,18505,d89f0384-21a6-44e4-8aa6-324cb2103bf6,1052798400,,4889929,,
2026,IND,0,2025,IND,QB,17035,"Leonard, Riley",,41968,26699092,,Notre Dame,213,15,6,76,13,18513,38b62d7f-4403-4e2b-8083-4d0cd08e81aa,1031889600,,4683423,,
2026,PIT,0,2025,PIT,QB,17036,"Howard, Will",,41989,3162310,,Ohio State,236,18,6,76,9,18512,b8a1b579-3a7e-4858-960b-fbfaca8de613,1001307600,,4429955,,
2026,CLE,0,2025,CLE,QB,17037,"Gabriel, Dillon",,41861,3121534,,Oregon,205,5,3,71,30,18496,299d4fe8-188c-43d1-95d3-8a8f103da5c5,977979600,,4427238,,
2026,PHI,0,2025,MIA,QB,17038,"McCord, Kyle",,41971,26702687,,Syracuse,218,14,6,75,5,18498,451c7689-4fc2-410a-a33f-22dfa2ab37d4,1032408000,,4433971,,
2026,NOS,0,2025,NOS,QB,17039,"Shough, Tyler",,41825,2964064,,Louisville,219,6,2,77,8,17037,94b8f9e1-3109-4429-8f71-4f79d7588237,938494800,,4360689,,
2026,FA,0,2025,MIA,QB,17040,"Cook, Brady",,42229,3163207,,Missouri,215,15,,74,,18482,4916c770-2501-11f0-aed8-c154e65d4269,1002862800,,4429435,,
2026,SFO,0,2025,SFO,QB,17041,"Rourke, Kurtis",,42009,3122216,,Indiana,220,14,7,76,11,18565,1b412617-dee5-4c07-bdfc-e26eeff7fe80,972450000,,4430431,,
2026,LVR,0,2025,LVR,RB,17042,"Jeanty, Ashton",,41791,28874008,,Boise State,208,2,1,68,6,18487,320fc4b7-76c7-43af-bbfd-1a22ba8f78cb,1070341200,,4890973,,
2026,NEP,0,2025,NEP,RB,17043,"Henderson, TreVeyon",,41823,26699547,,Ohio State,202,32,2,70,6,18517,0d9788e6-03ee-416d-8ba2-deb57037d209,1035259200,,4432710,,
2026,LAC,0,2025,LAC,RB,17044,"Hampton, Omarion",,41807,28908905,,North Carolina,220,8,1,72,22,18445,3e1b7908-79ee-4a23-97b9-5190725a2e5e,1047790800,,4685382,,
2026,NYG,0,2025,NYG,RB,17045,"Skattebo, Cam",,41922,26697012,,Arizona State,215,44,4,71,3,18514,e1f0c72d-f4d0-4c24-93a4-8a12b9a2efd2,1012885200,,4696981,,
2026,NOS,0,2025,MIN,RB,17046,"Neal, Devin",,41972,26703005,,Kansas,213,30,6,71,8,18521,4ef874c1-50c3-4120-9199-0d5a4ae7c6dd,1060660800,,4682652,,
2026,CLE,0,2025,CLE,RB,17047,"Sampson, Dylan",,41907,28912068,,Tennessee,200,22,4,68,24,18467,6ea71d26-623a-4178-a93a-215678244902,1095134400,,5081397,,
2026,PIT,0,2025,GBP,RB,17048,"Johnson, Kaleb",,41881,28875572,,Iowa,224,20,3,73,19,18515,9738de9a-7626-460f-a786-28433ef70a1f,1060833600,,4819231,,
2026,KCC,0,2025,KCC,RB,17049,"Smith, Brashard",,42012,26694196,,SMU,196,24,7,70,12,18529,3170164a-1718-4a39-9ef2-e18104e35fef,1050033600,,4596602,,
2026,TEN,0,2025,TEN,RB,17050,"Mullings, Kalel",,41986,3169471,,Michigan,226,28,6,74,12,18463,9983d47b-c955-4546-882f-4bd2a2a5ad42,1033704000,,4429121,,
2026,CLE,0,2025,CLE,RB,17051,"Judkins, Quinshon",,41821,28878286,,Ohio State,221,10,2,71,4,18516,268c6ae2-278b-49f8-b7cd-b367944412f3,1067403600,,4685702,,
2026,JAC,0,2025,JAC,RB,17052,"Tuten, Bhayshul",,41900,26732838,,Virginia Tech,209,33,4,69,2,18524,26d4b13e-a555-4519-9356-cd16c65384e7,1045198800,,4882093,,
2026,HOU,0,2025,HOU,RB,17053,"Marks, Woody",,41902,3171045,,USC,208,4,4,70,14,18449,b900661b-b5df-47c8-819d-bb13b106a60b,978066000,,4429059,,
2026,SEA,0,2025,FA,RB,17054,"Martinez, Damien",,42015,28873395,,Miami (FL),217,22,7,72,7,18528,487da97d-a1e8-4a1f-9b43-085944ea1a44,1075525200,,4808830,,
2026,SFO,0,2025,SFO,RB,17055,"James, Jordan",,41933,28916212,,Oregon,208,29,5,69,9,18485,c16040c3-7534-4eeb-956c-8ed3be9972ec,1080536400,,4685397,,
2026,CAR,0,2025,CAR,RB,17056,"Etienne, Trevor",,41913,28901419,,Georgia,198,23,4,68,12,18506,39e2d13c-0fb7-465f-ad8b-0b4bb73e1124,1089345600,,4685350,,
2026,FA,0,2025,FA,RB,17057,"Edwards, Donovan",,42226,26697211,,Michigan,212,40,,73,,18444,162f3110-24fe-11f0-9c33-270dfe4c58dc,1046149200,,4431536,,
2026,CIN,0,2025,CIN,RB,17058,"Brooks, Tahj",,41983,3168518,,Texas Tech,220,25,6,69,17,18519,8d50af87-f6dc-42cb-a7e7-11716667a1dc,1021262400,,4429299,,
2026,MIA,0,2025,MIA,RB,17059,"Gordon II, Ollie",,41969,28873887,,Oklahoma State,225,31,6,74,3,18450,42753bb4-a416-4d40-bf81-f20d2181be2f,1074142800,,4711533,,
2026,IND,0,2025,IND,RB,17060,"Giddens, DJ",,41937,26695679,,Kansas State,212,21,5,72,13,18443,73ffa6e6-7fb3-4f34-a856-38bfd62cca15,1061870400,,4874509,,
2026,JAC,0,2025,JAC,RB,17061,"Allen, LeQuint",,42007,28877884,,Syracuse,201,5,7,72,20,18476,14aedd06-41a6-41db-8c5e-05483f91570d,1091678400,,4911851,,
2026,FA,0,2025,CLE,RB,17062,"Sanders, Raheim",,42139,26700087,,South Carolina,230,35,,72,,18526,09b7c5d0-23ca-11f0-97f8-1902f784caec,1023508800,,4601080,,
2026,DAL,0,2025,NYG,RB,17063,"Mafah, Phil",,42018,26695049,,Clemson,234,37,7,72,23,18531,54b97d06-1639-46a3-9dcc-67320687281d,1035432000,,4431562,,
2026,LAR,0,2025,MIA,RB,17064,"Hunter, Jarquez",,41919,26700820,,Auburn,204,35,4,69,15,18523,e71d4c32-3233-467f-ab01-71de34e5d9b4,1041138000,,4710341,,
2026,CHI,0,2025,CHI,RB,17066,"Monangai, Kyle",,42025,3177368,,Rutgers,207,25,7,68,17,18520,6edec23b-f938-40f7-a151-1db5374880dd,1023336000,,4608686,,
2026,DEN,0,2025,DEN,RB,17068,"Harvey, RJ",,41845,3121207,,UCF,205,12,2,68,28,18522,fc6dbb83-b2b1-4962-b793-e79b2378b525,981262800,,4568490,,
2026,DAL,0,2025,PHI,RB,17069,"Blue, Jaydon",,41935,28875227,,Texas,196,34,5,69,11,18499,f5e6eb8e-2c76-4bf9-b47f-57c62659341d,1073538000,,4685279,,
2026,CHI,0,2025,CHI,WR,17070,"Burden, Luther",,41824,28874444,,Missouri,210,10,2,72,7,18548,a4c21977-c9d1-40f8-abee-0862dfab9195,1071205200,,4685278,,
2026,CAR,0,2025,CAR,WR,17071,"McMillan, Tetairoa",,41793,28877124,,Arizona,212,4,1,77,8,18547,874de000-586c-4999-ac12-02766563e200,1049518800,,4685472,,
2026,LAC,0,2025,LAC,WR,17072,"Harris, Tre",,41840,3162525,,Ole Miss,210,9,2,75,23,18478,a45328a1-7d0e-451a-8176-ea30f0e1c86f,1014872400,,4686612,,
2026,TEN,0,2025,TEN,WR,17073,"Ayomanor, Elic",,41904,28900714,,Stanford,206,5,4,74,34,18552,6c773a16-1a93-4845-a519-d56c85e0090f,1054612800,,4883647,,
2026,JAC,0,2025,JAC,WR,17074,"Hunter, Travis",,41787,28909849,,Colorado,185,12,1,73,2,18578,4a975d4c-d7cd-45ef-b258-db45187140eb,1053230400,,4685415,,
2026,GBP,0,2025,GBP,WR,17075,"Golden, Matthew",,41808,28874927,,Texas,191,22,1,71,23,18500,d1963360-c011-4764-9a36-9e627073f68f,1059710400,,4701936,,
2026,FA,0,2025,CLE,WR,17076,"Bond, Isaiah",,42598,,,Texas,180,16,,71,,18502,6ceb1330-795d-11f0-aadf-fbc926339e02,1079326800,,4808839,,
2026,FA,0,2025,TEN,WR,17077,"Restrepo, Xavier",,42368,3163221,,Miami (FL),202,87,,70,,18466,3ac9d7c0-2560-11f0-af22-1731557928d7,1018584000,,4431353,,
2026,LVR,0,2025,LVR,WR,17078,"Bech, Jack",,41843,26700682,,TCU,214,18,2,73,26,18457,01079767-a3a3-437d-b935-ea0ecb1fe68b,1040187600,,4603186,,
2026,TBB,0,2025,TBB,WR,17079,"Johnson, Tez",,42030,3161539,,Oregon,165,15,7,70,19,18484,ad756d40-39a0-4f5c-bbf5-f31f4c3ee0a6,1021694400,,4608810,,
2026,HOU,0,2025,HOU,WR,17080,"Noel, Jaylin",,41885,26697286,,Iowa State,201,13,3,71,15,18555,c4bab22e-a89a-41f6-b03a-07073a72f41b,1031112000,,4586312,,
2026,TBB,0,2025,TBB,WR,17081,"Egbuka, Emeka",,41804,26696165,,Ohio State,205,2,1,73,19,18549,00cea287-1fa0-4584-803f-59f546ef8722,1034568000,,4567750,,
2026,DEN,0,2025,DEN,WR,17082,"Bryant, Pat",,41860,26697415,,Illinois,204,13,3,74,10,18562,2858209e-4aa7-4539-9901-99a4d881229c,1039496400,,4600981,,
2026,HOU,0,2025,HOU,WR,17083,"Higgins, Jayden",,41819,26708551,,Iowa State,215,81,2,76,2,18551,f55444a9-ccad-4343-bb03-caca6ea3de99,1039928400,,4877706,,
2026,SEA,0,2025,SEA,WR,17084,"White, Ricky",,42042,3169795,,UNLV,184,86,7,73,22,18560,f2e485f8-ba20-4c1c-b279-41dcdcb28d03,1012971600,,4431479,,
2026,KCC,0,2025,KCC,WR,17086,"Royals, Jalen",,41891,28924106,,Utah State,195,11,4,72,31,18550,0ef78810-a38b-4444-b3b9-fb8b293c567d,1045544400,,5082630,,
2026,LVR,0,2025,LVR,WR,17087,"Thornton, Dont'e",,41892,26694424,,Tennessee,205,10,4,77,6,18558,483606b2-c0c9-4da2-8fcf-73d2615756c7,1038632400,,4432775,,
2026,FA,0,2025,LAC,WR,17088,"Wease, Theo",,42161,3124276,,Missouri,210,81,,74,,18645,277f6ff0-2442-11f0-ac20-e1591f73b631,993445200,,4426535,,
2026,FA,0,2025,ATL,WR,17089,"Wells, Antwane",,42444,3161901,,Ole Miss,205,2,,72,,18559,483872b0-2630-11f0-b7f1-df7c830143e7,986187600,,4696062,,
2026,FA,0,2025,FA,WR,17091,"Brooks, Ja'Corey",,42482,26702195,,Louisville,195,16,,75,,18561,0ed739f0-29de-11f0-9cc3-6301091945e0,1004504400,,4431506,,
2026,GBP,0,2025,GBP,WR,17096,"Williams, Savion",,41851,3161844,,TCU,222,83,3,76,23,18554,06fb642c-b10b-4b23-966a-13668a7c4426,1006405200,,4431487,,
2026,MIN,0,2025,MIN,WR,17097,"Felton, Tai",,41859,26702969,,Maryland,183,13,3,73,38,18553,1eeea030-3313-4aab-b33c-9f836710354a,1047704400,,4565185,,
2026,SEA,0,2025,SEA,WR,17098,"Horton, Tory",,41952,3165177,,Colorado State,196,15,5,74,28,17772,66dd47a3-fb5d-434f-a580-b2069e2904f8,1038546000,,4597703,,
2026,LAC,0,2025,LAC,TE,17099,"Gadsden, Oronde",,41951,26727374,,Syracuse,236,86,5,77,27,18481,6af50530-145a-4b34-946d-ce1a7f7d3166,1056513600,,4595342,,
2026,FA,0,2025,FA,WR,17100,"Nash, Nick",,42185,3123884,,San Jose State,195,80,,75,,18455,e3e4c450-2466-11f0-aa27-6de335b6b2a0,965192400,,4570242,,
2026,IND,0,2025,IND,TE,17102,"Warren, Tyler",,41799,3168800,,Penn State,256,84,1,78,14,18534,c8fe3913-1210-4142-b9c1-c119ef702ca5,1022212800,,4431459,,
2026,CLE,0,2025,CLE,TE,17103,"Fannin, Harold",,41877,28900882,,Bowling Green,241,44,3,76,3,18472,8bdf2df7-b51c-4404-b153-8dc62b1e0845,1090296000,,5083076,,
2026,CHI,0,2025,CHI,TE,17104,"Loveland, Colston",,41795,28874696,,Michigan,241,84,1,78,10,18460,62cd2cd5-8b40-4ee6-bfb8-0083edd105a2,1081483200,,4723086,,
2026,TEN,0,2025,TEN,TE,17105,"Helm, Gunnar",,41905,26696189,,Texas,241,84,4,77,18,18503,beb69cba-f240-43ed-88d3-50d066cf55d4,1031284800,,4686728,,
2026,NYJ,0,2025,NYJ,TE,17106,"Taylor, Mason",,41827,28878064,,LSU,251,85,2,77,10,18535,07d2be51-73c2-4f26-81d5-bc6e9b88bff2,1083988800,,4808766,,
2026,LAR,0,2025,LAR,TE,17107,"Ferguson, Terrance",,41831,26701481,,Oregon,247,18,2,77,14,18497,fdfc7b8e-a202-4459-91f8-be6e053e5d29,1047013200,,4570037,,
2026,SEA,0,2025,SEA,TE,17108,"Arroyo, Elijah",,41835,26700496,,Miami (FL),254,18,2,77,18,18540,98bc7c8c-e6e4-4694-a0ef-d3f25274223e,1049518800,,4678006,,
2026,CAR,0,2025,CAR,TE,17109,"Evans, Mitchell",,41949,26693662,,Notre Dame,258,84,5,77,25,18545,788b494d-d624-46ae-a956-81bd10f6a044,1047963600,,4683243,,
2026,HOU,0,2025,FA,TE,17111,"Lachey, Luke",,42041,3163014,,Iowa,247,42,7,78,39,18546,eeb9ef87-859a-407b-a17a-c671dd6a863a,993790800,,4432338,,
2026,NYG,0,2025,NYG,DE,17112,"Carter, Abdul",,41788,28890311,,Penn State,252,3,1,75,3,18581,95fa8be3-3be8-45bb-9475-60a444e1af74,1073019600,,4725996,,
2026,SFO,0,2025,SFO,DE,17113,"Williams, Mykel",,41796,28877800,,Georgia,267,98,1,79,11,18584,b53b3aa5-5ef4-4d54-a4f1-8be678e980d2,1088481600,,4685623,,
2026,CIN,0,2025,CIN,DE,17114,"Stewart, Shemar",,41802,28923420,,Texas A&M,267,94,1,77,17,18655,8343b537-2507-495f-b6ee-7ba6fe582c3d,1068613200,,4685562,,
2026,ATL,0,2025,ATL,DE,17115,"Pearce, James",,41811,28912047,,Tennessee,243,27,1,77,26,18657,1a3a8a05-9418-48ba-910e-db87caf00bfe,1065931200,,5081394,,
2026,PIT,0,2025,PIT,DE,17116,"Sawyer, Jack",,41909,26693445,,Ohio State,260,33,4,76,21,18659,2743d973-5944-460c-b17c-b1e029b11af9,1020657600,,4431590,,
2026,BUF,0,2025,BUF,DE,17117,"Jackson, Landon",,41852,26694361,,Arkansas,264,94,3,78,8,18663,0e8fa07d-6827-477a-acde-467568aa0c7d,1041483600,,4432715,,
2026,LAR,0,2025,LAR,DE,17118,"Stewart, Josaiah",,41853,26702426,,Michigan,249,10,3,73,26,18662,11a0dc4d-a8fa-44b4-a630-f2a0042268d6,1051329600,,4682983,,
2026,CAR,0,2025,CAR,DE,17119,"Scourton, Nic",,41836,28921128,,Texas A&M,257,11,2,74,19,18658,3eebb324-cdd9-4c19-b1b8-1e7649fe0737,1093406400,,4833355,,
2026,BAL,0,2025,BAL,DE,17120,"Green, Mike",,41844,26706090,,Marshall,250,15,2,75,27,18779,55b34ff0-64f3-43c1-9030-47f52b9ad394,1059364800,,4683188,,
2026,CLE,0,2025,CLE,DT,17121,"Graham, Mason",,41790,28873918,,Michigan,315,94,1,76,5,18461,5efacd9e-be9e-4711-8101-e5579ba3274f,1062475200,,4873232,,
2026,ATL,0,2025,ATL,DE,17122,"Walker, Jalon",,41800,28876549,,Georgia,245,11,1,74,15,18683,a1788f0e-f637-4333-846e-757b373b98a5,1077598800,,4685597,,
2026,PHI,0,2025,PHI,LB,17123,"Campbell, Jihaad",,41816,28875305,,Alabama,235,11,1,75,31,18718,d57e75e5-bd90-41be-97e9-c2d2cea5512b,1077598800,,4685287,,
2026,CIN,0,2025,CIN,LB,17124,"Carter, Barrett",,41906,26701571,,Clemson,231,49,4,72,17,18720,92ddcecf-9837-460b-9117-b3ec5447e356,1035345600,,4431519,,
2026,CIN,0,2025,CIN,LB,17125,"Knight, Demetrius",,41834,3122236,,South Carolina,240,44,2,74,17,18719,f54f5e3b-da40-4296-a252-8e6a054b35ef,946962000,,4427729,,
2026,NOS,0,2025,NOS,LB,17126,"Stutsman, Danny",,41914,26708377,,Oklahoma,236,28,4,75,10,18722,1dea6eaf-2631-4fa0-80a8-476bbd93af92,1047272400,,4683215,,
2026,ARI,0,2025,ARI,CB,17127,"Johnson, Will",,41832,517294,,Michigan,200,2,2,74,15,18462,1a568fbe-4efb-4f67-9866-9b0b4e40b344,1048914000,,4685408,,
2026,DEN,0,2025,DEN,CB,17128,"Barron, Jahdae",,41805,3168219,,Texas,200,23,1,71,20,17773,75dd276d-df54-4264-893c-aab76f3ae9b2,1007442000,,4430925,,
2026,TBB,0,2025,TBB,CB,17129,"Morrison, Benjamin",,41838,28924605,,Notre Dame,190,21,2,72,21,18590,33859ece-2c7f-4fe2-9c16-aff3c1e0b9e0,1078981200,,4816107,,
2026,WAS,0,2025,WAS,CB,17130,"Amos, Trey",,41846,3164271,,Ole Miss,190,23,2,73,29,18588,84d2fb0a-3277-49e4-8625-9640923f33ea,1015131600,,4574689,,
2026,ATL,0,2025,ATL,S,17131,"Watts, Xavier",,41883,3161550,,Notre Dame,203,31,3,72,32,18616,c28798ce-a253-434d-b312-7c95449fcb63,1006405200,,4431005,,
2026,BAL,0,2025,BAL,S,17132,"Starks, Malaki",,41812,28876050,,Georgia,203,24,1,73,27,18619,5a92d12b-a8df-47fb-9d07-93a042702a36,1068699600,,4685530,,
2026,FA,0,2025,GBP,PK,17133,"Krieg, Lenny",,41782,29711189,,Germany,214,46,,74,,18774,55829920-0b8a-11f0-a333-294d3ecf3d4d,1028520000,,5277116,,
2026,NEP,0,2025,NEP,WR,17134,"Williams, Kyle",,41864,3167684,,Washington State,190,18,3,71,5,19126,3aa9330e-5201-4e99-ba55-0102f76bfe05,1037163600,,4613202,,
2026,DAL,0,2025,DAL,DE,17135,"Ezeiruaku, Donovan",,41829,26701231,,Boston College,248,6,2,74,12,18656,31076b50-c01e-4cce-9898-8bd2b04cf6e4,1064462400,,4683848,,
2026,ARI,0,2025,ARI,DT,17136,"Nolen, Walter",,41801,28923687,,Ole Miss,300,97,1,76,16,18490,ec3a8edd-eda6-4cff-bd71-088a105f8a5a,1066104000,,4685503,,
2026,PIT,0,2025,PIT,DT,17137,"Harmon, Derrick",,41806,26717385,,Oregon,313,99,1,76,21,18489,1fd56b66-3c11-4664-bb80-f0594f915923,1059883200,,4682980,,
2026,MIA,0,2025,MIA,DT,17138,"Grant, Kenneth",,41798,28927564,,Michigan,335,90,1,75,13,18583,b785d238-2bb5-4265-8559-a78646273ae7,1067230800,,4894654,,
2026,BUF,0,2025,BUF,DT,17139,"Sanders, T.J.",,41826,26723652,,South Carolina,297,98,2,76,9,18689,78c91cbd-e8ab-42f9-bf92-6bc5f98a09f7,1059537600,,4684527,,
2026,PHI,0,2025,PHI,LB,17140,"Mondon, Smael",,41947,26696015,,Georgia,224,42,5,74,23,18721,980ab578-c9d3-4ba5-912d-b723e5b6a0fb,1045112400,,4431573,,
2026,BUF,0,2025,BUF,CB,17141,"Hairston, Maxwell",,41815,26702396,,Kentucky,183,31,1,71,30,18587,fee39f7c-63e9-4377-969f-a3e6aa520ebb,1060142400,,4688931,,
2026,DAL,0,2025,DAL,CB,17142,"Revel, Shavon",,41863,28924259,,East Carolina,194,28,3,73,12,18580,385fc1f3-4dca-476d-85a6-c02929e8fc8c,986706000,,5095865,,
2026,NYJ,0,2025,NYJ,CB,17143,"Thomas, Azareye'h",,41872,28875404,,Florida State,197,1,3,73,9,18585,6aa62324-5bbb-4059-bd22-65ad7a8cdb74,1089086400,,4685596,,
2026,SEA,0,2025,SEA,S,17144,"Emmanwori, Nick",,41820,28903245,,South Carolina,220,3,2,75,3,18617,03af2f58-94a2-403d-b183-0ffad62795fa,1076130000,,4869523,,
2026,TEN,0,2025,TEN,S,17145,"Winston, Kevin",,41857,28891495,,Penn State,213,23,3,74,18,18620,1dd1308d-3ca4-4972-abc4-0dae40726900,1070341200,,4685617,,
2026,DET,0,2025,DET,DT,17146,"Williams, Tyleik",,41813,26699409,,Ohio State,328,91,1,75,28,18684,7981290b-8045-4714-b19b-caffc04edc2c,1046149200,,4431615,,
2026,CLE,0,2025,CLE,LB,17147,"Schwesinger, Carson",,41818,26724333,,UCLA,242,49,2,75,1,18717,c81bb255-a30e-4488-9696-e624f0ff9042,1046062800,,4876017,,
2026,SFO,0,2025,SFO,DT,17148,"Collins, Alfred",,41828,3168167,,Texas,332,95,2,77,11,18685,d81084a7-c3bd-4746-883c-12797db9859a,1002517200,,4430835,,
2026,IND,0,2025,IND,DE,17149,"Tuimoloau, JT",,41830,26725187,,Ohio State,264,91,2,76,13,18661,2f930253-2560-4d50-aa9e-512fa00dc902,1052539200,,4566154,,
2026,TEN,0,2025,TEN,DE,17150,"Oladejo, Oluwafemi",,41837,26723538,,UCLA,259,7,2,75,20,18669,215c9c0f-d492-4fdd-9a53-c3a9c52345a2,1064030400,,4876057,,
2026,CHI,0,2025,CHI,DT,17151,"Turner, Shemar",,41847,26728030,,Texas A&M,293,95,2,75,30,18577,c70d84d3-b202-42e3-8e6e-5d87170960aa,1042520400,,4432804,,
2026,KCC,0,2025,KCC,DT,17152,"Norman-Lott, Omarr",,41848,3162348,,Tennessee,315,55,2,75,31,18705,04648fce-0bba-40d4-98c0-e18c48e32567,1015822800,,4591008,,
2026,PHI,0,2025,PHI,S,17153,"Mukuba, Andrew",,41849,26698125,,Texas,186,24,2,71,32,18626,0cb34ce3-42de-42d3-88a4-d242e43b2e34,1039237200,,4602197,,
2026,NYG,0,2025,NYG,DT,17154,"Alexander, Darius",,41856,3125553,,Toledo,310,91,3,76,1,18696,13a06c0d-d946-4a00-bd7a-e9131aaa09cb,967266000,,4426542,,
2026,KCC,0,2025,KCC,DE,17155,"Gillotte, Ashton",,41886,26702432,,Louisville,270,97,3,75,2,18667,ccc1bab9-c77d-4d01-857f-9b240b86301a,1035954000,,4684432,,
2026,LVR,0,2025,LVR,CB,17156,"Porter, Darien",,41876,3123668,,Iowa State,195,26,3,74,4,18589,8a80dfe2-96c3-4183-89a9-b2525917c263,978757200,,4430330,,
2026,DET,0,2025,DET,WR,17157,"TeSlaa, Isaac",,41865,29122587,,Arkansas,214,18,3,76,6,18642,41e5e4a9-f04c-462e-a1d1-e35a8115b974,1014181200,,5123663,,
2026,NOS,0,2025,NOS,DT,17158,"Broughton, Vernon",,41875,3162792,,Texas,305,91,3,76,7,18699,899433ed-9e60-4786-ac45-32c415da04c0,995173200,,4429040,,
2026,SFO,0,2025,SFO,LB,17159,"Martin, Nick",,41867,26701189,,Oklahoma State,221,45,3,71,11,18730,47d7bf64-314d-4f9a-a0b4-d928efc7d0da,1034481600,,4573188,,
2026,CAR,0,2025,CAR,DE,17160,"Umanmielen, Princely",,41862,3175460,,Ole Miss,244,3,3,76,13,18492,33d3d9a0-1bac-4a33-b1f5-381f5634c988,1019102400,,4429166,,
2026,ARI,0,2025,ARI,DE,17161,"Burch, Jordan",,41880,3169604,,Oregon,280,52,3,76,14,18664,930464fc-202d-4592-9a04-ef830194cef0,1002690000,,4428996,,
2026,IND,0,2025,IND,CB,17162,"Walley, Justin",,41878,26696282,,Minnesota,190,27,3,70,16,18606,90e8fdb2-7758-4293-b25c-0c6d6255261c,1032667200,,4682909,,
2026,TBB,0,2025,TBB,CB,17163,"Parrish, Jacob",,41869,28899124,,Kansas State,198,25,3,70,20,18591,5c292ee4-9ffa-4ee3-afe6-d7ce5001b003,1078030800,,4912847,,
2026,KCC,0,2025,KCC,CB,17164,"Williams, Nohl",,41874,3167676,,California,200,20,3,73,21,18593,7d2f964c-1e5d-4f13-a169-62b4a9e35f2c,1032753600,,4610705,,
2026,LAC,0,2025,LAC,DT,17165,"Caldwell, Jamaree",,41887,28912553,,Oregon,340,99,3,73,22,18692,f2d4b707-f118-46b8-9697-e0506f29a987,967611600,,5089178,,
2026,JAC,0,2025,JAC,S,17166,"Ransaw, Caleb",,41855,26701502,,Tulane,196,27,3,72,24,18597,12a65657-e762-4238-a080-147f21e6a962,1040533200,,4683347,,
2026,NOS,0,2025,NOS,S,17167,"Sanker, Jonas",,41879,26705792,,Virginia,210,7,3,73,29,18628,910ab530-d255-47be-b041-135ee92b1abf,1038027600,,4683813,,
2026,HOU,0,2025,HOU,CB,17168,"Smith, Jaylin",,41871,26720327,,USC,190,22,3,71,33,18611,65a9a4da-5aac-4596-ba66-ec3e467463b8,1068008400,,4594277,,
2026,SFO,0,2025,SFO,CB,17169,"Stout, Upton",,41884,3161516,,Western Kentucky,181,20,3,69,36,18605,c2e8a5f9-98db-4f9d-8720-c919db450134,1010552400,,4565200,,
2026,DEN,0,2025,DEN,DT,17170,"Jones, Sai'vion",,41868,26695727,,LSU,289,95,3,77,37,18665,51b134e9-4aed-4dfc-a2dd-ed03f42b3c0e,1057204800,,4603189,,
2026,TEN,0,2025,TEN,WR,17171,"Dike, Chimere",,41903,3162452,,Florida,196,17,4,73,1,18641,1e95c7fc-ecf7-4fcb-82d8-d77e2b6872d5,1008306000,,4431268,,
2026,NEP,0,2025,NEP,S,17172,"Woodson, Craig",,41897,3127716,,California,200,4,4,72,4,18632,2ed92c83-4e76-4632-abb8-704a2c6c6a2c,982645200,,4428930,,
2026,JAC,0,2025,JAC,LB,17173,"Kiser, Jack",,41901,3124190,,Notre Dame,231,54,4,74,5,18727,870b148e-5abc-4dcf-a70c-db0df4b4dd75,968562000,,4427716,,
2026,BUF,0,2025,BUF,DT,17174,"Walker, Deone",,41894,28900765,,Kentucky,331,96,4,79,7,18691,9514d4d4-f32a-477d-9eda-a76ae9e28a77,1078981200,,4831989,,
2026,NYJ,0,2025,NYJ,WR,17175,"Smith, Arian",,41896,3163930,,Georgia,179,82,4,72,8,18646,8c7c7f4c-f8cc-4e02-aa0f-f794a1afd6ae,1002776400,,4429105,,
2026,PHI,0,2025,PHI,DT,17176,"Robinson, Ty",,41921,3123514,,Nebraska,288,95,4,77,9,18688,193ab2af-e24e-4abc-aad7-196328445984,988866000,,4569586,,
2026,SFO,0,2025,SFO,DT,17177,"West, CJ",,41916,3164056,,Indiana,316,99,4,73,11,18702,4e1e4a5a-a8c2-45e8-8c0b-c8ac10724666,1023854400,,4686308,,
2026,ARI,0,2025,ARI,LB,17178,"Simon, Cody",,41918,3169584,,Ohio State,230,50,4,74,13,18723,bb0b9a85-f3f0-40e5-86fe-0434494caf17,1017637200,,4429071,,
2026,ATL,0,2025,ATL,CB,17179,"Bowman, Billy",,41911,26699909,,Oklahoma,194,33,4,70,16,18618,4f423d1f-622b-45e7-a8c7-18d37d27978b,1043816400,,4431194,,
2026,TBB,0,2025,TBB,DE,17180,"Walker, David",,41910,28883913,,Central Arkansas,260,51,4,74,19,18670,d5b3eaa3-b6ad-4794-ad61-6a9293a71738,960008400,,5085355,,
2026,CAR,0,2025,CAR,S,17181,"Ransom, Lathan",,41912,3169620,,Ohio State,206,22,4,72,20,18625,05179d37-cbaf-4ff1-9a24-c3d9194aab39,1026792000,,4429110,,
2026,GBP,0,2025,GBP,DE,17182,"Sorrell, Barryn",,41924,26730646,,Texas,256,99,4,75,22,18666,6120d1a4-44bb-478d-8911-a7543418f1ad,1040533200,,4683643,,
2026,LAC,0,2025,FA,DE,17183,"Kennard, Kyle",,41890,3162117,,South Carolina,254,54,4,77,23,18668,83573dd8-c19e-4e20-9c3d-056418bf3842,1008133200,,4432333,,
2026,WAS,0,2025,WAS,WR,17184,"Lane, Jaylin",,41920,3162484,,Virginia Tech,196,83,4,70,26,18643,2ec24c7a-8d5d-453a-b45d-03eb27c645d0,1020225600,,4602667,,
2026,BAL,0,2025,BAL,LB,17185,"Buchanan, Teddye",,41908,3162246,,California,240,40,4,74,27,18734,3dbb3f2f-f605-4a09-bced-2c45d985c994,1033617600,,4698244,,
2026,NYJ,0,2025,NYJ,S,17186,"Moore, Malachi",,41895,3170861,,Alabama,196,27,4,71,28,18631,469e4a2a-d6f0-49fc-bd82-42e88356530a,1000357200,,4692024,,
2026,NOS,0,2025,NOS,CB,17187,"Riley, Quincy",,41915,3124979,,Louisville,195,29,4,71,29,18600,3edaf8a7-e949-4f9b-be56-e0bf627ee7eb,990853200,,4428350,,
2026,CHI,0,2025,CHI,LB,17188,"Hyppolite, Ruben",,41923,3162578,,Maryland,236,47,4,72,30,18814,8da4c940-6483-46e7-af3b-c49e8d2355c7,1000616400,,4429970,,
2026,DEN,0,2025,DEN,DE,17189,"Robinson, Quandarrius",,41889,3170862,,Alabama,243,51,4,76,32,18676,9d313477-3091-403a-a1d6-1f1e7e5ac4c4,989643600,,4692048,,
2026,LVR,0,2025,LVR,DT,17190,"Hemingway, Tonka",,41893,3169805,,South Carolina,284,97,4,74,33,18704,9808be58-a38d-463c-9d9c-537c0a03fb55,1004504400,,4429109,,
2026,NEP,0,2025,NEP,DT,17191,"Farmer, Joshua",,41898,26701499,,Florida State,312,92,4,75,35,18695,541acdf2-8f7e-4543-b344-d7d4a0ce783b,1042779600,,4611993,,
2026,SFO,0,2025,SFO,WR,17192,"Watkins, Jordan",,41917,3164736,,Ole Miss,196,17,4,71,36,18647,bd65c350-6044-415a-8749-e70a3b8f86e2,1013749200,,4431466,,
2026,MIN,0,2025,MIN,DT,17193,"Ingram-Dawkins, Tyrion",,41925,26694523,,Georgia,276,90,5,77,1,18693,1a5dd0e3-f01b-4330-a711-3f00c8d1cad5,1056600000,,4629149,,
2026,CAR,0,2025,CAR,DT,17194,"Jackson, Cam",,41926,3166846,,Florida,328,99,5,78,2,18686,194fc092-1fd9-4723-9bef-57658a002b76,1028692800,,4687513,,
2026,SEA,0,2025,SEA,DT,17195,"Mills, Rylie",,41928,3163334,,Notre Dame,290,98,5,77,4,18697,29a06739-05aa-45e9-ba8f-cb4a7e7d975a,998283600,,4430838,,
2026,MIA,0,2025,MIA,DT,17196,"Phillips, Jordan",,41929,28875263,,Maryland,305,94,5,75,5,18707,b8c1665f-5e43-4370-88b8-a73a6dee7a23,1088568000,,4837188,,
2026,PHI,0,2025,PHI,CB,17197,"McWilliams, Mac",,41931,3167995,,UCF,191,22,5,70,7,18604,c603e45d-8112-4553-be24-42c3e0d858b5,1007010000,,4689651,,
2026,NEP,0,2025,PIT,DE,17198,"Swinson, Bradyn",,41932,3163018,,LSU,255,43,5,76,8,18660,84863fc2-015f-49b6-9d68-23cca7096d9c,1025755200,,4431424,,
2026,LAR,0,2025,LAR,DT,17199,"Hamilton, Ty",,41934,3169617,,Ohio State,299,57,5,74,10,18690,cf6d1752-4c9d-4960-ba59-74cdd16c332a,1018843200,,4431118,,
2026,MIA,0,2025,MIA,CB,17200,"Marshall, Jason",,41936,26702648,,Florida,204,33,5,72,12,18614,93c12de7-1d9c-44a3-aaf4-0382eae0d917,1031284800,,4432730,,
2026,DAL,0,2025,DAL,LB,17201,"James, Shemar",,41938,28900606,,Florida,222,50,5,73,14,18731,5c012614-be18-4d9f-8134-112e40e5f54f,1088049600,,4685400,,
2026,MIA,0,2025,MIA,S,17202,"Trader, Dante",,41941,26699623,,Maryland,202,11,5,71,17,18630,a4eabafc-a847-4a0d-8f67-28d3b422c14f,1045112400,,4431664,,
2026,KCC,0,2025,KCC,LB,17203,"Bassa, Jeffrey",,41942,26698017,,Oregon,235,31,5,74,18,18725,fb38f3cd-8e90-4c41-b10e-0ed37d97c3bc,1032494400,,4602389,,
2026,TBB,0,2025,TBB,DT,17204,"Roberts, Elijah",,41943,3168747,,SMU,295,95,5,76,19,18675,5ab83529-db28-47c6-80a7-6d42401ddb51,1009170000,,4690795,,
2026,LAC,0,2025,LAC,WR,17205,"Lambert-Smith, KeAndre",,41944,3163041,,Auburn,182,84,5,73,20,18650,2f6580d2-6f19-4a03-99e8-4dbd9ebf2a73,1003208400,,4430870,,
2026,GBP,0,2025,GBP,DE,17206,"Oliver, Collin",,41945,26694511,,Oklahoma State,240,45,5,74,21,18672,06b22647-5eb6-4e2b-9943-cda9758305c8,1032753600,,4683059,,
2026,SFO,0,2025,SFO,S,17207,"Sigle, Marques",,41946,3175295,,Kansas State,199,36,5,71,22,18634,617c4aee-a205-49de-8a16-655bb6f08143,1026964800,,4693337,,
2026,NYJ,0,2025,NYJ,LB,17208,"Mauigoa, Francisco",,41948,26718821,,Miami (FL),233,51,5,74,24,18739,8b7b163e-d0a7-4dde-b7b5-8da96d220e5d,1047877200,,4700136,,
2026,PIT,0,2025,PIT,DT,17209,"Black, Yahya",,41950,3162512,,Iowa,336,94,5,77,26,18706,9331aafb-e40a-4b33-8f8c-d2c1fb798782,1019361600,,4430947,,
2026,BUF,0,2025,BUF,S,17211,"Hancock, Jordan",,41956,26693514,,Ohio State,195,37,5,72,32,18602,29c9a3bb-69ff-4c45-8db3-08ca6d558342,1060660800,,4596480,,
2026,LAR,0,2025,FA,LB,17212,"Paul, Chris",,41958,26700940,,Ole Miss,222,54,5,72,34,18493,6e74b967-c938-44d8-97df-c15086086938,1036386000,,4602943,,
2026,BUF,0,2025,BUF,TE,17213,"Hawes, Jackson",,41959,3135324,,Georgia Tech,253,85,5,76,35,18538,87304bcd-83f1-4e59-b9cb-6474f7e0dc01,976078800,,4573699,,
2026,ARI,0,2025,ARI,CB,17214,"Burke, Denzel",,41960,26696925,,Ohio State,190,29,5,71,36,18596,51d70da6-cd09-4f2d-8b1a-1a458bea1d8a,1036904400,,4432668,,
2026,SEA,0,2025,SEA,RB,17215,"Ouzts, Robbie",,41961,26697728,,Alabama,274,40,5,75,37,18624,fc472cd5-1a00-4bd9-ab41-6eb7e50f0d21,1031284800,,4691688,,
2026,NYJ,0,2025,NYJ,DE,17216,"Baron, Tyler",,41962,3171903,,Miami (FL),258,94,5,76,38,18491,8dcb1e01-e200-4ba0-be45-1dc8871d9838,1003726800,,4692555,,
2026,BUF,0,2025,BUF,CB,17217,"Strong, Dorian",,42002,3169956,,Virginia Tech,185,43,6,73,1,18592,fb62cc43-b6b8-4498-81b5-747ade6d0efa,1016082000,,4568703,,
2026,LVR,0,2025,LVR,DT,17219,"Pegues, JJ",,41995,3169135,,Ole Miss,325,92,6,74,4,18687,c4ea4298-027d-47c6-b1c7-7cb7a4c1bd6a,1006664400,,4430896,,
2026,NEP,0,2025,NEP,PK,17220,"Borregales, Andres",,41980,26699665,,Miami (FL),202,36,6,71,6,18743,80dce1ba-c997-47e6-a37e-e92fefcbdc1b,1009947600,,4569923,,
2026,TEN,0,2025,TEN,CB,17221,"Harris, Marcus",,41993,3129271,,California,188,26,6,71,7,18599,bf0296be-fea7-4629-99f7-b91793a744c1,,,4570469,,
2026,BAL,0,2025,BAL,PK,17222,"Loop, Tyler",,41988,3174704,,Arizona,191,33,6,71,10,18742,a6b8b5d3-a2f2-4532-ade3-dc122b6b240c,996901200,,4697745,,
2026,HOU,0,2025,NEP,S,17223,"Reed, Jaylen",,41991,26696291,,Penn State,212,26,6,72,11,18633,ba695d50-4e27-4804-91ed-4ec9321b3346,1043816400,,4432758,,
2026,IND,0,2025,IND,DT,17224,"Smith, Tim",,41974,3170853,,Alabama,306,93,6,76,14,17899,531330e7-3326-4ebd-90f8-004c4ea2edca,1028865600,,4692033,,
2026,JAC,0,2025,JAC,DE,17225,"McLeod, Jalen",,41981,3172294,,Auburn,236,53,6,73,18,18729,89c2a23b-613c-4131-986a-2c274340847a,1023249600,,4576129,,
2026,DET,0,2025,DET,DE,17226,"Hassanein, Ahmed",,41963,26725394,,Boise State,275,99,6,74,20,18678,02f4a8d3-3236-4e3b-a760-960bef3d3714,1026187200,,4710422,,
2026,HOU,0,2025,HOU,QB,17227,"Mertz, Graham",,41975,3122664,,Florida,216,18,6,74,21,18653,54cfd592-9878-4ac3-ab29-f00f8b2e9440,976078800,,4426335,,
2026,GBP,0,2025,GBP,DT,17228,"Brinson, Warren",,41984,3162980,,Georgia,315,91,6,77,22,18694,93246c54-f4ab-43bf-8666-bb7c1895b544,1012798800,,4429136,,
2026,JAC,0,2025,JAC,S,17229,"Lane, Rayuan",,41978,26707416,,Navy,197,25,6,71,24,18636,6f511f3c-2288-4726-8fff-39cd874907dd,1058760000,,4880675,,
2026,MIN,0,2025,FA,LB,17230,"King, Kobe",,41966,26693554,,Penn State,236,41,6,73,25,18724,22b01678-952c-4923-b1a9-1249aa1e0791,1043730000,,4588300,,
2026,MIN,0,2025,MIN,TE,17231,"Bartholomew, Gavin",,41994,26702972,,Pittsburgh,246,86,6,77,26,18573,c1b41bdc-c726-4ee5-910f-b5e4a00412a3,1051675200,,4708049,,
2026,BAL,0,2025,BAL,WR,17232,"Wester, LaJohntay",,42000,3170389,,Colorado,170,10,6,69,27,18567,f4e1d4de-95e9-452e-95ab-3555989d90bb,1017378000,,4690143,,
2026,WAS,0,2025,WAS,LB,17233,"Medrano, Kain",,41985,3127760,,UCLA,230,56,6,75,29,18740,951a4569-432c-4f85-8623-5d6c06e4e1df,982299600,,4427984,,
2026,CAR,0,2025,CLE,WR,17234,"Horn, Jimmy",,41999,26717166,,Colorado,174,15,6,68,32,18569,f15872a6-7bc1-41e4-a2cd-0a2fbc432bf7,1031803200,,4708486,,
2026,BAL,0,2025,BAL,DT,17236,"Peebles, Aeneas",,41979,3162850,,Virginia Tech,289,90,6,72,34,18700,763488fa-9768-4624-89f2-bec0baba7334,999493200,,4565311,,
2026,BAL,0,2025,ATL,CB,17237,"Longerbeam, Robert",,41998,3177340,,Rutgers,174,37,6,71,36,18612,ee2fdc5e-e57f-4ce7-b64f-f54f6932b3be,979794000,,4575860,,
2026,LVR,0,2025,NOS,WR,17238,"Mellott, Tommy",,42001,3162687,,Montana State,206,19,6,71,37,18816,f6d13858-d592-4603-a9cb-518c1b57806d,985928400,,4775196,,
2026,LAC,0,2025,LAC,S,17239,"Mickens, R.J.",,41987,3162716,,Clemson,210,27,6,72,38,18627,9fafb31c-10c8-4299-822c-8d532904b6fb,994741200,,4429018,,
2026,LVR,0,2025,FA,QB,17240,"Miller, Cam",,41964,3175318,,North Dakota State,211,5,6,73,39,18808,065b4e2a-5071-4b33-aef8-0b3eb99dce35,992840400,,4693331,,
2026,DEN,0,2025,DEN,PN,17241,"Crawshaw, Jeremy",,41977,3162871,,Florida,205,16,6,75,40,18746,640f28f2-9365-44f2-bbfb-29730dfe8c90,990507600,,4589212,,
2026,DAL,0,2025,ARI,DT,17242,"Toia, Jay",,42003,26694727,,UCLA,342,93,7,74,1,18710,09ab3357-370f-4d35-abfe-4576d00e5c87,1058328000,,4431603,,
2026,NYG,0,2025,NYG,TE,17243,"Fidone, Thomas",,42004,26699695,,Nebraska,255,86,7,78,3,18507,0e21445d-6318-43ce-ba78-310ee648b602,1032494400,,4590292,,
2026,LVR,0,2025,LVR,LB,17244,"Lindenberg, Cody",,42034,3161753,,Minnesota,236,55,7,74,6,18728,c2a6d8cb-26f5-4b44-9a2a-a29c5d8a6446,1011070800,,4685126,,
2026,ARI,0,2025,ARI,S,17246,"Crawford, Kitan",,42016,3168212,,Nevada,202,36,7,71,9,18639,4c752c92-6699-40b0-b436-035f152af376,1009774800,,4430821,,
2026,PIT,0,2025,PIT,LB,17247,"Bruener, Carson",,42022,3161527,,Washington,227,44,7,73,10,18735,5d19be5f-da33-4d86-b910-06e4ccd7f0c7,991717200,,4429490,,
2026,DET,0,2025,FA,S,17249,"Jackson, Dan",,42014,3135291,,Georgia,195,28,7,73,14,18804,3efcc497-81cd-44be-8bc3-8930d13868b0,975560400,,4575115,,
2026,IND,0,2025,IND,S,17250,"Wohler, Hunter",,42029,26726472,,Wisconsin,213,30,7,74,16,18635,9a8eac53-759b-4594-bec9-cecd5b296760,1042347600,,4432789,,
2026,GBP,0,2025,TEN,CB,17251,"Robinson, Micah",,42028,29557287,,Tulane,183,21,7,71,21,18821,9362edb6-b774-4f56-be92-234da2567364,1012885200,,4695280,,
2026,DEN,0,2025,DEN,TE,17253,"Lohner, Caleb",,42027,3177905,,Utah,250,84,7,79,25,18822,88a09f4b-3cc1-4e70-bf4c-9b1503ecb89f,1001912400,,4432208,,
2026,LAR,0,2025,LAR,WR,17254,"Mumpfield, Konata",,42035,26694679,,Pittsburgh,186,4,7,71,26,17081,ccb6d700-ac74-4f6b-9f86-d1aa74d0c318,1035432000,,4710855,,
2026,DET,0,2025,DET,WR,17255,"Lovett, Dominic",,42043,26696063,,Georgia,185,19,7,70,28,17858,fb855b6b-16ca-4224-8e05-bcd9e51e7230,1036731600,,4596439,,
2026,WAS,0,2025,WAS,RB,17256,"Croskey-Merritt, Jacory",,42010,3126952,,Arizona,208,22,7,71,29,18811,202b8be6-40d2-49ed-b256-312ac45ec70f,987051600,,4575131,,
2026,NYG,0,2025,NYG,CB,17257,"Black, Korie",,42031,3169114,,Oklahoma State,190,25,7,72,30,18802,af0644a7-0d19-462d-85e6-36aac0d39f8b,1024718400,,4429281,,
2026,NOS,0,2025,NOS,TE,17259,"Matavao, Moliki",,42006,26693980,,UCLA,263,80,7,78,32,18623,140c137e-69f7-40a9-a92c-42e331b04109,1047877200,,4432731,,
2026,SFO,0,2025,FA,WR,17260,"Bergen, Junior",,42032,26731678,,Montana,184,86,7,69,36,18824,b67ab6d1-bed0-4dd0-a21a-d4108fc07711,1035345600,,4887918,,
2026,MIA,0,2025,MIA,DT,17261,"Biggers, Zeek",,42036,26695346,,Georgia Tech,319,93,7,78,37,18716,d5a77794-304b-4d30-91cf-beaedb7be14b,1065240000,,4683276,,
2026,NOS,0,2025,NOS,DE,17262,"Diggs, Fadil",,42021,3162375,,Syracuse,261,40,7,77,38,18681,5c0a3fa3-45eb-48f0-93de-7c03f47f760b,1003122000,,4429073,,
2026,LAC,0,2025,CIN,CB,17263,"Bridges, Trikweze",,42033,3127616,,Florida,200,31,7,74,40,18826,bccb01d6-0ee2-43a3-a230-0e669b089a22,969426000,,4426513,,
2026,NEP,0,2025,FA,CB,17264,"Minor, Kobee",,42008,3168495,,Memphis,188,19,7,71,41,18825,14c1358f-13fa-4acf-bf4c-f943d153cdcb,1026100800,,4566100,,
2026,FA,0,2025,LAR,LB,17265,"Dolac, Shaun",,42314,3168182,,Buffalo,225,56,,73,,18913,36206400-254c-11f0-85e6-ad6d4b9a9b15,1000443600,,4693848,,
2026,FA,0,2025,FA,RB,17266,"Johnson, Montrell",,42173,26699807,,Florida,212,34,,71,,18566,3557e290-2449-11f0-9b47-b3e02d0eb26f,1034481600,,4684625,,
2026,FA,0,2025,NEP,RB,17267,"Larison, Lan",,42284,3161645,,UC Davis,209,34,,71,,18886,e2d48330-251e-11f0-aae1-fdfd5aa92d71,1002776400,,4698253,,
2026,FA,0,2025,KCC,TE,17268,"Briningstool, Jake",,42117,26697836,,Clemson,240,88,,78,,18542,46190530-23ab-11f0-a8c1-91b88a8cabac,1039410000,,4431196,,
2026,FA,0,2025,NEP,WR,17269,"Chism, Efton",,42296,3163509,,Eastern Washington,198,86,,70,,18889,6704a490-2534-11f0-a084-3df705a62310,1004072400,,4695193,,
2026,FA,0,2025,LAC,RB,17272,"Johnson, Amar",,42240,26745358,,South Dakota State,205,46,,70,,18949,9ec3d420-250a-11f0-aaad-b190600d09cf,1043989200,,4878878,,
2026,FA,0,2025,NEP,RB,17274,"Kiner, Corey",,42386,26698879,,Cincinnati,209,37,,69,,18532,c7483e80-2574-11f0-b082-a1e374c45b00,1011589200,,4431431,,
2026,FA,0,2025,GBP,WR,17275,"Neyor, Isaiah",,42385,3121203,,Nebraska,218,80,,76,,18458,bf89ef00-2573-11f0-9c8e-d9b9894b443c,991890000,,4428116,,
2026,FA,0,2025,KCC,WR,17276,"Armstrong, Andrew",,42162,28926946,,Arkansas,210,19,,76,,18453,8e353ae0-2442-11f0-b1aa-45a8da233bc0,972968400,,5093923,,
2026,FA,0,2025,CAR,PK,17277,"Fitzgerald, Ryan",,42262,3126649,,Florida State,193,10,,71,,18508,7bf5a2e0-2512-11f0-9825-33176da47896,966142800,,4568263,,
2026,FA,0,2025,GBP,WR,17278,"Owen, Coleman",,42130,3137926,,Ohio,181,3,,70,,18877,a9afb800-23ba-11f0-aa7d-833b948e6c02,985323600,,4578436,,
2026,FA,0,2025,TBB,TE,17281,"Dippre, CJ",,42291,26698858,,Alabama,256,82,,77,,18474,e98ccf30-2531-11f0-b18c-b9f05412231c,1020052800,,4596545,,
2026,FA,0,2025,MIN,QB,17282,"Brosmer, Max",,42075,3122489,,Minnesota,217,12,,74,,18652,921d4a00-230f-11f0-8931-09b8041f90bf,985755600,,4573398,,
2026,FA,0,2025,FA,QB,17283,"Henigan, Seth",,42205,26697328,,Memphis,215,19,,75,,18654,05125990-248e-11f0-b86d-cf6af77e85f8,1047272400,,4606194,,
2026,FA,0,2025,FA,TE,17284,"Conyers, Jalin",,42167,3168876,,Texas Tech,265,47,,76,,18622,e6133580-2444-11f0-aa47-6d319a700fda,996123600,,4431044,,
2026,FA,0,2025,MIN,TE,17285,"Yurosek, Ben",,42434,3163725,,Georgia,245,85,,76,,18536,1f3d48b0-2629-11f0-9dca-47cf7c5385b0,1016341200,,4433959,,
2026,FA,0,2025,BAL,LB,17286,"Higgins, Jay",,42336,3162989,,Iowa,230,49,,72,,18732,d4476190-254e-11f0-bbb1-dfff98110c96,1013662800,,4565350,,
2026,FA,0,2025,ATL,DE,17287,"Ivey, Jared",,42358,3162720,,Ole Miss,274,51,,78,,18673,521af940-2556-11f0-b31c-15f75b688f25,1007528400,,4605478,,
2026,FA,0,2025,FA,WR,17289,"Jackson, Courtney",,42071,3123345,,Arkansas State,179,89,,71,,18860,ce81b780-230d-11f0-912b-791b89a31e3d,984459600,,4565172,,
2026,FA,0,2025,NYJ,WR,17293,"Pritchett, Jamaal",,42233,28877767,,South Alabama,175,36,,68,,18857,d9981370-2502-11f0-8ac8-c31e8098aeb4,1055217600,,4892576,,
2026,FA,0,2025,ATL,CB,17295,"Bryant, Cobee",,42193,2866970,,Kansas,180,37,,72,,18598,c8584970-2478-11f0-b52e-75a660006007,1000702800,,4429324,,
2026,FA,0,2025,FA,WR,17298,"Grimm, Luke",,42104,3166697,,Kansas,190,37,,72,,18838,d6933d60-238d-11f0-b20f-f13e07eacbeb,997246800,,4433830,,
2026,FA,0,2025,ATL,WR,17303,"Collins, Beaux",,42194,26694592,,Notre Dame,206,8,,75,,18648,24597d60-247a-11f0-8324-3170fad3f2ab,1040014800,,4431210,,
2026,FA,0,2025,CIN,WR,17305,"Moore, Jordan",,42057,26698828,,Duke,191,14,,72,,18944,5de30070-2302-11f0-991a-67346bf4b94b,1019102400,,4594444,,
2026,BUF,0,2025,NOS,RB,17307,"Bentley, Ulysses",,42126,3125140,,Ole Miss,200,37,,70,,18640,f71d0370-23b2-11f0-b632-8947e146a0ae,978152400,,4426689,,
2026,FA,0,2025,LAC,QB,17308,"Uiagalelei, DJ",,42079,3162292,,Florida State,252,7,,76,,18448,afaf9a70-2312-11f0-be9a-5f5a7ddcdf04,987483600,,4429020,,
2026,FA,0,2025,FA,WR,17309,"Davis, Joaquin",,42072,26726311,,North Carolina Central,195,80,,76,,18862,11288610-2311-11f0-833e-6da5d4b3f0d4,1029643200,,4696907,,
2026,FA,0,2025,WAS,TE,17312,"Simon, Joshua",,42186,3123950,,South Carolina,259,47,,76,,18621,45892890-246c-11f0-9194-77c874aa65db,975301200,,4430482,,
2026,FA,0,2025,IND,WR,17313,"Pancol, Eli",,42217,3121378,,Duke,205,10,,75,,18869,2b89f6e0-249e-11f0-8ecb-33c8d222dbba,962946000,,4430288,,
2026,FA,0,2025,FA,WR,17314,"Floriea, Luke",,42507,3164098,,Kent State,179,37,,68,,19111,831ba100-2f3a-11f0-81fd-056e0ea5cac0,1003813200,,4566157,,
2026,FA,0,2025,PIT,S,17317,"Castro, Sebastian",,42276,3122955,,Iowa,203,29,,71,,17867,f38fa130-2516-11f0-861c-af2c02a86775,971499600,,4426882,,
2026,FA,0,2025,DAL,S,17319,"Clark, Alijah",,42157,26694904,,Syracuse,187,38,,73,,18638,503614b0-243a-11f0-a456-558ce379768a,1057896000,,4595352,,
2026,FA,0,2025,LAR,WR,17321,"Presley, Brennan",,42322,3169136,,Oklahoma State,174,81,,68,,18919,ec0ecae0-254c-11f0-85e6-ad6d4b9a9b15,1012626000,,4431342,,
2026,FA,0,2025,CHI,WR,17322,"Richardson, JP",,42047,26693430,,TCU,192,26,,71,,18940,46e7a540-22fa-11f0-9b1e-5bbc697f9f6c,1016859600,,4685183,,
2026,FA,0,2025,DAL,LB,17323,"Barron, Justin",,42154,3168396,,Syracuse,235,55,,76,,18982,265c3bc0-2439-11f0-8939-314790007249,1003986000,,4429249,,
2026,FA,0,2025,FA,WR,17325,"Campbell, Dalevon",,42519,3126518,,South Carolina,220,38,,76,,19125,10e1f570-2f6d-11f0-83ff-1b0af9d7582e,1007528400,,4569372,,
2026,FA,0,2025,NYG,CB,17326,"Reed, Nikko",,42141,26724716,,Oregon,180,46,,70,,18851,441f06f0-23cc-11f0-aeb7-39a1d644c2f5,1046667600,,4691043,,
2026,FA,0,2025,FA,RB,17329,"Jackson, Ja'Quinden",,4690972,3168195,,Arkansas,233,38,,74,,18527,826620a0-249a-11f0-9302-cb167d81eff7,1000270800,,4690972,,
2026,FA,0,2025,TEN,DT,17330,"Stackhouse, Nazir",,42241,3163942,,Georgia,327,93,,76,,17815,0dd9d3e0-250c-11f0-8fb6-cb407e763387,1019102400,,4429142,,
2026,FA,0,2025,LVR,CB,17332,"Vance, Greedy",,42309,3164665,,USC,177,41,,69,,19158,e2d06080-254a-11f0-bf93-999a1fb5633c,1002517200,,4686337,,
2026,FA,0,2025,PHI,WR,17333,"Cooper, Darius",,42464,3165205,,Tarleton State,210,80,,71,,18958,2aa4ddb0-2775-11f0-9d31-3b5afe6c6d5f,1006405200,,4715355,,
2026,FA,0,2025,DET,WR,17334,"Meeks, Jackson",,42238,26700892,,Syracuse,218,13,,74,,18480,be223960-250a-11f0-8c61-8d480134500e,1048482000,,4602788,,
2026,FA,0,2025,CAR,RB,17336,"Marshall, Ahmani",,42092,3162108,,Appalachian State,225,39,,73,,18943,c18cabc0-2321-11f0-80a0-bb24566134d1,1016686800,,4432374,,
2026,FA,0,2023,CHI,RB,17337,"Scott, Zavier",,40539,2869402,,Maine,219,36,,73,,17510,3b133980-eb9a-11ed-8b52-a11a185238e2,932187600,,4257364,,
2026,FA,0,2024,NYJ,PN,17339,"McNamara, Austin",,41362,,,Texas Tech,204,14,,76,,17924,dedc98e0-0728-11ef-95cc-fb98346370c2,982990800,,4427982,,
2026,FA,0,2025,CAR,LB,17340,"Martin-Scott, Bam",,42260,,,South Carolina,231,57,,74,,18736,01ec2e60-2512-11f0-9a31-bd52e2c1bc10,962686800,,4880613,,
2026,FA,0,2025,FA,LB,17341,"Jackson, Nick",,42505,3122192,,Iowa,235,53,,72,,19110,6a44a840-2e93-11f0-a004-9b104c40906f,978670800,,4568492,,
2026,FA,0,2024,CIN,S,17343,"Jules, PJ",,41358,3122946,,Southern Illinois,203,37,,72,,18066,3a9818a0-0727-11ef-a006-5971d281be7d,989816400,,4429946,,
2026,FA,0,2024,FA,LB,17344,"Johnson, Emany",,41399,2963428,,Nevada,218,38,,74,,18244,5f0cb3a0-072f-11ef-bc8a-710de207b77a,974437200,,4361437,,
2026,FA,0,2025,ATL,RB,17348,"Carter, Nathan",,42196,3163182,,Michigan State,202,38,,70,,18894,be0e5b20-2479-11f0-8e28-d7828261d278,1022040000,,4605841,,
2026,FA,0,2025,BAL,WR,17349,"Larvadain, Gage",,42417,26718347,,South Carolina,171,84,,68,,18941,a514f5d0-260d-11f0-81c1-eb0abefb169c,1041570000,,4877203,,
2026,FA,0,2025,CLE,DE,17350,"Huntington, Adin",,42087,3174859,,Tulane,281,98,,73,,19041,eef59fe0-2317-11f0-9f5e-95c7a639db29,1016427600,,4605792,,
2026,FA,0,2025,JAC,DE,17351,"Green, B.J.",,42218,26724650,,Colorado,270,95,,73,,19143,514c5db0-249d-11f0-9b4f-d5662bbb2887,1027396800,,4875266,,
2026,FA,0,2025,HOU,PN,17352,"Kroeger, Kai",,42535,3169769,,South Carolina,213,38,,75,,19186,3c7ff710-3033-11f0-b09b-fd94c3491d36,1023768000,,4570033,,
2026,FA,0,2025,CHI,WR,17353,"Walker, Jahdae",,42400,29174299,,Texas A&M,206,9,,75,,18938,46352a70-25f5-11f0-83f2-77ca9eeac893,1025841600,,5160110,,
2026,FA,0,2025,LAC,LB,17354,"Wax, Marlowe",,42137,3168409,,Syracuse,236,58,,73,,18855,f7296c40-23c2-11f0-9b0d-fd7bc65a922c,1039755600,,4431467,,
2026,FA,0,2025,MIN,DE,17355,"Chambliss, Chaz",,42183,26702810,,Georgia,242,40,,73,,18829,5a00fa10-245c-11f0-bd01-e9abfbd27879,1035518400,,4431520,,
2026,FA,0,2025,KCC,LB,17356,"McDonald, Cooper",,42491,3161657,,TCU,240,44,,75,,19009,fa96e690-2ac6-11f0-ac7e-b50f952a60f6,1028692800,,4567826,,
2026,FA,0,2025,CAR,CB,17357,"Thornton, Corey",,42264,3162054,,Louisville,195,31,,73,,19024,02c194e0-2514-11f0-a382-97906c339a3b,980830800,,4431426,,
2026,FA,0,2025,FA,LB,17358,"Bullock, John",,42099,3124020,,Nebraska,230,57,,72,,19056,574e4ef0-2324-11f0-b336-c9f528e63216,987915600,,4569563,,
2026,FA,0,2025,TBB,RB,17359,"Williams, Josh",,42086,3121241,,LSU,210,37,,69,,17919,bfb346f0-2318-11f0-81b8-b7cb2fd8d89b,992062800,,4568024,,
2026,FA,0,2025,MIN,WR,17360,"Price, Myles",,42389,,,Indiana,183,4,,69,,19095,c17f53c0-25de-11f0-b2c4-1fd68bf02b2c,1008478800,,4430656,,
2026,FA,0,2025,NEP,DE,17361,"Ponder, Elijah",,42287,2240563,,Cal Poly,261,91,,75,,19092,06f3c6b0-2531-11f0-99d5-ad898e6d4106,1030161600,,4688432,,
2026,FA,0,2025,DEN,LB,17362,"Reid, Karene",,42080,26697722,,Utah,226,47,,72,,18733,ce3022d0-2312-11f0-bb1a-c5184cf675c9,950936400,,4875336,,
2026,FA,0,2025,CLE,S,17365,"McMillon, Donovan",,42083,26699008,,Pittsburgh,208,31,,73,,19047,,1024372800,,4686027,,
2026,FA,0,2025,TEN,LB,17367,"Mausi, Dorian",,,,,Auburn,234,,,73,,18834,,1015304400,,,,
2026,FA,0,2025,BAL,CB,17368,"Martin, Keyon",,,,,Louisiana,170,38,,69,,19142,,989989200,,4694334,,
2026,FA,0,2023,IND,LB,17369,"Ajiake, Austin",,40297,2961732,,UNLV,,58,,,,17301,,962341200,,4374171,,
2026,FA,0,2025,WAS,LB,17371,"Keys, Austin",,42256,3162190,,Auburn,244,,,74,,18833,,1017810000,,4429185,,
2026,FA,0,2025,BUF,LB,17373,"Jenkins, Keonta",,42066,3169957,,Virginia Tech,211,,,74,,19099,,1012021200,,4577066,,
2026,FA,0,2025,NYG,DT,17374,"Ravenell, C.J.",,41582,29376328,,Missouri Western,300,,,77,,18224,,962946000,,4700676,,
2026,FA,0,2025,HOU,TE,17375,"Mitchell-Paden, Zaire",,34489,26695325,,Florida Atlantic,257,,,77,,16530,,935125200,,4876006,,
2026,FA,0,2025,TBB,CB,17376,"Knowles, Kevin",,42118,26697508,,Florida State,190,38,,71,,19003,,1049860800,,4602648,,
2026,FA,0,2025,CLE,LB,17379,"Mascarenas-Arnold, Easton",,42477,,,USC,227,42,,71,,19045,,1031889600,,5085888,,
2026,FA,0,2025,FA,S,17381,"Clark, Dean",,42228,3126656,,Fresno State,206,35,,73,,19074,,991371600,,4426921,,
2026,FA,0,2025,SEA,RB,17382,"Wright, Jacardia",,42357,3124997,,Missouri State,218,31,,72,,18864,,969944400,,4428943,,
2026,FA,0,2024,BAL,LB,17383,"Jones, Carl",,41329,3127724,,UCLA,230,,,74,,18255,,997246800,,4569428,,
2026,FA,0,2024,CAR,DE,17384,"Goodlow, Anthony",,41448,2966590,,Oklahoma State,283,95,,77,,18380,,964501200,,4372378,,
2026,LVR,0,2025,LVR,TE,17385,"Runyon, Carter",,42433,,,Towson,243,46,,76,,18863,,995864400,,5155825,,
2026,FA,0,2025,MIN,DT,17386,"Williams, Elijah",,42517,3165427,,Morgan State,298,99,,75,,19124,,1031544000,,4696782,,
2026,FA,0,2025,TBB,DT,17388,"Simmons, Elijah",,42225,3123397,,Tennessee,335,92,,73,,18701,,996123600,,4430478,,
2026,FA,0,2024,NYG,DT,17389,"Okoye, CJ",,40483,29118894,,Nigeria,370,99,,78,,17495,,1003554000,,5144942,,
2026,FA,0,2025,IND,CB,17390,"Edwards, Johnathan",,42425,3162490,,Tulane,201,35,,73,,19078,,1005886800,,4695991,,
2026,FA,0,2025,IND,S,17392,"Washington, Trey",,42135,26694949,,Ole Miss,205,41,,70,,19084,,1039410000,,4599160,,
2026,FA,0,2025,FA,S,17394,"Lowery, Reuben",,42472,3164569,,Chattanooga,204,30,,69,,18992,,1028001600,,4692970,,
2026,FA,0,2025,CIN,WR,17396,"Williams, Ke'Shawn",,42278,3171149,,Indiana,189,12,,69,,18841,,1009429200,,4570738,,
2026,FA,0,2025,JAC,DE,17397,"Striggow, Danny",,42203,,,Minnesota,255,92,,77,,19146,,1027483200,,4573319,,
2026,FA,0,2025,BAL,S,17398,"Jackson, Keondre",,42471,26716964,,Illinois State,215,39,,74,,18806,,1020312000,,4878287,,
2026,FA,0,2025,MIN,DE,17400,"Batty, Tyler",,42181,3161947,,BYU,271,96,,78,,18680,,925621200,,4608794,,
2026,FA,0,2023,DET,CB,17404,"Whiteside, Nick",,40415,29117174,,Saginaw Valley State,200,38,,73,,17617,,957157200,,5143915,,
2026,FA,0,2025,LAC,TE,17407,"Rucci, Hayden",,41692,3131519,,Wisconsin,247,87,,77,,18251,,980571600,,4428396,,
2026,FA,0,2025,DEN,LB,17408,"Turner, Jordan",,42528,3162308,,,,55,,,,19139,,1008219600,,4693373,,
2026,FA,0,2025,JAC,LB,17410,"Combs, Branson",,,,,Wake Forest,228,50,,75,,18871,,963550800,,4572704,,
2026,FA,0,2025,SEA,DE,17412,"O'Toole, Connor",,42360,3173121,,Utah,248,57,,75,,18971,,1030420800,,4605491,,
2026,FA,0,2025,SEA,TE,17414,"Kallerup, Nick",,,,,Minnesota,266,89,,77,,18968,,985669200,,4569547,,
2026,FA,0,2025,WAS,LB,17415,"Kaho, Ale",,42494,2967652,,UCLA,230,51,,74,,19180,,955083600,,4361090,,
2026,FA,0,2025,FA,WR,17416,"Jones, Jacoby",,42436,1220258,,UCF,228,84,,75,,19094,,995432400,,5083297,,
2026,FA,0,2025,BUF,TE,17419,"Latu, Keleki",,42063,26723643,,Washington,249,83,,78,,18906,,1029211200,,4688552,,
2026,FA,0,2024,LAR,S,17423,"Ingle, Tanner",,40389,2965588,,NC State,186,34,,68,,17474,,941173200,,4361651,,
2026,FA,0,2024,NOS,PK,17424,"Smyth, Charlie",,40873,29375393,,Northern Ireland,210,39,,76,,18034,,993531600,,5208518,,
2026,FA,0,2024,MIA,CB,17427,"Taylor, Reese",,40566,2961006,,Purdue,188,35,,69,,16858,,935730000,,4371946,,
2026,FA,0,2025,NYJ,CB,17430,"Clark, Jordan",,42227,3120845,,Notre Dame,184,33,,69,,19075,,987915600,,4429411,,
2026,FA,0,2025,FA,PK,17434,"Sauls, Ben",,42379,3169819,,Pittsburgh,185,,,70,,18744,,996555600,,4566158,,
2026,FA,0,2024,FA,TE,17439,"Cannella, Sal",,33932,2804541,,Auburn,230,87,,77,,14760,,849502800,,4242536,,
2026,FA,0,2025,FA,WR,17444,"Keeney-James, Jakobie",,42246,3122024,,UMass,195,84,,73,,18947,,969944400,,5178972,,
2026,FA,0,2025,MIA,LB,17449,"Woodard, Jackson",,42448,3165353,,UNLV,230,42,,74,,18726,,1025582400,,4685637,,
2026,FA,0,2023,LAR,LB,17456,"Neal, Elias",,41529,3133475,,Marshall,221,58,,72,,18386,,1000184400,,4428098,,
2026,FA,0,0,MIA,Coach,17457,"Hafley, Jeff",,,,,,,,,,,,,,,,,
2026,FA,0,0,BAL,Coach,17458,"Minter, Jesse",,,,,,,,,,,,,422168400,,,,
2026,FA,0,0,BUF,Coach,17459,"Brady, Joe",,,,,,,,,,,,,,,,,
2026,FA,0,0,CLE,Coach,17460,"Monken, Todd",,,,,,,,,,,,,,,,,
2026,FA,0,0,ARI,Coach,17461,"LaFleur, Mike",,,,,,,,,,,,,,,,,
2026,LVR,0,2026,LVR,QB,17462,"Mendoza, Fernando",,42623,28916321,,Indiana,225,15,1,77,1,19281,,1064980800,,4837248,,R
2026,LAR,0,2026,LAR,QB,17463,"Simpson, Ty",,42635,28878532,,Alabama,203,15,1,74,13,19275,,1040446800,,4685522,,R
2026,FA,0,2026,FA,XX,17464,"Chambliss, Trinidad",,,,,Mississippi,,,,,,,,,,,,R
2026,KCC,0,2026,KCC,QB,17465,"Nussmeier, Garrett",,42871,26701706,,LSU,205,14,7,73,33,19283,,1012971600,,4567747,,R
2026,ARI,0,2026,ARI,QB,17466,"Beck, Carson",,42687,3163129,,Miami (Fla.),233,19,3,77,1,19287,,1006146000,,4430841,,R
2026,NYJ,0,2026,NYJ,QB,17467,"Klubnik, Cade",,42732,28874636,,Clemson,207,10,4,74,10,19284,,1065758400,,4685413,,R
2026,PIT,0,2026,PIT,QB,17468,"Allar, Drew",,42698,28876938,,Penn State,228,16,3,77,12,19286,,1078722000,,4714771,,R
2026,FA,0,2026,TBB,QB,17469,"Daniels, Jalon",,42919,3166688,,Kansas,220,10,,72,,19292,,1035867600,,4596472,,R
2026,FA,0,2026,DET,QB,17470,"Altmyer, Luke",,42899,26701853,,Illinois,213,2,,73,,19295,,1035259200,,4597679,,R
2026,FA,0,2026,FA,QB,17471,"Pavia, Diego",,43001,28873851,,Vanderbilt,207,,,72,,19290,,1013835600,,5084180,,R
2026,ARI,0,2026,ARI,RB,17472,"Love, Jeremiyah",,42625,29133405,,Notre Dame,190,4,1,72,3,19235,,1117512000,,4870808,,R
2026,SEA,0,2026,SEA,RB,17473,"Price, Jadarian",,42654,28875230,,Notre Dame,205,8,1,71,32,19299,,1065672000,,4685512,,R
2026,KCC,0,2026,KCC,RB,17474,"Johnson, Emmett",,42796,28877097,,Nebraska,200,10,5,71,21,19240,,1065758400,,4832955,,R
2026,IND,0,2026,IND,RB,17475,"McGowan, Seth",,42859,3161581,,Kentucky,215,20,7,73,21,19303,,1003813200,,4686468,,R
2026,TEN,0,2026,TEN,RB,17476,"Singleton, Nicholas",,42763,28876754,,Penn State,219,32,5,72,25,18518,,1073365200,,4685555,,R
2026,DEN,0,2026,DEN,RB,17477,"Coleman, Jonah",,42730,28877250,,Washington,228,20,4,69,8,19241,,1061352000,,4702555,,R
2026,WAS,0,2026,WAS,RB,17478,"Allen, Kaytron",,42809,28875485,,Penn State,217,31,6,71,6,18533,,1042002000,,4685246,,R
2026,FA,0,2026,MIA,RB,17479,"Moss, Le'Veon",,42890,28923721,,Texas A&M,210,,,71,,18530,,1037336400,,4685470,,R
2026,FA,0,2026,KCC,RB,17480,"Ott, Jaydn",,42895,28876778,,Oklahoma,208,,,71,,19422,,1040014800,,4685489,,R
2026,MIN,0,2026,MIN,RB,17481,"Claiborne, Demond",,42820,28883197,,Wake Forest,188,21,6,70,17,19234,,1065672000,,4832846,,R
2026,LVR,0,2026,LVR,RB,17482,"Washington Jr., Mike",,42744,26693539,,Arkansas,228,,4,74,22,19300,,1057204800,,4686658,,R
2026,FA,0,2026,LVR,RB,17483,"Hemby, Roman",,42941,26700412,,Indiana,208,,,72,,19304,,1029470400,,4688835,,R
2026,FA,0,2026,FA,RB,17484,"Reid, Desmond",,43185,28911101,,Pittsburgh,175,,,68,,19308,,1091073600,,5089535,,R
2026,SFO,0,2026,SFO,RB,17485,"Black, Kaelon",,42712,3162599,,Indiana,208,26,3,69,26,19607,,1003294800,,4696044,,R
2026,NEP,0,2026,FA,RB,17486,"Miller, Jam",,42867,28875653,,Alabama,209,,7,70,29,19302,,1083211200,,4685477,,R
2026,FA,0,2026,JAC,RB,17487,"Taylor, J'Mari",,42882,26726239,,Virginia,199,,,69,,19245,,1012971600,,4713118,,R
2026,FA,0,2026,FA,RB,17488,"Stewart, Terion",,43119,,,Virginia Tech,215,,,70,,19423,,1007010000,,4565318,,R
2026,FA,0,2026,NYJ,RB,17489,"Trayanum, Chip",,43213,3162240,,Toledo,224,,,70,,19425,,1009947600,,4430893,,R
2026,FA,0,2026,HOU,RB,17490,"Whittington, Noah",,43197,3161758,,Oregon,203,,,68,,19305,,1008219600,,4432631,,R
2026,FA,0,2026,LAR,RB,17491,"Connors, Dean",,43140,28874921,,Houston,206,,,71,,19306,,1062129600,,5082269,,R
2026,FA,0,2026,NOS,RB,17492,"Donaldson, CJ",,42940,28900249,,Ohio State,230,,,73,,19431,,1089345600,,5081999,,R
2026,FA,0,2026,ATL,RB,17493,"Jones, Cash",,42881,26738725,,Georgia,195,,,71,,19649,,1017982800,,4881826,,R
2026,FA,0,2026,FA,XX,17494,"Diggs, Logan",,,,,Mississippi,,,,,,,,,,,,R
2026,FA,0,2026,FA,RB,17495,"Williams, Roydell",,43466,3162757,,Florida State,223,,,70,,19970,,1007787600,,4685723,,R
2026,FA,0,2026,FA,RB,17496,"Brown, Mel",,,,,Colordado State,,,,,,,,,,,,R
2026,TEN,0,2026,TEN,WR,17497,"Tate, Carnell",,42626,29124411,,Ohio State,192,14,1,74,4,19268,,1106110800,,4871023,,R
2026,NOS,0,2026,NOS,WR,17498,"Tyson, Jordyn",,42630,28900885,,Arizona State,195,,1,74,8,19233,,1092283200,,4880281,,R
2026,PHI,0,2026,PHI,WR,17499,"Lemon, Makai",,42642,29123772,,USC,190,9,1,71,20,19231,,1086148800,,4870795,,R
2026,CLE,0,2026,CLE,WR,17500,"Boston, Denzel",,42661,28875368,,Washington,212,12,2,76,7,19298,,1070686800,,4832800,,R
2026,CLE,0,2026,CLE,WR,17501,"Concepcion, KC",,42646,29123718,,Texas A&M,195,1,1,71,24,19242,,1095998400,,4870653,,R
2026,NYJ,0,2026,NYJ,WR,17502,"Cooper Jr., Omar",,42652,28900921,,Indiana,200,83,1,73,30,19314,,1071378000,,4723820,,R
2026,PIT,0,2026,PIT,WR,17503,"Bernard, Germie",,42669,28878358,,Alabama,204,17,2,73,15,19263,,1070341200,,4685261,,R
2026,LAR,0,2026,LAR,WR,17504,"Daniels, CJ",,42819,3167404,,Miami,205,6,6,74,16,19316,,1010120400,,4605951,,R
2026,BAL,0,2026,BAL,WR,17505,"Sarratt, Elijah",,42737,28888850,,Indiana,209,13,4,74,15,19310,,1054094400,,5088338,,R
2026,MIA,0,2026,MIA,WR,17506,"Bell, Chris",,42716,28877196,,Louisville,222,18,3,74,30,19309,,1086580800,,4869961,,R
2026,ATL,0,2026,ATL,WR,17507,"Branch, Zachariah",,42701,29123979,,Georgia,180,17,3,70,15,19262,,1080536400,,4870612,,R
2026,BUF,0,2026,BUF,WR,17508,"Bell, Skyler",,42747,26726589,,UConn,185,13,4,72,25,19251,,1025841600,,4683153,,R
2026,CAR,0,2026,CAR,WR,17509,"Brazzell II, Chris",,42705,26904572,,Tennessee,198,,3,76,19,19239,,1066881600,,5091739,,R
2026,IND,0,2026,IND,WR,17510,"Burks, Deion",,42876,26694367,,Oklahoma,180,80,7,69,38,19315,,1042002000,,4683151,,R
2026,NYG,0,2026,NYG,WR,17511,"Fields, Malachi",,42696,26706066,,Notre Dame,222,88,3,76,10,19313,,1061870400,,4682648,,R
2026,WAS,0,2026,WAS,WR,17512,"Williams, Antonio",,42693,28877974,,Clemson,195,14,3,71,7,19237,,1089777600,,5081432,,R
2026,FA,0,2026,FA,WR,17513,"McAlister, Eric",,,26725442,,TCU,210,,,76,,19325,,1037941200,,,,R
2026,SFO,0,2026,SFO,WR,17514,"Stribling, De'Zhaun",,42655,26696676,,Mississippi,205,7,2,74,1,19330,,1040187600,,4710714,,R
2026,FA,0,2026,TBB,WR,17515,"Rivers, Eric",,42990,29122776,,Georgia Tech,180,83,,71,,19323,,1032235200,,4713277,,R
2026,FA,0,2026,FA,WR,17516,"Anderson, Aaron",,43052,28877406,,LSU,188,85,,68,,19324,,1038805200,,4691138,,R
2026,BAL,0,2026,BAL,WR,17517,"Lane, Ja'Kobi",,42702,29158151,,USC,200,6,3,76,16,19230,,1091678400,,4870847,,R
2026,KCC,0,2026,KCC,WR,17518,"Allen, Cyrus",,42773,28875899,,Cincinnati,180,13,5,71,36,19631,,1044939600,,4912218,,R
2026,NOS,0,2026,NOS,WR,17519,"Lance, Bryce",,42758,26725855,,North Dakota State,209,18,4,75,36,19319,,1029816000,,4879276,,R
2026,TBB,0,2026,TBB,WR,17520,"Hurst, Ted",,42706,29421796,,Georgia State,195,17,3,75,20,19320,,1088740800,,5220680,,R
2026,CHI,0,2026,CHI,WR,17521,"Thomas, Zavion",,42711,28909795,,LSU,190,13,3,70,25,19259,,1076734800,,4869748,,R
2026,FA,0,2026,FA,WR,17522,"Roberts, Chase",,43126,26728791,,BYU,209,,,75,,19339,,980053200,,4714388,,R
2026,FA,0,2026,KCC,WR,17523,"Caldwell, Jeff",,42880,28900417,,Cincinnati,215,,,77,,19344,,1046581200,,4885466,,R
2026,FA,0,2026,DEN,WR,17524,"Key, Dane",,43188,28873407,,Nebraska,210,32,,75,,19329,,1057032000,,4685424,,R
2026,FA,0,2026,CIN,WR,17525,"Thomas, Noah",,43033,28922853,,Georgia,205,,,77,,19332,,1073970000,,4718457,,R
2026,ARI,0,2026,ARI,WR,17526,"Virgil, Reggie",,42791,28883008,,Texas Tech,187,82,5,75,3,19445,,1084507200,,4869132,,R
2026,JAC,0,2026,JAC,WR,17527,"Cameron, Josh",,42813,26726935,,Baylor,224,19,6,73,10,19321,,1047963600,,4879194,,R
2026,MIA,0,2026,MIA,WR,17528,"Coleman, Kevin",,42768,28909178,,Missouri,179,21,5,70,37,19322,,1063166400,,4685307,,R
2026,LAC,0,2026,LAC,WR,17529,"Thompson, Brenen",,42727,28909756,,Mississippi State,164,89,4,69,5,19318,,1059105600,,4685553,,R
2026,HOU,0,2026,HOU,WR,17530,"Bond, Lewis",,42826,26695655,,Boston College,190,82,6,71,23,19326,,1054180800,,4683159,,R
2026,FA,0,2026,CHI,WR,17531,"White, Squirrel",,43349,28877340,,Florida State,177,,,69,,20059,,1083729600,,5081368,,R
2026,FA,0,2026,FA,WR,17532,"Prentice, Kobe",,43022,28909320,,Baylor,190,,,71,,19680,,1078894800,,4869965,,R
2026,FA,0,2026,FA,XX,17533,"Mosley, Jordan",,,,,Mississippi State,,,,,,,,,,,,R
2026,FA,0,2026,FA,XX,17534,"Edrine, Jahmal",,,,,Virginia,221,,,75,,,,,,,,R
2026,FA,0,2026,JAC,WR,17535,"Pena, Trebor",,42951,3168420,,Penn State,187,,,70,,19334,,1014267600,,4575862,,R
2026,FA,0,2026,MIN,WR,17536,"Bell, Dillon",,42914,28903382,,Georgia,209,,,72,,19337,,1068094800,,4712579,,R
2026,FA,0,2026,TEN,WR,17537,"Beatty, Hank",,43094,28915401,,Illinois,179,,,70,,19333,,1064030400,,4814930,,R
2026,FA,0,2026,ARI,WR,17538,"Wallace, Harrison",,42979,26698495,,Ole Miss,192,,,72,,19331,,1051070400,,4699354,,R
2026,FA,0,2026,FA,WR,17539,"Greene, Donavon",,,,,Virginia Tech,200,,,73,,19672,,1104555600,,,,R
2026,FA,0,2026,GBP,WR,17540,"Hilton Jr., Chris",,42987,26700928,,LSU,188,,,72,,19437,,1034308800,,4431334,,R
2026,NOS,0,2026,NOS,WR,17541,"Brown, Barion",,42812,28900204,,LSU,185,19,6,71,9,19336,,1071205200,,4698597,,R
2026,CIN,0,2026,CIN,WR,17542,"Young, Colbie",,42762,28934874,,Georgia,218,86,4,77,40,19447,,1027483200,,5092508,,R
2026,NYJ,0,2026,NYJ,TE,17543,"Sadiq, Kenyon",,42638,29125433,,Oregon,235,16,1,75,16,19279,,1109912400,,5083315,,R
2026,PHI,0,2026,PHI,TE,17544,"Stowers, Eli",,42676,26696120,,Vanderbilt,235,87,2,76,22,18539,,1050379200,,4431574,,R
2026,CIN,0,2026,CIN,TE,17545,"Endries, Jack",,42843,28916552,,Texas,245,84,7,77,5,19258,,1080277200,,5085189,,R
2026,FA,0,2026,DAL,TE,17546,"Trigg, Michael",,42887,26720219,,Baylor,240,,,76,,19346,,1025150400,,4594749,,R
2026,LAR,0,2026,LAR,TE,17547,"Klare, Max",,42683,28921209,,Ohio State,246,86,2,77,29,19278,,1057636800,,4833029,,R
2026,DEN,0,2026,MIA,TE,17548,"Joly, Justin",,42764,28927892,,NC State,241,80,5,75,12,19276,,1089345600,,4912052,,R
2026,CHI,0,2026,CHI,TE,17549,"Roush, Sam",,42691,28877184,,Stanford,267,87,3,77,5,19357,,1062820800,,4685504,,R
2026,TBB,0,2026,TBB,DE,17550,"Bain Jr., Rueben",,42637,29125808,,Miami,275,3,1,75,15,19395,,1094616000,,4870617,,R
2026,NYJ,0,2026,NYJ,DE,17551,"Bailey, David",,42624,28878022,,Texas Tech,251,31,1,76,2,19393,,1062043200,,4685248,,R
2026,CIN,0,2026,CIN,DE,17552,"Howell, Cashius",,42663,26699728,,Texas A&M,235,55,2,76,9,19405,,1050465600,,4710752,,R
2026,TEN,0,2026,TEN,DE,17553,"Faulk, Keldric",,42653,29125790,,Auburn,288,15,1,78,31,19411,,1094529600,,4870707,,R
2026,BUF,0,2026,BUF,DE,17554,"Parker, T.J.",,42657,29125550,,Clemson,255,99,2,75,3,19378,,1095566400,,4870886,,R
2026,KCC,0,2026,KCC,DT,17555,"Woods, Peter",,42651,29124883,,Clemson,315,99,1,74,29,19415,,1109998800,,4871063,,R
2026,NYG,0,2026,NYG,LB,17556,"Reese, Arvell",,42627,29128702,,Ohio State,241,52,1,76,5,19273,,1125374400,,4950400,,R
2026,WAS,0,2026,WAS,LB,17557,"Styles, Sonny",,42629,28909269,,Ohio State,235,52,1,76,7,19394,,1101272400,,5081807,,R
2026,IND,0,2026,IND,LB,17558,"Allen, CJ",,42675,29124528,,Georgia,230,53,2,72,21,19265,,1109653200,,4870598,,R
2026,FA,0,2026,FA,LB,17559,"Lawson, Deontae",,42886,26699373,,Alabama,226,,,75,,19549,,1044939600,,4432725,,R
2026,TEN,0,2026,TEN,LB,17560,"Hill Jr., Anthony",,42682,29124363,,Texas,238,53,2,74,28,19418,,1108357200,,4870805,,R
2026,LVR,0,2026,LVR,CB,17561,"McCoy, Jermod",,42723,29168249,,Tennessee,188,,4,73,1,19403,,1124164800,,5157289,,R
2026,KCC,0,2026,KCC,CB,17562,"Delane, Mansoor",,42628,28876570,,LSU,187,5,1,72,6,19398,,1071464400,,4880124,,R
2026,DAL,0,2026,DAL,S,17563,"Downs, Caleb",,42633,28898674,,Ohio State,205,13,1,72,11,19399,,1102654800,,4870706,,R
2026,HOU,0,2026,HOU,S,17564,"Ramsey, Kamari",,42765,28926952,,USC,205,27,5,72,1,19589,,1093320000,,4685518,,R
2026,FA,0,0,LVR,Coach,17565,"Kubiak, Klint",,,,,,,,,,,,,,,,,
2026,CLE,0,2026,CLE,TE,17566,"Royer, Joe",,42772,3169621,,Cincinnati,250,,5,77,30,19312,,1014613200,,4565859,,R
2026,NOS,0,2026,NOS,TE,17567,"Delp, Oscar",,42695,28873644,,Georgia,245,4,3,77,9,18544,,1059969600,,4702559,,R
2026,LAC,0,2026,LAC,DE,17568,"Mesidor, Akheem",,42644,3168300,,Miami,280,90,1,75,22,19406,,986446800,,4429190,,R
2026,HOU,0,2026,HOU,DT,17569,"McDonald, Kayden",,42658,29128875,,Ohio State,326,93,2,75,4,19274,,1110603600,,4870893,,R
2026,CAR,0,2026,CAR,DT,17570,"Hunter, Lee",,42671,26700916,,Texas Tech,318,92,2,76,17,19374,,1025582400,,4431551,,R
2026,MIN,0,2026,MIN,LB,17571,"Golday, Jake",,42673,26715531,,Cincinnati,240,41,2,76,19,19419,,1053662400,,4877652,,R
2026,ATL,0,2026,ATL,CB,17572,"Terrell, Avieon",,42670,29123901,,Clemson,186,12,2,71,16,19413,,1105419600,,4870988,,R
2026,MIA,0,2026,MIA,CB,17573,"Johnson, Chris",,42649,28923252,,San Diego State,180,3,1,72,27,19575,,1099976400,,4869579,,R
2026,NYG,0,2026,NYG,CB,17574,"Hood, Colton",,42659,29128902,,Tennessee,195,12,2,72,5,19404,,1109134800,,4921249,,R
2026,CLE,0,2026,CLE,S,17575,"McNeil-Warren, Emmanuel",,42680,28912466,,Toledo,201,28,2,76,26,19407,,1073538000,,4837186,,R
2026,CHI,0,2026,CHI,S,17576,"Thieneman, Dillon",,42647,29125514,,Oregon,205,31,1,72,25,19410,,1091937600,,4954445,,R
2026,CAR,0,2026,CAR,S,17577,"Wheatley, Zakee",,42785,26702801,,Penn State,203,20,5,75,11,19600,,1014872400,,4566384,,R
2026,MIA,0,2026,MIA,LB,17578,"Louis, Kyle",,42760,28912502,,Pittsburgh,220,19,4,72,38,19390,,1078808400,,4880273,,R
2026,MIN,0,2026,MIN,DT,17579,"Banks, Caleb",,42640,26695685,,Florida,320,95,1,78,18,19417,,1047445200,,4602019,,R
2026,DAL,0,2026,DAL,DE,17580,"Lawrence, Malachi",,42645,26706096,,UCF,263,57,1,76,23,19385,,1058760000,,4710067,,R
2026,GBP,0,2026,GBP,CB,17581,"Cisse, Brandon",,42674,29122356,,South Carolina,189,2,2,71,20,19414,,1120363200,,5076652,,R
2026,LVR,0,2026,LVR,S,17582,"Stukes, Treydan",,42660,3174857,,Arizona,190,,2,73,6,19596,,1000184400,,4697757,,R
2026,KCC,0,2026,KCC,DE,17583,"Thomas, R Mason",,42662,28910131,,Oklahoma,240,51,2,74,8,19416,,1093406400,,5081927,,R
2026,NEP,0,2026,NEP,DE,17584,"Jacas, Gabe",,42676,28915140,,Illinois,261,50,2,76,23,19509,,1085630400,,4837244,,R
2026,NOS,0,2026,NOS,DT,17585,"Miller, Christen",,42664,28901101,,Georgia,310,52,2,76,10,19266,,1091678400,,4685479,,R
2026,MIA,0,2026,MIA,LB,17586,"Rodriguez, Jacob",,42665,26698050,,Texas Tech,231,10,2,73,11,19552,,1031284800,,4566094,,R
2026,DET,0,2026,DET,DE,17587,"Moore, Derrick",,42666,28876790,,Michigan,260,8,2,75,12,19524,,1039150800,,4685461,,R
2026,BAL,0,2026,BAL,DE,17588,"Young, Zion",,42667,28916450,,Missouri,267,9,2,78,13,19538,,1079586000,,4839501,,R
2026,TBB,0,2026,TBB,LB,17589,"Trotter, Josiah",,42668,29123967,,Missouri,237,45,2,74,14,19256,,1113537600,,4870998,,R
2026,NYJ,0,2026,NYJ,CB,17590,"Ponds, D'Angelo",,42672,29145935,,Indiana,182,23,2,68,18,19397,,1105592400,,5118340,,R
2026,JAC,0,2026,JAC,TE,17591,"Boerkircher, Nate",,42678,3162867,,Texas A&M,245,87,2,78,24,19448,,999579600,,4686248,,R
2026,BUF,0,2026,BUF,CB,17592,"Igbinosun, Davison",,42684,28873936,,Ohio State,193,21,2,74,30,19573,,1081656000,,4832035,,R
2026,HOU,0,2026,HOU,TE,17593,"Klein, Marlin",,42681,28927889,,Michigan,248,83,2,78,27,19352,,1032235200,,4695705,,R
2026,SEA,0,2026,SEA,S,17594,"Clark, Bud",,42686,3162273,,TCU,190,9,2,74,32,19562,,1020398400,,4430262,,R
2026,DEN,0,2026,DEN,DT,17595,"Onyedim, Tyler",,42688,26695697,,Texas A&M,290,98,3,76,2,19526,,1050292800,,4683535,,R
2026,LVR,0,2026,LVR,DE,17596,"Crawford, Keyron",,42689,28874972,,Auburn,253,,3,76,3,19498,,1066363200,,4911904,,R
2026,SFO,0,2026,SFO,DE,17597,"Height, Romello",,42692,3161892,,Texas Tech,239,94,3,74,6,19373,,987138000,,4432244,,R
2026,CIN,0,2026,CIN,CB,17598,"Davis, Tacario",,42694,28922010,,Washington,200,20,3,76,8,19563,,1092715200,,4726127,,R
2026,MIA,0,2026,MIA,WR,17599,"Douglas, Caleb",,42697,28900321,,Texas Tech,206,7,3,76,11,19343,,1063080000,,4869645,,R
2026,GBP,0,2026,GBP,DT,17600,"McClellan, Chris",,42699,28873999,,Missouri,313,55,3,75,13,19523,,1066363200,,4820574,,R
2026,IND,0,2026,IND,S,17601,"Haulcy, A.J.",,42700,28915446,,LSU,215,25,3,71,14,19572,,1073710800,,4905664,,R
2026,JAC,0,2026,JAC,DT,17602,"Regis, Albert",,42703,26728628,,Texas A&M,295,98,3,73,17,19531,,1053144000,,4612298,,R
2026,MIN,0,2026,MIN,DT,17603,"Orange, Domonique",,42704,28874954,,Iowa State,322,97,3,74,18,19527,,1078981200,,4698728,,R
2026,PIT,0,2026,PIT,CB,17604,"Everette, Daylen",,42707,28877001,,Georgia,190,23,3,73,21,19566,,1083816000,,4685327,,R
2026,MIA,0,2026,MIA,TE,17605,"Kacmarek, Will",,42709,26717403,,Ohio State,261,82,3,78,23,19450,,1045026000,,4880236,,R
2026,DAL,0,2026,DAL,LB,17606,"Barham, Jaishawn",,42714,28877496,,Michigan,240,55,3,74,28,19492,,1075698000,,4685266,,R
2026,NEP,0,2026,NEP,TE,17607,"Raridon, Eli",,42717,28924611,,Notre Dame,252,82,3,79,31,19348,,1076562000,,4831959,,R
2026,MIN,0,2026,MIN,S,17608,"Thomas, Jakobe",,42720,26701382,,Miami (FL),200,8,3,74,34,19599,,1056945600,,4710865,,R
2026,SEA,0,2026,SEA,CB,17609,"Neal, Julian",,42721,26693409,,Arkansas,203,1,3,74,35,19584,,1045026000,,4684543,,R
2026,JAC,0,2026,JAC,S,17610,"Huskey, Jalen",,42722,28901425,,Maryland,196,22,3,73,36,19386,,1052539200,,4912185,,R
2026,NYJ,0,2026,NYJ,DT,17611,"Jackson, Darrell",,42725,26694364,,Florida State,315,95,4,78,3,19514,,1051502400,,4612836,,R
2026,ARI,0,2026,ARI,DT,17612,"Proctor, Kaleb",,42726,28912038,,Southeastern Louisiana,291,,4,74,4,19529,,1082952000,,5084514,,R
2026,SFO,0,2026,SFO,DT,17613,"Halton, Gracen",,42729,28909233,,Oklahoma,293,93,4,74,7,19506,,1075179600,,4685369,,R
2026,KCC,0,2026,KCC,CB,17614,"Canady, Jadon",,42731,26694589,,Oregon,181,22,4,71,9,19561,,1051761600,,4710706,,R
2026,DAL,0,2026,DAL,CB,17615,"Moore, Devin",,42736,28873340,,Florida,198,,4,75,14,19580,,1065672000,,4702577,,R
2026,TBB,0,2026,TBB,CB,17616,"Scott, Keionte",,42738,28926125,,Miami,194,22,4,72,16,19591,,997506000,,5093694,,R
2026,DET,0,2026,DET,LB,17617,"Rolder, Jimmy",,42740,28927612,,Michigan,240,41,4,74,18,19553,,1076302800,,4896353,,R
2026,JAC,0,2026,JAC,DE,17618,"Williams, Wesley",,42741,28889262,,Duke,256,90,4,75,19,19537,,1095825600,,4832922,,R
2026,GBP,0,2026,GBP,DE,17619,"Dennis-Sutton, Dani",,42742,28891492,,Penn State,256,51,4,77,20,19253,,1072155600,,4685315,,R
2026,PIT,0,2026,PIT,WR,17620,"Wetjen, Kaden",,42743,28876038,,Iowa,193,10,4,69,21,19340,,1015650000,,5081338,,R
2026,HOU,0,2026,HOU,LB,17621,"Woodaz, Wade",,42745,28876660,,Clemson,235,30,4,76,23,19556,,1075870800,,4837286,,R
2026,CHI,0,2026,CHI,CB,17622,"Muhammad, Malik",,42746,29125454,,Texas,182,24,4,72,24,19583,,1095134400,,4870953,,R
2026,BUF,0,2026,BUF,LB,17623,"Elarms-Orr, Kaleb",,42748,26723493,,TCU,230,52,4,74,26,19543,,1062129600,,4594321,,R
2026,CAR,0,2026,CAR,CB,17624,"Lee, Will",,42751,29125916,,Texas A&M,189,24,4,73,29,19577,,1049860800,,5151083,,R
2026,MIA,0,2026,MIA,LB,17625,"Moore, Trey",,42752,26734048,,Texas,243,,4,74,30,19525,,1052107200,,4879212,,R
2026,LAC,0,2026,LAC,S,17626,"Smith, Genesis",,42753,29123553,,Arizona,204,22,4,74,31,19594,,1099630800,,4950551,,R
2026,BAL,0,2026,BAL,TE,17627,"Hibner, Matthew",,42755,3169490,,SMU,251,88,4,76,33,19364,,1015650000,,4432260,,R
2026,ATL,0,2026,ATL,LB,17628,"Daniels, Kendal",,42756,26727091,,Oklahoma,242,53,4,77,34,19542,,1040014800,,4595343,,R
2026,IND,0,2026,IND,LB,17629,"Boettcher, Bryce",,42757,28921673,,Oregon,230,50,4,73,35,19541,,1026100800,,5088571,,R
2026,DAL,0,2026,DAL,DE,17630,"Overton, LT",,42759,28923635,,Alabama,274,99,4,75,37,19381,,1097467200,,4870960,,R
2026,SFO,0,2026,SFO,CB,17631,"Prysock, Ephesians",,42761,28873620,,Washington,196,28,4,75,39,19588,,1046408400,,4685523,,R
2026,LAC,0,2026,LAC,DT,17632,"Barrett, Nick",,42777,26693563,,South Carolina,327,91,5,75,5,19493,,1059364800,,4682818,,R
2026,WAS,0,2026,WAS,DE,17633,"Josephs, Joshua",,42784,28912011,,Tennessee,240,,5,75,7,19517,,1788840000,,5081392,,R
2026,CLE,0,2026,CLE,LB,17634,"Jefferson, Justin",,42774,29124177,,Alabama,223,17,5,72,9,19547,,1048136400,,5150249,,R
2026,LVR,0,2026,LVR,S,17635,"Johnson, Dalton",,42788,26731360,,Arizona,192,,5,71,10,19576,,1050379200,,4682488,,R
2026,SFO,0,2026,SFO,LB,17636,"Dugger, Jaden",,42775,28925085,,Louisiana,240,53,5,76,14,19753,,1077771600,,5086161,,R
2026,TBB,0,2026,TBB,DT,17637,"Capehart, DeMonte",,42766,3162733,,Clemson,315,90,5,77,15,19495,,1027051200,,4429007,,R
2026,IND,0,2026,IND,DE,17638,"Gumbs, George",,42786,26698837,,Florida,245,52,5,76,16,19504,,1035518400,,4708238,,R
2026,DET,0,2026,DET,CB,17639,"Abney, Keith",,42771,29125039,,Arizona State,190,6,5,72,17,19559,,1105419600,,5093004,,R
2026,MIA,0,2026,MIA,S,17640,"Taaffe, Michael",,42787,26730988,,Texas,190,16,5,72,18,19598,,1045544400,,4880346,,R
2026,MIN,0,2026,MIN,RB,17641,"Bredeson, Max",,42799,26727130,,Michigan,252,45,5,74,19,19430,,1033704000,,4878695,,R
2026,BAL,0,2026,BAL,CB,17642,"Rivers, Chandler",,42776,28874131,,Duke,185,29,5,69,22,19590,,1066363200,,4702918,,R
2026,MIN,0,2026,MIN,CB,17643,"Demmings, Charles",,42795,26751141,,Stephen F. Austin,193,20,5,73,23,19564,,1049518800,,5091793,,R
2026,JAC,0,2026,JAC,TE,17644,"Koziol, Tanner",,42797,28874303,,Houston,250,88,5,79,24,19349,,1043730000,,4917427,,R
2026,CHI,0,2026,CHI,LB,17645,"Elliott, Keyshaun",,42792,28901797,,Arizona State,233,49,5,73,26,19558,,1071205200,,4911952,,R
2026,BUF,0,2026,BUF,S,17646,"Kilgore, Jalon",,42769,29123817,,South Carolina,210,29,5,73,27,19392,,1106802000,,5076951,,R
2026,DET,0,2026,DET,WR,17647,"Law, Kendrick",,42798,28874888,,Kentucky,205,,5,72,28,19443,,1055476800,,4685441,,R
2026,PIT,0,2026,PIT,RB,17648,"Nowakowski, Riley",,42803,3175781,,Indiana,249,37,5,74,29,19451,,1025409600,,4693370,,R
2026,NEP,0,2026,NEP,CB,17649,"Prunty, Karon",,42783,3162507,,Wake Forest,192,21,5,73,31,19835,,1009170000,,4606666,,R
2026,NOS,0,2026,NOS,S,17650,"Styles, Lorenzo",,42800,26696664,,Ohio State,195,36,5,73,32,19597,,1031544000,,4432768,,R
2026,BAL,0,2026,BAL,TE,17651,"Cuevas, Josh",,42782,26706410,,Alabama,245,85,5,75,33,19426,,1063598400,,4876132,,R
2026,BAL,0,2026,BAL,RB,17652,"Randall, Adam",,42780,28878514,,Clemson,232,,5,75,34,19301,,1089777600,,4685526,,R
2026,LVR,0,2026,LVR,CB,17653,"Masses, Hezekiah",,42779,28888826,,California,179,,5,73,35,19578,,1088568000,,4917354,,R
2026,PHI,0,2026,PHI,QB,17654,"Payton, Cole",,42801,26725861,,North Dakota State,232,18,5,74,38,19296,,1035604800,,4879250,,R
2026,MIA,0,2026,MIA,TE,17655,"Traore, Seydou",,42790,26696643,,Mississippi State,235,89,5,76,40,19681,,1029124800,,4714379,,R
2026,BUF,0,2026,BUF,DT,17656,"Durant, Zane",,42770,28877746,,Penn State,290,,5,73,41,19500,,1083816000,,4685347,,R
2026,CLE,0,2026,CLE,QB,17657,"Green, Taylen",,42804,26697553,,Arkansas,230,15,6,78,1,19289,,1034913600,,4431325,,R
2026,ARI,0,2026,ARI,LB,17658,"Sharar, Karson",,42805,26697891,,Iowa,231,43,6,73,2,19554,,1047013200,,4709695,,R
2026,TEN,0,2026,TEN,DT,17659,"Marshall, Jackie",,42806,28902115,,Baylor,306,96,6,74,3,19522,,1051329600,,5081785,,R
2026,TBB,0,2026,TBB,TE,17660,"Sharp, Bauer",,42807,26730919,,LSU,246,84,6,77,4,19452,,1051934400,,4890373,,R
2026,NYG,0,2026,NYG,DT,17661,"Jamison-Travis, Bobby",,42808,29166662,,Auburn,328,97,6,75,5,19515,,988434000,,5159928,,R
2026,NYG,0,2026,NYG,LB,17662,"Kelly, Jack",,42815,26724698,,BYU,240,51,6,74,12,19548,,1041483600,,4876380,,R
2026,ATL,0,2026,ATL,DT,17663,"Thompson, Anterio",,42830,29120898,,Washington,310,98,6,76,27,19744,,1035867600,,5150660,,R
2026,BAL,0,2026,BAL,PN,17664,"Eckley, Ryan",,42833,28875083,,Michigan State,200,30,6,72,30,19510,,1076907600,,5084956,,R
2026,NEP,0,2026,NEP,LB,17665,"Obiazor, Namdi",,42834,28878385,,TCU,229,48,6,75,31,19551,,1019188800,,5085407,,R
2026,CHI,0,2026,CHI,DT,17666,"van den Berg, Jordan",,42835,26695691,,Georgia Tech,310,96,6,75,32,19745,,1018584000,,4875381,,R
2026,ATL,0,2026,ATL,LB,17667,"Perkins, Harold",,42837,28875317,,LSU,223,56,6,72,34,19280,,1094788800,,4685502,,R
2026,GBP,0,2026,GBP,PK,17668,"Smack, Trey",,42838,28899321,,Florida,188,28,6,73,35,19511,,1057982400,,4869461,,R
2026,SEA,0,2026,SEA,WR,17669,"Henderson, Emmanuel",,42821,28909837,,Kansas,185,,6,73,18,19436,,1048222800,,4685381,,R
2026,GBP,0,2026,GBP,CB,17670,"Jackson, Domani",,42823,28874417,,Alabama,194,,6,72,20,19574,,1038373200,,4685402,,R
2026,JAC,0,2026,JAC,WR,17671,"Williams, C.J.",,42825,28875641,,Stanford,205,18,6,73,22,19898,,1066881600,,5085024,,R
2026,DET,0,2026,DET,DT,17672,"Gill-Howard, Skyler",,42827,29124189,,Texas Tech,290,50,6,73,24,19503,,1034481600,,5103940,,R
2026,PIT,0,2026,PIT,DT,17673,"Rubio, Gabriel",,42832,26696498,,Notre Dame,321,96,6,77,29,19899,,1057723200,,4431533,,R
2026,IND,0,2026,IND,DE,17674,"Curry, Caden",,42836,28877692,,Ohio State,257,55,6,74,33,19499,,1053748800,,4685324,,R
2026,DAL,0,2026,FA,WR,17675,"Smith, Anthony",,42840,3164577,,East Carolina,197,,7,74,2,19371,,1014958800,,4685110,,R
2026,NOS,0,2026,NOS,CB,17676,"Hall, TJ",,42841,28878058,,Iowa,190,,7,72,3,19570,,1082952000,,4873075,,R
2026,BUF,0,2026,CLE,CB,17677,"Pride, Toriano",,42842,26901698,,Missouri,185,35,7,70,4,19587,,1071723600,,4698598,,R
2026,DET,0,2026,DET,DE,17678,"West, Tyre",,42844,28873894,,Tennessee,290,,7,75,6,19712,,1042866000,,4685609,,R
2026,WAS,0,2026,WAS,QB,17679,"Kaliakmanis, Athan",,42845,26700919,,Rutgers,216,16,7,74,7,19368,,1061352000,,4432722,,R
2026,PIT,0,2026,PIT,S,17680,"Spears-Jennings, Robert",,42846,28877887,,Oklahoma,205,28,7,73,8,19595,,1075006800,,4820584,,R
2026,TEN,0,2026,TEN,TE,17681,"Kanak, Jaren",,42847,28875704,,Oklahoma,234,47,7,74,9,19359,,1076389200,,4877034,,R
2026,CIN,0,2026,CIN,DT,17682,"Robinson, Landon",,42848,28910527,,Navy,295,96,7,72,10,19619,,1041570000,,5081542,,R
2026,CAR,0,2026,CAR,LB,17683,"Kuwatch, Jackson",,42849,26702519,,Miami (Ohio),232,46,7,76,11,19752,,1053316800,,4875592,,R
2026,NYJ,0,2026,NYJ,S,17684,"Payne, VJ",,42850,28900837,,Kansas State,206,,7,75,12,19586,,1079499600,,4837388,,R
2026,PIT,0,2026,PIT,RB,17685,"Heidenreich, Eli",,42852,28901170,,Navy,206,29,7,72,14,19335,,1056772800,,5081508,,R
2026,LAR,0,2026,LVR,DT,17686,"Keenan, Tim",,42854,26727268,,Alabama,327,,7,73,16,19518,,1039410000,,4431414,,R
2026,JAC,0,2026,JAC,DE,17687,"Durfee, Zach",,42855,29122131,,Washington,258,,7,77,17,19714,,1002258000,,5121433,,R
2026,MIA,0,2026,MIA,DE,17688,"Llewellyn, Max",,42860,26699511,,Iowa,258,,7,78,22,19520,,1029470400,,4683101,,R
2026,BUF,0,2026,BUF,PN,17689,"Doman, Tommy",,42861,26726995,,Florida,214,39,7,76,23,19455,,1030852800,,4682758,,R
2026,JAC,0,2026,JAC,LB,17690,"Hughes, Parker",,42862,26731288,,Middle Tennessee State,228,,7,73,24,19803,,1104555600,,4880861,,R
2026,SEA,0,2026,SEA,DT,17691,"Eastern, Deven",,42864,26700655,,Minnesota,320,,7,77,26,19502,,1049518800,,4609203,,R
2026,HOU,0,2026,HOU,LB,17692,"Fisher, Aiden",,42865,28878667,,Indiana,231,59,7,73,27,19544,,1072155600,,4912338,,R
2026,PHI,0,2026,PHI,S,17693,"Wisniewski, Cole",,42866,3175312,,Texas Tech,219,,7,75,28,19641,,1015650000,,4693345,,R
2026,DEN,0,2026,DEN,S,17694,"Scott, Miles",,42868,3163329,,Illinois,210,,7,71,30,19760,,1017291600,,4880014,,R
2026,NEP,0,2026,NEP,DE,17695,"Hutchins, Quintayvious",,42869,26699412,,Boston College,240,45,7,75,31,19375,,1049259600,,4698181,,R
2026,CLE,0,2026,CLE,TE,17696,"Ryan, Carsen",,42870,28873701,,BYU,255,48,7,75,32,19608,,1061438400,,4685540,,R
2026,BAL,0,2026,BAL,DT,17697,"Benny, Rayshaun",,42872,26727623,,Michigan,298,,7,75,34,19494,,1020830400,,4432661,,R
2026,PHI,0,2026,PHI,DT,17698,"Bernard, Uar",,42873,50046961,,Nigeria,306,93,7,76,35,19901,,1097380800,,5344966,,R
2026,DEN,0,2026,DEN,TE,17699,"Bentley, Dallen",,42878,29164633,,Utah,253,89,7,76,40,19363,,978238800,,5159802,,R
2026,DEN,0,2026,DEN,LB,17700,"Murdock, Red",,42879,28878235,,Buffalo,232,,7,73,41,19550,,1064376000,,4912190,,R
2026,LVR,0,2026,LVR,DT,17701,"Cleveland, Brandon",,42851,28873434,,NC State,307,,7,75,13,19496,,1093579200,,4685305,,R
2026,NEP,0,2026,NEP,QB,17702,"Morton, Behren",,42856,26696177,,Texas Tech,218,15,7,74,18,19293,,1011243600,,4431465,,R
2026,SEA,0,2026,SEA,CB,17703,"Fuller, Andre",,42858,3167652,,Toledo,200,,7,73,20,19568,,1018238400,,4693934,,R
2026,PHI,0,2026,PHI,DE,17704,"James-Newby, Keyshawn",,42874,29184732,,New Mexico,238,,7,73,36,19632,,1028779200,,5165139,,R
2026,SEA,0,2026,SEA,CB,17705,"Dansby, Michael",,42877,28901089,,Arizona,185,,7,71,39,19902,,985496400,,2094390,,R
2026,LVR,0,2026,LVR,WR,17706,"Benson, Malik",,42817,29121426,,Oregon,189,,6,72,14,19432,,1034827200,,5150247,,R
2026,FA,0,2026,GBP,WR,17707,"Sturdivant, J Michael",,43085,26723673,,Florida,207,87,,75,,19327,,1031284800,,4635009,,R
2026,FA,0,2026,FA,RB,17708,"Owens, Kejon",,42912,3165466,,Florida International,210,,,71,,19651,,1026878400,,4431304,,R
2026,FA,0,2026,WAS,RB,17709,"Henry, Robert",,42986,29123025,,UTSA,196,,,69,,18451,,1009774800,,5151317,,R
2026,FA,0,2026,KCC,TE,17710,"Gyllenborg, John Michael",,43116,26695610,,Wyoming,249,,,77,,19351,,1028692800,,4708490,,R
2026,FA,0,2026,NEP,WR,17711,"Dixon, Kyle",,43155,50049245,,Culvr-Stck,220,83,,74,,19667,,968907600,,5011554,,R
2026,FA,0,2026,FA,DT,17712,"Harris, Zxavian",,43325,28901530,,Ole Miss,330,67,,80,,19507,,1066795200,,4685365,,R
2026,FA,0,2026,CAR,QB,17713,"King, Haynes",,42904,3162966,,Georgia Tech,215,16,,75,,19429,,979016400,,4428993,,R
2026,FA,0,2026,FA,LB,17714,"York, Taurean",,42888,29123382,,Texas A&M,226,,,71,,19557,,1119326400,,4917859,,R
2026,FA,0,2026,TEN,WR,17715,"Montgomery, Tyren",,42896,28935910,,John Carroll,204,,,71,,19602,,994136400,,5103197,,R
2026,FA,0,2026,FA,RB,17716,"Harden, TJ",,43051,28926779,,SMU,218,,,72,,19653,,1082692800,,5086027,,R
2026,FA,0,2026,IND,RB,17717,"Booth, Davon",,43060,29122230,,Mississippi State,192,,,68,,19951,,1011762000,,5153650,,R
2026,FA,0,2026,NEP,RB,17718,"Montgomery, Myles",,43367,26703126,,UCF,205,,,70,,20074,,1049432400,,4676889,,R
2026,FA,0,2026,FA,RB,17719,"Haynes, Jamal",,43345,26698534,,Georgia Tech,195,,,67,,19424,,1033790400,,4611995,,R
2026,FA,0,2026,HOU,QB,17720,"Gronowski, Mark",,43146,26719097,,Iowa,226,,,74,,19369,,1002258000,,4695400,,R
2026,FA,0,2026,LAC,LB,17721,"Barton, Lander",,42933,28877731,,Utah,240,,,77,,19539,,1072760400,,4685272,,R
2026,FA,0,2026,FA,XX,17722,"Sorsby, Brendan",,,,,Texas Tech,235,,,75,,20122,,1074574800,,,,R
2026,FA,0,2026,FA,WR,17723,"McCulley, Donaven",,43147,26702279,,Michigan,215,43,,77,,19444,,1042606800,,4596347,,R
2026,FA,0,2026,FA,TE,17724,"Wright, Dae'Quan",,42885,28874125,,Ole Miss,255,45,,76,,19354,,1064116800,,4838696,,R
2026,FA,0,2026,PHI,DE,17725,"Reiger, Mason",,42889,3169597,,Wisconsin,248,90,,77,,19532,,1029729600,,4691903,,R
2026,FA,0,2026,WAS,PK,17726,"Stevens, Drew",,43370,28873746,,Iowa,205,19,,73,,18511,,1070946000,,5081335,,R
2026,FA,0,2026,GBP,DE,17727,"Kelly, Nyjalik",,43086,28876273,,UCF,250,47,,77,,19519,,618123600,,4726151,,R
2026,FA,0,2026,CLE,LB,17728,"Tucker, Nadame",,42891,28873743,,Western Michigan,247,,,74,,19535,,961563600,,5081483,,R
2026,FA,0,2026,FA,TE,17729,"Jones, Rohan",,43139,28887229,,Arkansas,238,,,74,,19688,,1104555600,,5083509,,R
2026,FA,0,2026,SFO,S,17730,"Stroman, Jalen",,42967,26701823,,Notre Dame,203,,,72,,19636,,1053576000,,4683155,,R
2026,FA,0,2026,LVR,PK,17731,"Matsuzawa, Kansei",,43135,29154102,,Hawaii,200,,,74,,19867,,915771600,,5158921,,R
2026,FA,0,2026,FA,RB,17732,"Smith, EJ",,43115,3163764,,Texas A&M,211,,,71,,17032,,1021435200,,4430825,,R
2026,FA,0,2026,DAL,WR,17733,"Hudson, Jordan",,43061,28875996,,SMU,191,68,,73,,19442,,1069477200,,4685409,,R
2026,FA,0,2026,LAR,TE,17734,"Villari, Dan",,43138,3169258,,Syracuse,243,,,76,,19387,,1025323200,,4608858,,R
2026,FA,0,2026,CLE,DE,17735,"Fano, Logan",,42894,28876330,,Utah,252,,,77,,19402,,1024459200,,5080699,,R
2026,FA,0,2026,NYG,PK,17736,"Zvada, Dominic",,43171,28876817,,Michigan,187,,,75,,18509,,1067054400,,5082424,,R
2026,FA,0,2026,FA,WR,17737,"Lacy, Caullin",,43165,3172596,,Louisville,183,,,69,,19376,,1008997200,,4430185,,R
2026,FA,0,2026,FA,RB,17738,"Richardson, Dominic",,43034,3161882,,Tulsa,210,,,72,,19954,,987051600,,4430689,,R
2026,FA,0,2026,FA,RB,17739,"Bennett, Coleman",,43187,3163724,,Kennesaw State,185,,,71,,19652,,1033617600,,4694074,,R
2026,FA,0,2026,KCC,DE,17740,"Heldman, Michael",,42947,26730859,,Central Michigan,268,,,75,,19711,,1041483600,,4705926,,R
2026,FA,0,2026,FA,WR,17741,"Rechsteiner, Brock",,43435,26725349,,Jacksonville State,225,,,74,,20099,,1029902400,,4877738,,R
2026,FA,0,2026,ATL,WR,17742,"Anthony, Vinny",,42996,28921356,,Wisconsin,183,,,72,,19345,,1056686400,,4869816,,R
2026,FA,0,2026,ATL,QB,17743,"Strand, Jack",,,50048640,,Minnesota State-Moorhead,240,18,,77,,19642,,1087963200,,5344782,,R
2026,FA,0,2026,FA,TE,17744,"Maryland, RJ",,43087,28915341,,SMU,236,,,75,,19361,,1089345600,,4702913,,R
2026,FA,0,2026,LVR,DE,17745,"Slone, Cian",,43250,29121264,,NC State,241,,,75,,19715,,1032408000,,5153665,,R
2026,FA,0,2026,LAR,LB,17746,"Bailey, Wesley",,,3177353,,Louisville,265,47,,77,,19723,,1104555600,,4430919,,R
2026,FA,0,2026,NEP,LB,17747,"Jacobs, Khalil",,43278,28902867,,Missouri,227,,,73,,19755,,1070254800,,4912116,,R
2026,FA,0,2025,FA,RB,17748,"Robichaux, Kye",,42245,26705587,,Boston College,213,,,72,,18948,,1033876800,,4880638,,
2026,FA,0,2025,CAR,WR,17749,"Reed, Ja'Seem",,42497,26717711,,San Diego,195,,,74,,19049,,1048222800,,4876995,,
2026,FA,0,2026,DAL,WR,17750,"Brown, Camden",,,28877638,,Georgia Southern,204,80,,74,,19989,,1083816000,,4808759,,R
2026,FA,0,2026,SEA,CB,17751,"Smith, Avery",,42934,28875185,,Toledo,185,36,,70,,19593,,1072933200,,5082331,,R
2026,FA,0,2025,CIN,WR,17752,"Meyers, Dohnte",,42616,2978569,,Delta State,186,81,,71,,19247,,962859600,,4384852,,
2026,FA,0,2026,MIN,S,17753,"Thomas, Jacob",,42920,28878712,,,,39,,,,19762,,,,5082397,,R
2026,FA,0,2026,SEA,WR,17754,"Foster, Montorie",,,3169784,,Michigan State,188,87,,71,,19119,,996814800,,4600597,,R
2026,FA,0,2026,KCC,S,17755,"Nwankpa, Xavier",,43123,28877292,,Iowa,213,29,,74,,19585,,1070859600,,4685491,,R
2026,FA,0,2026,FA,RB,17756,"Nixon, Jaden",,43265,26727476,,UCF,199,,,70,,19985,,1032321600,,4683165,,R
2026,FA,0,2026,BUF,WR,17757,"Maclin, Ja'Mori",,43013,3162257,,Kentucky,183,84,,71,,19941,,999925200,,4430270,,R
2026,FA,0,2026,PHI,LB,17758,"Weru, Joshua",,43156,50046960,,Kenya,244,,,76,,19721,,1065153600,,5344965,,R
2026,FA,0,2026,SFO,TE,17759,"Dinkins, Khalil",,42972,26697764,,Penn State,226,,,76,,19449,,1022644800,,4699678,,R
2026,FA,0,2026,BAL,QB,17760,"Fagnano, Joe",,43003,3121127,,UConn,226,12,,75,,19428,,986014800,,4429582,,R
2026,FA,0,2026,MIN,PN,17761,"Thorson, Brett",,42921,28875461,,Georgia,237,,,73,,19513,,947134800,,4799994,,R
2026,FA,0,2026,TBB,CB,17762,"Garnes, Ayden",,,,,Arizona,181,24,,72,,19793,,1048136400,,4890885,,R
2026,FA,0,2026,TBB,LB,17763,"Fordham, Caden",,43374,26699496,,NC State,223,46,,73,,19814,,1035172800,,4683096,,R
2026,FA,0,2026,JAC,DE,17764,"Thomas Jr., Bryan",,42953,28910491,,South Carolina,250,57,,74,,19719,,1088395200,,4836472,,R
2026,FA,0,2026,GBP,DT,17765,"Campbell, Anthony",,,,,,,60,,,,19195,,968475600,,,,R
2026,FA,0,2026,NEP,LB,17766,"Hunter, Erick",,43081,26746131,,Morgan State,224,48,,74,,19797,,1046235600,,4890074,,R
2026,FA,0,2026,SFO,DT,17767,"Thompson Jr., James",,42968,3175784,,Illinois,308,96,,78,,19611,,1030593600,,4693371,,R
2026,FA,0,2026,BAL,DE,17768,"Burke, Ethan",,43047,28910680,,Texas,267,45,,78,,19624,,1056081600,,4908867,,R
2026,FA,0,2026,CAR,DT,17769,"Hall, Aaron",,43020,26693433,,Duke,297,94,,76,,19746,,1050638400,,4602967,,R
2026,FA,0,2026,GBP,RB,17770,"Bankston, Damon",,43354,26725313,,New Mexico,186,,,70,,19658,,1051243200,,4876378,,R
2026,FA,0,2026,CHI,CB,17771,"Thomas, Skyler",,43629,26728468,,Oregon State,191,23,,74,,19757,,1063771200,,4879561,,R
2026,FA,0,2026,IND,CB,17772,"Harris, Kenneth",,43365,3161523,,Oklahoma State,192,29,,72,,19831,,1020312000,,4685970,,R
2026,FA,0,2025,CAR,DT,17773,"Edwards, TeRah",,42102,28876402,,Illinois,305,93,,74,,18843,,991544400,,4431077,,
2026,FA,0,2025,NOS,TE,17774,"Welch, Treyton",,41363,,,Wyoming,240,,,76,,18263,,979102800,,4430684,,
2026,FA,0,2026,IND,LB,17776,"Chambers, Tahj",,43104,3174299,,Ole Miss,230,44,,74,,19828,,955256400,,4692638,,R
2026,FA,0,2026,HOU,DE,17777,"Harsh, Sabastian",,43194,3174807,,NC State,255,54,,73,,19731,,1006923600,,4699802,,R
2026,FA,0,2026,DET,DE,17778,"O'Neill, Eric",,43436,26751857,,Rutgers,250,66,,74,,19629,,1057032000,,4892218,,R
2026,FA,0,2025,NOS,CB,17780,"Price, Jayden",,41504,2969445,,North Dakota State,184,38,,71,,18166,,954910800,,4383391,,
2026,FA,0,2026,NEP,CB,17782,"Canada, Channing",,43153,3173241,,TCU,190,29,,71,,19834,,1029556800,,4688779,,R
2026,FA,0,2026,MIA,RB,17784,"Herman, DJ",,43428,26734114,,San Diego State,235,34,,74,,20084,,1016341200,,4685116,,R
2026,FA,0,2026,LAC,CB,17785,"Shelley, Rodney",,42932,28875716,,Georgia Tech,180,24,,71,,19832,,1092456000,,4838693,,R
2026,FA,0,2025,MIA,LB,17787,"Anderson, Liam",,40522,2966612,,Holy Cross,230,50,,75,,17502,,957070800,,4368056,,
2026,FA,0,2026,IND,CB,17788,"Gushiken, Kapena",,43163,29124234,,Ole Miss,189,34,,69,,19759,,1029384000,,5153072,,R
2026,FA,0,2026,BUF,CB,17789,"Couch, Te'Cory",,41681,3128150,,Miami (Fla.),185,33,,70,,18312,,936594000,,4427348,,R
2026,FA,0,2026,KCC,DT,17790,"Eason, Bryson",,42971,3171874,,Tennessee,315,94,,75,,19501,,1011589200,,4431561,,R
2026,FA,0,2026,CAR,RB,17791,"Tyus, Anthony",,42235,26696862,,Ohio,226,34,,73,,18946,,1048136400,,4709392,,R
2026,FA,0,2025,PIT,CB,17793,"Slaughter, Doneiko",,42208,3171885,,Arkansas,190,40,,72,,19148,,1005195600,,4692628,,
2026,FA,0,2025,MIA,DT,17794,"Cooper, Keith",,42250,26700126,,Houston,280,97,,77,,19187,,1049000400,,4712462,,
2026,FA,0,2026,NEP,TE,17795,"Arkin, Tanner",,43152,26713728,,Illinois,262,84,,76,,19365,,1057550400,,4683308,,R
2026,FA,0,2025,SFO,DT,17796,"Valdez, Sebastian",,42383,3163185,,Washington,301,55,,75,,19178,,1028174400,,4775220,,
2026,FA,0,2026,ARI,S,17797,"Williams, Wydett",,42981,29390832,,Ole Miss,205,31,,74,,19765,,1070600400,,5099542,,R
2026,FA,0,2025,NOS,S,17798,"Reid, Mike",,42265,3161763,,South Dakota,200,42,,74,,19022,,1022212800,,4775268,,
2026,FA,0,2026,DEN,WR,17799,"Katsis, Kolbe",,43382,29423982,,Northern Arizona,185,81,,73,,19670,,1009515600,,5225419,,R
2026,FA,0,2026,KCC,DE,17801,"Pyburn, Jack",,42992,28901119,,LSU,258,54,,76,,19530,,1062561600,,4837252,,R
