season,week,id,score,isAvailable
2025,1,13589,73.3,1
2025,1,14779,59.7,1
2025,1,14059,56.1,1
2025,1,13593,54.3,1
2025,1,13116,50.2,1
2025,1,15238,50.0,1
2025,1,11150,44.6,1
2025,1,7836,42.9,1
2025,1,16583,40.2,1
2025,1,16581,36.0,1
2025,1,14782,35.4,1
2025,1,16579,34.7,1
2025,1,14783,34.2,1
2025,1,12626,31.9,1
2025,1,14158,31.5,1
2025,1,13590,31.1,1
2025,1,14147,30.3,1
2025,1,16190,30.2,1
2025,1,13227,28.0,1
2025,1,9431,27.8,1
2025,1,15698,26.4,1
2025,1,16161,26.3,1
2025,1,14157,24.8,1
2025,1,15253,23.7,1
2025,1,15401,23.7,1
2025,1,16211,23.2,1
2025,1,16584,22.8,1
2025,1,13813,22.5,1
2025,1,16617,22.4,1
2025,1,12860,21.6,1
2025,1,11936,21.6,1
2025,1,14056,21.6,1
2025,1,13700,21.6,1
2025,1,15834,21.5,1
2025,1,13198,21.2,1
2025,1,16188,20.8,1
2025,1,15404,20.6,1
2025,1,15708,20.5,1
2025,1,16276,20.1,1
2025,1,14405,20.0,1
2025,1,13723,19.8,1
2025,1,12620,19.7,1
2025,1,17081,19.7,1
2025,1,16622,19.6,1
2025,1,15753,19.5,1
2025,1,16245,18.8,1
2025,1,14940,18.7,1
2025,1,14163,18.5,1
2025,1,16586,18.4,1
2025,1,14136,18.2,1
2025,1,15418,18.1,1
2025,1,16193,18.1,1
2025,1,16641,18.1,1
2025,1,16102,18.0,1
2025,1,14179,17.9,1
2025,1,14954,17.7,1
2025,1,15715,17.4,1
2025,1,13742,17.2,1
2025,1,14842,17.0,1
2025,1,16294,17.0,1
2025,1,15817,17.0,1
2025,1,16300,16.9,1
2025,1,13130,16.9,1
2025,1,16223,16.7,1
2025,1,17256,16.4,1
2025,1,14149,16.3,1
2025,1,16268,16.3,1
2025,1,10292,16.2,1
2025,1,16614,16.2,1
2025,1,14249,16.0,1
2025,1,16295,16.0,1
2025,1,14127,15.9,1
2025,1,12764,15.9,1
2025,1,16580,15.8,1
2025,1,16167,15.5,1
2025,1,14832,15.5,1
2025,1,14900,15.5,1
2025,1,15777,15.5,1
2025,1,16314,15.5,1
2025,1,9064,15.3,1
2025,1,15395,15.1,1
2025,1,16708,15.0,1
2025,1,14171,15.0,1
2025,1,15849,15.0,1
2025,1,14219,15.0,1
2025,1,16279,15.0,1
2025,1,15452,15.0,1
2025,1,13214,15.0,1
2025,1,16013,15.0,1
2025,1,15861,14.9,1
2025,1,17222,14.6,1
2025,1,13810,14.5,1
2025,1,15846,14.5,1
2025,1,13470,14.5,1
2025,1,14600,14.4,1
2025,1,15491,14.4,1
2025,1,11222,14.1,1
2025,1,12772,14.0,1
2025,1,17131,14.0,1
2025,1,12697,14.0,1
2025,1,14918,14.0,1
2025,1,15256,13.8,1
2025,1,14102,13.6,1
2025,1,16252,13.6,1
2025,1,12225,13.5,1
2025,1,13251,13.5,1
2025,1,15361,13.5,1
2025,1,13319,13.4,1
2025,1,13325,13.4,1
2025,1,13630,13.2,1
2025,1,17127,13.0,1
2025,1,11769,13.0,1
2025,1,16287,12.8,1
2025,1,10266,12.5,1
2025,1,13199,12.5,1
2025,1,14893,12.5,1
2025,1,13592,12.5,1
2025,1,15261,12.3,1
2025,1,12611,12.3,1
2025,1,17102,12.3,1
2025,1,16414,12.2,1
2025,1,16681,12.1,1
2025,1,14235,12.1,1
2025,1,13710,12.0,1
2025,1,16689,12.0,1
2025,1,17125,12.0,1
2025,1,16702,12.0,1
2025,1,15888,12.0,1
2025,1,15989,12.0,1
2025,1,16719,12.0,1
2025,1,15380,12.0,1
2025,1,15895,12.0,1
2025,1,16651,11.9,1
2025,1,16767,11.9,1
2025,1,13604,11.8,1
2025,1,10703,11.7,1
2025,1,16654,11.7,1
2025,1,15779,11.6,1
2025,1,15237,11.6,1
2025,1,15819,11.6,1
2025,1,14802,11.6,1
2025,1,14170,11.5,1
2025,1,12698,11.5,1
2025,1,16680,11.5,1
2025,1,14218,11.5,1
2025,1,13354,11.5,1
2025,1,14928,11.5,1
2025,1,14472,11.5,1
2025,1,13713,11.5,1
2025,1,14168,11.5,1
2025,1,14892,11.5,1
2025,1,11244,11.4,1
2025,1,16214,11.3,1
2025,1,16269,11.3,1
2025,1,14153,11.2,1
2025,1,10816,11.1,1
2025,1,13303,11.1,1
2025,1,16717,11.0,1
2025,1,13226,11.0,1
2025,1,14148,11.0,1
2025,1,15857,11.0,1
2025,1,16594,11.0,1
2025,1,15394,11.0,1
2025,1,14169,11.0,1
2025,1,16371,11.0,1
2025,1,14590,11.0,1
2025,1,15881,11.0,1
2025,1,12711,11.0,1
2025,1,13132,10.9,1
2025,1,13284,10.9,1
2025,1,13759,10.9,1
2025,1,16145,10.9,1
2025,1,17068,10.8,1
2025,1,15755,10.8,1
2025,1,15742,10.8,1
2025,1,14105,10.8,1
2025,1,14833,10.7,1
2025,1,16896,10.7,1
2025,1,17047,10.6,1
2025,1,13798,10.6,1
2025,1,14207,10.5,1
2025,1,16063,10.5,1
2025,1,16694,10.5,1
2025,1,11232,10.5,1
2025,1,17172,10.5,1
2025,1,17207,10.5,1
2025,1,17123,10.5,1
2025,1,9051,10.5,1
2025,1,16184,10.5,1
2025,1,16670,10.4,1
2025,1,16191,10.4,1
2025,1,10945,10.3,1
2025,1,14861,10.2,1
2025,1,15396,10.1,1
2025,1,16696,10.0,1
2025,1,13714,10.0,1
2025,1,16241,10.0,1
2025,1,15950,10.0,1
2025,1,8851,10.0,1
2025,1,16278,10.0,1
2025,1,14518,10.0,1
2025,1,15851,10.0,1
2025,1,12686,10.0,1
2025,1,15868,10.0,1
2025,1,16671,10.0,1
2025,1,14252,10.0,1
2025,1,15432,10.0,1
2025,1,16077,10.0,1
2025,1,15833,10.0,1
2025,1,12186,9.9,1
2025,1,16736,9.8,1
2025,1,14225,9.7,1
2025,1,14800,9.6,1
2025,1,16280,9.6,1
2025,1,9694,9.6,1
2025,1,15892,9.5,1
2025,1,17196,9.5,1
2025,1,14933,9.5,1
2025,1,14899,9.5,1
2025,1,15869,9.5,1
2025,1,14213,9.5,1
2025,1,14910,9.5,1
2025,1,15391,9.5,1
2025,1,16346,9.5,1
2025,1,14073,9.5,1
2025,1,12739,9.5,1
2025,1,16169,9.4,1
2025,1,13782,9.2,1
2025,1,16265,9.2,1
2025,1,16699,9.1,1
2025,1,14836,9.1,1
2025,1,17071,9.1,1
2025,1,15001,9.0,1
2025,1,11970,9.0,1
2025,1,16256,9.0,1
2025,1,15836,9.0,1
2025,1,16672,9.0,1
2025,1,15845,9.0,1
2025,1,15346,9.0,1
2025,1,13322,9.0,1
2025,1,13696,9.0,1
2025,1,16675,9.0,1
2025,1,12221,9.0,1
2025,1,16298,9.0,1
2025,1,13156,9.0,1
2025,1,15365,9.0,1
2025,1,14217,9.0,1
2025,1,15839,8.9,1
2025,1,12437,8.9,1
2025,1,16887,8.9,1
2025,1,16226,8.9,1
2025,1,15710,8.8,1
2025,1,15329,8.8,1
2025,1,15356,8.7,1
2025,1,12676,8.7,1
2025,1,16150,8.6,1
2025,1,16316,8.6,1
2025,1,15387,8.5,1
2025,1,17147,8.5,1
2025,1,13299,8.5,1
2025,1,15863,8.5,1
2025,1,15357,8.5,1
2025,1,15972,8.5,1
2025,1,15366,8.5,1
2025,1,16230,8.4,1
2025,1,16452,8.4,1
2025,1,15761,8.3,1
2025,1,13641,8.2,1
2025,1,16695,8.2,1
2025,1,13224,8.2,1
2025,1,15794,8.2,1
2025,1,14979,8.1,1
2025,1,15292,8.1,1
2025,1,14669,8.0,1
2025,1,14943,8.0,1
2025,1,16460,8.0,1
2025,1,13697,8.0,1
2025,1,16238,8.0,1
2025,1,15375,8.0,1
2025,1,10768,8.0,1
2025,1,13953,8.0,1
2025,1,15352,8.0,1
2025,1,15757,8.0,1
2025,1,15287,8.0,1
2025,1,15894,8.0,1
2025,1,13743,8.0,1
2025,1,16236,7.9,1
2025,1,16912,7.9,1
2025,1,13267,7.9,1
2025,1,13296,7.8,1
2025,1,12842,7.8,1
2025,1,13294,7.7,1
2025,1,13683,7.7,1
2025,1,15484,7.7,1
2025,1,13262,7.7,1
2025,1,14896,7.5,1
2025,1,13839,7.5,1
2025,1,14909,7.5,1
2025,1,15492,7.5,1
2025,1,16239,7.5,1
2025,1,15856,7.5,1
2025,1,15076,7.5,1
2025,1,14302,7.5,1
2025,1,13404,7.4,1
2025,1,17241,7.4,1
2025,1,16616,7.4,1
2025,1,13245,7.3,1
2025,1,17352,7.3,1
2025,1,16185,7.3,1
2025,1,15319,7.2,1
2025,1,16428,7.2,1
2025,1,14137,7.2,1
2025,1,16690,7.1,1
2025,1,14777,7.1,1
2025,1,15808,7.1,1
2025,1,16212,7.1,1
2025,1,11985,7.1,1
2025,1,16213,7.1,1
2025,1,8930,7.0,1
2025,1,14412,7.0,1
2025,1,15081,7.0,1
2025,1,13738,7.0,1
2025,1,15355,7.0,1
2025,1,17087,7.0,1
2025,1,15872,7.0,1
2025,1,15409,7.0,1
2025,1,16676,7.0,1
2025,1,16716,7.0,1
2025,1,15377,7.0,1
2025,1,14997,7.0,1
2025,1,14303,7.0,1
2025,1,17163,7.0,1
2025,1,17138,7.0,1
2025,1,15913,7.0,1
2025,1,14956,7.0,1
2025,1,15806,6.9,1
2025,1,15386,6.9,1
2025,1,12773,6.8,1
2025,1,11671,6.7,1
2025,1,15173,6.7,1
2025,1,17103,6.7,1
2025,1,16615,6.7,1
2025,1,15359,6.5,1
2025,1,17277,6.5,1
2025,1,13228,6.5,1
2025,1,16036,6.5,1
2025,1,14889,6.5,1
2025,1,16304,6.5,1
2025,1,13610,6.5,1
2025,1,10775,6.5,1
2025,1,15393,6.5,1
2025,1,16201,6.5,1
2025,1,15681,6.5,1
2025,1,13681,6.5,1
2025,1,14982,6.5,1
2025,1,15428,6.5,1
2025,1,16667,6.5,1
2025,1,16344,6.5,1
2025,1,11367,6.4,1
2025,1,13674,6.3,1
2025,1,14221,6.3,1
2025,1,16619,6.3,1
2025,1,16627,6.3,1
2025,1,13146,6.3,1
2025,1,11675,6.2,1
2025,1,15051,6.2,1
2025,1,15255,6.1,1
2025,1,13707,6.0,1
2025,1,17128,6.0,1
2025,1,14328,6.0,1
2025,1,15975,6.0,1
2025,1,16889,6.0,1
2025,1,13731,6.0,1
2025,1,16786,6.0,1
2025,1,15363,6.0,1
2025,1,16712,6.0,1
2025,1,16677,6.0,1
2025,1,15847,6.0,1
2025,1,17130,6.0,1
2025,1,13263,6.0,1
2025,1,12735,6.0,1
2025,1,13447,6.0,1
2025,1,15928,6.0,1
2025,1,16195,6.0,1
2025,1,15866,6.0,1
2025,1,14897,6.0,1
2025,1,14882,6.0,1
2025,1,16440,6.0,1
2025,1,15766,6.0,1
2025,1,13920,6.0,1
2025,1,17112,5.9,1
2025,1,15979,5.9,1
2025,1,17213,5.8,1
2025,1,12323,5.8,1
2025,1,15787,5.7,1
2025,1,14985,5.7,1
2025,1,11247,5.7,1
2025,1,17044,5.7,1
2025,1,17179,5.6,1
2025,1,12305,5.5,1
2025,1,12801,5.5,1
2025,1,15446,5.5,1
2025,1,13208,5.5,1
2025,1,15412,5.5,1
2025,1,13806,5.5,1
2025,1,16692,5.5,1
2025,1,13317,5.5,1
2025,1,16722,5.5,1
2025,1,16292,5.4,1
2025,1,12742,5.3,1
2025,1,11947,5.3,1
2025,1,17043,5.2,1
2025,1,13844,5.2,1
2025,1,15334,5.2,1
2025,1,15768,5.2,1
2025,1,15331,5.1,1
2025,1,14835,5.1,1
2025,1,13693,5.0,1
2025,1,11348,5.0,1
2025,1,11723,5.0,1
2025,1,13281,5.0,1
2025,1,16653,5.0,1
2025,1,15946,5.0,1
2025,1,16263,5.0,1
2025,1,13266,5.0,1
2025,1,17132,5.0,1
2025,1,13774,5.0,1
2025,1,14995,5.0,1
2025,1,16704,5.0,1
2025,1,12752,5.0,1
2025,1,16800,5.0,1
2025,1,14254,5.0,1
2025,1,14182,5.0,1
2025,1,17367,5.0,1
2025,1,14978,5.0,1
2025,1,14434,5.0,1
2025,1,17122,5.0,1
2025,1,14186,5.0,1
2025,1,16693,5.0,1
2025,1,15908,5.0,1
2025,1,14919,5.0,1
2025,1,16598,5.0,1
2025,1,12956,5.0,1
2025,1,13688,5.0,1
2025,1,16662,5.0,1
2025,1,16643,4.9,1
2025,1,13776,4.9,1
2025,1,17083,4.9,1
2025,1,16222,4.8,1
2025,1,12658,4.8,1
2025,1,13635,4.7,1
2025,1,16601,4.7,1
2025,1,14864,4.7,1
2025,1,17157,4.6,1
2025,1,17078,4.6,1
2025,1,15884,4.6,1
2025,1,14210,4.5,1
2025,1,13448,4.5,1
2025,1,15931,4.5,1
2025,1,13307,4.5,1
2025,1,12688,4.5,1
2025,1,14159,4.5,1
2025,1,12271,4.5,1
2025,1,17121,4.5,1
2025,1,13744,4.5,1
2025,1,16014,4.5,1
2025,1,15835,4.5,1
2025,1,15850,4.5,1
2025,1,11793,4.5,1
2025,1,14161,4.5,1
2025,1,13737,4.5,1
2025,1,16296,4.5,1
2025,1,15826,4.5,1
2025,1,15877,4.5,1
2025,1,13193,4.5,1
2025,1,14934,4.5,1
2025,1,13717,4.5,1
2025,1,13675,4.4,1
2025,1,14592,4.4,1
2025,1,17169,4.4,1
2025,1,15981,4.4,1
2025,1,15350,4.3,1
2025,1,13718,4.2,1
2025,1,16267,4.2,1
2025,1,15405,4.2,1
2025,1,17062,4.1,1
2025,1,16139,4.0,1
2025,1,17106,4.0,1
2025,1,15448,4.0,1
2025,1,15362,4.0,1
2025,1,14154,4.0,1
2025,1,16235,4.0,1
2025,1,15402,4.0,1
2025,1,15345,4.0,1
2025,1,14953,4.0,1
2025,1,13143,4.0,1
2025,1,16700,4.0,1
2025,1,13298,4.0,1
2025,1,13754,4.0,1
2025,1,15832,4.0,1
2025,1,12744,4.0,1
2025,1,15943,4.0,1
2025,1,16650,4.0,1
2025,1,16927,4.0,1
2025,1,13888,4.0,1
2025,1,16264,4.0,1
2025,1,17146,4.0,1
2025,1,13230,4.0,1
2025,1,16731,4.0,1
2025,1,14315,4.0,1
2025,1,16703,4.0,1
2025,1,13223,4.0,1
2025,1,14951,4.0,1
2025,1,13952,4.0,1
2025,1,14888,3.8,1
2025,1,14085,3.8,1
2025,1,11674,3.7,1
2025,1,16626,3.7,1
2025,1,14630,3.7,1
2025,1,16219,3.6,1
2025,1,16760,3.6,1
2025,1,13763,3.6,1
2025,1,15786,3.6,1
2025,1,16244,3.5,1
2025,1,17185,3.5,1
2025,1,17153,3.5,1
2025,1,15284,3.5,1
2025,1,17124,3.5,1
2025,1,16787,3.5,1
2025,1,13332,3.5,1
2025,1,14143,3.5,1
2025,1,15049,3.5,1
2025,1,14927,3.5,1
2025,1,15890,3.5,1
2025,1,16870,3.5,1
2025,1,15364,3.5,1
2025,1,15668,3.5,1
2025,1,15921,3.5,1
2025,1,16673,3.4,1
2025,1,11383,3.4,1
2025,1,13192,3.4,1
2025,1,16596,3.3,1
2025,1,16351,3.3,1
2025,1,17060,3.2,1
2025,1,15499,3.2,1
2025,1,16181,3.2,1
2025,1,16846,3.2,1
2025,1,14867,3.2,1
2025,1,15796,3.2,1
2025,1,16752,3.1,1
2025,1,16227,3.0,1
2025,1,14957,3.0,1
2025,1,17209,3.0,1
2025,1,15815,3.0,1
2025,1,12700,3.0,1
2025,1,16425,3.0,1
2025,1,17161,3.0,1
2025,1,14947,3.0,1
2025,1,15349,3.0,1
2025,1,16737,3.0,1
2025,1,15903,3.0,1
2025,1,17350,3.0,1
2025,1,16234,3.0,1
2025,1,14215,3.0,1
2025,1,16262,3.0,1
2025,1,13434,3.0,1
2025,1,14901,3.0,1
2025,1,16729,3.0,1
2025,1,16784,3.0,1
2025,1,13987,3.0,1
2025,1,15875,3.0,1
2025,1,17200,3.0,1
2025,1,12234,3.0,1
2025,1,16705,3.0,1
2025,1,17144,3.0,1
2025,1,16253,3.0,1
2025,1,15813,3.0,1
2025,1,16266,3.0,1
2025,1,14180,3.0,1
2025,1,17150,3.0,1
2025,1,11721,3.0,1
2025,1,14911,3.0,1
2025,1,14224,3.0,1
2025,1,14907,3.0,1
2025,1,15904,3.0,1
2025,1,17118,3.0,1
2025,1,17097,3.0,1
2025,1,15809,3.0,1
2025,1,17193,3.0,1
2025,1,17135,3.0,1
2025,1,15003,3.0,1
2025,1,12741,3.0,1
2025,1,14971,3.0,1
2025,1,15853,3.0,1
2025,1,16224,3.0,1
2025,1,17236,3.0,1
2025,1,16288,3.0,1
2025,1,13172,2.9,1
2025,1,9596,2.9,1
2025,1,14109,2.9,1
2025,1,16010,2.8,1
2025,1,16171,2.8,1
2025,1,15873,2.8,1
2025,1,17075,2.7,1
2025,1,16274,2.6,1
2025,1,14489,2.6,1
2025,1,17339,2.6,1
2025,1,15368,2.6,1
2025,1,16369,2.5,1
2025,1,14155,2.5,1
2025,1,14495,2.5,1
2025,1,17042,2.5,1
2025,1,15585,2.5,1
2025,1,15897,2.5,1
2025,1,13750,2.5,1
2025,1,15456,2.5,1
2025,1,14251,2.5,1
2025,1,16144,2.5,1
2025,1,13268,2.5,1
2025,1,12218,2.5,1
2025,1,13745,2.5,1
2025,1,16282,2.5,1
2025,1,16284,2.5,1
2025,1,16439,2.5,1
2025,1,17202,2.5,1
2025,1,15473,2.5,1
2025,1,14797,2.5,1
2025,1,15239,2.5,1
2025,1,15860,2.5,1
2025,1,16679,2.5,1
2025,1,14670,2.5,1
2025,1,15812,2.5,1
2025,1,12349,2.5,1
2025,1,17134,2.4,1
2025,1,13791,2.4,1
2025,1,14095,2.3,1
2025,1,17072,2.2,1
2025,1,13189,2.2,1
2025,1,17105,2.2,1
2025,1,16593,2.2,1
2025,1,17066,2.2,1
2025,1,13138,2.2,1
2025,1,15721,2.2,1
2025,1,15282,2.2,1
2025,1,10267,2.2,1
2025,1,14071,2.1,1
2025,1,13772,2.1,1
2025,1,17074,2.1,1
2025,1,15392,2.0,1
2025,1,17160,2.0,1
2025,1,15378,2.0,1
2025,1,16726,2.0,1
2025,1,12795,2.0,1
2025,1,17164,2.0,1
2025,1,14079,2.0,1
2025,1,16706,2.0,1
2025,1,17168,2.0,1
2025,1,13682,2.0,1
2025,1,16698,2.0,1
2025,1,11938,2.0,1
2025,1,17188,2.0,1
2025,1,15822,2.0,1
2025,1,15874,2.0,1
2025,1,17120,2.0,1
2025,1,17155,2.0,1
2025,1,16655,2.0,1
2025,1,15398,2.0,1
2025,1,13246,2.0,1
2025,1,16290,2.0,1
2025,1,14902,2.0,1
2025,1,16749,2.0,1
2025,1,15413,2.0,1
2025,1,16618,2.0,1
2025,1,14164,2.0,1
2025,1,15388,2.0,1
2025,1,13690,2.0,1
2025,1,14944,2.0,1
2025,1,16911,2.0,1
2025,1,16026,2.0,1
2025,1,15464,2.0,1
2025,1,13764,2.0,1
2025,1,14879,2.0,1
2025,1,15926,2.0,1
2025,1,14414,2.0,1
2025,1,15140,2.0,1
2025,1,15515,2.0,1
2025,1,15716,1.9,1
2025,1,16642,1.9,1
2025,1,16727,1.9,1
2025,1,15302,1.8,1
2025,1,16684,1.8,1
2025,1,15889,1.8,1
2025,1,15281,1.7,1
2025,1,13066,1.7,1
2025,1,15756,1.7,1
2025,1,17061,1.7,1
2025,1,15288,1.7,1
2025,1,13133,1.7,1
2025,1,13168,1.6,1
2025,1,16788,1.6,1
2025,1,15749,1.6,1
2025,1,10814,1.6,1
2025,1,14256,1.6,1
2025,1,16080,1.6,1
2025,1,15936,1.5,1
2025,1,17330,1.5,1
2025,1,14908,1.5,1
2025,1,17191,1.5,1
2025,1,14891,1.5,1
2025,1,17242,1.5,1
2025,1,16271,1.5,1
2025,1,15762,1.5,1
2025,1,16898,1.5,1
2025,1,16799,1.5,1
2025,1,15918,1.5,1
2025,1,15956,1.5,1
2025,1,16162,1.5,1
2025,1,15290,1.5,1
2025,1,16900,1.5,1
2025,1,15831,1.5,1
2025,1,17265,1.5,1
2025,1,16794,1.5,1
2025,1,13770,1.5,1
2025,1,16759,1.5,1
2025,1,13694,1.5,1
2025,1,16291,1.5,1
2025,1,15991,1.5,1
2025,1,16273,1.5,1
2025,1,10514,1.5,1
2025,1,14467,1.5,1
2025,1,16746,1.5,1
2025,1,17369,1.5,1
2025,1,17148,1.5,1
2025,1,16520,1.5,1
2025,1,16949,1.5,1
2025,1,16831,1.5,1
2025,1,15461,1.5,1
2025,1,16724,1.4,1
2025,1,17104,1.4,1
2025,1,15754,1.3,1
2025,1,17184,1.2,1
2025,1,17052,1.2,1
2025,1,13403,1.2,1
2025,1,16289,1.2,1
2025,1,15032,1.1,1
2025,1,16975,1.1,1
2025,1,15799,1.1,1
2025,1,14104,1.1,1
2025,1,16387,1.1,1
2025,1,13869,1.1,1
2025,1,15945,1.0,1
2025,1,13767,1.0,1
2025,1,17355,1.0,1
2025,1,15823,1.0,1
2025,1,14925,1.0,1
2025,1,13802,1.0,1
2025,1,16138,1.0,1
2025,1,16246,1.0,1
2025,1,16275,1.0,1
2025,1,14805,1.0,1
2025,1,16720,1.0,1
2025,1,14921,1.0,1
2025,1,16240,1.0,1
2025,1,15759,1.0,1
2025,1,13201,1.0,1
2025,1,16664,1.0,1
2025,1,17113,1.0,1
2025,1,15450,1.0,1
2025,1,16496,1.0,1
2025,1,15129,1.0,1
2025,1,14263,1.0,1
2025,1,13330,1.0,1
2025,1,12691,1.0,1
2025,1,15871,1.0,1
2025,1,12231,1.0,1
2025,1,13164,1.0,1
2025,1,13692,1.0,1
2025,1,17358,1.0,1
2025,1,17217,1.0,1
2025,1,15916,1.0,1
2025,1,13687,1.0,1
2025,1,16385,1.0,1
2025,1,16210,1.0,1
2025,1,16764,1.0,1
2025,1,17126,1.0,1
2025,1,14167,1.0,1
2025,1,16728,1.0,1
2025,1,14904,1.0,1
2025,1,15541,1.0,1
2025,1,12776,1.0,1
2025,1,14923,1.0,1
2025,1,15929,1.0,1
2025,1,17366,1.0,1
2025,1,13933,1.0,1
2025,1,15254,1.0,1
2025,1,16710,1.0,1
2025,1,15148,1.0,1
2025,1,15527,1.0,1
2025,1,12831,1.0,1
2025,1,17365,1.0,1
2025,1,16017,1.0,1
2025,1,16416,1.0,1
2025,1,17058,1.0,1
2025,1,15244,1.0,1
2025,1,17178,1.0,1
2025,1,17368,1.0,1
2025,1,14878,1.0,1
2025,1,12217,1.0,1
2025,1,16356,1.0,1
2025,1,16318,1.0,1
2025,1,16476,1.0,1
2025,1,15880,1.0,1
2025,1,16450,1.0,1
2025,1,16735,1.0,1
2025,1,15864,1.0,1
2025,1,16370,1.0,1
2025,1,14506,1.0,1
2025,1,16923,1.0,1
2025,1,16741,1.0,1
2025,1,17116,1.0,1
2025,1,15805,1.0,1
2025,1,14903,1.0,1
2025,1,17220,0.9,1
2025,1,16187,0.9,1
2025,1,17108,0.9,1
2025,1,14244,0.9,1
2025,1,17046,0.8,1
2025,1,13672,0.8,1
2025,1,16624,0.7,1
2025,1,15419,0.7,1
2025,1,14823,0.7,1
2025,1,16018,0.6,1
2025,1,16707,0.6,1
2025,1,16775,0.6,1
2025,1,13315,0.5,1
2025,1,16933,0.5,1
2025,1,16633,0.5,1
2025,1,17208,0.5,1
2025,1,17247,0.5,1
2025,1,12361,0.5,1
2025,1,17181,0.5,1
2025,1,16872,0.5,1
2025,1,13671,0.5,1
2025,1,16218,0.5,1
2025,1,17356,0.5,1
2025,1,17186,0.5,1
2025,1,17000,0.5,1
2025,1,16608,0.5,1
2025,1,14138,0.5,1
2025,1,15923,0.5,1
2025,1,14283,0.5,1
2025,1,17229,0.5,1
2025,1,16669,0.5,1
2025,1,12745,0.5,1
2025,1,14870,0.5,1
2025,1,14209,0.5,1
2025,1,11872,0.5,1
2025,1,16958,0.5,1
2025,1,16375,0.5,1
2025,1,15353,0.5,1
2025,1,17076,0.5,1
2025,1,13706,0.5,1
2025,1,16237,0.5,1
2025,1,16072,0.5,1
2025,1,16750,0.5,1
2025,1,16383,0.5,1
2025,1,15109,0.4,1
2025,1,16189,0.4,1
2025,1,16164,0.4,1
2025,1,15259,0.4,1
2025,1,15650,0.3,1
2025,1,16432,0.3,1
2025,1,16215,0.3,1
2025,1,17171,0.3,1
2025,1,13176,0.3,1
2025,1,15301,0.3,1
2025,1,15712,0.3,1
2025,1,17056,0.3,1
2025,1,14080,0.3,1
2025,1,15714,0.1,1
2025,1,15337,0.1,1
2025,1,16330,0.1,1
2025,1,16299,0.1,1
2025,1,16472,0.0,1
2025,1,12394,0.0,1
2025,1,16309,0.0,1
2025,1,17143,0.0,1
2025,1,15124,0.0,1
2025,1,17354,0.0,1
2025,1,16413,0.0,1
2025,1,16326,0.0,1
2025,1,16869,0.0,1
2025,1,16254,0.0,1
2025,1,16629,0.0,1
2025,1,16600,0.0,1
2025,1,15622,0.0,1
2025,1,17190,0.0,1
2025,1,15595,0.0,1
2025,1,16798,0.0,1
2025,1,17098,0.0,1
2025,1,15767,0.0,1
2025,1,16691,0.0,1
2025,1,16255,0.0,1
2025,1,16075,0.0,1
2025,1,12608,0.0,1
2025,1,16732,0.0,1
2025,1,12238,0.0,1
2025,1,15878,0.0,1
2025,1,15814,0.0,1
2025,1,16321,0.0,1
2025,1,17221,0.0,1
2025,1,16527,0.0,1
2025,1,16447,0.0,1
2025,1,13348,0.0,1
2025,1,15935,0.0,1
2025,1,13260,0.0,1
2025,1,16203,0.0,1
2025,1,15414,0.0,1
2025,1,17303,0.0,1
2025,1,17165,0.0,1
2025,1,13676,0.0,1
2025,1,15449,0.0,1
2025,1,17173,0.0,1
2025,1,13811,0.0,1
2025,1,17340,0.0,1
2025,1,16019,0.0,1
2025,1,15285,0.0,1
2025,1,15379,0.0,1
2025,1,15397,0.0,1
2025,1,12699,0.0,1
2025,1,11286,0.0,1
2025,1,12677,0.0,1
2025,1,17232,0.0,1
2025,1,15723,0.0,1
2025,1,16192,0.0,1
2025,1,16045,0.0,1
2025,1,16324,0.0,1
2025,1,15094,0.0,1
2025,1,14926,0.0,1
2025,1,15867,0.0,1
2025,1,16118,0.0,1
2025,1,16864,0.0,1
2025,1,16613,0.0,1
2025,1,13288,0.0,1
2025,1,17286,0.0,1
2025,1,14984,0.0,1
2025,1,17204,0.0,1
2025,1,16657,0.0,1
2025,1,16761,0.0,1
2025,1,16880,0.0,1
2025,1,17362,0.0,1
2025,1,14442,0.0,1
2025,1,13793,0.0,1
2025,1,15117,0.0,1
2025,1,12219,0.0,1
2025,1,15344,0.0,1
2025,1,14847,0.0,1
2025,1,16305,0.0,1
2025,1,16485,0.0,1
2025,1,14991,0.0,1
2025,1,16216,0.0,1
2025,1,16688,0.0,1
2025,1,15165,0.0,1
2025,1,16621,0.0,1
2025,1,15589,0.0,1
2025,1,16317,0.0,1
2025,1,16391,0.0,1
2025,1,15614,0.0,1
2025,1,14110,0.0,1
2025,1,13427,0.0,1
2025,1,17285,0.0,1
2025,1,16885,0.0,1
2025,1,16059,0.0,1
2025,1,16733,0.0,1
2025,1,13678,0.0,1
2025,1,13736,0.0,1
2025,1,16207,0.0,1
2025,1,16366,0.0,1
2025,1,16890,0.0,1
2025,1,14197,0.0,1
2025,1,14555,0.0,1
2025,1,17109,0.0,1
2025,1,15907,0.0,1
2025,1,17177,0.0,1
2025,1,14236,0.0,1
2025,1,13431,0.0,1
2025,1,17049,0.0,1
2025,1,12754,0.0,1
2025,1,16012,0.0,1
2025,1,15720,0.0,1
2025,1,16644,0.0,1
2025,1,16005,0.0,1
2025,1,16858,0.0,1
2025,1,17119,0.0,1
2025,1,16940,0.0,1
2025,1,15985,0.0,1
2025,1,17353,0.0,1
2025,1,15898,0.0,1
2025,1,14319,0.0,1
2025,1,17216,0.0,1
2025,1,16553,0.0,1
2025,1,17343,0.0,1
2025,1,16839,0.0,1
2025,1,15469,0.0,1
2025,1,14370,0.0,1
2025,1,13308,0.0,1
2025,1,16922,0.0,1
2025,1,17360,0.0,1
2025,1,13709,0.0,1
2025,1,15604,0.0,1
2025,1,16492,0.0,1
2025,1,17082,0.0,1
2025,1,15369,0.0,1
2025,1,16315,0.0,1
2025,1,17215,0.0,1
2025,1,16634,0.0,1
2025,1,15899,0.0,1
2025,1,17156,0.0,1
2025,1,16976,0.0,1
2025,1,16113,0.0,1
2025,1,17259,0.0,1
2025,1,17174,0.0,1
2025,1,16656,0.0,1
2025,1,16954,0.0,1
2025,1,17333,0.0,1
2025,1,13377,0.0,1
2025,1,15905,0.0,1
2025,1,17175,0.0,1
2025,1,16338,0.0,1
2025,1,13809,0.0,1
2025,1,17140,0.0,1
2025,1,16663,0.0,1
2025,1,15498,0.0,1
2025,1,12734,0.0,1
2025,1,16878,0.0,1
2025,1,16635,0.0,1
2025,1,17214,0.0,1
2025,1,15408,0.0,1
2025,1,12978,0.0,1
2025,1,13837,0.0,1
2025,1,14727,0.0,1
2025,1,17114,0.0,1
2025,1,17263,0.0,1
2025,1,15891,0.0,1
2025,1,16572,0.0,1
2025,1,16335,0.0,1
2025,1,15433,0.0,1
2025,1,16247,0.0,1
2025,1,13211,0.0,1
2025,1,16754,0.0,1
2025,1,14017,0.0,1
2025,1,17203,0.0,1
2025,1,16730,0.0,1
2025,1,16513,0.0,1
2025,1,16455,0.0,1
2025,1,16776,0.0,1
2025,1,15481,0.0,1
2025,1,17246,0.0,1
2025,1,14359,0.0,1
2025,1,15795,0.0,1
2025,1,16907,0.0,1
2025,1,14930,0.0,1
2025,1,16755,0.0,1
2025,1,13216,0.0,1
2025,1,16232,0.0,1
2025,1,14280,0.0,1
2025,1,17187,0.0,1
2025,1,13301,0.0,1
2025,1,15924,0.0,1
2025,1,15626,0.0,1
2025,1,17115,0.0,1
2025,1,16771,0.0,1
2025,1,16850,0.0,1
2025,1,16350,0.0,1
2025,1,17107,0.0,1
2025,1,17230,0.0,1
2025,1,15804,0.0,1
2025,1,12802,0.0,1
2025,1,17197,0.0,1
2025,1,17254,0.0,1
2025,1,13365,0.0,1
2025,1,14260,0.0,1
2025,1,16422,0.0,1
2025,1,16277,0.0,1
2025,1,17167,0.0,1
2025,1,12758,0.0,1
2025,1,17139,0.0,1
2025,1,17050,0.0,1
2025,1,16836,0.0,1
2025,1,16336,0.0,1
2025,1,12782,0.0,1
2025,1,16463,0.0,1
2025,1,14963,0.0,1
2025,1,14858,0.0,1
2025,1,13926,0.0,1
2025,1,16242,0.0,1
2025,1,16451,0.0,1
2025,1,16883,0.0,1
2025,1,15103,0.0,1
2025,1,16446,0.0,1
2025,1,17244,0.0,1
2025,1,16403,0.0,1
2025,1,14012,0.0,1
2025,1,17255,0.0,1
2025,1,14975,0.0,1
2025,1,12955,0.0,1
2025,1,17080,-0.1,1
2025,1,16723,-0.1,1
2025,1,15332,-0.1,1
2025,1,13629,-0.1,1
2025,1,15925,-0.1,1
2025,1,16166,-0.1,1
2025,1,15859,-0.2,1
2025,1,15335,-0.2,1
2025,1,17045,-0.2,1
2025,1,14860,-0.3,1
2025,1,15970,-0.3,1
2025,1,17096,-0.3,1
2025,1,17033,-0.3,1
2025,1,16333,-0.4,1
2025,1,13289,-0.4,1
2025,1,17059,-0.4,1
2025,1,14108,-0.4,1
2025,1,16666,-0.5,1
2025,1,14548,-0.5,1
2025,1,17307,-0.5,1
2025,1,16009,-0.5,1
2025,1,15965,-0.6,1
2025,1,15911,-0.8,1
2025,1,16603,-0.8,1
2025,1,17053,-0.9,1
2025,1,14852,-0.9,1
2025,1,17048,-0.9,1
2025,1,16660,-1.0,1
2025,1,15121,-1.0,1
2025,1,14146,-1.0,1
2025,1,14122,-1.0,1
2025,1,14672,-1.0,1
2025,1,15751,-1.0,1
2025,1,17205,-1.0,1
2025,1,16647,-1.0,1
2025,1,12187,-1.0,1
2025,1,14270,-1.0,1
2025,1,15293,-1.0,1
2025,1,16423,-1.0,1
2025,1,14257,-1.0,1
2025,1,17079,-1.0,1
2025,1,16281,-1.0,1
2025,1,16228,-1.0,1
2025,1,14198,-1.0,1
2025,1,16221,-1.0,1
2025,1,13785,-1.0,1
2025,1,17070,-1.1,1
2025,1,14717,-1.2,1
2025,1,16714,-1.2,1
2025,1,16347,-1.3,1
2025,1,11945,-1.3,1
2025,1,14420,-1.3,1
2025,1,13148,-1.3,1
2025,1,16747,-1.5,1
2025,1,16620,-1.5,1
2025,1,14237,-1.5,1
2025,1,15788,-1.5,1
2025,1,15713,-1.5,1
2025,1,16649,-1.5,1
2025,1,15717,-1.5,1
2025,1,15559,-1.5,1
2025,1,16342,-1.6,1
2025,1,15711,-1.7,1
2025,1,14123,-1.8,1
2025,1,15718,-1.8,1
2025,1,12988,-2.0,1
2025,1,13940,-2.0,1
2025,1,17361,-2.0,1
2025,1,12678,-2.0,1
2025,1,16206,-2.0,1
2025,1,15885,-2.0,1
2025,1,17357,-2.0,1
2025,1,15785,-2.0,1
2025,1,13730,-2.4,1
2025,1,15445,-2.6,1
2025,1,16444,-2.6,1
2025,1,16419,-2.7,1
2025,1,16793,-2.8,1
2025,1,17073,-2.9,1
2025,1,13893,-2.9,1
2025,1,15802,-3.0,1
2025,1,13963,-3.0,1
2025,1,16233,-3.0,1
2025,1,15800,-3.0,1
2025,1,16639,-3.5,1
2025,1,14086,-4.2,1
2025,1,14871,-8.2,1
2025,1,16286,-10.0,1
2025,1,16148,-10.1,1
2025,1,16582,-12.2,1
2025,1,14778,-13.9,1
2025,1,17030,-22.3,1
2025,2,12611,78.5,1
2025,2,10703,62.5,1
2025,2,14059,52.1,1
2025,2,16580,51.4,1
2025,2,14782,46.7,1
2025,2,12620,41.8,1
2025,2,14778,40.9,1
2025,2,13593,39.5,1
2025,2,13696,39.0,1
2025,2,9431,37.3,1
2025,2,16615,36.9,1
2025,2,15241,36.6,1
2025,2,14802,36.5,1
2025,2,15281,34.0,1
2025,2,15287,32.9,1
2025,2,16582,32.7,1
2025,2,16673,32.2,1
2025,2,16414,31.2,1
2025,2,16616,29.1,1
2025,2,14779,29.0,1
2025,2,15757,28.4,1
2025,2,16211,28.2,1
2025,2,16280,27.4,1
2025,2,16150,27.3,1
2025,2,14056,27.1,1
2025,2,16586,26.5,1
2025,2,16222,26.3,1
2025,2,13592,26.1,1
2025,2,17153,25.6,1
2025,2,15259,25.4,1
2025,2,13116,25.3,1
2025,2,16303,25.2,1
2025,2,13743,25.0,1
2025,2,15711,24.1,1
2025,2,15756,23.6,1
2025,2,16276,23.6,1
2025,2,14600,23.5,1
2025,2,13590,23.3,1
2025,2,16148,23.0,1
2025,2,14669,22.0,1
2025,2,16161,21.6,1
2025,2,14405,21.4,1
2025,2,15742,21.3,1
2025,2,16794,21.2,1
2025,2,15836,21.0,1
2025,2,15715,21.0,1
2025,2,16227,20.9,1
2025,2,16703,20.6,1
2025,2,16619,20.5,1
2025,2,12686,20.3,1
2025,2,16162,20.3,1
2025,2,12711,20.3,1
2025,2,12221,20.2,1
2025,2,15237,20.0,1
2025,2,15256,20.0,1
2025,2,13589,19.9,1
2025,2,12801,19.8,1
2025,2,16244,19.3,1
2025,2,16298,19.3,1
2025,2,9051,19.3,1
2025,2,15721,19.2,1
2025,2,16729,19.0,1
2025,2,12688,19.0,1
2025,2,16167,18.9,1
2025,2,13130,18.4,1
2025,2,12772,18.3,1
2025,2,13303,18.2,1
2025,2,16787,18.2,1
2025,2,16579,18.0,1
2025,2,16266,18.0,1
2025,2,14328,17.9,1
2025,2,16581,17.7,1
2025,2,11327,17.5,1
2025,2,14832,17.4,1
2025,2,11936,17.4,1
2025,2,15121,17.3,1
2025,2,17116,17.3,1
2025,2,16927,17.3,1
2025,2,11675,17.2,1
2025,2,15872,17.2,1
2025,2,15806,17.1,1
2025,2,14947,17.0,1
2025,2,17179,17.0,1
2025,2,15380,17.0,1
2025,2,15815,16.9,1
2025,2,11232,16.8,1
2025,2,15822,16.8,1
2025,2,16185,16.6,1
2025,2,14147,16.5,1
2025,2,15817,16.5,1
2025,2,15352,16.5,1
2025,2,14170,16.3,1
2025,2,16689,16.2,1
2025,2,15856,16.0,1
2025,2,13227,16.0,1
2025,2,14860,15.8,1
2025,2,16405,15.7,1
2025,2,13690,15.7,1
2025,2,15356,15.6,1
2025,2,15284,15.6,1
2025,2,17071,15.5,1
2025,2,13759,15.1,1
2025,2,13298,15.0,1
2025,2,13164,15.0,1
2025,2,13738,15.0,1
2025,2,15712,15.0,1
2025,2,15924,15.0,1
2025,2,17052,14.8,1
2025,2,15253,14.8,1
2025,2,15819,14.7,1
2025,2,16598,14.7,1
2025,2,13208,14.5,1
2025,2,13284,14.5,1
2025,2,13199,14.5,1
2025,2,14897,14.5,1
2025,2,15261,14.4,1
2025,2,16192,14.2,1
2025,2,15292,14.2,1
2025,2,14123,14.1,1
2025,2,13198,14.1,1
2025,2,13718,14.0,1
2025,2,14800,14.0,1
2025,2,14171,13.7,1
2025,2,15762,13.6,1
2025,2,15418,13.5,1
2025,2,15428,13.5,1
2025,2,15391,13.5,1
2025,2,15413,13.5,1
2025,2,15921,13.4,1
2025,2,11247,13.3,1
2025,2,17073,13.2,1
2025,2,16621,13.2,1
2025,2,11222,13.2,1
2025,2,16245,13.1,1
2025,2,13813,13.1,1
2025,2,15981,13.1,1
2025,2,16716,13.1,1
2025,2,17113,13.0,1
2025,2,14167,13.0,1
2025,2,10816,13.0,1
2025,2,15387,13.0,1
2025,2,15285,13.0,1
2025,2,13714,13.0,1
2025,2,15398,13.0,1
2025,2,13610,12.9,1
2025,2,14836,12.7,1
2025,2,15871,12.5,1
2025,2,17121,12.5,1
2025,2,10266,12.5,1
2025,2,14217,12.5,1
2025,2,12782,12.5,1
2025,2,16650,12.5,1
2025,2,15394,12.4,1
2025,2,16080,12.4,1
2025,2,16708,12.3,1
2025,2,16593,12.3,1
2025,2,15787,12.3,1
2025,2,17102,12.3,1
2025,2,12739,12.3,1
2025,2,16188,12.3,1
2025,2,13604,12.3,1
2025,2,14071,12.2,1
2025,2,14210,12.0,1
2025,2,16275,12.0,1
2025,2,14927,12.0,1
2025,2,14590,12.0,1
2025,2,14358,12.0,1
2025,2,15794,11.6,1
2025,2,14153,11.5,1
2025,2,17131,11.5,1
2025,2,13330,11.3,1
2025,2,16896,11.3,1
2025,2,16239,11.3,1
2025,2,16696,11.3,1
2025,2,16282,11.2,1
2025,2,8930,11.2,1
2025,2,13681,11.1,1
2025,2,15849,11.0,1
2025,2,12698,11.0,1
2025,2,16236,11.0,1
2025,2,15859,11.0,1
2025,2,16274,11.0,1
2025,2,16013,11.0,1
2025,2,17214,11.0,1
2025,2,15288,10.9,1
2025,2,14956,10.8,1
2025,2,14892,10.7,1
2025,2,14182,10.6,1
2025,2,15911,10.5,1
2025,2,12860,10.5,1
2025,2,15396,10.5,1
2025,2,14982,10.5,1
2025,2,12735,10.5,1
2025,2,15362,10.4,1
2025,2,13146,10.4,1
2025,2,12225,10.4,1
2025,2,16657,10.3,1
2025,2,14283,10.3,1
2025,2,14073,10.3,1
2025,2,16223,10.1,1
2025,2,14882,10.1,1
2025,2,15799,10.1,1
2025,2,15768,10.1,1
2025,2,14889,10.0,1
2025,2,14159,10.0,1
2025,2,16255,10.0,1
2025,2,17164,10.0,1
2025,2,15839,10.0,1
2025,2,15866,10.0,1
2025,2,16268,10.0,1
2025,2,16383,10.0,1
2025,2,14169,10.0,1
2025,2,17130,10.0,1
2025,2,15832,10.0,1
2025,2,16671,10.0,1
2025,2,16295,10.0,1
2025,2,15001,9.9,1
2025,2,12301,9.9,1
2025,2,14085,9.9,1
2025,2,17339,9.8,1
2025,2,17045,9.8,1
2025,2,11244,9.7,1
2025,2,14835,9.7,1
2025,2,13448,9.5,1
2025,2,15618,9.5,1
2025,2,12764,9.5,1
2025,2,16767,9.5,1
2025,2,14985,9.4,1
2025,2,14136,9.3,1
2025,2,17165,9.3,1
2025,2,16190,9.3,1
2025,2,15884,9.2,1
2025,2,17051,9.2,1
2025,2,14149,9.1,1
2025,2,14777,9.1,1
2025,2,15626,9.1,1
2025,2,15446,9.0,1
2025,2,16267,9.0,1
2025,2,16279,9.0,1
2025,2,14928,9.0,1
2025,2,15375,9.0,1
2025,2,16230,9.0,1
2025,2,15950,9.0,1
2025,2,16681,9.0,1
2025,2,15404,9.0,1
2025,2,16958,9.0,1
2025,2,14168,9.0,1
2025,2,15140,9.0,1
2025,2,13717,9.0,1
2025,2,13249,9.0,1
2025,2,15364,9.0,1
2025,2,15847,9.0,1
2025,2,16702,9.0,1
2025,2,16228,9.0,1
2025,2,16233,9.0,1
2025,2,14910,9.0,1
2025,2,13447,9.0,1
2025,2,15809,9.0,1
2025,2,10413,8.9,1
2025,2,14861,8.8,1
2025,2,17053,8.7,1
2025,2,14122,8.7,1
2025,2,17118,8.7,1
2025,2,16887,8.7,1
2025,2,13719,8.6,1
2025,2,16949,8.6,1
2025,2,15923,8.5,1
2025,2,16333,8.5,1
2025,2,13697,8.5,1
2025,2,15875,8.5,1
2025,2,15412,8.5,1
2025,2,16676,8.5,1
2025,2,15369,8.5,1
2025,2,17066,8.4,1
2025,2,16413,8.4,1
2025,2,13629,8.4,1
2025,2,17152,8.3,1
2025,2,16189,8.3,1
2025,2,15668,8.2,1
2025,2,16369,8.1,1
2025,2,16627,8.1,1
2025,2,16723,8.1,1
2025,2,12734,8.1,1
2025,2,17103,8.1,1
2025,2,14518,8.0,1
2025,2,14218,8.0,1
2025,2,14148,8.0,1
2025,2,15835,8.0,1
2025,2,13322,8.0,1
2025,2,13224,8.0,1
2025,2,15710,8.0,1
2025,2,15989,8.0,1
2025,2,15860,8.0,1
2025,2,14930,8.0,1
2025,2,16736,8.0,1
2025,2,14012,8.0,1
2025,2,15365,8.0,1
2025,2,13365,8.0,1
2025,2,13214,8.0,1
2025,2,16316,8.0,1
2025,2,16878,8.0,1
2025,2,12741,8.0,1
2025,2,15003,8.0,1
2025,2,14225,8.0,1
2025,2,16675,8.0,1
2025,2,14979,8.0,1
2025,2,14907,8.0,1
2025,2,17169,7.9,1
2025,2,17098,7.9,1
2025,2,15290,7.9,1
2025,2,16633,7.9,1
2025,2,13700,7.9,1
2025,2,16622,7.9,1
2025,2,17037,7.8,1
2025,2,10945,7.8,1
2025,2,8851,7.7,1
2025,2,16292,7.7,1
2025,2,16010,7.6,1
2025,2,15282,7.6,1
2025,2,14472,7.5,1
2025,2,12218,7.5,1
2025,2,14896,7.5,1
2025,2,13791,7.5,1
2025,2,15452,7.5,1
2025,2,16291,7.5,1
2025,2,16655,7.5,1
2025,2,13798,7.5,1
2025,2,15051,7.5,1
2025,2,14900,7.4,1
2025,2,16193,7.2,1
2025,2,16187,7.2,1
2025,2,15779,7.1,1
2025,2,12677,7.1,1
2025,2,17222,7.1,1
2025,2,13688,7.1,1
2025,2,11985,7.1,1
2025,2,15845,7.0,1
2025,2,13745,7.0,1
2025,2,16817,7.0,1
2025,2,15846,7.0,1
2025,2,10775,7.0,1
2025,2,14995,7.0,1
2025,2,13693,7.0,1
2025,2,14157,7.0,1
2025,2,14359,7.0,1
2025,2,17138,7.0,1
2025,2,15484,7.0,1
2025,2,13223,7.0,1
2025,2,16679,7.0,1
2025,2,17127,7.0,1
2025,2,16253,7.0,1
2025,2,15868,7.0,1
2025,2,9694,7.0,1
2025,2,16314,7.0,1
2025,2,13837,7.0,1
2025,2,16017,7.0,1
2025,2,14224,7.0,1
2025,2,16330,6.9,1
2025,2,17122,6.9,1
2025,2,16144,6.8,1
2025,2,13802,6.8,1
2025,2,16724,6.8,1
2025,2,16643,6.8,1
2025,2,16195,6.8,1
2025,2,16635,6.8,1
2025,2,14888,6.7,1
2025,2,13635,6.7,1
2025,2,16403,6.6,1
2025,2,14237,6.6,1
2025,2,14842,6.5,1
2025,2,13692,6.5,1
2025,2,13132,6.5,1
2025,2,14412,6.5,1
2025,2,17209,6.5,1
2025,2,16263,6.5,1
2025,2,15366,6.5,1
2025,2,16662,6.5,1
2025,2,16181,6.5,1
2025,2,15805,6.5,1
2025,2,16722,6.5,1
2025,2,17167,6.5,1
2025,2,15681,6.5,1
2025,2,15928,6.5,1
2025,2,14893,6.5,1
2025,2,11721,6.5,1
2025,2,15319,6.4,1
2025,2,16215,6.4,1
2025,2,14908,6.4,1
2025,2,17081,6.3,1
2025,2,17047,6.3,1
2025,2,16768,6.3,1
2025,2,17160,6.3,1
2025,2,16747,6.2,1
2025,2,14127,6.1,1
2025,2,10768,6.1,1
2025,2,15254,6.1,1
2025,2,16238,6.0,1
2025,2,16698,6.0,1
2025,2,16700,6.0,1
2025,2,16894,6.0,1
2025,2,15445,6.0,1
2025,2,15834,6.0,1
2025,2,13470,6.0,1
2025,2,14925,6.0,1
2025,2,11348,6.0,1
2025,2,14207,6.0,1
2025,2,13281,6.0,1
2025,2,15975,6.0,1
2025,2,14163,6.0,1
2025,2,16325,6.0,1
2025,2,13260,6.0,1
2025,2,16726,6.0,1
2025,2,15913,6.0,1
2025,2,14946,6.0,1
2025,2,15833,6.0,1
2025,2,16299,6.0,1
2025,2,14879,6.0,1
2025,2,13251,6.0,1
2025,2,16714,6.0,1
2025,2,14221,6.0,1
2025,2,17155,6.0,1
2025,2,17146,6.0,1
2025,2,15377,6.0,1
2025,2,14997,6.0,1
2025,2,14180,6.0,1
2025,2,13713,6.0,1
2025,2,13418,5.9,1
2025,2,15032,5.9,1
2025,2,16583,5.9,1
2025,2,17241,5.9,1
2025,2,17157,5.8,1
2025,2,15350,5.8,1
2025,2,15346,5.8,1
2025,2,15754,5.8,1
2025,2,15814,5.8,1
2025,2,14867,5.8,1
2025,2,10814,5.7,1
2025,2,15804,5.7,1
2025,2,16219,5.6,1
2025,2,17083,5.6,1
2025,2,14630,5.6,1
2025,2,13987,5.5,1
2025,2,17132,5.5,1
2025,2,15850,5.5,1
2025,2,14179,5.5,1
2025,2,15335,5.5,1
2025,2,17106,5.5,1
2025,2,16324,5.5,1
2025,2,16680,5.5,1
2025,2,13307,5.5,1
2025,2,14954,5.5,1
2025,2,15908,5.5,1
2025,2,15357,5.5,1
2025,2,16553,5.5,1
2025,2,13325,5.5,1
2025,2,13192,5.5,1
2025,2,16281,5.5,1
2025,2,16265,5.5,1
2025,2,12678,5.4,1
2025,2,17072,5.3,1
2025,2,11674,5.2,1
2025,2,14833,5.2,1
2025,2,16206,5.2,1
2025,2,14164,5.2,1
2025,2,17220,5.1,1
2025,2,14109,5.1,1
2025,2,16608,5.0,1
2025,2,16784,5.0,1
2025,2,15831,5.0,1
2025,2,13226,5.0,1
2025,2,14235,5.0,1
2025,2,17172,5.0,1
2025,2,13774,5.0,1
2025,2,16677,5.0,1
2025,2,13754,5.0,1
2025,2,13268,5.0,1
2025,2,13744,5.0,1
2025,2,16653,5.0,1
2025,2,15094,5.0,1
2025,2,16452,5.0,1
2025,2,14894,5.0,1
2025,2,16232,5.0,1
2025,2,17368,5.0,1
2025,2,15049,5.0,1
2025,2,16344,5.0,1
2025,2,15796,5.0,1
2025,2,15895,5.0,1
2025,2,16288,5.0,1
2025,2,15812,5.0,1
2025,2,15753,5.0,1
2025,2,16654,5.0,1
2025,2,15499,5.0,1
2025,2,13263,5.0,1
2025,2,17163,5.0,1
2025,2,17174,5.0,1
2025,2,15432,5.0,1
2025,2,11947,4.9,1
2025,2,17096,4.8,1
2025,2,14079,4.8,1
2025,2,14797,4.8,1
2025,2,16649,4.8,1
2025,2,12658,4.8,1
2025,2,15713,4.8,1
2025,2,17108,4.7,1
2025,2,15786,4.7,1
2025,2,13289,4.6,1
2025,2,16309,4.6,1
2025,2,16788,4.6,1
2025,2,15329,4.6,1
2025,2,15355,4.5,1
2025,2,14899,4.5,1
2025,2,15393,4.5,1
2025,2,16254,4.5,1
2025,2,17196,4.5,1
2025,2,12699,4.5,1
2025,2,17158,4.5,1
2025,2,14670,4.5,1
2025,2,14105,4.5,1
2025,2,16201,4.3,1
2025,2,15331,4.2,1
2025,2,11938,4.2,1
2025,2,16422,4.2,1
2025,2,13066,4.1,1
2025,2,13959,4.0,1
2025,2,13354,4.0,1
2025,2,16672,4.0,1
2025,2,14102,4.0,1
2025,2,15863,4.0,1
2025,2,15851,4.0,1
2025,2,13710,4.0,1
2025,2,15931,4.0,1
2025,2,17161,4.0,1
2025,2,15349,4.0,1
2025,2,17185,4.0,1
2025,2,16256,4.0,1
2025,2,14926,4.0,1
2025,2,15397,4.0,1
2025,2,14909,4.0,1
2025,2,16235,4.0,1
2025,2,17128,4.0,1
2025,2,13704,4.0,1
2025,2,16346,4.0,1
2025,2,17123,4.0,1
2025,2,14903,4.0,1
2025,2,17148,4.0,1
2025,2,15409,4.0,1
2025,2,15813,4.0,1
2025,2,15076,4.0,1
2025,2,15332,4.0,1
2025,2,15808,4.0,1
2025,2,16012,4.0,1
2025,2,13694,4.0,1
2025,2,16663,4.0,1
2025,2,14303,4.0,1
2025,2,15877,4.0,1
2025,2,14213,4.0,1
2025,2,15869,4.0,1
2025,2,15718,3.9,1
2025,2,16613,3.9,1
2025,2,16213,3.9,1
2025,2,12186,3.9,1
2025,2,12437,3.8,1
2025,2,16594,3.8,1
2025,2,13772,3.8,1
2025,2,15979,3.7,1
2025,2,17115,3.7,1
2025,2,17030,3.7,1
2025,2,16351,3.6,1
2025,2,14137,3.6,1
2025,2,17125,3.5,1
2025,2,17147,3.5,1
2025,2,15419,3.5,1
2025,2,15363,3.5,1
2025,2,15173,3.5,1
2025,2,16014,3.5,1
2025,2,12752,3.5,1
2025,2,12305,3.5,1
2025,2,16063,3.5,1
2025,2,13228,3.5,1
2025,2,16234,3.5,1
2025,2,16872,3.5,1
2025,2,14921,3.5,1
2025,2,16719,3.5,1
2025,2,16284,3.5,1
2025,2,15889,3.5,1
2025,2,12831,3.5,1
2025,2,14186,3.5,1
2025,2,13193,3.4,1
2025,2,15751,3.3,1
2025,2,13782,3.3,1
2025,2,13848,3.3,1
2025,2,13115,3.3,1
2025,2,14783,3.3,1
2025,2,16214,3.2,1
2025,2,16419,3.2,1
2025,2,15888,3.2,1
2025,2,14852,3.1,1
2025,2,16641,3.1,1
2025,2,13682,3.0,1
2025,2,16485,3.0,1
2025,2,12271,3.0,1
2025,2,16278,3.0,1
2025,2,14943,3.0,1
2025,2,17043,3.0,1
2025,2,16460,3.0,1
2025,2,13288,3.0,1
2025,2,13750,3.0,1
2025,2,16705,3.0,1
2025,2,17199,3.0,1
2025,2,17120,3.0,1
2025,2,15614,3.0,1
2025,2,16786,3.0,1
2025,2,14219,3.0,1
2025,2,16780,3.0,1
2025,2,16912,3.0,1
2025,2,15378,3.0,1
2025,2,11723,3.0,1
2025,2,16690,3.0,1
2025,2,16139,3.0,1
2025,2,15802,3.0,1
2025,2,17186,3.0,1
2025,2,13839,3.0,1
2025,2,14302,3.0,1
2025,2,13216,3.0,1
2025,2,15405,3.0,1
2025,2,17114,3.0,1
2025,2,16371,3.0,1
2025,2,16440,3.0,1
2025,2,14934,3.0,1
2025,2,16870,3.0,1
2025,2,14918,3.0,1
2025,2,16226,3.0,1
2025,2,13709,3.0,1
2025,2,14434,3.0,1
2025,2,16296,3.0,1
2025,2,13742,3.0,1
2025,2,11769,3.0,1
2025,2,13230,3.0,1
2025,2,13245,3.0,1
2025,2,12978,3.0,1
2025,2,15527,3.0,1
2025,2,11872,3.0,1
2025,2,9596,3.0,1
2025,2,16191,2.9,1
2025,2,16387,2.9,1
2025,2,13844,2.8,1
2025,2,11383,2.8,1
2025,2,14805,2.8,1
2025,2,10267,2.8,1
2025,2,13138,2.8,1
2025,2,16617,2.7,1
2025,2,17204,2.6,1
2025,2,14420,2.6,1
2025,2,15109,2.6,1
2025,2,17082,2.6,1
2025,2,16717,2.5,1
2025,2,15448,2.5,1
2025,2,16660,2.5,1
2025,2,13683,2.5,1
2025,2,15918,2.5,1
2025,2,13810,2.5,1
2025,2,11286,2.5,1
2025,2,17181,2.5,1
2025,2,13317,2.5,1
2025,2,16692,2.5,1
2025,2,14675,2.5,1
2025,2,14414,2.5,1
2025,2,16463,2.5,1
2025,2,13926,2.5,1
2025,2,17139,2.5,1
2025,2,17236,2.5,1
2025,2,17207,2.5,1
2025,2,14870,2.5,1
2025,2,13332,2.5,1
2025,2,16762,2.5,1
2025,2,14161,2.5,1
2025,2,15148,2.5,1
2025,2,16264,2.5,1
2025,2,16294,2.5,1
2025,2,16691,2.4,1
2025,2,12323,2.4,1
2025,2,15368,2.4,1
2025,2,17042,2.3,1
2025,2,16212,2.3,1
2025,2,16618,2.3,1
2025,2,11671,2.2,1
2025,2,16036,2.2,1
2025,2,15255,2.2,1
2025,2,17061,2.1,1
2025,2,15972,2.1,1
2025,2,17265,2.0,1
2025,2,17168,2.0,1
2025,2,15874,2.0,1
2025,2,11793,2.0,1
2025,2,15907,2.0,1
2025,2,16145,2.0,1
2025,2,17217,2.0,1
2025,2,16216,2.0,1
2025,2,16704,2.0,1
2025,2,13731,2.0,1
2025,2,12988,2.0,1
2025,2,13294,2.0,1
2025,2,14924,2.0,1
2025,2,17374,2.0,1
2025,2,13201,2.0,1
2025,2,15935,2.0,1
2025,2,17112,2.0,1
2025,2,16009,2.0,1
2025,2,16356,2.0,1
2025,2,15361,2.0,1
2025,2,15473,2.0,1
2025,2,14198,2.0,1
2025,2,12217,2.0,1
2025,2,15861,2.0,1
2025,2,17203,2.0,1
2025,2,10292,2.0,1
2025,2,14878,2.0,1
2025,2,13262,2.0,1
2025,2,15881,2.0,1
2025,2,16741,2.0,1
2025,2,14858,2.0,1
2025,2,14940,2.0,1
2025,2,15401,2.0,1
2025,2,16242,2.0,1
2025,2,14260,2.0,1
2025,2,17182,2.0,1
2025,2,15386,2.0,1
2025,2,14379,2.0,1
2025,2,15894,2.0,1
2025,2,14086,2.0,1
2025,2,12744,2.0,1
2025,2,13953,2.0,1
2025,2,17087,2.0,1
2025,2,13737,2.0,1
2025,2,12776,2.0,1
2025,2,15720,2.0,1
2025,2,12745,2.0,1
2025,2,17135,2.0,1
2025,2,17193,2.0,1
2025,2,17202,2.0,1
2025,2,14322,2.0,1
2025,2,17150,2.0,1
2025,2,16315,2.0,1
2025,2,13595,1.9,1
2025,2,16614,1.9,1
2025,2,17105,1.8,1
2025,2,14256,1.7,1
2025,2,14108,1.7,1
2025,2,16647,1.6,1
2025,2,16102,1.6,1
2025,2,13672,1.6,1
2025,2,15708,1.6,1
2025,2,14953,1.5,1
2025,2,16496,1.5,1
2025,2,14495,1.5,1
2025,2,12700,1.5,1
2025,2,17354,1.5,1
2025,2,16684,1.5,1
2025,2,16472,1.5,1
2025,2,15892,1.5,1
2025,2,16352,1.5,1
2025,2,16900,1.5,1
2025,2,11970,1.5,1
2025,2,15585,1.5,1
2025,2,17247,1.5,1
2025,2,15903,1.5,1
2025,2,13723,1.5,1
2025,2,17208,1.5,1
2025,2,16850,1.5,1
2025,2,16727,1.5,1
2025,2,14975,1.5,1
2025,2,14951,1.5,1
2025,2,16520,1.5,1
2025,2,16697,1.5,1
2025,2,14974,1.5,1
2025,2,15498,1.5,1
2025,2,16273,1.5,1
2025,2,17373,1.5,1
2025,2,13148,1.5,1
2025,2,12697,1.5,1
2025,2,13933,1.5,1
2025,2,17215,1.5,1
2025,2,15761,1.4,1
2025,2,17109,1.3,1
2025,2,17068,1.3,1
2025,2,16603,1.3,1
2025,2,17277,1.2,1
2025,2,13319,1.1,1
2025,2,16342,1.1,1
2025,2,15302,1.1,1
2025,2,13246,1.1,1
2025,2,16175,1.0,1
2025,2,14847,1.0,1
2025,2,16304,1.0,1
2025,2,15345,1.0,1
2025,2,15456,1.0,1
2025,2,15129,1.0,1
2025,2,14452,1.0,1
2025,2,15830,1.0,1
2025,2,16624,1.0,1
2025,2,16118,1.0,1
2025,2,12234,1.0,1
2025,2,16699,1.0,1
2025,2,16300,1.0,1
2025,2,16059,1.0,1
2025,2,15341,1.0,1
2025,2,17126,1.0,1
2025,2,16626,1.0,1
2025,2,16712,1.0,1
2025,2,14197,1.0,1
2025,2,17229,1.0,1
2025,2,16391,1.0,1
2025,2,16023,1.0,1
2025,2,17188,1.0,1
2025,2,16428,1.0,1
2025,2,17358,1.0,1
2025,2,13315,1.0,1
2025,2,12608,1.0,1
2025,2,13767,1.0,1
2025,2,16018,1.0,1
2025,2,15936,1.0,1
2025,2,16666,1.0,1
2025,2,16326,1.0,1
2025,2,16424,1.0,1
2025,2,15595,1.0,1
2025,2,17376,1.0,1
2025,2,13707,1.0,1
2025,2,15945,1.0,1
2025,2,15392,1.0,1
2025,2,14957,1.0,1
2025,2,16457,1.0,1
2025,2,17143,1.0,1
2025,2,16054,1.0,1
2025,2,16664,1.0,1
2025,2,15867,1.0,1
2025,2,12795,1.0,1
2025,2,17350,1.0,1
2025,2,14672,1.0,1
2025,2,15946,1.0,1
2025,2,16799,1.0,1
2025,2,16720,1.0,1
2025,2,16019,1.0,1
2025,2,16695,1.0,1
2025,2,13266,1.0,1
2025,2,13296,1.0,1
2025,2,17303,1.0,1
2025,2,17372,1.0,1
2025,2,17187,1.0,1
2025,2,16077,1.0,1
2025,2,16026,1.0,1
2025,2,16754,1.0,1
2025,2,17246,1.0,1
2025,2,15853,1.0,1
2025,2,16572,1.0,1
2025,2,13952,1.0,1
2025,2,12349,1.0,1
2025,2,15395,1.0,1
2025,2,16923,1.0,1
2025,2,16750,1.0,1
2025,2,14963,1.0,1
2025,2,15103,1.0,1
2025,2,13785,1.0,1
2025,2,16735,1.0,1
2025,2,16740,1.0,1
2025,2,15864,1.0,1
2025,2,16746,1.0,1
2025,2,16237,1.0,1
2025,2,13706,1.0,1
2025,2,15857,1.0,1
2025,2,17154,1.0,1
2025,2,14876,1.0,1
2025,2,15420,1.0,1
2025,2,15469,1.0,1
2025,2,16922,1.0,1
2025,2,17119,1.0,1
2025,2,16975,1.0,1
2025,2,16759,1.0,1
2025,2,12754,1.0,1
2025,2,17058,1.0,1
2025,2,15388,1.0,1
2025,2,15826,1.0,1
2025,2,14257,1.0,1
2025,2,13763,0.9,1
2025,2,11945,0.9,1
2025,2,17256,0.9,1
2025,2,16644,0.9,1
2025,2,14823,0.8,1
2025,2,14143,0.8,1
2025,2,15800,0.7,1
2025,2,17352,0.7,1
2025,2,15788,0.7,1
2025,2,17059,0.6,1
2025,2,17000,0.5,1
2025,2,15450,0.5,1
2025,2,17367,0.5,1
2025,2,13133,0.5,1
2025,2,13736,0.5,1
2025,2,15916,0.5,1
2025,2,16321,0.5,1
2025,2,11367,0.5,1
2025,2,16820,0.5,1
2025,2,16045,0.5,1
2025,2,15941,0.5,1
2025,2,17213,0.5,1
2025,2,16246,0.5,1
2025,2,16138,0.5,1
2025,2,17076,0.5,1
2025,2,16476,0.5,1
2025,2,17044,0.5,1
2025,2,15353,0.5,1
2025,2,16247,0.5,1
2025,2,17244,0.5,1
2025,2,15491,0.5,1
2025,2,15443,0.5,1
2025,2,15293,0.5,1
2025,2,16439,0.5,1
2025,2,14138,0.4,1
2025,2,13189,0.4,1
2025,2,16731,0.4,1
2025,2,16269,0.4,1
2025,2,15777,0.4,1
2025,2,12616,0.4,1
2025,2,14104,0.4,1
2025,2,15755,0.3,1
2025,2,15716,0.3,1
2025,2,14727,0.3,1
2025,2,14592,0.2,1
2025,2,16596,0.2,1
2025,2,13893,0.1,1
2025,2,14489,0.1,1
2025,2,16775,0.1,1
2025,2,14901,0.0,1
2025,2,12691,0.0,1
2025,2,13143,0.0,1
2025,2,14442,0.0,1
2025,2,12219,0.0,1
2025,2,15344,0.0,1
2025,2,16761,0.0,1
2025,2,16880,0.0,1
2025,2,17362,0.0,1
2025,2,17264,0.0,1
2025,2,17286,0.0,1
2025,2,15441,0.0,1
2025,2,14984,0.0,1
2025,2,17124,0.0,1
2025,2,12680,0.0,1
2025,2,17080,0.0,1
2025,2,17348,0.0,1
2025,2,14270,0.0,1
2025,2,17177,0.0,1
2025,2,16728,0.0,1
2025,2,14904,0.0,1
2025,2,13431,0.0,1
2025,2,14236,0.0,1
2025,2,16733,0.0,1
2025,2,16486,0.0,1
2025,2,17064,0.0,1
2025,2,16366,0.0,1
2025,2,16890,0.0,1
2025,2,15334,0.0,1
2025,2,14555,0.0,1
2025,2,16913,0.0,1
2025,2,16669,0.0,1
2025,2,13770,0.0,1
2025,2,14110,0.0,1
2025,2,13687,0.0,1
2025,2,16210,0.0,1
2025,2,16385,0.0,1
2025,2,13427,0.0,1
2025,2,16885,0.0,1
2025,2,15727,0.0,1
2025,2,15303,0.0,1
2025,2,16688,0.0,1
2025,2,17261,0.0,1
2025,2,14548,0.0,1
2025,2,17242,0.0,1
2025,2,17221,0.0,1
2025,2,16447,0.0,1
2025,2,14155,0.0,1
2025,2,15767,0.0,1
2025,2,17191,0.0,1
2025,2,17355,0.0,1
2025,2,16732,0.0,1
2025,2,16933,0.0,1
2025,2,16425,0.0,1
2025,2,16869,0.0,1
2025,2,13273,0.0,1
2025,2,15970,0.0,1
2025,2,15650,0.0,1
2025,2,15622,0.0,1
2025,2,17330,0.0,1
2025,2,16432,0.0,1
2025,2,16798,0.0,1
2025,2,13675,0.0,1
2025,2,16571,0.0,1
2025,2,12394,0.0,1
2025,2,15124,0.0,1
2025,2,17232,0.0,1
2025,2,13963,0.0,1
2025,2,17356,0.0,1
2025,2,13940,0.0,1
2025,2,15897,0.0,1
2025,2,15379,0.0,1
2025,2,16694,0.0,1
2025,2,15492,0.0,1
2025,2,15956,0.0,1
2025,2,17257,0.0,1
2025,2,17194,0.0,1
2025,2,13676,0.0,1
2025,2,13879,0.0,1
2025,2,13811,0.0,1
2025,2,17173,0.0,1
2025,2,14942,0.0,1
2025,2,13348,0.0,1
2025,2,16898,0.0,1
2025,2,16203,0.0,1
2025,2,16737,0.0,1
2025,2,15464,0.0,1
2025,2,14315,0.0,1
2025,2,14280,0.0,1
2025,2,13301,0.0,1
2025,2,14467,0.0,1
2025,2,17357,0.0,1
2025,2,16771,0.0,1
2025,2,16224,0.0,1
2025,2,15795,0.0,1
2025,2,16907,0.0,1
2025,2,16911,0.0,1
2025,2,16164,0.0,1
2025,2,16289,0.0,1
2025,2,16318,0.0,1
2025,2,16755,0.0,1
2025,2,13267,0.0,1
2025,2,16375,0.0,1
2025,2,17149,0.0,1
2025,2,14017,0.0,1
2025,2,16393,0.0,1
2025,2,10514,0.0,1
2025,2,14944,0.0,1
2025,2,16513,0.0,1
2025,2,16730,0.0,1
2025,2,15481,0.0,1
2025,2,15885,0.0,1
2025,2,13176,0.0,1
2025,2,15891,0.0,1
2025,2,14971,0.0,1
2025,2,17263,0.0,1
2025,2,14919,0.0,1
2025,2,16335,0.0,1
2025,2,15433,0.0,1
2025,2,16446,0.0,1
2025,2,17075,0.0,1
2025,2,17255,0.0,1
2025,2,16831,0.0,1
2025,2,15461,0.0,1
2025,2,12955,0.0,1
2025,2,15559,0.0,1
2025,2,13632,0.0,1
2025,2,15766,0.0,1
2025,2,16883,0.0,1
2025,2,16277,0.0,1
2025,2,16450,0.0,1
2025,2,15538,0.0,1
2025,2,16072,0.0,1
2025,2,16252,0.0,1
2025,2,16370,0.0,1
2025,2,15926,0.0,1
2025,2,16336,0.0,1
2025,2,16166,0.0,1
2025,2,17107,0.0,1
2025,2,17230,0.0,1
2025,2,15880,0.0,1
2025,2,12802,0.0,1
2025,2,16184,0.0,1
2025,2,17254,0.0,1
2025,2,17337,0.0,1
2025,2,15943,0.0,1
2025,2,16492,0.0,1
2025,2,17176,0.0,1
2025,2,15604,0.0,1
2025,2,16311,0.0,1
2025,2,16630,0.0,1
2025,2,16670,0.0,1
2025,2,17239,0.0,1
2025,2,15929,0.0,1
2025,2,17343,0.0,1
2025,2,14370,0.0,1
2025,2,16839,0.0,1
2025,2,14209,0.0,1
2025,2,16778,0.0,1
2025,2,17360,0.0,1
2025,2,17078,0.0,1
2025,2,16261,0.0,1
2025,2,16005,0.0,1
2025,2,16940,0.0,1
2025,2,16816,0.0,1
2025,2,14978,0.0,1
2025,2,15991,0.0,1
2025,2,14923,0.0,1
2025,2,16423,0.0,1
2025,2,14319,0.0,1
2025,2,15541,0.0,1
2025,2,16217,0.0,1
2025,2,17140,0.0,1
2025,2,15244,0.0,1
2025,2,15965,0.0,1
2025,2,15408,0.0,1
2025,2,17333,0.0,1
2025,2,17365,0.0,1
2025,2,15905,0.0,1
2025,2,16707,0.0,1
2025,2,16338,0.0,1
2025,2,13270,0.0,1
2025,2,16976,0.0,1
2025,2,13888,0.0,1
2025,2,17156,0.0,1
2025,2,15899,0.0,1
2025,2,16113,0.0,1
2025,2,14911,0.0,1
2025,2,17259,0.0,1
2025,2,16954,0.0,1
2025,2,16656,0.0,1
2025,2,17097,0.0,1
2025,2,17134,0.0,1
2025,2,14967,0.0,1
2025,2,13231,0.0,1
2025,2,16629,-0.1,1
2025,2,17056,-0.1,1
2025,2,12187,-0.2,1
2025,2,15749,-0.2,1
2025,2,17048,-0.3,1
2025,2,15714,-0.4,1
2025,2,16667,-0.4,1
2025,2,15759,-0.5,1
2025,2,17070,-0.5,1
2025,2,17074,-0.6,1
2025,2,16752,-0.8,1
2025,2,14095,-0.8,1
2025,2,13776,-0.9,1
2025,2,13793,-1.0,1
2025,2,17205,-1.0,1
2025,2,17060,-1.0,1
2025,2,17200,-1.0,1
2025,2,16800,-1.0,1
2025,2,14254,-1.0,1
2025,2,17285,-1.0,1
2025,2,16171,-1.0,1
2025,2,15878,-1.0,1
2025,2,17129,-1.0,1
2025,2,16218,-1.0,1
2025,2,14864,-1.0,1
2025,2,17104,-1.0,1
2025,2,15449,-1.0,1
2025,2,17340,-1.0,1
2025,2,15301,-1.0,1
2025,2,15873,-1.0,1
2025,2,14080,-1.0,1
2025,2,16290,-1.0,1
2025,2,16367,-1.0,1
2025,2,13377,-1.0,1
2025,2,14875,-1.0,1
2025,2,17262,-1.0,1
2025,2,17032,-1.1,1
2025,2,17049,-1.1,1
2025,2,12742,-1.2,1
2025,2,13404,-1.2,1
2025,2,16271,-1.3,1
2025,2,13630,-1.3,1
2025,2,16317,-1.4,1
2025,2,13156,-1.5,1
2025,2,17361,-1.5,1
2025,2,17010,-1.5,1
2025,2,16207,-1.6,1
2025,2,16384,-1.7,1
2025,2,13172,-1.7,1
2025,2,12676,-1.7,1
2025,2,17375,-1.8,1
2025,2,16776,-1.8,1
2025,2,17175,-1.9,1
2025,2,13678,-2.0,1
2025,2,13641,-2.0,1
2025,2,15823,-2.0,1
2025,2,14154,-2.0,1
2025,2,16659,-2.0,1
2025,2,15925,-2.0,1
2025,2,16221,-2.0,1
2025,2,16451,-2.0,1
2025,2,16793,-2.0,1
2025,2,16749,-2.0,1
2025,2,15399,-2.0,1
2025,2,16710,-2.0,1
2025,2,14146,-2.1,1
2025,2,16846,-2.1,1
2025,2,13869,-2.2,1
2025,2,13124,-2.3,1
2025,2,16305,-2.5,1
2025,2,14252,-2.6,1
2025,2,7836,-2.8,1
2025,2,13434,-3.0,1
2025,2,15985,-3.0,1
2025,2,17184,-3.1,1
2025,2,16287,-3.2,1
2025,2,17171,-3.4,1
2025,2,12842,-3.7,1
2025,2,13671,-3.7,1
2025,2,9064,-3.8,1
2025,2,14244,-4.3,1
2025,2,15337,-4.3,1
2025,2,12956,-4.8,1
2025,2,16444,-5.1,1
2025,2,14717,-5.4,1
2025,2,16169,-5.5,1
2025,2,12626,-6.4,1
2025,2,16639,-8.4,1
2025,2,15238,-13.1,1
2025,2,16584,-17.0,1
2025,2,11150,-21.5,1
2025,3,14997,67.0,1
2025,3,16579,62.5,1
2025,3,11150,49.7,1
2025,3,13593,47.6,1
2025,3,13592,45.6,1
2025,3,14059,43.0,1
2025,3,13589,42.2,1
2025,3,16287,38.8,1
2025,3,14071,37.8,1
2025,3,13590,36.3,1
2025,3,14783,35.4,1
2025,3,12141,34.8,1
2025,3,14171,29.5,1
2025,3,15808,29.3,1
2025,3,13987,28.6,1
2025,3,16580,28.5,1
2025,3,13697,28.5,1
2025,3,15241,28.2,1
2025,3,14802,27.6,1
2025,3,12610,27.1,1
2025,3,15972,26.7,1
2025,3,13671,25.2,1
2025,3,17070,25.1,1
2025,3,13214,25.0,1
2025,3,15817,25.0,1
2025,3,13630,24.6,1
2025,3,14252,24.1,1
2025,3,12611,23.8,1
2025,3,14907,23.3,1
2025,3,17045,22.2,1
2025,3,15924,22.0,1
2025,3,12676,22.0,1
2025,3,16162,21.8,1
2025,3,13470,21.8,1
2025,3,16185,21.7,1
2025,3,16741,21.7,1
2025,3,10266,21.5,1
2025,3,14219,21.3,1
2025,3,16653,21.1,1
2025,3,15950,21.0,1
2025,3,15850,21.0,1
2025,3,13227,20.9,1
2025,3,13714,20.7,1
2025,3,15869,20.6,1
2025,3,16267,20.4,1
2025,3,15923,19.8,1
2025,3,14104,19.6,1
2025,3,15715,19.6,1
2025,3,16622,19.4,1
2025,3,14779,19.2,1
2025,3,16239,19.1,1
2025,3,13143,19.1,1
2025,3,11286,19.0,1
2025,3,15710,18.9,1
2025,3,12437,18.7,1
2025,3,14910,18.5,1
2025,3,16582,18.5,1
2025,3,14225,18.1,1
2025,3,10775,18.1,1
2025,3,16654,18.0,1
2025,3,9431,17.7,1
2025,3,14842,17.6,1
2025,3,16907,17.5,1
2025,3,15287,17.4,1
2025,3,15861,17.2,1
2025,3,14056,17.2,1
2025,3,16276,17.1,1
2025,3,14472,17.1,1
2025,3,14893,17.0,1
2025,3,13700,17.0,1
2025,3,14169,17.0,1
2025,3,13723,17.0,1
2025,3,15355,17.0,1
2025,3,14717,16.9,1
2025,3,16717,16.7,1
2025,3,13693,16.6,1
2025,3,13330,16.6,1
2025,3,16232,16.5,1
2025,3,16662,16.1,1
2025,3,17277,16.1,1
2025,3,15380,16.0,1
2025,3,14896,16.0,1
2025,3,12752,16.0,1
2025,3,16681,15.6,1
2025,3,14909,15.6,1
2025,3,16586,15.5,1
2025,3,14149,15.4,1
2025,3,16635,15.2,1
2025,3,16161,15.2,1
2025,3,14800,15.1,1
2025,3,12658,15.0,1
2025,3,17051,15.0,1
2025,3,15387,15.0,1
2025,3,14303,14.9,1
2025,3,16148,14.9,1
2025,3,16188,14.8,1
2025,3,15753,14.8,1
2025,3,13116,14.6,1
2025,3,15293,14.6,1
2025,3,15762,14.6,1
2025,3,16316,14.5,1
2025,3,15121,14.5,1
2025,3,14995,14.5,1
2025,3,13298,14.5,1
2025,3,13687,14.4,1
2025,3,12754,14.3,1
2025,3,16303,14.3,1
2025,3,13743,14.0,1
2025,3,13764,14.0,1
2025,3,14908,14.0,1
2025,3,17081,14.0,1
2025,3,15846,14.0,1
2025,3,17044,13.8,1
2025,3,16213,13.7,1
2025,3,15787,13.7,1
2025,3,16211,13.6,1
2025,3,16383,13.5,1
2025,3,12620,13.3,1
2025,3,15290,13.3,1
2025,3,17147,13.2,1
2025,3,13759,13.1,1
2025,3,16223,13.1,1
2025,3,16252,13.0,1
2025,3,16786,13.0,1
2025,3,14182,13.0,1
2025,3,14109,12.8,1
2025,3,15464,12.8,1
2025,3,15805,12.7,1
2025,3,10768,12.5,1
2025,3,15282,12.5,1
2025,3,16246,12.5,1
2025,3,15892,12.5,1
2025,3,16616,12.4,1
2025,3,13719,12.3,1
2025,3,15822,12.3,1
2025,3,10413,12.2,1
2025,3,15981,12.1,1
2025,3,13447,12.0,1
2025,3,15761,12.0,1
2025,3,15405,12.0,1
2025,3,13130,12.0,1
2025,3,15989,12.0,1
2025,3,15711,12.0,1
2025,3,15768,11.9,1
2025,3,16278,11.9,1
2025,3,11222,11.5,1
2025,3,14836,11.5,1
2025,3,14260,11.5,1
2025,3,12688,11.5,1
2025,3,13448,11.5,1
2025,3,15907,11.5,1
2025,3,7836,11.5,1
2025,3,16419,11.3,1
2025,3,15284,11.3,1
2025,3,13774,11.3,1
2025,3,14138,11.3,1
2025,3,15889,11.2,1
2025,3,14778,11.2,1
2025,3,14221,11.1,1
2025,3,15749,11.1,1
2025,3,11348,11.1,1
2025,3,13888,11.0,1
2025,3,11872,11.0,1
2025,3,16927,11.0,1
2025,3,16675,11.0,1
2025,3,15872,11.0,1
2025,3,13249,11.0,1
2025,3,15394,11.0,1
2025,3,16708,11.0,1
2025,3,14170,11.0,1
2025,3,16023,11.0,1
2025,3,16145,11.0,1
2025,3,13198,10.8,1
2025,3,16887,10.7,1
2025,3,13933,10.6,1
2025,3,14127,10.6,1
2025,3,17163,10.5,1
2025,3,13156,10.5,1
2025,3,17181,10.5,1
2025,3,13260,10.5,1
2025,3,13208,10.5,1
2025,3,14244,10.3,1
2025,3,11675,10.2,1
2025,3,13770,10.2,1
2025,3,16689,10.2,1
2025,3,17073,10.1,1
2025,3,16716,10.0,1
2025,3,16878,10.0,1
2025,3,14882,10.0,1
2025,3,16346,10.0,1
2025,3,17112,10.0,1
2025,3,14283,10.0,1
2025,3,16279,10.0,1
2025,3,15799,9.9,1
2025,3,15484,9.9,1
2025,3,14102,9.9,1
2025,3,16414,9.8,1
2025,3,16233,9.7,1
2025,3,13332,9.7,1
2025,3,17030,9.6,1
2025,3,13674,9.6,1
2025,3,14167,9.6,1
2025,3,13696,9.5,1
2025,3,13325,9.5,1
2025,3,16513,9.5,1
2025,3,14168,9.5,1
2025,3,16572,9.5,1
2025,3,14157,9.5,1
2025,3,13744,9.5,1
2025,3,13750,9.5,1
2025,3,17075,9.2,1
2025,3,17059,9.1,1
2025,3,14797,9.1,1
2025,3,13231,9.0,1
2025,3,15499,9.0,1
2025,3,15895,9.0,1
2025,3,15401,9.0,1
2025,3,15391,9.0,1
2025,3,16077,9.0,1
2025,3,13810,9.0,1
2025,3,13707,9.0,1
2025,3,14412,9.0,1
2025,3,16699,9.0,1
2025,3,17169,9.0,1
2025,3,14782,8.9,1
2025,3,15815,8.9,1
2025,3,14148,8.9,1
2025,3,17241,8.8,1
2025,3,12801,8.8,1
2025,3,16269,8.7,1
2025,3,16641,8.6,1
2025,3,16593,8.6,1
2025,3,17131,8.5,1
2025,3,13839,8.5,1
2025,3,10816,8.5,1
2025,3,11327,8.5,1
2025,3,16238,8.5,1
2025,3,16012,8.4,1
2025,3,15256,8.4,1
2025,3,17098,8.4,1
2025,3,17137,8.3,1
2025,3,17074,8.2,1
2025,3,15794,8.1,1
2025,3,14823,8.1,1
2025,3,15877,8.0,1
2025,3,13837,8.0,1
2025,3,13920,8.0,1
2025,3,15365,8.0,1
2025,3,15428,8.0,1
2025,3,10292,8.0,1
2025,3,14147,8.0,1
2025,3,13692,8.0,1
2025,3,13354,8.0,1
2025,3,13681,7.9,1
2025,3,15345,7.9,1
2025,3,15777,7.8,1
2025,3,14085,7.8,1
2025,3,14249,7.8,1
2025,3,14901,7.8,1
2025,3,15255,7.7,1
2025,3,15541,7.7,1
2025,3,10267,7.7,1
2025,3,16167,7.7,1
2025,3,17350,7.6,1
2025,3,15756,7.6,1
2025,3,14911,7.5,1
2025,3,13694,7.5,1
2025,3,15076,7.5,1
2025,3,14934,7.5,1
2025,3,15001,7.5,1
2025,3,13844,7.5,1
2025,3,17132,7.5,1
2025,3,15884,7.4,1
2025,3,8851,7.3,1
2025,3,13869,7.2,1
2025,3,16618,7.0,1
2025,3,14180,7.0,1
2025,3,13245,7.0,1
2025,3,16228,7.0,1
2025,3,16253,7.0,1
2025,3,17130,7.0,1
2025,3,15857,7.0,1
2025,3,14086,7.0,1
2025,3,16679,7.0,1
2025,3,16013,7.0,1
2025,3,15921,7.0,1
2025,3,17116,7.0,1
2025,3,12782,7.0,1
2025,3,16923,7.0,1
2025,3,14971,7.0,1
2025,3,17187,7.0,1
2025,3,16289,7.0,1
2025,3,15404,7.0,1
2025,3,14146,7.0,1
2025,3,15839,7.0,1
2025,3,12773,7.0,1
2025,3,13281,7.0,1
2025,3,16018,7.0,1
2025,3,15378,7.0,1
2025,3,13294,7.0,1
2025,3,16912,7.0,1
2025,3,13224,7.0,1
2025,3,14888,7.0,1
2025,3,17120,7.0,1
2025,3,15834,7.0,1
2025,3,17113,7.0,1
2025,3,15751,7.0,1
2025,3,12231,7.0,1
2025,3,13690,6.9,1
2025,3,15979,6.9,1
2025,3,16598,6.8,1
2025,3,16224,6.8,1
2025,3,16621,6.8,1
2025,3,15742,6.7,1
2025,3,17256,6.7,1
2025,3,14861,6.7,1
2025,3,15288,6.7,1
2025,3,11247,6.6,1
2025,3,16314,6.5,1
2025,3,12831,6.5,1
2025,3,16676,6.5,1
2025,3,14670,6.5,1
2025,3,14867,6.5,1
2025,3,15473,6.5,1
2025,3,17123,6.5,1
2025,3,14163,6.5,1
2025,3,15358,6.5,1
2025,3,13683,6.5,1
2025,3,15918,6.5,1
2025,3,16227,6.5,1
2025,3,16244,6.5,1
2025,3,16933,6.5,1
2025,3,15835,6.5,1
2025,3,17152,6.5,1
2025,3,16705,6.5,1
2025,3,14943,6.5,1
2025,3,16596,6.4,1
2025,3,14209,6.4,1
2025,3,17355,6.4,1
2025,3,12187,6.4,1
2025,3,16532,6.3,1
2025,3,14985,6.3,1
2025,3,16290,6.2,1
2025,3,15253,6.2,1
2025,3,17099,6.2,1
2025,3,16452,6.1,1
2025,3,13635,6.1,1
2025,3,16214,6.1,1
2025,3,15413,6.0,1
2025,3,12741,6.0,1
2025,3,16787,6.0,1
2025,3,15409,6.0,1
2025,3,13737,6.0,1
2025,3,15364,6.0,1
2025,3,15386,6.0,1
2025,3,15894,6.0,1
2025,3,14590,6.0,1
2025,3,13267,6.0,1
2025,3,16268,6.0,1
2025,3,16673,6.0,1
2025,3,13811,6.0,1
2025,3,16203,6.0,1
2025,3,14154,6.0,1
2025,3,16245,6.0,1
2025,3,16696,6.0,1
2025,3,15392,6.0,1
2025,3,15349,6.0,1
2025,3,17185,6.0,1
2025,3,16704,6.0,1
2025,3,15856,6.0,1
2025,3,14218,6.0,1
2025,3,15925,5.9,1
2025,3,13772,5.8,1
2025,3,13138,5.8,1
2025,3,16451,5.8,1
2025,3,17121,5.8,1
2025,3,15261,5.7,1
2025,3,17371,5.7,1
2025,3,17042,5.6,1
2025,3,14079,5.6,1
2025,3,14213,5.5,1
2025,3,14979,5.5,1
2025,3,15388,5.5,1
2025,3,13813,5.5,1
2025,3,13742,5.5,1
2025,3,16553,5.5,1
2025,3,15864,5.5,1
2025,3,14217,5.5,1
2025,3,13952,5.5,1
2025,3,9051,5.5,1
2025,3,16247,5.5,1
2025,3,17165,5.5,1
2025,3,16352,5.5,1
2025,3,15393,5.5,1
2025,3,14105,5.4,1
2025,3,16080,5.4,1
2025,3,14864,5.4,1
2025,3,15368,5.3,1
2025,3,16614,5.3,1
2025,3,16187,5.3,1
2025,3,15237,5.3,1
2025,3,12956,5.2,1
2025,3,14592,5.2,1
2025,3,17052,5.2,1
2025,3,13632,5.1,1
2025,3,17102,5.1,1
2025,3,17174,5.0,1
2025,3,12735,5.0,1
2025,3,15432,5.0,1
2025,3,16295,5.0,1
2025,3,16651,5.0,1
2025,3,15408,5.0,1
2025,3,14153,5.0,1
2025,3,16291,5.0,1
2025,3,14902,5.0,1
2025,3,12758,5.0,1
2025,3,14897,5.0,1
2025,3,16440,5.0,1
2025,3,14951,5.0,1
2025,3,16288,5.0,1
2025,3,14919,5.0,1
2025,3,15049,5.0,1
2025,3,15860,5.0,1
2025,3,15806,5.0,1
2025,3,14328,5.0,1
2025,3,15975,5.0,1
2025,3,16325,5.0,1
2025,3,17213,5.0,1
2025,3,11970,5.0,1
2025,3,15379,5.0,1
2025,3,15362,5.0,1
2025,3,16255,5.0,1
2025,3,12698,5.0,1
2025,3,15614,5.0,1
2025,3,15445,5.0,1
2025,3,14254,5.0,1
2025,3,16672,5.0,1
2025,3,14256,5.0,1
2025,3,16698,5.0,1
2025,3,14518,5.0,1
2025,3,13226,5.0,1
2025,3,15786,4.9,1
2025,3,17105,4.9,1
2025,3,13268,4.9,1
2025,3,15452,4.8,1
2025,3,15788,4.8,1
2025,3,15329,4.8,1
2025,3,15965,4.7,1
2025,3,16627,4.7,1
2025,3,16780,4.7,1
2025,3,13164,4.7,1
2025,3,16723,4.6,1
2025,3,17071,4.6,1
2025,3,16256,4.6,1
2025,3,12677,4.6,1
2025,3,13713,4.5,1
2025,3,15003,4.5,1
2025,3,11985,4.5,1
2025,3,13192,4.5,1
2025,3,12225,4.5,1
2025,3,16284,4.5,1
2025,3,17207,4.5,1
2025,3,13251,4.5,1
2025,3,16667,4.5,1
2025,3,16450,4.5,1
2025,3,14927,4.5,1
2025,3,15897,4.5,1
2025,3,14207,4.5,1
2025,3,16063,4.5,1
2025,3,17191,4.5,1
2025,3,15173,4.5,1
2025,3,13322,4.5,1
2025,3,16817,4.5,1
2025,3,11793,4.5,1
2025,3,14889,4.5,1
2025,3,16700,4.5,1
2025,3,15668,4.4,1
2025,3,16719,4.4,1
2025,3,17222,4.3,1
2025,3,17104,4.2,1
2025,3,11367,4.2,1
2025,3,12186,4.1,1
2025,3,11383,4.1,1
2025,3,16193,4.1,1
2025,3,14224,4.0,1
2025,3,12697,4.0,1
2025,3,16656,4.0,1
2025,3,15377,4.0,1
2025,3,17122,4.0,1
2025,3,11769,4.0,1
2025,3,17216,4.0,1
2025,3,17119,4.0,1
2025,3,17154,4.0,1
2025,3,15943,4.0,1
2025,3,14434,4.0,1
2025,3,16740,4.0,1
2025,3,16870,4.0,1
2025,3,16226,4.0,1
2025,3,16722,4.0,1
2025,3,17138,4.0,1
2025,3,16298,4.0,1
2025,3,15913,4.0,1
2025,3,15366,4.0,1
2025,3,13216,4.0,1
2025,3,16692,4.0,1
2025,3,17128,4.0,1
2025,3,17194,4.0,1
2025,3,16694,4.0,1
2025,3,17129,4.0,1
2025,3,16369,4.0,1
2025,3,17143,4.0,1
2025,3,15823,4.0,1
2025,3,16885,4.0,1
2025,3,15375,4.0,1
2025,3,17177,4.0,1
2025,3,16282,4.0,1
2025,3,16712,4.0,1
2025,3,15350,4.0,1
2025,3,16460,4.0,1
2025,3,17204,4.0,1
2025,3,15441,4.0,1
2025,3,10783,4.0,1
2025,3,13434,4.0,1
2025,3,16729,4.0,1
2025,3,15446,4.0,1
2025,3,15716,3.9,1
2025,3,13289,3.9,1
2025,3,16222,3.8,1
2025,3,16174,3.8,1
2025,3,16594,3.7,1
2025,3,14095,3.7,1
2025,3,13791,3.7,1
2025,3,14600,3.7,1
2025,3,14630,3.6,1
2025,3,14892,3.6,1
2025,3,14669,3.6,1
2025,3,14257,3.5,1
2025,3,17179,3.5,1
2025,3,17263,3.5,1
2025,3,13176,3.5,1
2025,3,16324,3.5,1
2025,3,14122,3.5,1
2025,3,16236,3.5,1
2025,3,14928,3.5,1
2025,3,16677,3.5,1
2025,3,15418,3.5,1
2025,3,14159,3.5,1
2025,3,17125,3.5,1
2025,3,14235,3.5,1
2025,3,15708,3.4,1
2025,3,15754,3.4,1
2025,3,17043,3.4,1
2025,3,17087,3.3,1
2025,3,17282,3.3,1
2025,3,15281,3.3,1
2025,3,16010,3.3,1
2025,3,13377,3.2,1
2025,3,16201,3.2,1
2025,3,16191,3.2,1
2025,3,16036,3.2,1
2025,3,16747,3.2,1
2025,3,15254,3.1,1
2025,3,11671,3.1,1
2025,3,12218,3.1,1
2025,3,9596,3.0,1
2025,3,14164,3.0,1
2025,3,15352,3.0,1
2025,3,17150,3.0,1
2025,3,16280,3.0,1
2025,3,16294,3.0,1
2025,3,17135,3.0,1
2025,3,16767,3.0,1
2025,3,16281,3.0,1
2025,3,15928,3.0,1
2025,3,17103,3.0,1
2025,3,15888,3.0,1
2025,3,17155,3.0,1
2025,3,13263,3.0,1
2025,3,16266,3.0,1
2025,3,13223,3.0,1
2025,3,16949,3.0,1
2025,3,15881,3.0,1
2025,3,13717,3.0,1
2025,3,16730,3.0,1
2025,3,14944,3.0,1
2025,3,15361,3.0,1
2025,3,12217,3.0,1
2025,3,16771,3.0,1
2025,3,16009,3.0,1
2025,3,15866,3.0,1
2025,3,16911,3.0,1
2025,3,16695,3.0,1
2025,3,16235,3.0,1
2025,3,16726,3.0,1
2025,3,17186,3.0,1
2025,3,15448,3.0,1
2025,3,16230,3.0,1
2025,3,17376,3.0,1
2025,3,13228,3.0,1
2025,3,16472,3.0,1
2025,3,17209,3.0,1
2025,3,14405,3.0,1
2025,3,13802,3.0,1
2025,3,14947,3.0,1
2025,3,15779,3.0,1
2025,3,15931,3.0,1
2025,3,14210,3.0,1
2025,3,15851,3.0,1
2025,3,16144,3.0,1
2025,3,13731,3.0,1
2025,3,15818,3.0,1
2025,3,17172,3.0,1
2025,3,15845,3.0,1
2025,3,15871,3.0,1
2025,3,17058,2.9,1
2025,3,16775,2.9,1
2025,3,12626,2.9,1
2025,3,16684,2.9,1
2025,3,13798,2.7,1
2025,3,15051,2.7,1
2025,3,16778,2.7,1
2025,3,15332,2.7,1
2025,3,13132,2.7,1
2025,3,16171,2.7,1
2025,3,13718,2.7,1
2025,3,17053,2.7,1
2025,3,16703,2.6,1
2025,3,13418,2.6,1
2025,3,16302,2.5,1
2025,3,17202,2.5,1
2025,3,17380,2.5,1
2025,3,16273,2.5,1
2025,3,16663,2.5,1
2025,3,16265,2.5,1
2025,3,15357,2.5,1
2025,3,17236,2.5,1
2025,3,17167,2.5,1
2025,3,17369,2.5,1
2025,3,12802,2.5,1
2025,3,14675,2.5,1
2025,3,15396,2.5,1
2025,3,14302,2.5,1
2025,3,14954,2.5,1
2025,3,17208,2.5,1
2025,3,12699,2.5,1
2025,3,16432,2.5,1
2025,3,16660,2.5,1
2025,3,15863,2.5,1
2025,3,16657,2.5,1
2025,3,13288,2.5,1
2025,3,17124,2.5,1
2025,3,15831,2.5,1
2025,3,17156,2.4,1
2025,3,15941,2.4,1
2025,3,17097,2.3,1
2025,3,14073,2.3,1
2025,3,13782,2.3,1
2025,3,14136,2.3,1
2025,3,15757,2.2,1
2025,3,16422,2.2,1
2025,3,16330,2.2,1
2025,3,11945,2.2,1
2025,3,13431,2.2,1
2025,3,14186,2.0,1
2025,3,16315,2.0,1
2025,3,16650,2.0,1
2025,3,14835,2.0,1
2025,3,17193,2.0,1
2025,3,17078,2.0,1
2025,3,15847,2.0,1
2025,3,16311,2.0,1
2025,3,16922,2.0,1
2025,3,16277,2.0,1
2025,3,13262,2.0,1
2025,3,14903,2.0,1
2025,3,15766,2.0,1
2025,3,16242,2.0,1
2025,3,14414,2.0,1
2025,3,14198,2.0,1
2025,3,16334,2.0,1
2025,3,12481,2.0,1
2025,3,16263,2.0,1
2025,3,13284,2.0,1
2025,3,17374,2.0,1
2025,3,16326,2.0,1
2025,3,15124,2.0,1
2025,3,16571,2.0,1
2025,3,14957,2.0,1
2025,3,15849,2.0,1
2025,3,17161,2.0,1
2025,3,16271,2.0,1
2025,3,16617,2.0,1
2025,3,14925,2.0,1
2025,3,15878,2.0,1
2025,3,16317,2.0,1
2025,3,17217,2.0,1
2025,3,15875,2.0,1
2025,3,13754,2.0,1
2025,3,15356,2.0,1
2025,3,17382,2.0,1
2025,3,12234,2.0,1
2025,3,12686,2.0,1
2025,3,17126,2.0,1
2025,3,16496,2.0,1
2025,3,15422,2.0,1
2025,3,16485,2.0,1
2025,3,14953,2.0,1
2025,3,13959,2.0,1
2025,3,16264,1.9,1
2025,3,15795,1.9,1
2025,3,16664,1.9,1
2025,3,13315,1.9,1
2025,3,15832,1.8,1
2025,3,10700,1.8,1
2025,3,10814,1.8,1
2025,3,11674,1.8,1
2025,3,16195,1.7,1
2025,3,16643,1.7,1
2025,3,15032,1.7,1
2025,3,15991,1.6,1
2025,3,15759,1.6,1
2025,3,16690,1.6,1
2025,3,11232,1.6,1
2025,3,15826,1.5,1
2025,3,17373,1.5,1
2025,3,17381,1.5,1
2025,3,15527,1.5,1
2025,3,17343,1.5,1
2025,3,13365,1.5,1
2025,3,16344,1.5,1
2025,3,16520,1.5,1
2025,3,12739,1.5,1
2025,3,16846,1.5,1
2025,3,17246,1.5,1
2025,3,15908,1.5,1
2025,3,17340,1.5,1
2025,3,14921,1.5,1
2025,3,14942,1.5,1
2025,3,13199,1.5,1
2025,3,12764,1.5,1
2025,3,13762,1.5,1
2025,3,14672,1.5,1
2025,3,15676,1.5,1
2025,3,11807,1.5,1
2025,3,17153,1.5,1
2025,3,17383,1.5,1
2025,3,16691,1.5,1
2025,3,13641,1.5,1
2025,3,14899,1.5,1
2025,3,13610,1.5,1
2025,3,15718,1.5,1
2025,3,16828,1.5,1
2025,3,12271,1.5,1
2025,3,8930,1.4,1
2025,3,16724,1.4,1
2025,3,12742,1.4,1
2025,3,16333,1.4,1
2025,3,14974,1.3,1
2025,3,17109,1.3,1
2025,3,17061,1.3,1
2025,3,13793,1.3,1
2025,3,11244,1.2,1
2025,3,17134,1.1,1
2025,3,17049,1.1,1
2025,3,16190,1.1,1
2025,3,10945,1.1,1
2025,3,17339,1.1,1
2025,3,14982,1.0,1
2025,3,16439,1.0,1
2025,3,12734,1.0,1
2025,3,13230,1.0,1
2025,3,17214,1.0,1
2025,3,16212,1.0,1
2025,3,17183,1.0,1
2025,3,12745,1.0,1
2025,3,16064,1.0,1
2025,3,17384,1.0,1
2025,3,12744,1.0,1
2025,3,15929,1.0,1
2025,3,17239,1.0,1
2025,3,16670,1.0,1
2025,3,15813,1.0,1
2025,3,15926,1.0,1
2025,3,15804,1.0,1
2025,3,17337,1.0,1
2025,3,13706,1.0,1
2025,3,14879,1.0,1
2025,3,12711,1.0,1
2025,3,15140,1.0,1
2025,3,16446,1.0,1
2025,3,13785,1.0,1
2025,3,15559,1.0,1
2025,3,16463,1.0,1
2025,3,16649,1.0,1
2025,3,15353,1.0,1
2025,3,17203,1.0,1
2025,3,17325,1.0,1
2025,3,15853,1.0,1
2025,3,16754,1.0,1
2025,3,17083,1.0,1
2025,3,16678,1.0,1
2025,3,16727,1.0,1
2025,3,17178,1.0,1
2025,3,17368,1.0,1
2025,3,17357,1.0,1
2025,3,14930,1.0,1
2025,3,16164,1.0,1
2025,3,14359,1.0,1
2025,3,16356,1.0,1
2025,3,13738,1.0,1
2025,3,16752,1.0,1
2025,3,16799,1.0,1
2025,3,16737,1.0,1
2025,3,16138,1.0,1
2025,3,16898,1.0,1
2025,3,15867,1.0,1
2025,3,15109,1.0,1
2025,3,16045,1.0,1
2025,3,15585,1.0,1
2025,3,15879,1.0,1
2025,3,17354,1.0,1
2025,3,15945,1.0,1
2025,3,14495,1.0,1
2025,3,12608,1.0,1
2025,3,15767,1.0,1
2025,3,17285,1.0,1
2025,3,15346,1.0,1
2025,3,13755,1.0,1
2025,3,15303,1.0,1
2025,3,13818,1.0,1
2025,3,14270,1.0,1
2025,3,13736,1.0,1
2025,3,16366,1.0,1
2025,3,17229,1.0,1
2025,3,16913,1.0,1
2025,3,17200,1.0,1
2025,3,17379,1.0,1
2025,3,16300,1.0,1
2025,3,16800,1.0,1
2025,3,15129,1.0,1
2025,3,16894,1.0,1
2025,3,16262,1.0,1
2025,3,15456,1.0,1
2025,3,16880,1.0,1
2025,3,17066,1.0,1
2025,3,13682,1.0,1
2025,3,17378,1.0,1
2025,3,16647,1.0,1
2025,3,15369,0.9,1
2025,3,17175,0.9,1
2025,3,12955,0.9,1
2025,3,11936,0.9,1
2025,3,13303,0.9,1
2025,3,9694,0.8,1
2025,3,14057,0.8,1
2025,3,13848,0.8,1
2025,3,14799,0.8,1
2025,3,15873,0.7,1
2025,3,16351,0.7,1
2025,3,17068,0.7,1
2025,3,17348,0.7,1
2025,3,15911,0.7,1
2025,3,15714,0.6,1
2025,3,17220,0.6,1
2025,3,17106,0.6,1
2025,3,16387,0.5,1
2025,3,13148,0.5,1
2025,3,16017,0.5,1
2025,3,17010,0.5,1
2025,3,14319,0.5,1
2025,3,16940,0.5,1
2025,3,15720,0.5,1
2025,3,15681,0.5,1
2025,3,13604,0.5,1
2025,3,12776,0.5,1
2025,3,13709,0.5,1
2025,3,16367,0.5,1
2025,3,15443,0.5,1
2025,3,16237,0.5,1
2025,3,16746,0.5,1
2025,3,17230,0.5,1
2025,3,16221,0.5,1
2025,3,15491,0.5,1
2025,3,14963,0.5,1
2025,3,14315,0.5,1
2025,3,16019,0.5,1
2025,3,15285,0.5,1
2025,3,15903,0.5,1
2025,3,13348,0.5,1
2025,3,15935,0.5,1
2025,3,17356,0.5,1
2025,3,16234,0.5,1
2025,3,16798,0.5,1
2025,3,16877,0.5,1
2025,3,15419,0.5,1
2025,3,16428,0.5,1
2025,3,17367,0.5,1
2025,3,16733,0.5,1
2025,3,17286,0.5,1
2025,3,17000,0.5,1
2025,3,17265,0.5,1
2025,3,15319,0.5,1
2025,3,15334,0.4,1
2025,3,15970,0.3,1
2025,3,16425,0.3,1
2025,3,14110,0.3,1
2025,3,17080,0.3,1
2025,3,14080,0.2,1
2025,3,17076,0.2,1
2025,3,15730,0.2,1
2025,3,16150,0.2,1
2025,3,14858,0.1,1
2025,3,14108,0.1,1
2025,3,17032,0.1,1
2025,3,16219,0.1,1
2025,3,17033,0.1,1
2025,3,17060,0.1,1
2025,3,17118,0.0,1
2025,3,15148,0.0,1
2025,3,16954,0.0,1
2025,3,16976,0.0,1
2025,3,16113,0.0,1
2025,3,17215,0.0,1
2025,3,17082,0.0,1
2025,3,17287,0.0,1
2025,3,15684,0.0,1
2025,3,15713,0.0,1
2025,3,12978,0.0,1
2025,3,17140,0.0,1
2025,3,15933,0.0,1
2025,3,12221,0.0,1
2025,3,17151,0.0,1
2025,3,15244,0.0,1
2025,3,16338,0.0,1
2025,3,14875,0.0,1
2025,3,17146,0.0,1
2025,3,16707,0.0,1
2025,3,17333,0.0,1
2025,3,15905,0.0,1
2025,3,17353,0.0,1
2025,3,14161,0.0,1
2025,3,16423,0.0,1
2025,3,14871,0.0,1
2025,3,15985,0.0,1
2025,3,16858,0.0,1
2025,3,16655,0.0,1
2025,3,16217,0.0,1
2025,3,16644,0.0,1
2025,3,15420,0.0,1
2025,3,16630,0.0,1
2025,3,13953,0.0,1
2025,3,16749,0.0,1
2025,3,14237,0.0,1
2025,3,16492,0.0,1
2025,3,16714,0.0,1
2025,3,13246,0.0,1
2025,3,14143,0.0,1
2025,3,17360,0.0,1
2025,3,16206,0.0,1
2025,3,15469,0.0,1
2025,3,16839,0.0,1
2025,3,15785,0.0,1
2025,3,16370,0.0,1
2025,3,17050,0.0,1
2025,3,16336,0.0,1
2025,3,17148,0.0,1
2025,3,16735,0.0,1
2025,3,17182,0.0,1
2025,3,16072,0.0,1
2025,3,17139,0.0,1
2025,3,15406,0.0,1
2025,3,12976,0.0,1
2025,3,15880,0.0,1
2025,3,17197,0.0,1
2025,3,17326,0.0,1
2025,3,17254,0.0,1
2025,3,14379,0.0,1
2025,3,16376,0.0,1
2025,3,16166,0.0,1
2025,3,16697,0.0,1
2025,3,17056,0.0,1
2025,3,16474,0.0,1
2025,3,13988,0.0,1
2025,3,12349,0.0,1
2025,3,14975,0.0,1
2025,3,16831,0.0,1
2025,3,14946,0.0,1
2025,3,15796,0.0,1
2025,3,17255,0.0,1
2025,3,17244,0.0,1
2025,3,14012,0.0,1
2025,3,15103,0.0,1
2025,3,16883,0.0,1
2025,3,16750,0.0,1
2025,3,10514,0.0,1
2025,3,16375,0.0,1
2025,3,16393,0.0,1
2025,3,15891,0.0,1
2025,3,14878,0.0,1
2025,3,16335,0.0,1
2025,3,13211,0.0,1
2025,3,15412,0.0,1
2025,3,16483,0.0,1
2025,3,13669,0.0,1
2025,3,15800,0.0,1
2025,3,17115,0.0,1
2025,3,16850,0.0,1
2025,3,14280,0.0,1
2025,3,17372,0.0,1
2025,3,14467,0.0,1
2025,3,15626,0.0,1
2025,3,16755,0.0,1
2025,3,16476,0.0,1
2025,3,13704,0.0,1
2025,3,16709,0.0,1
2025,3,17247,0.0,1
2025,3,13676,0.0,1
2025,3,14805,0.0,1
2025,3,15946,0.0,1
2025,3,17173,0.0,1
2025,3,17375,0.0,1
2025,3,16275,0.0,1
2025,3,15423,0.0,1
2025,3,16556,0.0,1
2025,3,17303,0.0,1
2025,3,12301,0.0,1
2025,3,15177,0.0,1
2025,3,15094,0.0,1
2025,3,16102,0.0,1
2025,3,14926,0.0,1
2025,3,16030,0.0,1
2025,3,13963,0.0,1
2025,3,16900,0.0,1
2025,3,17232,0.0,1
2025,3,16054,0.0,1
2025,3,16218,0.0,1
2025,3,16872,0.0,1
2025,3,15492,0.0,1
2025,3,15956,0.0,1
2025,3,15807,0.0,1
2025,3,12795,0.0,1
2025,3,14894,0.0,1
2025,3,17330,0.0,1
2025,3,15622,0.0,1
2025,3,15650,0.0,1
2025,3,15595,0.0,1
2025,3,16666,0.0,1
2025,3,16869,0.0,1
2025,3,15936,0.0,1
2025,3,13767,0.0,1
2025,3,16629,0.0,1
2025,3,15302,0.0,1
2025,3,16820,0.0,1
2025,3,15802,0.0,1
2025,3,15618,0.0,1
2025,3,17196,0.0,1
2025,3,16768,0.0,1
2025,3,16457,0.0,1
2025,3,12394,0.0,1
2025,3,17160,0.0,1
2025,3,16447,0.0,1
2025,3,14548,0.0,1
2025,3,16321,0.0,1
2025,3,17221,0.0,1
2025,3,15814,0.0,1
2025,3,16732,0.0,1
2025,3,12700,0.0,1
2025,3,13427,0.0,1
2025,3,16210,0.0,1
2025,3,16391,0.0,1
2025,3,15335,0.0,1
2025,3,15916,0.0,1
2025,3,17188,0.0,1
2025,3,17358,0.0,1
2025,3,16258,0.0,1
2025,3,15165,0.0,1
2025,3,16794,0.0,1
2025,3,16183,0.0,1
2025,3,16216,0.0,1
2025,3,16688,0.0,1
2025,3,16728,0.0,1
2025,3,16516,0.0,1
2025,3,13745,0.0,1
2025,3,13893,0.0,1
2025,3,14236,0.0,1
2025,3,17199,0.0,1
2025,3,15874,0.0,1
2025,3,16207,0.0,1
2025,3,15257,0.0,1
2025,3,16669,0.0,1
2025,3,14555,0.0,1
2025,3,15341,0.0,1
2025,3,17064,0.0,1
2025,3,13678,0.0,1
2025,3,17362,0.0,1
2025,3,14420,0.0,1
2025,3,16761,0.0,1
2025,3,16215,0.0,1
2025,3,16304,0.0,1
2025,3,14832,0.0,1
2025,3,15450,0.0,1
2025,3,16118,0.0,1
2025,3,17264,0.0,1
2025,3,15819,0.0,1
2025,3,16175,0.0,1
2025,3,12691,0.0,1
2025,3,14847,0.0,1
2025,3,16305,0.0,1
2025,3,12772,0.0,1
2025,3,16058,0.0,1
2025,3,14442,0.0,1
2025,3,12219,0.0,1
2025,3,16299,-0.1,1
2025,3,13940,-0.1,1
2025,3,17047,-0.1,1
2025,3,16671,-0.2,1
2025,3,15721,-0.2,1
2025,3,14956,-0.2,1
2025,3,15833,-0.2,1
2025,3,16633,-0.2,1
2025,3,16192,-0.2,1
2025,3,12305,-0.2,1
2025,3,13672,-0.3,1
2025,3,16706,-0.4,1
2025,3,16603,-0.5,1
2025,3,13633,-0.5,1
2025,3,15337,-0.6,1
2025,3,13629,-0.6,1
2025,3,14833,-0.6,1
2025,3,16624,-0.6,1
2025,3,10313,-0.7,1
2025,3,13066,-0.7,1
2025,3,12842,-0.7,1
2025,3,17079,-1.0,1
2025,3,16710,-1.0,1
2025,3,15868,-1.0,1
2025,3,16403,-1.0,1
2025,3,16557,-1.0,1
2025,3,15301,-1.0,1
2025,3,15765,-1.0,1
2025,3,16413,-1.0,1
2025,3,17072,-1.0,1
2025,3,15836,-1.0,1
2025,3,15292,-1.1,1
2025,3,15755,-1.1,1
2025,3,17262,-1.2,1
2025,3,15461,-1.2,1
2025,3,16371,-1.2,1
2025,3,15712,-1.2,1
2025,3,17096,-1.2,1
2025,3,15331,-1.3,1
2025,3,14065,-1.4,1
2025,3,15498,-1.5,1
2025,3,16296,-1.5,1
2025,3,15812,-1.5,1
2025,3,15449,-1.5,1
2025,3,14984,-1.5,1
2025,3,13710,-1.6,1
2025,3,16896,-1.6,1
2025,3,16152,-1.7,1
2025,3,14123,-1.8,1
2025,3,17184,-1.9,1
2025,3,17039,-2.0,1
2025,3,12678,-2.0,1
2025,3,15885,-2.0,1
2025,3,16958,-2.0,1
2025,3,17164,-2.0,1
2025,3,13675,-2.0,1
2025,3,16385,-2.0,1
2025,3,11938,-2.0,1
2025,3,16626,-2.0,1
2025,3,17157,-2.0,1
2025,3,17108,-2.0,1
2025,3,16784,-2.0,1
2025,3,16613,-2.1,1
2025,3,16608,-2.1,1
2025,3,14137,-2.3,1
2025,3,14489,-2.3,1
2025,3,13193,-2.4,1
2025,3,16615,-2.4,1
2025,3,17365,-2.5,1
2025,3,17171,-2.5,1
2025,3,16702,-2.6,1
2025,3,16680,-2.6,1
2025,3,16342,-2.6,1
2025,3,16189,-2.7,1
2025,3,13133,-2.8,1
2025,3,16890,-2.8,1
2025,3,11947,-2.9,1
2025,3,14852,-2.9,1
2025,3,14870,-3.0,1
2025,3,13317,-3.0,1
2025,3,13201,-3.0,1
2025,3,16292,-3.0,1
2025,3,15395,-3.2,1
2025,3,15259,-3.3,1
2025,3,16619,-3.4,1
2025,3,16181,-3.5,1
2025,3,13146,-3.6,1
2025,3,12323,-3.8,1
2025,3,16444,-4.1,1
2025,3,16585,-4.3,1
2025,3,12860,-4.8,1
2025,3,17352,-5.2,1
2025,3,16979,-5.3,1
2025,3,16139,-5.4,1
2025,3,16583,-6.8,1
2025,3,14358,-8.9,1
2025,3,9064,-9.0,1
2025,3,10703,-9.9,1
2025,3,16405,-12.0,1
2025,4,12620,63.2,1
2025,4,9431,60.8,1
2025,4,14782,55.1,1
2025,4,16583,54.3,1
2025,4,13116,48.8,1
2025,4,15238,47.6,1
2025,4,16582,47.1,1
2025,4,16580,46.8,1
2025,4,14225,40.9,1
2025,4,16150,40.0,1
2025,4,16266,39.8,1
2025,4,13589,35.2,1
2025,4,12752,35.1,1
2025,4,13592,34.1,1
2025,4,16211,33.5,1
2025,4,16703,32.4,1
2025,4,17044,31.5,1
2025,4,15762,31.3,1
2025,4,14073,30.9,1
2025,4,15001,30.0,1
2025,4,17042,29.5,1
2025,4,13806,29.5,1
2025,4,15698,29.3,1
2025,4,14102,29.2,1
2025,4,14086,28.4,1
2025,4,15822,28.2,1
2025,4,14717,27.6,1
2025,4,16161,27.2,1
2025,4,13774,27.1,1
2025,4,13590,27.0,1
2025,4,15255,26.3,1
2025,4,14783,25.7,1
2025,4,16267,25.5,1
2025,4,14778,25.4,1
2025,4,11945,25.1,1
2025,4,16690,25.0,1
2025,4,17053,23.8,1
2025,4,16598,23.5,1
2025,4,7836,23.0,1
2025,4,15751,23.0,1
2025,4,15805,22.8,1
2025,4,17167,22.5,1
2025,4,13214,22.5,1
2025,4,14836,21.7,1
2025,4,15237,21.2,1
2025,4,15779,21.1,1
2025,4,16653,21.1,1
2025,4,12688,21.0,1
2025,4,15715,21.0,1
2025,4,14472,20.9,1
2025,4,14163,20.6,1
2025,4,15301,20.6,1
2025,4,16698,20.5,1
2025,4,15253,20.5,1
2025,4,15287,20.5,1
2025,4,16620,20.2,1
2025,4,14244,19.5,1
2025,4,16189,19.5,1
2025,4,13130,19.2,1
2025,4,15404,19.2,1
2025,4,14159,19.1,1
2025,4,17051,19.0,1
2025,4,13630,18.7,1
2025,4,14136,18.2,1
2025,4,16675,18.0,1
2025,4,15928,17.9,1
2025,4,16186,17.8,1
2025,4,14171,17.7,1
2025,4,12186,17.7,1
2025,4,16846,17.6,1
2025,4,8851,17.5,1
2025,4,14157,17.5,1
2025,4,15329,17.5,1
2025,4,16162,17.4,1
2025,4,17125,17.0,1
2025,4,16708,17.0,1
2025,4,16244,17.0,1
2025,4,14896,16.6,1
2025,4,12611,16.6,1
2025,4,14892,16.5,1
2025,4,16667,16.5,1
2025,4,14405,16.3,1
2025,4,13692,16.1,1
2025,4,17068,16.1,1
2025,4,15761,16.1,1
2025,4,16188,16.1,1
2025,4,15393,16.0,1
2025,4,13704,16.0,1
2025,4,12221,16.0,1
2025,4,17081,15.7,1
2025,4,12225,15.7,1
2025,4,14893,15.6,1
2025,4,14800,15.5,1
2025,4,13813,15.5,1
2025,4,15256,15.5,1
2025,4,16716,15.5,1
2025,4,16700,15.1,1
2025,4,16927,15.1,1
2025,4,15832,15.0,1
2025,4,12141,14.9,1
2025,4,13674,14.9,1
2025,4,16303,14.9,1
2025,4,15753,14.9,1
2025,4,16651,14.7,1
2025,4,12610,14.6,1
2025,4,13839,14.5,1
2025,4,16241,14.5,1
2025,4,15708,14.2,1
2025,4,12447,14.1,1
2025,4,16036,14.1,1
2025,4,17102,14.1,1
2025,4,16264,14.1,1
2025,4,10313,14.1,1
2025,4,16171,14.0,1
2025,4,17131,14.0,1
2025,4,13281,13.9,1
2025,4,16148,13.9,1
2025,4,12686,13.7,1
2025,4,13723,13.5,1
2025,4,14168,13.5,1
2025,4,16185,13.5,1
2025,4,13742,13.5,1
2025,4,15290,13.3,1
2025,4,16432,13.2,1
2025,4,16291,13.2,1
2025,4,12218,13.1,1
2025,4,15836,13.0,1
2025,4,15831,13.0,1
2025,4,13707,13.0,1
2025,4,14328,13.0,1
2025,4,12801,12.9,1
2025,4,10292,12.9,1
2025,4,16616,12.8,1
2025,4,11675,12.7,1
2025,4,13690,12.7,1
2025,4,17172,12.5,1
2025,4,13208,12.5,1
2025,4,13743,12.5,1
2025,4,16887,12.5,1
2025,4,12263,12.4,1
2025,4,9051,12.4,1
2025,4,16190,12.3,1
2025,4,16672,12.0,1
2025,4,16292,12.0,1
2025,4,15871,12.0,1
2025,4,16018,12.0,1
2025,4,14669,12.0,1
2025,4,16660,12.0,1
2025,4,15405,12.0,1
2025,4,17123,12.0,1
2025,4,16009,12.0,1
2025,4,16242,12.0,1
2025,4,13245,12.0,1
2025,4,12676,11.8,1
2025,4,15839,11.7,1
2025,4,16614,11.7,1
2025,4,15975,11.5,1
2025,4,12764,11.5,1
2025,4,13683,11.5,1
2025,4,16346,11.5,1
2025,4,17202,11.5,1
2025,4,16450,11.4,1
2025,4,16369,11.3,1
2025,4,17032,11.2,1
2025,4,11947,11.2,1
2025,4,15441,11.0,1
2025,4,16238,11.0,1
2025,4,16239,11.0,1
2025,4,16896,11.0,1
2025,4,16695,11.0,1
2025,4,15881,11.0,1
2025,4,17207,11.0,1
2025,4,13888,11.0,1
2025,4,13713,11.0,1
2025,4,16444,10.9,1
2025,4,16626,10.7,1
2025,4,16298,10.7,1
2025,4,16351,10.7,1
2025,4,14879,10.7,1
2025,4,14235,10.5,1
2025,4,15846,10.5,1
2025,4,15989,10.5,1
2025,4,17174,10.5,1
2025,4,15861,10.3,1
2025,4,16594,10.3,1
2025,4,16222,10.2,1
2025,4,14802,10.2,1
2025,4,13952,10.2,1
2025,4,17075,10.1,1
2025,4,17120,10.0,1
2025,4,14179,10.0,1
2025,4,15081,10.0,1
2025,4,13810,10.0,1
2025,4,14882,10.0,1
2025,4,12697,10.0,1
2025,4,17135,10.0,1
2025,4,15808,9.9,1
2025,4,16723,9.9,1
2025,4,15749,9.6,1
2025,4,15032,9.5,1
2025,4,14943,9.5,1
2025,4,14899,9.5,1
2025,4,17106,9.5,1
2025,4,15711,9.5,1
2025,4,14412,9.5,1
2025,4,17045,9.5,1
2025,4,15799,9.5,1
2025,4,12754,9.5,1
2025,4,12741,9.5,1
2025,4,14059,9.4,1
2025,4,16256,9.4,1
2025,4,13414,9.4,1
2025,4,12734,9.4,1
2025,4,15261,9.3,1
2025,4,17337,9.3,1
2025,4,15499,9.3,1
2025,4,16181,9.2,1
2025,4,15788,9.2,1
2025,4,14105,9.1,1
2025,4,15845,9.0,1
2025,4,15446,9.0,1
2025,4,13322,9.0,1
2025,4,10775,9.0,1
2025,4,16696,9.0,1
2025,4,15124,9.0,1
2025,4,16617,9.0,1
2025,4,15378,9.0,1
2025,4,15358,9.0,1
2025,4,13759,9.0,1
2025,4,15985,9.0,1
2025,4,13447,9.0,1
2025,4,17163,9.0,1
2025,4,16314,9.0,1
2025,4,14489,8.9,1
2025,4,17256,8.9,1
2025,4,13791,8.9,1
2025,4,15369,8.9,1
2025,4,16174,8.8,1
2025,4,17083,8.8,1
2025,4,13593,8.8,1
2025,4,13604,8.8,1
2025,4,16276,8.7,1
2025,4,16167,8.7,1
2025,4,15806,8.7,1
2025,4,13156,8.7,1
2025,4,15334,8.6,1
2025,4,16213,8.6,1
2025,4,16460,8.5,1
2025,4,13697,8.5,1
2025,4,14953,8.5,1
2025,4,13268,8.5,1
2025,4,14207,8.5,1
2025,4,15428,8.5,1
2025,4,17389,8.5,1
2025,4,16217,8.5,1
2025,4,11872,8.5,1
2025,4,16280,8.5,1
2025,4,16663,8.5,1
2025,4,15923,8.4,1
2025,4,13431,8.4,1
2025,4,15484,8.4,1
2025,4,14303,8.4,1
2025,4,15618,8.3,1
2025,4,12699,8.3,1
2025,4,15872,8.3,1
2025,4,17043,8.2,1
2025,4,12437,8.2,1
2025,4,17076,8.1,1
2025,4,16775,8.1,1
2025,4,11244,8.1,1
2025,4,13224,8.0,1
2025,4,13731,8.0,1
2025,4,15445,8.0,1
2025,4,16712,8.0,1
2025,4,14154,8.0,1
2025,4,10816,8.0,1
2025,4,13249,8.0,1
2025,4,17179,8.0,1
2025,4,15394,8.0,1
2025,4,12782,8.0,1
2025,4,13263,8.0,1
2025,4,14252,8.0,1
2025,4,15413,8.0,1
2025,4,13837,8.0,1
2025,4,17071,7.9,1
2025,4,13869,7.9,1
2025,4,14256,7.8,1
2025,4,16330,7.8,1
2025,4,13682,7.7,1
2025,4,16579,7.7,1
2025,4,14888,7.7,1
2025,4,14085,7.7,1
2025,4,15712,7.7,1
2025,4,16622,7.7,1
2025,4,15349,7.6,1
2025,4,15380,7.6,1
2025,4,16704,7.5,1
2025,4,13744,7.5,1
2025,4,13736,7.5,1
2025,4,15850,7.5,1
2025,4,16271,7.5,1
2025,4,16719,7.5,1
2025,4,12802,7.5,1
2025,4,16013,7.5,1
2025,4,12349,7.5,1
2025,4,14217,7.5,1
2025,4,13709,7.5,1
2025,4,14852,7.4,1
2025,4,16080,7.4,1
2025,4,16586,7.4,1
2025,4,15710,7.3,1
2025,4,14122,7.3,1
2025,4,16169,7.3,1
2025,4,17109,7.1,1
2025,4,13987,7.0,1
2025,4,12219,7.0,1
2025,4,14167,7.0,1
2025,4,17129,7.0,1
2025,4,14170,7.0,1
2025,4,13198,7.0,1
2025,4,17153,7.0,1
2025,4,17164,7.0,1
2025,4,16900,7.0,1
2025,4,16532,7.0,1
2025,4,16662,7.0,1
2025,4,16077,7.0,1
2025,4,14897,7.0,1
2025,4,15395,7.0,1
2025,4,16787,7.0,1
2025,4,16619,7.0,1
2025,4,17119,7.0,1
2025,4,16670,7.0,1
2025,4,15904,7.0,1
2025,4,15352,7.0,1
2025,4,14997,7.0,1
2025,4,17386,7.0,1
2025,4,16315,7.0,1
2025,4,14982,7.0,1
2025,4,15003,7.0,1
2025,4,17151,7.0,1
2025,4,16878,7.0,1
2025,4,17061,6.9,1
2025,4,15332,6.9,1
2025,4,17108,6.8,1
2025,4,16214,6.8,1
2025,4,16385,6.7,1
2025,4,13770,6.7,1
2025,4,16641,6.7,1
2025,4,12626,6.6,1
2025,4,15284,6.6,1
2025,4,16717,6.5,1
2025,4,17147,6.5,1
2025,4,14995,6.5,1
2025,4,15834,6.5,1
2025,4,17330,6.5,1
2025,4,16245,6.5,1
2025,4,10514,6.5,1
2025,4,15396,6.5,1
2025,4,15364,6.5,1
2025,4,16226,6.5,1
2025,4,15461,6.5,1
2025,4,14590,6.5,1
2025,4,16722,6.5,1
2025,4,16676,6.5,1
2025,4,16294,6.5,1
2025,4,16273,6.5,1
2025,4,14138,6.3,1
2025,4,13714,6.2,1
2025,4,17222,6.2,1
2025,4,16635,6.2,1
2025,4,13635,6.1,1
2025,4,14889,6.0,1
2025,4,14149,6.0,1
2025,4,14518,6.0,1
2025,4,12271,6.0,1
2025,4,16014,6.0,1
2025,4,13298,6.0,1
2025,4,12742,6.0,1
2025,4,11793,6.0,1
2025,4,12394,6.0,1
2025,4,16255,6.0,1
2025,4,16235,6.0,1
2025,4,17112,6.0,1
2025,4,15121,6.0,1
2025,4,16054,6.0,1
2025,4,15853,6.0,1
2025,4,14930,6.0,1
2025,4,16252,6.0,1
2025,4,14903,6.0,1
2025,4,15401,6.0,1
2025,4,16520,6.0,1
2025,4,16671,6.0,1
2025,4,16316,6.0,1
2025,4,15681,6.0,1
2025,4,16012,6.0,1
2025,4,16759,6.0,1
2025,4,13681,6.0,1
2025,4,14434,6.0,1
2025,4,16553,6.0,1
2025,4,16656,6.0,1
2025,4,15869,6.0,1
2025,4,16295,6.0,1
2025,4,13230,6.0,1
2025,4,14910,6.0,1
2025,4,13610,5.9,1
2025,4,11367,5.9,1
2025,4,13132,5.9,1
2025,4,14860,5.8,1
2025,4,15282,5.8,1
2025,4,16618,5.7,1
2025,4,16227,5.6,1
2025,4,14161,5.6,1
2025,4,15418,5.5,1
2025,4,15355,5.5,1
2025,4,14283,5.5,1
2025,4,15350,5.5,1
2025,4,13315,5.5,1
2025,4,17165,5.5,1
2025,4,14909,5.5,1
2025,4,14169,5.5,1
2025,4,16463,5.5,1
2025,4,16288,5.5,1
2025,4,13694,5.5,1
2025,4,15409,5.5,1
2025,4,13737,5.5,1
2025,4,14108,5.3,1
2025,4,15981,5.3,1
2025,4,15787,5.2,1
2025,4,16778,5.2,1
2025,4,14861,5.1,1
2025,4,17352,5.1,1
2025,4,16278,5.0,1
2025,4,13959,5.0,1
2025,4,15375,5.0,1
2025,4,15346,5.0,1
2025,4,14148,5.0,1
2025,4,13303,5.0,1
2025,4,12234,5.0,1
2025,4,11348,5.0,1
2025,4,15392,5.0,1
2025,4,14957,5.0,1
2025,4,15849,5.0,1
2025,4,15878,5.0,1
2025,4,17185,5.0,1
2025,4,14210,5.0,1
2025,4,16724,5.0,1
2025,4,14908,5.0,1
2025,4,13284,5.0,1
2025,4,16325,5.0,1
2025,4,15879,5.0,1
2025,4,17368,5.0,1
2025,4,14927,5.0,1
2025,4,15866,5.0,1
2025,4,16224,5.0,1
2025,4,13920,5.0,1
2025,4,17116,5.0,1
2025,4,12739,5.0,1
2025,4,10768,5.0,1
2025,4,15868,5.0,1
2025,4,17384,5.0,1
2025,4,17390,5.0,1
2025,4,14209,5.0,1
2025,4,14164,5.0,1
2025,4,15377,5.0,1
2025,4,13629,5.0,1
2025,4,16207,4.9,1
2025,4,15794,4.9,1
2025,4,16649,4.9,1
2025,4,17241,4.9,1
2025,4,13138,4.9,1
2025,4,14870,4.9,1
2025,4,11222,4.9,1
2025,4,17073,4.8,1
2025,4,13289,4.8,1
2025,4,15721,4.7,1
2025,4,16405,4.6,1
2025,4,16681,4.6,1
2025,4,12860,4.6,1
2025,4,15796,4.6,1
2025,4,16657,4.5,1
2025,4,15979,4.5,1
2025,4,15931,4.5,1
2025,4,11970,4.5,1
2025,4,14797,4.5,1
2025,4,16727,4.5,1
2025,4,13365,4.5,1
2025,4,12976,4.5,1
2025,4,16344,4.5,1
2025,4,16383,4.5,1
2025,4,17388,4.5,1
2025,4,17059,4.5,1
2025,4,13965,4.5,1
2025,4,15786,4.4,1
2025,4,14842,4.2,1
2025,4,14315,4.1,1
2025,4,16284,4.1,1
2025,4,17204,4.0,1
2025,4,12231,4.0,1
2025,4,14985,4.0,1
2025,4,17201,4.0,1
2025,4,11383,4.0,1
2025,4,15614,4.0,1
2025,4,17217,4.0,1
2025,4,15856,4.0,1
2025,4,14182,4.0,1
2025,4,16145,4.0,1
2025,4,15448,4.0,1
2025,4,16472,4.0,1
2025,4,17161,4.0,1
2025,4,13802,4.0,1
2025,4,13448,4.0,1
2025,4,13294,4.0,1
2025,4,12700,4.0,1
2025,4,16737,4.0,1
2025,4,15867,4.0,1
2025,4,11286,4.0,1
2025,4,16234,4.0,1
2025,4,14894,4.0,1
2025,4,11706,4.0,1
2025,4,14675,4.0,1
2025,4,13267,4.0,1
2025,4,16268,4.0,1
2025,4,13764,4.0,1
2025,4,15913,4.0,1
2025,4,17187,4.0,1
2025,4,12229,4.0,1
2025,4,14954,4.0,1
2025,4,16692,4.0,1
2025,4,16269,4.0,1
2025,4,16697,4.0,1
2025,4,15895,4.0,1
2025,4,15943,4.0,1
2025,4,12744,4.0,1
2025,4,17122,4.0,1
2025,4,14257,4.0,1
2025,4,17214,4.0,1
2025,4,13844,3.9,1
2025,4,16752,3.9,1
2025,4,15293,3.8,1
2025,4,14592,3.7,1
2025,4,15259,3.7,1
2025,4,17049,3.7,1
2025,4,17056,3.6,1
2025,4,15051,3.6,1
2025,4,15835,3.5,1
2025,4,15875,3.5,1
2025,4,14928,3.5,1
2025,4,16282,3.5,1
2025,4,11327,3.5,1
2025,4,16236,3.5,1
2025,4,16912,3.5,1
2025,4,16246,3.5,1
2025,4,14079,3.5,1
2025,4,10814,3.5,1
2025,4,13671,3.5,1
2025,4,15049,3.5,1
2025,4,16679,3.5,1
2025,4,14911,3.5,1
2025,4,16017,3.5,1
2025,4,13124,3.4,1
2025,4,16393,3.4,1
2025,4,16440,3.4,1
2025,4,8930,3.2,1
2025,4,15319,3.1,1
2025,4,14833,3.1,1
2025,4,14080,3.1,1
2025,4,16689,3.0,1
2025,4,17113,3.0,1
2025,4,10783,3.0,1
2025,4,14901,3.0,1
2025,4,16223,3.0,1
2025,4,15419,3.0,1
2025,4,16780,3.0,1
2025,4,13755,3.0,1
2025,4,13754,3.0,1
2025,4,12785,3.0,1
2025,4,15387,3.0,1
2025,4,13228,3.0,1
2025,4,16869,3.0,1
2025,4,14925,3.0,1
2025,4,12698,3.0,1
2025,4,16251,3.0,1
2025,4,16263,3.0,1
2025,4,17128,3.0,1
2025,4,13260,3.0,1
2025,4,17213,3.0,1
2025,4,15941,3.0,1
2025,4,15807,3.0,1
2025,4,15492,3.0,1
2025,4,16452,3.0,1
2025,4,15402,3.0,1
2025,4,12217,3.0,1
2025,4,15473,3.0,1
2025,4,14878,3.0,1
2025,4,15412,3.0,1
2025,4,15464,3.0,1
2025,4,14302,3.0,1
2025,4,16907,3.0,1
2025,4,16356,3.0,1
2025,4,14934,3.0,1
2025,4,13706,3.0,1
2025,4,14974,3.0,1
2025,4,12711,3.0,1
2025,4,14012,3.0,1
2025,4,14153,3.0,1
2025,4,15847,3.0,1
2025,4,17130,3.0,1
2025,4,13325,3.0,1
2025,4,17150,3.0,1
2025,4,12735,3.0,1
2025,4,13933,3.0,1
2025,4,15909,2.9,1
2025,4,14871,2.9,1
2025,4,15771,2.8,1
2025,4,17220,2.8,1
2025,4,16425,2.8,1
2025,4,16187,2.8,1
2025,4,13164,2.7,1
2025,4,17096,2.6,1
2025,4,15873,2.6,1
2025,4,17124,2.5,1
2025,4,14218,2.5,1
2025,4,17000,2.5,1
2025,4,15173,2.5,1
2025,4,16216,2.5,1
2025,4,16677,2.5,1
2025,4,17137,2.5,1
2025,4,13693,2.5,1
2025,4,17191,2.5,1
2025,4,17186,2.5,1
2025,4,16102,2.5,1
2025,4,17138,2.5,1
2025,4,15391,2.5,1
2025,4,15908,2.5,1
2025,4,16615,2.5,1
2025,4,17236,2.5,1
2025,4,14260,2.5,1
2025,4,15140,2.5,1
2025,4,13332,2.5,1
2025,4,14237,2.5,1
2025,4,15076,2.5,1
2025,4,14186,2.5,1
2025,4,15877,2.5,1
2025,4,16302,2.5,1
2025,4,16767,2.5,1
2025,4,15498,2.5,1
2025,4,16287,2.4,1
2025,4,14805,2.4,1
2025,4,13348,2.4,1
2025,4,11674,2.4,1
2025,4,14835,2.4,1
2025,4,10945,2.3,1
2025,4,14630,2.3,1
2025,4,12323,2.3,1
2025,4,11938,2.2,1
2025,4,16731,2.2,1
2025,4,15804,2.2,1
2025,4,16414,2.1,1
2025,4,15777,2.1,1
2025,4,16848,2.1,1
2025,4,16262,2.0,1
2025,4,16784,2.0,1
2025,4,17265,2.0,1
2025,4,12691,2.0,1
2025,4,14219,2.0,1
2025,4,16913,2.0,1
2025,4,15815,2.0,1
2025,4,17221,2.0,1
2025,4,16673,2.0,1
2025,4,13811,2.0,1
2025,4,15449,2.0,1
2025,4,12301,2.0,1
2025,4,16030,2.0,1
2025,4,16045,2.0,1
2025,4,15348,2.0,1
2025,4,13201,2.0,1
2025,4,16872,2.0,1
2025,4,15379,2.0,1
2025,4,17246,2.0,1
2025,4,14944,2.0,1
2025,4,14198,2.0,1
2025,4,14823,2.0,1
2025,4,16870,2.0,1
2025,4,15386,2.0,1
2025,4,16277,2.0,1
2025,4,15880,2.0,1
2025,4,14956,2.0,1
2025,4,13223,2.0,1
2025,4,13262,2.0,1
2025,4,16741,2.0,1
2025,4,16923,2.0,1
2025,4,16253,2.0,1
2025,4,17155,2.0,1
2025,4,16749,2.0,1
2025,4,15357,2.0,1
2025,4,13633,2.0,1
2025,4,16367,2.0,1
2025,4,17118,2.0,1
2025,4,16029,2.0,1
2025,4,14979,2.0,1
2025,4,16650,2.0,1
2025,4,14180,2.0,1
2025,4,15432,2.0,1
2025,4,15408,2.0,1
2025,4,11769,2.0,1
2025,4,13227,2.0,1
2025,4,13696,2.0,1
2025,4,15388,2.0,1
2025,4,13782,1.9,1
2025,4,17105,1.9,1
2025,4,17052,1.9,1
2025,4,15972,1.9,1
2025,4,16201,1.9,1
2025,4,16760,1.8,1
2025,4,13719,1.8,1
2025,4,15285,1.8,1
2025,4,12677,1.8,1
2025,4,15716,1.7,1
2025,4,16850,1.7,1
2025,4,15668,1.7,1
2025,4,14907,1.7,1
2025,4,17066,1.6,1
2025,4,16193,1.6,1
2025,4,17079,1.6,1
2025,4,15830,1.5,1
2025,4,16613,1.5,1
2025,4,17132,1.5,1
2025,4,15819,1.5,1
2025,4,14123,1.5,1
2025,4,16786,1.5,1
2025,4,16258,1.5,1
2025,4,17358,1.5,1
2025,4,16794,1.5,1
2025,4,17199,1.5,1
2025,4,16486,1.5,1
2025,4,17354,1.5,1
2025,4,11807,1.5,1
2025,4,17196,1.5,1
2025,4,15892,1.5,1
2025,4,16691,1.5,1
2025,4,15759,1.5,1
2025,4,14921,1.5,1
2025,4,17173,1.5,1
2025,4,17194,1.5,1
2025,4,15817,1.5,1
2025,4,16770,1.5,1
2025,4,13317,1.5,1
2025,4,14467,1.5,1
2025,4,17139,1.5,1
2025,4,12955,1.5,1
2025,4,14358,1.5,1
2025,4,14951,1.5,1
2025,4,15812,1.5,1
2025,4,15365,1.5,1
2025,4,14543,1.5,1
2025,4,17219,1.5,1
2025,4,15491,1.5,1
2025,4,15720,1.5,1
2025,4,17343,1.5,1
2025,4,13798,1.5,1
2025,4,12831,1.5,1
2025,4,16265,1.5,1
2025,4,16413,1.3,1
2025,4,16666,1.3,1
2025,4,16195,1.3,1
2025,4,15718,1.2,1
2025,4,16684,1.2,1
2025,4,12956,1.2,1
2025,4,14858,1.2,1
2025,4,17339,1.1,1
2025,4,13066,1.1,1
2025,4,13672,1.1,1
2025,4,15129,1.0,1
2025,4,17362,1.0,1
2025,4,16761,1.0,1
2025,4,15345,1.0,1
2025,4,13288,1.0,1
2025,4,16175,1.0,1
2025,4,16485,1.0,1
2025,4,12772,1.0,1
2025,4,15117,1.0,1
2025,4,15851,1.0,1
2025,4,13427,1.0,1
2025,4,13818,1.0,1
2025,4,17121,1.0,1
2025,4,16728,1.0,1
2025,4,16516,1.0,1
2025,4,15907,1.0,1
2025,4,15356,1.0,1
2025,4,16699,1.0,1
2025,4,17086,1.0,1
2025,4,14197,1.0,1
2025,4,14254,1.0,1
2025,4,17126,1.0,1
2025,4,15341,1.0,1
2025,4,16300,1.0,1
2025,4,15362,1.0,1
2025,4,16326,1.0,1
2025,4,17160,1.0,1
2025,4,16571,1.0,1
2025,4,15859,1.0,1
2025,4,10266,1.0,1
2025,4,14495,1.0,1
2025,4,17383,1.0,1
2025,4,15814,1.0,1
2025,4,15767,1.0,1
2025,4,17181,1.0,1
2025,4,17247,1.0,1
2025,4,16275,1.0,1
2025,4,16726,1.0,1
2025,4,16293,1.0,1
2025,4,16898,1.0,1
2025,4,15935,1.0,1
2025,4,16138,1.0,1
2025,4,17356,1.0,1
2025,4,16324,1.0,1
2025,4,15950,1.0,1
2025,4,15956,1.0,1
2025,4,14672,1.0,1
2025,4,16694,1.0,1
2025,4,17350,1.0,1
2025,4,12795,1.0,1
2025,4,17149,1.0,1
2025,4,15361,1.0,1
2025,4,15366,1.0,1
2025,4,16026,1.0,1
2025,4,16072,1.0,1
2025,4,17197,1.0,1
2025,4,17369,1.0,1
2025,4,17230,1.0,1
2025,4,16446,1.0,1
2025,4,13717,1.0,1
2025,4,16371,1.0,1
2025,4,17216,1.0,1
2025,4,15991,1.0,1
2025,4,15452,1.0,1
2025,4,14902,1.0,1
2025,4,16311,1.0,1
2025,4,17366,1.0,1
2025,4,16922,1.0,1
2025,4,16714,1.0,1
2025,4,15813,1.0,1
2025,4,13772,1.0,1
2025,4,16439,1.0,1
2025,4,14727,1.0,1
2025,4,12978,1.0,1
2025,4,15933,1.0,1
2025,4,15888,1.0,1
2025,4,15756,0.9,1
2025,4,15911,0.9,1
2025,4,16633,0.9,1
2025,4,15800,0.9,1
2025,4,14867,0.9,1
2025,4,17074,0.9,1
2025,4,15541,0.9,1
2025,4,17048,0.9,1
2025,4,15650,0.8,1
2025,4,13189,0.8,1
2025,4,13157,0.8,1
2025,4,15884,0.8,1
2025,4,15368,0.8,1
2025,4,16215,0.7,1
2025,4,16391,0.7,1
2025,4,17099,0.7,1
2025,4,16221,0.6,1
2025,4,16880,0.5,1
2025,4,17286,0.5,1
2025,4,13750,0.5,1
2025,4,16333,0.5,1
2025,4,16023,0.5,1
2025,4,15303,0.5,1
2025,4,14270,0.5,1
2025,4,13678,0.5,1
2025,4,16733,0.5,1
2025,4,16352,0.5,1
2025,4,16321,0.5,1
2025,4,17098,0.5,1
2025,4,12481,0.5,1
2025,4,16019,0.5,1
2025,4,15946,0.5,1
2025,4,17208,0.5,1
2025,4,16664,0.5,1
2025,4,15676,0.5,1
2025,4,14779,0.5,1
2025,4,15353,0.5,1
2025,4,17178,0.5,1
2025,4,16237,0.5,1
2025,4,15443,0.5,1
2025,4,16474,0.5,1
2025,4,15921,0.5,1
2025,4,14414,0.5,1
2025,4,17353,0.5,1
2025,4,17211,0.5,1
2025,4,16492,0.5,1
2025,4,17097,0.5,1
2025,4,15899,0.5,1
2025,4,14948,0.5,1
2025,4,15244,0.5,1
2025,4,12658,0.5,1
2025,4,15527,0.5,1
2025,4,13418,0.4,1
2025,4,16370,0.4,1
2025,4,16403,0.3,1
2025,4,16010,0.2,1
2025,4,16729,0.2,1
2025,4,16191,0.2,1
2025,4,13192,0.2,1
2025,4,9596,0.2,1
2025,4,13675,0.1,1
2025,4,13632,0.1,1
2025,4,16603,0.1,1
2025,4,17157,0.0,1
2025,4,16894,0.0,1
2025,4,14420,0.0,1
2025,4,16496,0.0,1
2025,4,17060,0.0,1
2025,4,15456,0.0,1
2025,4,15422,0.0,1
2025,4,14984,0.0,1
2025,4,15450,0.0,1
2025,4,16624,0.0,1
2025,4,16118,0.0,1
2025,4,17233,0.0,1
2025,4,16608,0.0,1
2025,4,13434,0.0,1
2025,4,13330,0.0,1
2025,4,16647,0.0,1
2025,4,16058,0.0,1
2025,4,17205,0.0,1
2025,4,14799,0.0,1
2025,4,14847,0.0,1
2025,4,16706,0.0,1
2025,4,15331,0.0,1
2025,4,16395,0.0,1
2025,4,16461,0.0,1
2025,4,16828,0.0,1
2025,4,14442,0.0,1
2025,4,16144,0.0,1
2025,4,15727,0.0,1
2025,4,15363,0.0,1
2025,4,13687,0.0,1
2025,4,14110,0.0,1
2025,4,16317,0.0,1
2025,4,15165,0.0,1
2025,4,17188,0.0,1
2025,4,16688,0.0,1
2025,4,16183,0.0,1
2025,4,17152,0.0,1
2025,4,17367,0.0,1
2025,4,13893,0.0,1
2025,4,13745,0.0,1
2025,4,16705,0.0,1
2025,4,15755,0.0,1
2025,4,15818,0.0,1
2025,4,12680,0.0,1
2025,4,16669,0.0,1
2025,4,14555,0.0,1
2025,4,15257,0.0,1
2025,4,16366,0.0,1
2025,4,17064,0.0,1
2025,4,17379,0.0,1
2025,4,14056,-0.0,1
2025,4,17376,0.0,1
2025,4,16798,0.0,1
2025,4,15595,0.0,1
2025,4,16230,0.0,1
2025,4,15622,0.0,1
2025,4,16629,0.0,1
2025,4,13767,0.0,1
2025,4,13797,0.0,1
2025,4,16139,0.0,1
2025,4,14127,0.0,1
2025,4,15302,0.0,1
2025,4,17143,0.0,1
2025,4,17209,0.0,1
2025,4,17371,0.0,1
2025,4,16928,0.0,1
2025,4,16757,0.0,1
2025,4,16342,0.0,1
2025,4,16933,0.0,1
2025,4,16732,0.0,1
2025,4,12608,0.0,1
2025,4,15823,0.0,1
2025,4,17355,0.0,1
2025,4,16601,0.0,1
2025,4,14942,0.0,1
2025,4,17351,0.0,1
2025,4,16709,0.0,1
2025,4,17340,0.0,1
2025,4,16799,0.0,1
2025,4,13676,0.0,1
2025,4,17375,0.0,1
2025,4,13199,0.0,1
2025,4,14146,0.0,1
2025,4,17303,0.0,1
2025,4,16203,0.0,1
2025,4,15423,0.0,1
2025,4,14926,0.0,1
2025,4,15094,0.0,1
2025,4,15177,0.0,1
2025,4,17374,0.0,1
2025,4,17232,0.0,1
2025,4,16680,-0.0,1
2025,4,17334,0.0,1
2025,4,16721,0.0,1
2025,4,16788,0.0,1
2025,4,17325,0.0,1
2025,4,16730,0.0,1
2025,4,16513,0.0,1
2025,4,17203,0.0,1
2025,4,16375,0.0,1
2025,4,16754,0.0,1
2025,4,14919,0.0,1
2025,4,15925,0.0,1
2025,4,16247,0.0,1
2025,4,16572,0.0,1
2025,4,15891,0.0,1
2025,4,12715,0.0,1
2025,4,17263,0.0,1
2025,4,16483,0.0,1
2025,4,15885,0.0,1
2025,4,16958,0.0,1
2025,4,16322,0.0,1
2025,4,17115,0.0,1
2025,4,15924,0.0,1
2025,4,17357,0.0,1
2025,4,16232,0.0,1
2025,4,16979,0.0,1
2025,4,16476,0.0,1
2025,4,16164,0.0,1
2025,4,16911,0.0,1
2025,4,16318,0.0,1
2025,4,15860,0.0,1
2025,4,15795,0.0,1
2025,4,15926,0.0,1
2025,4,14670,0.0,1
2025,4,16336,0.0,1
2025,4,17148,0.0,1
2025,4,15785,0.0,1
2025,4,16740,0.0,1
2025,4,15864,0.0,1
2025,4,16962,0.0,1
2025,4,13700,0.0,1
2025,4,17182,0.0,1
2025,4,16422,0.0,1
2025,4,16735,0.0,1
2025,4,17254,0.0,1
2025,4,15406,0.0,1
2025,4,16793,0.0,1
2025,4,13988,0.0,1
2025,4,16166,0.0,1
2025,4,14379,0.0,1
2025,4,16746,0.0,1
2025,4,16831,0.0,1
2025,4,15942,0.0,1
2025,4,14975,0.0,1
2025,4,17255,0.0,1
2025,4,17244,0.0,1
2025,4,15515,0.0,1
2025,4,10267,0.0,1
2025,4,15103,0.0,1
2025,4,16883,0.0,1
2025,4,13785,0.0,1
2025,4,15833,0.0,1
2025,4,15559,0.0,1
2025,4,16750,0.0,1
2025,4,14319,0.0,1
2025,4,17183,0.0,1
2025,4,16816,0.0,1
2025,4,16858,0.0,1
2025,4,16261,0.0,1
2025,4,16655,0.0,1
2025,4,12745,0.0,1
2025,4,17385,0.0,1
2025,4,12776,0.0,1
2025,4,13953,0.0,1
2025,4,16630,0.0,1
2025,4,17154,0.0,1
2025,4,16654,0.0,1
2025,4,17176,0.0,1
2025,4,16290,0.0,1
2025,4,17360,0.0,1
2025,4,17170,0.0,1
2025,4,13246,0.0,1
2025,4,16296,0.0,1
2025,4,13308,0.0,1
2025,4,14370,0.0,1
2025,4,15469,0.0,1
2025,4,16839,0.0,1
2025,4,15148,0.0,1
2025,4,16710,0.0,1
2025,4,17259,0.0,1
2025,4,16113,0.0,1
2025,4,16976,0.0,1
2025,4,17156,0.0,1
2025,4,13231,0.0,1
2025,4,16815,0.0,1
2025,4,13685,0.0,1
2025,4,17262,0.0,1
2025,4,15684,0.0,1
2025,4,15798,0.0,1
2025,4,15965,0.0,1
2025,4,16281,0.0,1
2025,4,17140,0.0,1
2025,4,17381,0.0,1
2025,4,16338,0.0,1
2025,4,17146,0.0,1
2025,4,14875,0.0,1
2025,4,13148,0.0,1
2025,4,17365,0.0,1
2025,4,17175,0.0,1
2025,4,15905,0.0,1
2025,4,17010,0.0,1
2025,4,17193,0.0,1
2025,4,11985,-0.1,1
2025,4,13354,-0.3,1
2025,4,15109,-0.3,1
2025,4,15258,-0.3,1
2025,4,16335,-0.3,1
2025,4,15337,-0.3,1
2025,4,16387,-0.3,1
2025,4,15288,-0.5,1
2025,4,15730,-0.5,1
2025,4,16219,-0.5,1
2025,4,14095,-0.5,1
2025,4,12678,-0.5,1
2025,4,16206,-0.5,1
2025,4,16233,-0.5,1
2025,4,15481,-0.6,1
2025,4,13133,-0.7,1
2025,4,15802,-0.7,1
2025,4,13251,-0.7,1
2025,4,15757,-0.7,1
2025,4,13377,-0.7,1
2025,4,13193,-0.8,1
2025,4,16949,-0.8,1
2025,4,10703,-0.9,1
2025,4,15281,-0.9,1
2025,4,17134,-0.9,1
2025,4,11232,-1.0,1
2025,4,17080,-1.0,1
2025,4,17072,-1.0,1
2025,4,15359,-1.0,1
2025,4,13848,-1.0,1
2025,4,13940,-1.0,1
2025,4,17037,-1.0,1
2025,4,16557,-1.0,1
2025,4,15626,-1.0,1
2025,4,14280,-1.0,1
2025,4,15766,-1.0,1
2025,4,16940,-1.0,1
2025,4,15857,-1.0,1
2025,4,14143,-1.0,1
2025,4,16634,-1.0,1
2025,4,17082,-1.0,1
2025,4,17103,-1.0,1
2025,4,17171,-1.3,1
2025,4,13738,-1.4,1
2025,4,13879,-1.4,1
2025,4,15713,-1.4,1
2025,4,15916,-1.5,1
2025,4,16428,-1.5,1
2025,4,17078,-1.5,1
2025,4,17169,-1.6,1
2025,4,14067,-1.6,1
2025,4,12773,-1.7,1
2025,4,15889,-1.7,1
2025,4,13710,-1.8,1
2025,4,17070,-1.8,1
2025,4,16596,-1.8,1
2025,4,13143,-1.9,1
2025,4,17047,-1.9,1
2025,4,16304,-2.0,1
2025,4,16796,-2.0,1
2025,4,16210,-2.0,1
2025,4,16621,-2.0,1
2025,4,14236,-2.0,1
2025,4,16800,-2.0,1
2025,4,13168,-2.0,1
2025,4,15945,-2.0,1
2025,4,15903,-2.0,1
2025,4,16218,-2.0,1
2025,4,16451,-2.0,1
2025,4,17087,-2.0,1
2025,4,16954,-2.0,1
2025,4,17058,-2.0,1
2025,4,11247,-2.3,1
2025,4,16279,-2.4,1
2025,4,15335,-2.5,1
2025,4,11936,-2.5,1
2025,4,15936,-2.6,1
2025,4,16192,-2.7,1
2025,4,13163,-2.8,1
2025,4,13119,-2.9,1
2025,4,17229,-3.0,1
2025,4,14071,-3.1,1
2025,4,16593,-3.8,1
2025,4,17184,-3.9,1
2025,4,13641,-3.9,1
2025,4,12187,-4.0,1
2025,4,16644,-4.0,1
2025,4,16707,-4.0,1
2025,4,13718,-4.1,1
2025,4,16419,-4.1,1
2025,4,16627,-4.8,1
2025,4,11150,-4.9,1
2025,4,14104,-6.1,1
2025,4,15754,-6.5,1
2025,4,17277,-7.7,1
2025,4,15894,-7.8,1
2025,4,17030,-8.0,1
2025,4,14600,-11.5,1
2025,4,12842,-11.7,1
2025,4,9064,-18.7,1
2025,5,13590,75.0,1
2025,5,13592,63.2,1
2025,5,16150,56.4,1
2025,5,9431,55.9,1
2025,5,13116,53.6,1
2025,5,12620,51.3,1
2025,5,15241,50.6,1
2025,5,12611,42.9,1
2025,5,14823,41.8,1
2025,5,14778,39.3,1
2025,5,17081,39.1,1
2025,5,16581,39.0,1
2025,5,16580,38.3,1
2025,5,15238,36.0,1
2025,5,13589,34.4,1
2025,5,16586,34.2,1
2025,5,14783,32.0,1
2025,5,15822,31.9,1
2025,5,14059,31.3,1
2025,5,12610,31.1,1
2025,5,15237,30.8,1
2025,5,16582,30.4,1
2025,5,14802,30.2,1
2025,5,15256,29.8,1
2025,5,16185,28.4,1
2025,5,17256,28.0,1
2025,5,15281,28.0,1
2025,5,16670,27.4,1
2025,5,15850,26.5,1
2025,5,16311,26.4,1
2025,5,13418,26.4,1
2025,5,12186,26.2,1
2025,5,16080,24.3,1
2025,5,14163,24.1,1
2025,5,17037,23.4,1
2025,5,15284,23.0,1
2025,5,16013,22.0,1
2025,5,15868,22.0,1
2025,5,16698,22.0,1
2025,5,15845,21.3,1
2025,5,16214,20.9,1
2025,5,16778,20.8,1
2025,5,13268,20.8,1
2025,5,13629,20.7,1
2025,5,15355,20.5,1
2025,5,14836,20.1,1
2025,5,12860,20.1,1
2025,5,16213,19.7,1
2025,5,12263,19.6,1
2025,5,15173,19.5,1
2025,5,13130,19.3,1
2025,5,14056,19.2,1
2025,5,16708,19.0,1
2025,5,15805,18.9,1
2025,5,13681,18.8,1
2025,5,15710,18.7,1
2025,5,16614,18.6,1
2025,5,10768,18.5,1
2025,5,15708,18.5,1
2025,5,13690,18.2,1
2025,5,14136,18.2,1
2025,5,15864,18.1,1
2025,5,15346,17.9,1
2025,5,17167,17.6,1
2025,5,13713,17.6,1
2025,5,15287,17.5,1
2025,5,13719,17.5,1
2025,5,10816,17.5,1
2025,5,15282,17.3,1
2025,5,17074,17.3,1
2025,5,13604,17.3,1
2025,5,16723,17.1,1
2025,5,17148,17.0,1
2025,5,16653,17.0,1
2025,5,13810,17.0,1
2025,5,13138,16.9,1
2025,5,15721,16.7,1
2025,5,12688,16.7,1
2025,5,16211,16.5,1
2025,5,14779,16.4,1
2025,5,14957,16.3,1
2025,5,13630,16.3,1
2025,5,15861,16.0,1
2025,5,15446,16.0,1
2025,5,15787,16.0,1
2025,5,16162,15.9,1
2025,5,14071,15.8,1
2025,5,16288,15.6,1
2025,5,17051,15.6,1
2025,5,13933,15.5,1
2025,5,14882,15.0,1
2025,5,14953,15.0,1
2025,5,16239,15.0,1
2025,5,15871,14.7,1
2025,5,15802,14.2,1
2025,5,15405,14.0,1
2025,5,17207,14.0,1
2025,5,16672,14.0,1
2025,5,16717,14.0,1
2025,5,16300,14.0,1
2025,5,16207,13.9,1
2025,5,15799,13.8,1
2025,5,13284,13.8,1
2025,5,11244,13.7,1
2025,5,16276,13.7,1
2025,5,16572,13.5,1
2025,5,16618,13.5,1
2025,5,13987,13.5,1
2025,5,17185,13.5,1
2025,5,16263,13.5,1
2025,5,16256,13.5,1
2025,5,15290,13.5,1
2025,5,15762,13.4,1
2025,5,12217,13.3,1
2025,5,15753,13.2,1
2025,5,16010,13.2,1
2025,5,15711,13.2,1
2025,5,12697,13.0,1
2025,5,16651,13.0,1
2025,5,15923,13.0,1
2025,5,14901,13.0,1
2025,5,10945,13.0,1
2025,5,15879,13.0,1
2025,5,14254,12.9,1
2025,5,13294,12.9,1
2025,5,14800,12.8,1
2025,5,15857,12.7,1
2025,5,15365,12.5,1
2025,5,16663,12.5,1
2025,5,15301,12.4,1
2025,5,13192,12.4,1
2025,5,15409,12.4,1
2025,5,12231,12.4,1
2025,5,16692,12.3,1
2025,5,14256,12.3,1
2025,5,17042,12.3,1
2025,5,10292,12.0,1
2025,5,17241,12.0,1
2025,5,16650,12.0,1
2025,5,14225,12.0,1
2025,5,16786,12.0,1
2025,5,10775,12.0,1
2025,5,15499,11.9,1
2025,5,13633,11.8,1
2025,5,13759,11.8,1
2025,5,17071,11.6,1
2025,5,17030,11.6,1
2025,5,12754,11.6,1
2025,5,14927,11.5,1
2025,5,12956,11.5,1
2025,5,13742,11.5,1
2025,5,14907,11.5,1
2025,5,17201,11.5,1
2025,5,15839,11.5,1
2025,5,16190,11.4,1
2025,5,17106,11.4,1
2025,5,14600,11.3,1
2025,5,15349,11.3,1
2025,5,16234,11.3,1
2025,5,13610,11.2,1
2025,5,16649,11.1,1
2025,5,16201,11.1,1
2025,5,16145,11.1,1
2025,5,14198,11.0,1
2025,5,16667,11.0,1
2025,5,13700,11.0,1
2025,5,15380,11.0,1
2025,5,16675,11.0,1
2025,5,14452,11.0,1
2025,5,17102,10.8,1
2025,5,17079,10.8,1
2025,5,16287,10.7,1
2025,5,16690,10.6,1
2025,5,11675,10.6,1
2025,5,17123,10.5,1
2025,5,13813,10.5,1
2025,5,15452,10.5,1
2025,5,16767,10.5,1
2025,5,16707,10.5,1
2025,5,12772,10.5,1
2025,5,14928,10.5,1
2025,5,11807,10.5,1
2025,5,14835,10.4,1
2025,5,14893,10.4,1
2025,5,14799,10.4,1
2025,5,15808,10.3,1
2025,5,14164,10.3,1
2025,5,17098,10.3,1
2025,5,16186,10.2,1
2025,5,12301,10.1,1
2025,5,14434,10.0,1
2025,5,15869,10.0,1
2025,5,15413,10.0,1
2025,5,16014,10.0,1
2025,5,17277,10.0,1
2025,5,16251,10.0,1
2025,5,15873,9.9,1
2025,5,10267,9.9,1
2025,5,17220,9.9,1
2025,5,14842,9.8,1
2025,5,15979,9.8,1
2025,5,12219,9.7,1
2025,5,16385,9.7,1
2025,5,15941,9.7,1
2025,5,15391,9.6,1
2025,5,13743,9.5,1
2025,5,16787,9.5,1
2025,5,16759,9.5,1
2025,5,15872,9.5,1
2025,5,17174,9.5,1
2025,5,12361,9.5,1
2025,5,14892,9.3,1
2025,5,15388,9.3,1
2025,5,11232,9.2,1
2025,5,15362,9.2,1
2025,5,13157,9.2,1
2025,5,15749,9.2,1
2025,5,14954,9.1,1
2025,5,16169,9.1,1
2025,5,14897,9.0,1
2025,5,15076,9.0,1
2025,5,14180,9.0,1
2025,5,16635,9.0,1
2025,5,15870,9.0,1
2025,5,15356,9.0,1
2025,5,14899,9.0,1
2025,5,15387,9.0,1
2025,5,16148,9.0,1
2025,5,16138,9.0,1
2025,5,16680,9.0,1
2025,5,16627,8.8,1
2025,5,13687,8.7,1
2025,5,16282,8.7,1
2025,5,13837,8.6,1
2025,5,16729,8.6,1
2025,5,14315,8.5,1
2025,5,14209,8.5,1
2025,5,13772,8.5,1
2025,5,15863,8.5,1
2025,5,12764,8.5,1
2025,5,16662,8.3,1
2025,5,17032,8.3,1
2025,5,16639,8.2,1
2025,5,15258,8.1,1
2025,5,15889,8.1,1
2025,5,15866,8.0,1
2025,5,14169,8.0,1
2025,5,15928,8.0,1
2025,5,16460,8.0,1
2025,5,17125,8.0,1
2025,5,14995,8.0,1
2025,5,13744,8.0,1
2025,5,15856,8.0,1
2025,5,17169,8.0,1
2025,5,16369,8.0,1
2025,5,15368,7.9,1
2025,5,15032,7.9,1
2025,5,15727,7.8,1
2025,5,13164,7.8,1
2025,5,16187,7.8,1
2025,5,16330,7.7,1
2025,5,15121,7.7,1
2025,5,16671,7.6,1
2025,5,11222,7.6,1
2025,5,15375,7.6,1
2025,5,13189,7.6,1
2025,5,14157,7.5,1
2025,5,12739,7.5,1
2025,5,16619,7.5,1
2025,5,12744,7.5,1
2025,5,14218,7.5,1
2025,5,16472,7.5,1
2025,5,13199,7.5,1
2025,5,14717,7.4,1
2025,5,13448,7.3,1
2025,5,12676,7.2,1
2025,5,15319,7.2,1
2025,5,14085,7.1,1
2025,5,15428,7.0,1
2025,5,16351,7.0,1
2025,5,15385,7.0,1
2025,5,17357,7.0,1
2025,5,17389,7.0,1
2025,5,14930,7.0,1
2025,5,16450,7.0,1
2025,5,15140,7.0,1
2025,5,17119,7.0,1
2025,5,12225,7.0,1
2025,5,15240,7.0,1
2025,5,17127,7.0,1
2025,5,16553,7.0,1
2025,5,15904,7.0,1
2025,5,15352,7.0,1
2025,5,15003,7.0,1
2025,5,15933,7.0,1
2025,5,16233,7.0,1
2025,5,8851,7.0,1
2025,5,14889,7.0,1
2025,5,14159,7.0,1
2025,5,14235,7.0,1
2025,5,17147,7.0,1
2025,5,13224,7.0,1
2025,5,15445,7.0,1
2025,5,14405,7.0,1
2025,5,14171,7.0,1
2025,5,16325,7.0,1
2025,5,15786,6.9,1
2025,5,15877,6.9,1
2025,5,17043,6.9,1
2025,5,17045,6.8,1
2025,5,16279,6.8,1
2025,5,13168,6.8,1
2025,5,8930,6.8,1
2025,5,13704,6.7,1
2025,5,17193,6.7,1
2025,5,16894,6.7,1
2025,5,14985,6.7,1
2025,5,12187,6.7,1
2025,5,14412,6.7,1
2025,5,17163,6.6,1
2025,5,17044,6.5,1
2025,5,17369,6.5,1
2025,5,16679,6.5,1
2025,5,17144,6.5,1
2025,5,13447,6.5,1
2025,5,14257,6.5,1
2025,5,15165,6.5,1
2025,5,14328,6.5,1
2025,5,16694,6.5,1
2025,5,16383,6.4,1
2025,5,17157,6.4,1
2025,5,15393,6.3,1
2025,5,16167,6.2,1
2025,5,16036,6.2,1
2025,5,17132,6.1,1
2025,5,11723,6.1,1
2025,5,15853,6.0,1
2025,5,15366,6.0,1
2025,5,14879,6.0,1
2025,5,15395,6.0,1
2025,5,15895,6.0,1
2025,5,14590,6.0,1
2025,5,15812,6.0,1
2025,5,16242,6.0,1
2025,5,15833,6.0,1
2025,5,15681,6.0,1
2025,5,16702,6.0,1
2025,5,15357,6.0,1
2025,5,17135,6.0,1
2025,5,16314,6.0,1
2025,5,15888,6.0,1
2025,5,13281,6.0,1
2025,5,13767,6.0,1
2025,5,16236,6.0,1
2025,5,13707,6.0,1
2025,5,13198,6.0,1
2025,5,17128,6.0,1
2025,5,16726,6.0,1
2025,5,14909,6.0,1
2025,5,15398,5.9,1
2025,5,16223,5.8,1
2025,5,15754,5.8,1
2025,5,17049,5.7,1
2025,5,13431,5.7,1
2025,5,12155,5.7,1
2025,5,16192,5.7,1
2025,5,14358,5.6,1
2025,5,15713,5.6,1
2025,5,14138,5.6,1
2025,5,15911,5.6,1
2025,5,17080,5.6,1
2025,5,16633,5.6,1
2025,5,15404,5.5,1
2025,5,16722,5.5,1
2025,5,14161,5.5,1
2025,5,16439,5.5,1
2025,5,16927,5.5,1
2025,5,14283,5.5,1
2025,5,15892,5.5,1
2025,5,15001,5.5,1
2025,5,13839,5.5,1
2025,5,13260,5.5,1
2025,5,13723,5.5,1
2025,5,15492,5.5,1
2025,5,13802,5.4,1
2025,5,15369,5.1,1
2025,5,15831,5.1,1
2025,5,15253,5.1,1
2025,5,17246,5.0,1
2025,5,16532,5.0,1
2025,5,15891,5.0,1
2025,5,15998,5.0,1
2025,5,16268,5.0,1
2025,5,17187,5.0,1
2025,5,15484,5.0,1
2025,5,13920,5.0,1
2025,5,14217,5.0,1
2025,5,14951,5.0,1
2025,5,17390,5.0,1
2025,5,16654,5.0,1
2025,5,13251,5.0,1
2025,5,14962,5.0,1
2025,5,15820,5.0,1
2025,5,14997,5.0,1
2025,5,14967,5.0,1
2025,5,16280,5.0,1
2025,5,13227,5.0,1
2025,5,15527,5.0,1
2025,5,15836,5.0,1
2025,5,16784,5.0,1
2025,5,13330,5.0,1
2025,5,17121,5.0,1
2025,5,14167,5.0,1
2025,5,14170,5.0,1
2025,5,13710,5.0,1
2025,5,17153,5.0,1
2025,5,14925,5.0,1
2025,5,17191,5.0,1
2025,5,16673,5.0,1
2025,5,17112,5.0,1
2025,5,17083,4.9,1
2025,5,15394,4.8,1
2025,5,12658,4.8,1
2025,5,16171,4.8,1
2025,5,13133,4.8,1
2025,5,17109,4.8,1
2025,5,16219,4.8,1
2025,5,17105,4.8,1
2025,5,15794,4.7,1
2025,5,16224,4.7,1
2025,5,14873,4.7,1
2025,5,16962,4.6,1
2025,5,16193,4.6,1
2025,5,12626,4.6,1
2025,5,14302,4.5,1
2025,5,15860,4.5,1
2025,5,14934,4.5,1
2025,5,15921,4.5,1
2025,5,14153,4.5,1
2025,5,17154,4.5,1
2025,5,13434,4.5,1
2025,5,13298,4.5,1
2025,5,13675,4.5,1
2025,5,17181,4.5,1
2025,5,14942,4.5,1
2025,5,13307,4.5,1
2025,5,15358,4.5,1
2025,5,13683,4.5,1
2025,5,16102,4.5,1
2025,5,15402,4.5,1
2025,5,16295,4.4,1
2025,5,16624,4.4,1
2025,5,13671,4.4,1
2025,5,15626,4.3,1
2025,5,17056,4.3,1
2025,5,13844,4.3,1
2025,5,17107,4.2,1
2025,5,16620,4.2,1
2025,5,14244,4.1,1
2025,5,16752,4.1,1
2025,5,15950,4.1,1
2025,5,16730,4.0,1
2025,5,14675,4.0,1
2025,5,15817,4.0,1
2025,5,15924,4.0,1
2025,5,15806,4.0,1
2025,5,16731,4.0,1
2025,5,16870,4.0,1
2025,5,12758,4.0,1
2025,5,14956,4.0,1
2025,5,15761,4.0,1
2025,5,15881,4.0,1
2025,5,16344,4.0,1
2025,5,16816,4.0,1
2025,5,17216,4.0,1
2025,5,16290,4.0,1
2025,5,14252,4.0,1
2025,5,16656,4.0,1
2025,5,13888,4.0,1
2025,5,14911,4.0,1
2025,5,16887,4.0,1
2025,5,13869,4.0,1
2025,5,15408,4.0,1
2025,5,17124,4.0,1
2025,5,16278,4.0,1
2025,5,11383,4.0,1
2025,5,16391,4.0,1
2025,5,13208,4.0,1
2025,5,11793,4.0,1
2025,5,12218,4.0,1
2025,5,13132,4.0,1
2025,5,12700,4.0,1
2025,5,12795,4.0,1
2025,5,15259,3.9,1
2025,5,17138,3.8,1
2025,5,13249,3.8,1
2025,5,17234,3.7,1
2025,5,13163,3.7,1
2025,5,11985,3.7,1
2025,5,15796,3.6,1
2025,5,14104,3.6,1
2025,5,17103,3.6,1
2025,5,13682,3.6,1
2025,5,16346,3.5,1
2025,5,12831,3.5,1
2025,5,17172,3.5,1
2025,5,14943,3.5,1
2025,5,14472,3.5,1
2025,5,14182,3.5,1
2025,5,17208,3.5,1
2025,5,17186,3.5,1
2025,5,16269,3.4,1
2025,5,17078,3.4,1
2025,5,14127,3.4,1
2025,5,12785,3.3,1
2025,5,14319,3.2,1
2025,5,15718,3.2,1
2025,5,16023,3.2,1
2025,5,15804,3.1,1
2025,5,14168,3.0,1
2025,5,14878,3.0,1
2025,5,15989,3.0,1
2025,5,15913,3.0,1
2025,5,16077,3.0,1
2025,5,16907,3.0,1
2025,5,16252,3.0,1
2025,5,15894,3.0,1
2025,5,15461,3.0,1
2025,5,13952,3.0,1
2025,5,15515,3.0,1
2025,5,16923,3.0,1
2025,5,13694,3.0,1
2025,5,17155,3.0,1
2025,5,14902,3.0,1
2025,5,17150,3.0,1
2025,5,17394,3.0,1
2025,5,16878,3.0,1
2025,5,17146,3.0,1
2025,5,10783,3.0,1
2025,5,12691,3.0,1
2025,5,14518,3.0,1
2025,5,16704,3.0,1
2025,5,13678,3.0,1
2025,5,16245,3.0,1
2025,5,16869,3.0,1
2025,5,17196,3.0,1
2025,5,13693,3.0,1
2025,5,15359,3.0,1
2025,5,17068,3.0,1
2025,5,14495,3.0,1
2025,5,15878,3.0,1
2025,5,11970,3.0,1
2025,5,13791,2.9,1
2025,5,14805,2.9,1
2025,5,17175,2.8,1
2025,5,15755,2.8,1
2025,5,17099,2.8,1
2025,5,16636,2.7,1
2025,5,16152,2.6,1
2025,5,13365,2.5,1
2025,5,17219,2.5,1
2025,5,13332,2.5,1
2025,5,16217,2.5,1
2025,5,14143,2.5,1
2025,5,14186,2.5,1
2025,5,16302,2.5,1
2025,5,14982,2.5,1
2025,5,12741,2.5,1
2025,5,14910,2.5,1
2025,5,16700,2.5,1
2025,5,15363,2.5,1
2025,5,16794,2.5,1
2025,5,13736,2.5,1
2025,5,17229,2.5,1
2025,5,16018,2.5,1
2025,5,16768,2.5,1
2025,5,16244,2.5,1
2025,5,15946,2.5,1
2025,5,13714,2.5,1
2025,5,15884,2.3,1
2025,5,14080,2.3,1
2025,5,16949,2.3,1
2025,5,16689,2.3,1
2025,5,15715,2.3,1
2025,5,15909,2.2,1
2025,5,15991,2.2,1
2025,5,16655,2.2,1
2025,5,14870,2.2,1
2025,5,9596,2.2,1
2025,5,15051,2.2,1
2025,5,12842,2.2,1
2025,5,14852,2.2,1
2025,5,17184,2.2,1
2025,5,14105,2.1,1
2025,5,16788,2.1,1
2025,5,11706,2.0,1
2025,5,16727,2.0,1
2025,5,16850,2.0,1
2025,5,13764,2.0,1
2025,5,14815,2.0,1
2025,5,16793,2.0,1
2025,5,16226,2.0,1
2025,5,16446,2.0,1
2025,5,15103,2.0,1
2025,5,14978,2.0,1
2025,5,12745,2.0,1
2025,5,13953,2.0,1
2025,5,17130,2.0,1
2025,5,16954,2.0,1
2025,5,15148,2.0,1
2025,5,17156,2.0,1
2025,5,13245,2.0,1
2025,5,12270,2.0,1
2025,5,17204,2.0,1
2025,5,14906,2.0,1
2025,5,17108,2.0,1
2025,5,17265,2.0,1
2025,5,13755,2.0,1
2025,5,16728,2.0,1
2025,5,17120,2.0,1
2025,5,13730,2.0,1
2025,5,16705,2.0,1
2025,5,12686,2.0,1
2025,5,16712,2.0,1
2025,5,16800,2.0,1
2025,5,14154,2.0,1
2025,5,15859,2.0,1
2025,5,17160,2.0,1
2025,5,16447,2.0,1
2025,5,16912,2.0,1
2025,5,16246,2.0,1
2025,5,13414,2.0,1
2025,5,17164,2.0,1
2025,5,15379,2.0,1
2025,5,13156,1.9,1
2025,5,15757,1.9,1
2025,5,16419,1.8,1
2025,5,16029,1.8,1
2025,5,13959,1.8,1
2025,5,13303,1.8,1
2025,5,14489,1.8,1
2025,5,14548,1.8,1
2025,5,16757,1.8,1
2025,5,15972,1.7,1
2025,5,15252,1.7,1
2025,5,13354,1.7,1
2025,5,17073,1.6,1
2025,5,15650,1.6,1
2025,5,16846,1.5,1
2025,5,9051,1.5,1
2025,5,15364,1.5,1
2025,5,14200,1.5,1
2025,5,12349,1.5,1
2025,5,17361,1.5,1
2025,5,16715,1.5,1
2025,5,16676,1.5,1
2025,5,13709,1.5,1
2025,5,17202,1.5,1
2025,5,16273,1.5,1
2025,5,13148,1.5,1
2025,5,15418,1.5,1
2025,5,13288,1.5,1
2025,5,13750,1.5,1
2025,5,17392,1.5,1
2025,5,16647,1.5,1
2025,5,12271,1.5,1
2025,5,15756,1.5,1
2025,5,17367,1.5,1
2025,5,17199,1.5,1
2025,5,11367,1.5,1
2025,5,15931,1.5,1
2025,5,15975,1.5,1
2025,5,15449,1.5,1
2025,5,11286,1.5,1
2025,5,14108,1.4,1
2025,5,15795,1.4,1
2025,5,17060,1.4,1
2025,5,12447,1.4,1
2025,5,17339,1.4,1
2025,5,16342,1.4,1
2025,5,16425,1.4,1
2025,5,16165,1.3,1
2025,5,16188,1.3,1
2025,5,15344,1.3,1
2025,5,13674,1.3,1
2025,5,17368,1.2,1
2025,5,15717,1.2,1
2025,5,16414,1.2,1
2025,5,17052,1.2,1
2025,5,13424,1.1,1
2025,5,13143,1.1,1
2025,5,16178,1.1,1
2025,5,14944,1.0,1
2025,5,16298,1.0,1
2025,5,15361,1.0,1
2025,5,17149,1.0,1
2025,5,15885,1.0,1
2025,5,16911,1.0,1
2025,5,16476,1.0,1
2025,5,12716,1.0,1
2025,5,12976,1.0,1
2025,5,13706,1.0,1
2025,5,15082,1.0,1
2025,5,14903,1.0,1
2025,5,16440,1.0,1
2025,5,13785,1.0,1
2025,5,14095,1.0,1
2025,5,13717,1.0,1
2025,5,16253,1.0,1
2025,5,14923,1.0,1
2025,5,16261,1.0,1
2025,5,16529,1.0,1
2025,5,15847,1.0,1
2025,5,15832,1.0,1
2025,5,16714,1.0,1
2025,5,13325,1.0,1
2025,5,16367,1.0,1
2025,5,12978,1.0,1
2025,5,14727,1.0,1
2025,5,17214,1.0,1
2025,5,16262,1.0,1
2025,5,17362,1.0,1
2025,5,16761,1.0,1
2025,5,17000,1.0,1
2025,5,16333,1.0,1
2025,5,15419,1.0,1
2025,5,16688,1.0,1
2025,5,13893,1.0,1
2025,5,15874,1.0,1
2025,5,17379,1.0,1
2025,5,11327,1.0,1
2025,5,15448,1.0,1
2025,5,15622,1.0,1
2025,5,15595,1.0,1
2025,5,13782,1.0,1
2025,5,15945,1.0,1
2025,5,16571,1.0,1
2025,5,16271,1.0,1
2025,5,17371,1.0,1
2025,5,17319,1.0,1
2025,5,14947,1.0,1
2025,5,16321,1.0,1
2025,5,15378,1.0,1
2025,5,17340,1.0,1
2025,5,16019,1.0,1
2025,5,14921,1.0,1
2025,5,13738,1.0,1
2025,5,16235,1.0,1
2025,5,14151,1.0,1
2025,5,15903,1.0,1
2025,5,16218,1.0,1
2025,5,14672,1.0,1
2025,5,13201,1.0,1
2025,5,15807,1.0,1
2025,5,17350,1.0,1
2025,5,14894,1.0,1
2025,5,16883,0.9,1
2025,5,16292,0.9,1
2025,5,15716,0.9,1
2025,5,13940,0.9,1
2025,5,17053,0.8,1
2025,5,16009,0.7,1
2025,5,16206,0.7,1
2025,5,16444,0.6,1
2025,5,16848,0.6,1
2025,5,16896,0.6,1
2025,5,16593,0.6,1
2025,5,15353,0.5,1
2025,5,14467,0.5,1
2025,5,16164,0.5,1
2025,5,15292,0.5,1
2025,5,15406,0.5,1
2025,5,16237,0.5,1
2025,5,16423,0.5,1
2025,5,15985,0.5,1
2025,5,15720,0.5,1
2025,5,16296,0.5,1
2025,5,14979,0.5,1
2025,5,12923,0.5,1
2025,5,16281,0.5,1
2025,5,13230,0.5,1
2025,5,17010,0.5,1
2025,5,17365,0.5,1
2025,5,15830,0.5,1
2025,5,16880,0.5,1
2025,5,17286,0.5,1
2025,5,16608,0.5,1
2025,5,16828,0.5,1
2025,5,15875,0.5,1
2025,5,16621,0.5,1
2025,5,17358,0.5,1
2025,5,15303,0.5,1
2025,5,15341,0.5,1
2025,5,12481,0.5,1
2025,5,17173,0.5,1
2025,5,17393,0.5,1
2025,5,15935,0.5,1
2025,5,16898,0.5,1
2025,5,10814,0.5,1
2025,5,16900,0.5,1
2025,5,11674,0.5,1
2025,5,14086,0.4,1
2025,5,15798,0.4,1
2025,5,17076,0.3,1
2025,5,16737,0.2,1
2025,5,15335,0.1,1
2025,5,15334,0.1,1
2025,5,17375,0.1,1
2025,5,17203,0.0,1
2025,5,10514,0.0,1
2025,5,15481,0.0,1
2025,5,16754,0.0,1
2025,5,16375,0.0,1
2025,5,13267,0.0,1
2025,5,17263,0.0,1
2025,5,14919,0.0,1
2025,5,16335,0.0,1
2025,5,16557,0.0,1
2025,5,15412,0.0,1
2025,5,16958,0.0,1
2025,5,17178,0.0,1
2025,5,16736,0.0,1
2025,5,13317,0.0,1
2025,5,16334,0.0,1
2025,5,16318,0.0,1
2025,5,16232,0.0,1
2025,5,17270,0.0,1
2025,5,16370,0.0,1
2025,5,15926,0.0,1
2025,5,17236,0.0,1
2025,5,16336,0.0,1
2025,5,16735,0.0,1
2025,5,16220,0.0,1
2025,5,15880,0.0,1
2025,5,12802,0.0,1
2025,5,17254,0.0,1
2025,5,15443,0.0,1
2025,5,16697,0.0,1
2025,5,16746,0.0,1
2025,5,14137,0.0,1
2025,5,13988,0.0,1
2025,5,16831,0.0,1
2025,5,12955,0.0,1
2025,5,14975,0.0,1
2025,5,17244,0.0,1
2025,5,16403,0.0,1
2025,5,17255,0.0,1
2025,5,14858,0.0,1
2025,5,15559,0.0,1
2025,5,17388,0.0,1
2025,5,16463,0.0,1
2025,5,16371,0.0,1
2025,5,16858,0.0,1
2025,5,16940,0.0,1
2025,5,16644,0.0,1
2025,5,16291,0.0,1
2025,5,15541,0.0,1
2025,5,16792,0.0,1
2025,5,17385,0.0,1
2025,5,13777,0.0,1
2025,5,17145,0.0,1
2025,5,16749,0.0,1
2025,5,14237,0.0,1
2025,5,17176,0.0,1
2025,5,16266,0.0,1
2025,5,13246,0.0,1
2025,5,17360,0.0,1
2025,5,16922,0.0,1
2025,5,17343,0.0,1
2025,5,14370,0.0,1
2025,5,16839,0.0,1
2025,5,15469,0.0,1
2025,5,17118,0.0,1
2025,5,15826,0.0,1
2025,5,12735,0.0,1
2025,5,16315,0.0,1
2025,5,15337,0.0,1
2025,5,17134,0.0,1
2025,5,14948,0.0,1
2025,5,12221,0.0,1
2025,5,17381,0.0,1
2025,5,17140,0.0,1
2025,5,17058,0.0,1
2025,5,16017,0.0,1
2025,5,14875,0.0,1
2025,5,16338,0.0,1
2025,5,15271,0.0,1
2025,5,16496,0.0,1
2025,5,16304,0.0,1
2025,5,15345,0.0,1
2025,5,17359,0.0,1
2025,5,16613,0.0,1
2025,5,17349,0.0,1
2025,5,17205,0.0,1
2025,5,17061,0.0,1
2025,5,16796,0.0,1
2025,5,13226,0.0,1
2025,5,16210,0.0,1
2025,5,13427,0.0,1
2025,5,15916,0.0,1
2025,5,13692,0.0,1
2025,5,16428,0.0,1
2025,5,16258,0.0,1
2025,5,11938,0.0,1
2025,5,13289,0.0,1
2025,5,13818,0.0,1
2025,5,14270,0.0,1
2025,5,17177,0.0,1
2025,5,16516,0.0,1
2025,5,17243,0.0,1
2025,5,15454,0.0,1
2025,5,14236,0.0,1
2025,5,12680,0.0,1
2025,5,12234,0.0,1
2025,5,16366,0.0,1
2025,5,16890,0.0,1
2025,5,14197,0.0,1
2025,5,14555,0.0,1
2025,5,17086,0.0,1
2025,5,16669,0.0,1
2025,5,16913,0.0,1
2025,5,13770,0.0,1
2025,5,16059,0.0,1
2025,5,17064,0.0,1
2025,5,16486,0.0,1
2025,5,17126,0.0,1
2025,5,17190,0.0,1
2025,5,16056,0.0,1
2025,5,16798,0.0,1
2025,5,16666,0.0,1
2025,5,16326,0.0,1
2025,5,16139,0.0,1
2025,5,17143,0.0,1
2025,5,17072,0.0,1
2025,5,15302,0.0,1
2025,5,16820,0.0,1
2025,5,13797,0.0,1
2025,5,14239,0.0,1
2025,5,15392,0.0,1
2025,5,17161,0.0,1
2025,5,13066,0.0,1
2025,5,15849,0.0,1
2025,5,16928,0.0,1
2025,5,17355,0.0,1
2025,5,16732,0.0,1
2025,5,16933,0.0,1
2025,5,15814,0.0,1
2025,5,12608,0.0,1
2025,5,12698,0.0,1
2025,5,15458,0.0,1
2025,5,15767,0.0,1
2025,5,17117,0.0,1
2025,5,13315,0.0,1
2025,5,15285,0.0,1
2025,5,15759,0.0,1
2025,5,16709,0.0,1
2025,5,17351,0.0,1
2025,5,16799,0.0,1
2025,5,13811,0.0,1
2025,5,16720,0.0,1
2025,5,16275,0.0,1
2025,5,17165,0.0,1
2025,5,13778,0.0,1
2025,5,16203,0.0,1
2025,5,15094,0.0,1
2025,5,14292,0.0,1
2025,5,14864,0.0,1
2025,5,16664,0.0,1
2025,5,17356,0.0,1
2025,5,17213,0.0,1
2025,5,14926,0.0,1
2025,5,15109,0.0,1
2025,5,17232,0.0,1
2025,5,17374,0.0,1
2025,5,15714,0.0,1
2025,5,17194,0.0,1
2025,5,12677,0.0,1
2025,5,15918,0.0,1
2025,5,15397,0.0,1
2025,5,17171,-0.1,1
2025,5,14861,-0.1,1
2025,5,15766,-0.3,1
2025,5,15332,-0.3,1
2025,5,15771,-0.3,1
2025,5,13176,-0.4,1
2025,5,15049,-0.5,1
2025,5,13672,-0.5,1
2025,5,16451,-0.5,1
2025,5,14833,-0.5,1
2025,5,16872,-0.5,1
2025,5,16174,-0.6,1
2025,5,17069,-0.6,1
2025,5,17282,-0.7,1
2025,5,16189,-0.7,1
2025,5,13793,-0.7,1
2025,5,14146,-0.7,1
2025,5,16703,-0.8,1
2025,5,16316,-0.8,1
2025,5,16603,-0.8,1
2025,5,17113,-0.8,1
2025,5,16395,-0.8,1
2025,5,16221,-0.9,1
2025,5,13632,-0.9,1
2025,5,16617,-0.9,1
2025,5,15908,-1.0,1
2025,5,13669,-1.0,1
2025,5,17352,-1.0,1
2025,5,16474,-1.0,1
2025,5,14871,-1.0,1
2025,5,15788,-1.0,1
2025,5,12616,-1.0,1
2025,5,13377,-1.0,1
2025,5,14420,-1.0,1
2025,5,16364,-1.0,1
2025,5,17001,-1.0,1
2025,5,11247,-1.0,1
2025,5,16706,-1.0,1
2025,5,13745,-1.0,1
2025,5,14227,-1.0,1
2025,5,16626,-1.0,1
2025,5,15936,-1.0,1
2025,5,17221,-1.0,1
2025,5,16556,-1.0,1
2025,5,12773,-1.0,1
2025,5,14123,-1.1,1
2025,5,16775,-1.2,1
2025,5,16601,-1.2,1
2025,5,15965,-1.4,1
2025,5,11872,-1.5,1
2025,5,15498,-1.5,1
2025,5,17047,-1.6,1
2025,5,17303,-1.6,1
2025,5,17059,-1.9,1
2025,5,15293,-2.0,1
2025,5,17087,-2.0,1
2025,5,17097,-2.0,1
2025,5,17082,-2.0,1
2025,5,16485,-2.0,1
2025,5,16183,-2.0,1
2025,5,17354,-2.0,1
2025,5,15423,-2.0,1
2025,5,11150,-2.4,1
2025,5,17230,-2.5,1
2025,5,16422,-2.6,1
2025,5,16520,-3.0,1
2025,5,15898,-3.0,1
2025,5,16684,-3.0,1
2025,5,16045,-3.0,1
2025,5,16166,-3.2,1
2025,5,16072,-3.5,1
2025,5,17222,-3.8,1
2025,5,14122,-3.8,1
2025,5,16393,-4.0,1
2025,5,16255,-4.0,1
2025,5,17337,-4.4,1
2025,5,12437,-4.5,1
2025,5,16247,-4.6,1
2025,5,16181,-4.9,1
2025,5,13718,-5.1,1
2025,5,16681,-5.1,1
2025,5,17033,-7.1,1
2025,5,13124,-7.9,1
2025,5,14630,-8.0,1
2025,6,16580,63.6,1
2025,6,13116,53.5,1
2025,6,13592,49.1,1
2025,6,12620,47.3,1
2025,6,14779,42.5,1
2025,6,13590,42.4,1
2025,6,7836,40.7,1
2025,6,16161,40.6,1
2025,6,12616,40.2,1
2025,6,17032,39.9,1
2025,6,14782,37.4,1
2025,6,14823,36.5,1
2025,6,12611,36.4,1
2025,6,16579,35.3,1
2025,6,15762,34.6,1
2025,6,14783,34.3,1
2025,6,14797,34.0,1
2025,6,16586,33.6,1
2025,6,14059,32.5,1
2025,6,16583,31.8,1
2025,6,16167,30.5,1
2025,6,14073,30.5,1
2025,6,16012,29.5,1
2025,6,16148,28.3,1
2025,6,9064,28.1,1
2025,6,15751,28.1,1
2025,6,16581,27.6,1
2025,6,16185,27.4,1
2025,6,16193,26.6,1
2025,6,14168,26.5,1
2025,6,16268,26.0,1
2025,6,17045,25.5,1
2025,6,15866,25.2,1
2025,6,14219,25.0,1
2025,6,11286,23.5,1
2025,6,16582,23.4,1
2025,6,13418,22.9,1
2025,6,14802,22.9,1
2025,6,16653,22.7,1
2025,6,16757,22.6,1
2025,6,17174,22.5,1
2025,6,13674,22.5,1
2025,6,16276,21.8,1
2025,6,15237,21.6,1
2025,6,13719,21.5,1
2025,6,13317,21.5,1
2025,6,15923,21.5,1
2025,6,15003,20.9,1
2025,6,15721,20.7,1
2025,6,16627,20.5,1
2025,6,16288,20.4,1
2025,6,14163,20.1,1
2025,6,15868,20.1,1
2025,6,16295,20.0,1
2025,6,14169,19.9,1
2025,6,16444,19.5,1
2025,6,14967,19.0,1
2025,6,15380,19.0,1
2025,6,14283,18.7,1
2025,6,16618,18.5,1
2025,6,14171,18.4,1
2025,6,17075,18.4,1
2025,6,15757,18.3,1
2025,6,15284,17.6,1
2025,6,15345,17.6,1
2025,6,16303,17.4,1
2025,6,15281,17.2,1
2025,6,16767,17.0,1
2025,6,14105,17.0,1
2025,6,14102,17.0,1
2025,6,16342,16.7,1
2025,6,16883,16.3,1
2025,6,13714,16.2,1
2025,6,12626,16.0,1
2025,6,15710,15.9,1
2025,6,15756,15.7,1
2025,6,13130,15.7,1
2025,6,11769,15.3,1
2025,6,14225,15.0,1
2025,6,15875,15.0,1
2025,6,13226,15.0,1
2025,6,15484,14.8,1
2025,6,15452,14.6,1
2025,6,11244,14.6,1
2025,6,13723,14.5,1
2025,6,15681,14.5,1
2025,6,15835,14.3,1
2025,6,14892,14.3,1
2025,6,16278,14.2,1
2025,6,15754,14.1,1
2025,6,16663,14.0,1
2025,6,16263,14.0,1
2025,6,13281,14.0,1
2025,6,13298,14.0,1
2025,6,16787,13.8,1
2025,6,8851,13.8,1
2025,6,13813,13.5,1
2025,6,16667,13.5,1
2025,6,16013,13.5,1
2025,6,16287,13.5,1
2025,6,15428,13.5,1
2025,6,16723,13.2,1
2025,6,12711,13.2,1
2025,6,16689,13.2,1
2025,6,12782,13.1,1
2025,6,16240,13.0,1
2025,6,13713,13.0,1
2025,6,14858,13.0,1
2025,6,16226,13.0,1
2025,6,16214,13.0,1
2025,6,14669,12.8,1
2025,6,13782,12.8,1
2025,6,15809,12.7,1
2025,6,17277,12.7,1
2025,6,16222,12.6,1
2025,6,16450,12.6,1
2025,6,13214,12.6,1
2025,6,14158,12.6,1
2025,6,17102,12.6,1
2025,6,12697,12.5,1
2025,6,14170,12.5,1
2025,6,12231,12.5,1
2025,6,11936,12.4,1
2025,6,16286,12.3,1
2025,6,17339,12.1,1
2025,6,17135,12.0,1
2025,6,17151,12.0,1
2025,6,16212,12.0,1
2025,6,15401,12.0,1
2025,6,15319,12.0,1
2025,6,13959,12.0,1
2025,6,16736,12.0,1
2025,6,14153,11.9,1
2025,6,13952,11.9,1
2025,6,11327,11.8,1
2025,6,17071,11.8,1
2025,6,14104,11.5,1
2025,6,15817,11.5,1
2025,6,15715,11.4,1
2025,6,15794,11.4,1
2025,6,12218,11.3,1
2025,6,17103,11.2,1
2025,6,12773,11.2,1
2025,6,16635,11.1,1
2025,6,11247,11.1,1
2025,6,17163,11.0,1
2025,6,15933,11.0,1
2025,6,17079,11.0,1
2025,6,17130,11.0,1
2025,6,12678,11.0,1
2025,6,14148,11.0,1
2025,6,15864,11.0,1
2025,6,13164,11.0,1
2025,6,12956,11.0,1
2025,6,11150,11.0,1
2025,6,13156,10.9,1
2025,6,16234,10.8,1
2025,6,15877,10.8,1
2025,6,12225,10.8,1
2025,6,15727,10.8,1
2025,6,16419,10.8,1
2025,6,15708,10.7,1
2025,6,16887,10.7,1
2025,6,15387,10.7,1
2025,6,14217,10.7,1
2025,6,12842,10.7,1
2025,6,14071,10.7,1
2025,6,13933,10.5,1
2025,6,15805,10.5,1
2025,6,13268,10.5,1
2025,6,15364,10.5,1
2025,6,12758,10.5,1
2025,6,14157,10.5,1
2025,6,16265,10.4,1
2025,6,15861,10.4,1
2025,6,14164,10.3,1
2025,6,15799,10.1,1
2025,6,16878,10.0,1
2025,6,15492,10.0,1
2025,6,14303,10.0,1
2025,6,14911,10.0,1
2025,6,17150,10.0,1
2025,6,15872,10.0,1
2025,6,16708,10.0,1
2025,6,13707,10.0,1
2025,6,15392,10.0,1
2025,6,14956,10.0,1
2025,6,16703,10.0,1
2025,6,15404,10.0,1
2025,6,15867,9.9,1
2025,6,16187,9.9,1
2025,6,16036,9.6,1
2025,6,16256,9.5,1
2025,6,12688,9.5,1
2025,6,15449,9.5,1
2025,6,14210,9.5,1
2025,6,10768,9.5,1
2025,6,16696,9.5,1
2025,6,17144,9.5,1
2025,6,16344,9.5,1
2025,6,12437,9.5,1
2025,6,17137,9.5,1
2025,6,13744,9.5,1
2025,6,14897,9.5,1
2025,6,17172,9.5,1
2025,6,14835,9.4,1
2025,6,17185,9.3,1
2025,6,13176,9.3,1
2025,6,13377,9.2,1
2025,6,14979,9.1,1
2025,6,17113,9.1,1
2025,6,15388,9.0,1
2025,6,17153,9.0,1
2025,6,15362,9.0,1
2025,6,15124,9.0,1
2025,6,14167,9.0,1
2025,6,13731,9.0,1
2025,6,16704,9.0,1
2025,6,14918,9.0,1
2025,6,13764,9.0,1
2025,6,13704,9.0,1
2025,6,13844,9.0,1
2025,6,14943,9.0,1
2025,6,15836,9.0,1
2025,6,17234,8.9,1
2025,6,13692,8.8,1
2025,6,15282,8.8,1
2025,6,12658,8.7,1
2025,6,13132,8.7,1
2025,6,17070,8.7,1
2025,6,15712,8.6,1
2025,6,13718,8.6,1
2025,6,16314,8.5,1
2025,6,12744,8.5,1
2025,6,13251,8.5,1
2025,6,14227,8.5,1
2025,6,17201,8.5,1
2025,6,12802,8.5,1
2025,6,10775,8.5,1
2025,6,17147,8.5,1
2025,6,17124,8.5,1
2025,6,14159,8.5,1
2025,6,16292,8.5,1
2025,6,15979,8.4,1
2025,6,15742,8.1,1
2025,6,16474,8.1,1
2025,6,16695,8.0,1
2025,6,15857,8.0,1
2025,6,14412,8.0,1
2025,6,11348,8.0,1
2025,6,14896,8.0,1
2025,6,16712,8.0,1
2025,6,16279,8.0,1
2025,6,12691,8.0,1
2025,6,15355,8.0,1
2025,6,15089,8.0,1
2025,6,16043,7.9,1
2025,6,13604,7.9,1
2025,6,9431,7.9,1
2025,6,16603,7.8,1
2025,6,13189,7.8,1
2025,6,12785,7.8,1
2025,6,16181,7.8,1
2025,6,17042,7.7,1
2025,6,16230,7.7,1
2025,6,13700,7.7,1
2025,6,15768,7.6,1
2025,6,16707,7.5,1
2025,6,16799,7.5,1
2025,6,13839,7.5,1
2025,6,16716,7.5,1
2025,6,15357,7.5,1
2025,6,15892,7.5,1
2025,6,16679,7.5,1
2025,6,15920,7.5,1
2025,6,17265,7.5,1
2025,6,13987,7.5,1
2025,6,14953,7.5,1
2025,6,14302,7.5,1
2025,6,13697,7.5,1
2025,6,16165,7.5,1
2025,6,17184,7.3,1
2025,6,14254,7.3,1
2025,6,15889,7.2,1
2025,6,16266,7.1,1
2025,6,14985,7.1,1
2025,6,16651,7.0,1
2025,6,14909,7.0,1
2025,6,14910,7.0,1
2025,6,15928,7.0,1
2025,6,15852,7.0,1
2025,6,13888,7.0,1
2025,6,14252,7.0,1
2025,6,16253,7.0,1
2025,6,16369,7.0,1
2025,6,13273,7.0,1
2025,6,16702,7.0,1
2025,6,11807,7.0,1
2025,6,16677,7.0,1
2025,6,12686,7.0,1
2025,6,17167,7.0,1
2025,6,16166,7.0,1
2025,6,14927,7.0,1
2025,6,16729,7.0,1
2025,6,15806,7.0,1
2025,6,16356,7.0,1
2025,6,14218,7.0,1
2025,6,15412,7.0,1
2025,6,14434,6.9,1
2025,6,15800,6.9,1
2025,6,16656,6.8,1
2025,6,14143,6.8,1
2025,6,16206,6.8,1
2025,6,14127,6.8,1
2025,6,14946,6.8,1
2025,6,17169,6.8,1
2025,6,16333,6.8,1
2025,6,15378,6.7,1
2025,6,15802,6.7,1
2025,6,16620,6.7,1
2025,6,16633,6.6,1
2025,6,14975,6.6,1
2025,6,13431,6.6,1
2025,6,15839,6.5,1
2025,6,13245,6.5,1
2025,6,14322,6.5,1
2025,6,13260,6.5,1
2025,6,15779,6.5,1
2025,6,16239,6.5,1
2025,6,15365,6.5,1
2025,6,14934,6.5,1
2025,6,12752,6.5,1
2025,6,15846,6.5,1
2025,6,16719,6.5,1
2025,6,17125,6.5,1
2025,6,16692,6.5,1
2025,6,16346,6.5,1
2025,6,15870,6.5,1
2025,6,13806,6.4,1
2025,6,15332,6.3,1
2025,6,13330,6.3,1
2025,6,17066,6.3,1
2025,6,13980,6.2,1
2025,6,14940,6.2,1
2025,6,13635,6.1,1
2025,6,14630,6.1,1
2025,6,13810,6.0,1
2025,6,14186,6.0,1
2025,6,12361,6.0,1
2025,6,17122,6.0,1
2025,6,15349,6.0,1
2025,6,17207,6.0,1
2025,6,14154,6.0,1
2025,6,16018,6.0,1
2025,6,14207,6.0,1
2025,6,12754,6.0,1
2025,6,16227,6.0,1
2025,6,17160,6.0,1
2025,6,17120,6.0,1
2025,6,15881,6.0,1
2025,6,15833,6.0,1
2025,6,15335,6.0,1
2025,6,15346,6.0,1
2025,6,13223,6.0,1
2025,6,16698,6.0,1
2025,6,16700,6.0,1
2025,6,15366,6.0,1
2025,6,15860,6.0,1
2025,6,15396,6.0,1
2025,6,16395,6.0,1
2025,6,16731,6.0,1
2025,6,15418,6.0,1
2025,6,16460,6.0,1
2025,6,14675,6.0,1
2025,6,15845,6.0,1
2025,6,15356,5.9,1
2025,6,16614,5.9,1
2025,6,15241,5.8,1
2025,6,15258,5.8,1
2025,6,16425,5.7,1
2025,6,15481,5.7,1
2025,6,14426,5.7,1
2025,6,14982,5.5,1
2025,6,16284,5.5,1
2025,6,16244,5.5,1
2025,6,13448,5.5,1
2025,6,13332,5.5,1
2025,6,16245,5.5,1
2025,6,13770,5.5,1
2025,6,15831,5.5,1
2025,6,15032,5.5,1
2025,6,14889,5.5,1
2025,6,17123,5.5,1
2025,6,15859,5.4,1
2025,6,10814,5.3,1
2025,6,16749,5.3,1
2025,6,17241,5.2,1
2025,6,17138,5.2,1
2025,6,14118,5.0,1
2025,6,13227,5.0,1
2025,6,14672,5.0,1
2025,6,15379,5.0,1
2025,6,13738,5.0,1
2025,6,17208,5.0,1
2025,6,16280,5.0,1
2025,6,13802,5.0,1
2025,6,14947,5.0,1
2025,6,16316,5.0,1
2025,6,16699,5.0,1
2025,6,14182,5.0,1
2025,6,12234,5.0,1
2025,6,15851,5.0,1
2025,6,13249,5.0,1
2025,6,13755,5.0,1
2025,6,13143,5.0,1
2025,6,16662,5.0,1
2025,6,15405,5.0,1
2025,6,15998,5.0,1
2025,6,16391,4.9,1
2025,6,12263,4.9,1
2025,6,13138,4.8,1
2025,6,15856,4.8,1
2025,6,17099,4.6,1
2025,6,13791,4.6,1
2025,6,16211,4.6,1
2025,6,15761,4.6,1
2025,6,13289,4.6,1
2025,6,13837,4.5,1
2025,6,16162,4.5,1
2025,6,14893,4.5,1
2025,6,13759,4.5,1
2025,6,15585,4.5,1
2025,6,15402,4.5,1
2025,6,11872,4.5,1
2025,6,15337,4.5,1
2025,6,15001,4.5,1
2025,6,17176,4.5,1
2025,6,13325,4.5,1
2025,6,16691,4.5,1
2025,6,14908,4.5,1
2025,6,12698,4.5,1
2025,6,13168,4.5,1
2025,6,16056,4.5,1
2025,6,10816,4.5,1
2025,6,15461,4.5,1
2025,6,10267,4.5,1
2025,6,13434,4.5,1
2025,6,14518,4.5,1
2025,6,14235,4.5,1
2025,6,14420,4.5,1
2025,6,15891,4.5,1
2025,6,16351,4.5,1
2025,6,17132,4.5,1
2025,6,15377,4.4,1
2025,6,16724,4.4,1
2025,6,15907,4.4,1
2025,6,13133,4.4,1
2025,6,13303,4.4,1
2025,6,16216,4.4,1
2025,6,12676,4.4,1
2025,6,14085,4.4,1
2025,6,13424,4.2,1
2025,6,11674,4.2,1
2025,6,16831,4.2,1
2025,6,17109,4.2,1
2025,6,16273,4.0,1
2025,6,11970,4.0,1
2025,6,16281,4.0,1
2025,6,14328,4.0,1
2025,6,16251,4.0,1
2025,6,15352,4.0,1
2025,6,15121,4.0,1
2025,6,16294,4.0,1
2025,6,15849,4.0,1
2025,6,16676,4.0,1
2025,6,10266,4.0,1
2025,6,13681,4.0,1
2025,6,17390,4.0,1
2025,6,13710,4.0,1
2025,6,16928,4.0,1
2025,6,16296,4.0,1
2025,6,16553,4.0,1
2025,6,16670,4.0,1
2025,6,17191,4.0,1
2025,6,13737,4.0,1
2025,6,14978,4.0,1
2025,6,15398,4.0,1
2025,6,17131,4.0,1
2025,6,17177,4.0,1
2025,6,15812,4.0,1
2025,6,17116,4.0,1
2025,6,16913,4.0,1
2025,6,16145,4.0,1
2025,6,13717,4.0,1
2025,6,16252,4.0,1
2025,6,15165,4.0,1
2025,6,14879,4.0,1
2025,6,17115,4.0,1
2025,6,15989,4.0,1
2025,6,15871,4.0,1
2025,6,16224,4.0,1
2025,6,15391,4.0,1
2025,6,15385,4.0,1
2025,6,16192,3.8,1
2025,6,14789,3.8,1
2025,6,15288,3.8,1
2025,6,14108,3.8,1
2025,6,13629,3.6,1
2025,6,16189,3.6,1
2025,6,17082,3.6,1
2025,6,13193,3.6,1
2025,6,14907,3.5,1
2025,6,14370,3.5,1
2025,6,14670,3.5,1
2025,6,15393,3.5,1
2025,6,14901,3.5,1
2025,6,16616,3.4,1
2025,6,16171,3.4,1
2025,6,17056,3.4,1
2025,6,16330,3.4,1
2025,6,15749,3.2,1
2025,6,13246,3.2,1
2025,6,14256,3.2,1
2025,6,14244,3.1,1
2025,6,13763,3.1,1
2025,6,15950,3.0,1
2025,6,13230,3.0,1
2025,6,17146,3.0,1
2025,6,16872,3.0,1
2025,6,15904,3.0,1
2025,6,17118,3.0,1
2025,6,16302,3.0,1
2025,6,15424,3.0,1
2025,6,13199,3.0,1
2025,6,15869,3.0,1
2025,6,15253,3.0,1
2025,6,13709,3.0,1
2025,6,15409,3.0,1
2025,6,17127,3.0,1
2025,6,13294,3.0,1
2025,6,16261,3.0,1
2025,6,17196,3.0,1
2025,6,16267,3.0,1
2025,6,12349,3.0,1
2025,6,15140,3.0,1
2025,6,14903,3.0,1
2025,6,14197,3.0,1
2025,6,15834,3.0,1
2025,6,16741,3.0,1
2025,6,16370,3.0,1
2025,6,13547,3.0,1
2025,6,15386,3.0,1
2025,6,14842,3.0,1
2025,6,14149,3.0,1
2025,6,16318,3.0,1
2025,6,16911,3.0,1
2025,6,14944,3.0,1
2025,6,15441,3.0,1
2025,6,9051,3.0,1
2025,6,17189,3.0,1
2025,6,17072,2.9,1
2025,6,17073,2.9,1
2025,6,13793,2.9,1
2025,6,16649,2.9,1
2025,6,17047,2.8,1
2025,6,14086,2.8,1
2025,6,17204,2.8,1
2025,6,13869,2.7,1
2025,6,12155,2.7,1
2025,6,14489,2.7,1
2025,6,16593,2.6,1
2025,6,15369,2.6,1
2025,6,16778,2.6,1
2025,6,14137,2.6,1
2025,6,17186,2.5,1
2025,6,16102,2.5,1
2025,6,12741,2.5,1
2025,6,15713,2.5,1
2025,6,13963,2.5,1
2025,6,16045,2.5,1
2025,6,12831,2.5,1
2025,6,14237,2.5,1
2025,6,14495,2.5,1
2025,6,17239,2.5,1
2025,6,16414,2.5,1
2025,6,15898,2.5,1
2025,6,15618,2.5,1
2025,6,16291,2.5,1
2025,6,13742,2.5,1
2025,6,15822,2.5,1
2025,6,17126,2.5,1
2025,6,12739,2.5,1
2025,6,13365,2.5,1
2025,6,14260,2.5,1
2025,6,14928,2.5,1
2025,6,16009,2.5,1
2025,6,14930,2.5,1
2025,6,15446,2.5,1
2025,6,16232,2.5,1
2025,6,16195,2.5,1
2025,6,15244,2.4,1
2025,6,11222,2.4,1
2025,6,15711,2.4,1
2025,6,16629,2.4,1
2025,6,15755,2.4,1
2025,6,17222,2.4,1
2025,6,11675,2.3,1
2025,6,17081,2.3,1
2025,6,11840,2.3,1
2025,6,15255,2.2,1
2025,6,16452,2.2,1
2025,6,15911,2.2,1
2025,6,17051,2.2,1
2025,6,16080,2.1,1
2025,6,16684,2.1,1
2025,6,15720,2.1,1
2025,6,16664,2.0,1
2025,6,17356,2.0,1
2025,6,15094,2.0,1
2025,6,13690,2.0,1
2025,6,17164,2.0,1
2025,6,16675,2.0,1
2025,6,14921,2.0,1
2025,6,17351,2.0,1
2025,6,15899,2.0,1
2025,6,13284,2.0,1
2025,6,16439,2.0,1
2025,6,16325,2.0,1
2025,6,17068,2.0,1
2025,6,15943,2.0,1
2025,6,14962,2.0,1
2025,6,14925,2.0,1
2025,6,15878,2.0,1
2025,6,15813,2.0,1
2025,6,17183,2.0,1
2025,6,15808,2.0,1
2025,6,15815,2.0,1
2025,6,16655,2.0,1
2025,6,13198,2.0,1
2025,6,16472,2.0,1
2025,6,14957,2.0,1
2025,6,16759,2.0,1
2025,6,14270,2.0,1
2025,6,16728,2.0,1
2025,6,16446,2.0,1
2025,6,14877,2.0,1
2025,6,13785,2.0,1
2025,6,15350,2.0,1
2025,6,16300,2.0,1
2025,6,14414,2.0,1
2025,6,15926,2.0,1
2025,6,15614,2.0,1
2025,6,12976,2.0,1
2025,6,15394,2.0,1
2025,6,16784,2.0,1
2025,6,16485,2.0,1
2025,6,16238,2.0,1
2025,6,16907,2.0,1
2025,6,15853,2.0,1
2025,6,12270,2.0,1
2025,6,11232,2.0,1
2025,6,16532,2.0,1
2025,6,12217,2.0,1
2025,6,13288,2.0,1
2025,6,10292,2.0,1
2025,6,16717,2.0,1
2025,6,9596,1.9,1
2025,6,13940,1.8,1
2025,6,14319,1.7,1
2025,6,17049,1.7,1
2025,6,16639,1.7,1
2025,6,16175,1.7,1
2025,6,15331,1.7,1
2025,6,17043,1.7,1
2025,6,13192,1.6,1
2025,6,15464,1.6,1
2025,6,12699,1.5,1
2025,6,15527,1.5,1
2025,6,16694,1.5,1
2025,6,16264,1.5,1
2025,6,17202,1.5,1
2025,6,17319,1.5,1
2025,6,17242,1.5,1
2025,6,15076,1.5,1
2025,6,17330,1.5,1
2025,6,16725,1.5,1
2025,6,16666,1.5,1
2025,6,17361,1.5,1
2025,6,15985,1.5,1
2025,6,13693,1.5,1
2025,6,15359,1.5,1
2025,6,16282,1.5,1
2025,6,17199,1.5,1
2025,6,15874,1.5,1
2025,6,14899,1.5,1
2025,6,14951,1.5,1
2025,6,16520,1.5,1
2025,6,16669,1.5,1
2025,6,17388,1.5,1
2025,6,17148,1.5,1
2025,6,15863,1.5,1
2025,6,15406,1.5,1
2025,6,17121,1.5,1
2025,6,16697,1.5,1
2025,6,14467,1.5,1
2025,6,12229,1.5,1
2025,6,17389,1.5,1
2025,6,17362,1.5,1
2025,6,16846,1.5,1
2025,6,16657,1.5,1
2025,6,13630,1.4,1
2025,6,16169,1.4,1
2025,6,17349,1.4,1
2025,6,11367,1.3,1
2025,6,17220,1.3,1
2025,6,14239,1.3,1
2025,6,15884,1.3,1
2025,6,14095,1.2,1
2025,6,11383,1.2,1
2025,6,15913,1.2,1
2025,6,14198,1.2,1
2025,6,12186,1.1,1
2025,6,15788,1.1,1
2025,6,15991,1.1,1
2025,6,15293,1.1,1
2025,6,14727,1.0,1
2025,6,17140,1.0,1
2025,6,12734,1.0,1
2025,6,15965,1.0,1
2025,6,15397,1.0,1
2025,6,15888,1.0,1
2025,6,17365,1.0,1
2025,6,12481,1.0,1
2025,6,17340,1.0,1
2025,6,17105,1.0,1
2025,6,15946,1.0,1
2025,6,15903,1.0,1
2025,6,16113,1.0,1
2025,6,16029,1.0,1
2025,6,16726,1.0,1
2025,6,16275,1.0,1
2025,6,16556,1.0,1
2025,6,15935,1.0,1
2025,6,14948,1.0,1
2025,6,12301,1.0,1
2025,6,16311,1.0,1
2025,6,14405,1.0,1
2025,6,17211,1.0,1
2025,6,17161,1.0,1
2025,6,17384,1.0,1
2025,6,16922,1.0,1
2025,6,13315,1.0,1
2025,6,14800,1.0,1
2025,6,16423,1.0,1
2025,6,16326,1.0,1
2025,6,15936,1.0,1
2025,6,16690,1.0,1
2025,6,12745,1.0,1
2025,6,16139,1.0,1
2025,6,17317,1.0,1
2025,6,16217,1.0,1
2025,6,16571,1.0,1
2025,6,15945,1.0,1
2025,6,16457,1.0,1
2025,6,15395,1.0,1
2025,6,16516,1.0,1
2025,6,17367,1.0,1
2025,6,15445,1.0,1
2025,6,14012,1.0,1
2025,6,16366,1.0,1
2025,6,16059,1.0,1
2025,6,16722,1.0,1
2025,6,16923,1.0,1
2025,6,17397,1.0,1
2025,6,16735,1.0,1
2025,6,17182,1.0,1
2025,6,17369,1.0,1
2025,6,16793,1.0,1
2025,6,13224,1.0,1
2025,6,16746,1.0,1
2025,6,14888,1.0,1
2025,6,15303,1.0,1
2025,6,16828,1.0,1
2025,6,14452,1.0,1
2025,6,17398,1.0,1
2025,6,11706,1.0,1
2025,6,17246,1.0,1
2025,6,15830,1.0,1
2025,6,16754,1.0,1
2025,6,13267,1.0,1
2025,6,13750,1.0,1
2025,6,16572,1.0,1
2025,6,17178,1.0,1
2025,6,16958,1.0,1
2025,6,17000,1.0,1
2025,6,16613,1.0,1
2025,6,17187,0.8,1
2025,6,17181,0.6,1
2025,6,14592,0.6,1
2025,6,15650,0.6,1
2025,6,8930,0.6,1
2025,6,15329,0.6,1
2025,6,17256,0.6,1
2025,6,16624,0.6,1
2025,6,16900,0.5,1
2025,6,15498,0.5,1
2025,6,15956,0.5,1
2025,6,12677,0.5,1
2025,6,14112,0.5,1
2025,6,15676,0.5,1
2025,6,17247,0.5,1
2025,6,17048,0.5,1
2025,6,17165,0.5,1
2025,6,16367,0.5,1
2025,6,15622,0.5,1
2025,6,17354,0.5,1
2025,6,16940,0.5,1
2025,6,12776,0.5,1
2025,6,15796,0.5,1
2025,6,17244,0.5,1
2025,6,11317,0.5,1
2025,6,16463,0.5,1
2025,6,16210,0.5,1
2025,6,14080,0.5,1
2025,6,13743,0.5,1
2025,6,14379,0.5,1
2025,6,14815,0.5,1
2025,6,17378,0.5,1
2025,6,12772,0.5,1
2025,6,13354,0.5,1
2025,6,16328,0.5,1
2025,6,17203,0.5,1
2025,6,15353,0.5,1
2025,6,15473,0.5,1
2025,6,17052,0.4,1
2025,6,16451,0.4,1
2025,6,17254,0.4,1
2025,6,16183,0.4,1
2025,6,17061,0.4,1
2025,6,14123,0.4,1
2025,6,15334,0.3,1
2025,6,13678,0.3,1
2025,6,15785,0.3,1
2025,6,15798,0.2,1
2025,6,16387,0.2,1
2025,6,15716,0.1,1
2025,6,16221,0.1,1
2025,6,17096,0.1,1
2025,6,16324,0.0,1
2025,6,14292,0.0,1
2025,6,17016,0.0,1
2025,6,14926,0.0,1
2025,6,12978,0.0,1
2025,6,17213,0.0,1
2025,6,17232,0.0,1
2025,6,17374,0.0,1
2025,6,17058,0.0,1
2025,6,16218,0.0,1
2025,6,17214,0.0,1
2025,6,16054,0.0,1
2025,6,15941,0.0,1
2025,6,17194,0.0,1
2025,6,16017,0.0,1
2025,6,15807,0.0,1
2025,6,15229,0.0,1
2025,6,15821,0.0,1
2025,6,12795,0.0,1
2025,6,16788,0.0,1
2025,6,17350,0.0,1
2025,6,15897,0.0,1
2025,6,15905,0.0,1
2025,6,15879,0.0,1
2025,6,15285,0.0,1
2025,6,15759,0.0,1
2025,6,16178,0.0,1
2025,6,16954,0.0,1
2025,6,14942,0.0,1
2025,6,17156,0.0,1
2025,6,17128,0.0,1
2025,6,16976,0.0,1
2025,6,13676,0.0,1
2025,6,17173,0.0,1
2025,6,16720,0.0,1
2025,6,16815,0.0,1
2025,6,15826,0.0,1
2025,6,16737,0.0,1
2025,6,17375,0.0,1
2025,6,16315,0.0,1
2025,6,16138,0.0,1
2025,6,15423,0.0,1
2025,6,16246,0.0,1
2025,6,15414,0.0,1
2025,6,16203,0.0,1
2025,6,15787,0.0,1
2025,6,17112,0.0,1
2025,6,17287,0.0,1
2025,6,17303,0.0,1
2025,6,17154,0.0,1
2025,6,13066,0.0,1
2025,6,17145,0.0,1
2025,6,13479,0.0,1
2025,6,16447,0.0,1
2025,6,16630,0.0,1
2025,6,12796,0.0,1
2025,6,14548,0.0,1
2025,6,16321,0.0,1
2025,6,15906,0.0,1
2025,6,17383,0.0,1
2025,6,15931,0.0,1
2025,6,16492,0.0,1
2025,6,17396,0.0,1
2025,6,16714,0.0,1
2025,6,16255,0.0,1
2025,6,12608,0.0,1
2025,6,13622,0.0,1
2025,6,16732,0.0,1
2025,6,16933,0.0,1
2025,6,16912,0.0,1
2025,6,17343,0.0,1
2025,6,14870,0.0,1
2025,6,17087,0.0,1
2025,6,16839,0.0,1
2025,6,17117,0.0,1
2025,6,16601,0.0,1
2025,6,12700,0.0,1
2025,6,16636,0.0,1
2025,6,13308,0.0,1
2025,6,15448,0.0,1
2025,6,14161,0.0,1
2025,6,16798,0.0,1
2025,6,16413,0.0,1
2025,6,17119,0.0,1
2025,6,11723,0.0,1
2025,6,16858,0.0,1
2025,6,17269,0.0,1
2025,6,17143,0.0,1
2025,6,13797,0.0,1
2025,6,16644,0.0,1
2025,6,16820,0.0,1
2025,6,17155,0.0,1
2025,6,15541,0.0,1
2025,6,13675,0.0,1
2025,6,17385,0.0,1
2025,6,16309,0.0,1
2025,6,17209,0.0,1
2025,6,13745,0.0,1
2025,6,17046,0.0,1
2025,6,15873,0.0,1
2025,6,13893,0.0,1
2025,6,14310,0.0,1
2025,6,16957,0.0,1
2025,6,13672,0.0,1
2025,6,15942,0.0,1
2025,6,17243,0.0,1
2025,6,17152,0.0,1
2025,6,12955,0.0,1
2025,6,16949,0.0,1
2025,6,15515,0.0,1
2025,6,16403,0.0,1
2025,6,17255,0.0,1
2025,6,16440,0.0,1
2025,6,12323,0.0,1
2025,6,16658,0.0,1
2025,6,15766,0.0,1
2025,6,17086,0.0,1
2025,6,14555,0.0,1
2025,6,15103,0.0,1
2025,6,16750,0.0,1
2025,6,16733,0.0,1
2025,6,17379,0.0,1
2025,6,15559,0.0,1
2025,6,16486,0.0,1
2025,6,17064,0.0,1
2025,6,16800,0.0,1
2025,6,16371,0.0,1
2025,6,15771,0.0,1
2025,6,15341,0.0,1
2025,6,13427,0.0,1
2025,6,15292,0.0,1
2025,6,16336,0.0,1
2025,6,16885,0.0,1
2025,6,15538,0.0,1
2025,6,16422,0.0,1
2025,6,15419,0.0,1
2025,6,14110,0.0,1
2025,6,15916,0.0,1
2025,6,16072,0.0,1
2025,6,15363,0.0,1
2025,6,13687,0.0,1
2025,6,16428,0.0,1
2025,6,16023,0.0,1
2025,6,15909,0.0,1
2025,6,15443,0.0,1
2025,6,17358,0.0,1
2025,6,15375,0.0,1
2025,6,16014,0.0,1
2025,6,17074,0.0,1
2025,6,16794,0.0,1
2025,6,15977,0.0,1
2025,6,16688,0.0,1
2025,6,13988,0.0,1
2025,6,17001,0.0,1
2025,6,16850,0.0,1
2025,6,14280,0.0,1
2025,6,14315,0.0,1
2025,6,16608,0.0,1
2025,6,15440,0.0,1
2025,6,17357,0.0,1
2025,6,16334,0.0,1
2025,6,16077,0.0,1
2025,6,13301,0.0,1
2025,6,15626,0.0,1
2025,6,15924,0.0,1
2025,6,14847,0.0,1
2025,6,15344,0.0,1
2025,6,16026,0.0,1
2025,6,16164,0.0,1
2025,6,16476,0.0,1
2025,6,14442,0.0,1
2025,6,16461,0.0,1
2025,6,17228,0.0,1
2025,6,10514,0.0,1
2025,6,16496,0.0,1
2025,6,16894,0.0,1
2025,6,15902,0.0,1
2025,6,17157,0.0,1
2025,6,16298,0.0,1
2025,6,16375,0.0,1
2025,6,17315,0.0,1
2025,6,17060,0.0,1
2025,6,15456,0.0,1
2025,6,16393,0.0,1
2025,6,16523,0.0,1
2025,6,16880,0.0,1
2025,6,17263,0.0,1
2025,6,17286,0.0,1
2025,6,14984,0.0,1
2025,6,16557,0.0,1
2025,6,15925,0.0,1
2025,6,16247,0.0,1
2025,6,14919,0.0,1
2025,6,16727,0.0,1
2025,6,16174,0.0,1
2025,6,17368,0.0,1
2025,6,15885,0.0,1
2025,6,16483,0.0,1
2025,6,16340,0.0,1
2025,6,17392,0.0,1
2025,6,14717,-0.1,1
2025,6,16219,-0.1,1
2025,6,17106,-0.1,1
2025,6,16647,-0.1,1
2025,6,16215,-0.1,1
2025,6,11985,-0.2,1
2025,6,16271,-0.2,1
2025,6,14136,-0.2,1
2025,6,17108,-0.3,1
2025,6,17171,-0.4,1
2025,6,16898,-0.5,1
2025,6,15302,-0.5,1
2025,6,15491,-0.5,1
2025,6,17107,-0.5,1
2025,6,15908,-0.5,1
2025,6,17059,-0.6,1
2025,6,16432,-0.6,1
2025,6,10945,-0.7,1
2025,6,13671,-0.8,1
2025,6,16848,-0.8,1
2025,6,16747,-0.8,1
2025,6,15668,-0.9,1
2025,6,14864,-1.0,1
2025,6,15109,-1.0,1
2025,6,17175,-1.0,1
2025,6,15814,-1.0,1
2025,6,17098,-1.0,1
2025,6,17078,-1.0,1
2025,6,15173,-1.0,1
2025,6,10703,-1.0,1
2025,6,13706,-1.0,1
2025,6,15795,-1.0,1
2025,6,15287,-1.1,1
2025,6,17104,-1.3,1
2025,6,16752,-1.3,1
2025,6,16385,-1.3,1
2025,6,17069,-1.5,1
2025,6,13595,-1.5,1
2025,6,16352,-1.5,1
2025,6,17229,-1.5,1
2025,6,16390,-1.5,1
2025,6,14867,-1.5,1
2025,6,17076,-1.7,1
2025,6,16617,-1.8,1
2025,6,16190,-1.8,1
2025,6,17037,-1.9,1
2025,6,14146,-1.9,1
2025,6,15408,-2.0,1
2025,6,16710,-2.0,1
2025,6,15413,-2.0,1
2025,6,13231,-2.0,1
2025,6,17134,-2.0,1
2025,6,16242,-2.0,1
2025,6,14200,-2.0,1
2025,6,16796,-2.0,1
2025,6,16760,-2.0,1
2025,6,17205,-2.3,1
2025,6,15847,-2.4,1
2025,6,16237,-2.4,1
2025,6,15361,-2.4,1
2025,6,12187,-2.5,1
2025,6,16207,-2.5,1
2025,6,16730,-2.5,1
2025,6,14833,-2.9,1
2025,6,15148,-3.0,1
2025,6,17352,-3.0,1
2025,6,16775,-3.2,1
2025,6,12447,-3.3,1
2025,6,15259,-3.4,1
2025,6,14805,-3.5,1
2025,6,16405,-3.5,1
2025,6,14860,-3.6,1
2025,6,15753,-3.9,1
2025,6,16673,-4.0,1
2025,6,14861,-4.0,1
2025,6,16619,-4.8,1
2025,6,14778,-5.0,1
2025,6,13589,-5.3,1
2025,6,15256,-5.7,1
2025,6,15368,-6.7,1
2025,6,16680,-8.0,1
2025,6,17030,-11.5,1
2025,6,13124,-14.9,1
2025,6,15238,-19.3,1
2025,7,14783,59.7,1
2025,7,13116,58.0,1
2025,7,14059,55.6,1
2025,7,16582,53.1,1
2025,7,9064,51.2,1
2025,7,12620,47.4,1
2025,7,16580,47.4,1
2025,7,14779,45.9,1
2025,7,16162,45.6,1
2025,7,9431,40.1,1
2025,7,13130,38.7,1
2025,7,17032,36.8,1
2025,7,15282,36.6,1
2025,7,14802,33.9,1
2025,7,17099,33.8,1
2025,7,15904,32.2,1
2025,7,7836,30.0,1
2025,7,12616,29.4,1
2025,7,14104,29.2,1
2025,7,15331,28.2,1
2025,7,16223,26.9,1
2025,7,14897,26.6,1
2025,7,15380,26.1,1
2025,7,15281,25.7,1
2025,7,14797,25.1,1
2025,7,14782,25.0,1
2025,7,15754,24.6,1
2025,7,15742,24.6,1
2025,7,15923,24.1,1
2025,7,15237,22.9,1
2025,7,11222,22.8,1
2025,7,12688,22.5,1
2025,7,13723,22.5,1
2025,7,16581,22.2,1
2025,7,16186,22.1,1
2025,7,15350,21.7,1
2025,7,15401,21.7,1
2025,7,14888,21.2,1
2025,7,15361,21.0,1
2025,7,16185,20.6,1
2025,7,15873,20.6,1
2025,7,16712,20.5,1
2025,7,15404,20.4,1
2025,7,11706,20.3,1
2025,7,14832,20.0,1
2025,7,14171,19.8,1
2025,7,15868,19.8,1
2025,7,14148,19.7,1
2025,7,16414,19.7,1
2025,7,16708,19.3,1
2025,7,17074,19.2,1
2025,7,13288,18.9,1
2025,7,14303,18.9,1
2025,7,15428,18.8,1
2025,7,17051,18.8,1
2025,7,16583,18.6,1
2025,7,16278,18.5,1
2025,7,13697,18.1,1
2025,7,14157,18.0,1
2025,7,16450,18.0,1
2025,7,17066,17.8,1
2025,7,15121,17.7,1
2025,7,14835,17.7,1
2025,7,16167,17.3,1
2025,7,13772,17.1,1
2025,7,16189,17.1,1
2025,7,16672,17.0,1
2025,7,16794,16.9,1
2025,7,17201,16.8,1
2025,7,17171,16.8,1
2025,7,15287,16.7,1
2025,7,14979,16.7,1
2025,7,16681,16.6,1
2025,7,15256,16.6,1
2025,7,17102,16.3,1
2025,7,12610,16.1,1
2025,7,15839,16.0,1
2025,7,11675,16.0,1
2025,7,14252,16.0,1
2025,7,16639,15.9,1
2025,7,16148,15.7,1
2025,7,14842,15.6,1
2025,7,16572,15.6,1
2025,7,12752,15.5,1
2025,7,15358,15.5,1
2025,7,13630,15.4,1
2025,7,15368,15.4,1
2025,7,16693,15.3,1
2025,7,16705,15.2,1
2025,7,16193,15.0,1
2025,7,13959,15.0,1
2025,7,14943,15.0,1
2025,7,16268,15.0,1
2025,7,15391,15.0,1
2025,7,16314,14.9,1
2025,7,15794,14.8,1
2025,7,16620,14.7,1
2025,7,14877,14.6,1
2025,7,14073,14.6,1
2025,7,16516,14.5,1
2025,7,12831,14.5,1
2025,7,14322,14.5,1
2025,7,13547,14.4,1
2025,7,14927,14.4,1
2025,7,14153,14.2,1
2025,7,14907,14.2,1
2025,7,15259,14.1,1
2025,7,15768,14.1,1
2025,7,16689,14.0,1
2025,7,16245,14.0,1
2025,7,15866,14.0,1
2025,7,14168,14.0,1
2025,7,16169,14.0,1
2025,7,17404,14.0,1
2025,7,16675,14.0,1
2025,7,16294,14.0,1
2025,7,14149,13.9,1
2025,7,16460,13.9,1
2025,7,14600,13.9,1
2025,7,16227,13.9,1
2025,7,15762,13.9,1
2025,7,13719,13.8,1
2025,7,17138,13.5,1
2025,7,16181,13.5,1
2025,7,12697,13.5,1
2025,7,16043,13.5,1
2025,7,13176,13.4,1
2025,7,12611,13.4,1
2025,7,16239,13.2,1
2025,7,12083,13.1,1
2025,7,14219,13.0,1
2025,7,14957,13.0,1
2025,7,17187,13.0,1
2025,7,15989,13.0,1
2025,7,15405,13.0,1
2025,7,9051,13.0,1
2025,7,15864,13.0,1
2025,7,14861,12.8,1
2025,7,17045,12.8,1
2025,7,16649,12.7,1
2025,7,12744,12.7,1
2025,7,17121,12.5,1
2025,7,15452,12.5,1
2025,7,16787,12.5,1
2025,7,17135,12.5,1
2025,7,15757,12.5,1
2025,7,16161,12.4,1
2025,7,14137,12.3,1
2025,7,14901,12.0,1
2025,7,17204,12.0,1
2025,7,15846,12.0,1
2025,7,17153,12.0,1
2025,7,15001,12.0,1
2025,7,14930,12.0,1
2025,7,15805,12.0,1
2025,7,13706,12.0,1
2025,7,17080,11.9,1
2025,7,16194,11.9,1
2025,7,12186,11.8,1
2025,7,15799,11.8,1
2025,7,17030,11.7,1
2025,7,14823,11.7,1
2025,7,14974,11.6,1
2025,7,15832,11.6,1
2025,7,14864,11.5,1
2025,7,16651,11.3,1
2025,7,11985,11.2,1
2025,7,16264,11.2,1
2025,7,14925,11.1,1
2025,7,16698,11.0,1
2025,7,13298,11.0,1
2025,7,13736,11.0,1
2025,7,13810,11.0,1
2025,7,15429,11.0,1
2025,7,13681,11.0,1
2025,7,16670,11.0,1
2025,7,15779,10.9,1
2025,7,13198,10.9,1
2025,7,16667,10.5,1
2025,7,15813,10.5,1
2025,7,14472,10.4,1
2025,7,15972,10.4,1
2025,7,15089,10.3,1
2025,7,17037,10.3,1
2025,7,16719,10.3,1
2025,7,14889,10.2,1
2025,7,16703,10.2,1
2025,7,15409,10.2,1
2025,7,13208,10.1,1
2025,7,13289,10.1,1
2025,7,10266,10.1,1
2025,7,16222,10.1,1
2025,7,17079,10.1,1
2025,7,10783,10.0,1
2025,7,17124,10.0,1
2025,7,14800,10.0,1
2025,7,15392,10.0,1
2025,7,17165,10.0,1
2025,7,16275,10.0,1
2025,7,14882,10.0,1
2025,7,15894,10.0,1
2025,7,16927,10.0,1
2025,7,14590,9.8,1
2025,7,14836,9.8,1
2025,7,11244,9.8,1
2025,7,16747,9.7,1
2025,7,13470,9.6,1
2025,7,14518,9.5,1
2025,7,13434,9.5,1
2025,7,16282,9.5,1
2025,7,13692,9.5,1
2025,7,15802,9.5,1
2025,7,17186,9.5,1
2025,7,15817,9.5,1
2025,7,15920,9.5,1
2025,7,12225,9.5,1
2025,7,11769,9.5,1
2025,7,16233,9.5,1
2025,7,15892,9.4,1
2025,7,12711,9.2,1
2025,7,16784,9.0,1
2025,7,14102,9.0,1
2025,7,15856,9.0,1
2025,7,12218,9.0,1
2025,7,13322,9.0,1
2025,7,13731,9.0,1
2025,7,14908,9.0,1
2025,7,10816,9.0,1
2025,7,16102,9.0,1
2025,7,16799,9.0,1
2025,7,16556,9.0,1
2025,7,17241,9.0,1
2025,7,14892,9.0,1
2025,7,13717,9.0,1
2025,7,15985,9.0,1
2025,7,17144,9.0,1
2025,7,11383,8.9,1
2025,7,13700,8.9,1
2025,7,16013,8.9,1
2025,7,14871,8.9,1
2025,7,17118,8.9,1
2025,7,12773,8.8,1
2025,7,17119,8.7,1
2025,7,16256,8.6,1
2025,7,17184,8.5,1
2025,7,14154,8.5,1
2025,7,13806,8.5,1
2025,7,13952,8.5,1
2025,7,14951,8.5,1
2025,7,13837,8.5,1
2025,7,14910,8.5,1
2025,7,14911,8.5,1
2025,7,15365,8.4,1
2025,7,15484,8.3,1
2025,7,14717,8.2,1
2025,7,17107,8.2,1
2025,7,15241,8.2,1
2025,7,17049,8.2,1
2025,7,16923,8.1,1
2025,7,16650,8.1,1
2025,7,15875,8.0,1
2025,7,15881,8.0,1
2025,7,15395,8.0,1
2025,7,15833,8.0,1
2025,7,15292,8.0,1
2025,7,14630,8.0,1
2025,7,12771,8.0,1
2025,7,13332,8.0,1
2025,7,15003,8.0,1
2025,7,14893,8.0,1
2025,7,16369,7.9,1
2025,7,12860,7.9,1
2025,7,15329,7.9,1
2025,7,11721,7.9,1
2025,7,14164,7.9,1
2025,7,16292,7.8,1
2025,7,16240,7.8,1
2025,7,14085,7.7,1
2025,7,14858,7.7,1
2025,7,8851,7.6,1
2025,7,16614,7.6,1
2025,7,16912,7.5,1
2025,7,16077,7.5,1
2025,7,14946,7.5,1
2025,7,15812,7.5,1
2025,7,14161,7.5,1
2025,7,13742,7.5,1
2025,7,12741,7.5,1
2025,7,13635,7.4,1
2025,7,14198,7.4,1
2025,7,15835,7.3,1
2025,7,14995,7.3,1
2025,7,15749,7.3,1
2025,7,13447,7.2,1
2025,7,13704,7.1,1
2025,7,13143,7.0,1
2025,7,17228,7.0,1
2025,7,17147,7.0,1
2025,7,12842,7.0,1
2025,7,16267,7.0,1
2025,7,16733,7.0,1
2025,7,16704,7.0,1
2025,7,15710,7.0,1
2025,7,17143,7.0,1
2025,7,16696,7.0,1
2025,7,14909,7.0,1
2025,7,13738,7.0,1
2025,7,13714,7.0,1
2025,7,15464,7.0,1
2025,7,16731,7.0,1
2025,7,16340,7.0,1
2025,7,15872,7.0,1
2025,7,13737,7.0,1
2025,7,12221,7.0,1
2025,7,15809,7.0,1
2025,7,11247,6.9,1
2025,7,16653,6.9,1
2025,7,17075,6.9,1
2025,7,17189,6.8,1
2025,7,17339,6.8,1
2025,7,16207,6.8,1
2025,7,15787,6.8,1
2025,7,15032,6.7,1
2025,7,15352,6.7,1
2025,7,16351,6.6,1
2025,7,12323,6.6,1
2025,7,16286,6.6,1
2025,7,15850,6.5,1
2025,7,16928,6.5,1
2025,7,13802,6.5,1
2025,7,15253,6.5,1
2025,7,16697,6.5,1
2025,7,16206,6.5,1
2025,7,17365,6.5,1
2025,7,16265,6.5,1
2025,7,15821,6.5,1
2025,7,14257,6.5,1
2025,7,14975,6.4,1
2025,7,15051,6.4,1
2025,7,13592,6.3,1
2025,7,16657,6.0,1
2025,7,16800,6.0,1
2025,7,14197,6.0,1
2025,7,16786,6.0,1
2025,7,15851,6.0,1
2025,7,15849,6.0,1
2025,7,15302,6.0,1
2025,7,16695,6.0,1
2025,7,15481,6.0,1
2025,7,16422,6.0,1
2025,7,17148,6.0,1
2025,7,16226,6.0,1
2025,7,17390,6.0,1
2025,7,13251,6.0,1
2025,7,10768,6.0,1
2025,7,17131,6.0,1
2025,7,12734,6.0,1
2025,7,16452,5.9,1
2025,7,13782,5.8,1
2025,7,13230,5.8,1
2025,7,12677,5.7,1
2025,7,17105,5.7,1
2025,7,12930,5.7,1
2025,7,13193,5.6,1
2025,7,15337,5.6,1
2025,7,15418,5.5,1
2025,7,14159,5.5,1
2025,7,16677,5.5,1
2025,7,11327,5.5,1
2025,7,13770,5.5,1
2025,7,15173,5.5,1
2025,7,10775,5.5,1
2025,7,14928,5.5,1
2025,7,14412,5.5,1
2025,7,16691,5.5,1
2025,7,13693,5.5,1
2025,7,16694,5.5,1
2025,7,16692,5.5,1
2025,7,14260,5.5,1
2025,7,15364,5.5,1
2025,7,16296,5.5,1
2025,7,16188,5.5,1
2025,7,16174,5.4,1
2025,7,15786,5.4,1
2025,7,15711,5.2,1
2025,7,16736,5.2,1
2025,7,15847,5.2,1
2025,7,17103,5.2,1
2025,7,15979,5.1,1
2025,7,12676,5.1,1
2025,7,16846,5.1,1
2025,7,15845,5.0,1
2025,7,16894,5.0,1
2025,7,15441,5.0,1
2025,7,14218,5.0,1
2025,7,15907,5.0,1
2025,7,16300,5.0,1
2025,7,16145,5.0,1
2025,7,14405,5.0,1
2025,7,14669,5.0,1
2025,7,15945,5.0,1
2025,7,15879,5.0,1
2025,7,16263,5.0,1
2025,7,16251,5.0,1
2025,7,16662,5.0,1
2025,7,15473,5.0,1
2025,7,12217,5.0,1
2025,7,16346,5.0,1
2025,7,15412,5.0,1
2025,7,15515,5.0,1
2025,7,12349,5.0,1
2025,7,15895,5.0,1
2025,7,16288,5.0,1
2025,7,13156,5.0,1
2025,7,16242,5.0,1
2025,7,17254,5.0,1
2025,7,16281,5.0,1
2025,7,13690,5.0,1
2025,7,15388,5.0,1
2025,7,15468,5.0,1
2025,7,16315,5.0,1
2025,7,15718,4.8,1
2025,7,15727,4.8,1
2025,7,17072,4.6,1
2025,7,11936,4.6,1
2025,7,14182,4.5,1
2025,7,16725,4.5,1
2025,7,14170,4.5,1
2025,7,15390,4.5,1
2025,7,15461,4.5,1
2025,7,12782,4.5,1
2025,7,16520,4.5,1
2025,7,16676,4.5,1
2025,7,17154,4.5,1
2025,7,17239,4.5,1
2025,7,15076,4.5,1
2025,7,16759,4.5,1
2025,7,14247,4.5,1
2025,7,16716,4.5,1
2025,7,12735,4.5,1
2025,7,16192,4.4,1
2025,7,12155,4.4,1
2025,7,16627,4.4,1
2025,7,16276,4.3,1
2025,7,15852,4.3,1
2025,7,14167,4.2,1
2025,7,15258,4.2,1
2025,7,13869,4.2,1
2025,7,16287,4.1,1
2025,7,17071,4.1,1
2025,7,11872,4.1,1
2025,7,16729,4.0,1
2025,7,17125,4.0,1
2025,7,14251,4.0,1
2025,7,12772,4.0,1
2025,7,16717,4.0,1
2025,7,16366,4.0,1
2025,7,13744,4.0,1
2025,7,14947,4.0,1
2025,7,12700,4.0,1
2025,7,15378,4.0,1
2025,7,11348,4.0,1
2025,7,16690,4.0,1
2025,7,16660,4.0,1
2025,7,15618,4.0,1
2025,7,15950,4.0,1
2025,7,15492,4.0,1
2025,7,14163,4.0,1
2025,7,17112,4.0,1
2025,7,13839,4.0,1
2025,7,17208,4.0,1
2025,7,15261,4.0,1
2025,7,16907,4.0,1
2025,7,16532,4.0,1
2025,7,16303,4.0,1
2025,7,17263,4.0,1
2025,7,14940,4.0,1
2025,7,17116,4.0,1
2025,7,17167,4.0,1
2025,7,15394,4.0,1
2025,7,16253,4.0,1
2025,7,15408,4.0,1
2025,7,17163,4.0,1
2025,7,15928,4.0,1
2025,7,15899,4.0,1
2025,7,15877,4.0,1
2025,7,16656,4.0,1
2025,7,14180,4.0,1
2025,7,15413,4.0,1
2025,7,13189,3.9,1
2025,7,15349,3.9,1
2025,7,15708,3.9,1
2025,7,13354,3.8,1
2025,7,17109,3.8,1
2025,7,10313,3.8,1
2025,7,14985,3.7,1
2025,7,13133,3.7,1
2025,7,17106,3.7,1
2025,7,16150,3.6,1
2025,7,16624,3.6,1
2025,7,15626,3.6,1
2025,7,15991,3.6,1
2025,7,17053,3.5,1
2025,7,13750,3.5,1
2025,7,17126,3.5,1
2025,7,13268,3.5,1
2025,7,14207,3.5,1
2025,7,17160,3.5,1
2025,7,16165,3.5,1
2025,7,16730,3.5,1
2025,7,10267,3.5,1
2025,7,15921,3.5,1
2025,7,14200,3.5,1
2025,7,16679,3.5,1
2025,7,13813,3.5,1
2025,7,15681,3.5,1
2025,7,14256,3.4,1
2025,7,17220,3.4,1
2025,7,16752,3.4,1
2025,7,12956,3.4,1
2025,7,15981,3.4,1
2025,7,17042,3.3,1
2025,7,9596,3.3,1
2025,7,16724,3.2,1
2025,7,15716,3.2,1
2025,7,14138,3.1,1
2025,7,12187,3.1,1
2025,7,15668,3.1,1
2025,7,13138,3.1,1
2025,7,12691,3.0,1
2025,7,13226,3.0,1
2025,7,15446,3.0,1
2025,7,16496,3.0,1
2025,7,14452,3.0,1
2025,7,12270,3.0,1
2025,7,15836,3.0,1
2025,7,17113,3.0,1
2025,7,15445,3.0,1
2025,7,17137,3.0,1
2025,7,14489,3.0,1
2025,7,14210,3.0,1
2025,7,16255,3.0,1
2025,7,16018,3.0,1
2025,7,15362,3.0,1
2025,7,17330,3.0,1
2025,7,13707,3.0,1
2025,7,16139,3.0,1
2025,7,10814,3.0,1
2025,7,14672,3.0,1
2025,7,12699,3.0,1
2025,7,12361,3.0,1
2025,7,13317,3.0,1
2025,7,16224,3.0,1
2025,7,15861,3.0,1
2025,7,15853,3.0,1
2025,7,13669,3.0,1
2025,7,17123,3.0,1
2025,7,16770,3.0,1
2025,7,10292,3.0,1
2025,7,16741,3.0,1
2025,7,15766,3.0,1
2025,7,16252,3.0,1
2025,7,14934,3.0,1
2025,7,14169,3.0,1
2025,7,17130,3.0,1
2025,7,16266,3.0,1
2025,7,14902,3.0,1
2025,7,14434,3.0,1
2025,7,16291,3.0,1
2025,7,15933,3.0,1
2025,7,14225,3.0,1
2025,7,17386,3.0,1
2025,7,16710,3.0,1
2025,7,16405,2.9,1
2025,7,16342,2.9,1
2025,7,16629,2.9,1
2025,7,16636,2.9,1
2025,7,17069,2.8,1
2025,7,15335,2.7,1
2025,7,17070,2.7,1
2025,7,17081,2.6,1
2025,7,16593,2.6,1
2025,7,13214,2.6,1
2025,7,12437,2.5,1
2025,7,16669,2.5,1
2025,7,15931,2.5,1
2025,7,12238,2.5,1
2025,7,15448,2.5,1
2025,7,16236,2.5,1
2025,7,17196,2.5,1
2025,7,14896,2.5,1
2025,7,16324,2.5,1
2025,7,15585,2.5,1
2025,7,15738,2.5,1
2025,7,13260,2.5,1
2025,7,13199,2.5,1
2025,7,12645,2.5,1
2025,7,16232,2.5,1
2025,7,15908,2.5,1
2025,7,14217,2.5,1
2025,7,13365,2.5,1
2025,7,12758,2.5,1
2025,7,16474,2.5,1
2025,7,17369,2.5,1
2025,7,16553,2.5,1
2025,7,12754,2.5,1
2025,7,15527,2.5,1
2025,7,16760,2.4,1
2025,7,13377,2.4,1
2025,7,15369,2.4,1
2025,7,13418,2.3,1
2025,7,17073,2.3,1
2025,7,17277,2.3,1
2025,7,16958,2.3,1
2025,7,16619,2.3,1
2025,7,16175,2.2,1
2025,7,14860,2.2,1
2025,7,15109,2.2,1
2025,7,14328,2.2,1
2025,7,15712,2.2,1
2025,7,16419,2.2,1
2025,7,16616,2.2,1
2025,7,14867,2.2,1
2025,7,13674,2.1,1
2025,7,10945,2.1,1
2025,7,16887,2.1,1
2025,7,16485,2.0,1
2025,7,16214,2.0,1
2025,7,15345,2.0,1
2025,7,12234,2.0,1
2025,7,15356,2.0,1
2025,7,15375,2.0,1
2025,7,17319,2.0,1
2025,7,16054,2.0,1
2025,7,16045,2.0,1
2025,7,17356,2.0,1
2025,7,16019,2.0,1
2025,7,17351,2.0,1
2025,7,17115,2.0,1
2025,7,13267,2.0,1
2025,7,17149,2.0,1
2025,7,15353,2.0,1
2025,7,10514,2.0,1
2025,7,16727,2.0,1
2025,7,13785,2.0,1
2025,7,14379,2.0,1
2025,7,14918,2.0,1
2025,7,12802,2.0,1
2025,7,14956,2.0,1
2025,7,16290,2.0,1
2025,7,17145,2.0,1
2025,7,13325,2.0,1
2025,7,15808,2.0,1
2025,7,14978,2.0,1
2025,7,17155,2.0,1
2025,7,16702,2.0,1
2025,7,12923,2.0,1
2025,7,16295,2.0,1
2025,7,15888,2.0,1
2025,7,13227,2.0,1
2025,7,15377,2.0,1
2025,7,14997,2.0,1
2025,7,16029,2.0,1
2025,7,16954,2.0,1
2025,7,16216,1.9,1
2025,7,17052,1.9,1
2025,7,13330,1.8,1
2025,7,13710,1.8,1
2025,7,13888,1.8,1
2025,7,13632,1.7,1
2025,7,16957,1.6,1
2025,7,13431,1.6,1
2025,7,13987,1.5,1
2025,7,15831,1.5,1
2025,7,16328,1.5,1
2025,7,16647,1.5,1
2025,7,15355,1.5,1
2025,7,15456,1.5,1
2025,7,14899,1.5,1
2025,7,13745,1.5,1
2025,7,17379,1.5,1
2025,7,16486,1.5,1
2025,7,16258,1.5,1
2025,7,15165,1.5,1
2025,7,17383,1.5,1
2025,7,12698,1.5,1
2025,7,17191,1.5,1
2025,7,16571,1.5,1
2025,7,11970,1.5,1
2025,7,15946,1.5,1
2025,7,15903,1.5,1
2025,7,14921,1.5,1
2025,7,12764,1.5,1
2025,7,15081,1.5,1
2025,7,16164,1.5,1
2025,7,14302,1.5,1
2025,7,14675,1.5,1
2025,7,16949,1.5,1
2025,7,17270,1.5,1
2025,7,16870,1.5,1
2025,7,16775,1.5,1
2025,7,14237,1.5,1
2025,7,13777,1.5,1
2025,7,16080,1.5,1
2025,7,17097,1.5,1
2025,7,14948,1.5,1
2025,7,13844,1.4,1
2025,7,15751,1.4,1
2025,7,17047,1.4,1
2025,7,17068,1.4,1
2025,7,14280,1.3,1
2025,7,13791,1.3,1
2025,7,16618,1.2,1
2025,7,16333,1.1,1
2025,7,16626,1.1,1
2025,7,13980,1.1,1
2025,7,16305,1.0,1
2025,7,14235,1.0,1
2025,7,16761,1.0,1
2025,7,16262,1.0,1
2025,7,17000,1.0,1
2025,7,15422,1.0,1
2025,7,15874,1.0,1
2025,7,16728,1.0,1
2025,7,17243,1.0,1
2025,7,17402,1.0,1
2025,7,14254,1.0,1
2025,7,15916,1.0,1
2025,7,13687,1.0,1
2025,7,11938,1.0,1
2025,7,15303,1.0,1
2025,7,16688,1.0,1
2025,7,16428,1.0,1
2025,7,14283,1.0,1
2025,7,12988,1.0,1
2025,7,17371,1.0,1
2025,7,13294,1.0,1
2025,7,15814,1.0,1
2025,7,15878,1.0,1
2025,7,15815,1.0,1
2025,7,13281,1.0,1
2025,7,16684,1.0,1
2025,7,15387,1.0,1
2025,7,15622,1.0,1
2025,7,16309,1.0,1
2025,7,16820,1.0,1
2025,7,13963,1.0,1
2025,7,15867,1.0,1
2025,7,17350,1.0,1
2025,7,12481,1.0,1
2025,7,17340,1.0,1
2025,7,17181,1.0,1
2025,7,16246,1.0,1
2025,7,15935,1.0,1
2025,7,16325,1.0,1
2025,7,16737,1.0,1
2025,7,17234,1.0,1
2025,7,16850,1.0,1
2025,7,16009,1.0,1
2025,7,13119,1.0,1
2025,7,13216,1.0,1
2025,7,15396,1.0,1
2025,7,14944,1.0,1
2025,7,17178,1.0,1
2025,7,16722,1.0,1
2025,7,15491,1.0,1
2025,7,14414,1.0,1
2025,7,15538,1.0,1
2025,7,15386,1.0,1
2025,7,15926,1.0,1
2025,7,16237,1.0,1
2025,7,15943,1.0,1
2025,7,13709,1.0,1
2025,7,16492,1.0,1
2025,7,13953,1.0,1
2025,7,16922,1.0,1
2025,7,14319,1.0,1
2025,7,16012,1.0,1
2025,7,16655,1.0,1
2025,7,16878,1.0,1
2025,7,15498,1.0,1
2025,7,15255,1.0,1
2025,7,13245,1.0,1
2025,7,12978,1.0,1
2025,7,15713,1.0,1
2025,7,16707,1.0,1
2025,7,14875,1.0,1
2025,7,17146,1.0,1
2025,7,17400,1.0,1
2025,7,15424,1.0,1
2025,7,16280,1.0,1
2025,7,13231,1.0,1
2025,7,16171,0.9,1
2025,7,16601,0.9,1
2025,7,14833,0.9,1
2025,7,16219,0.8,1
2025,7,15721,0.8,1
2025,7,13066,0.7,1
2025,7,15925,0.7,1
2025,7,13713,0.7,1
2025,7,16391,0.6,1
2025,7,14244,0.6,1
2025,7,11367,0.6,1
2025,7,17078,0.6,1
2025,7,14083,0.5,1
2025,7,17172,0.5,1
2025,7,15393,0.5,1
2025,7,17354,0.5,1
2025,7,15956,0.5,1
2025,7,17247,0.5,1
2025,7,14146,0.5,1
2025,7,14467,0.5,1
2025,7,17159,0.5,1
2025,7,16375,0.5,1
2025,7,15406,0.5,1
2025,7,17207,0.5,1
2025,7,15535,0.5,1
2025,7,16311,0.5,1
2025,7,16778,0.5,1
2025,7,12745,0.5,1
2025,7,15965,0.5,1
2025,7,17401,0.5,1
2025,7,16212,0.5,1
2025,7,17108,0.4,1
2025,7,16010,0.4,1
2025,7,17164,0.4,1
2025,7,17061,0.3,1
2025,7,13132,0.3,1
2025,7,17104,0.3,1
2025,7,12678,0.3,1
2025,7,16940,0.3,1
2025,7,11150,0.2,1
2025,7,16166,0.2,1
2025,7,15788,0.2,1
2025,7,16732,0.1,1
2025,7,11674,0.1,1
2025,7,16393,0.1,1
2025,7,17385,0.1,1
2025,7,16608,0.0,1
2025,7,17001,0.0,1
2025,7,17265,0.0,1
2025,7,16461,0.0,1
2025,7,12271,0.0,1
2025,7,14442,0.0,1
2025,7,16796,0.0,1
2025,7,17378,0.0,1
2025,7,14847,0.0,1
2025,7,17096,0.0,1
2025,7,16215,0.0,1
2025,7,16304,0.0,1
2025,7,17060,0.0,1
2025,7,17043,0.0,1
2025,7,14420,0.0,1
2025,7,17362,0.0,1
2025,7,15830,0.0,1
2025,7,13718,0.0,1
2025,7,17392,0.0,1
2025,7,15755,0.0,1
2025,7,13893,0.0,1
2025,7,17367,0.0,1
2025,7,17177,0.0,1
2025,7,14270,0.0,1
2025,7,17152,0.0,1
2025,7,13678,0.0,1
2025,7,17397,0.0,1
2025,7,16890,0.0,1
2025,7,17086,0.0,1
2025,7,14555,0.0,1
2025,7,17229,0.0,1
2025,7,15614,0.0,1
2025,7,14110,0.0,1
2025,7,15419,0.0,1
2025,7,16925,0.0,1
2025,7,17285,0.0,1
2025,7,16210,0.0,1
2025,7,13427,0.0,1
2025,7,16023,0.0,1
2025,7,16014,0.0,1
2025,7,17358,0.0,1
2025,7,14548,0.0,1
2025,7,14495,0.0,1
2025,7,17221,0.0,1
2025,7,16757,0.0,1
2025,7,16321,0.0,1
2025,7,17161,0.0,1
2025,7,16271,0.0,1
2025,7,13479,0.0,1
2025,7,13315,0.0,1
2025,7,15823,0.0,1
2025,7,16933,0.0,1
2025,7,13622,0.0,1
2025,7,12608,0.0,1
2025,7,16869,0.0,1
2025,7,16326,0.0,1
2025,7,16666,0.0,1
2025,7,17269,0.0,1
2025,7,17129,0.0,1
2025,7,14239,0.0,1
2025,7,13675,0.0,1
2025,7,17209,0.0,1
2025,7,15359,0.0,1
2025,7,16457,0.0,1
2025,7,16352,0.0,1
2025,7,14652,0.0,1
2025,7,13797,0.0,1
2025,7,15124,0.0,1
2025,7,16900,0.0,1
2025,7,15941,0.0,1
2025,7,16218,0.0,1
2025,7,15348,0.0,1
2025,7,15094,0.0,1
2025,7,16664,0.0,1
2025,7,14926,0.0,1
2025,7,15284,0.0,1
2025,7,15379,0.0,1
2025,7,16788,0.0,1
2025,7,15676,0.0,1
2025,7,16036,0.0,1
2025,7,17257,0.0,1
2025,7,13201,0.0,1
2025,7,13759,0.0,1
2025,7,13676,0.0,1
2025,7,15449,0.0,1
2025,7,13811,0.0,1
2025,7,16720,0.0,1
2025,7,17173,0.0,1
2025,7,15975,0.0,1
2025,7,13778,0.0,1
2025,7,15423,0.0,1
2025,7,16138,0.0,1
2025,7,15414,0.0,1
2025,7,16203,0.0,1
2025,7,15924,0.0,1
2025,7,13301,0.0,1
2025,7,15366,0.0,1
2025,7,16334,0.0,1
2025,7,17357,0.0,1
2025,7,15806,0.0,1
2025,7,17076,0.0,1
2025,7,16356,0.0,1
2025,7,16026,0.0,1
2025,7,16911,0.0,1
2025,7,16318,0.0,1
2025,7,15860,0.0,1
2025,7,16979,0.0,1
2025,7,17203,0.0,1
2025,7,14108,0.0,1
2025,7,15885,0.0,1
2025,7,15301,0.0,1
2025,7,17114,0.0,1
2025,7,14228,0.0,1
2025,7,15385,0.0,1
2025,7,15891,0.0,1
2025,7,15998,0.0,1
2025,7,14919,0.0,1
2025,7,16557,0.0,1
2025,7,16335,0.0,1
2025,7,16446,0.0,1
2025,7,17255,0.0,1
2025,7,17244,0.0,1
2025,7,14012,0.0,1
2025,7,16403,0.0,1
2025,7,14310,0.0,1
2025,7,12955,0.0,1
2025,7,16610,0.0,1
2025,7,16831,0.0,1
2025,7,15942,0.0,1
2025,7,17388,0.0,1
2025,7,12739,0.0,1
2025,7,16371,0.0,1
2025,7,16221,0.0,1
2025,7,16658,0.0,1
2025,7,16383,0.0,1
2025,7,17182,0.0,1
2025,7,16735,0.0,1
2025,7,16962,0.0,1
2025,7,16299,0.0,1
2025,7,16072,0.0,1
2025,7,15785,0.0,1
2025,7,16370,0.0,1
2025,7,16336,0.0,1
2025,7,14670,0.0,1
2025,7,17056,0.0,1
2025,7,13988,0.0,1
2025,7,12976,0.0,1
2025,7,15880,0.0,1
2025,7,16793,0.0,1
2025,7,15857,0.0,1
2025,7,15357,0.0,1
2025,7,17176,0.0,1
2025,7,14876,0.0,1
2025,7,16630,0.0,1
2025,7,14870,0.0,1
2025,7,13308,0.0,1
2025,7,16839,0.0,1
2025,7,17015,0.0,1
2025,7,14962,0.0,1
2025,7,17396,0.0,1
2025,7,17360,0.0,1
2025,7,16260,0.0,1
2025,7,17361,0.0,1
2025,7,15726,0.0,1
2025,7,16816,0.0,1
2025,7,15898,0.0,1
2025,7,15720,0.0,1
2025,7,16644,0.0,1
2025,7,17223,0.0,1
2025,7,16416,0.0,1
2025,7,16663,0.0,1
2025,7,17140,0.0,1
2025,7,15244,0.0,1
2025,7,17214,0.0,1
2025,7,17058,0.0,1
2025,7,17151,0.0,1
2025,7,16767,0.0,1
2025,7,16273,0.0,1
2025,7,14727,0.0,1
2025,7,15905,0.0,1
2025,7,16976,0.0,1
2025,7,17156,0.0,1
2025,7,17202,0.0,1
2025,7,16302,0.0,1
2025,7,16113,0.0,1
2025,7,16533,0.0,1
2025,7,13933,0.0,1
2025,7,15684,0.0,1
2025,7,16387,0.0,1
2025,7,15826,0.0,1
2025,7,16815,0.0,1
2025,7,16634,0.0,1
2025,7,16439,0.0,1
2025,7,12447,-0.1,1
2025,7,13604,-0.1,1
2025,7,14071,-0.2,1
2025,7,13168,-0.2,1
2025,7,15911,-0.3,1
2025,7,17046,-0.3,1
2025,7,13246,-0.3,1
2025,7,11840,-0.4,1
2025,7,16316,-0.4,1
2025,7,16828,-0.5,1
2025,7,15344,-0.5,1
2025,7,15363,-0.5,1
2025,7,15650,-0.5,1
2025,7,16432,-0.5,1
2025,7,17303,-0.5,1
2025,7,16195,-0.5,1
2025,7,15796,-0.5,1
2025,7,15332,-0.5,1
2025,7,14331,-0.5,1
2025,7,13148,-0.5,1
2025,7,17128,-0.6,1
2025,7,14080,-0.6,1
2025,7,16613,-0.7,1
2025,7,14592,-0.7,1
2025,7,16633,-0.7,1
2025,7,11640,-0.7,1
2025,7,14209,-0.7,1
2025,7,16723,-0.7,1
2025,7,17059,-0.9,1
2025,7,13424,-0.9,1
2025,7,13763,-1.0,1
2025,7,17349,-1.0,1
2025,7,16880,-1.0,1
2025,7,17157,-1.0,1
2025,7,14984,-1.0,1
2025,7,16183,-1.0,1
2025,7,12263,-1.0,1
2025,7,16413,-1.0,1
2025,7,12785,-1.0,1
2025,7,16643,-1.0,1
2025,7,15800,-1.0,1
2025,7,16247,-1.0,1
2025,7,16883,-1.0,1
2025,7,16714,-1.0,1
2025,7,15889,-1.0,1
2025,7,16858,-1.0,1
2025,7,15541,-1.0,1
2025,7,16919,-1.0,1
2025,7,17134,-1.0,1
2025,7,16579,-1.1,1
2025,7,17256,-1.1,1
2025,7,17352,-1.1,1
2025,7,13940,-1.2,1
2025,7,14105,-1.2,1
2025,7,16425,-1.3,1
2025,7,17337,-1.3,1
2025,7,16201,-1.4,1
2025,7,14942,-1.5,1
2025,7,16750,-1.5,1
2025,7,17343,-1.5,1
2025,7,13694,-1.5,1
2025,7,15290,-1.6,1
2025,7,16898,-1.6,1
2025,7,13610,-1.8,1
2025,7,12141,-1.9,1
2025,7,13299,-2.0,1
2025,7,16753,-2.0,1
2025,7,17199,-2.0,1
2025,7,16809,-2.0,1
2025,7,14118,-2.0,1
2025,7,16344,-2.0,1
2025,7,16463,-2.0,1
2025,7,17127,-2.0,1
2025,7,16261,-2.0,1
2025,7,16635,-2.0,1
2025,7,14067,-2.1,1
2025,7,11760,-2.1,1
2025,7,17082,-2.3,1
2025,7,16330,-2.5,1
2025,7,16217,-2.5,1
2025,7,17175,-2.5,1
2025,7,13638,-2.7,1
2025,7,12219,-3.0,1
2025,7,16082,-3.0,1
2025,7,13224,-3.0,1
2025,7,17083,-3.0,1
2025,7,17087,-3.0,1
2025,7,15238,-3.1,1
2025,7,16848,-3.4,1
2025,7,12658,-3.5,1
2025,7,15756,-3.6,1
2025,7,17098,-4.0,1
2025,7,11671,-4.0,1
2025,7,13590,-4.5,1
2025,7,13164,-4.6,1
2025,7,13303,-4.8,1
2025,7,15334,-4.8,1
2025,7,16586,-4.8,1
2025,7,16444,-5.4,1
2025,7,16680,-5.7,1
2025,7,15692,-6.3,1
2025,7,17034,-7.0,1
2025,7,16279,-9.8,1
2025,7,10413,-13.5,1
2025,7,14778,-38.2,1
2025,8,14782,71.8,1
2025,8,16150,50.1,1
2025,8,14059,48.8,1
2025,8,15715,46.7,1
2025,8,15238,45.5,1
2025,8,14802,43.8,1
2025,8,14779,43.8,1
2025,8,14778,43.4,1
2025,8,16582,42.7,1
2025,8,9064,39.2,1
2025,8,14783,38.1,1
2025,8,13198,37.1,1
2025,8,16580,37.0,1
2025,8,14789,36.7,1
2025,8,13604,35.8,1
2025,8,13116,34.8,1
2025,8,15708,33.7,1
2025,8,14154,33.7,1
2025,8,16222,33.6,1
2025,8,11936,32.3,1
2025,8,13589,30.5,1
2025,8,17032,27.5,1
2025,8,13987,27.5,1
2025,8,7836,26.4,1
2025,8,14717,26.0,1
2025,8,16181,24.5,1
2025,8,14877,24.5,1
2025,8,16579,24.2,1
2025,8,16619,23.3,1
2025,8,14879,22.9,1
2025,8,15284,22.3,1
2025,8,13133,22.0,1
2025,8,16279,22.0,1
2025,8,11244,21.8,1
2025,8,16265,21.0,1
2025,8,16757,20.9,1
2025,8,15241,20.6,1
2025,8,14842,20.5,1
2025,8,14909,20.0,1
2025,8,16616,19.8,1
2025,8,16752,19.8,1
2025,8,17068,19.7,1
2025,8,16673,19.4,1
2025,8,17263,19.1,1
2025,8,15761,19.1,1
2025,8,14978,19.0,1
2025,8,16672,19.0,1
2025,8,14882,18.9,1
2025,8,16164,18.8,1
2025,8,14800,18.2,1
2025,8,10775,17.7,1
2025,8,16627,17.6,1
2025,8,16923,17.4,1
2025,8,16629,17.3,1
2025,8,16194,17.0,1
2025,8,16731,17.0,1
2025,8,17071,16.8,1
2025,8,15076,16.5,1
2025,8,15789,16.5,1
2025,8,14303,16.5,1
2025,8,16193,16.5,1
2025,8,14182,16.5,1
2025,8,15346,16.5,1
2025,8,17171,16.3,1
2025,8,13289,16.3,1
2025,8,17053,16.2,1
2025,8,15868,16.0,1
2025,8,14892,16.0,1
2025,8,16165,15.9,1
2025,8,16201,15.8,1
2025,8,13208,15.6,1
2025,8,16663,15.5,1
2025,8,17099,15.4,1
2025,8,15864,15.3,1
2025,8,17059,15.2,1
2025,8,14893,15.2,1
2025,8,10700,15.0,1
2025,8,16736,15.0,1
2025,8,17030,14.9,1
2025,8,14864,14.8,1
2025,8,16692,14.7,1
2025,8,16585,14.6,1
2025,8,14954,14.5,1
2025,8,15895,14.0,1
2025,8,15386,14.0,1
2025,8,14452,14.0,1
2025,8,13298,14.0,1
2025,8,13138,13.9,1
2025,8,17239,13.8,1
2025,8,14109,13.8,1
2025,8,14158,13.8,1
2025,8,14797,13.7,1
2025,8,12626,13.7,1
2025,8,10266,13.5,1
2025,8,15788,13.4,1
2025,8,14149,13.4,1
2025,8,11721,13.3,1
2025,8,15282,13.3,1
2025,8,13674,13.1,1
2025,8,17147,13.1,1
2025,8,14148,13.1,1
2025,8,14221,13.0,1
2025,8,16439,13.0,1
2025,8,10816,13.0,1
2025,8,16251,13.0,1
2025,8,14219,13.0,1
2025,8,15445,12.9,1
2025,8,17103,12.8,1
2025,8,15762,12.6,1
2025,8,14412,12.5,1
2025,8,16786,12.5,1
2025,8,14995,12.3,1
2025,8,17163,12.1,1
2025,8,16670,12.0,1
2025,8,16708,12.0,1
2025,8,15859,12.0,1
2025,8,17128,12.0,1
2025,8,17125,12.0,1
2025,8,15256,11.8,1
2025,8,14835,11.8,1
2025,8,16187,11.8,1
2025,8,14171,11.7,1
2025,8,16167,11.7,1
2025,8,13143,11.6,1
2025,8,10768,11.5,1
2025,8,17082,11.5,1
2025,8,14170,11.5,1
2025,8,17080,11.1,1
2025,8,16712,11.1,1
2025,8,15484,11.0,1
2025,8,15755,11.0,1
2025,8,16266,10.9,1
2025,8,13630,10.9,1
2025,8,15768,10.8,1
2025,8,13802,10.8,1
2025,8,16190,10.7,1
2025,8,13635,10.7,1
2025,8,13299,10.6,1
2025,8,14434,10.5,1
2025,8,16725,10.5,1
2025,8,16696,10.5,1
2025,8,15565,10.5,1
2025,8,12688,10.5,1
2025,8,14251,10.5,1
2025,8,16657,10.5,1
2025,8,15808,10.1,1
2025,8,17174,10.1,1
2025,8,10814,10.1,1
2025,8,13742,10.0,1
2025,8,16295,10.0,1
2025,8,16314,10.0,1
2025,8,13447,10.0,1
2025,8,16679,10.0,1
2025,8,15920,10.0,1
2025,8,16245,10.0,1
2025,8,17143,10.0,1
2025,8,12361,10.0,1
2025,8,13224,10.0,1
2025,8,16630,9.7,1
2025,8,14832,9.7,1
2025,8,13744,9.6,1
2025,8,14910,9.5,1
2025,8,13696,9.5,1
2025,8,16223,9.5,1
2025,8,13192,9.4,1
2025,8,17119,9.4,1
2025,8,14472,9.4,1
2025,8,16704,9.3,1
2025,8,16684,9.2,1
2025,8,16369,9.2,1
2025,8,16012,9.1,1
2025,8,16233,9.1,1
2025,8,17102,9.1,1
2025,8,13201,9.1,1
2025,8,14901,9.1,1
2025,8,14252,9.0,1
2025,8,15904,9.0,1
2025,8,11872,9.0,1
2025,8,16026,9.0,1
2025,8,15806,9.0,1
2025,8,16346,9.0,1
2025,8,15401,9.0,1
2025,8,16288,9.0,1
2025,8,16735,9.0,1
2025,8,17185,9.0,1
2025,8,15362,9.0,1
2025,8,16263,9.0,1
2025,8,16799,9.0,1
2025,8,16729,9.0,1
2025,8,17113,9.0,1
2025,8,16733,9.0,1
2025,8,15846,9.0,1
2025,8,15913,8.9,1
2025,8,16342,8.9,1
2025,8,14836,8.8,1
2025,8,14823,8.8,1
2025,8,15779,8.8,1
2025,8,14164,8.7,1
2025,8,15889,8.6,1
2025,8,16294,8.5,1
2025,8,13317,8.5,1
2025,8,12782,8.5,1
2025,8,16072,8.5,1
2025,8,10783,8.5,1
2025,8,15446,8.5,1
2025,8,17124,8.5,1
2025,8,14153,8.4,1
2025,8,8930,8.4,1
2025,8,17220,8.3,1
2025,8,9694,8.2,1
2025,8,14137,8.2,1
2025,8,13770,8.1,1
2025,8,15813,8.0,1
2025,8,14161,8.0,1
2025,8,16702,8.0,1
2025,8,15003,8.0,1
2025,8,16675,8.0,1
2025,8,9596,8.0,1
2025,8,16927,8.0,1
2025,8,14982,8.0,1
2025,8,16303,8.0,1
2025,8,15418,8.0,1
2025,8,14197,8.0,1
2025,8,17169,8.0,1
2025,8,12697,7.9,1
2025,8,15817,7.9,1
2025,8,11222,7.8,1
2025,8,15329,7.8,1
2025,8,15293,7.7,1
2025,8,16186,7.7,1
2025,8,16252,7.7,1
2025,8,15281,7.7,1
2025,8,15378,7.7,1
2025,8,15742,7.6,1
2025,8,16178,7.6,1
2025,8,17105,7.6,1
2025,8,17045,7.5,1
2025,8,14217,7.5,1
2025,8,14210,7.5,1
2025,8,8851,7.5,1
2025,8,14102,7.5,1
2025,8,16677,7.5,1
2025,8,15850,7.5,1
2025,8,13717,7.4,1
2025,8,12860,7.4,1
2025,8,15849,7.3,1
2025,8,13418,7.3,1
2025,8,13189,7.2,1
2025,8,15979,7.2,1
2025,8,13130,7.1,1
2025,8,14861,7.1,1
2025,8,12677,7.1,1
2025,8,15749,7.1,1
2025,8,16620,7.1,1
2025,8,15413,7.0,1
2025,8,16716,7.0,1
2025,8,17222,7.0,1
2025,8,16322,7.0,1
2025,8,17115,7.0,1
2025,8,16356,7.0,1
2025,8,17203,7.0,1
2025,8,16741,7.0,1
2025,8,15931,7.0,1
2025,8,12305,7.0,1
2025,8,15622,7.0,1
2025,8,17129,7.0,1
2025,8,16240,7.0,1
2025,8,15081,7.0,1
2025,8,17112,7.0,1
2025,8,17043,7.0,1
2025,8,14218,7.0,1
2025,8,17286,7.0,1
2025,8,15834,7.0,1
2025,8,16145,7.0,1
2025,8,15721,6.7,1
2025,8,16693,6.7,1
2025,8,14894,6.7,1
2025,8,11383,6.7,1
2025,8,17079,6.6,1
2025,8,16010,6.6,1
2025,8,13638,6.6,1
2025,8,13332,6.5,1
2025,8,16281,6.5,1
2025,8,14302,6.5,1
2025,8,15795,6.5,1
2025,8,15428,6.5,1
2025,8,16667,6.5,1
2025,8,14908,6.5,1
2025,8,17186,6.5,1
2025,8,13434,6.5,1
2025,8,14899,6.5,1
2025,8,15350,6.5,1
2025,8,16291,6.4,1
2025,8,12229,6.4,1
2025,8,17083,6.3,1
2025,8,17106,6.3,1
2025,8,17120,6.3,1
2025,8,16636,6.2,1
2025,8,16444,6.2,1
2025,8,16809,6.2,1
2025,8,16284,6.0,1
2025,8,17130,6.0,1
2025,8,15832,6.0,1
2025,8,15809,6.0,1
2025,8,15877,6.0,1
2025,8,14979,6.0,1
2025,8,16077,6.0,1
2025,8,14940,6.0,1
2025,8,15380,6.0,1
2025,8,13223,6.0,1
2025,8,16703,6.0,1
2025,8,13214,6.0,1
2025,8,14200,6.0,1
2025,8,13132,6.0,1
2025,8,14925,6.0,1
2025,8,11723,6.0,1
2025,8,11348,6.0,1
2025,8,15802,6.0,1
2025,8,15392,6.0,1
2025,8,13693,6.0,1
2025,8,15950,6.0,1
2025,8,15492,6.0,1
2025,8,13839,6.0,1
2025,8,14159,6.0,1
2025,8,15856,6.0,1
2025,8,15851,6.0,1
2025,8,15393,6.0,1
2025,8,15875,6.0,1
2025,8,13755,6.0,1
2025,8,16887,5.9,1
2025,8,16432,5.9,1
2025,8,12686,5.9,1
2025,8,13156,5.8,1
2025,8,15261,5.8,1
2025,8,13731,5.8,1
2025,8,13980,5.7,1
2025,8,14227,5.7,1
2025,8,15757,5.6,1
2025,8,14085,5.6,1
2025,8,15391,5.5,1
2025,8,15891,5.5,1
2025,8,14590,5.5,1
2025,8,14073,5.5,1
2025,8,13265,5.5,1
2025,8,16236,5.5,1
2025,8,13697,5.5,1
2025,8,16036,5.4,1
2025,8,13470,5.4,1
2025,8,12956,5.3,1
2025,8,16413,5.3,1
2025,8,17096,5.3,1
2025,8,16405,5.3,1
2025,8,15369,5.2,1
2025,8,16624,5.2,1
2025,8,16747,5.1,1
2025,8,17072,5.1,1
2025,8,17104,5.1,1
2025,8,14489,5.1,1
2025,8,16273,5.0,1
2025,8,16878,5.0,1
2025,8,15388,5.0,1
2025,8,16264,5.0,1
2025,8,14997,5.0,1
2025,8,17202,5.0,1
2025,8,16268,5.0,1
2025,8,16221,5.0,1
2025,8,15349,5.0,1
2025,8,15814,5.0,1
2025,8,12238,5.0,1
2025,8,16691,5.0,1
2025,8,16617,5.0,1
2025,8,16018,5.0,1
2025,8,16139,5.0,1
2025,8,13707,5.0,1
2025,8,13738,5.0,1
2025,8,16700,5.0,1
2025,8,14235,5.0,1
2025,8,16760,5.0,1
2025,8,14889,5.0,1
2025,8,15836,5.0,1
2025,8,17132,5.0,1
2025,8,15754,5.0,1
2025,8,12752,5.0,1
2025,8,16014,5.0,1
2025,8,15884,4.8,1
2025,8,15712,4.8,1
2025,8,15796,4.8,1
2025,8,12323,4.8,1
2025,8,17175,4.6,1
2025,8,14080,4.6,1
2025,8,16452,4.6,1
2025,8,15452,4.5,1
2025,8,15821,4.5,1
2025,8,15899,4.5,1
2025,8,15424,4.5,1
2025,8,16872,4.5,1
2025,8,12842,4.5,1
2025,8,15355,4.5,1
2025,8,16460,4.5,1
2025,8,15363,4.5,1
2025,8,15835,4.5,1
2025,8,13692,4.5,1
2025,8,16644,4.4,1
2025,8,12676,4.4,1
2025,8,15344,4.4,1
2025,8,16635,4.3,1
2025,8,11945,4.3,1
2025,8,13610,4.3,1
2025,8,14138,4.2,1
2025,8,15668,4.1,1
2025,8,17390,4.0,1
2025,8,13737,4.0,1
2025,8,12745,4.0,1
2025,8,13764,4.0,1
2025,8,14675,4.0,1
2025,8,15473,4.0,1
2025,8,12711,4.0,1
2025,8,15881,4.0,1
2025,8,17148,4.0,1
2025,8,14947,4.0,1
2025,8,16690,4.0,1
2025,8,16309,4.0,1
2025,8,14926,4.0,1
2025,8,16324,4.0,1
2025,8,15807,4.0,1
2025,8,15676,4.0,1
2025,8,15897,4.0,1
2025,8,15819,4.0,1
2025,8,16698,4.0,1
2025,8,16485,4.0,1
2025,8,17204,4.0,1
2025,8,14256,4.0,1
2025,8,16300,4.0,1
2025,8,15173,4.0,1
2025,8,13322,4.0,1
2025,8,15857,3.8,1
2025,8,17337,3.8,1
2025,8,14918,3.8,1
2025,8,14669,3.8,1
2025,8,15089,3.6,1
2025,8,17211,3.5,1
2025,8,13325,3.5,1
2025,8,16080,3.5,1
2025,8,12754,3.5,1
2025,8,17011,3.5,1
2025,8,14907,3.5,1
2025,8,16280,3.5,1
2025,8,14322,3.5,1
2025,8,16730,3.5,1
2025,8,13952,3.5,1
2025,8,17167,3.5,1
2025,8,14260,3.5,1
2025,8,17369,3.5,1
2025,8,12231,3.5,1
2025,8,16957,3.5,1
2025,8,14928,3.5,1
2025,8,16651,3.4,1
2025,8,13148,3.4,1
2025,8,13431,3.4,1
2025,8,17073,3.4,1
2025,8,13772,3.3,1
2025,8,16643,3.3,1
2025,8,13590,3.3,1
2025,8,15873,3.2,1
2025,8,11985,3.1,1
2025,8,15812,3.1,1
2025,8,12141,3.1,1
2025,8,15109,3.1,1
2025,8,14592,3.1,1
2025,8,16749,3.0,1
2025,8,17154,3.0,1
2025,8,16654,3.0,1
2025,8,17131,3.0,1
2025,8,15847,3.0,1
2025,8,16017,3.0,1
2025,8,13713,3.0,1
2025,8,14180,3.0,1
2025,8,16719,3.0,1
2025,8,15800,3.0,1
2025,8,15464,3.0,1
2025,8,11706,3.0,1
2025,8,15405,3.0,1
2025,8,13806,3.0,1
2025,8,15412,3.0,1
2025,8,12349,3.0,1
2025,8,15140,3.0,1
2025,8,16383,3.0,1
2025,8,12758,3.0,1
2025,8,16255,3.0,1
2025,8,17191,3.0,1
2025,8,14896,3.0,1
2025,8,17196,3.0,1
2025,8,16256,3.0,1
2025,8,15348,3.0,1
2025,8,11286,3.0,1
2025,8,12795,3.0,1
2025,8,17181,3.0,1
2025,8,17208,3.0,1
2025,8,16556,3.0,1
2025,8,15845,3.0,1
2025,8,15345,3.0,1
2025,8,13288,3.0,1
2025,8,13736,3.0,1
2025,8,17137,3.0,1
2025,8,16800,3.0,1
2025,8,17121,3.0,1
2025,8,15051,2.9,1
2025,8,11674,2.9,1
2025,8,16681,2.9,1
2025,8,12186,2.8,1
2025,8,11232,2.8,1
2025,8,16724,2.7,1
2025,8,16213,2.6,1
2025,8,16446,2.6,1
2025,8,15491,2.6,1
2025,8,17303,2.6,1
2025,8,12744,2.5,1
2025,8,14143,2.5,1
2025,8,17343,2.5,1
2025,8,12771,2.5,1
2025,8,16816,2.5,1
2025,8,17400,2.5,1
2025,8,16911,2.5,1
2025,8,16649,2.5,1
2025,8,14951,2.5,1
2025,8,15365,2.5,1
2025,8,12739,2.5,1
2025,8,12785,2.5,1
2025,8,15387,2.5,1
2025,8,14860,2.5,1
2025,8,15839,2.5,1
2025,8,17247,2.5,1
2025,8,13723,2.5,1
2025,8,12764,2.5,1
2025,8,15456,2.5,1
2025,8,16880,2.5,1
2025,8,16705,2.5,1
2025,8,17201,2.5,1
2025,8,13115,2.4,1
2025,8,15368,2.3,1
2025,8,17047,2.3,1
2025,8,17348,2.3,1
2025,8,15777,2.1,1
2025,8,15337,2.1,1
2025,8,13263,2.0,1
2025,8,13681,2.0,1
2025,8,14902,2.0,1
2025,8,16311,2.0,1
2025,8,17135,2.0,1
2025,8,12221,2.0,1
2025,8,15468,2.0,1
2025,8,16656,2.0,1
2025,8,16976,2.0,1
2025,8,14257,2.0,1
2025,8,17357,2.0,1
2025,8,17187,2.0,1
2025,8,15866,2.0,1
2025,8,15860,2.0,1
2025,8,17398,2.0,1
2025,8,15861,2.0,1
2025,8,12217,2.0,1
2025,8,16375,2.0,1
2025,8,15361,2.0,1
2025,8,16727,2.0,1
2025,8,16242,2.0,1
2025,8,13785,2.0,1
2025,8,11317,2.0,1
2025,8,15364,2.0,1
2025,8,13700,2.0,1
2025,8,17352,2.0,1
2025,8,17182,2.0,1
2025,8,13710,2.0,1
2025,8,15878,2.0,1
2025,8,16326,2.0,1
2025,8,16869,2.0,1
2025,8,17213,2.0,1
2025,8,14942,2.0,1
2025,8,13284,2.0,1
2025,8,15946,2.0,1
2025,8,16726,2.0,1
2025,8,14737,2.0,1
2025,8,16278,2.0,1
2025,8,15831,2.0,1
2025,8,16894,2.0,1
2025,8,14270,2.0,1
2025,8,16366,2.0,1
2025,8,16925,2.0,1
2025,8,16166,1.9,1
2025,8,14985,1.9,1
2025,8,14319,1.8,1
2025,8,15259,1.8,1
2025,8,16647,1.8,1
2025,8,17066,1.8,1
2025,8,17056,1.7,1
2025,8,15911,1.7,1
2025,8,16414,1.6,1
2025,8,16189,1.6,1
2025,8,10945,1.6,1
2025,8,15357,1.5,1
2025,8,16492,1.5,1
2025,8,15681,1.5,1
2025,8,16759,1.5,1
2025,8,12741,1.5,1
2025,8,16707,1.5,1
2025,8,15826,1.5,1
2025,8,17409,1.5,1
2025,8,17389,1.5,1
2025,8,17123,1.5,1
2025,8,16520,1.5,1
2025,8,14897,1.5,1
2025,8,17153,1.5,1
2025,8,15458,1.5,1
2025,8,15260,1.5,1
2025,8,12699,1.5,1
2025,8,12481,1.5,1
2025,8,12271,1.5,1
2025,8,17172,1.5,1
2025,8,15902,1.5,1
2025,8,13750,1.5,1
2025,8,15863,1.5,1
2025,8,16258,1.5,1
2025,8,15165,1.5,1
2025,8,15910,1.5,1
2025,8,13424,1.4,1
2025,8,13193,1.4,1
2025,8,16601,1.4,1
2025,8,16391,1.4,1
2025,8,13199,1.3,1
2025,8,13869,1.2,1
2025,8,16650,1.2,1
2025,8,13354,1.2,1
2025,8,16610,1.1,1
2025,8,12155,1.1,1
2025,8,17145,1.0,1
2025,8,13709,1.0,1
2025,8,15943,1.0,1
2025,8,14962,1.0,1
2025,8,17155,1.0,1
2025,8,13837,1.0,1
2025,8,12978,1.0,1
2025,8,15965,1.0,1
2025,8,17058,1.0,1
2025,8,16132,1.0,1
2025,8,17141,1.0,1
2025,8,14948,1.0,1
2025,8,15432,1.0,1
2025,8,16009,1.0,1
2025,8,16224,1.0,1
2025,8,17138,1.0,1
2025,8,17149,1.0,1
2025,8,10292,1.0,1
2025,8,14228,1.0,1
2025,8,17114,1.0,1
2025,8,15885,1.0,1
2025,8,17408,1.0,1
2025,8,15103,1.0,1
2025,8,16371,1.0,1
2025,8,14414,1.0,1
2025,8,15785,1.0,1
2025,8,13249,1.0,1
2025,8,13706,1.0,1
2025,8,15880,1.0,1
2025,8,16746,1.0,1
2025,8,14405,1.0,1
2025,8,16271,1.0,1
2025,8,17354,1.0,1
2025,8,16457,1.0,1
2025,8,17209,1.0,1
2025,8,15867,1.0,1
2025,8,13715,1.0,1
2025,8,16664,1.0,1
2025,8,17374,1.0,1
2025,8,15879,1.0,1
2025,8,15379,1.0,1
2025,8,15358,1.0,1
2025,8,16737,1.0,1
2025,8,14991,1.0,1
2025,8,16238,1.0,1
2025,8,14083,1.0,1
2025,8,14263,1.0,1
2025,8,14442,1.0,1
2025,8,16082,1.0,1
2025,8,17362,1.0,1
2025,8,13319,1.0,1
2025,8,16699,1.0,1
2025,8,15874,1.0,1
2025,8,17126,1.0,1
2025,8,16059,1.0,1
2025,8,14888,1.0,1
2025,8,16174,0.9,1
2025,8,14370,0.8,1
2025,8,15926,0.8,1
2025,8,14110,0.8,1
2025,8,15991,0.7,1
2025,8,17046,0.7,1
2025,8,13963,0.7,1
2025,8,15285,0.7,1
2025,8,15718,0.7,1
2025,8,17282,0.6,1
2025,8,17207,0.5,1
2025,8,17353,0.5,1
2025,8,17361,0.5,1
2025,8,17365,0.5,1
2025,8,14157,0.5,1
2025,8,17256,0.5,1
2025,8,10514,0.5,1
2025,8,16247,0.5,1
2025,8,15942,0.5,1
2025,8,16831,0.5,1
2025,8,15921,0.5,1
2025,8,16949,0.5,1
2025,8,17371,0.5,1
2025,8,17383,0.5,1
2025,8,14495,0.5,1
2025,8,14207,0.5,1
2025,8,15618,0.5,1
2025,8,17356,0.5,1
2025,8,15094,0.5,1
2025,8,15956,0.5,1
2025,8,15402,0.5,1
2025,8,16019,0.5,1
2025,8,17340,0.5,1
2025,8,15449,0.5,1
2025,8,16275,0.5,1
2025,8,15935,0.5,1
2025,8,14953,0.5,1
2025,8,16215,0.5,1
2025,8,16304,0.5,1
2025,8,17407,0.5,1
2025,8,15335,0.5,1
2025,8,15916,0.5,1
2025,8,17358,0.5,1
2025,8,16330,0.4,1
2025,8,15332,0.3,1
2025,8,15925,0.3,1
2025,8,14426,0.3,1
2025,8,13719,0.3,1
2025,8,11247,0.2,1
2025,8,17359,0.2,1
2025,8,15985,0.1,1
2025,8,17049,0.1,1
2025,8,16416,0.1,1
2025,8,12658,0.1,1
2025,8,17349,0.1,1
2025,8,15331,0.1,1
2025,8,13953,0.0,1
2025,8,15535,0.0,1
2025,8,17176,0.0,1
2025,8,15906,0.0,1
2025,8,13695,0.0,1
2025,8,14237,0.0,1
2025,8,16922,0.0,1
2025,8,17360,0.0,1
2025,8,17396,0.0,1
2025,8,13246,0.0,1
2025,8,14209,0.0,1
2025,8,16839,0.0,1
2025,8,13308,0.0,1
2025,8,17405,0.0,1
2025,8,16188,0.0,1
2025,8,15612,0.0,1
2025,8,16940,0.0,1
2025,8,16217,0.0,1
2025,8,16655,0.0,1
2025,8,13694,0.0,1
2025,8,16529,0.0,1
2025,8,15799,0.0,1
2025,8,14105,0.0,1
2025,8,17151,0.0,1
2025,8,17140,0.0,1
2025,8,17223,0.0,1
2025,8,17401,0.0,1
2025,8,15905,0.0,1
2025,8,15527,0.0,1
2025,8,15271,0.0,1
2025,8,17193,0.0,1
2025,8,17333,0.0,1
2025,8,17097,0.0,1
2025,8,16710,0.0,1
2025,8,14911,0.0,1
2025,8,16029,0.0,1
2025,8,16315,0.0,1
2025,8,13231,0.0,1
2025,8,12735,0.0,1
2025,8,17134,0.0,1
2025,8,16662,0.0,1
2025,8,14467,0.0,1
2025,8,17159,0.0,1
2025,8,15481,0.0,1
2025,8,16557,0.0,1
2025,8,16335,0.0,1
2025,8,15998,0.0,1
2025,8,15049,0.0,1
2025,8,15908,0.0,1
2025,8,16958,0.0,1
2025,8,12955,0.0,1
2025,8,14012,0.0,1
2025,8,16403,0.0,1
2025,8,10267,0.0,1
2025,8,16451,0.0,1
2025,8,16883,0.0,1
2025,8,17116,0.0,1
2025,8,13791,0.0,1
2025,8,16463,0.0,1
2025,8,17388,0.0,1
2025,8,16750,0.0,1
2025,8,14670,0.0,1
2025,8,15429,0.0,1
2025,8,14934,0.0,1
2025,8,16370,0.0,1
2025,8,16299,0.0,1
2025,8,14848,0.0,1
2025,8,15717,0.0,1
2025,8,16422,0.0,1
2025,8,17197,0.0,1
2025,8,16793,0.0,1
2025,8,15804,0.0,1
2025,8,12976,0.0,1
2025,8,14379,0.0,1
2025,8,15797,0.0,1
2025,8,13479,0.0,1
2025,8,16661,0.0,1
2025,8,12988,0.0,1
2025,8,12608,0.0,1
2025,8,16933,0.0,1
2025,8,16732,0.0,1
2025,8,13157,0.0,1
2025,8,15823,0.0,1
2025,8,17376,0.0,1
2025,8,15716,0.0,1
2025,8,15448,0.0,1
2025,8,17330,0.0,1
2025,8,15650,0.0,1
2025,8,13797,0.0,1
2025,8,15124,0.0,1
2025,8,16820,0.0,1
2025,8,14652,0.0,1
2025,8,15302,0.0,1
2025,8,16352,0.0,1
2025,8,11807,0.0,1
2025,8,17160,0.0,1
2025,8,15945,0.0,1
2025,8,13675,0.0,1
2025,8,14118,0.0,1
2025,8,17164,0.0,1
2025,8,16218,0.0,1
2025,8,16889,0.0,1
2025,8,11970,0.0,1
2025,8,17232,0.0,1
2025,8,16900,0.0,1
2025,8,16742,0.0,1
2025,8,13810,0.0,1
2025,8,16234,0.0,1
2025,8,12773,0.0,1
2025,8,15759,0.0,1
2025,8,15903,0.0,1
2025,8,13811,0.0,1
2025,8,13676,0.0,1
2025,8,17165,0.0,1
2025,8,14146,0.0,1
2025,8,15787,0.0,1
2025,8,16203,0.0,1
2025,8,11640,0.0,1
2025,8,13714,0.0,1
2025,8,16138,0.0,1
2025,8,17233,0.0,1
2025,8,16796,0.0,1
2025,8,17168,0.0,1
2025,8,12219,0.0,1
2025,8,15117,0.0,1
2025,8,16828,0.0,1
2025,8,12270,0.0,1
2025,8,16753,0.0,1
2025,8,16761,0.0,1
2025,8,14984,0.0,1
2025,8,15441,0.0,1
2025,8,17000,0.0,1
2025,8,16429,0.0,1
2025,8,17243,0.0,1
2025,8,13754,0.0,1
2025,8,15907,0.0,1
2025,8,13745,0.0,1
2025,8,17367,0.0,1
2025,8,13893,0.0,1
2025,8,17109,0.0,1
2025,8,13455,0.0,1
2025,8,12234,0.0,1
2025,8,16913,0.0,1
2025,8,16669,0.0,1
2025,8,14555,0.0,1
2025,8,16890,0.0,1
2025,8,11327,0.0,1
2025,8,17379,0.0,1
2025,8,13427,0.0,1
2025,8,15419,0.0,1
2025,8,17081,0.0,1
2025,8,12083,0.0,1
2025,8,16688,0.0,1
2025,8,16794,0.0,1
2025,8,16216,0.0,1
2025,8,16778,-0.1,1
2025,8,17192,-0.1,1
2025,8,13652,-0.1,1
2025,8,16639,-0.1,1
2025,8,14086,-0.1,1
2025,8,17234,-0.2,1
2025,8,17075,-0.2,1
2025,8,12620,-0.2,1
2025,8,15288,-0.2,1
2025,8,14122,-0.3,1
2025,8,15738,-0.4,1
2025,8,15239,-0.5,1
2025,8,13632,-0.5,1
2025,8,14420,-0.5,1
2025,8,17285,-0.5,1
2025,8,15614,-0.6,1
2025,8,15730,-0.6,1
2025,8,17070,-0.7,1
2025,8,11367,-0.7,1
2025,8,14063,-0.7,1
2025,8,15972,-0.8,1
2025,8,14095,-0.8,1
2025,8,14974,-0.8,1
2025,8,17221,-0.8,1
2025,8,13281,-0.8,1
2025,8,16290,-1.0,1
2025,8,16858,-1.0,1
2025,8,15541,-1.0,1
2025,8,15255,-1.0,1
2025,8,14875,-1.0,1
2025,8,15928,-1.0,1
2025,8,16907,-1.0,1
2025,8,15786,-1.0,1
2025,8,15381,-1.0,1
2025,8,15766,-1.0,1
2025,8,16474,-1.0,1
2025,8,14239,-1.0,1
2025,8,16626,-1.0,1
2025,8,14315,-1.1,1
2025,8,13671,-1.2,1
2025,8,17339,-1.3,1
2025,8,16161,-1.4,1
2025,8,17319,-1.4,1
2025,8,13622,-1.4,1
2025,8,17241,-1.5,1
2025,8,17184,-1.5,1
2025,8,17001,-1.5,1
2025,8,13303,-1.5,1
2025,8,14136,-1.6,1
2025,8,15713,-1.7,1
2025,8,17277,-1.8,1
2025,8,17257,-1.8,1
2025,8,15702,-1.9,1
2025,8,14870,-2.0,1
2025,8,12734,-2.0,1
2025,8,15148,-2.0,1
2025,8,16387,-2.0,1
2025,8,16754,-2.0,1
2025,8,17368,-2.0,1
2025,8,16054,-2.0,1
2025,8,14833,-2.0,1
2025,8,14254,-2.0,1
2025,8,11938,-2.0,1
2025,8,17037,-2.1,1
2025,8,14847,-2.1,1
2025,8,16603,-2.3,1
2025,8,17035,-2.3,1
2025,8,15798,-2.4,1
2025,8,16045,-2.5,1
2025,8,17051,-2.6,1
2025,8,15244,-2.8,1
2025,8,16784,-2.8,1
2025,8,17392,-2.9,1
2025,8,17076,-3.0,1
2025,8,16207,-3.0,1
2025,8,12610,-3.1,1
2025,8,17069,-3.7,1
2025,8,16788,-4.0,1
2025,8,16586,-4.7,1
2025,8,15981,-4.9,1
2025,8,14600,-5.4,1
2025,8,16419,-5.7,1
2025,8,14858,-6.3,1
2025,8,17039,-6.6,1
2025,8,10313,-7.8,1
2025,8,11947,-9.4,1
2025,9,16579,65.2,1
2025,9,13592,65.0,1
2025,9,9064,56.6,1
2025,9,13589,56.4,1
2025,9,9431,51.6,1
2025,9,13593,43.9,1
2025,9,11150,43.1,1
2025,9,17032,38.0,1
2025,9,16583,36.2,1
2025,9,12616,36.1,1
2025,9,15241,35.5,1
2025,9,14779,34.8,1
2025,9,16641,34.6,1
2025,9,14835,32.7,1
2025,9,12611,32.0,1
2025,9,17104,29.6,1
2025,9,15237,29.5,1
2025,9,13130,29.1,1
2025,9,17122,28.2,1
2025,9,15751,28.1,1
2025,9,15365,27.4,1
2025,9,17066,27.1,1
2025,9,16716,26.6,1
2025,9,16185,25.5,1
2025,9,14940,25.4,1
2025,9,16240,25.1,1
2025,9,13223,25.0,1
2025,9,14782,24.2,1
2025,9,13635,24.2,1
2025,9,14153,23.8,1
2025,9,16680,23.4,1
2025,9,16213,23.2,1
2025,9,16253,23.1,1
2025,9,16513,22.7,1
2025,9,14823,22.7,1
2025,9,16700,22.5,1
2025,9,14908,22.5,1
2025,9,16102,22.0,1
2025,9,14217,21.6,1
2025,9,16342,21.5,1
2025,9,12764,21.1,1
2025,9,17214,21.0,1
2025,9,16671,21.0,1
2025,9,16651,20.5,1
2025,9,15281,20.2,1
2025,9,16211,20.1,1
2025,9,7836,19.9,1
2025,9,16614,19.7,1
2025,9,16214,19.4,1
2025,9,15076,19.0,1
2025,9,15401,18.9,1
2025,9,15884,18.9,1
2025,9,15710,18.8,1
2025,9,13214,18.7,1
2025,9,16580,18.7,1
2025,9,14842,18.5,1
2025,9,14171,18.5,1
2025,9,16194,18.2,1
2025,9,13690,18.2,1
2025,9,14251,18.0,1
2025,9,15904,18.0,1
2025,9,11675,18.0,1
2025,9,12744,18.0,1
2025,9,17136,17.7,1
2025,9,12739,17.6,1
2025,9,15081,17.6,1
2025,9,14225,17.3,1
2025,9,17098,17.1,1
2025,9,16672,17.0,1
2025,9,16582,16.9,1
2025,9,11706,16.7,1
2025,9,13319,16.6,1
2025,9,13980,16.6,1
2025,9,13448,16.5,1
2025,9,17132,16.4,1
2025,9,12620,16.3,1
2025,9,13447,16.2,1
2025,9,15589,16.0,1
2025,9,15464,16.0,1
2025,9,13697,16.0,1
2025,9,17127,16.0,1
2025,9,17042,15.8,1
2025,9,12626,15.7,1
2025,9,14982,15.7,1
2025,9,14073,15.5,1
2025,9,15768,15.5,1
2025,9,12686,15.3,1
2025,9,12361,15.3,1
2025,9,16657,15.2,1
2025,9,14085,15.1,1
2025,9,15845,15.1,1
2025,9,15933,15.0,1
2025,9,16192,15.0,1
2025,9,16251,15.0,1
2025,9,15452,15.0,1
2025,9,11244,14.7,1
2025,9,9051,14.6,1
2025,9,13952,14.5,1
2025,9,16207,14.5,1
2025,9,16734,14.5,1
2025,9,16174,14.5,1
2025,9,16667,14.4,1
2025,9,12225,14.4,1
2025,9,14888,14.3,1
2025,9,17241,14.2,1
2025,9,16264,14.2,1
2025,9,15779,14.2,1
2025,9,13737,14.1,1
2025,9,15716,14.1,1
2025,9,13717,14.0,1
2025,9,16274,14.0,1
2025,9,17257,14.0,1
2025,9,16702,14.0,1
2025,9,17039,13.8,1
2025,9,14148,13.7,1
2025,9,16786,13.7,1
2025,9,15346,13.7,1
2025,9,15756,13.7,1
2025,9,16280,13.6,1
2025,9,16572,13.5,1
2025,9,13696,13.5,1
2025,9,15715,13.5,1
2025,9,14778,13.2,1
2025,9,13470,13.0,1
2025,9,15051,13.0,1
2025,9,16799,13.0,1
2025,9,10266,13.0,1
2025,9,13813,13.0,1
2025,9,15863,12.9,1
2025,9,15388,12.9,1
2025,9,13742,12.9,1
2025,9,16581,12.8,1
2025,9,17068,12.7,1
2025,9,14105,12.6,1
2025,9,14592,12.6,1
2025,9,14218,12.5,1
2025,9,14164,12.5,1
2025,9,15284,12.4,1
2025,9,15559,12.2,1
2025,9,13671,12.2,1
2025,9,13116,12.2,1
2025,9,15378,12.2,1
2025,9,17099,12.1,1
2025,9,16266,12.1,1
2025,9,16705,12.0,1
2025,9,15393,12.0,1
2025,9,16698,12.0,1
2025,9,15832,12.0,1
2025,9,15287,11.9,1
2025,9,16187,11.9,1
2025,9,13772,11.9,1
2025,9,16714,11.6,1
2025,9,15256,11.6,1
2025,9,16188,11.6,1
2025,9,16704,11.5,1
2025,9,15355,11.5,1
2025,9,16693,11.5,1
2025,9,14896,11.5,1
2025,9,16450,11.4,1
2025,9,13719,11.4,1
2025,9,16181,11.4,1
2025,9,16190,11.3,1
2025,9,15375,11.0,1
2025,9,14169,11.0,1
2025,9,15860,11.0,1
2025,9,16224,11.0,1
2025,9,15798,11.0,1
2025,9,14210,11.0,1
2025,9,10783,10.9,1
2025,9,16077,10.9,1
2025,9,16186,10.8,1
2025,9,13810,10.8,1
2025,9,15349,10.7,1
2025,9,16206,10.7,1
2025,9,15979,10.6,1
2025,9,17167,10.5,1
2025,9,13317,10.5,1
2025,9,14943,10.5,1
2025,9,17124,10.5,1
2025,9,17202,10.5,1
2025,9,16957,10.3,1
2025,9,13251,10.2,1
2025,9,14860,10.2,1
2025,9,16385,10.1,1
2025,9,12186,10.1,1
2025,9,16267,10.0,1
2025,9,17137,10.0,1
2025,9,16486,10.0,1
2025,9,15819,10.0,1
2025,9,15794,10.0,1
2025,9,14832,10.0,1
2025,9,15290,10.0,1
2025,9,12688,10.0,1
2025,9,17141,10.0,1
2025,9,16676,10.0,1
2025,9,13710,10.0,1
2025,9,15754,9.9,1
2025,9,16239,9.8,1
2025,9,17107,9.8,1
2025,9,16694,9.8,1
2025,9,16927,9.8,1
2025,9,15409,9.8,1
2025,9,16161,9.7,1
2025,9,11985,9.7,1
2025,9,16167,9.7,1
2025,9,14600,9.6,1
2025,9,16080,9.6,1
2025,9,15446,9.5,1
2025,9,15117,9.5,1
2025,9,17135,9.5,1
2025,9,13138,9.5,1
2025,9,15856,9.4,1
2025,9,17108,9.3,1
2025,9,17115,9.1,1
2025,9,16722,9.0,1
2025,9,16279,9.0,1
2025,9,16735,9.0,1
2025,9,14897,9.0,1
2025,9,14168,9.0,1
2025,9,12221,9.0,1
2025,9,14224,9.0,1
2025,9,16235,9.0,1
2025,9,13888,9.0,1
2025,9,12238,9.0,1
2025,9,14412,9.0,1
2025,9,15808,9.0,1
2025,9,16150,8.9,1
2025,9,16292,8.9,1
2025,9,14122,8.9,1
2025,9,14836,8.9,1
2025,9,15953,8.9,1
2025,9,14555,8.8,1
2025,9,15797,8.8,1
2025,9,14861,8.7,1
2025,9,17116,8.6,1
2025,9,15795,8.6,1
2025,9,14472,8.5,1
2025,9,14590,8.5,1
2025,9,15165,8.5,1
2025,9,16013,8.5,1
2025,9,16618,8.5,1
2025,9,14434,8.5,1
2025,9,16245,8.5,1
2025,9,10816,8.5,1
2025,9,16571,8.5,1
2025,9,17043,8.4,1
2025,9,16681,8.4,1
2025,9,12691,8.3,1
2025,9,12217,8.3,1
2025,9,12676,8.2,1
2025,9,16627,8.2,1
2025,9,15668,8.1,1
2025,9,14137,8.1,1
2025,9,15789,8.1,1
2025,9,14882,8.0,1
2025,9,15920,8.0,1
2025,9,14918,8.0,1
2025,9,15831,8.0,1
2025,9,15361,8.0,1
2025,9,17178,8.0,1
2025,9,16268,8.0,1
2025,9,12795,8.0,1
2025,9,16241,8.0,1
2025,9,17156,8.0,1
2025,9,14180,8.0,1
2025,9,13281,8.0,1
2025,9,16787,8.0,1
2025,9,17119,8.0,1
2025,9,16139,8.0,1
2025,9,16012,8.0,1
2025,9,15484,7.9,1
2025,9,15875,7.9,1
2025,9,15331,7.9,1
2025,9,16165,7.9,1
2025,9,14370,7.9,1
2025,9,15777,7.9,1
2025,9,15261,7.6,1
2025,9,16282,7.5,1
2025,9,13736,7.5,1
2025,9,14951,7.5,1
2025,9,13750,7.5,1
2025,9,16324,7.5,1
2025,9,16281,7.5,1
2025,9,14151,7.5,1
2025,9,16302,7.5,1
2025,9,13714,7.5,1
2025,9,15805,7.3,1
2025,9,14080,7.2,1
2025,9,17102,7.2,1
2025,9,15711,7.2,1
2025,9,14877,7.1,1
2025,9,11936,7.1,1
2025,9,12860,7.1,1
2025,9,13208,7.0,1
2025,9,17169,7.0,1
2025,9,15851,7.0,1
2025,9,12752,7.0,1
2025,9,10775,7.0,1
2025,9,16350,7.0,1
2025,9,14302,7.0,1
2025,9,17168,7.0,1
2025,9,16731,7.0,1
2025,9,15418,7.0,1
2025,9,15032,7.0,1
2025,9,15836,7.0,1
2025,9,17164,7.0,1
2025,9,17374,7.0,1
2025,9,15377,7.0,1
2025,9,14249,7.0,1
2025,9,15253,7.0,1
2025,9,15857,7.0,1
2025,9,17130,7.0,1
2025,9,16723,7.0,1
2025,9,16689,6.9,1
2025,9,16778,6.9,1
2025,9,14901,6.8,1
2025,9,13418,6.8,1
2025,9,15913,6.7,1
2025,9,17071,6.7,1
2025,9,16593,6.6,1
2025,9,14182,6.5,1
2025,9,13298,6.5,1
2025,9,13268,6.5,1
2025,9,17201,6.5,1
2025,9,15891,6.5,1
2025,9,12771,6.5,1
2025,9,16236,6.5,1
2025,9,17144,6.5,1
2025,9,15727,6.4,1
2025,9,17112,6.4,1
2025,9,16330,6.3,1
2025,9,16215,6.3,1
2025,9,15742,6.3,1
2025,9,16923,6.2,1
2025,9,11247,6.2,1
2025,9,13354,6.2,1
2025,9,17052,6.2,1
2025,9,16216,6.1,1
2025,9,16287,6.1,1
2025,9,16724,6.1,1
2025,9,16699,6.0,1
2025,9,15350,6.0,1
2025,9,16145,6.0,1
2025,9,15923,6.0,1
2025,9,16333,6.0,1
2025,9,17125,6.0,1
2025,9,17146,6.0,1
2025,9,14303,6.0,1
2025,9,15413,6.0,1
2025,9,14322,6.0,1
2025,9,16650,6.0,1
2025,9,17185,6.0,1
2025,9,16670,6.0,1
2025,9,15859,6.0,1
2025,9,17155,6.0,1
2025,9,16223,5.9,1
2025,9,16878,5.9,1
2025,9,14167,5.8,1
2025,9,15089,5.7,1
2025,9,16169,5.7,1
2025,9,15761,5.6,1
2025,9,15288,5.6,1
2025,9,15846,5.5,1
2025,9,16679,5.5,1
2025,9,14927,5.5,1
2025,9,16232,5.5,1
2025,9,12271,5.5,1
2025,9,15003,5.5,1
2025,9,12735,5.5,1
2025,9,15358,5.5,1
2025,9,13839,5.5,1
2025,9,15931,5.5,1
2025,9,16691,5.5,1
2025,9,16696,5.5,1
2025,9,17412,5.5,1
2025,9,16649,5.4,1
2025,9,14910,5.3,1
2025,9,14800,5.3,1
2025,9,14136,5.3,1
2025,9,11222,5.2,1
2025,9,16684,5.2,1
2025,9,13782,5.1,1
2025,9,12678,5.1,1
2025,9,13431,5.0,1
2025,9,12782,5.0,1
2025,9,16288,5.0,1
2025,9,15173,5.0,1
2025,9,12083,5.0,1
2025,9,13731,5.0,1
2025,9,16719,5.0,1
2025,9,14892,5.0,1
2025,9,15853,5.0,1
2025,9,15345,5.0,1
2025,9,15908,5.0,1
2025,9,17114,5.0,1
2025,9,16256,5.0,1
2025,9,16295,5.0,1
2025,9,13837,5.0,1
2025,9,14247,5.0,1
2025,9,12831,5.0,1
2025,9,16265,5.0,1
2025,9,13630,5.0,1
2025,9,15869,5.0,1
2025,9,16246,5.0,1
2025,9,17221,5.0,1
2025,9,16244,5.0,1
2025,9,14252,5.0,1
2025,9,11348,5.0,1
2025,9,12437,4.9,1
2025,9,14802,4.9,1
2025,9,17277,4.9,1
2025,9,13704,4.8,1
2025,9,15260,4.8,1
2025,9,15369,4.8,1
2025,9,16387,4.8,1
2025,9,14138,4.7,1
2025,9,15565,4.7,1
2025,9,17352,4.6,1
2025,9,15252,4.6,1
2025,9,12218,4.5,1
2025,9,16733,4.5,1
2025,9,17126,4.5,1
2025,9,12229,4.5,1
2025,9,16767,4.5,1
2025,9,15839,4.5,1
2025,9,11970,4.5,1
2025,9,17181,4.5,1
2025,9,13933,4.5,1
2025,9,13723,4.5,1
2025,9,15001,4.5,1
2025,9,14870,4.5,1
2025,9,15985,4.5,1
2025,9,16403,4.4,1
2025,9,13791,4.4,1
2025,9,16335,4.4,1
2025,9,14669,4.4,1
2025,9,13299,4.3,1
2025,9,17184,4.3,1
2025,9,15766,4.2,1
2025,9,17073,4.2,1
2025,9,16584,4.2,1
2025,9,15834,4.1,1
2025,9,12349,4.0,1
2025,9,12711,4.0,1
2025,9,13770,4.0,1
2025,9,14095,4.0,1
2025,9,16384,4.0,1
2025,9,15850,4.0,1
2025,9,15835,4.0,1
2025,9,13700,4.0,1
2025,9,16226,4.0,1
2025,9,13224,4.0,1
2025,9,13744,4.0,1
2025,9,15894,4.0,1
2025,9,14518,4.0,1
2025,9,17187,4.0,1
2025,9,16356,4.0,1
2025,9,17138,4.0,1
2025,9,13267,4.0,1
2025,9,15391,4.0,1
2025,9,15950,4.0,1
2025,9,16900,4.0,1
2025,9,15498,4.0,1
2025,9,15492,4.0,1
2025,9,13201,4.0,1
2025,9,12677,4.0,1
2025,9,15879,4.0,1
2025,9,14328,4.0,1
2025,9,12697,4.0,1
2025,9,16695,4.0,1
2025,9,11721,4.0,1
2025,9,13713,4.0,1
2025,9,13681,4.0,1
2025,9,14143,4.0,1
2025,9,16255,4.0,1
2025,9,17191,4.0,1
2025,9,16725,4.0,1
2025,9,11723,4.0,1
2025,9,15681,4.0,1
2025,9,15124,4.0,1
2025,9,16472,4.0,1
2025,9,14957,4.0,1
2025,9,11807,3.9,1
2025,9,16747,3.9,1
2025,9,17120,3.8,1
2025,9,15335,3.8,1
2025,9,17192,3.8,1
2025,9,15255,3.8,1
2025,9,16673,3.8,1
2025,9,15762,3.8,1
2025,9,15911,3.7,1
2025,9,14630,3.7,1
2025,9,17072,3.6,1
2025,9,11317,3.5,1
2025,9,16009,3.5,1
2025,9,13987,3.5,1
2025,9,13330,3.5,1
2025,9,15404,3.5,1
2025,9,16730,3.5,1
2025,9,16346,3.5,1
2025,9,14889,3.5,1
2025,9,14159,3.5,1
2025,9,16351,3.5,1
2025,9,13424,3.5,1
2025,9,17131,3.5,1
2025,9,16010,3.4,1
2025,9,16219,3.4,1
2025,9,14489,3.3,1
2025,9,16887,3.3,1
2025,9,12698,3.3,1
2025,9,15757,3.2,1
2025,9,16212,3.2,1
2025,9,16444,3.1,1
2025,9,15016,3.0,1
2025,9,15356,3.0,1
2025,9,15942,3.0,1
2025,9,14934,3.0,1
2025,9,15386,3.0,1
2025,9,12758,3.0,1
2025,9,14995,3.0,1
2025,9,16703,3.0,1
2025,9,16662,3.0,1
2025,9,14149,3.0,1
2025,9,14954,3.0,1
2025,9,16907,3.0,1
2025,9,12741,3.0,1
2025,9,15928,3.0,1
2025,9,16338,3.0,1
2025,9,13270,3.0,1
2025,9,11286,3.0,1
2025,9,17105,3.0,1
2025,9,16263,3.0,1
2025,9,17082,3.0,1
2025,9,14962,3.0,1
2025,9,17330,3.0,1
2025,9,16759,3.0,1
2025,9,15868,3.0,1
2025,9,12323,2.9,1
2025,9,11769,2.9,1
2025,9,16617,2.9,1
2025,9,15390,2.8,1
2025,9,12447,2.8,1
2025,9,15807,2.8,1
2025,9,15752,2.8,1
2025,9,14227,2.7,1
2025,9,15671,2.7,1
2025,9,17213,2.6,1
2025,9,13745,2.5,1
2025,9,15140,2.5,1
2025,9,16677,2.5,1
2025,9,16344,2.5,1
2025,9,16870,2.5,1
2025,9,14953,2.5,1
2025,9,16328,2.5,1
2025,9,16663,2.5,1
2025,9,12699,2.5,1
2025,9,16222,2.5,1
2025,9,15402,2.5,1
2025,9,16019,2.5,1
2025,9,14921,2.5,1
2025,9,13307,2.5,1
2025,9,17174,2.5,1
2025,9,14979,2.5,1
2025,9,17165,2.5,1
2025,9,17242,2.5,1
2025,9,14891,2.5,1
2025,9,16005,2.5,1
2025,9,17196,2.5,1
2025,9,16639,2.4,1
2025,9,15972,2.4,1
2025,9,16557,2.4,1
2025,9,15109,2.4,1
2025,9,17220,2.3,1
2025,9,16413,2.2,1
2025,9,15329,2.1,1
2025,9,17367,2.0,1
2025,9,13754,2.0,1
2025,9,15445,2.0,1
2025,9,17244,2.0,1
2025,9,14012,2.0,1
2025,9,15515,2.0,1
2025,9,16383,2.0,1
2025,9,13785,2.0,1
2025,9,16059,2.0,1
2025,9,15491,2.0,1
2025,9,16800,2.0,1
2025,9,17397,2.0,1
2025,9,13547,2.0,1
2025,9,15916,2.0,1
2025,9,13193,2.0,1
2025,9,14086,2.0,1
2025,9,14879,2.0,1
2025,9,14974,2.0,1
2025,9,16238,2.0,1
2025,9,16485,2.0,1
2025,9,15344,2.0,1
2025,9,14083,2.0,1
2025,9,14235,2.0,1
2025,9,16303,2.0,1
2025,9,16082,2.0,1
2025,9,17149,2.0,1
2025,9,15861,2.0,1
2025,9,17189,2.0,1
2025,9,16727,2.0,1
2025,9,13715,2.0,1
2025,9,15867,2.0,1
2025,9,15527,2.0,1
2025,9,15899,2.0,1
2025,9,16777,2.0,1
2025,9,17128,2.0,1
2025,9,13811,2.0,1
2025,9,14997,2.0,1
2025,9,16275,2.0,1
2025,9,16737,2.0,1
2025,9,13802,2.0,1
2025,9,14947,2.0,1
2025,9,15943,2.0,1
2025,9,16654,2.0,1
2025,9,14495,2.0,1
2025,9,16928,2.0,1
2025,9,15872,2.0,1
2025,9,17239,2.0,1
2025,9,15813,2.0,1
2025,9,14978,2.0,1
2025,9,17376,2.0,1
2025,9,16309,2.0,1
2025,9,11383,1.9,1
2025,9,11947,1.8,1
2025,9,16221,1.8,1
2025,9,13610,1.8,1
2025,9,16809,1.8,1
2025,9,17061,1.7,1
2025,9,17256,1.7,1
2025,9,11674,1.7,1
2025,9,16949,1.6,1
2025,9,9596,1.6,1
2025,9,16178,1.6,1
2025,9,17048,1.6,1
2025,9,16831,1.5,1
2025,9,16620,1.5,1
2025,9,14197,1.5,1
2025,9,15103,1.5,1
2025,9,13365,1.5,1
2025,9,12802,1.5,1
2025,9,16697,1.5,1
2025,9,14071,1.5,1
2025,9,17172,1.5,1
2025,9,16880,1.5,1
2025,9,16678,1.5,1
2025,9,15897,1.5,1
2025,9,15585,1.5,1
2025,9,15820,1.5,1
2025,9,15877,1.5,1
2025,9,17173,1.5,1
2025,9,15903,1.5,1
2025,9,13199,1.5,1
2025,9,13260,1.5,1
2025,9,17154,1.5,1
2025,9,17145,1.5,1
2025,9,16296,1.5,1
2025,9,13332,1.5,1
2025,9,15387,1.5,1
2025,9,16666,1.5,1
2025,9,15293,1.5,1
2025,9,16660,1.5,1
2025,9,14652,1.5,1
2025,9,16291,1.5,1
2025,9,13265,1.5,1
2025,9,15892,1.5,1
2025,9,16643,1.5,1
2025,9,16428,1.4,1
2025,9,13652,1.4,1
2025,9,11367,1.4,1
2025,9,13678,1.3,1
2025,9,13289,1.3,1
2025,9,14108,1.3,1
2025,9,14858,1.2,1
2025,9,16405,1.2,1
2025,9,17222,1.2,1
2025,9,15626,1.2,1
2025,9,15981,1.1,1
2025,9,14127,1.1,1
2025,9,15921,1.0,1
2025,9,16516,1.0,1
2025,9,16728,1.0,1
2025,9,15881,1.0,1
2025,9,16741,1.0,1
2025,9,16370,1.0,1
2025,9,15363,1.0,1
2025,9,13249,1.0,1
2025,9,15880,1.0,1
2025,9,16023,1.0,1
2025,9,17326,1.0,1
2025,9,15989,1.0,1
2025,9,16322,1.0,1
2025,9,17372,1.0,1
2025,9,13434,1.0,1
2025,9,17410,1.0,1
2025,9,16334,1.0,1
2025,9,16026,1.0,1
2025,9,16305,1.0,1
2025,9,16647,1.0,1
2025,9,17332,1.0,1
2025,9,15806,1.0,1
2025,9,15353,1.0,1
2025,9,17203,1.0,1
2025,9,12270,1.0,1
2025,9,17315,1.0,1
2025,9,17263,1.0,1
2025,9,17113,1.0,1
2025,9,16717,1.0,1
2025,9,10292,1.0,1
2025,9,14256,1.0,1
2025,9,15408,1.0,1
2025,9,12978,1.0,1
2025,9,13230,1.0,1
2025,9,13227,1.0,1
2025,9,16707,1.0,1
2025,9,16017,1.0,1
2025,9,16872,1.0,1
2025,9,15888,1.0,1
2025,9,14894,1.0,1
2025,9,15285,1.0,1
2025,9,16710,1.0,1
2025,9,14942,1.0,1
2025,9,13738,1.0,1
2025,9,17118,1.0,1
2025,9,15449,1.0,1
2025,9,15352,1.0,1
2025,9,16315,1.0,1
2025,9,16726,1.0,1
2025,9,16325,1.0,1
2025,9,16556,1.0,1
2025,9,16138,1.0,1
2025,9,17211,1.0,1
2025,9,17161,1.0,1
2025,9,14405,1.0,1
2025,9,16653,1.0,1
2025,9,16749,1.0,1
2025,9,13263,1.0,1
2025,9,15535,1.0,1
2025,9,17383,1.0,1
2025,9,17355,1.0,1
2025,9,15889,1.0,1
2025,9,17404,1.0,1
2025,9,16912,1.0,1
2025,9,16839,1.0,1
2025,9,15622,1.0,1
2025,9,14923,1.0,1
2025,9,14871,1.0,1
2025,9,17078,1.0,1
2025,9,17361,1.0,1
2025,9,15815,1.0,1
2025,9,15847,1.0,1
2025,9,16655,1.0,1
2025,9,15392,1.0,1
2025,9,16626,0.9,1
2025,9,16451,0.9,1
2025,9,15800,0.8,1
2025,9,14899,0.7,1
2025,9,13157,0.7,1
2025,9,15614,0.6,1
2025,9,14244,0.6,1
2025,9,15738,0.6,1
2025,9,15946,0.6,1
2025,9,16276,0.6,1
2025,9,13133,0.5,1
2025,9,15257,0.5,1
2025,9,14414,0.5,1
2025,9,17285,0.5,1
2025,9,16391,0.5,1
2025,9,15538,0.5,1
2025,9,16072,0.5,1
2025,9,16237,0.5,1
2025,9,17337,0.5,1
2025,9,15303,0.5,1
2025,9,16688,0.5,1
2025,9,16850,0.5,1
2025,9,14315,0.5,1
2025,9,16828,0.5,1
2025,9,16304,0.5,1
2025,9,16761,0.5,1
2025,9,14292,0.5,1
2025,9,14926,0.5,1
2025,9,13963,0.5,1
2025,9,15244,0.5,1
2025,9,15956,0.5,1
2025,9,15676,0.5,1
2025,9,16359,0.5,1
2025,9,17400,0.5,1
2025,9,16311,0.5,1
2025,9,16492,0.5,1
2025,9,13641,0.5,1
2025,9,16933,0.5,1
2025,9,17343,0.5,1
2025,9,16986,0.5,1
2025,9,17046,0.4,1
2025,9,13148,0.4,1
2025,9,15650,0.4,1
2025,9,16432,0.4,1
2025,9,15292,0.3,1
2025,9,16608,0.3,1
2025,9,13718,0.3,1
2025,9,17083,0.3,1
2025,9,15712,0.2,1
2025,9,15786,0.2,1
2025,9,13633,0.2,1
2025,9,15368,0.2,1
2025,9,15730,0.1,1
2025,9,17234,0.1,1
2025,9,13893,0.0,1
2025,9,13638,0.0,1
2025,9,17243,0.0,1
2025,9,17199,0.0,1
2025,9,12955,0.0,1
2025,9,15461,0.0,1
2025,9,14975,0.0,1
2025,9,15874,0.0,1
2025,9,12680,0.0,1
2025,9,12234,0.0,1
2025,9,15818,0.0,1
2025,9,13455,0.0,1
2025,9,17109,0.0,1
2025,9,14946,0.0,1
2025,9,16494,0.0,1
2025,9,10267,0.0,1
2025,9,17255,0.0,1
2025,9,15151,0.0,1
2025,9,16366,0.0,1
2025,9,16669,0.0,1
2025,9,16913,0.0,1
2025,9,17229,0.0,1
2025,9,14254,0.0,1
2025,9,16520,0.0,1
2025,9,17200,0.0,1
2025,9,16750,0.0,1
2025,9,16371,0.0,1
2025,9,13427,0.0,1
2025,9,15785,0.0,1
2025,9,14867,0.0,1
2025,9,15926,0.0,1
2025,9,17148,0.0,1
2025,9,16336,0.0,1
2025,9,16422,0.0,1
2025,9,17182,0.0,1
2025,9,14848,0.0,1
2025,9,16299,0.0,1
2025,9,12976,0.0,1
2025,9,13942,0.0,1
2025,9,17369,0.0,1
2025,9,16793,0.0,1
2025,9,17254,0.0,1
2025,9,17056,0.0,1
2025,9,16746,0.0,1
2025,9,11938,0.0,1
2025,9,13755,0.0,1
2025,9,16183,0.0,1
2025,9,13988,0.0,1
2025,9,17001,0.0,1
2025,9,17265,0.0,1
2025,9,14737,0.0,1
2025,9,17409,0.0,1
2025,9,15829,0.0,1
2025,9,17357,0.0,1
2025,9,14467,0.0,1
2025,9,16911,0.0,1
2025,9,17389,0.0,1
2025,9,14930,0.0,1
2025,9,14847,0.0,1
2025,9,16318,0.0,1
2025,9,17159,0.0,1
2025,9,12645,0.0,1
2025,9,14442,0.0,1
2025,9,16692,0.0,1
2025,9,12219,0.0,1
2025,9,14420,0.0,1
2025,9,16262,0.0,1
2025,9,15902,0.0,1
2025,9,17362,0.0,1
2025,9,14452,0.0,1
2025,9,10514,0.0,1
2025,9,16496,0.0,1
2025,9,17246,0.0,1
2025,9,17157,0.0,1
2025,9,15473,0.0,1
2025,9,16375,0.0,1
2025,9,16532,0.0,1
2025,9,14198,0.0,1
2025,9,14675,0.0,1
2025,9,17286,0.0,1
2025,9,15441,0.0,1
2025,9,15925,0.0,1
2025,9,13211,0.0,1
2025,9,15998,0.0,1
2025,9,14984,0.0,1
2025,9,15412,0.0,1
2025,9,16429,0.0,1
2025,9,17368,0.0,1
2025,9,15885,0.0,1
2025,9,17251,0.0,1
2025,9,8269,0.0,1
2025,9,13176,0.0,1
2025,9,17084,0.0,1
2025,9,17407,0.0,1
2025,9,16613,0.0,1
2025,9,15049,0.0,1
2025,9,17356,0.0,1
2025,9,17223,0.0,1
2025,9,17232,0.0,1
2025,9,12734,0.0,1
2025,9,16045,0.0,1
2025,9,16635,0.0,1
2025,9,16054,0.0,1
2025,9,14672,0.0,1
2025,9,16234,0.0,1
2025,9,15468,0.0,1
2025,9,15229,0.0,1
2025,9,14803,0.0,1
2025,9,16788,0.0,1
2025,9,16603,0.0,1
2025,9,16036,0.0,1
2025,9,16452,0.0,1
2025,9,12773,0.0,1
2025,9,15905,0.0,1
2025,9,12481,0.0,1
2025,9,17340,0.0,1
2025,9,16954,0.0,1
2025,9,17351,0.0,1
2025,9,15148,0.0,1
2025,9,16976,0.0,1
2025,9,17247,0.0,1
2025,9,17386,0.0,1
2025,9,14146,0.0,1
2025,9,15826,0.0,1
2025,9,14257,0.0,1
2025,9,15424,0.0,1
2025,9,16634,0.0,1
2025,9,15935,0.0,1
2025,9,16294,0.0,1
2025,9,17303,0.0,1
2025,9,16633,0.0,1
2025,9,12155,0.0,1
2025,9,16203,0.0,1
2025,9,13479,0.0,1
2025,9,15849,0.0,1
2025,9,14876,0.0,1
2025,9,16897,0.0,1
2025,9,16284,0.0,1
2025,9,15788,0.0,1
2025,9,14548,0.0,1
2025,9,12305,0.0,1
2025,9,17390,0.0,1
2025,9,13695,0.0,1
2025,9,15906,0.0,1
2025,9,16321,0.0,1
2025,9,15357,0.0,1
2025,9,15823,0.0,1
2025,9,17396,0.0,1
2025,9,17360,0.0,1
2025,9,12608,0.0,1
2025,9,14057,0.0,1
2025,9,16553,0.0,1
2025,9,12700,0.0,1
2025,9,13308,0.0,1
2025,9,15448,0.0,1
2025,9,14161,0.0,1
2025,9,15595,0.0,1
2025,9,16316,0.0,1
2025,9,13767,0.0,1
2025,9,16869,0.0,1
2025,9,17354,0.0,1
2025,9,15726,0.0,1
2025,9,16858,0.0,1
2025,9,14207,0.0,1
2025,9,17269,0.0,1
2025,9,16529,0.0,1
2025,9,16352,0.0,1
2025,9,12141,0.0,1
2025,9,13694,0.0,1
2025,9,16644,0.0,1
2025,9,16820,0.0,1
2025,9,15618,0.0,1
2025,9,14239,0.0,1
2025,9,13675,0.0,1
2025,9,15945,0.0,1
2025,9,15541,0.0,1
2025,9,17209,0.0,1
2025,9,17385,0.0,1
2025,9,13156,-0.1,1
2025,9,17075,-0.2,1
2025,9,15718,-0.3,1
2025,9,17058,-0.3,1
2025,9,16162,-0.4,1
2025,9,16619,-0.4,1
2025,9,13143,-0.5,1
2025,9,13844,-0.5,1
2025,9,10814,-0.5,1
2025,9,16757,-0.5,1
2025,9,16816,-0.5,1
2025,9,16868,-0.7,1
2025,9,16721,-0.8,1
2025,9,12187,-1.0,1
2025,9,14110,-1.0,1
2025,9,14200,-1.0,1
2025,9,16193,-1.0,1
2025,9,17205,-1.0,1
2025,9,16753,-1.0,1
2025,9,11232,-1.0,1
2025,9,16247,-1.0,1
2025,9,13940,-1.0,1
2025,9,13676,-1.0,1
2025,9,16720,-1.0,1
2025,9,15337,-1.0,1
2025,9,17134,-1.0,1
2025,9,15787,-1.0,1
2025,9,13066,-1.0,1
2025,9,13246,-1.0,1
2025,9,16120,-1.0,1
2025,9,12785,-1.0,1
2025,9,15302,-1.0,1
2025,9,16201,-1.0,1
2025,9,17080,-1.1,1
2025,9,14875,-1.1,1
2025,9,17049,-1.1,1
2025,9,16846,-1.2,1
2025,9,17097,-1.2,1
2025,9,15965,-1.5,1
2025,9,17353,-1.5,1
2025,9,17171,-1.5,1
2025,9,15799,-1.5,1
2025,9,11945,-1.6,1
2025,9,10945,-1.6,1
2025,9,14102,-1.8,1
2025,9,15395,-2.0,1
2025,9,14379,-2.0,1
2025,9,17398,-2.0,1
2025,9,15334,-2.3,1
2025,9,17053,-2.6,1
2025,9,12988,-2.6,1
2025,9,17059,-2.7,1
2025,9,15332,-2.8,1
2025,9,16616,-3.0,1
2025,9,17215,-3.0,1
2025,9,13189,-3.0,1
2025,9,15991,-3.0,1
2025,9,12956,-3.9,1
2025,9,13953,-4.0,1
2025,9,17030,-4.1,1
2025,9,9694,-4.5,1
2025,9,17096,-4.6,1
2025,9,16414,-4.6,1
2025,9,8930,-4.8,1
2025,9,16792,-4.8,1
2025,9,16148,-6.3,1
2025,9,16629,-6.7,1
2025,9,16775,-6.8,1
2025,9,14059,-7.1,1
2025,9,13132,-8.1,1
2025,9,11840,-8.4,1
2025,10,12611,65.0,1
2025,10,9431,53.9,1
2025,10,14802,53.2,1
2025,10,15241,51.9,1
2025,10,16167,44.0,1
2025,10,17039,43.6,1
2025,10,17032,43.2,1
2025,10,16579,41.6,1
2025,10,16162,40.9,1
2025,10,13590,39.6,1
2025,10,11769,38.8,1
2025,10,12141,37.9,1
2025,10,12221,34.6,1
2025,10,17043,32.5,1
2025,10,15252,32.4,1
2025,10,13589,32.0,1
2025,10,16722,31.6,1
2025,10,16580,31.4,1
2025,10,15786,27.3,1
2025,10,15756,26.8,1
2025,10,16252,26.4,1
2025,10,15751,25.8,1
2025,10,13737,25.0,1
2025,10,16316,24.9,1
2025,10,17122,24.7,1
2025,10,17144,24.4,1
2025,10,15794,23.9,1
2025,10,14783,23.5,1
2025,10,16627,23.4,1
2025,10,14224,22.8,1
2025,10,13593,22.0,1
2025,10,14779,21.6,1
2025,10,14861,21.4,1
2025,10,15290,21.2,1
2025,10,16185,21.1,1
2025,10,15708,21.0,1
2025,10,16708,21.0,1
2025,10,15754,20.8,1
2025,10,16264,20.4,1
2025,10,13738,20.2,1
2025,10,17053,19.7,1
2025,10,15856,19.7,1
2025,10,17081,19.5,1
2025,10,13299,19.3,1
2025,10,16190,19.2,1
2025,10,14892,19.0,1
2025,10,15349,19.0,1
2025,10,15768,18.8,1
2025,10,15284,18.8,1
2025,10,15863,18.6,1
2025,10,15515,18.5,1
2025,10,14897,18.5,1
2025,10,15710,18.3,1
2025,10,13223,18.1,1
2025,10,16013,18.0,1
2025,10,16714,17.4,1
2025,10,17134,17.4,1
2025,10,11675,17.4,1
2025,10,16385,17.3,1
2025,10,14122,17.3,1
2025,10,17214,17.2,1
2025,10,16227,17.2,1
2025,10,17115,17.1,1
2025,10,15861,17.1,1
2025,10,16757,17.1,1
2025,10,16927,17.0,1
2025,10,15712,16.9,1
2025,10,16616,16.7,1
2025,10,16712,16.7,1
2025,10,15821,16.6,1
2025,10,16923,16.5,1
2025,10,11721,16.3,1
2025,10,12735,16.3,1
2025,10,14669,16.3,1
2025,10,17037,16.3,1
2025,10,13289,16.2,1
2025,10,16223,16.1,1
2025,10,15881,16.0,1
2025,10,14171,16.0,1
2025,10,13208,15.9,1
2025,10,17102,15.8,1
2025,10,15461,15.8,1
2025,10,16211,15.8,1
2025,10,16169,15.6,1
2025,10,13690,15.6,1
2025,10,16018,15.5,1
2025,10,16460,15.3,1
2025,10,15832,15.2,1
2025,10,13744,15.1,1
2025,10,13713,15.0,1
2025,10,15418,15.0,1
2025,10,10266,15.0,1
2025,10,13837,14.9,1
2025,10,17079,14.9,1
2025,10,16253,14.8,1
2025,10,13164,14.8,1
2025,10,12782,14.5,1
2025,10,17239,14.5,1
2025,10,14247,14.5,1
2025,10,13697,14.5,1
2025,10,16014,14.5,1
2025,10,15081,14.5,1
2025,10,15282,14.3,1
2025,10,14210,14.2,1
2025,10,16261,14.0,1
2025,10,13888,14.0,1
2025,10,12699,14.0,1
2025,10,14153,13.6,1
2025,10,13447,13.5,1
2025,10,16700,13.5,1
2025,10,17172,13.5,1
2025,10,12616,13.4,1
2025,10,13214,13.1,1
2025,10,14833,13.1,1
2025,10,17132,13.0,1
2025,10,13132,13.0,1
2025,10,15124,13.0,1
2025,10,14249,13.0,1
2025,10,15742,12.7,1
2025,10,15851,12.7,1
2025,10,14221,12.6,1
2025,10,16009,12.5,1
2025,10,9051,12.5,1
2025,10,16233,12.5,1
2025,10,16294,12.5,1
2025,10,17121,12.5,1
2025,10,15358,12.5,1
2025,10,14778,12.4,1
2025,10,15287,12.1,1
2025,10,16649,12.0,1
2025,10,14303,12.0,1
2025,10,12686,12.0,1
2025,10,15401,11.9,1
2025,10,15809,11.9,1
2025,10,17147,11.9,1
2025,10,16244,11.9,1
2025,10,16680,11.8,1
2025,10,17398,11.5,1
2025,10,15140,11.5,1
2025,10,17185,11.5,1
2025,10,15387,11.5,1
2025,10,15452,11.3,1
2025,10,13319,11.3,1
2025,10,13066,11.3,1
2025,10,14059,11.3,1
2025,10,14871,11.2,1
2025,10,17141,11.2,1
2025,10,17119,11.1,1
2025,10,15752,11.1,1
2025,10,16584,11.1,1
2025,10,13198,11.1,1
2025,10,16681,11.1,1
2025,10,13704,11.0,1
2025,10,15894,11.0,1
2025,10,15933,11.0,1
2025,10,15375,11.0,1
2025,10,16673,11.0,1
2025,10,14071,10.7,1
2025,10,16161,10.6,1
2025,10,16346,10.5,1
2025,10,16303,10.5,1
2025,10,16281,10.5,1
2025,10,15923,10.5,1
2025,10,15716,10.5,1
2025,10,16629,10.5,1
2025,10,17104,10.5,1
2025,10,15979,10.4,1
2025,10,15802,10.4,1
2025,10,15253,10.4,1
2025,10,15931,10.3,1
2025,10,13130,10.2,1
2025,10,14940,10.2,1
2025,10,16246,10.2,1
2025,10,14797,10.1,1
2025,10,14080,10.1,1
2025,10,12437,10.1,1
2025,10,15391,10.0,1
2025,10,16572,10.0,1
2025,10,16734,10.0,1
2025,10,15833,10.0,1
2025,10,13987,10.0,1
2025,10,16267,10.0,1
2025,10,16728,10.0,1
2025,10,15363,10.0,1
2025,10,14947,10.0,1
2025,10,16690,10.0,1
2025,10,16696,10.0,1
2025,10,14328,10.0,1
2025,10,13592,9.9,1
2025,10,17070,9.7,1
2025,10,17204,9.7,1
2025,10,17339,9.7,1
2025,10,13715,9.7,1
2025,10,13772,9.6,1
2025,10,16214,9.6,1
2025,10,14227,9.6,1
2025,10,15884,9.5,1
2025,10,16344,9.5,1
2025,10,15365,9.5,1
2025,10,16450,9.5,1
2025,10,14434,9.5,1
2025,10,15819,9.5,1
2025,10,13434,9.5,1
2025,10,15834,9.5,1
2025,10,15846,9.5,1
2025,10,17083,9.4,1
2025,10,13448,9.3,1
2025,10,12186,9.2,1
2025,10,13604,9.2,1
2025,10,16608,9.2,1
2025,10,14148,9.1,1
2025,10,15366,9.0,1
2025,10,17389,9.0,1
2025,10,17071,9.0,1
2025,10,15895,9.0,1
2025,10,15380,9.0,1
2025,10,16676,9.0,1
2025,10,16702,9.0,1
2025,10,15888,9.0,1
2025,10,13933,9.0,1
2025,10,15117,9.0,1
2025,10,17120,9.0,1
2025,10,16705,9.0,1
2025,10,14154,9.0,1
2025,10,13693,9.0,1
2025,10,13260,9.0,1
2025,10,16325,9.0,1
2025,10,13610,8.9,1
2025,10,11247,8.8,1
2025,10,14800,8.8,1
2025,10,14823,8.6,1
2025,10,16251,8.6,1
2025,10,15853,8.5,1
2025,10,14590,8.5,1
2025,10,16787,8.5,1
2025,10,17131,8.5,1
2025,10,16291,8.5,1
2025,10,12754,8.5,1
2025,10,16302,8.5,1
2025,10,10775,8.5,1
2025,10,14073,8.4,1
2025,10,16719,8.3,1
2025,10,12218,8.3,1
2025,10,16265,8.2,1
2025,10,17184,8.2,1
2025,10,12225,8.1,1
2025,10,14467,8.0,1
2025,10,16692,8.0,1
2025,10,12711,8.0,1
2025,10,13813,8.0,1
2025,10,15868,8.0,1
2025,10,12697,8.0,1
2025,10,16698,8.0,1
2025,10,17397,8.0,1
2025,10,17200,8.0,1
2025,10,15711,8.0,1
2025,10,12988,8.0,1
2025,10,16660,8.0,1
2025,10,13811,8.0,1
2025,10,14136,7.8,1
2025,10,12626,7.8,1
2025,10,13192,7.7,1
2025,10,16617,7.7,1
2025,10,14127,7.7,1
2025,10,16846,7.6,1
2025,10,15761,7.6,1
2025,10,10783,7.6,1
2025,10,16496,7.6,1
2025,10,11383,7.6,1
2025,10,16704,7.6,1
2025,10,14927,7.5,1
2025,10,17178,7.5,1
2025,10,16870,7.5,1
2025,10,15872,7.5,1
2025,10,10768,7.5,1
2025,10,14251,7.5,1
2025,10,16239,7.5,1
2025,10,14888,7.5,1
2025,10,16236,7.5,1
2025,10,13683,7.5,1
2025,10,16583,7.3,1
2025,10,16747,7.2,1
2025,10,14860,7.2,1
2025,10,16266,7.1,1
2025,10,17187,7.0,1
2025,10,14954,7.0,1
2025,10,15428,7.0,1
2025,10,16247,7.0,1
2025,10,12323,7.0,1
2025,10,16767,7.0,1
2025,10,15789,7.0,1
2025,10,11985,7.0,1
2025,10,14907,7.0,1
2025,10,13226,7.0,1
2025,10,15089,7.0,1
2025,10,14472,7.0,1
2025,10,17137,7.0,1
2025,10,13547,7.0,1
2025,10,15835,7.0,1
2025,10,15335,7.0,1
2025,10,16276,7.0,1
2025,10,11723,7.0,1
2025,10,14896,7.0,1
2025,10,13265,7.0,1
2025,10,17186,7.0,1
2025,10,15177,7.0,1
2025,10,16256,7.0,1
2025,10,14909,7.0,1
2025,10,16657,6.9,1
2025,10,15877,6.8,1
2025,10,14256,6.8,1
2025,10,16593,6.7,1
2025,10,16419,6.6,1
2025,10,13770,6.6,1
2025,10,17051,6.5,1
2025,10,16296,6.5,1
2025,10,12771,6.5,1
2025,10,16663,6.5,1
2025,10,14893,6.5,1
2025,10,15869,6.5,1
2025,10,14982,6.5,1
2025,10,17177,6.5,1
2025,10,17080,6.5,1
2025,10,17196,6.5,1
2025,10,16324,6.5,1
2025,10,16213,6.4,1
2025,10,15757,6.4,1
2025,10,12187,6.3,1
2025,10,13839,6.2,1
2025,10,16120,6.1,1
2025,10,12678,6.1,1
2025,10,13674,6.1,1
2025,10,16350,6.0,1
2025,10,15405,6.0,1
2025,10,13952,6.0,1
2025,10,16741,6.0,1
2025,10,14882,6.0,1
2025,10,13249,6.0,1
2025,10,14918,6.0,1
2025,10,17136,6.0,1
2025,10,16670,6.0,1
2025,10,16671,6.0,1
2025,10,14225,6.0,1
2025,10,14997,6.0,1
2025,10,15440,6.0,1
2025,10,14943,6.0,1
2025,10,14167,6.0,1
2025,10,16300,6.0,1
2025,10,13802,6.0,1
2025,10,16928,6.0,1
2025,10,16912,6.0,1
2025,10,16725,6.0,1
2025,10,17160,6.0,1
2025,10,16274,6.0,1
2025,10,15814,5.9,1
2025,10,16342,5.8,1
2025,10,16166,5.7,1
2025,10,13681,5.7,1
2025,10,13696,5.7,1
2025,10,17352,5.6,1
2025,10,14086,5.6,1
2025,10,15331,5.6,1
2025,10,17066,5.6,1
2025,10,16684,5.6,1
2025,10,14168,5.5,1
2025,10,11317,5.5,1
2025,10,16330,5.5,1
2025,10,16619,5.5,1
2025,10,13869,5.5,1
2025,10,16228,5.5,1
2025,10,16280,5.5,1
2025,10,14257,5.5,1
2025,10,16716,5.5,1
2025,10,13298,5.5,1
2025,10,12752,5.5,1
2025,10,14891,5.5,1
2025,10,14412,5.5,1
2025,10,14908,5.5,1
2025,10,15839,5.5,1
2025,10,11286,5.5,1
2025,10,15585,5.5,1
2025,10,14921,5.5,1
2025,10,14143,5.4,1
2025,10,16636,5.4,1
2025,10,15721,5.3,1
2025,10,15369,5.3,1
2025,10,12785,5.3,1
2025,10,16174,5.2,1
2025,10,17213,5.2,1
2025,10,15484,5.1,1
2025,10,16219,5.1,1
2025,10,15464,5.0,1
2025,10,14302,5.0,1
2025,10,16356,5.0,1
2025,10,16731,5.0,1
2025,10,14198,5.0,1
2025,10,13791,5.0,1
2025,10,14252,5.0,1
2025,10,17361,5.0,1
2025,10,16012,5.0,1
2025,10,16651,5.0,1
2025,10,16675,5.0,1
2025,10,15352,5.0,1
2025,10,17082,5.0,1
2025,10,14149,5.0,1
2025,10,14518,5.0,1
2025,10,12270,5.0,1
2025,10,16287,5.0,1
2025,10,13268,5.0,1
2025,10,15822,5.0,1
2025,10,16279,5.0,1
2025,10,17169,5.0,1
2025,10,17285,5.0,1
2025,10,17261,5.0,1
2025,10,13692,5.0,1
2025,10,15001,5.0,1
2025,10,13710,5.0,1
2025,10,12305,5.0,1
2025,10,14170,5.0,1
2025,10,15892,5.0,1
2025,10,14894,5.0,1
2025,10,16799,5.0,1
2025,10,14782,4.9,1
2025,10,14244,4.9,1
2025,10,16643,4.9,1
2025,10,11936,4.9,1
2025,10,16451,4.8,1
2025,10,13347,4.8,1
2025,10,16644,4.8,1
2025,10,16601,4.8,1
2025,10,15972,4.7,1
2025,10,12234,4.7,1
2025,10,15329,4.6,1
2025,10,16614,4.6,1
2025,10,15817,4.5,1
2025,10,15668,4.5,1
2025,10,16520,4.5,1
2025,10,12758,4.5,1
2025,10,16679,4.5,1
2025,10,13709,4.5,1
2025,10,16273,4.5,1
2025,10,14910,4.5,1
2025,10,17174,4.5,1
2025,10,17202,4.5,1
2025,10,11872,4.5,1
2025,10,16733,4.5,1
2025,10,14926,4.5,1
2025,10,15402,4.5,1
2025,10,17165,4.5,1
2025,10,13844,4.4,1
2025,10,13671,4.3,1
2025,10,16192,4.3,1
2025,10,14315,4.2,1
2025,10,14095,4.2,1
2025,10,13157,4.2,1
2025,10,16452,4.2,1
2025,10,15795,4.1,1
2025,10,16080,4.1,1
2025,10,8851,4.1,1
2025,10,16322,4.0,1
2025,10,16077,4.0,1
2025,10,15806,4.0,1
2025,10,15473,4.0,1
2025,10,14919,4.0,1
2025,10,15805,4.0,1
2025,10,17388,4.0,1
2025,10,15864,4.0,1
2025,10,13700,4.0,1
2025,10,17326,4.0,1
2025,10,12802,4.0,1
2025,10,14237,4.0,1
2025,10,15813,4.0,1
2025,10,15293,4.0,1
2025,10,13694,4.0,1
2025,10,16314,4.0,1
2025,10,14985,4.0,1
2025,10,16278,4.0,1
2025,10,12271,4.0,1
2025,10,14877,4.0,1
2025,10,15346,4.0,1
2025,10,14219,4.0,1
2025,10,16653,4.0,1
2025,10,14495,4.0,1
2025,10,10816,4.0,1
2025,10,13767,4.0,1
2025,10,16102,4.0,1
2025,10,16241,4.0,1
2025,10,16240,4.0,1
2025,10,14108,3.9,1
2025,10,17103,3.8,1
2025,10,13143,3.8,1
2025,10,16333,3.8,1
2025,10,16010,3.8,1
2025,10,13418,3.8,1
2025,10,17046,3.7,1
2025,10,16195,3.6,1
2025,10,15766,3.6,1
2025,10,9596,3.6,1
2025,10,15812,3.5,1
2025,10,14934,3.5,1
2025,10,13706,3.5,1
2025,10,16238,3.5,1
2025,10,14218,3.5,1
2025,10,14995,3.5,1
2025,10,17107,3.4,1
2025,10,16212,3.4,1
2025,10,16650,3.4,1
2025,10,13940,3.2,1
2025,10,16215,3.1,1
2025,10,13303,3.1,1
2025,10,15650,3.1,1
2025,10,13317,3.0,1
2025,10,16232,3.0,1
2025,10,14930,3.0,1
2025,10,16911,3.0,1
2025,10,15481,3.0,1
2025,10,15361,3.0,1
2025,10,14205,3.0,1
2025,10,17368,3.0,1
2025,10,16226,3.0,1
2025,10,17179,3.0,1
2025,10,16703,3.0,1
2025,10,14379,3.0,1
2025,10,16697,3.0,1
2025,10,15076,3.0,1
2025,10,16553,3.0,1
2025,10,15377,3.0,1
2025,10,14180,3.0,1
2025,10,17378,3.0,1
2025,10,13403,3.0,1
2025,10,16672,3.0,1
2025,10,13288,3.0,1
2025,10,16677,3.0,1
2025,10,14899,3.0,1
2025,10,15350,3.0,1
2025,10,16216,3.0,1
2025,10,11348,3.0,1
2025,10,13201,3.0,1
2025,10,16263,3.0,1
2025,10,17128,3.0,1
2025,10,15121,3.0,1
2025,10,16641,2.9,1
2025,10,14984,2.8,1
2025,10,16428,2.8,1
2025,10,14842,2.8,1
2025,10,14717,2.8,1
2025,10,17375,2.8,1
2025,10,15051,2.7,1
2025,10,15785,2.6,1
2025,10,16749,2.6,1
2025,10,17175,2.6,1
2025,10,15390,2.5,1
2025,10,17138,2.5,1
2025,10,16383,2.5,1
2025,10,17154,2.5,1
2025,10,15357,2.5,1
2025,10,15244,2.5,1
2025,10,13230,2.5,1
2025,10,12447,2.5,1
2025,10,16443,2.5,1
2025,10,14102,2.5,1
2025,10,11793,2.5,1
2025,10,17126,2.5,1
2025,10,15875,2.5,1
2025,10,12238,2.5,1
2025,10,17190,2.5,1
2025,10,14652,2.5,1
2025,10,13307,2.5,1
2025,10,12764,2.5,1
2025,10,10292,2.3,1
2025,10,16206,2.3,1
2025,10,16262,2.3,1
2025,10,12658,2.2,1
2025,10,12842,2.2,1
2025,10,17157,2.2,1
2025,10,16809,2.2,1
2025,10,16724,2.1,1
2025,10,17149,2.0,1
2025,10,10267,2.0,1
2025,10,17182,2.0,1
2025,10,12976,2.0,1
2025,10,16492,2.0,1
2025,10,17130,2.0,1
2025,10,16290,2.0,1
2025,10,12745,2.0,1
2025,10,13270,2.0,1
2025,10,17118,2.0,1
2025,10,14164,2.0,1
2025,10,17386,2.0,1
2025,10,17156,2.0,1
2025,10,15413,2.0,1
2025,10,16784,2.0,1
2025,10,16328,2.0,1
2025,10,16894,2.0,1
2025,10,16880,2.0,1
2025,10,15345,2.0,1
2025,10,17286,2.0,1
2025,10,17415,2.0,1
2025,10,15445,2.0,1
2025,10,16145,2.0,1
2025,10,13470,2.0,1
2025,10,15165,2.0,1
2025,10,14405,2.0,1
2025,10,17161,2.0,1
2025,10,15622,2.0,1
2025,10,16369,2.0,1
2025,10,14957,2.0,1
2025,10,17257,2.0,1
2025,10,16188,1.9,1
2025,10,13675,1.9,1
2025,10,16843,1.8,1
2025,10,15730,1.8,1
2025,10,14239,1.7,1
2025,10,12229,1.5,1
2025,10,14975,1.5,1
2025,10,15942,1.5,1
2025,10,15920,1.5,1
2025,10,13726,1.5,1
2025,10,13332,1.5,1
2025,10,16940,1.5,1
2025,10,12923,1.5,1
2025,10,15498,1.5,1
2025,10,16439,1.5,1
2025,10,11840,1.5,1
2025,10,17265,1.5,1
2025,10,14901,1.5,1
2025,10,12219,1.5,1
2025,10,16717,1.5,1
2025,10,14159,1.5,1
2025,10,16282,1.5,1
2025,10,16786,1.5,1
2025,10,15173,1.5,1
2025,10,15419,1.5,1
2025,10,16794,1.5,1
2025,10,17191,1.5,1
2025,10,15448,1.5,1
2025,10,16666,1.5,1
2025,10,15359,1.5,1
2025,10,17209,1.5,1
2025,10,13963,1.5,1
2025,10,14215,1.5,1
2025,10,11945,1.5,1
2025,10,16694,1.5,1
2025,10,17181,1.5,1
2025,10,16019,1.5,1
2025,10,15285,1.5,1
2025,10,12361,1.5,1
2025,10,13714,1.5,1
2025,10,17222,1.4,1
2025,10,16610,1.4,1
2025,10,16656,1.4,1
2025,10,15797,1.4,1
2025,10,15109,1.4,1
2025,10,15715,1.4,1
2025,10,10703,1.3,1
2025,10,16444,1.2,1
2025,10,16883,1.2,1
2025,10,17220,1.2,1
2025,10,12155,1.1,1
2025,10,17357,1.0,1
2025,10,15866,1.0,1
2025,10,12645,1.0,1
2025,10,10514,1.0,1
2025,10,15353,1.0,1
2025,10,16532,1.0,1
2025,10,16375,1.0,1
2025,10,16958,1.0,1
2025,10,14310,1.0,1
2025,10,14012,1.0,1
2025,10,17244,1.0,1
2025,10,13785,1.0,1
2025,10,17116,1.0,1
2025,10,15491,1.0,1
2025,10,15559,1.0,1
2025,10,15926,1.0,1
2025,10,17167,1.0,1
2025,10,15406,1.0,1
2025,10,17230,1.0,1
2025,10,14200,1.0,1
2025,10,16897,1.0,1
2025,10,13953,1.0,1
2025,10,13695,1.0,1
2025,10,14962,1.0,1
2025,10,14319,1.0,1
2025,10,17412,1.0,1
2025,10,17381,1.0,1
2025,10,16338,1.0,1
2025,10,16017,1.0,1
2025,10,12831,1.0,1
2025,10,15148,1.0,1
2025,10,16954,1.0,1
2025,10,16113,1.0,1
2025,10,16976,1.0,1
2025,10,17400,1.0,1
2025,10,17215,1.0,1
2025,10,16387,1.0,1
2025,10,16485,1.0,1
2025,10,16305,1.0,1
2025,10,13959,1.0,1
2025,10,14906,1.0,1
2025,10,14426,1.0,1
2025,10,15356,1.0,1
2025,10,16516,1.0,1
2025,10,13754,1.0,1
2025,10,15939,1.0,1
2025,10,14197,1.0,1
2025,10,16059,1.0,1
2025,10,15589,1.0,1
2025,10,13479,1.0,1
2025,10,17153,1.0,1
2025,10,14925,1.0,1
2025,10,15378,1.0,1
2025,10,15595,1.0,1
2025,10,14207,1.0,1
2025,10,16326,1.0,1
2025,10,16352,1.0,1
2025,10,15392,1.0,1
2025,10,13707,1.0,1
2025,10,16900,1.0,1
2025,10,15807,1.0,1
2025,10,15956,1.0,1
2025,10,16234,1.0,1
2025,10,12773,1.0,1
2025,10,12795,1.0,1
2025,10,15379,1.0,1
2025,10,14151,1.0,1
2025,10,16235,1.0,1
2025,10,15261,1.0,1
2025,10,16275,1.0,1
2025,10,16556,1.0,1
2025,10,16138,1.0,1
2025,10,15798,0.9,1
2025,10,13630,0.8,1
2025,10,17061,0.7,1
2025,10,16752,0.7,1
2025,10,16736,0.6,1
2025,10,16723,0.6,1
2025,10,14104,0.6,1
2025,10,14138,0.6,1
2025,10,16292,0.6,1
2025,10,13455,0.6,1
2025,10,15727,0.6,1
2025,10,11367,0.6,1
2025,10,15800,0.5,1
2025,10,17256,0.5,1
2025,10,15151,0.5,1
2025,10,14414,0.5,1
2025,10,16463,0.5,1
2025,10,16284,0.5,1
2025,10,15409,0.5,1
2025,10,13251,0.5,1
2025,10,16005,0.5,1
2025,10,17140,0.5,1
2025,10,17401,0.5,1
2025,10,15527,0.5,1
2025,10,17365,0.5,1
2025,10,16710,0.5,1
2025,10,14979,0.5,1
2025,10,17108,0.5,1
2025,10,16828,0.5,1
2025,10,16304,0.5,1
2025,10,15874,0.5,1
2025,10,17379,0.5,1
2025,10,15303,0.5,1
2025,10,16664,0.5,1
2025,10,15676,0.5,1
2025,10,16788,0.5,1
2025,10,14942,0.5,1
2025,10,17340,0.5,1
2025,10,17247,0.5,1
2025,10,12930,0.4,1
2025,10,16678,0.3,1
2025,10,16630,0.3,1
2025,10,13115,0.3,1
2025,10,11222,0.3,1
2025,10,8930,0.3,1
2025,10,14420,0.2,1
2025,10,11232,0.2,1
2025,10,16255,0.2,1
2025,10,17143,0.2,1
2025,10,16299,0.1,1
2025,10,15288,0.1,1
2025,10,17409,0.0,1
2025,10,15924,0.0,1
2025,10,17234,0.0,1
2025,10,17192,0.0,1
2025,10,17159,0.0,1
2025,10,16318,0.0,1
2025,10,16026,0.0,1
2025,10,16776,0.0,1
2025,10,13652,0.0,1
2025,10,16754,0.0,1
2025,10,13267,0.0,1
2025,10,16335,0.0,1
2025,10,15925,0.0,1
2025,10,15998,0.0,1
2025,10,15891,0.0,1
2025,10,16483,0.0,1
2025,10,15908,0.0,1
2025,10,15412,0.0,1
2025,10,12955,0.0,1
2025,10,15395,0.0,1
2025,10,15016,0.0,1
2025,10,17255,0.0,1
2025,10,15103,0.0,1
2025,10,16440,0.0,1
2025,10,16658,0.0,1
2025,10,16371,0.0,1
2025,10,13717,0.0,1
2025,10,14963,0.0,1
2025,10,14543,0.0,1
2025,10,16750,0.0,1
2025,10,16288,0.0,1
2025,10,16336,0.0,1
2025,10,16370,0.0,1
2025,10,16735,0.0,1
2025,10,15717,0.0,1
2025,10,15538,0.0,1
2025,10,17337,0.0,1
2025,10,16237,0.0,1
2025,10,17369,0.0,1
2025,10,15880,0.0,1
2025,10,15460,0.0,1
2025,10,17056,0.0,1
2025,10,9826,0.0,1
2025,10,16311,0.0,1
2025,10,14876,0.0,1
2025,10,17211,0.0,1
2025,10,16654,0.0,1
2025,10,17390,0.0,1
2025,10,15943,0.0,1
2025,10,15332,0.0,1
2025,10,17360,0.0,1
2025,10,17396,0.0,1
2025,10,13308,0.0,1
2025,10,17404,0.0,1
2025,10,16816,0.0,1
2025,10,16858,0.0,1
2025,10,15726,0.0,1
2025,10,16217,0.0,1
2025,10,16792,0.0,1
2025,10,16201,0.0,1
2025,10,13424,0.0,1
2025,10,17163,0.0,1
2025,10,14727,0.0,1
2025,10,16416,0.0,1
2025,10,17223,0.0,1
2025,10,17146,0.0,1
2025,10,14875,0.0,1
2025,10,13148,0.0,1
2025,10,13377,0.0,1
2025,10,15905,0.0,1
2025,10,17333,0.0,1
2025,10,17097,0.0,1
2025,10,16029,0.0,1
2025,10,15899,0.0,1
2025,10,15820,0.0,1
2025,10,16315,0.0,1
2025,10,15424,0.0,1
2025,10,14967,0.0,1
2025,10,14948,0.0,1
2025,10,16595,0.0,1
2025,10,15432,0.0,1
2025,10,17349,0.0,1
2025,10,16175,0.0,1
2025,10,16312,0.0,1
2025,10,12691,0.0,1
2025,10,14083,0.0,1
2025,10,13330,0.0,1
2025,10,16760,0.0,1
2025,10,14847,0.0,1
2025,10,16796,0.0,1
2025,10,14953,0.0,1
2025,10,17228,0.0,1
2025,10,14442,0.0,1
2025,10,16082,0.0,1
2025,10,9207,0.0,1
2025,10,14452,0.0,1
2025,10,17362,0.0,1
2025,10,15902,0.0,1
2025,10,15032,0.0,1
2025,10,17315,0.0,1
2025,10,16761,0.0,1
2025,10,15521,0.0,1
2025,10,16689,0.0,1
2025,10,15057,0.0,1
2025,10,14076,0.0,1
2025,10,17359,0.0,1
2025,10,17407,0.0,1
2025,10,17084,0.0,1
2025,10,17199,0.0,1
2025,10,17243,0.0,1
2025,10,13638,0.0,1
2025,10,13893,0.0,1
2025,10,13736,0.0,1
2025,10,16486,0.0,1
2025,10,15341,0.0,1
2025,10,13678,0.0,1
2025,10,13322,0.0,1
2025,10,15614,0.0,1
2025,10,17358,0.0,1
2025,10,16258,0.0,1
2025,10,17188,0.0,1
2025,10,16023,0.0,1
2025,10,12083,0.0,1
2025,10,16688,0.0,1
2025,10,17371,0.0,1
2025,10,15849,0.0,1
2025,10,16271,0.0,1
2025,10,15944,0.0,1
2025,10,16321,0.0,1
2025,10,16661,0.0,1
2025,10,14548,0.0,1
2025,10,15878,0.0,1
2025,10,16933,0.0,1
2025,10,16691,0.0,1
2025,10,17117,0.0,1
2025,10,13634,0.0,1
2025,10,17330,0.0,1
2025,10,17269,0.0,1
2025,10,16413,0.0,1
2025,10,13782,0.0,1
2025,10,15936,0.0,1
2025,10,16869,0.0,1
2025,10,15618,0.0,1
2025,10,16820,0.0,1
2025,10,11807,0.0,1
2025,10,15945,0.0,1
2025,10,15867,0.0,1
2025,10,16030,0.0,1
2025,10,14292,0.0,1
2025,10,15094,0.0,1
2025,10,17232,0.0,1
2025,10,16742,0.0,1
2025,10,11674,0.0,1
2025,10,16872,0.0,1
2025,10,14672,0.0,1
2025,10,15492,0.0,1
2025,10,17341,0.0,1
2025,10,16036,0.0,1
2025,10,15897,0.0,1
2025,10,17351,0.0,1
2025,10,16709,0.0,1
2025,10,12481,0.0,1
2025,10,17173,0.0,1
2025,10,15946,0.0,1
2025,10,15449,0.0,1
2025,10,13676,0.0,1
2025,10,16726,0.0,1
2025,10,15414,0.0,1
2025,10,17112,0.0,1
2025,10,16633,0.0,1
2025,10,16898,0.0,1
2025,10,15935,0.0,1
2025,10,15671,0.0,1
2025,10,16164,-0.1,1
2025,10,16557,-0.1,1
2025,10,13431,-0.1,1
2025,10,15255,-0.2,1
2025,10,16432,-0.2,1
2025,10,17072,-0.2,1
2025,10,13723,-0.2,1
2025,10,14331,-0.3,1
2025,10,15344,-0.3,1
2025,10,15260,-0.3,1
2025,10,17048,-0.4,1
2025,10,16913,-0.4,1
2025,10,17068,-0.4,1
2025,10,16730,-0.5,1
2025,10,16351,-0.5,1
2025,10,15796,-0.5,1
2025,10,14867,-0.5,1
2025,10,16957,-0.5,1
2025,10,17096,-0.6,1
2025,10,15258,-0.7,1
2025,10,17123,-0.7,1
2025,10,13193,-0.7,1
2025,10,17106,-0.7,1
2025,10,16191,-0.8,1
2025,10,15873,-0.9,1
2025,10,13633,-0.9,1
2025,10,16187,-0.9,1
2025,10,17042,-0.9,1
2025,10,15626,-1.0,1
2025,10,13176,-1.0,1
2025,10,16682,-1.0,1
2025,10,15292,-1.0,1
2025,10,15804,-1.0,1
2025,10,13988,-1.0,1
2025,10,13246,-1.0,1
2025,10,16839,-1.0,1
2025,10,15718,-1.0,1
2025,10,16624,-1.0,1
2025,10,15692,-1.0,1
2025,10,15755,-1.0,1
2025,10,17109,-1.0,1
2025,10,17229,-1.0,1
2025,10,14110,-1.0,1
2025,10,17129,-1.0,1
2025,10,15815,-1.0,1
2025,10,14864,-1.0,1
2025,10,16218,-1.0,1
2025,10,12677,-1.0,1
2025,10,17350,-1.0,1
2025,10,16720,-1.0,1
2025,10,17059,-1.1,1
2025,10,14836,-1.1,1
2025,10,15713,-1.3,1
2025,10,13980,-1.3,1
2025,10,16178,-1.3,1
2025,10,16890,-1.4,1
2025,10,13719,-1.4,1
2025,10,16457,-1.4,1
2025,10,17246,-1.5,1
2025,10,14870,-1.6,1
2025,10,13189,-1.6,1
2025,10,12676,-1.7,1
2025,10,14489,-1.7,1
2025,10,17047,-1.7,1
2025,10,11938,-1.8,1
2025,10,15759,-1.8,1
2025,10,17099,-1.9,1
2025,10,16186,-2.0,1
2025,10,14944,-2.0,1
2025,10,16242,-2.0,1
2025,10,16639,-2.0,1
2025,10,17254,-2.0,1
2025,10,15753,-2.0,1
2025,10,16613,-2.0,1
2025,10,14555,-2.0,1
2025,10,16669,-2.0,1
2025,10,15257,-2.0,1
2025,10,15916,-2.0,1
2025,10,15779,-2.0,1
2025,10,13641,-2.0,1
2025,10,17354,-2.0,1
2025,10,16045,-2.0,1
2025,10,14592,-2.5,1
2025,10,13263,-2.6,1
2025,10,17087,-2.7,1
2025,10,13879,-2.7,1
2025,10,14057,-2.8,1
2025,10,16603,-2.9,1
2025,10,17078,-3.0,1
2025,10,8269,-3.0,1
2025,10,17414,-3.0,1
2025,10,16571,-3.0,1
2025,10,17241,-3.2,1
2025,10,15777,-3.2,1
2025,10,17052,-3.4,1
2025,10,14974,-3.6,1
2025,10,13635,-4.0,1
2025,10,12956,-4.3,1
2025,10,14630,-4.3,1
2025,10,15238,-5.0,1
2025,10,11947,-5.7,1
2025,10,13718,-5.7,1
2025,10,17277,-5.7,1
2025,10,15237,-6.7,1
2025,10,16582,-8.2,1
2025,10,7836,-9.4,1
2025,10,11150,-10.4,1
2025,10,16148,-11.2,1
2025,11,16148,73.6,1
2025,11,13589,59.4,1
2025,11,12616,53.0,1
2025,11,12620,47.1,1
2025,11,16580,42.1,1
2025,11,15698,36.3,1
2025,11,14782,34.8,1
2025,11,14921,33.0,1
2025,11,16676,32.5,1
2025,11,16582,32.2,1
2025,11,16166,32.0,1
2025,11,13130,31.2,1
2025,11,16206,31.0,1
2025,11,16583,30.8,1
2025,11,15445,30.6,1
2025,11,15834,29.6,1
2025,11,17071,29.5,1
2025,11,15124,29.1,1
2025,11,15252,28.3,1
2025,11,12141,27.7,1
2025,11,15762,27.3,1
2025,11,16161,26.6,1
2025,11,13198,26.4,1
2025,11,15255,25.0,1
2025,11,16167,24.5,1
2025,11,17147,23.9,1
2025,11,16145,23.4,1
2025,11,16223,23.1,1
2025,11,13595,22.7,1
2025,11,17043,21.6,1
2025,11,16162,21.2,1
2025,11,13299,20.9,1
2025,11,15751,20.8,1
2025,11,14170,20.5,1
2025,11,16667,20.5,1
2025,11,16451,20.5,1
2025,11,15290,20.4,1
2025,11,14171,20.4,1
2025,11,15711,20.2,1
2025,11,16675,20.2,1
2025,11,16185,20.2,1
2025,11,16747,19.3,1
2025,11,12626,19.2,1
2025,11,15869,19.0,1
2025,11,17357,19.0,1
2025,11,13715,18.9,1
2025,11,15237,18.9,1
2025,11,15715,18.8,1
2025,11,16650,18.7,1
2025,11,15888,18.5,1
2025,11,15787,18.2,1
2025,11,16246,18.1,1
2025,11,11793,18.1,1
2025,11,15985,18.1,1
2025,11,15904,18.0,1
2025,11,15794,18.0,1
2025,11,15710,17.7,1
2025,11,14225,17.7,1
2025,11,14217,17.7,1
2025,11,7836,17.6,1
2025,11,12186,17.5,1
2025,11,16700,17.3,1
2025,11,12752,17.0,1
2025,11,13263,17.0,1
2025,11,14095,17.0,1
2025,11,16719,17.0,1
2025,11,14249,16.9,1
2025,11,13116,16.9,1
2025,11,14108,16.7,1
2025,11,16233,16.5,1
2025,11,9431,16.5,1
2025,11,15756,16.4,1
2025,11,14778,16.4,1
2025,11,15789,16.2,1
2025,11,11244,16.2,1
2025,11,16673,16.1,1
2025,11,14669,16.0,1
2025,11,16139,16.0,1
2025,11,15350,16.0,1
2025,11,13959,15.7,1
2025,11,14157,15.6,1
2025,11,14600,15.5,1
2025,11,13671,15.4,1
2025,11,17052,15.3,1
2025,11,17030,15.3,1
2025,11,12956,15.2,1
2025,11,16639,15.1,1
2025,11,16663,15.0,1
2025,11,11317,15.0,1
2025,11,14892,15.0,1
2025,11,14136,14.9,1
2025,11,12611,14.9,1
2025,11,17082,14.9,1
2025,11,16181,14.9,1
2025,11,14832,14.7,1
2025,11,12271,14.5,1
2025,11,17163,14.5,1
2025,11,13719,14.4,1
2025,11,13590,14.3,1
2025,11,14167,14.3,1
2025,11,16190,14.1,1
2025,11,16267,14.0,1
2025,11,17135,14.0,1
2025,11,14918,14.0,1
2025,11,13347,13.7,1
2025,11,15253,13.6,1
2025,11,17261,13.5,1
2025,11,13682,13.5,1
2025,11,11945,13.3,1
2025,11,15759,13.0,1
2025,11,16708,13.0,1
2025,11,16239,13.0,1
2025,11,17169,13.0,1
2025,11,16976,13.0,1
2025,11,16284,13.0,1
2025,11,16013,13.0,1
2025,11,15866,13.0,1
2025,11,15464,13.0,1
2025,11,16224,12.7,1
2025,11,16725,12.5,1
2025,11,14182,12.5,1
2025,11,12218,12.4,1
2025,11,17368,12.3,1
2025,11,15238,12.1,1
2025,11,14957,12.0,1
2025,11,15836,12.0,1
2025,11,13933,12.0,1
2025,11,16432,11.8,1
2025,11,12140,11.8,1
2025,11,13289,11.8,1
2025,11,16619,11.8,1
2025,11,15357,11.8,1
2025,11,16295,11.7,1
2025,11,14835,11.6,1
2025,11,13693,11.5,1
2025,11,15892,11.5,1
2025,11,15349,11.5,1
2025,11,15173,11.5,1
2025,11,15817,11.5,1
2025,11,16216,11.4,1
2025,11,12221,11.4,1
2025,11,14127,11.3,1
2025,11,15358,11.2,1
2025,11,13738,11.0,1
2025,11,15177,11.0,1
2025,11,16174,11.0,1
2025,11,13697,11.0,1
2025,11,16314,11.0,1
2025,11,13604,11.0,1
2025,11,15401,11.0,1
2025,11,16513,11.0,1
2025,11,15405,11.0,1
2025,11,16907,11.0,1
2025,11,16809,10.9,1
2025,11,12988,10.9,1
2025,11,14080,10.9,1
2025,11,15889,10.7,1
2025,11,17241,10.7,1
2025,11,11150,10.6,1
2025,11,16689,10.5,1
2025,11,14251,10.5,1
2025,11,15972,10.5,1
2025,11,16579,10.4,1
2025,11,13332,10.4,1
2025,11,15368,10.4,1
2025,11,12658,10.2,1
2025,11,16276,10.0,1
2025,11,15001,10.0,1
2025,11,17177,10.0,1
2025,11,16753,10.0,1
2025,11,13987,10.0,1
2025,11,14149,10.0,1
2025,11,17119,10.0,1
2025,11,13813,10.0,1
2025,11,17059,10.0,1
2025,11,15872,10.0,1
2025,11,17136,10.0,1
2025,11,14472,9.9,1
2025,11,13718,9.9,1
2025,11,16287,9.9,1
2025,11,14426,9.9,1
2025,11,13138,9.9,1
2025,11,14849,9.9,1
2025,11,15332,9.8,1
2025,11,16723,9.7,1
2025,11,13303,9.6,1
2025,11,15256,9.6,1
2025,11,17165,9.5,1
2025,11,13713,9.5,1
2025,11,15369,9.5,1
2025,11,10768,9.5,1
2025,11,16346,9.5,1
2025,11,16211,9.1,1
2025,11,15881,9.1,1
2025,11,14163,9.0,1
2025,11,16251,9.0,1
2025,11,14909,9.0,1
2025,11,16690,9.0,1
2025,11,13228,9.0,1
2025,11,13707,9.0,1
2025,11,16653,9.0,1
2025,11,15727,9.0,1
2025,11,10775,9.0,1
2025,11,16262,9.0,1
2025,11,17122,9.0,1
2025,11,15808,9.0,1
2025,11,14221,9.0,1
2025,11,12225,9.0,1
2025,11,16492,9.0,1
2025,11,13769,9.0,1
2025,11,14797,9.0,1
2025,11,16191,8.9,1
2025,11,15979,8.8,1
2025,11,15911,8.7,1
2025,11,12741,8.7,1
2025,11,16616,8.7,1
2025,11,15393,8.6,1
2025,11,15755,8.6,1
2025,11,12323,8.6,1
2025,11,15622,8.5,1
2025,11,16660,8.5,1
2025,11,13448,8.5,1
2025,11,14899,8.5,1
2025,11,15355,8.5,1
2025,11,17174,8.5,1
2025,11,15809,8.5,1
2025,11,14907,8.5,1
2025,11,13447,8.5,1
2025,11,15452,8.5,1
2025,11,15365,8.5,1
2025,11,16684,8.4,1
2025,11,15694,8.4,1
2025,11,14198,8.4,1
2025,11,14860,8.3,1
2025,11,13690,8.3,1
2025,11,15815,8.2,1
2025,11,16391,8.2,1
2025,11,16414,8.2,1
2025,11,16010,8.1,1
2025,11,17179,8.1,1
2025,11,17115,8.1,1
2025,11,17340,8.0,1
2025,11,14328,8.0,1
2025,11,17129,8.0,1
2025,11,16326,8.0,1
2025,11,17221,8.0,1
2025,11,16677,8.0,1
2025,11,13226,8.0,1
2025,11,16656,8.0,1
2025,11,14180,8.0,1
2025,11,14910,8.0,1
2025,11,17146,8.0,1
2025,11,15076,8.0,1
2025,11,16336,8.0,1
2025,11,16735,8.0,1
2025,11,16226,8.0,1
2025,11,13214,8.0,1
2025,11,12782,8.0,1
2025,11,14823,8.0,1
2025,11,17178,8.0,1
2025,11,13704,8.0,1
2025,11,15721,7.9,1
2025,11,15742,7.9,1
2025,11,13630,7.8,1
2025,11,16661,7.8,1
2025,11,13802,7.7,1
2025,11,14303,7.7,1
2025,11,11222,7.6,1
2025,11,13714,7.5,1
2025,11,13810,7.5,1
2025,11,14896,7.5,1
2025,11,11807,7.5,1
2025,11,10266,7.5,1
2025,11,12238,7.5,1
2025,11,14908,7.5,1
2025,11,14518,7.5,1
2025,11,14235,7.5,1
2025,11,16927,7.5,1
2025,11,12735,7.5,1
2025,11,16887,7.5,1
2025,11,13377,7.5,1
2025,11,12739,7.5,1
2025,11,17083,7.5,1
2025,11,14168,7.5,1
2025,11,16009,7.5,1
2025,11,17066,7.4,1
2025,11,16641,7.4,1
2025,11,16419,7.4,1
2025,11,10945,7.3,1
2025,11,16294,7.2,1
2025,11,14836,7.2,1
2025,11,16450,7.2,1
2025,11,16695,7.0,1
2025,11,16240,7.0,1
2025,11,16777,7.0,1
2025,11,16556,7.0,1
2025,11,17186,7.0,1
2025,11,16274,7.0,1
2025,11,11286,7.0,1
2025,11,14894,7.0,1
2025,11,17160,7.0,1
2025,11,16691,7.0,1
2025,11,14995,7.0,1
2025,11,17121,7.0,1
2025,11,13268,7.0,1
2025,11,15117,7.0,1
2025,11,14997,7.0,1
2025,11,15877,7.0,1
2025,11,15377,7.0,1
2025,11,14979,7.0,1
2025,11,13888,7.0,1
2025,11,17193,7.0,1
2025,11,17216,7.0,1
2025,11,14845,7.0,1
2025,11,16290,7.0,1
2025,11,13737,7.0,1
2025,11,14867,7.0,1
2025,11,15989,7.0,1
2025,11,11723,6.9,1
2025,11,15821,6.9,1
2025,11,17361,6.9,1
2025,11,16303,6.9,1
2025,11,16178,6.8,1
2025,11,16330,6.8,1
2025,11,9064,6.7,1
2025,11,12437,6.7,1
2025,11,15928,6.7,1
2025,11,15473,6.7,1
2025,11,17222,6.7,1
2025,11,17096,6.6,1
2025,11,12754,6.6,1
2025,11,16846,6.6,1
2025,11,16102,6.5,1
2025,11,16245,6.5,1
2025,11,16696,6.5,1
2025,11,17185,6.5,1
2025,11,16786,6.5,1
2025,11,14218,6.5,1
2025,11,15831,6.5,1
2025,11,16264,6.5,1
2025,11,14257,6.5,1
2025,11,14105,6.5,1
2025,11,15003,6.5,1
2025,11,14893,6.5,1
2025,11,17144,6.5,1
2025,11,16724,6.4,1
2025,11,13869,6.4,1
2025,11,16452,6.3,1
2025,11,15708,6.3,1
2025,11,13791,6.3,1
2025,11,15779,6.1,1
2025,11,12187,6.1,1
2025,11,17104,6.0,1
2025,11,15448,6.0,1
2025,11,14148,6.0,1
2025,11,17200,6.0,1
2025,11,16460,6.0,1
2025,11,12270,6.0,1
2025,11,16672,6.0,1
2025,11,16238,6.0,1
2025,11,13434,6.0,1
2025,11,14224,6.0,1
2025,11,11721,6.0,1
2025,11,13270,6.0,1
2025,11,16693,6.0,1
2025,11,13696,6.0,1
2025,11,16266,6.0,1
2025,11,14252,6.0,1
2025,11,14434,6.0,1
2025,11,13700,6.0,1
2025,11,15894,6.0,1
2025,11,15895,6.0,1
2025,11,15428,6.0,1
2025,11,13764,6.0,1
2025,11,17159,6.0,1
2025,11,12676,6.0,1
2025,11,15284,5.9,1
2025,11,14783,5.9,1
2025,11,16201,5.9,1
2025,11,15805,5.9,1
2025,11,14630,5.8,1
2025,11,13319,5.7,1
2025,11,10267,5.7,1
2025,11,16649,5.7,1
2025,11,13839,5.5,1
2025,11,12699,5.5,1
2025,11,15492,5.5,1
2025,11,16694,5.5,1
2025,11,16369,5.5,1
2025,11,15863,5.5,1
2025,11,14889,5.5,1
2025,11,13750,5.5,1
2025,11,15819,5.5,1
2025,11,16767,5.5,1
2025,11,15051,5.5,1
2025,11,17131,5.5,1
2025,11,13251,5.5,1
2025,11,16553,5.5,1
2025,11,17139,5.5,1
2025,11,12802,5.5,1
2025,11,15812,5.5,1
2025,11,14205,5.5,1
2025,11,16351,5.5,1
2025,11,15404,5.5,1
2025,11,16253,5.4,1
2025,11,16164,5.3,1
2025,11,17099,5.2,1
2025,11,15879,5.2,1
2025,11,16342,5.2,1
2025,11,15712,5.2,1
2025,11,17037,5.1,1
2025,11,17109,5.1,1
2025,11,16737,5.0,1
2025,11,16900,5.0,1
2025,11,14880,5.0,1
2025,11,15402,5.0,1
2025,11,17190,5.0,1
2025,11,15931,5.0,1
2025,11,16255,5.0,1
2025,11,17201,5.0,1
2025,11,14888,5.0,1
2025,11,14254,5.0,1
2025,11,16712,5.0,1
2025,11,15902,5.0,1
2025,11,15845,5.0,1
2025,11,17416,5.0,1
2025,11,12219,5.0,1
2025,11,14911,5.0,1
2025,11,17214,5.0,1
2025,11,16281,5.0,1
2025,11,15933,5.0,1
2025,11,15388,5.0,1
2025,11,16316,5.0,1
2025,11,16261,5.0,1
2025,11,13681,5.0,1
2025,11,17145,5.0,1
2025,11,16870,5.0,1
2025,11,15484,5.0,1
2025,11,12711,5.0,1
2025,11,15921,5.0,1
2025,11,15140,5.0,1
2025,11,14073,5.0,1
2025,11,16923,5.0,1
2025,11,16532,5.0,1
2025,11,16958,5.0,1
2025,11,14302,5.0,1
2025,11,14071,4.9,1
2025,11,15461,4.9,1
2025,11,11383,4.8,1
2025,11,11367,4.7,1
2025,11,17061,4.7,1
2025,11,13772,4.7,1
2025,11,15799,4.7,1
2025,11,15081,4.5,1
2025,11,17196,4.5,1
2025,11,16928,4.5,1
2025,11,15165,4.5,1
2025,11,16014,4.5,1
2025,11,13208,4.5,1
2025,11,16705,4.5,1
2025,11,17125,4.5,1
2025,11,14953,4.5,1
2025,11,16280,4.5,1
2025,11,16707,4.5,1
2025,11,13694,4.5,1
2025,11,17239,4.5,1
2025,11,16746,4.5,1
2025,11,14975,4.5,1
2025,11,16730,4.5,1
2025,11,15390,4.5,1
2025,11,14930,4.5,1
2025,11,15860,4.5,1
2025,11,14954,4.5,1
2025,11,17339,4.4,1
2025,11,14256,4.4,1
2025,11,15832,4.4,1
2025,11,16778,4.4,1
2025,11,15785,4.4,1
2025,11,8930,4.3,1
2025,11,16390,4.3,1
2025,11,14138,4.3,1
2025,11,14985,4.2,1
2025,11,13307,4.0,1
2025,11,17128,4.0,1
2025,11,12764,4.0,1
2025,11,16324,4.0,1
2025,11,16192,4.0,1
2025,11,13782,4.0,1
2025,11,17106,4.0,1
2025,11,17277,4.0,1
2025,11,15359,4.0,1
2025,11,17068,4.0,1
2025,11,17153,4.0,1
2025,11,12305,4.0,1
2025,11,15878,4.0,1
2025,11,15378,4.0,1
2025,11,15846,4.0,1
2025,11,13678,4.0,1
2025,11,16300,4.0,1
2025,11,16082,4.0,1
2025,11,16698,4.0,1
2025,11,13330,4.0,1
2025,11,16278,4.0,1
2025,11,14164,4.0,1
2025,11,16302,4.0,1
2025,11,15352,4.0,1
2025,11,11872,4.0,1
2025,11,14982,4.0,1
2025,11,16716,4.0,1
2025,11,13742,4.0,1
2025,11,17155,4.0,1
2025,11,16370,4.0,1
2025,11,14879,4.0,1
2025,11,16734,4.0,1
2025,11,15853,4.0,1
2025,11,16572,4.0,1
2025,11,16736,4.0,1
2025,11,16268,4.0,1
2025,11,15366,4.0,1
2025,11,16077,4.0,1
2025,11,14927,4.0,1
2025,11,16731,4.0,1
2025,11,16169,3.9,1
2025,11,16800,3.8,1
2025,11,15331,3.8,1
2025,11,17078,3.8,1
2025,11,15668,3.8,1
2025,11,13189,3.6,1
2025,11,12678,3.6,1
2025,11,13940,3.5,1
2025,11,16018,3.5,1
2025,11,14495,3.5,1
2025,11,15363,3.5,1
2025,11,15822,3.5,1
2025,11,17172,3.5,1
2025,11,14159,3.5,1
2025,11,14153,3.5,1
2025,11,14858,3.4,1
2025,11,15884,3.4,1
2025,11,13157,3.3,1
2025,11,13143,3.3,1
2025,11,14871,3.3,1
2025,11,17397,3.2,1
2025,11,12842,3.2,1
2025,11,15786,3.2,1
2025,11,17112,3.0,1
2025,11,15121,3.0,1
2025,11,13683,3.0,1
2025,11,11936,3.0,1
2025,11,15950,3.0,1
2025,11,15738,3.0,1
2025,11,16234,3.0,1
2025,11,14154,3.0,1
2025,11,17209,3.0,1
2025,11,16283,3.0,1
2025,11,15346,3.0,1
2025,11,12234,3.0,1
2025,11,15089,3.0,1
2025,11,16784,3.0,1
2025,11,15923,3.0,1
2025,11,16954,3.0,1
2025,11,12697,3.0,1
2025,11,16315,3.0,1
2025,11,13231,3.0,1
2025,11,11769,3.0,1
2025,11,16878,3.0,1
2025,11,12831,3.0,1
2025,11,16787,3.0,1
2025,11,16715,3.0,1
2025,11,16702,3.0,1
2025,11,17154,3.0,1
2025,11,15943,3.0,1
2025,11,15380,3.0,1
2025,11,15515,3.0,1
2025,11,14590,3.0,1
2025,11,16741,3.0,1
2025,11,16662,3.0,1
2025,11,16186,3.0,1
2025,11,16643,2.9,1
2025,11,16949,2.9,1
2025,11,17070,2.9,1
2025,11,17105,2.8,1
2025,11,17047,2.8,1
2025,11,16425,2.8,1
2025,11,17075,2.8,1
2025,11,17051,2.8,1
2025,11,16165,2.8,1
2025,11,17053,2.7,1
2025,11,9596,2.7,1
2025,11,17184,2.6,1
2025,11,13629,2.6,1
2025,11,14143,2.6,1
2025,11,16120,2.6,1
2025,11,15258,2.6,1
2025,11,16194,2.6,1
2025,11,17256,2.6,1
2025,11,16263,2.5,1
2025,11,10814,2.5,1
2025,11,13265,2.5,1
2025,11,16236,2.5,1
2025,11,14891,2.5,1
2025,11,15835,2.5,1
2025,11,13322,2.5,1
2025,11,14283,2.5,1
2025,11,13745,2.5,1
2025,11,16282,2.5,1
2025,11,16620,2.5,1
2025,11,16207,2.5,1
2025,11,17137,2.5,1
2025,11,17124,2.5,1
2025,11,17132,2.5,1
2025,11,17001,2.5,1
2025,11,16305,2.5,1
2025,11,17228,2.5,1
2025,11,14247,2.5,1
2025,11,13230,2.5,1
2025,11,15527,2.5,1
2025,11,15409,2.5,1
2025,11,13709,2.5,1
2025,11,16697,2.5,1
2025,11,14200,2.5,1
2025,11,16344,2.5,1
2025,11,13952,2.5,1
2025,11,16520,2.5,1
2025,11,17138,2.5,1
2025,11,16375,2.5,1
2025,11,16232,2.5,1
2025,11,12229,2.5,1
2025,11,16692,2.5,1
2025,11,16629,2.4,1
2025,11,15032,2.4,1
2025,11,11247,2.4,1
2025,11,16312,2.4,1
2025,11,16633,2.3,1
2025,11,15650,2.3,1
2025,11,13635,2.2,1
2025,11,15361,2.2,1
2025,11,12773,2.1,1
2025,11,15802,2.1,1
2025,11,15796,2.1,1
2025,11,17351,2.0,1
2025,11,16720,2.0,1
2025,11,16235,2.0,1
2025,11,16325,2.0,1
2025,11,16030,2.0,1
2025,11,14717,2.0,1
2025,11,15807,2.0,1
2025,11,17350,2.0,1
2025,11,16869,2.0,1
2025,11,13710,2.0,1
2025,11,15814,2.0,1
2025,11,16244,2.0,1
2025,11,15851,2.0,1
2025,11,14928,2.0,1
2025,11,17081,2.0,1
2025,11,13755,2.0,1
2025,11,14904,2.0,1
2025,11,15907,2.0,1
2025,11,10783,2.0,1
2025,11,16485,2.0,1
2025,11,17118,2.0,1
2025,11,17156,2.0,1
2025,11,15408,2.0,1
2025,11,16228,2.0,1
2025,11,14978,2.0,1
2025,11,16655,2.0,1
2025,11,15868,2.0,1
2025,11,13953,2.0,1
2025,11,15906,2.0,1
2025,11,15857,2.0,1
2025,11,14962,2.0,1
2025,11,16714,2.0,1
2025,11,17343,2.0,1
2025,11,16252,2.0,1
2025,11,15373,2.0,1
2025,11,16242,2.0,1
2025,11,17116,2.0,1
2025,11,17246,2.0,1
2025,11,14919,2.0,1
2025,11,17421,2.0,1
2025,11,15412,2.0,1
2025,11,16318,2.0,1
2025,11,16356,2.0,1
2025,11,17072,1.9,1
2025,11,17080,1.9,1
2025,11,16681,1.8,1
2025,11,17419,1.8,1
2025,11,16898,1.8,1
2025,11,14102,1.8,1
2025,11,16080,1.8,1
2025,11,16636,1.8,1
2025,11,17103,1.7,1
2025,11,15261,1.6,1
2025,11,12785,1.6,1
2025,11,15859,1.6,1
2025,11,12447,1.6,1
2025,11,16387,1.6,1
2025,11,16799,1.5,1
2025,11,17208,1.5,1
2025,11,13260,1.5,1
2025,11,16680,1.5,1
2025,11,16036,1.5,1
2025,11,17418,1.5,1
2025,11,16457,1.5,1
2025,11,17319,1.5,1
2025,11,15589,1.5,1
2025,11,14197,1.5,1
2025,11,16486,1.5,1
2025,11,14943,1.5,1
2025,11,16657,1.5,1
2025,11,16175,1.5,1
2025,11,17410,1.5,1
2025,11,15446,1.5,1
2025,11,16328,1.5,1
2025,11,17365,1.5,1
2025,11,17417,1.5,1
2025,11,12745,1.5,1
2025,11,14237,1.5,1
2025,11,14934,1.5,1
2025,11,12716,1.5,1
2025,11,14951,1.5,1
2025,11,14543,1.5,1
2025,11,15491,1.5,1
2025,11,16875,1.5,1
2025,11,15998,1.5,1
2025,11,17123,1.5,1
2025,11,17389,1.5,1
2025,11,13674,1.3,1
2025,11,13148,1.3,1
2025,11,17171,1.3,1
2025,11,14110,1.2,1
2025,11,15797,1.1,1
2025,11,16183,1.1,1
2025,11,14870,1.1,1
2025,11,15903,1.0,1
2025,11,15449,1.0,1
2025,11,16726,1.0,1
2025,11,16275,1.0,1
2025,11,15935,1.0,1
2025,11,17164,1.0,1
2025,11,16045,1.0,1
2025,11,16872,1.0,1
2025,11,13201,1.0,1
2025,11,14672,1.0,1
2025,11,17257,1.0,1
2025,11,17341,1.0,1
2025,11,12795,1.0,1
2025,11,16666,1.0,1
2025,11,17354,1.0,1
2025,11,16352,1.0,1
2025,11,15392,1.0,1
2025,11,15945,1.0,1
2025,11,14947,1.0,1
2025,11,16912,1.0,1
2025,11,13547,1.0,1
2025,11,15614,1.0,1
2025,11,15375,1.0,1
2025,11,12083,1.0,1
2025,11,16794,1.0,1
2025,11,14227,1.0,1
2025,11,17120,1.0,1
2025,11,13455,1.0,1
2025,11,16913,1.0,1
2025,11,16304,1.0,1
2025,11,15521,1.0,1
2025,11,17189,1.0,1
2025,11,17233,1.0,1
2025,11,14737,1.0,1
2025,11,17295,1.0,1
2025,11,16828,1.0,1
2025,11,16710,1.0,1
2025,11,16634,1.0,1
2025,11,14948,1.0,1
2025,11,15798,1.0,1
2025,11,12978,1.0,1
2025,11,17016,1.0,1
2025,11,12923,1.0,1
2025,11,15244,1.0,1
2025,11,16217,1.0,1
2025,11,17385,1.0,1
2025,11,17207,1.0,1
2025,11,12744,1.0,1
2025,11,15813,1.0,1
2025,11,16072,1.0,1
2025,11,13249,1.0,1
2025,11,17182,1.0,1
2025,11,17326,1.0,1
2025,11,16703,1.0,1
2025,11,17230,1.0,1
2025,11,16831,1.0,1
2025,11,13785,1.0,1
2025,11,14963,1.0,1
2025,11,16722,1.0,1
2025,11,17398,1.0,1
2025,11,11706,1.0,1
2025,11,15861,1.0,1
2025,11,16754,1.0,1
2025,11,16247,1.0,1
2025,11,15925,1.0,1
2025,11,15049,1.0,1
2025,11,17251,1.0,1
2025,11,15913,1.0,1
2025,11,16843,0.9,1
2025,11,14370,0.9,1
2025,11,16647,0.8,1
2025,11,15535,0.8,1
2025,11,16752,0.7,1
2025,11,13354,0.7,1
2025,11,15757,0.7,1
2025,11,8851,0.6,1
2025,11,15800,0.6,1
2025,11,15956,0.5,1
2025,11,15676,0.5,1
2025,11,17422,0.5,1
2025,11,16271,0.5,1
2025,11,15335,0.5,1
2025,11,17358,0.5,1
2025,11,13770,0.5,1
2025,11,16733,0.5,1
2025,11,16496,0.5,1
2025,11,13288,0.5,1
2025,11,15148,0.5,1
2025,11,17097,0.5,1
2025,11,15899,0.5,1
2025,11,17058,0.5,1
2025,11,17140,0.5,1
2025,11,15777,0.5,1
2025,11,15443,0.5,1
2025,11,17408,0.5,1
2025,11,16383,0.5,1
2025,11,14414,0.5,1
2025,11,16727,0.5,1
2025,11,10700,0.5,1
2025,11,16037,0.5,1
2025,11,16757,0.4,1
2025,11,13610,0.4,1
2025,11,17042,0.3,1
2025,11,15716,0.3,1
2025,11,17220,0.3,1
2025,11,14104,0.3,1
2025,11,16610,0.3,1
2025,11,16195,0.3,1
2025,11,11938,0.2,1
2025,11,15341,0.2,1
2025,11,16608,0.2,1
2025,11,16428,0.1,1
2025,11,13164,0.1,1
2025,11,16212,0.1,1
2025,11,16627,0.1,1
2025,11,17076,0.1,1
2025,11,12481,0.0,1
2025,11,16019,0.0,1
2025,11,16709,0.0,1
2025,11,17173,0.0,1
2025,11,17247,0.0,1
2025,11,14146,0.0,1
2025,11,16203,0.0,1
2025,11,15414,0.0,1
2025,11,14592,0.0,1
2025,11,14926,0.0,1
2025,11,17213,0.0,1
2025,11,14118,0.0,1
2025,11,17356,0.0,1
2025,11,15094,0.0,1
2025,11,14292,0.0,1
2025,11,14864,0.0,1
2025,11,17374,0.0,1
2025,11,16218,0.0,1
2025,11,15109,0.0,1
2025,11,17232,0.0,1
2025,11,11970,0.0,1
2025,11,16742,0.0,1
2025,11,17334,0.0,1
2025,11,16241,0.0,1
2025,11,15379,0.0,1
2025,11,15595,0.0,1
2025,11,17330,0.0,1
2025,11,17269,0.0,1
2025,11,13767,0.0,1
2025,11,15936,0.0,1
2025,11,16820,0.0,1
2025,11,16877,0.0,1
2025,11,16571,0.0,1
2025,11,13675,0.0,1
2025,11,16219,0.0,1
2025,11,13066,0.0,1
2025,11,17371,0.0,1
2025,11,15849,0.0,1
2025,11,15944,0.0,1
2025,11,17161,0.0,1
2025,11,17242,0.0,1
2025,11,12608,0.0,1
2025,11,14925,0.0,1
2025,11,16933,0.0,1
2025,11,15823,0.0,1
2025,11,16601,0.0,1
2025,11,12700,0.0,1
2025,11,13927,0.0,1
2025,11,16385,0.0,1
2025,11,17285,0.0,1
2025,11,16621,0.0,1
2025,11,16258,0.0,1
2025,11,17188,0.0,1
2025,11,13692,0.0,1
2025,11,16642,0.0,1
2025,11,16023,0.0,1
2025,11,16688,0.0,1
2025,11,17142,0.0,1
2025,11,14219,0.0,1
2025,11,17243,0.0,1
2025,11,17199,0.0,1
2025,11,16728,0.0,1
2025,11,16516,0.0,1
2025,11,17367,0.0,1
2025,11,17348,0.0,1
2025,11,15874,0.0,1
2025,11,17229,0.0,1
2025,11,14555,0.0,1
2025,11,16366,0.0,1
2025,11,16890,0.0,1
2025,11,14489,0.0,1
2025,11,16384,0.0,1
2025,11,9207,0.0,1
2025,11,14420,0.0,1
2025,11,13844,0.0,1
2025,11,16523,0.0,1
2025,11,16880,0.0,1
2025,11,16443,0.0,1
2025,11,17204,0.0,1
2025,11,16761,0.0,1
2025,11,15450,0.0,1
2025,11,14984,0.0,1
2025,11,17407,0.0,1
2025,11,16613,0.0,1
2025,11,16118,0.0,1
2025,11,8269,0.0,1
2025,11,14991,0.0,1
2025,11,17265,0.0,1
2025,11,13418,0.0,1
2025,11,16760,0.0,1
2025,11,15344,0.0,1
2025,11,14847,0.0,1
2025,11,17378,0.0,1
2025,11,16796,0.0,1
2025,11,14442,0.0,1
2025,11,16113,0.0,1
2025,11,17202,0.0,1
2025,11,17400,0.0,1
2025,11,17141,0.0,1
2025,11,16439,0.0,1
2025,11,17215,0.0,1
2025,11,14967,0.0,1
2025,11,15432,0.0,1
2025,11,16273,0.0,1
2025,11,15965,0.0,1
2025,11,16416,0.0,1
2025,11,17223,0.0,1
2025,11,15468,0.0,1
2025,11,16338,0.0,1
2025,11,16265,0.0,1
2025,11,15905,0.0,1
2025,11,17175,0.0,1
2025,11,16603,0.0,1
2025,11,14319,0.0,1
2025,11,14161,0.0,1
2025,11,16816,0.0,1
2025,11,16940,0.0,1
2025,11,15726,0.0,1
2025,11,17317,0.0,1
2025,11,15847,0.0,1
2025,11,16310,0.0,1
2025,11,16792,0.0,1
2025,11,16897,0.0,1
2025,11,9826,0.0,1
2025,11,17211,0.0,1
2025,11,16974,0.0,1
2025,11,13695,0.0,1
2025,11,16260,0.0,1
2025,11,17360,0.0,1
2025,11,17396,0.0,1
2025,11,16296,0.0,1
2025,11,13726,0.0,1
2025,11,13308,0.0,1
2025,11,12771,0.0,1
2025,11,17087,0.0,1
2025,11,17404,0.0,1
2025,11,17148,0.0,1
2025,11,15926,0.0,1
2025,11,16962,0.0,1
2025,11,15538,0.0,1
2025,11,16422,0.0,1
2025,11,17337,0.0,1
2025,11,17254,0.0,1
2025,11,16237,0.0,1
2025,11,15804,0.0,1
2025,11,16793,0.0,1
2025,11,15406,0.0,1
2025,11,12976,0.0,1
2025,11,15880,0.0,1
2025,11,13988,0.0,1
2025,11,15082,0.0,1
2025,11,14897,0.0,1
2025,11,15460,0.0,1
2025,11,17107,0.0,1
2025,11,15942,0.0,1
2025,11,12955,0.0,1
2025,11,15395,0.0,1
2025,11,15151,0.0,1
2025,11,17244,0.0,1
2025,11,16403,0.0,1
2025,11,14012,0.0,1
2025,11,17255,0.0,1
2025,11,16883,0.0,1
2025,11,15103,0.0,1
2025,11,16440,0.0,1
2025,11,15766,0.0,1
2025,11,16658,0.0,1
2025,11,16221,0.0,1
2025,11,16371,0.0,1
2025,11,16463,0.0,1
2025,11,16750,0.0,1
2025,11,17388,0.0,1
2025,11,16776,0.0,1
2025,11,16225,0.0,1
2025,11,13652,0.0,1
2025,11,17203,0.0,1
2025,11,10514,0.0,1
2025,11,14675,0.0,1
2025,11,16431,0.0,1
2025,11,12217,0.0,1
2025,11,13267,0.0,1
2025,11,15391,0.0,1
2025,11,16335,0.0,1
2025,11,16557,0.0,1
2025,11,16678,0.0,1
2025,11,15891,0.0,1
2025,11,16322,0.0,1
2025,11,16341,0.0,1
2025,11,16850,0.0,1
2025,11,15829,0.0,1
2025,11,17234,0.0,1
2025,11,14280,0.0,1
2025,11,16289,0.0,1
2025,11,14359,0.0,1
2025,11,13968,0.0,1
2025,11,15319,-0.1,1
2025,11,16189,-0.1,1
2025,11,15713,-0.1,1
2025,11,13192,-0.1,1
2025,11,17056,-0.1,1
2025,11,15419,-0.2,1
2025,11,15337,-0.2,1
2025,11,13427,-0.3,1
2025,11,14331,-0.3,1
2025,11,17272,-0.4,1
2025,11,14083,-0.4,1
2025,11,17381,-0.4,1
2025,11,17049,-0.4,1
2025,11,13963,-0.5,1
2025,11,15718,-0.5,1
2025,11,11985,-0.5,1
2025,11,15498,-0.5,1
2025,11,16017,-0.5,1
2025,11,16606,-0.6,1
2025,11,11640,-0.7,1
2025,11,14833,-0.8,1
2025,11,17333,-0.8,1
2025,11,14085,-0.8,1
2025,11,13676,-0.9,1
2025,11,15285,-1.0,1
2025,11,13811,-1.0,1
2025,11,17376,-1.0,1
2025,11,15875,-1.0,1
2025,11,15476,-1.0,1
2025,11,12686,-1.0,1
2025,11,17157,-1.0,1
2025,11,17349,-1.0,1
2025,11,15263,-1.0,1
2025,11,15788,-1.0,1
2025,11,16749,-1.0,1
2025,11,15292,-1.0,1
2025,11,16299,-1.0,1
2025,11,12930,-1.0,1
2025,11,13706,-1.0,1
2025,11,15873,-1.0,1
2025,11,15353,-1.0,1
2025,11,14113,-1.0,1
2025,11,15795,-1.0,1
2025,11,14209,-1.1,1
2025,11,15329,-1.2,1
2025,11,11232,-1.3,1
2025,11,13403,-1.4,1
2025,11,15924,-1.4,1
2025,11,15281,-1.5,1
2025,11,16622,-1.5,1
2025,11,15981,-1.5,1
2025,11,9051,-1.5,1
2025,11,15287,-1.6,1
2025,11,15240,-1.8,1
2025,11,14137,-1.8,1
2025,11,11840,-1.9,1
2025,11,16054,-2.0,1
2025,11,17414,-2.0,1
2025,11,17108,-2.0,1
2025,11,14876,-2.0,1
2025,11,16839,-2.0,1
2025,11,13193,-2.0,1
2025,11,13156,-2.0,1
2025,11,15241,-2.1,1
2025,11,14076,-2.2,1
2025,11,13633,-2.3,1
2025,11,17048,-2.5,1
2025,11,14467,-2.5,1
2025,11,11675,-2.8,1
2025,11,17073,-2.8,1
2025,11,17079,-2.8,1
2025,11,13994,-2.8,1
2025,11,15282,-2.9,1
2025,11,16626,-3.0,1
2025,11,17134,-3.0,1
2025,11,16188,-3.0,1
2025,11,15761,-3.1,1
2025,11,14944,-3.4,1
2025,11,16593,-3.5,1
2025,11,13592,-3.5,1
2025,11,16043,-3.7,1
2025,11,14974,-3.7,1
2025,11,16630,-3.8,1
2025,11,16664,-4.0,1
2025,11,15626,-4.4,1
2025,11,13593,-4.6,1
2025,11,16292,-4.9,1
2025,11,16584,-5.0,1
2025,11,16729,-5.2,1
2025,11,16333,-7.0,1
2025,11,16215,-7.7,1
2025,11,14779,-9.7,1
2025,11,14244,-9.9,1
2025,11,16279,-14.4,1
2025,11,17031,-27.8,1
2025,12,12140,61.6,1
2025,12,16162,55.8,1
2025,12,12620,53.9,1
2025,12,14783,52.3,1
2025,12,9431,46.7,1
2025,12,13592,40.6,1
2025,12,13116,40.2,1
2025,12,13198,38.7,1
2025,12,16185,38.2,1
2025,12,16705,35.4,1
2025,12,16580,34.9,1
2025,12,17030,34.8,1
2025,12,16579,33.5,1
2025,12,15762,32.2,1
2025,12,16253,31.7,1
2025,12,15888,30.5,1
2025,12,15287,29.8,1
2025,12,15003,29.3,1
2025,12,15868,29.0,1
2025,12,12616,28.7,1
2025,12,14059,28.4,1
2025,12,13717,27.4,1
2025,12,15361,26.4,1
2025,12,14148,26.4,1
2025,12,16194,26.2,1
2025,12,14225,26.0,1
2025,12,16281,25.1,1
2025,12,14210,24.5,1
2025,12,16223,24.1,1
2025,12,15757,23.2,1
2025,12,16282,23.1,1
2025,12,12676,23.0,1
2025,12,16432,23.0,1
2025,12,12611,22.9,1
2025,12,14104,22.0,1
2025,12,13347,21.7,1
2025,12,17031,21.5,1
2025,12,15368,21.4,1
2025,12,15715,21.3,1
2025,12,12754,21.2,1
2025,12,14518,20.0,1
2025,12,15252,19.9,1
2025,12,10413,19.6,1
2025,12,16928,19.5,1
2025,12,13837,19.5,1
2025,12,15805,19.3,1
2025,12,16012,19.3,1
2025,12,16927,19.0,1
2025,12,14974,18.8,1
2025,12,15515,18.7,1
2025,12,16681,18.4,1
2025,12,15255,18.4,1
2025,12,15253,18.2,1
2025,12,16269,18.1,1
2025,12,16300,18.1,1
2025,12,14782,18.0,1
2025,12,15380,18.0,1
2025,12,13693,18.0,1
2025,12,12221,18.0,1
2025,12,16161,17.9,1
2025,12,13251,17.9,1
2025,12,15401,17.8,1
2025,12,13214,17.5,1
2025,12,11675,17.4,1
2025,12,17220,17.3,1
2025,12,16181,17.0,1
2025,12,14957,17.0,1
2025,12,16675,17.0,1
2025,12,17223,16.9,1
2025,12,13888,16.8,1
2025,12,16192,16.7,1
2025,12,15473,16.5,1
2025,12,16747,16.5,1
2025,12,16680,16.5,1
2025,12,15393,16.1,1
2025,12,12626,16.1,1
2025,12,16719,16.0,1
2025,12,15461,16.0,1
2025,12,16714,16.0,1
2025,12,12225,15.9,1
2025,12,17047,15.9,1
2025,12,17154,15.8,1
2025,12,15819,15.7,1
2025,12,16206,15.6,1
2025,12,17042,15.6,1
2025,12,17121,15.5,1
2025,12,16018,15.5,1
2025,12,16689,15.4,1
2025,12,13130,15.4,1
2025,12,16651,15.2,1
2025,12,10292,15.1,1
2025,12,16653,15.0,1
2025,12,15759,15.0,1
2025,12,14328,15.0,1
2025,12,16274,15.0,1
2025,12,13635,14.8,1
2025,12,15711,14.7,1
2025,12,14164,14.7,1
2025,12,13710,14.6,1
2025,12,16211,14.4,1
2025,12,16846,14.2,1
2025,12,14108,14.1,1
2025,12,16303,14.0,1
2025,12,14943,14.0,1
2025,12,16794,14.0,1
2025,12,14252,14.0,1
2025,12,14249,14.0,1
2025,12,14893,14.0,1
2025,12,13431,13.6,1
2025,12,16649,13.4,1
2025,12,15794,13.3,1
2025,12,13593,13.3,1
2025,12,16657,13.1,1
2025,12,17131,13.1,1
2025,12,16672,13.0,1
2025,12,15366,13.0,1
2025,12,16708,13.0,1
2025,12,13138,13.0,1
2025,12,16246,12.9,1
2025,12,16661,12.6,1
2025,12,15860,12.5,1
2025,12,13700,12.5,1
2025,12,17209,12.5,1
2025,12,12697,12.5,1
2025,12,16233,12.5,1
2025,12,13430,12.4,1
2025,12,15350,12.4,1
2025,12,15345,12.3,1
2025,12,13633,12.3,1
2025,12,16235,12.3,1
2025,12,17124,12.0,1
2025,12,15817,12.0,1
2025,12,16662,12.0,1
2025,12,14251,12.0,1
2025,12,13223,12.0,1
2025,12,16843,12.0,1
2025,12,13694,12.0,1
2025,12,15352,12.0,1
2025,12,15899,12.0,1
2025,12,16726,12.0,1
2025,12,16241,12.0,1
2025,12,15884,11.9,1
2025,12,17104,11.8,1
2025,12,14871,11.7,1
2025,12,10700,11.6,1
2025,12,14170,11.6,1
2025,12,15742,11.6,1
2025,12,15863,11.5,1
2025,12,14127,11.5,1
2025,12,14823,11.3,1
2025,12,16190,11.3,1
2025,12,15822,11.2,1
2025,12,17076,11.1,1
2025,12,17136,11.1,1
2025,12,16907,11.0,1
2025,12,15761,11.0,1
2025,12,17160,11.0,1
2025,12,15081,11.0,1
2025,12,12764,11.0,1
2025,12,16294,11.0,1
2025,12,9051,10.9,1
2025,12,17120,10.9,1
2025,12,17051,10.9,1
2025,12,15256,10.7,1
2025,12,13299,10.6,1
2025,12,14315,10.6,1
2025,12,14555,10.6,1
2025,12,13682,10.5,1
2025,12,14927,10.5,1
2025,12,17147,10.5,1
2025,12,13737,10.5,1
2025,12,15290,10.5,1
2025,12,15051,10.4,1
2025,12,16010,10.3,1
2025,12,15708,10.3,1
2025,12,15237,10.2,1
2025,12,17070,10.2,1
2025,12,16342,10.2,1
2025,12,14218,10.0,1
2025,12,16450,10.0,1
2025,12,13731,10.0,1
2025,12,16239,10.0,1
2025,12,17169,10.0,1
2025,12,16169,10.0,1
2025,12,17145,10.0,1
2025,12,16676,10.0,1
2025,12,17221,10.0,1
2025,12,12735,10.0,1
2025,12,14303,10.0,1
2025,12,15388,10.0,1
2025,12,12437,9.9,1
2025,12,14985,9.8,1
2025,12,15282,9.8,1
2025,12,15875,9.7,1
2025,12,16207,9.7,1
2025,12,15258,9.6,1
2025,12,17066,9.6,1
2025,12,13920,9.6,1
2025,12,15835,9.5,1
2025,12,14590,9.5,1
2025,12,12782,9.5,1
2025,12,13813,9.5,1
2025,12,12305,9.5,1
2025,12,15358,9.5,1
2025,12,14930,9.4,1
2025,12,13354,9.4,1
2025,12,17171,9.3,1
2025,12,16443,9.2,1
2025,12,16419,9.1,1
2025,12,16236,9.1,1
2025,12,17161,9.1,1
2025,12,15845,9.0,1
2025,12,14149,9.0,1
2025,12,15396,9.0,1
2025,12,16336,9.0,1
2025,12,14283,9.0,1
2025,12,12711,9.0,1
2025,12,15833,9.0,1
2025,12,16725,9.0,1
2025,12,17112,9.0,1
2025,12,17115,8.9,1
2025,12,12187,8.9,1
2025,12,14095,8.9,1
2025,12,14860,8.7,1
2025,12,16278,8.5,1
2025,12,14877,8.5,1
2025,12,10816,8.5,1
2025,12,13769,8.5,1
2025,12,15839,8.5,1
2025,12,12831,8.5,1
2025,12,13696,8.5,1
2025,12,14849,8.4,1
2025,12,14167,8.3,1
2025,12,16650,8.3,1
2025,12,14901,8.2,1
2025,12,17079,8.1,1
2025,12,12361,8.1,1
2025,12,15428,8.0,1
2025,12,15521,8.0,1
2025,12,13764,8.0,1
2025,12,17159,8.0,1
2025,12,15346,8.0,1
2025,12,15895,8.0,1
2025,12,15834,8.0,1
2025,12,11317,8.0,1
2025,12,17137,8.0,1
2025,12,15365,8.0,1
2025,12,10768,8.0,1
2025,12,15857,8.0,1
2025,12,16264,8.0,1
2025,12,14921,8.0,1
2025,12,14967,8.0,1
2025,12,16295,8.0,1
2025,12,12734,8.0,1
2025,12,14848,7.9,1
2025,12,17053,7.8,1
2025,12,13298,7.8,1
2025,12,13707,7.8,1
2025,12,17125,7.5,1
2025,12,17410,7.5,1
2025,12,16135,7.5,1
2025,12,15754,7.5,1
2025,12,16013,7.5,1
2025,12,14897,7.5,1
2025,12,15921,7.5,1
2025,12,16452,7.5,1
2025,12,14244,7.4,1
2025,12,15331,7.3,1
2025,12,14037,7.3,1
2025,12,11383,7.2,1
2025,12,15814,7.2,1
2025,12,17105,7.2,1
2025,12,13403,7.1,1
2025,12,14889,7.0,1
2025,12,14832,7.0,1
2025,12,17178,7.0,1
2025,12,16727,7.0,1
2025,12,15390,7.0,1
2025,12,14235,7.0,1
2025,12,16911,7.0,1
2025,12,12752,7.0,1
2025,12,12802,7.0,1
2025,12,16703,7.0,1
2025,12,16712,7.0,1
2025,12,13265,7.0,1
2025,12,15124,7.0,1
2025,12,17144,7.0,1
2025,12,15001,7.0,1
2025,12,16912,7.0,1
2025,12,15904,7.0,1
2025,12,14997,7.0,1
2025,12,10814,7.0,1
2025,12,15933,7.0,1
2025,12,11769,7.0,1
2025,12,15950,7.0,1
2025,12,15397,7.0,1
2025,12,11945,7.0,1
2025,12,13319,6.9,1
2025,12,13066,6.9,1
2025,12,16620,6.8,1
2025,12,15789,6.8,1
2025,12,17043,6.7,1
2025,12,16244,6.6,1
2025,12,14836,6.6,1
2025,12,15998,6.5,1
2025,12,14168,6.5,1
2025,12,17071,6.5,1
2025,12,16667,6.5,1
2025,12,14934,6.5,1
2025,12,16621,6.5,1
2025,12,15082,6.5,1
2025,12,16344,6.5,1
2025,12,15387,6.5,1
2025,12,10266,6.5,1
2025,12,17319,6.5,1
2025,12,15889,6.5,1
2025,12,17185,6.5,1
2025,12,13447,6.5,1
2025,12,14982,6.5,1
2025,12,16641,6.5,1
2025,12,15676,6.5,1
2025,12,15972,6.4,1
2025,12,16691,6.4,1
2025,12,16887,6.4,1
2025,12,15712,6.3,1
2025,12,12860,6.3,1
2025,12,12677,6.3,1
2025,12,14861,6.2,1
2025,12,15821,6.2,1
2025,12,17083,6.1,1
2025,12,15395,6.1,1
2025,12,14151,6.1,1
2025,12,15261,6.1,1
2025,12,16268,6.0,1
2025,12,15866,6.0,1
2025,12,15355,6.0,1
2025,12,13470,6.0,1
2025,12,13249,6.0,1
2025,12,15894,6.0,1
2025,12,17056,6.0,1
2025,12,15856,6.0,1
2025,12,16516,6.0,1
2025,12,11947,6.0,1
2025,12,17229,6.0,1
2025,12,16741,6.0,1
2025,12,16486,6.0,1
2025,12,17219,6.0,1
2025,12,17143,6.0,1
2025,12,16139,6.0,1
2025,12,14947,6.0,1
2025,12,15906,6.0,1
2025,12,13927,6.0,1
2025,12,16670,6.0,1
2025,12,15869,6.0,1
2025,12,17163,6.0,1
2025,12,16256,6.0,1
2025,12,16228,6.0,1
2025,12,17214,6.0,1
2025,12,16878,6.0,1
2025,12,17257,6.0,1
2025,12,15721,5.9,1
2025,12,16403,5.8,1
2025,12,16690,5.8,1
2025,12,14110,5.7,1
2025,12,17046,5.7,1
2025,12,13678,5.7,1
2025,12,15916,5.6,1
2025,12,14157,5.5,1
2025,12,17228,5.5,1
2025,12,17102,5.5,1
2025,12,15831,5.5,1
2025,12,17167,5.5,1
2025,12,16677,5.5,1
2025,12,16520,5.5,1
2025,12,8930,5.5,1
2025,12,15357,5.5,1
2025,12,17340,5.5,1
2025,12,14909,5.5,1
2025,12,16265,5.5,1
2025,12,16647,5.3,1
2025,12,16724,5.3,1
2025,12,17103,5.3,1
2025,12,9064,5.2,1
2025,12,16736,5.0,1
2025,12,16224,5.0,1
2025,12,16786,5.0,1
2025,12,17254,5.0,1
2025,12,16267,5.0,1
2025,12,11793,5.0,1
2025,12,14154,5.0,1
2025,12,15681,5.0,1
2025,12,17155,5.0,1
2025,12,14237,5.0,1
2025,12,14962,5.0,1
2025,12,13294,5.0,1
2025,12,15813,5.0,1
2025,12,14163,5.0,1
2025,12,13307,5.0,1
2025,12,17141,5.0,1
2025,12,14180,5.0,1
2025,12,13715,5.0,1
2025,12,16314,5.0,1
2025,12,16694,5.0,1
2025,12,16809,4.9,1
2025,12,14102,4.8,1
2025,12,15716,4.8,1
2025,12,17222,4.7,1
2025,12,11244,4.7,1
2025,12,15777,4.7,1
2025,12,17049,4.7,1
2025,12,16014,4.6,1
2025,12,16616,4.6,1
2025,12,16858,4.6,1
2025,12,17172,4.5,1
2025,12,16700,4.5,1
2025,12,14302,4.5,1
2025,12,13742,4.5,1
2025,12,15409,4.5,1
2025,12,16283,4.5,1
2025,12,14942,4.5,1
2025,12,16302,4.5,1
2025,12,12741,4.5,1
2025,12,16102,4.5,1
2025,12,16195,4.4,1
2025,12,14071,4.4,1
2025,12,14842,4.4,1
2025,12,16626,4.4,1
2025,12,15032,4.3,1
2025,12,15626,4.3,1
2025,12,14802,4.2,1
2025,12,15768,4.2,1
2025,12,8851,4.1,1
2025,12,15710,4.1,1
2025,12,16776,4.0,1
2025,12,16225,4.0,1
2025,12,16753,4.0,1
2025,12,15405,4.0,1
2025,12,13267,4.0,1
2025,12,13987,4.0,1
2025,12,16318,4.0,1
2025,12,16328,4.0,1
2025,12,13704,4.0,1
2025,12,14954,4.0,1
2025,12,14879,4.0,1
2025,12,15907,4.0,1
2025,12,13208,4.0,1
2025,12,16734,4.0,1
2025,12,17116,4.0,1
2025,12,13268,4.0,1
2025,12,14221,4.0,1
2025,12,16702,4.0,1
2025,12,17118,4.0,1
2025,12,15809,4.0,1
2025,12,16954,4.0,1
2025,12,14907,4.0,1
2025,12,15413,4.0,1
2025,12,14257,4.0,1
2025,12,15121,4.0,1
2025,12,13690,4.0,1
2025,12,17135,4.0,1
2025,12,17146,4.0,1
2025,12,13810,4.0,1
2025,12,15492,4.0,1
2025,12,15879,4.0,1
2025,12,16216,3.9,1
2025,12,14984,3.8,1
2025,12,12323,3.8,1
2025,12,16291,3.8,1
2025,12,15738,3.8,1
2025,12,13595,3.7,1
2025,12,17134,3.6,1
2025,12,14122,3.6,1
2025,12,16460,3.5,1
2025,12,14159,3.5,1
2025,12,17265,3.5,1
2025,12,13672,3.5,1
2025,12,16245,3.5,1
2025,12,13674,3.5,1
2025,12,16492,3.5,1
2025,12,15727,3.4,1
2025,12,14080,3.4,1
2025,12,14845,3.4,1
2025,12,16219,3.3,1
2025,12,16716,3.3,1
2025,12,16330,3.2,1
2025,12,15799,3.2,1
2025,12,17213,3.2,1
2025,12,14835,3.2,1
2025,12,15779,3.1,1
2025,12,13695,3.1,1
2025,12,11706,3.0,1
2025,12,15418,3.0,1
2025,12,14452,3.0,1
2025,12,17149,3.0,1
2025,12,12217,3.0,1
2025,12,17132,3.0,1
2025,12,15412,3.0,1
2025,12,16784,3.0,1
2025,12,15913,3.0,1
2025,12,14737,3.0,1
2025,12,15464,3.0,1
2025,12,12691,3.0,1
2025,12,15446,3.0,1
2025,12,12447,3.0,1
2025,12,12219,3.0,1
2025,12,13226,3.0,1
2025,12,13959,3.0,1
2025,12,16023,3.0,1
2025,12,13744,3.0,1
2025,12,15460,3.0,1
2025,12,15445,3.0,1
2025,12,16371,3.0,1
2025,12,16276,3.0,1
2025,12,17119,3.0,1
2025,12,14669,3.0,1
2025,12,13228,3.0,1
2025,12,14896,3.0,1
2025,12,16696,3.0,1
2025,12,15892,3.0,1
2025,12,16271,3.0,1
2025,12,16251,3.0,1
2025,12,17181,3.0,1
2025,12,16710,3.0,1
2025,12,16240,3.0,1
2025,12,16777,3.0,1
2025,12,15337,3.0,1
2025,12,13199,3.0,1
2025,12,17186,3.0,1
2025,12,16767,3.0,1
2025,12,11286,3.0,1
2025,12,15379,3.0,1
2025,12,13844,2.9,1
2025,12,16391,2.9,1
2025,12,13201,2.9,1
2025,12,13164,2.8,1
2025,12,14358,2.8,1
2025,12,16178,2.8,1
2025,12,15319,2.7,1
2025,12,11150,2.7,1
2025,12,14995,2.7,1
2025,12,16166,2.7,1
2025,12,16387,2.7,1
2025,12,13980,2.7,1
2025,12,11872,2.6,1
2025,12,16513,2.5,1
2025,12,13288,2.5,1
2025,12,16193,2.5,1
2025,12,13317,2.5,1
2025,12,17199,2.5,1
2025,12,13745,2.5,1
2025,12,12739,2.5,1
2025,12,16510,2.5,1
2025,12,16369,2.5,1
2025,12,16660,2.5,1
2025,12,15359,2.5,1
2025,12,12186,2.5,1
2025,12,15872,2.5,1
2025,12,17153,2.5,1
2025,12,17174,2.5,1
2025,12,17122,2.5,1
2025,12,11970,2.5,1
2025,12,15956,2.5,1
2025,12,17369,2.4,1
2025,12,13782,2.4,1
2025,12,14143,2.4,1
2025,12,16633,2.4,1
2025,12,14630,2.3,1
2025,12,13634,2.3,1
2025,12,16593,2.3,1
2025,12,16212,2.3,1
2025,12,17234,2.2,1
2025,12,14858,2.2,1
2025,12,15491,2.2,1
2025,12,16429,2.1,1
2025,12,13193,2.1,1
2025,12,13774,2.0,1
2025,12,15853,2.0,1
2025,12,14944,2.0,1
2025,12,17204,2.0,1
2025,12,16572,2.0,1
2025,12,16118,2.0,1
2025,12,12231,2.0,1
2025,12,16009,2.0,1
2025,12,15989,2.0,1
2025,12,17198,2.0,1
2025,12,17357,2.0,1
2025,12,16077,2.0,1
2025,12,13330,2.0,1
2025,12,15117,2.0,1
2025,12,16370,2.0,1
2025,12,15851,2.0,1
2025,12,16891,2.0,1
2025,12,16226,2.0,1
2025,12,14928,2.0,1
2025,12,17142,2.0,1
2025,12,14012,2.0,1
2025,12,14182,2.0,1
2025,12,14217,2.0,1
2025,12,16383,2.0,1
2025,12,12686,2.0,1
2025,12,17126,2.0,1
2025,12,17397,2.0,1
2025,12,14319,2.0,1
2025,12,15622,2.0,1
2025,12,15448,2.0,1
2025,12,15808,2.0,1
2025,12,11723,2.0,1
2025,12,16352,2.0,1
2025,12,16749,2.0,1
2025,12,16284,2.0,1
2025,12,16897,2.0,1
2025,12,14171,2.0,1
2025,12,15943,2.0,1
2025,12,15878,2.0,1
2025,12,14891,2.0,1
2025,12,16296,2.0,1
2025,12,14908,2.0,1
2025,12,16019,2.0,1
2025,12,16673,2.0,1
2025,12,16720,2.0,1
2025,12,15377,2.0,1
2025,12,14105,2.0,1
2025,12,12978,2.0,1
2025,12,17010,2.0,1
2025,12,16639,1.9,1
2025,12,15911,1.9,1
2025,12,17339,1.8,1
2025,12,17087,1.8,1
2025,12,17039,1.8,1
2025,12,15614,1.6,1
2025,12,13706,1.6,1
2025,12,15965,1.6,1
2025,12,15891,1.5,1
2025,12,15914,1.5,1
2025,12,15329,1.5,1
2025,12,17389,1.5,1
2025,12,17148,1.5,1
2025,12,12758,1.5,1
2025,12,17139,1.5,1
2025,12,17188,1.5,1
2025,12,17177,1.5,1
2025,12,12218,1.5,1
2025,12,15812,1.5,1
2025,12,14600,1.5,1
2025,12,15559,1.5,1
2025,12,16787,1.5,1
2025,12,17361,1.5,1
2025,12,15931,1.5,1
2025,12,12700,1.5,1
2025,12,16553,1.5,1
2025,12,15946,1.5,1
2025,12,13933,1.5,1
2025,12,16664,1.5,1
2025,12,17140,1.5,1
2025,12,16693,1.5,1
2025,12,14672,1.5,1
2025,12,13940,1.4,1
2025,12,15981,1.4,1
2025,12,14138,1.3,1
2025,12,14137,1.3,1
2025,12,13604,1.3,1
2025,12,16201,1.3,1
2025,12,13246,1.3,1
2025,12,14370,1.3,1
2025,12,14198,1.2,1
2025,12,17356,1.2,1
2025,12,11936,1.2,1
2025,12,17077,1.2,1
2025,12,11232,1.1,1
2025,12,16164,1.1,1
2025,12,15335,1.1,1
2025,12,15804,1.1,1
2025,12,12785,1.1,1
2025,12,16723,1.1,1
2025,12,17175,1.1,1
2025,12,16346,1.0,1
2025,12,16496,1.0,1
2025,12,16262,1.0,1
2025,12,16532,1.0,1
2025,12,16165,1.0,1
2025,12,13750,1.0,1
2025,12,17123,1.0,1
2025,12,17421,1.0,1
2025,12,15836,1.0,1
2025,12,17251,1.0,1
2025,12,16350,1.0,1
2025,12,16485,1.0,1
2025,12,17187,1.0,1
2025,12,16232,1.0,1
2025,12,12645,1.0,1
2025,12,16026,1.0,1
2025,12,16870,1.0,1
2025,12,13687,1.0,1
2025,12,14260,1.0,1
2025,12,16793,1.0,1
2025,12,15730,1.0,1
2025,12,14888,1.0,1
2025,12,13988,1.0,1
2025,12,16728,1.0,1
2025,12,13754,1.0,1
2025,12,14245,1.0,1
2025,12,13785,1.0,1
2025,12,16913,1.0,1
2025,12,16366,1.0,1
2025,12,15341,1.0,1
2025,12,16750,1.0,1
2025,12,16288,1.0,1
2025,12,16316,1.0,1
2025,12,11367,1.0,1
2025,12,16816,1.0,1
2025,12,16326,1.0,1
2025,12,11348,1.0,1
2025,12,17317,1.0,1
2025,12,17422,1.0,1
2025,12,13263,1.0,1
2025,12,13953,1.0,1
2025,12,15349,1.0,1
2025,12,14405,1.0,1
2025,12,15694,1.0,1
2025,12,13479,1.0,1
2025,12,17383,1.0,1
2025,12,15535,1.0,1
2025,12,16063,1.0,1
2025,12,16290,1.0,1
2025,12,13448,1.0,1
2025,12,16933,1.0,1
2025,12,17355,1.0,1
2025,12,15148,1.0,1
2025,12,16656,1.0,1
2025,12,16695,1.0,1
2025,12,14224,1.0,1
2025,12,15903,1.0,1
2025,12,17400,1.0,1
2025,12,17247,1.0,1
2025,12,16737,1.0,1
2025,12,17208,1.0,1
2025,12,16275,1.0,1
2025,12,14948,1.0,1
2025,12,15684,1.0,1
2025,12,16325,1.0,1
2025,12,15432,1.0,1
2025,12,15177,1.0,1
2025,12,17164,1.0,1
2025,12,15807,1.0,1
2025,12,13270,1.0,1
2025,12,13148,1.0,1
2025,12,16017,1.0,1
2025,12,15928,1.0,1
2025,12,16234,1.0,1
2025,12,14894,1.0,1
2025,12,13994,1.0,1
2025,12,17193,1.0,1
2025,12,15541,0.9,1
2025,12,16788,0.9,1
2025,12,15802,0.7,1
2025,12,17106,0.7,1
2025,12,16643,0.7,1
2025,12,14876,0.7,1
2025,12,14592,0.7,1
2025,12,13156,0.6,1
2025,12,10783,0.5,1
2025,12,17108,0.5,1
2025,12,15795,0.5,1
2025,12,16072,0.5,1
2025,12,15538,0.5,1
2025,12,15589,0.5,1
2025,12,17230,0.5,1
2025,12,16949,0.5,1
2025,12,16669,0.5,1
2025,12,14414,0.5,1
2025,12,15985,0.5,1
2025,12,17207,0.5,1
2025,12,14548,0.5,1
2025,12,13132,0.5,1
2025,12,16601,0.5,1
2025,12,17343,0.5,1
2025,12,16439,0.5,1
2025,12,15424,0.5,1
2025,12,16872,0.5,1
2025,12,17081,0.4,1
2025,12,14918,0.4,1
2025,12,15103,0.4,1
2025,12,17333,0.4,1
2025,12,14803,0.4,1
2025,12,14209,0.3,1
2025,12,14717,0.3,1
2025,12,15925,0.2,1
2025,12,14227,0.2,1
2025,12,14867,0.1,1
2025,12,10945,0.1,1
2025,12,16416,0.1,1
2025,12,16082,0.0,1
2025,12,17398,0.0,1
2025,12,17246,0.0,1
2025,12,17203,0.0,1
2025,12,15353,0.0,1
2025,12,16894,0.0,1
2025,12,15129,0.0,1
2025,12,15902,0.0,1
2025,12,14675,0.0,1
2025,12,13610,0.0,1
2025,12,16754,0.0,1
2025,12,16304,0.0,1
2025,12,16678,0.0,1
2025,12,15422,0.0,1
2025,12,16173,0.0,1
2025,12,17263,0.0,1
2025,12,15786,0.0,1
2025,12,16483,0.0,1
2025,12,16613,0.0,1
2025,12,16958,0.0,1
2025,12,14991,0.0,1
2025,12,17349,0.0,1
2025,12,15765,0.0,1
2025,12,16850,0.0,1
2025,12,16334,0.0,1
2025,12,14815,0.0,1
2025,12,16608,0.0,1
2025,12,15829,0.0,1
2025,12,15924,0.0,1
2025,12,13434,0.0,1
2025,12,14280,0.0,1
2025,12,16052,0.0,1
2025,12,13418,0.0,1
2025,12,16796,0.0,1
2025,12,12229,0.0,1
2025,12,14847,0.0,1
2025,12,16289,0.0,1
2025,12,16037,0.0,1
2025,12,16356,0.0,1
2025,12,14359,0.0,1
2025,12,16373,0.0,1
2025,12,14442,0.0,1
2025,12,16828,0.0,1
2025,12,17201,0.0,1
2025,12,13547,0.0,1
2025,12,15926,0.0,1
2025,12,15785,0.0,1
2025,12,12716,0.0,1
2025,12,13427,0.0,1
2025,12,15292,0.0,1
2025,12,16252,0.0,1
2025,12,16962,0.0,1
2025,12,13322,0.0,1
2025,12,17182,0.0,1
2025,12,16422,0.0,1
2025,12,15419,0.0,1
2025,12,17337,0.0,1
2025,12,17358,0.0,1
2025,12,14086,0.0,1
2025,12,16237,0.0,1
2025,12,13692,0.0,1
2025,12,12083,0.0,1
2025,12,15880,0.0,1
2025,12,15406,0.0,1
2025,12,17414,0.0,1
2025,12,15262,0.0,1
2025,12,16688,0.0,1
2025,12,17423,0.0,1
2025,12,14975,0.0,1
2025,12,12955,0.0,1
2025,12,16831,0.0,1
2025,12,17367,0.0,1
2025,12,15796,0.0,1
2025,12,15151,0.0,1
2025,12,17255,0.0,1
2025,12,17244,0.0,1
2025,12,16446,0.0,1
2025,12,13455,0.0,1
2025,12,16451,0.0,1
2025,12,14951,0.0,1
2025,12,14254,0.0,1
2025,12,16883,0.0,1
2025,12,17321,0.0,1
2025,12,16440,0.0,1
2025,12,15766,0.0,1
2025,12,16800,0.0,1
2025,12,14963,0.0,1
2025,12,16463,0.0,1
2025,12,16733,0.0,1
2025,12,17379,0.0,1
2025,12,16056,0.0,1
2025,12,14978,0.0,1
2025,12,13919,0.0,1
2025,12,14161,0.0,1
2025,12,17418,0.0,1
2025,12,17330,0.0,1
2025,12,16230,0.0,1
2025,12,13192,0.0,1
2025,12,16940,0.0,1
2025,12,15726,0.0,1
2025,12,16197,0.0,1
2025,12,16413,0.0,1
2025,12,16715,0.0,1
2025,12,16869,0.0,1
2025,12,13767,0.0,1
2025,12,17078,0.0,1
2025,12,16820,0.0,1
2025,12,12745,0.0,1
2025,12,15953,0.0,1
2025,12,11807,0.0,1
2025,12,16310,0.0,1
2025,12,16457,0.0,1
2025,12,17385,0.0,1
2025,12,16571,0.0,1
2025,12,15945,0.0,1
2025,12,16630,0.0,1
2025,12,15849,0.0,1
2025,12,9826,0.0,1
2025,12,14495,0.0,1
2025,12,16260,0.0,1
2025,12,12608,0.0,1
2025,12,17360,0.0,1
2025,12,15332,0.0,1
2025,12,16732,0.0,1
2025,12,17396,0.0,1
2025,12,15832,0.0,1
2025,12,15823,0.0,1
2025,12,17282,0.0,1
2025,12,16839,0.0,1
2025,12,13308,0.0,1
2025,12,16120,0.0,1
2025,12,15824,0.0,1
2025,12,17351,0.0,1
2025,12,17097,0.0,1
2025,12,16709,0.0,1
2025,12,12481,0.0,1
2025,12,15285,0.0,1
2025,12,17173,0.0,1
2025,12,16113,0.0,1
2025,12,13811,0.0,1
2025,12,17156,0.0,1
2025,12,17419,0.0,1
2025,12,16976,0.0,1
2025,12,17375,0.0,1
2025,12,16315,0.0,1
2025,12,17215,0.0,1
2025,12,13231,0.0,1
2025,12,15414,0.0,1
2025,12,16138,0.0,1
2025,12,16273,0.0,1
2025,12,16324,0.0,1
2025,12,12923,0.0,1
2025,12,17016,0.0,1
2025,12,15462,0.0,1
2025,12,16054,0.0,1
2025,12,16045,0.0,1
2025,12,16218,0.0,1
2025,12,13963,0.0,1
2025,12,17232,0.0,1
2025,12,17381,0.0,1
2025,12,16900,0.0,1
2025,12,14215,0.0,1
2025,12,15468,0.0,1
2025,12,16338,0.0,1
2025,12,12699,0.0,1
2025,12,16036,0.0,1
2025,12,17365,0.0,1
2025,12,17350,0.0,1
2025,12,17417,0.0,1
2025,12,15585,0.0,1
2025,12,16603,0.0,1
2025,12,15897,0.0,1
2025,12,16215,-0.1,1
2025,12,17061,-0.1,1
2025,12,16752,-0.1,1
2025,12,17052,-0.1,1
2025,12,17080,-0.2,1
2025,12,14489,-0.2,1
2025,12,15698,-0.2,1
2025,12,13632,-0.2,1
2025,12,14085,-0.3,1
2025,12,16523,-0.3,1
2025,12,16312,-0.3,1
2025,12,15140,-0.3,1
2025,12,17096,-0.5,1
2025,12,14205,-0.5,1
2025,12,15800,-0.5,1
2025,12,13289,-0.5,1
2025,12,16957,-0.5,1
2025,12,16666,-0.5,1
2025,12,14146,-0.5,1
2025,12,15798,-0.5,1
2025,12,12744,-0.6,1
2025,12,16636,-0.6,1
2025,12,13163,-0.7,1
2025,12,9596,-0.7,1
2025,12,16634,-0.7,1
2025,12,14833,-0.7,1
2025,12,16148,-0.8,1
2025,12,15905,-0.8,1
2025,12,16682,-0.9,1
2025,12,17157,-1.0,1
2025,12,16186,-1.0,1
2025,12,17050,-1.0,1
2025,12,11938,-1.0,1
2025,12,17107,-1.0,1
2025,12,14904,-1.0,1
2025,12,15755,-1.0,1
2025,12,16221,-1.0,1
2025,12,17376,-1.0,1
2025,12,16217,-1.0,1
2025,12,14239,-1.0,1
2025,12,17211,-1.0,1
2025,12,16778,-1.0,1
2025,12,15787,-1.0,1
2025,12,16203,-1.0,1
2025,12,13260,-1.0,1
2025,12,12155,-1.0,1
2025,12,17058,-1.0,1
2025,12,15713,-1.1,1
2025,12,12658,-1.1,1
2025,12,16697,-1.2,1
2025,12,16414,-1.3,1
2025,12,16311,-1.4,1
2025,12,16622,-1.4,1
2025,12,16393,-1.5,1
2025,12,16080,-1.5,1
2025,12,12842,-1.6,1
2025,12,13676,-1.7,1
2025,12,13772,-1.9,1
2025,12,15049,-2.0,1
2025,12,16333,-2.0,1
2025,12,17295,-2.0,1
2025,12,15375,-2.0,1
2025,12,16642,-2.0,1
2025,12,15873,-2.0,1
2025,12,16242,-2.0,1
2025,12,14925,-2.0,1
2025,12,15498,-2.0,1
2025,12,13230,-2.0,1
2025,12,13718,-2.3,1
2025,12,17352,-2.3,1
2025,12,13869,-2.3,1
2025,12,13671,-2.3,1
2025,12,16287,-2.4,1
2025,12,16351,-2.4,1
2025,12,15259,-2.5,1
2025,12,15244,-2.6,1
2025,12,16191,-2.7,1
2025,12,15756,-3.0,1
2025,12,17109,-3.0,1
2025,12,16629,-3.0,1
2025,12,16187,-3.0,1
2025,12,16707,-3.0,1
2025,12,15288,-3.1,1
2025,12,11640,-3.1,1
2025,12,13377,-4.0,1
2025,12,16292,-4.1,1
2025,12,14797,-4.2,1
2025,12,15668,-4.3,1
2025,12,13709,-4.3,1
2025,12,13424,-4.4,1
2025,12,13303,-5.1,1
2025,12,17277,-5.2,1
2025,12,13589,-6.4,1
2025,12,16444,-10.1,1
2025,12,13590,-16.4,1
2025,12,16584,-25.2,1
2025,13,12611,52.4,1
2025,13,13116,51.1,1
2025,13,16580,49.1,1
2025,13,15404,46.2,1
2025,13,14782,46.1,1
2025,13,12620,45.1,1
2025,13,16148,42.9,1
2025,13,16582,36.7,1
2025,13,15237,36.5,1
2025,13,12616,36.3,1
2025,13,16650,33.2,1
2025,13,16161,31.6,1
2025,13,14777,30.4,1
2025,13,14059,30.2,1
2025,13,10700,29.9,1
2025,13,14104,27.9,1
2025,13,15756,27.8,1
2025,13,16266,27.2,1
2025,13,15913,26.6,1
2025,13,16195,26.0,1
2025,13,10413,25.1,1
2025,13,14151,24.8,1
2025,13,15350,24.8,1
2025,13,14797,24.6,1
2025,13,12141,24.2,1
2025,13,15863,24.0,1
2025,13,15698,24.0,1
2025,13,13713,23.8,1
2025,13,14783,23.7,1
2025,13,15388,23.6,1
2025,13,17209,23.5,1
2025,13,12437,23.2,1
2025,13,14252,23.2,1
2025,13,14832,22.9,1
2025,13,15261,22.8,1
2025,13,16788,22.6,1
2025,13,16167,21.8,1
2025,13,14225,21.6,1
2025,13,15768,21.6,1
2025,13,16757,21.4,1
2025,13,12626,21.3,1
2025,13,17066,21.0,1
2025,13,13590,20.7,1
2025,13,13281,20.7,1
2025,13,16150,20.7,1
2025,13,16233,20.7,1
2025,13,13447,20.6,1
2025,13,16641,20.6,1
2025,13,17032,20.1,1
2025,13,15290,20.0,1
2025,13,15452,19.5,1
2025,13,14080,19.4,1
2025,13,16593,19.2,1
2025,13,14802,19.2,1
2025,13,14127,19.1,1
2025,13,15368,19.1,1
2025,13,11706,19.0,1
2025,13,17125,18.9,1
2025,13,11675,18.6,1
2025,13,15817,18.5,1
2025,13,16626,18.4,1
2025,13,10266,18.0,1
2025,13,15950,17.3,1
2025,13,16694,17.3,1
2025,13,14909,17.3,1
2025,13,13589,17.2,1
2025,13,15981,17.2,1
2025,13,16276,17.1,1
2025,13,14897,17.1,1
2025,13,14167,17.0,1
2025,13,15418,17.0,1
2025,13,13690,17.0,1
2025,13,14302,17.0,1
2025,13,15794,16.9,1
2025,13,16809,16.8,1
2025,13,14247,16.6,1
2025,13,14163,16.5,1
2025,13,16244,16.5,1
2025,13,11247,16.2,1
2025,13,13952,16.2,1
2025,13,14779,16.1,1
2025,13,14957,16.0,1
2025,13,15401,16.0,1
2025,13,15464,16.0,1
2025,13,15715,15.9,1
2025,13,16428,15.9,1
2025,13,16712,15.7,1
2025,13,17039,15.7,1
2025,13,17349,15.6,1
2025,13,14210,15.5,1
2025,13,10775,15.4,1
2025,13,17051,15.3,1
2025,13,13710,15.0,1
2025,13,12752,15.0,1
2025,13,16670,15.0,1
2025,13,16303,15.0,1
2025,13,13198,14.9,1
2025,13,16194,14.8,1
2025,13,11769,14.7,1
2025,13,14109,14.7,1
2025,13,11721,14.6,1
2025,13,15355,14.5,1
2025,13,13630,14.4,1
2025,13,15329,14.4,1
2025,13,10292,14.4,1
2025,13,13839,14.3,1
2025,13,14122,14.2,1
2025,13,15727,14.1,1
2025,13,15789,14.1,1
2025,13,16181,14.1,1
2025,13,15281,14.0,1
2025,13,16245,14.0,1
2025,13,15836,14.0,1
2025,13,15812,14.0,1
2025,13,15394,14.0,1
2025,13,15380,14.0,1
2025,13,17068,13.9,1
2025,13,13223,13.9,1
2025,13,16328,13.8,1
2025,13,13163,13.6,1
2025,13,16314,13.5,1
2025,13,13700,13.5,1
2025,13,15473,13.5,1
2025,13,16727,13.5,1
2025,13,15875,13.4,1
2025,13,12686,13.3,1
2025,13,15861,13.1,1
2025,13,13263,13.0,1
2025,13,16252,13.0,1
2025,13,15738,12.9,1
2025,13,15710,12.9,1
2025,13,15369,12.7,1
2025,13,16598,12.7,1
2025,13,12676,12.6,1
2025,13,16275,12.5,1
2025,13,11327,12.5,1
2025,13,15894,12.5,1
2025,13,14927,12.5,1
2025,13,17083,12.5,1
2025,13,14412,12.0,1
2025,13,16725,12.0,1
2025,13,16279,12.0,1
2025,13,15872,12.0,1
2025,13,13251,12.0,1
2025,13,14221,12.0,1
2025,13,16316,12.0,1
2025,13,15484,12.0,1
2025,13,16269,12.0,1
2025,13,15786,12.0,1
2025,13,16256,11.9,1
2025,13,13299,11.9,1
2025,13,16614,11.8,1
2025,13,16291,11.7,1
2025,13,9431,11.7,1
2025,13,16777,11.6,1
2025,13,17071,11.6,1
2025,13,13723,11.5,1
2025,13,15834,11.5,1
2025,13,17061,11.5,1
2025,13,15089,11.5,1
2025,13,16262,11.5,1
2025,13,16927,11.5,1
2025,13,15256,11.5,1
2025,13,15712,11.5,1
2025,13,15396,11.5,1
2025,13,13189,11.3,1
2025,13,14717,11.2,1
2025,13,17043,11.2,1
2025,13,16655,11.2,1
2025,13,15979,11.1,1
2025,13,16268,11.1,1
2025,13,16018,11.0,1
2025,13,14995,11.0,1
2025,13,15819,11.0,1
2025,13,17157,11.0,1
2025,13,11872,11.0,1
2025,13,13709,11.0,1
2025,13,17145,11.0,1
2025,13,16012,11.0,1
2025,13,16703,11.0,1
2025,13,14892,11.0,1
2025,13,16923,10.9,1
2025,13,15260,10.8,1
2025,13,15708,10.7,1
2025,13,17361,10.7,1
2025,13,17181,10.6,1
2025,13,16689,10.6,1
2025,13,17134,10.6,1
2025,13,14249,10.5,1
2025,13,15892,10.5,1
2025,13,17147,10.5,1
2025,13,15821,10.5,1
2025,13,14982,10.5,1
2025,13,11244,10.5,1
2025,13,14138,10.3,1
2025,13,16414,10.2,1
2025,13,14073,10.2,1
2025,13,14867,10.2,1
2025,13,17031,10.2,1
2025,13,13692,10.1,1
2025,13,17186,10.0,1
2025,13,14328,10.0,1
2025,13,16673,10.0,1
2025,13,13448,10.0,1
2025,13,17143,10.0,1
2025,13,14896,10.0,1
2025,13,16145,10.0,1
2025,13,15850,10.0,1
2025,13,17121,10.0,1
2025,13,14518,10.0,1
2025,13,14251,10.0,1
2025,13,16223,10.0,1
2025,13,16460,10.0,1
2025,13,12741,10.0,1
2025,13,16675,10.0,1
2025,13,15798,10.0,1
2025,13,14237,10.0,1
2025,13,15681,10.0,1
2025,13,14919,10.0,1
2025,13,17339,9.9,1
2025,13,16211,9.9,1
2025,13,15754,9.9,1
2025,13,16603,9.9,1
2025,13,14860,9.8,1
2025,13,12735,9.7,1
2025,13,14908,9.5,1
2025,13,13298,9.5,1
2025,13,15835,9.5,1
2025,13,14283,9.5,1
2025,13,16663,9.5,1
2025,13,12697,9.5,1
2025,13,13138,9.5,1
2025,13,13742,9.5,1
2025,13,17352,9.5,1
2025,13,15259,9.5,1
2025,13,16169,9.4,1
2025,13,17424,9.4,1
2025,13,13212,9.3,1
2025,13,14877,9.3,1
2025,13,15721,9.3,1
2025,13,12225,9.3,1
2025,13,14942,9.0,1
2025,13,15349,9.0,1
2025,13,12700,9.0,1
2025,13,16369,9.0,1
2025,13,13208,9.0,1
2025,13,14472,9.0,1
2025,13,17120,9.0,1
2025,13,17169,9.0,1
2025,13,17397,9.0,1
2025,13,13268,9.0,1
2025,13,14888,9.0,1
2025,13,13143,9.0,1
2025,13,16193,9.0,1
2025,13,16295,9.0,1
2025,13,13837,9.0,1
2025,13,14037,9.0,1
2025,13,14213,9.0,1
2025,13,14434,9.0,1
2025,13,15805,9.0,1
2025,13,12711,9.0,1
2025,13,12782,9.0,1
2025,13,14940,9.0,1
2025,13,15853,9.0,1
2025,13,14947,8.9,1
2025,13,16620,8.8,1
2025,13,16207,8.8,1
2025,13,16627,8.8,1
2025,13,13130,8.8,1
2025,13,11286,8.5,1
2025,13,12238,8.5,1
2025,13,16767,8.5,1
2025,13,15357,8.5,1
2025,13,13681,8.5,1
2025,13,14870,8.4,1
2025,13,15711,8.3,1
2025,13,12842,8.3,1
2025,13,17115,8.3,1
2025,13,15258,8.3,1
2025,13,16178,8.2,1
2025,13,14136,8.2,1
2025,13,16014,8.1,1
2025,13,16010,8.1,1
2025,13,16188,8.1,1
2025,13,16240,8.0,1
2025,13,14669,8.0,1
2025,13,15173,8.0,1
2025,13,13731,8.0,1
2025,13,15345,8.0,1
2025,13,13774,8.0,1
2025,13,16878,8.0,1
2025,13,14105,8.0,1
2025,13,15809,8.0,1
2025,13,13933,8.0,1
2025,13,15857,8.0,1
2025,13,17127,8.0,1
2025,13,17155,8.0,1
2025,13,16288,8.0,1
2025,13,16450,8.0,1
2025,13,13249,8.0,1
2025,13,16667,8.0,1
2025,13,13317,8.0,1
2025,13,14157,8.0,1
2025,13,16224,8.0,1
2025,13,12234,7.9,1
2025,13,12263,7.9,1
2025,13,12744,7.9,1
2025,13,13164,7.8,1
2025,13,13782,7.5,1
2025,13,16794,7.5,1
2025,13,13434,7.5,1
2025,13,10783,7.5,1
2025,13,15527,7.5,1
2025,13,15877,7.5,1
2025,13,15878,7.3,1
2025,13,15344,7.3,1
2025,13,14823,7.3,1
2025,13,14256,7.2,1
2025,13,16716,7.1,1
2025,13,15395,7.1,1
2025,13,15972,7.1,1
2025,13,12795,7.0,1
2025,13,16241,7.0,1
2025,13,14921,7.0,1
2025,13,16251,7.0,1
2025,13,15358,7.0,1
2025,13,16653,7.0,1
2025,13,14891,7.0,1
2025,13,16708,7.0,1
2025,13,10816,7.0,1
2025,13,15362,7.0,1
2025,13,16660,7.0,1
2025,13,16139,7.0,1
2025,13,16282,7.0,1
2025,13,14219,7.0,1
2025,13,15393,7.0,1
2025,13,14901,7.0,1
2025,13,16698,7.0,1
2025,13,12231,7.0,1
2025,13,12271,7.0,1
2025,13,14943,7.0,1
2025,13,14222,7.0,1
2025,13,15933,7.0,1
2025,13,17163,7.0,1
2025,13,13696,7.0,1
2025,13,14910,7.0,1
2025,13,14934,7.0,1
2025,13,15926,7.0,1
2025,13,16679,7.0,1
2025,13,15866,7.0,1
2025,13,16754,7.0,1
2025,13,15405,7.0,1
2025,13,16572,7.0,1
2025,13,16278,6.9,1
2025,13,13610,6.8,1
2025,13,15742,6.8,1
2025,13,17046,6.8,1
2025,13,16162,6.7,1
2025,13,16174,6.7,1
2025,13,16452,6.6,1
2025,13,15911,6.6,1
2025,13,17112,6.5,1
2025,13,16236,6.5,1
2025,13,15822,6.5,1
2025,13,13744,6.5,1
2025,13,16216,6.5,1
2025,13,16688,6.5,1
2025,13,16704,6.5,1
2025,13,16693,6.5,1
2025,13,13772,6.5,1
2025,13,17178,6.5,1
2025,13,13671,6.4,1
2025,13,16239,6.4,1
2025,13,12734,6.3,1
2025,13,16778,6.3,1
2025,13,11150,6.3,1
2025,13,14503,6.2,1
2025,13,16280,6.2,1
2025,13,11947,6.2,1
2025,13,15762,6.1,1
2025,13,16342,6.1,1
2025,13,7836,6.1,1
2025,13,12217,6.1,1
2025,13,14894,6.0,1
2025,13,13738,6.0,1
2025,13,14171,6.0,1
2025,13,12988,6.0,1
2025,13,17185,6.0,1
2025,13,16690,6.0,1
2025,13,14154,6.0,1
2025,13,17196,6.0,1
2025,13,16696,6.0,1
2025,13,17229,6.0,1
2025,13,17142,6.0,1
2025,13,16672,6.0,1
2025,13,14218,6.0,1
2025,13,14303,6.0,1
2025,13,13270,6.0,1
2025,13,15772,6.0,1
2025,13,16315,6.0,1
2025,13,16676,6.0,1
2025,13,14590,6.0,1
2025,13,15895,6.0,1
2025,13,16741,6.0,1
2025,13,16734,6.0,1
2025,13,16226,6.0,1
2025,13,17187,6.0,1
2025,13,16719,6.0,1
2025,13,14370,5.8,1
2025,13,16201,5.8,1
2025,13,8851,5.7,1
2025,13,16680,5.6,1
2025,13,15839,5.5,1
2025,13,12860,5.5,1
2025,13,14495,5.5,1
2025,13,15363,5.5,1
2025,13,15255,5.5,1
2025,13,16228,5.5,1
2025,13,17417,5.5,1
2025,13,14893,5.5,1
2025,13,14911,5.5,1
2025,13,13813,5.5,1
2025,13,17131,5.5,1
2025,13,14951,5.5,1
2025,13,17139,5.5,1
2025,13,16013,5.5,1
2025,13,15428,5.5,1
2025,13,16723,5.4,1
2025,13,14985,5.1,1
2025,13,15282,5.1,1
2025,13,15177,5.0,1
2025,13,15284,5.0,1
2025,13,17128,5.0,1
2025,13,17191,5.0,1
2025,13,15356,5.0,1
2025,13,13226,5.0,1
2025,13,15521,5.0,1
2025,13,13888,5.0,1
2025,13,14997,5.0,1
2025,13,14153,5.0,1
2025,13,13332,5.0,1
2025,13,10768,5.0,1
2025,13,13920,5.0,1
2025,13,16344,5.0,1
2025,13,15881,5.0,1
2025,13,16870,5.0,1
2025,13,15366,5.0,1
2025,13,15989,5.0,1
2025,13,16893,5.0,1
2025,13,11367,4.9,1
2025,13,17053,4.9,1
2025,13,14630,4.9,1
2025,13,16187,4.8,1
2025,13,16215,4.6,1
2025,13,16618,4.6,1
2025,13,16286,4.6,1
2025,13,15977,4.6,1
2025,13,13810,4.5,1
2025,13,16263,4.5,1
2025,13,13307,4.5,1
2025,13,16271,4.5,1
2025,13,15622,4.5,1
2025,13,17072,4.5,1
2025,13,14182,4.5,1
2025,13,16510,4.5,1
2025,13,14110,4.5,1
2025,13,15165,4.5,1
2025,13,16281,4.5,1
2025,13,13230,4.5,1
2025,13,11222,4.5,1
2025,13,16311,4.5,1
2025,13,13737,4.5,1
2025,13,16296,4.5,1
2025,13,13593,4.5,1
2025,13,17144,4.5,1
2025,13,12323,4.5,1
2025,13,11317,4.5,1
2025,13,14954,4.5,1
2025,13,16730,4.5,1
2025,13,16346,4.5,1
2025,13,17099,4.4,1
2025,13,17076,4.4,1
2025,13,15797,4.3,1
2025,13,16617,4.3,1
2025,13,15650,4.3,1
2025,13,16887,4.3,1
2025,13,15589,4.2,1
2025,13,15749,4.1,1
2025,13,14143,4.1,1
2025,13,12956,4.1,1
2025,13,16274,4.0,1
2025,13,13201,4.0,1
2025,13,15121,4.0,1
2025,13,16737,4.0,1
2025,13,12305,4.0,1
2025,13,17221,4.0,1
2025,13,16283,4.0,1
2025,13,14405,4.0,1
2025,13,15001,4.0,1
2025,13,13294,4.0,1
2025,13,11723,4.0,1
2025,13,16684,4.0,1
2025,13,13693,4.0,1
2025,13,14170,4.0,1
2025,13,11793,4.0,1
2025,13,17177,4.0,1
2025,13,15445,4.0,1
2025,13,15851,4.0,1
2025,13,15346,4.0,1
2025,13,14928,4.0,1
2025,13,17172,4.0,1
2025,13,17189,4.0,1
2025,13,17124,4.0,1
2025,13,12221,4.0,1
2025,13,17135,4.0,1
2025,13,15003,4.0,1
2025,13,14180,4.0,1
2025,13,16749,4.0,1
2025,13,16671,4.0,1
2025,13,14217,4.0,1
2025,13,16520,4.0,1
2025,13,13214,4.0,1
2025,13,16318,4.0,1
2025,13,14871,3.9,1
2025,13,15795,3.9,1
2025,13,17052,3.8,1
2025,13,17277,3.8,1
2025,13,13791,3.8,1
2025,13,12186,3.7,1
2025,13,16619,3.7,1
2025,13,15799,3.7,1
2025,13,16912,3.5,1
2025,13,11807,3.5,1
2025,13,13745,3.5,1
2025,13,14235,3.5,1
2025,13,16657,3.5,1
2025,13,11232,3.5,1
2025,13,17132,3.5,1
2025,13,15899,3.5,1
2025,13,14224,3.5,1
2025,13,14907,3.5,1
2025,13,16009,3.5,1
2025,13,13431,3.4,1
2025,13,13470,3.4,1
2025,13,17078,3.4,1
2025,13,15341,3.3,1
2025,13,16642,3.3,1
2025,13,16192,3.2,1
2025,13,16206,3.2,1
2025,13,13604,3.2,1
2025,13,17070,3.2,1
2025,13,13683,3.1,1
2025,13,17047,3.1,1
2025,13,16705,3.1,1
2025,13,14926,3.0,1
2025,13,15585,3.0,1
2025,13,17077,3.0,1
2025,13,15935,3.0,1
2025,13,16246,3.0,1
2025,13,13199,3.0,1
2025,13,15814,3.0,1
2025,13,15387,3.0,1
2025,13,15124,3.0,1
2025,13,16677,3.0,1
2025,13,17199,3.0,1
2025,13,16390,3.0,1
2025,13,14953,3.0,1
2025,13,16287,3.0,1
2025,13,12270,3.0,1
2025,13,13245,3.0,1
2025,13,15928,3.0,1
2025,13,17156,3.0,1
2025,13,15904,3.0,1
2025,13,17118,3.0,1
2025,13,16294,3.0,1
2025,13,13769,3.0,1
2025,13,16714,3.0,1
2025,13,16260,3.0,1
2025,13,15808,3.0,1
2025,13,16787,3.0,1
2025,13,16702,3.0,1
2025,13,10267,3.0,1
2025,13,14946,3.0,1
2025,13,17167,3.0,1
2025,13,16336,3.0,1
2025,13,13764,3.0,1
2025,13,15384,3.0,1
2025,13,16731,3.0,1
2025,13,16513,3.0,1
2025,13,13674,2.9,1
2025,13,17081,2.9,1
2025,13,16333,2.9,1
2025,13,17103,2.9,1
2025,13,16746,2.9,1
2025,13,14592,2.8,1
2025,13,16898,2.8,1
2025,13,17261,2.8,1
2025,13,13844,2.8,1
2025,13,14108,2.8,1
2025,13,15253,2.7,1
2025,13,16063,2.7,1
2025,13,13347,2.7,1
2025,13,16610,2.7,1
2025,13,17337,2.7,1
2025,13,10814,2.6,1
2025,13,11674,2.6,1
2025,13,13714,2.6,1
2025,13,16747,2.6,1
2025,13,14244,2.6,1
2025,13,13289,2.6,1
2025,13,16185,2.6,1
2025,13,16928,2.5,1
2025,13,16691,2.5,1
2025,13,16056,2.5,1
2025,13,16786,2.5,1
2025,13,16700,2.5,1
2025,13,17228,2.5,1
2025,13,16647,2.5,1
2025,13,16273,2.5,1
2025,13,12831,2.5,1
2025,13,17146,2.5,1
2025,13,17202,2.5,1
2025,13,16439,2.5,1
2025,13,12754,2.5,1
2025,13,15461,2.5,1
2025,13,14095,2.5,1
2025,13,17256,2.5,1
2025,13,13704,2.5,1
2025,13,17263,2.5,1
2025,13,13635,2.4,1
2025,13,16292,2.4,1
2025,13,11985,2.4,1
2025,13,15713,2.4,1
2025,13,16189,2.4,1
2025,13,15813,2.4,1
2025,13,14861,2.3,1
2025,13,15757,2.3,1
2025,13,14833,2.2,1
2025,13,17106,2.2,1
2025,13,12187,2.2,1
2025,13,15884,2.2,1
2025,13,17241,2.2,1
2025,13,13652,2.2,1
2025,13,17104,2.1,1
2025,13,13980,2.1,1
2025,13,14848,2.1,1
2025,13,16846,2.1,1
2025,13,14085,2.1,1
2025,13,16102,2.0,1
2025,13,17213,2.0,1
2025,13,15379,2.0,1
2025,13,16720,2.0,1
2025,13,17351,2.0,1
2025,13,13802,2.0,1
2025,13,15944,2.0,1
2025,13,16326,2.0,1
2025,13,15448,2.0,1
2025,13,16728,2.0,1
2025,13,13754,2.0,1
2025,13,15856,2.0,1
2025,13,16366,2.0,1
2025,13,17201,2.0,1
2025,13,16729,2.0,1
2025,13,14149,2.0,1
2025,13,16784,2.0,1
2025,13,13987,2.0,1
2025,13,17233,2.0,1
2025,13,15831,2.0,1
2025,13,16443,2.0,1
2025,13,15845,2.0,1
2025,13,15129,2.0,1
2025,13,14889,2.0,1
2025,13,17214,2.0,1
2025,13,16651,2.0,1
2025,13,15888,2.0,1
2025,13,16656,2.0,1
2025,13,15424,2.0,1
2025,13,14257,2.0,1
2025,13,17122,2.0,1
2025,13,15413,2.0,1
2025,13,15943,2.0,1
2025,13,16284,2.0,1
2025,13,13325,2.0,1
2025,13,17119,2.0,1
2025,13,15985,2.0,1
2025,13,16253,2.0,1
2025,13,15752,2.0,1
2025,13,15515,2.0,1
2025,13,13632,2.0,1
2025,13,16440,2.0,1
2025,13,16242,2.0,1
2025,13,15082,2.0,1
2025,13,14200,2.0,1
2025,13,14974,2.0,1
2025,13,15880,2.0,1
2025,13,16356,2.0,1
2025,13,16911,2.0,1
2025,13,17149,2.0,1
2025,13,15481,2.0,1
2025,13,17246,2.0,1
2025,13,14168,2.0,1
2025,13,11945,1.9,1
2025,13,14146,1.9,1
2025,13,8930,1.9,1
2025,13,14600,1.9,1
2025,13,17082,1.9,1
2025,13,16432,1.8,1
2025,13,14071,1.8,1
2025,13,16165,1.8,1
2025,13,16601,1.7,1
2025,13,15716,1.7,1
2025,13,16351,1.7,1
2025,13,15916,1.6,1
2025,13,14918,1.6,1
2025,13,17356,1.5,1
2025,13,12699,1.5,1
2025,13,16872,1.5,1
2025,13,17173,1.5,1
2025,13,12361,1.5,1
2025,13,16661,1.5,1
2025,13,15931,1.5,1
2025,13,16933,1.5,1
2025,13,17330,1.5,1
2025,13,15595,1.5,1
2025,13,16486,1.5,1
2025,13,17126,1.5,1
2025,13,13770,1.5,1
2025,13,12219,1.5,1
2025,13,16710,1.5,1
2025,13,17174,1.5,1
2025,13,16264,1.5,1
2025,13,13777,1.5,1
2025,13,16553,1.5,1
2025,13,17343,1.5,1
2025,13,15824,1.5,1
2025,13,15612,1.5,1
2025,13,16940,1.5,1
2025,13,14161,1.5,1
2025,13,17219,1.5,1
2025,13,14858,1.5,1
2025,13,15785,1.5,1
2025,13,17148,1.5,1
2025,13,15460,1.5,1
2025,13,16697,1.5,1
2025,13,13706,1.5,1
2025,13,14467,1.5,1
2025,13,16180,1.5,1
2025,13,14930,1.5,1
2025,13,12229,1.5,1
2025,13,17398,1.5,1
2025,13,17138,1.5,1
2025,13,9051,1.5,1
2025,13,16678,1.5,1
2025,13,15998,1.5,1
2025,13,14227,1.4,1
2025,13,16579,1.4,1
2025,13,15796,1.4,1
2025,13,15032,1.3,1
2025,13,16622,1.3,1
2025,13,16387,1.3,1
2025,13,16636,1.3,1
2025,13,16858,1.3,1
2025,13,13672,1.3,1
2025,13,16843,1.2,1
2025,13,13354,1.2,1
2025,13,17087,1.2,1
2025,13,15668,1.2,1
2025,13,10945,1.1,1
2025,13,13678,1.1,1
2025,13,15109,1.0,1
2025,13,17164,1.0,1
2025,13,16054,1.0,1
2025,13,16030,1.0,1
2025,13,15397,1.0,1
2025,13,15676,1.0,1
2025,13,14672,1.0,1
2025,13,15956,1.0,1
2025,13,17427,1.0,1
2025,13,16235,1.0,1
2025,13,15903,1.0,1
2025,13,12481,1.0,1
2025,13,16556,1.0,1
2025,13,12155,1.0,1
2025,13,15586,1.0,1
2025,13,17371,1.0,1
2025,13,17161,1.0,1
2025,13,15779,1.0,1
2025,13,15378,1.0,1
2025,13,16869,1.0,1
2025,13,14924,1.0,1
2025,13,13707,1.0,1
2025,13,17160,1.0,1
2025,13,17109,1.0,1
2025,13,15874,1.0,1
2025,13,14148,1.0,1
2025,13,16300,1.0,1
2025,13,16800,1.0,1
2025,13,14254,1.0,1
2025,13,17414,1.0,1
2025,13,12083,1.0,1
2025,13,12691,1.0,1
2025,13,13959,1.0,1
2025,13,16796,1.0,1
2025,13,14083,1.0,1
2025,13,13330,1.0,1
2025,13,17204,1.0,1
2025,13,14452,1.0,1
2025,13,13750,1.0,1
2025,13,13288,1.0,1
2025,13,17223,1.0,1
2025,13,15965,1.0,1
2025,13,17016,1.0,1
2025,13,13148,1.0,1
2025,13,15852,1.0,1
2025,13,15377,1.0,1
2025,13,16976,1.0,1
2025,13,15352,1.0,1
2025,13,14948,1.0,1
2025,13,16290,1.0,1
2025,13,15409,1.0,1
2025,13,9826,1.0,1
2025,13,15420,1.0,1
2025,13,17211,1.0,1
2025,13,14962,1.0,1
2025,13,15726,1.0,1
2025,13,14978,1.0,1
2025,13,14319,1.0,1
2025,13,12745,1.0,1
2025,13,16446,1.0,1
2025,13,16949,1.0,1
2025,13,17244,1.0,1
2025,13,16831,1.0,1
2025,13,16722,1.0,1
2025,13,13202,1.0,1
2025,13,12739,1.0,1
2025,13,17116,1.0,1
2025,13,16883,1.0,1
2025,13,15103,1.0,1
2025,13,16735,1.0,1
2025,13,12976,1.0,1
2025,13,17254,1.0,1
2025,13,15390,1.0,1
2025,13,16350,1.0,1
2025,13,16322,1.0,1
2025,13,17426,1.0,1
2025,13,16026,1.0,1
2025,13,17159,1.0,1
2025,13,17332,1.0,1
2025,13,13267,1.0,1
2025,13,16532,1.0,1
2025,13,16225,1.0,1
2025,13,16958,1.0,1
2025,13,16247,1.0,1
2025,13,15402,0.9,1
2025,13,16724,0.9,1
2025,13,14102,0.9,1
2025,13,15051,0.9,1
2025,13,15802,0.8,1
2025,13,16648,0.8,1
2025,13,12447,0.7,1
2025,13,16186,0.7,1
2025,13,17105,0.6,1
2025,13,14239,0.6,1
2025,13,11383,0.6,1
2025,13,13718,0.6,1
2025,13,17222,0.6,1
2025,13,13715,0.5,1
2025,13,15094,0.5,1
2025,13,16019,0.5,1
2025,13,15081,0.5,1
2025,13,17208,0.5,1
2025,13,14548,0.5,1
2025,13,15823,0.5,1
2025,13,16666,0.5,1
2025,13,17354,0.5,1
2025,13,13228,0.5,1
2025,13,17422,0.5,1
2025,13,16733,0.5,1
2025,13,17379,0.5,1
2025,13,15939,0.5,1
2025,13,13322,0.5,1
2025,13,13939,0.5,1
2025,13,15730,0.5,1
2025,13,16023,0.5,1
2025,13,16373,0.5,1
2025,13,17365,0.5,1
2025,13,16017,0.5,1
2025,13,17097,0.5,1
2025,13,14845,0.5,1
2025,13,17207,0.5,1
2025,13,17059,0.5,1
2025,13,15140,0.5,1
2025,13,15151,0.5,1
2025,13,13717,0.5,1
2025,13,14963,0.5,1
2025,13,14260,0.5,1
2025,13,17230,0.5,1
2025,13,17369,0.5,1
2025,13,12802,0.5,1
2025,13,14887,0.5,1
2025,13,15860,0.5,1
2025,13,12645,0.5,1
2025,13,16375,0.5,1
2025,13,15755,0.4,1
2025,13,13424,0.4,1
2025,13,11936,0.3,1
2025,13,16219,0.3,1
2025,13,13919,0.3,1
2025,13,13430,0.3,1
2025,13,13403,0.3,1
2025,13,15889,0.3,1
2025,13,17056,0.3,1
2025,13,14849,0.3,1
2025,13,17042,0.2,1
2025,13,13377,0.2,1
2025,13,16080,0.2,1
2025,13,15240,0.1,1
2025,13,17232,0.0,1
2025,13,16900,0.0,1
2025,13,11970,0.0,1
2025,13,15462,0.0,1
2025,13,17374,0.0,1
2025,13,16664,0.0,1
2025,13,14864,0.0,1
2025,13,13940,0.0,1
2025,13,12773,0.0,1
2025,13,16036,0.0,1
2025,13,14215,0.0,1
2025,13,12677,0.0,1
2025,13,15946,0.0,1
2025,13,15449,0.0,1
2025,13,13676,0.0,1
2025,13,17247,0.0,1
2025,13,17419,0.0,1
2025,13,13811,0.0,1
2025,13,16681,0.0,1
2025,13,17340,0.0,1
2025,13,13266,0.0,1
2025,13,16138,0.0,1
2025,13,16325,0.0,1
2025,13,13260,0.0,1
2025,13,15414,0.0,1
2025,13,15787,0.0,1
2025,13,16203,0.0,1
2025,13,12764,0.0,1
2025,13,17165,0.0,1
2025,13,17383,0.0,1
2025,13,13634,0.0,1
2025,13,15767,0.0,1
2025,13,13927,0.0,1
2025,13,17355,0.0,1
2025,13,16255,0.0,1
2025,13,12608,0.0,1
2025,13,16732,0.0,1
2025,13,13767,0.0,1
2025,13,17269,0.0,1
2025,13,17418,0.0,1
2025,13,17376,0.0,1
2025,13,16571,0.0,1
2025,13,13675,0.0,1
2025,13,15945,0.0,1
2025,13,16457,0.0,1
2025,13,15392,0.0,1
2025,13,15359,0.0,1
2025,13,15302,0.0,1
2025,13,16352,0.0,1
2025,13,13265,0.0,1
2025,13,16820,0.0,1
2025,13,13455,0.0,1
2025,13,12680,0.0,1
2025,13,14899,0.0,1
2025,13,17348,0.0,1
2025,13,16516,0.0,1
2025,13,17367,0.0,1
2025,13,16957,0.0,1
2025,13,17200,0.0,1
2025,13,15547,0.0,1
2025,13,14555,0.0,1
2025,13,16913,0.0,1
2025,13,16669,0.0,1
2025,13,16391,0.0,1
2025,13,15419,0.0,1
2025,13,15614,0.0,1
2025,13,13687,0.0,1
2025,13,13427,0.0,1
2025,13,17358,0.0,1
2025,13,15375,0.0,1
2025,13,14737,0.0,1
2025,13,13682,0.0,1
2025,13,17265,0.0,1
2025,13,15914,0.0,1
2025,13,14991,0.0,1
2025,13,14442,0.0,1
2025,13,16828,0.0,1
2025,13,15331,0.0,1
2025,13,17295,0.0,1
2025,13,14847,0.0,1
2025,13,14263,0.0,1
2025,13,15446,0.0,1
2025,13,16304,0.0,1
2025,13,16880,0.0,1
2025,13,16496,0.0,1
2025,13,14420,0.0,1
2025,13,16082,0.0,1
2025,13,14076,0.0,1
2025,13,16259,0.0,1
2025,13,16613,0.0,1
2025,13,14984,0.0,1
2025,13,14159,0.0,1
2025,13,17140,0.0,1
2025,13,17381,0.0,1
2025,13,15498,0.0,1
2025,13,12658,0.0,1
2025,13,15244,0.0,1
2025,13,12923,0.0,1
2025,13,16782,0.0,1
2025,13,17333,0.0,1
2025,13,17193,0.0,1
2025,13,17010,0.0,1
2025,13,15905,0.0,1
2025,13,13994,0.0,1
2025,13,16707,0.0,1
2025,13,14979,0.0,1
2025,13,17400,0.0,1
2025,13,16113,0.0,1
2025,13,16954,0.0,1
2025,13,16595,0.0,1
2025,13,15432,0.0,1
2025,13,15684,0.0,1
2025,13,14967,0.0,1
2025,13,17141,0.0,1
2025,13,17215,0.0,1
2025,13,13231,0.0,1
2025,13,17154,0.0,1
2025,13,14876,0.0,1
2025,13,16897,0.0,1
2025,13,13953,0.0,1
2025,13,17239,0.0,1
2025,13,12771,0.0,1
2025,13,13293,0.0,1
2025,13,16839,0.0,1
2025,13,14209,0.0,1
2025,13,13308,0.0,1
2025,13,15832,0.0,1
2025,13,17396,0.0,1
2025,13,17015,0.0,1
2025,13,13246,0.0,1
2025,13,14057,0.0,1
2025,13,13633,0.0,1
2025,13,17360,0.0,1
2025,13,16715,0.0,1
2025,13,16816,0.0,1
2025,13,15541,0.0,1
2025,13,17385,0.0,1
2025,13,15868,0.0,1
2025,13,17049,0.0,1
2025,13,15847,0.0,1
2025,13,16644,0.0,1
2025,13,14012,0.0,1
2025,13,15873,0.0,1
2025,13,12349,0.0,1
2025,13,14975,0.0,1
2025,13,15942,0.0,1
2025,13,12955,0.0,1
2025,13,15559,0.0,1
2025,13,14414,0.0,1
2025,13,15833,0.0,1
2025,13,16383,0.0,1
2025,13,15766,0.0,1
2025,13,13785,0.0,1
2025,13,16451,0.0,1
2025,13,15538,0.0,1
2025,13,16422,0.0,1
2025,13,17182,0.0,1
2025,13,16072,0.0,1
2025,13,12758,0.0,1
2025,13,16299,0.0,1
2025,13,16370,0.0,1
2025,13,17050,0.0,1
2025,13,14882,0.0,1
2025,13,17236,0.0,1
2025,13,15262,0.0,1
2025,13,15804,0.0,1
2025,13,15406,0.0,1
2025,13,15909,0.0,1
2025,13,15443,0.0,1
2025,13,16345,0.0,1
2025,13,16237,0.0,1
2025,13,16052,0.0,1
2025,13,15829,0.0,1
2025,13,17234,0.0,1
2025,13,15800,0.0,1
2025,13,16850,0.0,1
2025,13,15765,0.0,1
2025,13,16662,0.0,1
2025,13,16692,0.0,1
2025,13,14359,0.0,1
2025,13,16289,0.0,1
2025,13,16164,0.0,1
2025,13,16037,0.0,1
2025,13,16232,0.0,1
2025,13,13688,0.0,1
2025,13,14198,0.0,1
2025,13,10514,0.0,1
2025,13,17203,0.0,1
2025,13,16776,0.0,1
2025,13,15412,0.0,1
2025,13,17368,0.0,1
2025,13,17251,0.0,1
2025,13,15885,0.0,1
2025,13,15049,0.0,1
2025,13,16483,0.0,1
2025,13,17123,0.0,1
2025,13,17421,0.0,1
2025,13,16173,0.0,1
2025,13,15891,0.0,1
2025,13,14205,0.0,1
2025,13,16335,0.0,1
2025,13,16557,0.0,1
2025,13,16419,0.0,1
2025,13,15241,-0.1,1
2025,13,16234,-0.2,1
2025,13,14489,-0.2,1
2025,13,13227,-0.2,1
2025,13,13192,-0.2,1
2025,13,12785,-0.3,1
2025,13,13869,-0.3,1
2025,13,14081,-0.3,1
2025,13,16221,-0.3,1
2025,13,13193,-0.3,1
2025,13,14842,-0.4,1
2025,13,15718,-0.4,1
2025,13,17048,-0.4,1
2025,13,17037,-0.5,1
2025,13,16752,-0.5,1
2025,13,16166,-0.5,1
2025,13,17102,-0.5,1
2025,13,16218,-0.8,1
2025,13,14118,-1.0,1
2025,13,16633,-1.0,1
2025,13,16425,-1.0,1
2025,13,16413,-1.0,1
2025,13,16629,-1.0,1
2025,13,17184,-1.0,1
2025,13,17080,-1.0,1
2025,13,15335,-1.0,1
2025,13,16312,-1.0,1
2025,13,17410,-1.0,1
2025,13,13418,-1.0,1
2025,13,12978,-1.0,1
2025,13,14164,-1.0,1
2025,13,9596,-1.0,1
2025,13,16634,-1.0,1
2025,13,15788,-1.0,1
2025,13,16630,-1.0,1
2025,13,15293,-1.0,1
2025,13,16217,-1.0,1
2025,13,16191,-1.0,1
2025,13,16750,-1.0,1
2025,13,15491,-1.0,1
2025,13,13156,-1.0,1
2025,13,15287,-1.0,1
2025,13,17389,-1.0,1
2025,13,15925,-1.0,1
2025,13,15332,-1.1,1
2025,13,16639,-1.3,1
2025,13,16429,-1.4,1
2025,13,14778,-1.4,1
2025,13,17319,-1.5,1
2025,13,16265,-1.5,1
2025,13,13694,-1.5,1
2025,13,13133,-1.7,1
2025,13,17220,-1.9,1
2025,13,13988,-1.9,1
2025,13,16643,-2.0,1
2025,13,16621,-2.0,1
2025,13,17108,-2.0,1
2025,13,15148,-2.0,1
2025,13,17317,-2.0,1
2025,13,15777,-2.0,1
2025,13,17107,-2.0,1
2025,13,14879,-2.0,1
2025,13,16793,-2.0,1
2025,13,13968,-2.1,1
2025,13,17171,-2.2,1
2025,13,16726,-2.4,1
2025,13,17079,-2.5,1
2025,13,15761,-2.5,1
2025,13,16616,-2.9,1
2025,13,14137,-2.9,1
2025,13,13479,-3.0,1
2025,13,16485,-3.0,1
2025,13,15902,-3.0,1
2025,13,16118,-3.0,1
2025,13,16403,-3.1,1
2025,13,13303,-3.4,1
2025,13,16330,-3.4,1
2025,13,17073,-3.5,1
2025,13,14836,-3.7,1
2025,13,16120,-4.0,1
2025,13,16649,-4.2,1
2025,13,15759,-5.1,1
2025,13,13319,-5.5,1
2025,13,17030,-7.4,1
2025,13,13592,-12.2,1
2025,13,16190,-12.8,1
2025,13,13595,-13.0,1
2025,13,17282,-43.0,1
2025,14,13589,65.2,1
2025,14,9431,54.7,1
2025,14,17031,53.5,1
2025,14,12611,44.9,1
2025,14,15237,43.0,1
2025,14,7836,43.0,1
2025,14,16211,37.4,1
2025,14,16414,37.1,1
2025,14,13592,36.8,1
2025,14,14777,35.7,1
2025,14,14782,32.3,1
2025,14,16584,31.5,1
2025,14,16206,31.4,1
2025,14,16593,30.7,1
2025,14,16162,30.0,1
2025,14,14085,29.7,1
2025,14,15913,29.6,1
2025,14,13281,28.8,1
2025,14,16582,28.3,1
2025,14,16241,27.5,1
2025,14,17144,26.6,1
2025,14,12616,26.5,1
2025,14,15789,25.3,1
2025,14,16731,25.1,1
2025,14,14170,24.6,1
2025,14,14163,23.2,1
2025,14,14249,23.0,1
2025,14,16167,23.0,1
2025,14,16273,22.9,1
2025,14,14102,22.6,1
2025,14,16778,22.5,1
2025,14,15358,22.3,1
2025,14,17103,22.3,1
2025,14,15979,22.3,1
2025,14,14224,22.2,1
2025,14,13593,22.2,1
2025,14,16712,22.2,1
2025,14,14940,22.1,1
2025,14,12620,21.5,1
2025,14,14832,21.2,1
2025,14,13774,21.0,1
2025,14,14835,20.9,1
2025,14,13672,20.7,1
2025,14,15124,20.4,1
2025,14,13198,20.3,1
2025,14,14918,20.0,1
2025,14,16672,20.0,1
2025,14,13738,19.9,1
2025,14,16190,19.7,1
2025,14,14143,19.6,1
2025,14,15817,19.6,1
2025,14,16239,19.5,1
2025,14,15710,19.4,1
2025,14,13330,19.3,1
2025,14,17039,19.2,1
2025,14,13226,19.2,1
2025,14,15375,19.0,1
2025,14,13604,18.9,1
2025,14,13731,18.9,1
2025,14,15850,18.7,1
2025,14,16150,18.7,1
2025,14,15428,18.5,1
2025,14,13767,18.0,1
2025,14,15290,17.7,1
2025,14,15692,17.6,1
2025,14,17145,17.5,1
2025,14,15856,17.5,1
2025,14,14071,17.1,1
2025,14,13298,17.0,1
2025,14,15821,16.9,1
2025,14,15388,16.8,1
2025,14,14833,16.7,1
2025,14,13377,16.6,1
2025,14,15409,16.5,1
2025,14,17068,16.5,1
2025,14,15822,16.4,1
2025,14,15756,16.1,1
2025,14,14405,16.0,1
2025,14,13223,16.0,1
2025,14,13920,16.0,1
2025,14,16927,15.7,1
2025,14,15284,15.7,1
2025,14,16185,15.7,1
2025,14,12764,15.5,1
2025,14,11327,15.5,1
2025,14,14472,15.5,1
2025,14,15253,15.4,1
2025,14,13692,15.4,1
2025,14,15390,15.2,1
2025,14,10783,15.2,1
2025,14,13709,15.0,1
2025,14,16579,14.9,1
2025,14,14073,14.9,1
2025,14,15895,14.9,1
2025,14,13325,14.8,1
2025,14,13839,14.6,1
2025,14,16244,14.5,1
2025,14,13268,14.5,1
2025,14,14168,14.5,1
2025,14,16618,14.4,1
2025,14,16667,14.4,1
2025,14,14167,14.3,1
2025,14,15003,14.1,1
2025,14,13674,14.1,1
2025,14,17156,14.0,1
2025,14,16610,13.9,1
2025,14,17046,13.8,1
2025,14,15808,13.7,1
2025,14,15369,13.6,1
2025,14,15768,13.5,1
2025,14,12741,13.5,1
2025,14,16013,13.5,1
2025,14,15329,13.5,1
2025,14,15287,13.4,1
2025,14,17044,13.4,1
2025,14,14879,13.2,1
2025,14,16556,13.0,1
2025,14,14669,13.0,1
2025,14,15349,13.0,1
2025,14,13214,13.0,1
2025,14,14953,13.0,1
2025,14,15355,13.0,1
2025,14,14209,12.8,1
2025,14,16178,12.7,1
2025,14,16598,12.7,1
2025,14,14104,12.5,1
2025,14,16553,12.5,1
2025,14,17147,12.5,1
2025,14,17339,12.4,1
2025,14,15446,12.4,1
2025,14,15813,12.3,1
2025,14,14210,12.2,1
2025,14,14237,12.1,1
2025,14,15839,12.0,1
2025,14,14590,12.0,1
2025,14,14217,12.0,1
2025,14,16698,12.0,1
2025,14,16080,11.9,1
2025,14,17059,11.9,1
2025,14,13303,11.9,1
2025,14,15861,11.8,1
2025,14,16641,11.7,1
2025,14,13813,11.5,1
2025,14,12772,11.5,1
2025,14,17070,11.5,1
2025,14,16752,11.4,1
2025,14,15742,11.4,1
2025,14,12437,11.4,1
2025,14,16655,11.3,1
2025,14,15799,11.1,1
2025,14,17141,11.0,1
2025,14,11721,11.0,1
2025,14,16675,11.0,1
2025,14,16228,11.0,1
2025,14,16245,11.0,1
2025,14,16670,11.0,1
2025,14,12988,11.0,1
2025,14,10775,11.0,1
2025,14,15894,11.0,1
2025,14,13430,11.0,1
2025,14,16237,11.0,1
2025,14,17149,11.0,1
2025,14,16729,11.0,1
2025,14,16213,10.7,1
2025,14,13742,10.6,1
2025,14,17165,10.5,1
2025,14,16280,10.5,1
2025,14,14225,10.5,1
2025,14,14927,10.5,1
2025,14,15972,10.4,1
2025,14,10267,10.3,1
2025,14,16268,10.2,1
2025,14,16656,10.1,1
2025,14,13683,10.1,1
2025,14,15464,10.1,1
2025,14,16264,10.0,1
2025,14,17164,10.0,1
2025,14,11769,10.0,1
2025,14,12221,10.0,1
2025,14,16139,10.0,1
2025,14,15815,10.0,1
2025,14,13769,10.0,1
2025,14,17221,10.0,1
2025,14,15857,10.0,1
2025,14,16794,10.0,1
2025,14,13164,10.0,1
2025,14,15785,10.0,1
2025,14,16620,10.0,1
2025,14,14797,9.9,1
2025,14,16757,9.8,1
2025,14,14842,9.8,1
2025,14,14778,9.8,1
2025,14,11150,9.7,1
2025,14,16787,9.5,1
2025,14,10266,9.5,1
2025,14,13744,9.5,1
2025,14,16572,9.5,1
2025,14,14930,9.5,1
2025,14,16719,9.5,1
2025,14,16680,9.4,1
2025,14,12626,9.4,1
2025,14,16186,9.4,1
2025,14,15378,9.3,1
2025,14,14148,9.3,1
2025,14,16846,9.3,1
2025,14,16169,9.2,1
2025,14,13319,9.2,1
2025,14,12735,9.1,1
2025,14,16184,9.1,1
2025,14,15089,9.1,1
2025,14,14911,9.0,1
2025,14,15377,9.0,1
2025,14,11872,9.0,1
2025,14,15904,9.0,1
2025,14,16533,9.0,1
2025,14,13696,9.0,1
2025,14,14957,9.0,1
2025,14,13693,9.0,1
2025,14,16018,9.0,1
2025,14,15878,9.0,1
2025,14,16793,9.0,1
2025,14,15614,9.0,1
2025,14,15418,9.0,1
2025,14,14235,9.0,1
2025,14,13317,9.0,1
2025,14,15712,8.9,1
2025,14,17051,8.8,1
2025,14,14221,8.6,1
2025,14,12699,8.5,1
2025,14,14909,8.5,1
2025,14,16457,8.5,1
2025,14,16276,8.5,1
2025,14,17121,8.5,1
2025,14,16870,8.5,1
2025,14,15256,8.4,1
2025,14,16724,8.2,1
2025,14,13447,8.1,1
2025,14,15363,8.1,1
2025,14,17349,8.1,1
2025,14,17115,8.1,1
2025,14,14926,8.0,1
2025,14,16696,8.0,1
2025,14,17143,8.0,1
2025,14,16012,8.0,1
2025,14,17078,8.0,1
2025,14,16253,8.0,1
2025,14,12744,8.0,1
2025,14,13470,8.0,1
2025,14,17120,8.0,1
2025,14,16516,8.0,1
2025,14,17132,8.0,1
2025,14,15836,8.0,1
2025,14,9051,8.0,1
2025,14,16513,8.0,1
2025,14,15404,8.0,1
2025,14,16223,8.0,1
2025,14,14157,8.0,1
2025,14,15255,7.9,1
2025,14,14871,7.9,1
2025,14,13770,7.9,1
2025,14,14222,7.9,1
2025,14,14893,7.7,1
2025,14,15797,7.7,1
2025,14,16734,7.6,1
2025,14,14948,7.5,1
2025,14,10945,7.5,1
2025,14,16710,7.5,1
2025,14,16324,7.5,1
2025,14,12225,7.5,1
2025,14,15612,7.5,1
2025,14,16376,7.5,1
2025,14,15393,7.5,1
2025,14,16181,7.5,1
2025,14,12231,7.5,1
2025,14,13630,7.4,1
2025,14,14867,7.4,1
2025,14,17104,7.3,1
2025,14,16166,7.3,1
2025,14,17142,7.2,1
2025,14,15911,7.2,1
2025,14,15708,7.1,1
2025,14,16601,7.1,1
2025,14,16246,7.0,1
2025,14,17174,7.0,1
2025,14,17351,7.0,1
2025,14,13148,7.0,1
2025,14,13227,7.0,1
2025,14,14105,7.0,1
2025,14,17135,7.0,1
2025,14,15898,7.0,1
2025,14,16266,7.0,1
2025,14,15380,7.0,1
2025,14,13163,7.0,1
2025,14,11317,7.0,1
2025,14,15356,7.0,1
2025,14,14919,7.0,1
2025,14,15853,7.0,1
2025,14,15396,7.0,1
2025,14,16278,7.0,1
2025,14,13791,6.7,1
2025,14,15650,6.6,1
2025,14,14861,6.6,1
2025,14,16282,6.6,1
2025,14,16138,6.5,1
2025,14,16294,6.5,1
2025,14,17209,6.5,1
2025,14,12305,6.5,1
2025,14,12752,6.5,1
2025,14,13750,6.5,1
2025,14,17157,6.5,1
2025,14,14251,6.5,1
2025,14,12271,6.5,1
2025,14,14892,6.5,1
2025,14,16662,6.5,1
2025,14,16240,6.4,1
2025,14,14717,6.4,1
2025,14,16714,6.4,1
2025,14,16174,6.4,1
2025,14,17066,6.4,1
2025,14,16681,6.2,1
2025,14,17106,6.2,1
2025,14,12187,6.2,1
2025,14,17053,6.2,1
2025,14,13133,6.1,1
2025,14,15794,6.1,1
2025,14,15798,6.0,1
2025,14,16777,6.0,1
2025,14,16235,6.0,1
2025,14,16954,6.0,1
2025,14,16673,6.0,1
2025,14,16788,6.0,1
2025,14,15772,6.0,1
2025,14,16274,6.0,1
2025,14,15177,6.0,1
2025,14,16651,6.0,1
2025,14,14896,6.0,1
2025,14,11723,6.0,1
2025,14,13782,6.0,1
2025,14,17127,6.0,1
2025,14,15832,6.0,1
2025,14,15846,6.0,1
2025,14,14260,6.0,1
2025,14,16800,6.0,1
2025,14,14963,6.0,1
2025,14,16344,6.0,1
2025,14,15805,6.0,1
2025,14,11793,6.0,1
2025,14,16335,6.0,1
2025,14,10292,6.0,1
2025,14,15345,6.0,1
2025,14,13718,6.0,1
2025,14,16784,6.0,1
2025,14,17082,5.9,1
2025,14,15928,5.9,1
2025,14,15281,5.9,1
2025,14,15761,5.7,1
2025,14,14109,5.7,1
2025,14,17190,5.6,1
2025,14,16263,5.5,1
2025,14,15981,5.5,1
2025,14,14215,5.5,1
2025,14,14672,5.5,1
2025,14,15892,5.5,1
2025,14,10816,5.5,1
2025,14,15387,5.5,1
2025,14,13927,5.5,1
2025,14,15721,5.5,1
2025,14,16311,5.5,1
2025,14,12739,5.5,1
2025,14,13952,5.5,1
2025,14,15786,5.5,1
2025,14,15767,5.4,1
2025,14,16364,5.4,1
2025,14,14138,5.4,1
2025,14,11945,5.3,1
2025,14,14630,5.3,1
2025,14,14095,5.3,1
2025,14,15777,5.2,1
2025,14,15726,5.2,1
2025,14,17047,5.1,1
2025,14,14180,5.0,1
2025,14,13933,5.0,1
2025,14,13714,5.0,1
2025,14,16716,5.0,1
2025,14,15413,5.0,1
2025,14,14907,5.0,1
2025,14,12795,5.0,1
2025,14,16054,5.0,1
2025,14,17214,5.0,1
2025,14,14247,5.0,1
2025,14,16256,5.0,1
2025,14,13245,5.0,1
2025,14,17376,5.0,1
2025,14,14978,5.0,1
2025,14,14154,5.0,1
2025,14,14908,5.0,1
2025,14,13294,5.0,1
2025,14,16283,5.0,1
2025,14,15001,5.0,1
2025,14,12802,5.0,1
2025,14,16336,5.0,1
2025,14,15851,5.0,1
2025,14,16279,5.0,1
2025,14,14951,5.0,1
2025,14,16883,5.0,1
2025,14,15515,5.0,1
2025,14,14182,5.0,1
2025,14,15140,5.0,1
2025,14,13208,5.0,1
2025,14,17124,5.0,1
2025,14,16532,5.0,1
2025,14,12270,5.0,1
2025,14,13682,5.0,1
2025,14,14149,5.0,1
2025,14,14518,5.0,1
2025,14,15989,5.0,1
2025,14,14118,4.9,1
2025,14,17073,4.8,1
2025,14,14847,4.8,1
2025,14,16390,4.7,1
2025,14,17035,4.7,1
2025,14,17213,4.6,1
2025,14,14600,4.6,1
2025,14,15491,4.6,1
2025,14,15668,4.6,1
2025,14,13723,4.5,1
2025,14,16102,4.5,1
2025,14,13837,4.5,1
2025,14,13212,4.5,1
2025,14,16660,4.5,1
2025,14,14412,4.5,1
2025,14,17185,4.5,1
2025,14,13448,4.5,1
2025,14,13138,4.5,1
2025,14,13251,4.5,1
2025,14,16676,4.5,1
2025,14,15452,4.5,1
2025,14,14179,4.5,1
2025,14,15473,4.5,1
2025,14,12229,4.5,1
2025,14,16700,4.5,1
2025,14,13590,4.3,1
2025,14,17171,4.3,1
2025,14,17083,4.3,1
2025,14,13192,4.2,1
2025,14,13802,4.2,1
2025,14,16312,4.2,1
2025,14,14127,4.1,1
2025,14,17208,4.0,1
2025,14,15352,4.0,1
2025,14,13888,4.0,1
2025,14,13266,4.0,1
2025,14,16265,4.0,1
2025,14,14303,4.0,1
2025,14,16663,4.0,1
2025,14,17163,4.0,1
2025,14,16295,4.0,1
2025,14,13707,4.0,1
2025,14,10768,4.0,1
2025,14,15362,4.0,1
2025,14,13737,4.0,1
2025,14,12698,4.0,1
2025,14,12238,4.0,1
2025,14,16296,4.0,1
2025,14,13681,4.0,1
2025,14,14219,4.0,1
2025,14,17139,4.0,1
2025,14,15484,4.0,1
2025,14,17397,4.0,1
2025,14,15559,4.0,1
2025,14,16677,4.0,1
2025,14,15881,4.0,1
2025,14,16689,4.0,1
2025,14,14198,4.0,1
2025,14,15902,4.0,1
2025,14,16356,4.0,1
2025,14,17125,4.0,1
2025,14,16350,4.0,1
2025,14,14592,3.9,1
2025,14,17155,3.9,1
2025,14,16165,3.9,1
2025,14,17333,3.8,1
2025,14,16161,3.8,1
2025,14,15795,3.8,1
2025,14,14845,3.7,1
2025,14,16219,3.7,1
2025,14,16419,3.7,1
2025,14,14213,3.6,1
2025,14,16452,3.6,1
2025,14,16187,3.6,1
2025,14,15293,3.6,1
2025,14,16191,3.6,1
2025,14,17222,3.6,1
2025,14,14322,3.5,1
2025,14,12831,3.5,1
2025,14,12860,3.5,1
2025,14,17126,3.5,1
2025,14,14205,3.5,1
2025,14,16460,3.5,1
2025,14,16755,3.5,1
2025,14,14467,3.5,1
2025,14,11222,3.4,1
2025,14,14319,3.4,1
2025,14,13678,3.4,1
2025,14,16444,3.4,1
2025,14,17256,3.4,1
2025,14,11675,3.3,1
2025,14,16630,3.3,1
2025,14,14239,3.2,1
2025,14,16451,3.2,1
2025,14,12083,3.1,1
2025,14,12323,3.1,1
2025,14,14985,3.1,1
2025,14,16650,3.0,1
2025,14,14164,3.0,1
2025,14,14037,3.0,1
2025,14,14997,3.0,1
2025,14,15899,3.0,1
2025,14,17128,3.0,1
2025,14,15449,3.0,1
2025,14,15402,3.0,1
2025,14,17146,3.0,1
2025,14,15965,3.0,1
2025,14,16878,3.0,1
2025,14,8930,3.0,1
2025,14,17131,3.0,1
2025,14,16291,3.0,1
2025,14,14153,3.0,1
2025,14,16708,3.0,1
2025,14,16912,3.0,1
2025,14,14891,3.0,1
2025,14,16654,3.0,1
2025,14,16290,3.0,1
2025,14,16653,3.0,1
2025,14,17337,3.0,1
2025,14,12976,3.0,1
2025,14,13249,3.0,1
2025,14,15173,3.0,1
2025,14,16450,3.0,1
2025,14,16144,3.0,1
2025,14,15864,3.0,1
2025,14,15350,3.0,1
2025,14,16288,3.0,1
2025,14,16705,3.0,1
2025,14,12711,3.0,1
2025,14,14270,3.0,1
2025,14,17251,3.0,1
2025,14,12217,3.0,1
2025,14,17228,3.0,1
2025,14,13704,3.0,1
2025,14,13688,3.0,1
2025,14,15860,3.0,1
2025,14,14136,2.9,1
2025,14,14870,2.9,1
2025,14,15787,2.8,1
2025,14,11985,2.8,1
2025,14,13172,2.8,1
2025,14,17072,2.7,1
2025,14,10814,2.6,1
2025,14,17352,2.6,1
2025,14,16843,2.6,1
2025,14,17247,2.5,1
2025,14,13307,2.5,1
2025,14,15749,2.5,1
2025,14,16707,2.5,1
2025,14,11936,2.5,1
2025,14,15985,2.5,1
2025,14,13228,2.5,1
2025,14,16056,2.5,1
2025,14,15889,2.5,1
2025,14,17211,2.5,1
2025,14,15754,2.5,1
2025,14,14995,2.5,1
2025,14,15419,2.5,1
2025,14,16722,2.5,1
2025,14,17123,2.5,1
2025,14,15831,2.5,1
2025,14,14737,2.5,1
2025,14,13772,2.4,1
2025,14,14161,2.4,1
2025,14,16723,2.4,1
2025,14,16215,2.4,1
2025,14,13844,2.4,1
2025,14,15589,2.3,1
2025,14,14370,2.2,1
2025,14,15258,2.2,1
2025,14,15718,2.2,1
2025,14,14982,2.1,1
2025,14,16726,2.0,1
2025,14,13231,2.0,1
2025,14,16439,2.0,1
2025,14,17173,2.0,1
2025,14,14979,2.0,1
2025,14,17118,2.0,1
2025,14,17097,2.0,1
2025,14,15888,2.0,1
2025,14,15807,2.0,1
2025,14,16693,2.0,1
2025,14,13201,2.0,1
2025,14,15950,2.0,1
2025,14,12978,2.0,1
2025,14,16236,2.0,1
2025,14,14924,2.0,1
2025,14,17428,2.0,1
2025,14,16869,2.0,1
2025,14,15824,2.0,1
2025,14,15943,2.0,1
2025,14,13263,2.0,1
2025,14,16284,2.0,1
2025,14,14137,2.0,1
2025,14,15346,2.0,1
2025,14,15406,2.0,1
2025,14,15835,2.0,1
2025,14,14882,2.0,1
2025,14,16145,2.0,1
2025,14,15834,2.0,1
2025,14,15401,2.0,1
2025,14,15812,2.0,1
2025,14,17116,2.0,1
2025,14,15395,2.0,1
2025,14,17178,2.0,1
2025,14,17204,2.0,1
2025,14,16304,2.0,1
2025,14,16082,2.0,1
2025,14,16730,2.0,1
2025,14,15405,2.0,1
2025,14,13258,2.0,1
2025,14,16052,2.0,1
2025,14,17187,2.0,1
2025,14,16216,1.9,1
2025,14,16207,1.9,1
2025,14,15282,1.9,1
2025,14,16647,1.9,1
2025,14,12782,1.8,1
2025,14,16483,1.8,1
2025,14,15925,1.8,1
2025,14,16287,1.8,1
2025,14,15884,1.8,1
2025,14,16617,1.7,1
2025,14,13431,1.7,1
2025,14,12956,1.6,1
2025,14,13260,1.5,1
2025,14,14942,1.5,1
2025,14,15271,1.5,1
2025,14,11286,1.5,1
2025,14,13810,1.5,1
2025,14,16314,1.5,1
2025,14,15109,1.5,1
2025,14,11970,1.5,1
2025,14,16767,1.5,1
2025,14,17239,1.5,1
2025,14,16685,1.5,1
2025,14,15872,1.5,1
2025,14,16661,1.5,1
2025,14,13777,1.5,1
2025,14,14928,1.5,1
2025,14,14283,1.5,1
2025,14,12758,1.5,1
2025,14,13322,1.5,1
2025,14,17219,1.5,1
2025,14,17229,1.5,1
2025,14,12218,1.5,1
2025,14,16383,1.5,1
2025,14,14899,1.5,1
2025,14,14889,1.5,1
2025,14,16678,1.5,1
2025,14,13288,1.5,1
2025,14,8851,1.5,1
2025,14,17138,1.5,1
2025,14,15914,1.5,1
2025,14,15051,1.4,1
2025,14,13919,1.4,1
2025,14,12263,1.4,1
2025,14,16221,1.4,1
2025,14,13764,1.4,1
2025,14,15759,1.3,1
2025,14,15802,1.3,1
2025,14,16194,1.3,1
2025,14,16595,1.2,1
2025,14,15368,1.2,1
2025,14,11947,1.2,1
2025,14,16429,1.2,1
2025,14,11247,1.2,1
2025,14,16644,1.1,1
2025,14,13347,1.1,1
2025,14,16746,1.1,1
2025,14,15863,1.1,1
2025,14,17080,1.1,1
2025,14,15032,1.1,1
2025,14,15935,1.0,1
2025,14,15424,1.0,1
2025,14,17202,1.0,1
2025,14,13811,1.0,1
2025,14,15809,1.0,1
2025,14,16694,1.0,1
2025,14,16234,1.0,1
2025,14,16218,1.0,1
2025,14,15244,1.0,1
2025,14,17140,1.0,1
2025,14,13715,1.0,1
2025,14,17356,1.0,1
2025,14,16217,1.0,1
2025,14,16666,1.0,1
2025,14,17354,1.0,1
2025,14,16316,1.0,1
2025,14,16928,1.0,1
2025,14,13953,1.0,1
2025,14,13479,1.0,1
2025,14,17358,1.0,1
2025,14,16345,1.0,1
2025,14,17369,1.0,1
2025,14,16023,1.0,1
2025,14,16072,1.0,1
2025,14,16391,1.0,1
2025,14,17182,1.0,1
2025,14,13156,1.0,1
2025,14,17200,1.0,1
2025,14,16300,1.0,1
2025,14,16923,1.0,1
2025,14,15939,1.0,1
2025,14,14877,1.0,1
2025,14,16446,1.0,1
2025,14,13754,1.0,1
2025,14,16958,1.0,1
2025,14,16247,1.0,1
2025,14,15441,1.0,1
2025,14,16880,1.0,1
2025,14,15845,1.0,1
2025,14,16375,1.0,1
2025,14,13267,1.0,1
2025,14,16225,1.0,1
2025,14,16753,1.0,1
2025,14,16303,1.0,1
2025,14,15129,1.0,1
2025,14,12219,1.0,1
2025,14,12645,1.0,1
2025,14,16026,1.0,1
2025,14,16238,1.0,1
2025,14,15924,1.0,1
2025,14,14991,1.0,1
2025,14,17233,1.0,1
2025,14,17265,1.0,1
2025,14,16180,1.0,1
2025,14,17049,0.9,1
2025,14,16269,0.9,1
2025,14,17030,0.9,1
2025,14,16351,0.8,1
2025,14,14802,0.8,1
2025,14,16387,0.7,1
2025,14,15715,0.7,1
2025,14,15738,0.7,1
2025,14,16428,0.7,1
2025,14,17042,0.6,1
2025,14,13189,0.6,1
2025,14,17061,0.6,1
2025,14,17241,0.6,1
2025,14,16633,0.5,1
2025,14,15826,0.5,1
2025,14,15903,0.5,1
2025,14,13994,0.5,1
2025,14,15676,0.5,1
2025,14,16872,0.5,1
2025,14,12658,0.5,1
2025,14,15713,0.5,1
2025,14,16664,0.5,1
2025,14,16782,0.5,1
2025,14,12745,0.5,1
2025,14,15720,0.5,1
2025,14,16432,0.5,1
2025,14,14434,0.5,1
2025,14,16691,0.5,1
2025,14,15586,0.5,1
2025,14,17371,0.5,1
2025,14,16271,0.5,1
2025,14,17230,0.5,1
2025,14,16697,0.5,1
2025,14,17254,0.5,1
2025,14,15538,0.5,1
2025,14,15916,0.5,1
2025,14,15341,0.5,1
2025,14,14414,0.5,1
2025,14,15103,0.5,1
2025,14,15151,0.5,1
2025,14,13893,0.5,1
2025,14,17367,0.5,1
2025,14,16613,0.5,1
2025,14,16443,0.5,1
2025,14,17246,0.5,1
2025,14,14083,0.5,1
2025,14,16189,0.4,1
2025,14,14858,0.4,1
2025,14,14256,0.4,1
2025,14,15800,0.4,1
2025,14,12155,0.3,1
2025,14,15337,0.3,1
2025,14,13988,0.3,1
2025,14,11938,0.3,1
2025,14,15796,0.3,1
2025,14,16164,0.3,1
2025,14,16690,0.2,1
2025,14,17105,0.1,1
2025,14,16732,0.1,1
2025,14,13610,0.1,1
2025,14,15414,0.0,1
2025,14,16203,0.0,1
2025,14,15684,0.0,1
2025,14,13965,0.0,1
2025,14,15423,0.0,1
2025,14,15432,0.0,1
2025,14,14257,0.0,1
2025,14,17122,0.0,1
2025,14,14146,0.0,1
2025,14,14967,0.0,1
2025,14,13199,0.0,1
2025,14,16113,0.0,1
2025,14,16720,0.0,1
2025,14,16286,0.0,1
2025,14,15877,0.0,1
2025,14,16976,0.0,1
2025,14,15946,0.0,1
2025,14,17400,0.0,1
2025,14,15148,0.0,1
2025,14,16019,0.0,1
2025,14,17079,0.0,1
2025,14,16709,0.0,1
2025,14,15285,0.0,1
2025,14,15527,0.0,1
2025,14,17175,0.0,1
2025,14,15905,0.0,1
2025,14,17365,0.0,1
2025,14,16603,0.0,1
2025,14,17193,0.0,1
2025,14,15585,0.0,1
2025,14,15897,0.0,1
2025,14,15379,0.0,1
2025,14,14910,0.0,1
2025,14,11674,0.0,1
2025,14,15956,0.0,1
2025,14,15995,0.0,1
2025,14,16017,0.0,1
2025,14,17374,0.0,1
2025,14,17058,0.0,1
2025,14,17381,0.0,1
2025,14,17232,0.0,1
2025,14,15498,0.0,1
2025,14,12734,0.0,1
2025,14,13963,0.0,1
2025,14,15408,0.0,1
2025,14,13690,0.0,1
2025,14,15094,0.0,1
2025,14,12923,0.0,1
2025,14,17016,0.0,1
2025,14,17385,0.0,1
2025,14,15392,0.0,1
2025,14,15359,0.0,1
2025,14,17196,0.0,1
2025,14,16571,0.0,1
2025,14,17317,0.0,1
2025,14,13265,0.0,1
2025,14,17422,0.0,1
2025,14,15302,0.0,1
2025,14,11807,0.0,1
2025,14,13085,0.0,1
2025,14,17184,0.0,1
2025,14,16858,0.0,1
2025,14,16715,0.0,1
2025,14,15595,0.0,1
2025,14,14722,0.0,1
2025,14,16798,0.0,1
2025,14,17216,0.0,1
2025,14,17353,0.0,1
2025,14,13634,0.0,1
2025,14,13308,0.0,1
2025,14,16120,0.0,1
2025,14,17343,0.0,1
2025,14,13293,0.0,1
2025,14,17404,0.0,1
2025,14,12608,0.0,1
2025,14,17170,0.0,1
2025,14,16425,0.0,1
2025,14,16260,0.0,1
2025,14,17360,0.0,1
2025,14,15814,0.0,1
2025,14,17355,0.0,1
2025,14,15823,0.0,1
2025,14,17176,0.0,1
2025,14,15535,0.0,1
2025,14,16738,0.0,1
2025,14,17390,0.0,1
2025,14,16749,0.0,1
2025,14,17319,0.0,1
2025,14,9826,0.0,1
2025,14,15944,0.0,1
2025,14,17414,0.0,1
2025,14,15730,0.0,1
2025,14,16418,0.0,1
2025,14,14905,0.0,1
2025,14,14379,0.0,1
2025,14,17261,0.0,1
2025,14,16226,0.0,1
2025,14,15165,0.0,1
2025,14,13706,0.0,1
2025,14,15804,0.0,1
2025,14,16642,0.0,1
2025,14,16252,0.0,1
2025,14,16299,0.0,1
2025,14,16648,0.0,1
2025,14,17201,0.0,1
2025,14,13427,0.0,1
2025,14,12716,0.0,1
2025,14,15292,0.0,1
2025,14,17050,0.0,1
2025,14,16486,0.0,1
2025,14,16750,0.0,1
2025,14,16733,0.0,1
2025,14,17379,0.0,1
2025,14,14254,0.0,1
2025,14,16242,0.0,1
2025,14,16669,0.0,1
2025,14,15334,0.0,1
2025,14,16366,0.0,1
2025,14,17244,0.0,1
2025,14,14012,0.0,1
2025,14,16403,0.0,1
2025,14,17255,0.0,1
2025,14,12680,0.0,1
2025,14,12234,0.0,1
2025,14,14227,0.0,1
2025,14,14975,0.0,1
2025,14,14236,0.0,1
2025,14,17408,0.0,1
2025,14,15461,0.0,1
2025,14,13745,0.0,1
2025,14,16728,0.0,1
2025,14,16306,0.0,1
2025,14,15049,0.0,1
2025,14,16118,0.0,1
2025,14,16727,0.0,1
2025,14,14503,0.0,1
2025,14,17368,0.0,1
2025,14,8269,0.0,1
2025,14,15885,0.0,1
2025,14,15521,0.0,1
2025,14,14984,0.0,1
2025,14,16195,0.0,1
2025,14,16363,0.0,1
2025,14,16393,0.0,1
2025,14,14943,0.0,1
2025,14,16776,0.0,1
2025,14,13652,0.0,1
2025,14,10514,0.0,1
2025,14,14452,0.0,1
2025,14,17203,0.0,1
2025,14,16496,0.0,1
2025,14,14420,0.0,1
2025,14,14359,0.0,1
2025,14,16224,0.0,1
2025,14,14442,0.0,1
2025,14,16692,0.0,1
2025,14,12842,0.0,1
2025,14,17332,0.0,1
2025,14,16289,0.0,1
2025,14,16318,0.0,1
2025,14,16796,0.0,1
2025,14,16911,0.0,1
2025,14,17389,0.0,1
2025,14,17410,0.0,1
2025,14,14280,0.0,1
2025,14,14901,0.0,1
2025,14,15384,0.0,1
2025,14,17001,0.0,1
2025,14,16850,0.0,1
2025,14,15765,0.0,1
2025,14,13676,-0.1,1
2025,14,16636,-0.1,1
2025,14,12447,-0.1,1
2025,14,13143,-0.1,1
2025,14,17048,-0.2,1
2025,14,14059,-0.2,1
2025,14,15727,-0.2,1
2025,14,16626,-0.2,1
2025,14,15331,-0.2,1
2025,14,16010,-0.2,1
2025,14,16157,-0.3,1
2025,14,16619,-0.3,1
2025,14,14836,-0.3,1
2025,14,16188,-0.4,1
2025,14,15711,-0.4,1
2025,14,17186,-0.5,1
2025,14,15752,-0.5,1
2025,14,14057,-0.5,1
2025,14,13270,-0.8,1
2025,14,17263,-0.8,1
2025,14,16898,-1.0,1
2025,14,17215,-1.0,1
2025,14,15541,-1.0,1
2025,14,16197,-1.0,1
2025,14,12771,-1.0,1
2025,14,14876,-1.0,1
2025,14,13193,-1.0,1
2025,14,16735,-1.0,1
2025,14,14848,-1.0,1
2025,14,13632,-1.0,1
2025,14,17075,-1.0,1
2025,14,13455,-1.0,1
2025,14,11232,-1.0,1
2025,14,16754,-1.0,1
2025,14,17398,-1.0,1
2025,14,13793,-1.0,1
2025,14,16333,-1.0,1
2025,14,17108,-1.0,1
2025,14,17102,-1.1,1
2025,14,16369,-1.3,1
2025,14,13633,-1.3,1
2025,14,17161,-1.4,1
2025,14,15239,-1.4,1
2025,14,16684,-1.5,1
2025,14,16816,-1.5,1
2025,14,16887,-1.6,1
2025,14,17099,-1.6,1
2025,14,16627,-1.6,1
2025,14,13968,-1.6,1
2025,14,15977,-1.7,1
2025,14,16831,-1.8,1
2025,14,11244,-1.9,1
2025,14,15755,-1.9,1
2025,14,16037,-1.9,1
2025,14,16325,-2.0,1
2025,14,13230,-2.0,1
2025,14,16201,-2.0,1
2025,14,16326,-2.0,1
2025,14,13246,-2.0,1
2025,14,15779,-2.0,1
2025,14,15874,-2.0,1
2025,14,17076,-2.0,1
2025,14,15344,-2.0,1
2025,14,13424,-2.2,1
2025,14,14974,-2.3,1
2025,14,11760,-2.3,1
2025,14,13763,-2.3,1
2025,14,13671,-2.7,1
2025,14,16292,-2.8,1
2025,14,16940,-3.0,1
2025,14,16232,-3.0,1
2025,14,15933,-3.2,1
2025,14,13635,-3.3,1
2025,14,13354,-3.5,1
2025,14,17167,-3.6,1
2025,14,17107,-4.0,1
2025,14,17424,-4.1,1
2025,14,13713,-4.8,1
2025,14,14110,-5.0,1
2025,14,17052,-5.5,1
2025,14,17081,-7.0,1
2025,14,16581,-7.4,1
2025,14,15762,-9.1,1
2025,14,10700,-9.7,1
2025,14,14779,-11.1,1
2025,14,10413,-12.3,1
2025,14,13869,-13.2,1
2025,14,12141,-14.2,1
2025,14,13116,-18.1,1
2025,14,14783,-19.8,1
2025,14,17040,-24.9,1
2025,15,15237,84.0,1
2025,15,10700,62.5,1
2025,15,16582,60.9,1
2025,15,15698,60.2,1
2025,15,12611,56.2,1
2025,15,9431,51.9,1
2025,15,14783,47.0,1
2025,15,16150,44.2,1
2025,15,16584,43.0,1
2025,15,15329,40.7,1
2025,15,17039,40.6,1
2025,15,13589,39.3,1
2025,15,17112,37.1,1
2025,15,16579,36.1,1
2025,15,7836,35.2,1
2025,15,12620,34.4,1
2025,15,16211,34.3,1
2025,15,15287,33.8,1
2025,15,17043,33.7,1
2025,15,15794,31.8,1
2025,15,12437,30.8,1
2025,15,13590,29.2,1
2025,15,16148,28.6,1
2025,15,14778,28.6,1
2025,15,14982,28.1,1
2025,15,17032,27.7,1
2025,15,12616,27.7,1
2025,15,15253,27.5,1
2025,15,15756,27.3,1
2025,15,17030,26.4,1
2025,15,14163,26.2,1
2025,15,13592,25.3,1
2025,15,15805,25.2,1
2025,15,14224,24.3,1
2025,15,15290,24.0,1
2025,15,16246,23.8,1
2025,15,15715,23.7,1
2025,15,13307,23.7,1
2025,15,16444,23.7,1
2025,15,12141,23.6,1
2025,15,13630,22.6,1
2025,15,15875,22.3,1
2025,15,14871,22.0,1
2025,15,11671,21.4,1
2025,15,16698,21.3,1
2025,15,16161,21.0,1
2025,15,14797,20.7,1
2025,15,15899,20.6,1
2025,15,13674,20.5,1
2025,15,14085,20.4,1
2025,15,14073,20.4,1
2025,15,15710,20.1,1
2025,15,16619,20.1,1
2025,15,13593,19.8,1
2025,15,13635,19.8,1
2025,15,14908,19.5,1
2025,15,16696,19.5,1
2025,15,16245,19.5,1
2025,15,16747,19.4,1
2025,15,17125,19.3,1
2025,15,12263,19.2,1
2025,15,13299,19.1,1
2025,15,16672,19.0,1
2025,15,16167,18.9,1
2025,15,17115,18.6,1
2025,15,16185,18.6,1
2025,15,15378,18.4,1
2025,15,16580,18.4,1
2025,15,16282,18.4,1
2025,15,15256,18.2,1
2025,15,15255,18.2,1
2025,15,14252,18.0,1
2025,15,13249,18.0,1
2025,15,15281,17.9,1
2025,15,16266,17.8,1
2025,15,16773,17.6,1
2025,15,15754,17.5,1
2025,15,17144,17.4,1
2025,15,14877,17.3,1
2025,15,14832,17.2,1
2025,15,13714,17.0,1
2025,15,16279,17.0,1
2025,15,16734,16.8,1
2025,15,14109,16.8,1
2025,15,16622,16.7,1
2025,15,13772,16.7,1
2025,15,16190,16.6,1
2025,15,12225,16.5,1
2025,15,12626,16.5,1
2025,15,14168,16.5,1
2025,15,10266,16.4,1
2025,15,17186,16.3,1
2025,15,14892,15.9,1
2025,15,17076,15.8,1
2025,15,16593,15.7,1
2025,15,14157,15.5,1
2025,15,17053,15.3,1
2025,15,13223,15.2,1
2025,15,17155,15.0,1
2025,15,14717,15.0,1
2025,15,15405,15.0,1
2025,15,16651,14.9,1
2025,15,15786,14.5,1
2025,15,14102,14.5,1
2025,15,14899,14.5,1
2025,15,14143,14.4,1
2025,15,14779,14.2,1
2025,15,15979,14.2,1
2025,15,15868,14.0,1
2025,15,15362,14.0,1
2025,15,13767,14.0,1
2025,15,11286,14.0,1
2025,15,15933,14.0,1
2025,15,14235,14.0,1
2025,15,11947,14.0,1
2025,15,17044,13.9,1
2025,15,17070,13.8,1
2025,15,14782,13.7,1
2025,15,10768,13.5,1
2025,15,14896,13.5,1
2025,15,16693,13.5,1
2025,15,12831,13.5,1
2025,15,10783,13.5,1
2025,15,14860,13.4,1
2025,15,15361,13.4,1
2025,15,15259,13.4,1
2025,15,13245,13.1,1
2025,15,13683,13.0,1
2025,15,16649,12.9,1
2025,15,15258,12.8,1
2025,15,11723,12.7,1
2025,15,16186,12.7,1
2025,15,12698,12.5,1
2025,15,14171,12.5,1
2025,15,15872,12.5,1
2025,15,16681,12.4,1
2025,15,15412,12.4,1
2025,15,13130,12.4,1
2025,15,12305,12.3,1
2025,15,16788,12.3,1
2025,15,14127,12.2,1
2025,15,14104,12.2,1
2025,15,16009,12.2,1
2025,15,16457,12.0,1
2025,15,11244,12.0,1
2025,15,14180,12.0,1
2025,15,16673,12.0,1
2025,15,15384,12.0,1
2025,15,15350,12.0,1
2025,15,12976,12.0,1
2025,15,13198,11.9,1
2025,15,17136,11.8,1
2025,15,17105,11.8,1
2025,15,12772,11.7,1
2025,15,17256,11.7,1
2025,15,14138,11.7,1
2025,15,17221,11.6,1
2025,15,16224,11.6,1
2025,15,15839,11.5,1
2025,15,16280,11.5,1
2025,15,14954,11.5,1
2025,15,16239,11.5,1
2025,15,16705,11.5,1
2025,15,15761,11.5,1
2025,15,16667,11.5,1
2025,15,15863,11.5,1
2025,15,13604,11.4,1
2025,15,14118,11.4,1
2025,15,16618,11.4,1
2025,15,8851,11.4,1
2025,15,16626,11.3,1
2025,15,17099,11.2,1
2025,15,16296,11.0,1
2025,15,14957,11.0,1
2025,15,14924,11.0,1
2025,15,14893,11.0,1
2025,15,13696,11.0,1
2025,15,14322,11.0,1
2025,15,16263,11.0,1
2025,15,15355,11.0,1
2025,15,17187,11.0,1
2025,15,12270,11.0,1
2025,15,12782,11.0,1
2025,15,16679,11.0,1
2025,15,12758,11.0,1
2025,15,12711,10.9,1
2025,15,16080,10.7,1
2025,15,17104,10.7,1
2025,15,16286,10.6,1
2025,15,14110,10.6,1
2025,15,13448,10.5,1
2025,15,16787,10.5,1
2025,15,14909,10.5,1
2025,15,15821,10.5,1
2025,15,13837,10.5,1
2025,15,16340,10.5,1
2025,15,14225,10.3,1
2025,15,13888,10.3,1
2025,15,14947,10.2,1
2025,15,14249,10.2,1
2025,15,17424,10.2,1
2025,15,16192,10.1,1
2025,15,10267,10.1,1
2025,15,9826,10.0,1
2025,15,16241,10.0,1
2025,15,11769,10.0,1
2025,15,16439,10.0,1
2025,15,16752,10.0,1
2025,15,15860,10.0,1
2025,15,16278,10.0,1
2025,15,16692,10.0,1
2025,15,14251,10.0,1
2025,15,15282,10.0,1
2025,15,17147,10.0,1
2025,15,16784,10.0,1
2025,15,14182,10.0,1
2025,15,17075,10.0,1
2025,15,16013,10.0,1
2025,15,16746,9.9,1
2025,15,17295,9.8,1
2025,15,17081,9.8,1
2025,15,16178,9.7,1
2025,15,14210,9.5,1
2025,15,16654,9.5,1
2025,15,16809,9.5,1
2025,15,16369,9.5,1
2025,15,16927,9.5,1
2025,15,16181,9.5,1
2025,15,15812,9.5,1
2025,15,14590,9.5,1
2025,15,16253,9.4,1
2025,15,16513,9.4,1
2025,15,15797,9.2,1
2025,15,11675,9.2,1
2025,15,12221,9.1,1
2025,15,13116,9.1,1
2025,15,17390,9.0,1
2025,15,16012,9.0,1
2025,15,16236,9.0,1
2025,15,15612,9.0,1
2025,15,16251,9.0,1
2025,15,14151,9.0,1
2025,15,16460,9.0,1
2025,15,16520,9.0,1
2025,15,14472,9.0,1
2025,15,14283,9.0,1
2025,15,13163,9.0,1
2025,15,15757,8.8,1
2025,15,13148,8.7,1
2025,15,14254,8.7,1
2025,15,15864,8.7,1
2025,15,16630,8.6,1
2025,15,15369,8.6,1
2025,15,12238,8.5,1
2025,15,15681,8.5,1
2025,15,13742,8.5,1
2025,15,17132,8.5,1
2025,15,16298,8.5,1
2025,15,14179,8.5,1
2025,15,12739,8.5,1
2025,15,16843,8.5,1
2025,15,13431,8.5,1
2025,15,16184,8.5,1
2025,15,15847,8.4,1
2025,15,15702,8.4,1
2025,15,14802,8.2,1
2025,15,15902,8.2,1
2025,15,13719,8.2,1
2025,15,17052,8.1,1
2025,15,16786,8.1,1
2025,15,17127,8.0,1
2025,15,15349,8.0,1
2025,15,16759,8.0,1
2025,15,15622,8.0,1
2025,15,15387,8.0,1
2025,15,16725,8.0,1
2025,15,15808,8.0,1
2025,15,14303,8.0,1
2025,15,16295,8.0,1
2025,15,16595,8.0,1
2025,15,15671,8.0,1
2025,15,16650,8.0,1
2025,15,15904,8.0,1
2025,15,14164,8.0,1
2025,15,15352,8.0,1
2025,15,14302,8.0,1
2025,15,13354,8.0,1
2025,15,16419,8.0,1
2025,15,15881,8.0,1
2025,15,15846,8.0,1
2025,15,13839,7.9,1
2025,15,15787,7.9,1
2025,15,16657,7.9,1
2025,15,17046,7.9,1
2025,15,17261,7.9,1
2025,15,15484,7.9,1
2025,15,16206,7.8,1
2025,15,13793,7.8,1
2025,15,15950,7.7,1
2025,15,16716,7.7,1
2025,15,16628,7.6,1
2025,15,15461,7.6,1
2025,15,15892,7.5,1
2025,15,16228,7.5,1
2025,15,16256,7.5,1
2025,15,13713,7.5,1
2025,15,15358,7.5,1
2025,15,15404,7.5,1
2025,15,13319,7.5,1
2025,15,15418,7.5,1
2025,15,14943,7.5,1
2025,15,12860,7.4,1
2025,15,14071,7.4,1
2025,15,16215,7.4,1
2025,15,14882,7.4,1
2025,15,16010,7.3,1
2025,15,14823,7.3,1
2025,15,16644,7.2,1
2025,15,12785,7.2,1
2025,15,16923,7.1,1
2025,15,16800,7.1,1
2025,15,13737,7.0,1
2025,15,13927,7.0,1
2025,15,13802,7.0,1
2025,15,13710,7.0,1
2025,15,17131,7.0,1
2025,15,17376,7.0,1
2025,15,15815,7.0,1
2025,15,16102,7.0,1
2025,15,17163,7.0,1
2025,15,13933,7.0,1
2025,15,13226,7.0,1
2025,15,14149,7.0,1
2025,15,16689,7.0,1
2025,15,16761,7.0,1
2025,15,15861,7.0,1
2025,15,13268,7.0,1
2025,15,14940,7.0,1
2025,15,15401,7.0,1
2025,15,15394,7.0,1
2025,15,14153,6.9,1
2025,15,15738,6.9,1
2025,15,12155,6.9,1
2025,15,17072,6.8,1
2025,15,16265,6.8,1
2025,15,13193,6.7,1
2025,15,13700,6.7,1
2025,15,16778,6.5,1
2025,15,13251,6.5,1
2025,15,16234,6.5,1
2025,15,11985,6.5,1
2025,15,14247,6.5,1
2025,15,13447,6.5,1
2025,15,13434,6.5,1
2025,15,9051,6.5,1
2025,15,15428,6.5,1
2025,15,16794,6.5,1
2025,15,10775,6.5,1
2025,15,17167,6.5,1
2025,15,11232,6.4,1
2025,15,17142,6.4,1
2025,15,16330,6.3,1
2025,15,16639,6.3,1
2025,15,15779,6.2,1
2025,15,17205,6.2,1
2025,15,16165,6.2,1
2025,15,16425,6.0,1
2025,15,16553,6.0,1
2025,15,14412,6.0,1
2025,15,13681,6.0,1
2025,15,12745,6.0,1
2025,15,13265,6.0,1
2025,15,16655,6.0,1
2025,15,13332,6.0,1
2025,15,16276,6.0,1
2025,15,16666,6.0,1
2025,15,15585,6.0,1
2025,15,15413,6.0,1
2025,15,17141,6.0,1
2025,15,14328,6.0,1
2025,15,14997,6.0,1
2025,15,16731,6.0,1
2025,15,16356,6.0,1
2025,15,16193,6.0,1
2025,15,15817,6.0,1
2025,15,10292,6.0,1
2025,15,16883,6.0,1
2025,15,16712,6.0,1
2025,15,15850,6.0,1
2025,15,11327,6.0,1
2025,15,15356,6.0,1
2025,15,15873,6.0,1
2025,15,16793,6.0,1
2025,15,17351,5.9,1
2025,15,17120,5.9,1
2025,15,17333,5.8,1
2025,15,16221,5.8,1
2025,15,13869,5.7,1
2025,15,16598,5.7,1
2025,15,12083,5.7,1
2025,15,13172,5.6,1
2025,15,14136,5.6,1
2025,15,12744,5.5,1
2025,15,16283,5.5,1
2025,15,13813,5.5,1
2025,15,16694,5.5,1
2025,15,12735,5.5,1
2025,15,16294,5.5,1
2025,15,11721,5.5,1
2025,15,15331,5.5,1
2025,15,17001,5.5,1
2025,15,16662,5.5,1
2025,15,16346,5.5,1
2025,15,15559,5.5,1
2025,15,15393,5.5,1
2025,15,14995,5.5,1
2025,15,17121,5.5,1
2025,15,15346,5.5,1
2025,15,14962,5.3,1
2025,15,16274,5.2,1
2025,15,16796,5.2,1
2025,15,13164,5.2,1
2025,15,16757,5.1,1
2025,15,11383,5.1,1
2025,15,15832,5.0,1
2025,15,16912,5.0,1
2025,15,15076,5.0,1
2025,15,15452,5.0,1
2025,15,13693,5.0,1
2025,15,13281,5.0,1
2025,15,14669,5.0,1
2025,15,16197,5.0,1
2025,15,15985,5.0,1
2025,15,16690,5.0,1
2025,15,13810,5.0,1
2025,15,11970,5.0,1
2025,15,17214,5.0,1
2025,15,13260,5.0,1
2025,15,16235,5.0,1
2025,15,13811,5.0,1
2025,15,16052,5.0,1
2025,15,14901,5.0,1
2025,15,13764,5.0,1
2025,15,14919,5.0,1
2025,15,11706,5.0,1
2025,15,13774,5.0,1
2025,15,16754,5.0,1
2025,15,14198,5.0,1
2025,15,17149,5.0,1
2025,15,16741,5.0,1
2025,15,15668,5.0,1
2025,15,17177,5.0,1
2025,15,14167,5.0,1
2025,15,15380,5.0,1
2025,15,13744,5.0,1
2025,15,14219,5.0,1
2025,15,16703,5.0,1
2025,15,16252,5.0,1
2025,15,16817,5.0,1
2025,15,13347,4.8,1
2025,15,16213,4.8,1
2025,15,16724,4.7,1
2025,15,15721,4.7,1
2025,15,14209,4.6,1
2025,15,15261,4.6,1
2025,15,11872,4.6,1
2025,15,17241,4.6,1
2025,15,14858,4.6,1
2025,15,15001,4.5,1
2025,15,15931,4.5,1
2025,15,10816,4.5,1
2025,15,13228,4.5,1
2025,15,15094,4.5,1
2025,15,16273,4.5,1
2025,15,14930,4.5,1
2025,15,12231,4.5,1
2025,15,14218,4.5,1
2025,15,15089,4.5,1
2025,15,15834,4.5,1
2025,15,16620,4.5,1
2025,15,15406,4.5,1
2025,15,16376,4.5,1
2025,15,16391,4.5,1
2025,15,14434,4.4,1
2025,15,16887,4.3,1
2025,15,12764,4.3,1
2025,15,15800,4.3,1
2025,15,15032,4.3,1
2025,15,15284,4.2,1
2025,15,12923,4.2,1
2025,15,14122,4.1,1
2025,15,15765,4.1,1
2025,15,14891,4.0,1
2025,15,16670,4.0,1
2025,15,17191,4.0,1
2025,15,13066,4.0,1
2025,15,17161,4.0,1
2025,15,16749,4.0,1
2025,15,15857,4.0,1
2025,15,16702,4.0,1
2025,15,17196,4.0,1
2025,15,15392,4.0,1
2025,15,16230,4.0,1
2025,15,16680,4.0,1
2025,15,15807,4.0,1
2025,15,15379,4.0,1
2025,15,16324,4.0,1
2025,15,14967,4.0,1
2025,15,17165,4.0,1
2025,15,12697,4.0,1
2025,15,14911,4.0,1
2025,15,17389,4.0,1
2025,15,12219,4.0,1
2025,15,17228,4.0,1
2025,15,13704,4.0,1
2025,15,13317,4.0,1
2025,15,16719,4.0,1
2025,15,16322,4.0,1
2025,15,15366,4.0,1
2025,15,14159,4.0,1
2025,15,17172,4.0,1
2025,15,17138,4.0,1
2025,15,15853,4.0,1
2025,15,17116,4.0,1
2025,15,12686,4.0,1
2025,15,13770,4.0,1
2025,15,16288,4.0,1
2025,15,15365,4.0,1
2025,15,15445,4.0,1
2025,15,14148,4.0,1
2025,15,15140,4.0,1
2025,15,15515,4.0,1
2025,15,14897,4.0,1
2025,15,16450,4.0,1
2025,15,15173,4.0,1
2025,15,16189,3.9,1
2025,15,16166,3.9,1
2025,15,15789,3.8,1
2025,15,15344,3.8,1
2025,15,14221,3.7,1
2025,15,15889,3.6,1
2025,15,17277,3.6,1
2025,15,16187,3.6,1
2025,15,14867,3.6,1
2025,15,15357,3.5,1
2025,15,15003,3.5,1
2025,15,16700,3.5,1
2025,15,16730,3.5,1
2025,15,15822,3.5,1
2025,15,15341,3.5,1
2025,15,13952,3.5,1
2025,15,15911,3.5,1
2025,15,15835,3.5,1
2025,15,17220,3.4,1
2025,15,14833,3.4,1
2025,15,16164,3.4,1
2025,15,16642,3.4,1
2025,15,17073,3.4,1
2025,15,15759,3.3,1
2025,15,14227,3.3,1
2025,15,12186,3.2,1
2025,15,16169,3.2,1
2025,15,16139,3.2,1
2025,15,15768,3.2,1
2025,15,16194,3.2,1
2025,15,16269,3.2,1
2025,15,15742,3.1,1
2025,15,16641,3.1,1
2025,15,15762,3.1,1
2025,15,15712,3.1,1
2025,15,14095,3.1,1
2025,15,13138,3.0,1
2025,15,16691,3.0,1
2025,15,13294,3.0,1
2025,15,15823,3.0,1
2025,15,15878,3.0,1
2025,15,16290,3.0,1
2025,15,16661,3.0,1
2025,15,14861,3.0,1
2025,15,16660,3.0,1
2025,15,16715,3.0,1
2025,15,12699,3.0,1
2025,15,14910,3.0,1
2025,15,15492,3.0,1
2025,15,15388,3.0,1
2025,15,14894,3.0,1
2025,15,15888,3.0,1
2025,15,17135,3.0,1
2025,15,15177,3.0,1
2025,15,13253,3.0,1
2025,15,15826,3.0,1
2025,15,13691,3.0,1
2025,15,17118,3.0,1
2025,15,16954,3.0,1
2025,15,15809,3.0,1
2025,15,13330,3.0,1
2025,15,13688,3.0,1
2025,15,13682,3.0,1
2025,15,16303,3.0,1
2025,15,16262,3.0,1
2025,15,17246,3.0,1
2025,15,11317,3.0,1
2025,15,16242,3.0,1
2025,15,16913,3.0,1
2025,15,13745,3.0,1
2025,15,13208,3.0,1
2025,15,15856,3.0,1
2025,15,14217,3.0,1
2025,15,12802,3.0,1
2025,15,16014,3.0,1
2025,15,16237,3.0,1
2025,15,16216,3.0,1
2025,15,14918,3.0,1
2025,15,16336,3.0,1
2025,15,17139,3.0,1
2025,15,17122,2.8,1
2025,15,17352,2.8,1
2025,15,10945,2.7,1
2025,15,14842,2.7,1
2025,15,16603,2.6,1
2025,15,13769,2.5,1
2025,15,17239,2.5,1
2025,15,16676,2.5,1
2025,15,17176,2.5,1
2025,15,15409,2.5,1
2025,15,15359,2.5,1
2025,15,17146,2.5,1
2025,15,14215,2.5,1
2025,15,16767,2.5,1
2025,15,16019,2.5,1
2025,15,16264,2.5,1
2025,15,17173,2.5,1
2025,15,16755,2.5,1
2025,15,12271,2.5,1
2025,15,17124,2.5,1
2025,15,17071,2.5,1
2025,15,12323,2.5,1
2025,15,11793,2.5,1
2025,15,13706,2.5,1
2025,15,17119,2.4,1
2025,15,14984,2.4,1
2025,15,16727,2.4,1
2025,15,15831,2.3,1
2025,15,16201,2.2,1
2025,15,16351,2.2,1
2025,15,13671,2.1,1
2025,15,15884,2.1,1
2025,15,14256,2.1,1
2025,15,16846,2.1,1
2025,15,13844,2.1,1
2025,15,13303,2.1,1
2025,15,15796,2.1,1
2025,15,16714,2.0,1
2025,15,13293,2.0,1
2025,15,15824,2.0,1
2025,15,16627,2.0,1
2025,15,16636,2.0,1
2025,15,15420,2.0,1
2025,15,16653,2.0,1
2025,15,17160,2.0,1
2025,15,15448,2.0,1
2025,15,16018,2.0,1
2025,15,13782,2.0,1
2025,15,13227,2.0,1
2025,15,17193,2.0,1
2025,15,15676,2.0,1
2025,15,17381,2.0,1
2025,15,15121,2.0,1
2025,15,14948,2.0,1
2025,15,14921,2.0,1
2025,15,14213,2.0,1
2025,15,15396,2.0,1
2025,15,14927,2.0,1
2025,15,15464,2.0,1
2025,15,16572,2.0,1
2025,15,16268,2.0,1
2025,15,17315,2.0,1
2025,15,13267,2.0,1
2025,15,16532,2.0,1
2025,15,16145,2.0,1
2025,15,17126,2.0,1
2025,15,16516,2.0,1
2025,15,16446,2.0,1
2025,15,15375,2.0,1
2025,15,12752,2.0,1
2025,15,14200,2.0,1
2025,15,15730,2.0,1
2025,15,17201,2.0,1
2025,15,16870,2.0,1
2025,15,16735,2.0,1
2025,15,13687,2.0,1
2025,15,15363,2.0,1
2025,15,16452,1.9,1
2025,15,13418,1.9,1
2025,15,15051,1.8,1
2025,15,17213,1.8,1
2025,15,12842,1.8,1
2025,15,17222,1.8,1
2025,15,16364,1.8,1
2025,15,16219,1.7,1
2025,15,16387,1.7,1
2025,15,17274,1.7,1
2025,15,15813,1.6,1
2025,15,12676,1.6,1
2025,15,15866,1.6,1
2025,15,17068,1.5,1
2025,15,14170,1.5,1
2025,15,8930,1.5,1
2025,15,17190,1.5,1
2025,15,16684,1.5,1
2025,15,15956,1.5,1
2025,15,16707,1.5,1
2025,15,16664,1.5,1
2025,15,16663,1.5,1
2025,15,15498,1.5,1
2025,15,16281,1.5,1
2025,15,15935,1.5,1
2025,15,16710,1.5,1
2025,15,14907,1.5,1
2025,15,17174,1.5,1
2025,15,17202,1.5,1
2025,15,15795,1.5,1
2025,15,14205,1.5,1
2025,15,16375,1.5,1
2025,15,14951,1.5,1
2025,15,12218,1.5,1
2025,15,13791,1.5,1
2025,15,14963,1.5,1
2025,15,13298,1.5,1
2025,15,13692,1.5,1
2025,15,15443,1.5,1
2025,15,16704,1.5,1
2025,15,11367,1.4,1
2025,15,17078,1.4,1
2025,15,14146,1.4,1
2025,15,15972,1.3,1
2025,15,11936,1.2,1
2025,15,17156,1.2,1
2025,15,12956,1.2,1
2025,15,15319,1.2,1
2025,15,13672,1.2,1
2025,15,16610,1.2,1
2025,15,16403,1.2,1
2025,15,7394,1.1,1
2025,15,17050,1.1,1
2025,15,17185,1.0,1
2025,15,15814,1.0,1
2025,15,17145,1.0,1
2025,15,13263,1.0,1
2025,15,16284,1.0,1
2025,15,13953,1.0,1
2025,15,17319,1.0,1
2025,15,13709,1.0,1
2025,15,16492,1.0,1
2025,15,15945,1.0,1
2025,15,17418,1.0,1
2025,15,14978,1.0,1
2025,15,14154,1.0,1
2025,15,14319,1.0,1
2025,15,15726,1.0,1
2025,15,16872,1.0,1
2025,15,14672,1.0,1
2025,15,16675,1.0,1
2025,15,16017,1.0,1
2025,15,13270,1.0,1
2025,15,12795,1.0,1
2025,15,15527,1.0,1
2025,15,15397,1.0,1
2025,15,13690,1.0,1
2025,15,16030,1.0,1
2025,15,17140,1.0,1
2025,15,13230,1.0,1
2025,15,17430,1.0,1
2025,15,16054,1.0,1
2025,15,16726,1.0,1
2025,15,16325,1.0,1
2025,15,16240,1.0,1
2025,15,13738,1.0,1
2025,15,17128,1.0,1
2025,15,15377,1.0,1
2025,15,15946,1.0,1
2025,15,17400,1.0,1
2025,15,16113,1.0,1
2025,15,16029,1.0,1
2025,15,16720,1.0,1
2025,15,15877,1.0,1
2025,15,14953,1.0,1
2025,15,16026,1.0,1
2025,15,16223,1.0,1
2025,15,15914,1.0,1
2025,15,15510,1.0,1
2025,15,16729,1.0,1
2025,15,14737,1.0,1
2025,15,13288,1.0,1
2025,15,16678,1.0,1
2025,15,15049,1.0,1
2025,15,16753,1.0,1
2025,15,10514,1.0,1
2025,15,15129,1.0,1
2025,15,16082,1.0,1
2025,15,16443,1.0,1
2025,15,15345,1.0,1
2025,15,16893,1.0,1
2025,15,16383,1.0,1
2025,15,16669,1.0,1
2025,15,15103,1.0,1
2025,15,16059,1.0,1
2025,15,17169,1.0,1
2025,15,17379,1.0,1
2025,15,16300,1.0,1
2025,15,16267,1.0,1
2025,15,15395,1.0,1
2025,15,14270,1.0,1
2025,15,14975,1.0,1
2025,15,14012,1.0,1
2025,15,16697,1.0,1
2025,15,17432,1.0,1
2025,15,17414,1.0,1
2025,15,15851,1.0,1
2025,15,13470,1.0,1
2025,15,15926,1.0,1
2025,15,14260,1.0,1
2025,15,16072,1.0,1
2025,15,13322,1.0,1
2025,15,16962,1.0,1
2025,15,16723,0.9,1
2025,15,15541,0.9,1
2025,15,15981,0.9,1
2025,15,15708,0.9,1
2025,15,17234,0.9,1
2025,15,11938,0.9,1
2025,15,16335,0.8,1
2025,15,15804,0.8,1
2025,15,17061,0.7,1
2025,15,16195,0.7,1
2025,15,16162,0.6,1
2025,15,15925,0.6,1
2025,15,16292,0.6,1
2025,15,17371,0.5,1
2025,15,16342,0.5,1
2025,15,14495,0.5,1
2025,15,15953,0.5,1
2025,15,16816,0.5,1
2025,15,16212,0.5,1
2025,15,17341,0.5,1
2025,15,14926,0.5,1
2025,15,16900,0.5,1
2025,15,13963,0.5,1
2025,15,15965,0.5,1
2025,15,16898,0.5,1
2025,15,15285,0.5,1
2025,15,17247,0.5,1
2025,15,16911,0.5,1
2025,15,16647,0.5,1
2025,15,17410,0.5,1
2025,15,14467,0.5,1
2025,15,16238,0.5,1
2025,15,13750,0.5,1
2025,15,14889,0.5,1
2025,15,17123,0.5,1
2025,15,15473,0.5,1
2025,15,17229,0.5,1
2025,15,17415,0.5,1
2025,15,16831,0.5,1
2025,15,17244,0.5,1
2025,15,13942,0.5,1
2025,15,17369,0.5,1
2025,15,14928,0.5,1
2025,15,15538,0.5,1
2025,15,15419,0.5,1
2025,15,17164,0.4,1
2025,15,17042,0.4,1
2025,15,16180,0.4,1
2025,15,14076,0.4,1
2025,15,13315,0.3,1
2025,15,13848,0.3,1
2025,15,17083,0.3,1
2025,15,15301,0.3,1
2025,15,14420,0.3,1
2025,15,14370,0.2,1
2025,15,15799,0.2,1
2025,15,15716,0.2,1
2025,15,15332,0.1,1
2025,15,13430,0.1,1
2025,15,13325,0.0,1
2025,15,16617,0.0,1
2025,15,13246,0.0,1
2025,15,16255,0.0,1
2025,15,17015,0.0,1
2025,15,12608,0.0,1
2025,15,13633,0.0,1
2025,15,17360,0.0,1
2025,15,12771,0.0,1
2025,15,14870,0.0,1
2025,15,17087,0.0,1
2025,15,13726,0.0,1
2025,15,16839,0.0,1
2025,15,16601,0.0,1
2025,15,13634,0.0,1
2025,15,15767,0.0,1
2025,15,14405,0.0,1
2025,15,17154,0.0,1
2025,15,14876,0.0,1
2025,15,17211,0.0,1
2025,15,15944,0.0,1
2025,15,13479,0.0,1
2025,15,16897,0.0,1
2025,15,15943,0.0,1
2025,15,15604,0.0,1
2025,15,15535,0.0,1
2025,15,17207,0.0,1
2025,15,17383,0.0,1
2025,15,16307,0.0,1
2025,15,15302,0.0,1
2025,15,15720,0.0,1
2025,15,11807,0.0,1
2025,15,17317,0.0,1
2025,15,14652,0.0,1
2025,15,16291,0.0,1
2025,15,17422,0.0,1
2025,15,16820,0.0,1
2025,15,16217,0.0,1
2025,15,16571,0.0,1
2025,15,15368,0.0,1
2025,15,14239,0.0,1
2025,15,13212,0.0,1
2025,15,17385,0.0,1
2025,15,16309,0.0,1
2025,15,16310,0.0,1
2025,15,16643,0.0,1
2025,15,17209,0.0,1
2025,15,14331,0.0,1
2025,15,14161,0.0,1
2025,15,13919,0.0,1
2025,15,15898,0.0,1
2025,15,17354,0.0,1
2025,15,17361,0.0,1
2025,15,16869,0.0,1
2025,15,16940,0.0,1
2025,15,14875,0.0,1
2025,15,16357,0.0,1
2025,15,17194,0.0,1
2025,15,15928,0.0,1
2025,15,17257,0.0,1
2025,15,17103,0.0,1
2025,15,15772,0.0,1
2025,15,12677,0.0,1
2025,15,15897,0.0,1
2025,15,13377,0.0,1
2025,15,15905,0.0,1
2025,15,17365,0.0,1
2025,15,16036,0.0,1
2025,15,17356,0.0,1
2025,15,13715,0.0,1
2025,15,17016,0.0,1
2025,15,16782,0.0,1
2025,15,12741,0.0,1
2025,15,15408,0.0,1
2025,15,13940,0.0,1
2025,15,17232,0.0,1
2025,15,12734,0.0,1
2025,15,17374,0.0,1
2025,15,17278,0.0,1
2025,15,17058,0.0,1
2025,15,16218,0.0,1
2025,15,15244,0.0,1
2025,15,15424,0.0,1
2025,15,13199,0.0,1
2025,15,16315,0.0,1
2025,15,16737,0.0,1
2025,15,15337,0.0,1
2025,15,13231,0.0,1
2025,15,16138,0.0,1
2025,15,16556,0.0,1
2025,15,17134,0.0,1
2025,15,15798,0.0,1
2025,15,15423,0.0,1
2025,15,15432,0.0,1
2025,15,13723,0.0,1
2025,15,12751,0.0,1
2025,15,16203,0.0,1
2025,15,15414,0.0,1
2025,15,15684,0.0,1
2025,15,17340,0.0,1
2025,15,9596,0.0,1
2025,15,16533,0.0,1
2025,15,16709,0.0,1
2025,15,15148,0.0,1
2025,15,14942,0.0,1
2025,15,16656,0.0,1
2025,15,17097,0.0,1
2025,15,17195,0.0,1
2025,15,16777,0.0,1
2025,15,16976,0.0,1
2025,15,14979,0.0,1
2025,15,15449,0.0,1
2025,15,15903,0.0,1
2025,15,14037,0.0,1
2025,15,16289,0.0,1
2025,15,14847,0.0,1
2025,15,12229,0.0,1
2025,15,16037,0.0,1
2025,15,16476,0.0,1
2025,15,15446,0.0,1
2025,15,16979,0.0,1
2025,15,16232,0.0,1
2025,15,12645,0.0,1
2025,15,14442,0.0,1
2025,15,16373,0.0,1
2025,15,13959,0.0,1
2025,15,16828,0.0,1
2025,15,15117,0.0,1
2025,15,16328,0.0,1
2025,15,17265,0.0,1
2025,15,16850,0.0,1
2025,15,16350,0.0,1
2025,15,14887,0.0,1
2025,15,13763,0.0,1
2025,15,17233,0.0,1
2025,15,14280,0.0,1
2025,15,15390,0.0,1
2025,15,16312,0.0,1
2025,15,16485,0.0,1
2025,15,15924,0.0,1
2025,15,17263,0.0,1
2025,15,15441,0.0,1
2025,15,15891,0.0,1
2025,15,16363,0.0,1
2025,15,15521,0.0,1
2025,15,16247,0.0,1
2025,15,17178,0.0,1
2025,15,16118,0.0,1
2025,15,14503,0.0,1
2025,15,17251,0.0,1
2025,15,16483,0.0,1
2025,15,17000,0.0,1
2025,15,15836,0.0,1
2025,15,13652,0.0,1
2025,15,17203,0.0,1
2025,15,14944,0.0,1
2025,15,13718,0.0,1
2025,15,16776,0.0,1
2025,15,17398,0.0,1
2025,15,14222,0.0,1
2025,15,16225,0.0,1
2025,15,17204,0.0,1
2025,15,16304,0.0,1
2025,15,16393,0.0,1
2025,15,12217,0.0,1
2025,15,16875,0.0,1
2025,15,16440,0.0,1
2025,15,16366,0.0,1
2025,15,15766,0.0,1
2025,15,13785,0.0,1
2025,15,16451,0.0,1
2025,15,17200,0.0,1
2025,15,17219,0.0,1
2025,15,16750,0.0,1
2025,15,16722,0.0,1
2025,15,16486,0.0,1
2025,15,17397,0.0,1
2025,15,14414,0.0,1
2025,15,16463,0.0,1
2025,15,16191,0.0,1
2025,15,13754,0.0,1
2025,15,16728,0.0,1
2025,15,14310,0.0,1
2025,15,15016,0.0,1
2025,15,15921,0.0,1
2025,15,13893,0.0,1
2025,15,17367,0.0,1
2025,15,14236,0.0,1
2025,15,14904,0.0,1
2025,15,12955,0.0,1
2025,15,17408,0.0,1
2025,15,13455,0.0,1
2025,15,12234,0.0,1
2025,15,12680,0.0,1
2025,15,15874,0.0,1
2025,15,15818,0.0,1
2025,15,15151,0.0,1
2025,15,16344,0.0,1
2025,15,17348,0.0,1
2025,15,15755,0.0,1
2025,15,17080,0.0,1
2025,15,16428,0.0,1
2025,15,16023,0.0,1
2025,15,15880,0.0,1
2025,15,13731,0.0,1
2025,15,17337,0.0,1
2025,15,17358,0.0,1
2025,15,15165,0.0,1
2025,15,16226,0.0,1
2025,15,16621,0.0,1
2025,15,15589,0.0,1
2025,15,14379,0.0,1
2025,15,13755,0.0,1
2025,15,16183,0.0,1
2025,15,17056,0.0,1
2025,15,15977,0.0,1
2025,15,16474,0.0,1
2025,15,14888,0.0,1
2025,15,16688,0.0,1
2025,15,14879,0.0,1
2025,15,14137,0.0,1
2025,15,15894,0.0,1
2025,15,17230,0.0,1
2025,15,13939,0.0,1
2025,15,13427,0.0,1
2025,15,12716,0.0,1
2025,15,17285,0.0,1
2025,15,17148,0.0,1
2025,15,15335,0.0,1
2025,15,14950,0.0,1
2025,15,16422,0.0,1
2025,15,15916,0.0,1
2025,15,15614,0.0,1
2025,15,13189,-0.1,1
2025,15,13424,-0.1,1
2025,15,12447,-0.1,1
2025,15,16414,-0.2,1
2025,15,15650,-0.2,1
2025,15,17048,-0.2,1
2025,15,17102,-0.2,1
2025,15,14985,-0.2,1
2025,15,16613,-0.2,1
2025,15,16390,-0.2,1
2025,15,14630,-0.2,1
2025,15,14080,-0.2,1
2025,15,13632,-0.3,1
2025,15,17107,-0.3,1
2025,15,16432,-0.4,1
2025,15,10814,-0.4,1
2025,15,17066,-0.4,1
2025,15,12187,-0.5,1
2025,15,16311,-0.6,1
2025,15,14849,-0.7,1
2025,15,17049,-0.8,1
2025,15,15749,-0.8,1
2025,15,13994,-0.8,1
2025,15,15989,-0.8,1
2025,15,16333,-0.9,1
2025,15,17349,-0.9,1
2025,15,15727,-0.9,1
2025,15,17059,-1.0,1
2025,15,14237,-1.0,1
2025,15,12140,-1.0,1
2025,15,15777,-1.0,1
2025,15,16326,-1.0,1
2025,15,17184,-1.0,1
2025,15,13201,-1.0,1
2025,15,16586,-1.0,1
2025,15,15271,-1.0,1
2025,15,15109,-1.0,1
2025,15,16275,-1.0,1
2025,15,16633,-1.0,1
2025,15,17079,-1.0,1
2025,15,12481,-1.0,1
2025,15,17181,-1.0,1
2025,15,15998,-1.0,1
2025,15,16496,-1.0,1
2025,15,17157,-1.0,1
2025,15,16207,-1.0,1
2025,15,15491,-1.0,1
2025,15,15895,-1.0,1
2025,15,17109,-1.0,1
2025,15,16949,-1.0,1
2025,15,16677,-1.0,1
2025,15,17254,-1.0,1
2025,15,14848,-1.0,1
2025,15,15711,-1.2,1
2025,15,15885,-1.2,1
2025,15,15718,-1.3,1
2025,15,11945,-1.4,1
2025,15,13968,-1.4,1
2025,15,17171,-1.5,1
2025,15,15785,-1.5,1
2025,15,14836,-1.6,1
2025,15,16880,-1.8,1
2025,15,13289,-1.8,1
2025,15,15054,-2.0,1
2025,15,16271,-2.0,1
2025,15,17175,-2.0,1
2025,15,12978,-2.0,1
2025,15,16878,-2.0,1
2025,15,13676,-2.0,1
2025,15,16429,-2.0,1
2025,15,14974,-2.0,1
2025,15,14789,-2.1,1
2025,15,11222,-2.3,1
2025,15,16385,-2.3,1
2025,15,16045,-2.5,1
2025,15,17339,-2.9,1
2025,15,11674,-3.0,1
2025,15,14592,-3.0,1
2025,15,16287,-3.0,1
2025,15,13133,-3.4,1
2025,15,15752,-4.0,1
2025,15,13156,-4.0,1
2025,15,14600,-4.3,1
2025,15,14777,-4.9,1
2025,15,17051,-5.1,1
2025,15,13143,-5.6,1
2025,15,15292,-5.7,1
2025,15,16858,-7.8,1
2025,15,14067,-8.6,1
2025,15,17040,-8.9,1
2025,15,13403,-11.1,1
2025,15,15692,-22.8,1
2025,15,17031,-24.8,1
2025,16,9431,77.6,1
2025,16,14779,67.9,1
2025,16,14777,62.8,1
2025,16,15698,52.2,1
2025,16,12611,50.0,1
2025,16,15237,49.0,1
2025,16,16580,46.9,1
2025,16,16211,46.5,1
2025,16,12620,43.4,1
2025,16,16579,41.5,1
2025,16,17030,36.7,1
2025,16,17039,34.6,1
2025,16,14783,34.1,1
2025,16,17042,34.1,1
2025,16,15711,33.3,1
2025,16,7836,32.5,1
2025,16,15742,32.2,1
2025,16,16582,30.5,1
2025,16,16346,30.1,1
2025,16,15754,30.1,1
2025,16,16675,28.7,1
2025,16,16192,28.5,1
2025,16,16181,28.3,1
2025,16,15715,28.3,1
2025,16,15762,28.0,1
2025,16,15832,26.9,1
2025,16,13130,26.2,1
2025,16,13299,26.0,1
2025,16,16148,25.8,1
2025,16,16161,25.6,1
2025,16,12186,25.6,1
2025,16,15768,25.2,1
2025,16,16282,24.8,1
2025,16,17068,24.7,1
2025,16,13604,24.4,1
2025,16,7394,23.8,1
2025,16,11317,23.6,1
2025,16,16954,23.4,1
2025,16,16188,23.3,1
2025,16,12860,23.2,1
2025,16,16679,23.1,1
2025,16,15255,23.1,1
2025,16,16239,22.5,1
2025,16,17167,21.9,1
2025,16,13635,21.8,1
2025,16,13592,21.7,1
2025,16,13208,21.7,1
2025,16,12626,21.1,1
2025,16,15694,20.8,1
2025,16,14171,20.2,1
2025,16,17066,20.1,1
2025,16,16660,19.5,1
2025,16,15779,19.3,1
2025,16,16165,19.0,1
2025,16,13223,19.0,1
2025,16,17034,19.0,1
2025,16,16150,18.7,1
2025,16,16279,18.7,1
2025,16,15346,18.6,1
2025,16,15259,18.6,1
2025,16,15281,18.3,1
2025,16,15397,18.3,1
2025,16,16754,18.0,1
2025,16,11150,18.0,1
2025,16,13332,18.0,1
2025,16,16432,17.9,1
2025,16,13593,17.6,1
2025,16,12305,17.5,1
2025,16,16928,17.5,1
2025,16,17124,17.4,1
2025,16,13744,17.4,1
2025,16,16266,17.4,1
2025,16,11945,17.3,1
2025,16,15418,17.2,1
2025,16,11793,17.2,1
2025,16,14860,17.2,1
2025,16,15817,17.0,1
2025,16,10292,17.0,1
2025,16,16190,16.9,1
2025,16,16185,16.7,1
2025,16,14163,16.5,1
2025,16,16264,16.1,1
2025,16,16672,16.0,1
2025,16,16224,16.0,1
2025,16,14252,16.0,1
2025,16,14037,16.0,1
2025,16,11769,16.0,1
2025,16,16333,15.7,1
2025,16,17147,15.6,1
2025,16,17044,15.5,1
2025,16,15428,15.5,1
2025,16,13066,15.4,1
2025,16,17424,15.2,1
2025,16,14888,15.0,1
2025,16,16281,15.0,1
2025,16,14897,14.8,1
2025,16,14861,14.8,1
2025,16,13630,14.7,1
2025,16,15846,14.5,1
2025,16,17148,14.5,1
2025,16,14104,14.5,1
2025,16,16651,14.5,1
2025,16,17214,14.4,1
2025,16,13844,14.3,1
2025,16,14249,14.1,1
2025,16,14835,14.1,1
2025,16,16698,14.0,1
2025,16,14905,14.0,1
2025,16,15401,14.0,1
2025,16,17169,14.0,1
2025,16,15805,14.0,1
2025,16,16245,14.0,1
2025,16,16714,14.0,1
2025,16,14836,14.0,1
2025,16,16240,14.0,1
2025,16,13590,13.7,1
2025,16,17071,13.6,1
2025,16,16009,13.5,1
2025,16,16167,13.5,1
2025,16,16927,13.5,1
2025,16,16206,13.4,1
2025,16,14877,13.3,1
2025,16,16169,13.3,1
2025,16,14180,13.3,1
2025,16,16793,13.2,1
2025,16,13424,13.2,1
2025,16,13933,13.1,1
2025,16,14164,13.1,1
2025,16,14218,13.0,1
2025,16,15989,13.0,1
2025,16,17142,13.0,1
2025,16,14940,13.0,1
2025,16,14225,13.0,1
2025,16,17163,13.0,1
2025,16,14802,12.8,1
2025,16,14954,12.5,1
2025,16,14892,12.5,1
2025,16,10266,12.5,1
2025,16,15358,12.5,1
2025,16,17103,12.5,1
2025,16,17186,12.5,1
2025,16,15329,12.4,1
2025,16,10775,12.4,1
2025,16,16174,12.3,1
2025,16,10768,12.3,1
2025,16,16887,12.2,1
2025,16,12616,12.1,1
2025,16,16314,12.1,1
2025,16,14168,12.0,1
2025,16,16717,12.0,1
2025,16,14235,12.0,1
2025,16,15394,12.0,1
2025,16,17116,12.0,1
2025,16,15815,12.0,1
2025,16,16673,12.0,1
2025,16,15352,12.0,1
2025,16,16241,12.0,1
2025,16,15933,12.0,1
2025,16,15510,11.9,1
2025,16,10700,11.7,1
2025,16,17134,11.7,1
2025,16,14251,11.5,1
2025,16,12782,11.5,1
2025,16,16800,11.5,1
2025,16,16677,11.5,1
2025,16,13714,11.5,1
2025,16,17174,11.5,1
2025,16,12688,11.5,1
2025,16,17016,11.5,1
2025,16,14085,11.4,1
2025,16,16428,11.4,1
2025,16,17181,11.3,1
2025,16,16444,11.1,1
2025,16,15355,11.1,1
2025,16,17277,11.1,1
2025,16,17189,11.0,1
2025,16,15396,11.0,1
2025,16,15834,11.0,1
2025,16,16723,11.0,1
2025,16,13251,11.0,1
2025,16,14982,11.0,1
2025,16,16251,11.0,1
2025,16,17115,10.8,1
2025,16,14148,10.7,1
2025,16,16619,10.7,1
2025,16,16610,10.6,1
2025,16,15850,10.5,1
2025,16,13802,10.5,1
2025,16,16164,10.4,1
2025,16,16684,10.4,1
2025,16,17127,10.2,1
2025,16,16234,10.2,1
2025,16,16273,10.2,1
2025,16,16593,10.2,1
2025,16,17073,10.1,1
2025,16,16295,10.1,1
2025,16,15404,10.0,1
2025,16,13322,10.0,1
2025,16,13717,10.0,1
2025,16,14904,10.0,1
2025,16,15392,10.0,1
2025,16,16787,10.0,1
2025,16,13281,10.0,1
2025,16,17171,10.0,1
2025,16,10816,10.0,1
2025,16,13710,10.0,1
2025,16,14997,10.0,1
2025,16,13770,9.9,1
2025,16,13289,9.8,1
2025,16,14109,9.6,1
2025,16,16627,9.6,1
2025,16,17178,9.5,1
2025,16,14302,9.5,1
2025,16,16450,9.5,1
2025,16,13672,9.5,1
2025,16,17209,9.5,1
2025,16,15001,9.5,1
2025,16,15721,9.5,1
2025,16,13723,9.5,1
2025,16,17112,9.5,1
2025,16,13772,9.5,1
2025,16,16752,9.5,1
2025,16,16799,9.5,1
2025,16,13674,9.4,1
2025,16,13839,9.4,1
2025,16,11938,9.3,1
2025,16,17072,9.3,1
2025,16,15889,9.3,1
2025,16,15076,9.3,1
2025,16,14921,9.2,1
2025,16,17107,9.1,1
2025,16,16641,9.1,1
2025,16,16268,9.0,1
2025,16,14076,9.0,1
2025,16,15756,9.0,1
2025,16,15910,9.0,1
2025,16,15547,9.0,1
2025,16,15812,9.0,1
2025,16,16366,9.0,1
2025,16,12711,9.0,1
2025,16,17220,9.0,1
2025,16,17144,9.0,1
2025,16,12225,9.0,1
2025,16,16270,9.0,1
2025,16,17129,9.0,1
2025,16,16708,9.0,1
2025,16,16690,9.0,1
2025,16,16691,9.0,1
2025,16,16670,9.0,1
2025,16,13696,9.0,1
2025,16,17157,8.9,1
2025,16,16225,8.9,1
2025,16,15282,8.9,1
2025,16,12141,8.9,1
2025,16,13133,8.7,1
2025,16,13319,8.6,1
2025,16,16187,8.6,1
2025,16,16689,8.5,1
2025,16,17172,8.5,1
2025,16,13697,8.5,1
2025,16,12676,8.5,1
2025,16,16252,8.5,1
2025,16,13268,8.5,1
2025,16,13693,8.5,1
2025,16,13813,8.5,1
2025,16,14221,8.5,1
2025,16,14412,8.5,1
2025,16,14908,8.5,1
2025,16,15749,8.5,1
2025,16,14420,8.4,1
2025,16,16223,8.3,1
2025,16,16269,8.3,1
2025,16,13782,8.3,1
2025,16,14322,8.3,1
2025,16,11222,8.3,1
2025,16,14717,8.3,1
2025,16,15089,8.2,1
2025,16,13347,8.2,1
2025,16,15712,8.1,1
2025,16,15856,8.1,1
2025,16,12785,8.1,1
2025,16,17351,8.1,1
2025,16,16162,8.1,1
2025,16,15441,8.0,1
2025,16,15836,8.0,1
2025,16,13774,8.0,1
2025,16,14943,8.0,1
2025,16,14198,8.0,1
2025,16,16784,8.0,1
2025,16,16700,8.0,1
2025,16,13434,8.0,1
2025,16,12691,8.0,1
2025,16,14219,8.0,1
2025,16,13249,8.0,1
2025,16,16786,8.0,1
2025,16,12739,8.0,1
2025,16,17190,8.0,1
2025,16,13228,8.0,1
2025,16,17119,8.0,1
2025,16,14210,8.0,1
2025,16,12988,8.0,1
2025,16,15820,8.0,1
2025,16,13227,8.0,1
2025,16,15888,8.0,1
2025,16,13589,7.9,1
2025,16,15413,7.9,1
2025,16,16287,7.8,1
2025,16,16680,7.8,1
2025,16,16653,7.7,1
2025,16,12744,7.7,1
2025,16,15253,7.7,1
2025,16,16778,7.6,1
2025,16,14797,7.5,1
2025,16,14901,7.5,1
2025,16,17261,7.5,1
2025,16,16621,7.5,1
2025,16,15822,7.5,1
2025,16,14472,7.5,1
2025,16,13919,7.5,1
2025,16,15452,7.5,1
2025,16,15931,7.5,1
2025,16,13307,7.5,1
2025,16,16265,7.5,1
2025,16,12831,7.5,1
2025,16,16036,7.4,1
2025,16,12221,7.3,1
2025,16,14256,7.2,1
2025,16,17138,7.2,1
2025,16,17353,7.2,1
2025,16,17078,7.1,1
2025,16,13201,7.1,1
2025,16,12752,7.0,1
2025,16,15173,7.0,1
2025,16,16520,7.0,1
2025,16,16288,7.0,1
2025,16,16145,7.0,1
2025,16,17339,7.0,1
2025,16,14170,7.0,1
2025,16,17155,7.0,1
2025,16,16276,7.0,1
2025,16,14153,7.0,1
2025,16,15985,7.0,1
2025,16,13294,7.0,1
2025,16,16492,7.0,1
2025,16,15377,7.0,1
2025,16,15051,7.0,1
2025,16,12741,7.0,1
2025,16,15950,7.0,1
2025,16,13354,6.9,1
2025,16,16809,6.9,1
2025,16,15368,6.8,1
2025,16,14832,6.7,1
2025,16,11232,6.7,1
2025,16,16598,6.7,1
2025,16,14095,6.7,1
2025,16,16620,6.7,1
2025,16,16681,6.7,1
2025,16,16794,6.6,1
2025,16,15335,6.6,1
2025,16,17177,6.6,1
2025,16,14159,6.5,1
2025,16,15258,6.5,1
2025,16,12802,6.5,1
2025,16,13952,6.5,1
2025,16,14899,6.5,1
2025,16,16725,6.5,1
2025,16,13737,6.5,1
2025,16,14257,6.5,1
2025,16,11872,6.5,1
2025,16,10945,6.3,1
2025,16,16013,6.2,1
2025,16,16858,6.2,1
2025,16,11936,6.2,1
2025,16,16215,6.1,1
2025,16,16747,6.1,1
2025,16,9051,6.0,1
2025,16,17114,6.0,1
2025,16,17123,6.0,1
2025,16,16730,6.0,1
2025,16,15860,6.0,1
2025,16,15446,6.0,1
2025,16,17256,6.0,1
2025,16,15390,6.0,1
2025,16,14737,6.0,1
2025,16,15366,6.0,1
2025,16,14283,6.0,1
2025,16,17081,6.0,1
2025,16,12263,6.0,1
2025,16,15864,6.0,1
2025,16,12218,6.0,1
2025,16,15365,6.0,1
2025,16,11327,6.0,1
2025,16,15395,6.0,1
2025,16,16267,6.0,1
2025,16,16773,6.0,1
2025,16,14903,6.0,1
2025,16,16705,6.0,1
2025,16,16012,6.0,1
2025,16,16309,6.0,1
2025,16,15868,6.0,1
2025,16,16253,6.0,1
2025,16,13769,6.0,1
2025,16,16654,6.0,1
2025,16,17165,6.0,1
2025,16,14893,6.0,1
2025,16,16102,6.0,1
2025,16,13837,6.0,1
2025,16,14894,5.9,1
2025,16,16734,5.8,1
2025,16,16315,5.8,1
2025,16,15290,5.8,1
2025,16,16636,5.7,1
2025,16,14146,5.7,1
2025,16,15708,5.6,1
2025,16,17263,5.5,1
2025,16,16911,5.5,1
2025,16,15851,5.5,1
2025,16,16870,5.5,1
2025,16,14789,5.5,1
2025,16,17139,5.5,1
2025,16,14179,5.5,1
2025,16,14136,5.5,1
2025,16,14896,5.5,1
2025,16,17380,5.5,1
2025,16,14213,5.5,1
2025,16,14215,5.5,1
2025,16,11970,5.5,1
2025,16,13610,5.4,1
2025,16,16390,5.4,1
2025,16,16292,5.3,1
2025,16,16643,5.3,1
2025,16,15261,5.3,1
2025,16,16603,5.3,1
2025,16,16080,5.2,1
2025,16,17062,5.2,1
2025,16,13763,5.1,1
2025,16,16363,5.0,1
2025,16,15405,5.0,1
2025,16,16262,5.0,1
2025,16,15345,5.0,1
2025,16,15361,5.0,1
2025,16,16692,5.0,1
2025,16,13317,5.0,1
2025,16,17233,5.0,1
2025,16,14927,5.0,1
2025,16,13764,5.0,1
2025,16,17234,5.0,1
2025,16,15875,5.0,1
2025,16,14918,5.0,1
2025,16,15484,5.0,1
2025,16,12686,5.0,1
2025,16,16712,5.0,1
2025,16,17200,5.0,1
2025,16,16741,5.0,1
2025,16,15356,5.0,1
2025,16,11807,5.0,1
2025,16,14978,5.0,1
2025,16,17376,5.0,1
2025,16,12238,5.0,1
2025,16,13681,5.0,1
2025,16,16280,5.0,1
2025,16,16294,5.0,1
2025,16,14948,5.0,1
2025,16,16656,5.0,1
2025,16,16777,5.0,1
2025,16,16357,5.0,1
2025,16,15928,5.0,1
2025,16,13245,5.0,1
2025,16,17381,5.0,1
2025,16,16878,5.0,1
2025,16,17430,5.0,1
2025,16,13633,4.9,1
2025,16,9826,4.9,1
2025,16,17082,4.9,1
2025,16,15284,4.9,1
2025,16,15287,4.8,1
2025,16,16113,4.8,1
2025,16,16419,4.7,1
2025,16,14080,4.7,1
2025,16,17051,4.7,1
2025,16,11671,4.7,1
2025,16,13189,4.7,1
2025,16,17213,4.7,1
2025,16,16626,4.6,1
2025,16,15766,4.6,1
2025,16,16513,4.5,1
2025,16,12772,4.5,1
2025,16,14928,4.5,1
2025,16,17201,4.5,1
2025,16,12758,4.5,1
2025,16,15979,4.5,1
2025,16,14217,4.5,1
2025,16,14161,4.5,1
2025,16,16369,4.5,1
2025,16,12698,4.5,1
2025,16,16716,4.5,1
2025,16,13260,4.5,1
2025,16,15492,4.5,1
2025,16,15839,4.5,1
2025,16,13230,4.5,1
2025,16,17274,4.4,1
2025,16,15761,4.3,1
2025,16,14974,4.3,1
2025,16,14858,4.3,1
2025,16,15668,4.3,1
2025,16,15892,4.3,1
2025,16,16189,4.3,1
2025,16,12677,4.3,1
2025,16,11383,4.2,1
2025,16,16207,4.2,1
2025,16,15559,4.2,1
2025,16,16655,4.2,1
2025,16,15998,4.0,1
2025,16,15412,4.0,1
2025,16,16455,4.0,1
2025,16,16460,4.0,1
2025,16,16304,4.0,1
2025,16,16278,4.0,1
2025,16,13226,4.0,1
2025,16,16350,4.0,1
2025,16,15866,4.0,1
2025,16,15464,4.0,1
2025,16,16077,4.0,1
2025,16,13692,4.0,1
2025,16,15880,4.0,1
2025,16,13163,4.0,1
2025,16,17121,4.0,1
2025,16,13298,4.0,1
2025,16,15881,4.0,1
2025,16,17131,4.0,1
2025,16,13198,4.0,1
2025,16,14957,4.0,1
2025,16,17434,4.0,1
2025,16,13742,4.0,1
2025,16,13767,4.0,1
2025,16,14924,4.0,1
2025,16,15378,4.0,1
2025,16,14405,4.0,1
2025,16,14947,4.0,1
2025,16,16290,4.0,1
2025,16,13199,4.0,1
2025,16,16737,4.0,1
2025,16,15121,4.0,1
2025,16,13965,4.0,1
2025,16,15809,4.0,1
2025,16,16235,4.0,1
2025,16,14911,4.0,1
2025,16,16693,4.0,1
2025,16,15177,4.0,1
2025,16,14842,3.9,1
2025,16,12956,3.8,1
2025,16,16633,3.8,1
2025,16,15032,3.7,1
2025,16,16186,3.7,1
2025,16,16184,3.7,1
2025,16,13431,3.7,1
2025,16,14127,3.7,1
2025,16,16595,3.7,1
2025,16,15795,3.6,1
2025,16,13791,3.6,1
2025,16,17109,3.6,1
2025,16,15473,3.5,1
2025,16,17076,3.5,1
2025,16,14467,3.5,1
2025,16,17125,3.5,1
2025,16,15393,3.5,1
2025,16,16072,3.5,1
2025,16,17126,3.5,1
2025,16,15752,3.5,1
2025,16,13315,3.5,1
2025,16,16676,3.5,1
2025,16,15409,3.5,1
2025,16,15869,3.5,1
2025,16,16439,3.5,1
2025,16,17202,3.5,1
2025,16,17104,3.5,1
2025,16,14105,3.4,1
2025,16,16657,3.3,1
2025,16,14280,3.3,1
2025,16,16634,3.3,1
2025,16,11985,3.3,1
2025,16,8851,3.2,1
2025,16,16451,3.2,1
2025,16,16846,3.1,1
2025,16,16166,3.1,1
2025,16,14592,3.1,1
2025,16,14889,3.0,1
2025,16,17132,3.0,1
2025,16,16894,3.0,1
2025,16,16082,3.0,1
2025,16,12270,3.0,1
2025,16,15861,3.0,1
2025,16,12217,3.0,1
2025,16,13959,3.0,1
2025,16,12976,3.0,1
2025,16,15375,3.0,1
2025,16,17254,3.0,1
2025,16,15165,3.0,1
2025,16,14879,3.0,1
2025,16,16385,3.0,1
2025,16,13470,3.0,1
2025,16,16923,3.0,1
2025,16,17137,3.0,1
2025,16,15907,3.0,1
2025,16,14167,3.0,1
2025,16,16715,3.0,1
2025,16,11723,3.0,1
2025,16,13448,3.0,1
2025,16,15813,3.0,1
2025,16,17390,3.0,1
2025,16,14237,3.0,1
2025,16,15857,3.0,1
2025,16,15872,3.0,1
2025,16,15816,3.0,1
2025,16,14907,3.0,1
2025,16,17386,3.0,1
2025,16,15877,3.0,1
2025,16,14880,3.0,1
2025,16,17135,3.0,1
2025,16,16767,3.0,1
2025,16,13683,3.0,1
2025,16,13869,3.0,1
2025,16,15408,3.0,1
2025,16,16274,3.0,1
2025,16,13418,2.9,1
2025,16,17337,2.9,1
2025,16,14630,2.8,1
2025,16,13164,2.8,1
2025,16,15720,2.8,1
2025,16,14782,2.7,1
2025,16,11947,2.6,1
2025,16,16724,2.6,1
2025,16,15256,2.6,1
2025,16,17000,2.5,1
2025,16,14930,2.5,1
2025,16,15331,2.5,1
2025,16,17001,2.5,1
2025,16,14379,2.5,1
2025,16,14200,2.5,1
2025,16,16696,2.5,1
2025,16,15802,2.5,1
2025,16,16236,2.5,1
2025,16,15710,2.5,1
2025,16,16018,2.5,1
2025,16,14434,2.5,1
2025,16,16630,2.5,1
2025,16,16284,2.5,1
2025,16,12735,2.5,1
2025,16,14224,2.5,1
2025,16,12699,2.5,1
2025,16,13810,2.5,1
2025,16,11286,2.5,1
2025,16,15897,2.5,1
2025,16,14303,2.5,1
2025,16,13253,2.5,1
2025,16,13143,2.4,1
2025,16,17088,2.4,1
2025,16,15799,2.3,1
2025,16,14209,2.3,1
2025,16,13671,2.3,1
2025,16,13652,2.2,1
2025,16,14227,2.2,1
2025,16,16414,2.2,1
2025,16,13246,2.2,1
2025,16,15797,2.2,1
2025,16,13447,2.2,1
2025,16,13377,2.2,1
2025,16,15765,2.1,1
2025,16,13193,2.1,1
2025,16,16618,2.1,1
2025,16,10514,2.0,1
2025,16,16298,2.0,1
2025,16,13267,2.0,1
2025,16,17205,2.0,1
2025,16,14953,2.0,1
2025,16,13688,2.0,1
2025,16,16731,2.0,1
2025,16,13704,2.0,1
2025,16,17295,2.0,1
2025,16,17187,2.0,1
2025,16,16729,2.0,1
2025,16,14149,2.0,1
2025,16,16783,2.0,1
2025,16,15380,2.0,1
2025,16,17182,2.0,1
2025,16,15614,2.0,1
2025,16,15835,2.0,1
2025,16,14310,2.0,1
2025,16,17120,2.0,1
2025,16,17408,2.0,1
2025,16,10267,2.0,1
2025,16,14182,2.0,1
2025,16,16816,2.0,1
2025,16,16666,2.0,1
2025,16,16260,2.0,1
2025,16,17404,2.0,1
2025,16,15349,2.0,1
2025,16,17122,2.0,1
2025,16,15935,2.0,1
2025,16,15684,2.0,1
2025,16,17118,2.0,1
2025,16,11721,2.0,1
2025,16,13888,2.0,1
2025,16,15903,2.0,1
2025,16,13980,2.0,1
2025,16,15807,2.0,1
2025,16,17193,2.0,1
2025,16,15811,2.0,1
2025,16,15879,2.0,1
2025,16,15094,2.0,1
2025,16,14247,2.0,1
2025,16,17164,2.0,1
2025,16,16195,1.9,1
2025,16,12842,1.9,1
2025,16,14600,1.8,1
2025,16,12155,1.8,1
2025,16,17241,1.6,1
2025,16,14985,1.6,1
2025,16,15755,1.6,1
2025,16,16139,1.6,1
2025,16,15777,1.6,1
2025,16,10814,1.6,1
2025,16,15891,1.5,1
2025,16,16875,1.5,1
2025,16,16305,1.5,1
2025,16,12231,1.5,1
2025,16,13706,1.5,1
2025,16,15589,1.5,1
2025,16,16376,1.5,1
2025,16,14951,1.5,1
2025,16,17229,1.5,1
2025,16,16722,1.5,1
2025,16,14270,1.5,1
2025,16,15461,1.5,1
2025,16,17199,1.5,1
2025,16,15618,1.5,1
2025,16,17412,1.5,1
2025,16,15359,1.5,1
2025,16,16759,1.5,1
2025,16,15387,1.5,1
2025,16,14883,1.5,1
2025,16,17361,1.5,1
2025,16,12771,1.5,1
2025,16,16553,1.5,1
2025,16,16912,1.5,1
2025,16,17282,1.5,1
2025,16,16271,1.5,1
2025,16,16283,1.5,1
2025,16,13691,1.5,1
2025,16,15148,1.5,1
2025,16,17195,1.5,1
2025,16,17247,1.5,1
2025,16,16263,1.5,1
2025,16,15821,1.5,1
2025,16,17417,1.5,1
2025,16,15402,1.5,1
2025,16,13715,1.5,1
2025,16,16324,1.5,1
2025,16,16782,1.5,1
2025,16,16256,1.5,1
2025,16,16663,1.5,1
2025,16,17083,1.4,1
2025,16,15369,1.4,1
2025,16,15981,1.4,1
2025,16,14071,1.3,1
2025,16,15730,1.3,1
2025,16,14867,1.3,1
2025,16,16391,1.3,1
2025,16,16219,1.3,1
2025,16,15916,1.2,1
2025,16,15911,1.2,1
2025,16,14871,1.2,1
2025,16,16628,1.2,1
2025,16,17097,1.2,1
2025,16,14823,1.1,1
2025,16,15884,1.1,1
2025,16,16191,1.1,1
2025,16,16601,1.1,1
2025,16,13750,1.0,1
2025,16,12715,1.0,1
2025,16,17251,1.0,1
2025,16,15885,1.0,1
2025,16,16496,1.0,1
2025,16,17398,1.0,1
2025,16,17246,1.0,1
2025,16,16761,1.0,1
2025,16,16647,1.0,1
2025,16,14442,1.0,1
2025,16,16356,1.0,1
2025,16,16850,1.0,1
2025,16,15913,1.0,1
2025,16,13682,1.0,1
2025,16,16238,1.0,1
2025,16,17369,1.0,1
2025,16,12083,1.0,1
2025,16,16237,1.0,1
2025,16,16226,1.0,1
2025,16,13755,1.0,1
2025,16,15082,1.0,1
2025,16,13430,1.0,1
2025,16,15894,1.0,1
2025,16,17230,1.0,1
2025,16,15863,1.0,1
2025,16,15363,1.0,1
2025,16,13687,1.0,1
2025,16,14254,1.0,1
2025,16,16669,1.0,1
2025,16,16883,1.0,1
2025,16,16494,1.0,1
2025,16,16949,1.0,1
2025,16,15681,1.0,1
2025,16,17433,1.0,1
2025,16,17385,1.0,1
2025,16,17160,1.0,1
2025,16,15362,1.0,1
2025,16,15716,1.0,1
2025,16,14669,1.0,1
2025,16,15808,1.0,1
2025,16,17136,1.0,1
2025,16,14143,1.0,1
2025,16,16296,1.0,1
2025,16,16922,1.0,1
2025,16,15420,1.0,1
2025,16,16974,1.0,1
2025,16,15357,1.0,1
2025,16,15604,1.0,1
2025,16,14495,1.0,1
2025,16,17221,1.0,1
2025,16,15826,1.0,1
2025,16,16726,1.0,1
2025,16,12751,1.0,1
2025,16,14328,1.0,1
2025,16,14942,1.0,1
2025,16,17400,1.0,1
2025,16,16720,1.0,1
2025,16,16029,1.0,1
2025,16,14151,1.0,1
2025,16,14909,1.0,1
2025,16,16017,1.0,1
2025,16,15229,1.0,1
2025,16,13270,1.0,1
2025,16,12239,1.0,1
2025,16,17365,1.0,1
2025,16,16664,1.0,1
2025,16,16228,1.0,1
2025,16,13690,1.0,1
2025,16,12734,1.0,1
2025,16,15941,1.0,1
2025,16,16045,1.0,1
2025,16,13718,0.9,1
2025,16,14222,0.9,1
2025,16,17099,0.9,1
2025,16,14864,0.9,1
2025,16,16614,0.8,1
2025,16,17096,0.8,1
2025,16,12447,0.8,1
2025,16,14870,0.8,1
2025,16,16387,0.8,1
2025,16,16286,0.8,1
2025,16,14118,0.8,1
2025,16,15972,0.7,1
2025,16,16330,0.7,1
2025,16,15332,0.7,1
2025,16,15965,0.7,1
2025,16,14984,0.6,1
2025,16,12437,0.6,1
2025,16,14548,0.6,1
2025,16,14122,0.6,1
2025,16,13288,0.5,1
2025,16,16247,0.5,1
2025,16,17203,0.5,1
2025,16,14212,0.5,1
2025,16,16828,0.5,1
2025,16,16328,0.5,1
2025,16,17228,0.5,1
2025,16,17410,0.5,1
2025,16,15893,0.5,1
2025,16,13939,0.5,1
2025,16,15419,0.5,1
2025,16,14260,0.5,1
2025,16,15341,0.5,1
2025,16,14963,0.5,1
2025,16,14414,0.5,1
2025,16,14239,0.5,1
2025,16,17355,0.5,1
2025,16,15823,0.5,1
2025,16,12608,0.5,1
2025,16,17207,0.5,1
2025,16,13231,0.5,1
2025,16,16019,0.5,1
2025,16,15449,0.5,1
2025,16,16707,0.5,1
2025,16,15527,0.5,1
2025,16,15498,0.5,1
2025,16,14102,0.4,1
2025,16,16639,0.4,1
2025,16,17049,0.3,1
2025,16,9064,0.3,1
2025,16,14370,0.3,1
2025,16,17059,0.3,1
2025,16,14919,0.2,1
2025,16,17031,0.2,1
2025,16,16193,0.2,1
2025,16,17352,0.2,1
2025,16,14489,0.2,1
2025,16,16843,0.2,1
2025,16,16757,0.2,1
2025,16,12923,0.1,1
2025,16,14878,0.0,1
2025,16,16335,0.0,1
2025,16,16916,0.0,1
2025,16,16678,0.0,1
2025,16,14503,0.0,1
2025,16,16727,0.0,1
2025,16,15301,0.0,1
2025,16,17368,0.0,1
2025,16,16364,0.0,1
2025,16,16429,0.0,1
2025,16,15049,0.0,1
2025,16,16483,0.0,1
2025,16,16613,0.0,1
2025,16,15129,0.0,1
2025,16,15902,0.0,1
2025,16,14849,0.0,1
2025,16,11706,0.0,1
2025,16,16776,0.0,1
2025,16,15830,0.0,1
2025,16,15853,0.0,1
2025,16,16375,0.0,1
2025,16,17204,0.0,1
2025,16,16443,0.0,1
2025,16,17055,0.0,1
2025,16,17149,0.0,1
2025,16,17061,0.0,1
2025,16,14799,0.0,1
2025,16,14847,0.0,1
2025,16,16289,0.0,1
2025,16,14113,0.0,1
2025,16,14263,0.0,1
2025,16,16026,0.0,1
2025,16,16232,0.0,1
2025,16,13330,0.0,1
2025,16,14083,0.0,1
2025,16,12645,0.0,1
2025,16,17332,0.0,1
2025,16,17192,0.0,1
2025,16,17265,0.0,1
2025,16,15800,0.0,1
2025,16,15914,0.0,1
2025,16,14887,0.0,1
2025,16,17349,0.0,1
2025,16,16052,0.0,1
2025,16,14815,0.0,1
2025,16,15924,0.0,1
2025,16,15804,0.0,1
2025,16,13942,0.0,1
2025,16,15443,0.0,1
2025,16,15977,0.0,1
2025,16,17432,0.0,1
2025,16,17056,0.0,1
2025,16,17414,0.0,1
2025,16,16703,0.0,1
2025,16,15785,0.0,1
2025,16,13427,0.0,1
2025,16,15292,0.0,1
2025,16,14934,0.0,1
2025,16,17285,0.0,1
2025,16,16336,0.0,1
2025,16,13547,0.0,1
2025,16,15926,0.0,1
2025,16,15538,0.0,1
2025,16,14848,0.0,1
2025,16,16735,0.0,1
2025,16,9833,0.0,1
2025,16,16648,0.0,1
2025,16,13700,0.0,1
2025,16,12323,0.0,1
2025,16,15194,0.0,1
2025,16,16221,0.0,1
2025,16,16890,0.0,1
2025,16,13785,0.0,1
2025,16,15103,0.0,1
2025,16,16913,0.0,1
2025,16,17086,0.0,1
2025,16,14555,0.0,1
2025,16,16750,0.0,1
2025,16,17219,0.0,1
2025,16,16059,0.0,1
2025,16,16300,0.0,1
2025,16,17379,0.0,1
2025,16,16728,0.0,1
2025,16,16516,0.0,1
2025,16,13754,0.0,1
2025,16,15873,0.0,1
2025,16,17367,0.0,1
2025,16,15921,0.0,1
2025,16,17415,0.0,1
2025,16,15445,0.0,1
2025,16,14975,0.0,1
2025,16,16831,0.0,1
2025,16,15140,0.0,1
2025,16,16446,0.0,1
2025,16,13455,0.0,1
2025,16,15874,0.0,1
2025,16,12680,0.0,1
2025,16,16344,0.0,1
2025,16,15151,0.0,1
2025,16,14012,0.0,1
2025,16,17080,0.0,1
2025,16,17244,0.0,1
2025,16,15302,0.0,1
2025,16,12745,0.0,1
2025,16,15847,0.0,1
2025,16,17317,0.0,1
2025,16,16820,0.0,1
2025,16,17422,0.0,1
2025,16,16291,0.0,1
2025,16,16571,0.0,1
2025,16,17196,0.0,1
2025,16,16310,0.0,1
2025,16,16457,0.0,1
2025,16,14331,0.0,1
2025,16,15448,0.0,1
2025,16,17418,0.0,1
2025,16,15898,0.0,1
2025,16,15650,0.0,1
2025,16,16230,0.0,1
2025,16,14154,0.0,1
2025,16,14319,0.0,1
2025,16,11367,0.0,1
2025,16,17183,0.0,1
2025,16,16326,0.0,1
2025,16,15726,0.0,1
2025,16,17354,0.0,1
2025,16,16869,0.0,1
2025,16,17184,0.0,1
2025,16,16940,0.0,1
2025,16,14891,0.0,1
2025,16,14962,0.0,1
2025,16,15054,0.0,1
2025,16,17015,0.0,1
2025,16,16255,0.0,1
2025,16,16425,0.0,1
2025,16,15814,0.0,1
2025,16,17360,0.0,1
2025,16,15878,0.0,1
2025,16,15824,0.0,1
2025,16,17087,0.0,1
2025,16,16839,0.0,1
2025,16,17191,0.0,1
2025,16,13927,0.0,1
2025,16,12700,0.0,1
2025,16,17154,0.0,1
2025,16,16311,0.0,1
2025,16,17161,0.0,1
2025,16,13479,0.0,1
2025,16,15944,0.0,1
2025,16,17319,0.0,1
2025,16,16749,0.0,1
2025,16,13953,0.0,1
2025,16,16897,0.0,1
2025,16,15943,0.0,1
2025,16,17383,0.0,1
2025,16,15535,0.0,1
2025,16,17176,0.0,1
2025,16,15424,0.0,1
2025,16,14967,0.0,1
2025,16,17141,0.0,1
2025,16,17215,0.0,1
2025,16,15423,0.0,1
2025,16,16556,0.0,1
2025,16,16325,0.0,1
2025,16,15432,0.0,1
2025,16,15414,0.0,1
2025,16,16650,0.0,1
2025,16,16710,0.0,1
2025,16,9596,0.0,1
2025,16,12481,0.0,1
2025,16,17259,0.0,1
2025,16,17340,0.0,1
2025,16,13738,0.0,1
2025,16,15041,0.0,1
2025,16,13676,0.0,1
2025,16,15946,0.0,1
2025,16,16976,0.0,1
2025,16,13811,0.0,1
2025,16,17194,0.0,1
2025,16,16872,0.0,1
2025,16,17146,0.0,1
2025,16,14875,0.0,1
2025,16,17257,0.0,1
2025,16,14672,0.0,1
2025,16,15772,0.0,1
2025,16,17350,0.0,1
2025,16,15585,0.0,1
2025,16,17333,0.0,1
2025,16,15379,0.0,1
2025,16,17175,0.0,1
2025,16,15905,0.0,1
2025,16,12773,0.0,1
2025,16,16694,0.0,1
2025,16,16452,0.0,1
2025,16,15676,0.0,1
2025,16,15271,0.0,1
2025,16,13994,0.0,1
2025,16,16499,0.0,1
2025,16,17356,0.0,1
2025,16,15003,0.0,1
2025,16,14926,0.0,1
2025,16,13940,0.0,1
2025,16,12978,0.0,1
2025,16,16030,0.0,1
2025,16,17232,0.0,1
2025,16,17140,0.0,1
2025,16,16900,0.0,1
2025,16,16919,0.0,1
2025,16,16054,0.0,1
2025,16,15244,0.0,1
2025,16,16218,0.0,1
2025,16,15751,-0.1,1
2025,16,15794,-0.1,1
2025,16,15319,-0.1,1
2025,16,16642,-0.1,1
2025,16,14833,-0.1,1
2025,16,17058,-0.1,1
2025,16,15541,-0.2,1
2025,16,17105,-0.2,1
2025,16,13148,-0.2,1
2025,16,16979,-0.3,1
2025,16,12187,-0.3,1
2025,16,17396,-0.3,1
2025,16,16342,-0.3,1
2025,16,15738,-0.4,1
2025,16,16474,-0.5,1
2025,16,16644,-0.5,1
2025,16,15956,-0.5,1
2025,16,17043,-0.6,1
2025,16,16746,-0.6,1
2025,16,13156,-0.6,1
2025,16,13138,-0.6,1
2025,16,15757,-0.6,1
2025,16,15789,-0.6,1
2025,16,16201,-0.7,1
2025,16,17079,-0.7,1
2025,16,13793,-0.8,1
2025,16,13719,-0.8,1
2025,16,15798,-0.8,1
2025,16,15925,-1.0,1
2025,16,16880,-1.0,1
2025,16,16532,-1.0,1
2025,16,15344,-1.0,1
2025,16,17102,-1.0,1
2025,16,16213,-1.0,1
2025,16,10783,-1.0,1
2025,16,15384,-1.0,1
2025,16,16334,-1.0,1
2025,16,16485,-1.0,1
2025,16,14110,-1.0,1
2025,16,16962,-1.0,1
2025,16,16383,-1.0,1
2025,16,17035,-1.0,1
2025,16,16403,-1.0,1
2025,16,16197,-1.0,1
2025,16,13634,-1.0,1
2025,16,14876,-1.0,1
2025,16,17211,-1.0,1
2025,16,16138,-1.0,1
2025,16,16246,-1.0,1
2025,16,11674,-1.0,1
2025,16,14613,-1.0,1
2025,16,17374,-1.0,1
2025,16,17278,-1.0,1
2025,16,15796,-1.2,1
2025,16,17075,-1.2,1
2025,16,17128,-1.2,1
2025,16,17156,-1.2,1
2025,16,16178,-1.4,1
2025,16,15702,-1.4,1
2025,16,17037,-1.4,1
2025,16,17358,-1.5,1
2025,16,16351,-1.7,1
2025,16,16180,-1.9,1
2025,16,16584,-1.9,1
2025,16,14067,-1.9,1
2025,16,15786,-2.0,1
2025,16,16572,-2.0,1
2025,16,16649,-2.0,1
2025,16,16476,-2.0,1
2025,16,17050,-2.0,1
2025,16,15840,-2.0,1
2025,16,15491,-2.0,1
2025,16,12955,-2.0,1
2025,16,15515,-2.0,1
2025,16,15293,-2.0,1
2025,16,15337,-2.0,1
2025,16,15718,-2.1,1
2025,16,15241,-2.1,1
2025,16,16010,-2.3,1
2025,16,16216,-2.3,1
2025,16,11244,-2.3,1
2025,16,14073,-2.4,1
2025,16,12697,-2.5,1
2025,16,17222,-2.9,1
2025,16,15899,-3.0,1
2025,16,14205,-3.1,1
2025,16,14138,-3.1,1
2025,16,16585,-3.4,1
2025,16,15759,-3.7,1
2025,16,15948,-4.7,1
2025,16,16422,-6.0,1
2025,16,16212,-6.0,1
2025,16,16275,-7.0,1
2025,16,16242,-7.4,1
2025,16,9207,-10.4,1
2025,16,13303,-11.1,1
2025,16,17040,-18.9,1
2025,16,17032,-20.5,1
2025,17,16580,69.9,1
2025,17,15694,63.0,1
2025,17,15698,59.8,1
2025,17,16579,54.6,1
2025,17,17039,52.7,1
2025,17,14777,50.4,1
2025,17,12626,48.2,1
2025,17,16161,40.8,1
2025,17,12620,39.1,1
2025,17,17032,37.2,1
2025,17,14877,34.3,1
2025,17,17131,33.3,1
2025,17,13130,29.7,1
2025,17,17070,29.6,1
2025,17,15237,29.5,1
2025,17,9207,27.5,1
2025,17,10783,27.1,1
2025,17,16169,26.9,1
2025,17,16181,26.7,1
2025,17,16692,26.6,1
2025,17,17200,26.6,1
2025,17,14322,26.6,1
2025,17,13590,26.6,1
2025,17,15856,26.0,1
2025,17,14789,25.9,1
2025,17,13737,25.6,1
2025,17,15789,25.6,1
2025,17,17256,25.0,1
2025,17,14252,25.0,1
2025,17,15259,24.9,1
2025,17,11769,24.7,1
2025,17,14218,24.1,1
2025,17,12186,23.7,1
2025,17,13163,23.6,1
2025,17,13589,23.4,1
2025,17,15708,23.3,1
2025,17,15754,23.3,1
2025,17,14911,23.2,1
2025,17,16653,23.0,1
2025,17,16712,22.8,1
2025,17,14163,22.4,1
2025,17,14600,22.3,1
2025,17,14249,22.2,1
2025,17,16681,21.6,1
2025,17,15981,21.2,1
2025,17,17030,21.1,1
2025,17,15710,21.0,1
2025,17,15805,20.4,1
2025,17,12616,20.2,1
2025,17,10700,19.9,1
2025,17,17083,19.6,1
2025,17,14179,19.4,1
2025,17,14797,19.3,1
2025,17,16628,19.3,1
2025,17,16582,18.9,1
2025,17,16150,18.8,1
2025,17,16595,18.6,1
2025,17,14861,18.5,1
2025,17,13681,18.4,1
2025,17,17104,18.3,1
2025,17,14779,18.1,1
2025,17,14210,18.0,1
2025,17,15355,18.0,1
2025,17,14180,18.0,1
2025,17,11674,17.7,1
2025,17,15349,17.5,1
2025,17,16192,17.5,1
2025,17,13714,17.1,1
2025,17,11706,16.9,1
2025,17,10292,16.7,1
2025,17,15757,16.6,1
2025,17,17088,16.6,1
2025,17,14907,16.6,1
2025,17,16650,16.5,1
2025,17,15281,16.5,1
2025,17,14921,16.5,1
2025,17,16206,16.3,1
2025,17,15875,16.2,1
2025,17,17116,16.1,1
2025,17,16188,16.1,1
2025,17,17214,16.0,1
2025,17,16186,16.0,1
2025,17,15815,15.7,1
2025,17,14899,15.5,1
2025,17,17034,15.4,1
2025,17,14136,15.1,1
2025,17,17121,15.0,1
2025,17,16309,15.0,1
2025,17,16276,15.0,1
2025,17,14251,15.0,1
2025,17,14985,15.0,1
2025,17,14170,15.0,1
2025,17,14904,15.0,1
2025,17,14918,15.0,1
2025,17,16167,14.9,1
2025,17,14167,14.7,1
2025,17,17437,14.5,1
2025,17,17424,14.4,1
2025,17,16680,14.4,1
2025,17,13430,14.4,1
2025,17,16278,14.3,1
2025,17,16212,14.3,1
2025,17,13354,14.3,1
2025,17,15380,14.0,1
2025,17,15933,14.0,1
2025,17,14080,14.0,1
2025,17,13470,14.0,1
2025,17,11721,14.0,1
2025,17,16670,14.0,1
2025,17,12697,14.0,1
2025,17,17164,14.0,1
2025,17,16414,13.9,1
2025,17,13223,13.9,1
2025,17,17157,13.8,1
2025,17,12676,13.8,1
2025,17,17119,13.5,1
2025,17,16622,13.5,1
2025,17,16036,13.5,1
2025,17,16927,13.5,1
2025,17,13208,13.5,1
2025,17,14940,13.4,1
2025,17,17190,13.3,1
2025,17,15794,13.2,1
2025,17,17436,13.2,1
2025,17,16224,13.1,1
2025,17,13226,13.0,1
2025,17,15076,13.0,1
2025,17,15813,13.0,1
2025,17,15836,13.0,1
2025,17,15847,13.0,1
2025,17,14897,13.0,1
2025,17,15812,13.0,1
2025,17,16714,13.0,1
2025,17,16734,12.9,1
2025,17,10775,12.8,1
2025,17,17107,12.8,1
2025,17,17080,12.7,1
2025,17,15762,12.6,1
2025,17,16723,12.6,1
2025,17,16667,12.5,1
2025,17,15864,12.5,1
2025,17,16265,12.5,1
2025,17,15402,12.5,1
2025,17,15779,12.4,1
2025,17,15051,12.1,1
2025,17,17186,12.1,1
2025,17,14171,12.1,1
2025,17,14590,12.0,1
2025,17,16294,12.0,1
2025,17,13330,12.0,1
2025,17,17112,12.0,1
2025,17,15881,12.0,1
2025,17,16754,12.0,1
2025,17,17269,12.0,1
2025,17,16428,11.9,1
2025,17,16233,11.8,1
2025,17,17154,11.8,1
2025,17,15797,11.7,1
2025,17,13347,11.7,1
2025,17,16282,11.5,1
2025,17,14085,11.5,1
2025,17,16800,11.4,1
2025,17,15765,11.4,1
2025,17,13201,11.4,1
2025,17,16291,11.4,1
2025,17,12221,11.3,1
2025,17,17068,11.2,1
2025,17,17178,11.1,1
2025,17,14954,11.0,1
2025,17,16230,11.0,1
2025,17,16295,11.0,1
2025,17,14669,11.0,1
2025,17,15913,11.0,1
2025,17,15379,11.0,1
2025,17,16246,11.0,1
2025,17,16255,11.0,1
2025,17,15446,11.0,1
2025,17,16651,10.9,1
2025,17,17031,10.8,1
2025,17,15863,10.8,1
2025,17,14104,10.6,1
2025,17,16369,10.6,1
2025,17,15331,10.6,1
2025,17,9051,10.6,1
2025,17,16794,10.5,1
2025,17,17123,10.5,1
2025,17,16236,10.5,1
2025,17,13332,10.5,1
2025,17,15839,10.5,1
2025,17,13693,10.5,1
2025,17,12758,10.5,1
2025,17,12764,10.5,1
2025,17,15817,10.5,1
2025,17,16010,10.5,1
2025,17,15253,10.4,1
2025,17,14109,10.1,1
2025,17,13294,10.0,1
2025,17,15889,10.0,1
2025,17,16672,10.0,1
2025,17,16698,10.0,1
2025,17,15547,10.0,1
2025,17,15412,10.0,1
2025,17,15365,10.0,1
2025,17,15860,10.0,1
2025,17,14860,9.9,1
2025,17,16900,9.9,1
2025,17,12741,9.9,1
2025,17,14835,9.8,1
2025,17,16286,9.7,1
2025,17,15559,9.6,1
2025,17,15738,9.6,1
2025,17,10266,9.5,1
2025,17,17103,9.5,1
2025,17,15089,9.5,1
2025,17,14908,9.5,1
2025,17,14270,9.5,1
2025,17,16223,9.5,1
2025,17,15846,9.5,1
2025,17,15870,9.5,1
2025,17,15835,9.5,1
2025,17,13672,9.4,1
2025,17,14833,9.3,1
2025,17,12323,9.2,1
2025,17,16610,9.2,1
2025,17,17042,9.1,1
2025,17,15368,9.0,1
2025,17,16799,9.0,1
2025,17,17332,9.0,1
2025,17,13704,9.0,1
2025,17,16878,9.0,1
2025,17,16675,9.0,1
2025,17,14148,9.0,1
2025,17,13813,9.0,1
2025,17,14200,9.0,1
2025,17,14254,9.0,1
2025,17,16346,9.0,1
2025,17,13245,9.0,1
2025,17,17043,8.9,1
2025,17,16777,8.9,1
2025,17,14947,8.9,1
2025,17,16419,8.9,1
2025,17,12083,8.9,1
2025,17,16269,8.8,1
2025,17,14858,8.7,1
2025,17,12860,8.6,1
2025,17,13447,8.5,1
2025,17,15931,8.5,1
2025,17,15173,8.5,1
2025,17,15396,8.5,1
2025,17,16190,8.5,1
2025,17,15395,8.5,1
2025,17,17174,8.5,1
2025,17,14892,8.5,1
2025,17,17194,8.5,1
2025,17,16185,8.4,1
2025,17,15290,8.4,1
2025,17,13193,8.4,1
2025,17,17073,8.4,1
2025,17,16191,8.4,1
2025,17,16324,8.3,1
2025,17,15256,8.3,1
2025,17,14802,8.3,1
2025,17,16691,8.3,1
2025,17,16724,8.2,1
2025,17,14919,8.2,1
2025,17,15287,8.1,1
2025,17,12437,8.1,1
2025,17,13697,8.0,1
2025,17,14893,8.0,1
2025,17,16787,8.0,1
2025,17,16730,8.0,1
2025,17,14434,8.0,1
2025,17,13246,8.0,1
2025,17,14235,8.0,1
2025,17,13298,8.0,1
2025,17,16703,8.0,1
2025,17,17129,8.0,1
2025,17,17171,7.9,1
2025,17,15759,7.7,1
2025,17,16654,7.7,1
2025,17,16298,7.7,1
2025,17,15032,7.7,1
2025,17,13844,7.6,1
2025,17,12988,7.6,1
2025,17,14213,7.5,1
2025,17,15910,7.5,1
2025,17,17261,7.5,1
2025,17,14630,7.5,1
2025,17,13307,7.5,1
2025,17,15911,7.5,1
2025,17,12734,7.5,1
2025,17,15850,7.5,1
2025,17,15001,7.5,1
2025,17,16314,7.5,1
2025,17,12699,7.5,1
2025,17,14159,7.5,1
2025,17,16660,7.5,1
2025,17,16572,7.5,1
2025,17,14157,7.5,1
2025,17,14472,7.4,1
2025,17,13260,7.3,1
2025,17,15921,7.3,1
2025,17,13869,7.2,1
2025,17,14871,7.1,1
2025,17,16226,7.0,1
2025,17,16817,7.0,1
2025,17,15833,7.0,1
2025,17,17142,7.0,1
2025,17,16729,7.0,1
2025,17,14310,7.0,1
2025,17,16696,7.0,1
2025,17,14963,7.0,1
2025,17,17156,7.0,1
2025,17,14888,7.0,1
2025,17,16520,7.0,1
2025,17,15822,7.0,1
2025,17,16786,7.0,1
2025,17,16013,7.0,1
2025,17,14894,7.0,1
2025,17,16693,7.0,1
2025,17,16656,7.0,1
2025,17,17165,7.0,1
2025,17,15857,7.0,1
2025,17,15358,7.0,1
2025,17,13303,7.0,1
2025,17,16673,7.0,1
2025,17,15394,7.0,1
2025,17,14168,7.0,1
2025,17,16513,7.0,1
2025,17,13683,7.0,1
2025,17,13755,7.0,1
2025,17,16717,7.0,1
2025,17,15832,7.0,1
2025,17,15401,7.0,1
2025,17,16211,6.9,1
2025,17,17099,6.9,1
2025,17,15668,6.8,1
2025,17,15535,6.8,1
2025,17,17114,6.7,1
2025,17,16184,6.7,1
2025,17,14224,6.7,1
2025,17,13319,6.6,1
2025,17,14783,6.6,1
2025,17,17219,6.5,1
2025,17,15117,6.5,1
2025,17,16102,6.5,1
2025,17,10267,6.5,1
2025,17,13434,6.5,1
2025,17,16846,6.5,1
2025,17,16725,6.5,1
2025,17,16281,6.5,1
2025,17,13744,6.5,1
2025,17,17138,6.5,1
2025,17,16344,6.5,1
2025,17,15473,6.5,1
2025,17,15756,6.4,1
2025,17,13268,6.4,1
2025,17,16657,6.4,1
2025,17,16287,6.3,1
2025,17,11367,6.3,1
2025,17,14122,6.2,1
2025,17,16207,6.2,1
2025,17,16241,6.2,1
2025,17,14370,6.2,1
2025,17,16451,6.2,1
2025,17,15853,6.1,1
2025,17,13138,6.1,1
2025,17,13133,6.1,1
2025,17,13604,6.1,1
2025,17,17102,6.1,1
2025,17,13774,6.0,1
2025,17,12716,6.0,1
2025,17,16253,6.0,1
2025,17,15346,6.0,1
2025,17,14880,6.0,1
2025,17,14302,6.0,1
2025,17,16012,6.0,1
2025,17,15809,6.0,1
2025,17,17147,6.0,1
2025,17,14164,6.0,1
2025,17,14328,6.0,1
2025,17,15461,6.0,1
2025,17,14219,6.0,1
2025,17,14943,6.0,1
2025,17,15397,6.0,1
2025,17,14924,6.0,1
2025,17,14896,6.0,1
2025,17,15898,6.0,1
2025,17,14974,6.0,1
2025,17,16009,6.0,1
2025,17,17044,6.0,1
2025,17,13802,6.0,1
2025,17,13688,6.0,1
2025,17,14950,6.0,1
2025,17,17124,6.0,1
2025,17,16232,6.0,1
2025,17,11327,6.0,1
2025,17,17148,6.0,1
2025,17,14110,5.9,1
2025,17,17339,5.8,1
2025,17,13431,5.8,1
2025,17,16923,5.7,1
2025,17,16647,5.7,1
2025,17,12677,5.7,1
2025,17,16264,5.5,1
2025,17,14675,5.5,1
2025,17,15877,5.5,1
2025,17,17053,5.5,1
2025,17,16870,5.5,1
2025,17,13692,5.5,1
2025,17,14205,5.5,1
2025,17,14221,5.5,1
2025,17,12231,5.5,1
2025,17,14155,5.5,1
2025,17,12785,5.5,1
2025,17,14737,5.5,1
2025,17,11985,5.3,1
2025,17,15892,5.3,1
2025,17,16391,5.3,1
2025,17,16627,5.2,1
2025,17,14215,5.2,1
2025,17,15802,5.1,1
2025,17,14095,5.1,1
2025,17,13682,5.0,1
2025,17,13952,5.0,1
2025,17,17161,5.0,1
2025,17,15094,5.0,1
2025,17,11383,5.0,1
2025,17,17120,5.0,1
2025,17,17155,5.0,1
2025,17,12735,5.0,1
2025,17,15441,5.0,1
2025,17,13706,5.0,1
2025,17,17163,5.0,1
2025,17,12831,5.0,1
2025,17,13265,5.0,1
2025,17,16275,5.0,1
2025,17,14891,5.0,1
2025,17,16571,5.0,1
2025,17,13707,5.0,1
2025,17,12686,5.0,1
2025,17,16390,5.0,1
2025,17,14283,5.0,1
2025,17,16139,5.0,1
2025,17,16268,5.0,1
2025,17,17350,5.0,1
2025,17,13418,5.0,1
2025,17,15814,5.0,1
2025,17,14303,5.0,1
2025,17,13742,5.0,1
2025,17,16077,5.0,1
2025,17,13288,5.0,1
2025,17,15375,5.0,1
2025,17,12711,5.0,1
2025,17,15798,4.9,1
2025,17,14227,4.8,1
2025,17,14870,4.8,1
2025,17,15785,4.8,1
2025,17,11244,4.7,1
2025,17,15800,4.7,1
2025,17,14256,4.7,1
2025,17,10816,4.6,1
2025,17,13322,4.5,1
2025,17,13199,4.5,1
2025,17,16705,4.5,1
2025,17,14901,4.5,1
2025,17,16767,4.5,1
2025,17,17201,4.5,1
2025,17,14153,4.5,1
2025,17,14143,4.5,1
2025,17,16018,4.5,1
2025,17,15140,4.5,1
2025,17,12305,4.5,1
2025,17,17001,4.5,1
2025,17,12225,4.5,1
2025,17,14909,4.5,1
2025,17,17126,4.5,1
2025,17,17066,4.4,1
2025,17,16366,4.4,1
2025,17,16644,4.3,1
2025,17,12187,4.3,1
2025,17,16201,4.3,1
2025,17,11671,4.2,1
2025,17,15414,4.2,1
2025,17,15799,4.2,1
2025,17,14823,4.1,1
2025,17,15716,4.1,1
2025,17,13718,4.1,1
2025,17,13671,4.1,1
2025,17,15363,4.0,1
2025,17,15406,4.0,1
2025,17,14934,4.0,1
2025,17,17132,4.0,1
2025,17,11872,4.0,1
2025,17,16304,4.0,1
2025,17,16045,4.0,1
2025,17,17160,4.0,1
2025,17,16666,4.0,1
2025,17,16251,4.0,1
2025,17,16893,4.0,1
2025,17,12773,4.0,1
2025,17,17128,4.0,1
2025,17,13839,4.0,1
2025,17,16240,4.0,1
2025,17,16225,4.0,1
2025,17,17388,4.0,1
2025,17,16663,4.0,1
2025,17,17195,4.0,1
2025,17,14997,4.0,1
2025,17,13249,4.0,1
2025,17,17241,4.0,1
2025,17,15460,4.0,1
2025,17,15445,4.0,1
2025,17,15928,4.0,1
2025,17,16239,4.0,1
2025,17,17187,4.0,1
2025,17,15428,4.0,1
2025,17,17169,4.0,1
2025,17,14930,4.0,1
2025,17,12782,4.0,1
2025,17,14237,4.0,1
2025,17,16716,4.0,1
2025,17,17196,4.0,1
2025,17,13933,4.0,1
2025,17,15387,4.0,1
2025,17,15861,4.0,1
2025,17,17222,3.9,1
2025,17,16747,3.9,1
2025,17,14555,3.8,1
2025,17,16187,3.8,1
2025,17,16618,3.8,1
2025,17,16962,3.8,1
2025,17,16773,3.7,1
2025,17,9431,3.6,1
2025,17,16178,3.6,1
2025,17,15761,3.5,1
2025,17,15393,3.5,1
2025,17,15418,3.5,1
2025,17,16676,3.5,1
2025,17,14836,3.5,1
2025,17,16677,3.5,1
2025,17,14071,3.5,1
2025,17,16630,3.5,1
2025,17,16689,3.5,1
2025,17,14953,3.5,1
2025,17,16759,3.5,1
2025,17,16280,3.5,1
2025,17,14518,3.5,1
2025,17,17353,3.5,1
2025,17,14467,3.5,1
2025,17,15003,3.5,1
2025,17,15715,3.4,1
2025,17,15711,3.4,1
2025,17,17079,3.3,1
2025,17,16432,3.3,1
2025,17,13763,3.3,1
2025,17,16831,3.3,1
2025,17,16634,3.3,1
2025,17,17434,3.3,1
2025,17,17076,3.2,1
2025,17,16220,3.2,1
2025,17,16603,3.2,1
2025,17,15255,3.1,1
2025,17,12270,3.1,1
2025,17,8851,3.1,1
2025,17,15258,3.1,1
2025,17,16726,3.0,1
2025,17,15484,3.0,1
2025,17,9833,3.0,1
2025,17,15121,3.0,1
2025,17,16279,3.0,1
2025,17,15404,3.0,1
2025,17,15926,3.0,1
2025,17,16266,3.0,1
2025,17,15869,3.0,1
2025,17,15409,3.0,1
2025,17,14037,3.0,1
2025,17,14946,3.0,1
2025,17,13764,3.0,1
2025,17,13253,3.0,1
2025,17,17430,3.0,1
2025,17,12698,3.0,1
2025,17,17438,3.0,1
2025,17,14412,3.0,1
2025,17,17146,3.0,1
2025,17,13837,3.0,1
2025,17,16234,3.0,1
2025,17,17049,3.0,1
2025,17,17125,3.0,1
2025,17,14926,3.0,1
2025,17,15878,3.0,1
2025,17,13198,3.0,1
2025,17,15834,3.0,1
2025,17,14495,3.0,1
2025,17,13317,3.0,1
2025,17,14879,3.0,1
2025,17,14161,3.0,1
2025,17,16303,3.0,1
2025,17,17015,3.0,1
2025,17,17141,3.0,1
2025,17,17209,3.0,1
2025,17,15820,3.0,1
2025,17,17199,3.0,1
2025,17,16755,3.0,1
2025,17,16752,3.0,1
2025,17,15808,3.0,1
2025,17,17167,3.0,1
2025,17,15384,3.0,1
2025,17,16029,3.0,1
2025,17,16132,3.0,1
2025,17,16315,3.0,1
2025,17,14951,2.9,1
2025,17,16843,2.9,1
2025,17,17058,2.8,1
2025,17,15369,2.8,1
2025,17,13119,2.8,1
2025,17,14815,2.7,1
2025,17,14832,2.7,1
2025,17,9596,2.7,1
2025,17,16809,2.7,1
2025,17,12842,2.7,1
2025,17,15352,2.6,1
2025,17,16113,2.6,1
2025,17,13634,2.6,1
2025,17,10945,2.5,1
2025,17,17139,2.5,1
2025,17,15681,2.5,1
2025,17,17144,2.5,1
2025,17,17072,2.5,1
2025,17,15830,2.5,1
2025,17,15448,2.5,1
2025,17,12744,2.5,1
2025,17,12956,2.5,1
2025,17,10768,2.5,1
2025,17,11945,2.5,1
2025,17,15618,2.5,1
2025,17,16661,2.5,1
2025,17,15914,2.5,1
2025,17,13810,2.5,1
2025,17,15908,2.5,1
2025,17,16450,2.5,1
2025,17,17177,2.5,1
2025,17,15749,2.4,1
2025,17,16619,2.4,1
2025,17,15671,2.3,1
2025,17,15742,2.3,1
2025,17,15723,2.3,1
2025,17,17277,2.3,1
2025,17,16387,2.2,1
2025,17,16444,2.2,1
2025,17,13676,2.2,1
2025,17,13156,2.2,1
2025,17,15948,2.1,1
2025,17,15356,2.0,1
2025,17,14957,2.0,1
2025,17,13696,2.0,1
2025,17,16351,2.0,1
2025,17,15894,2.0,1
2025,17,14878,2.0,1
2025,17,13710,2.0,1
2025,17,15378,2.0,1
2025,17,14012,2.0,1
2025,17,16439,2.0,1
2025,17,16460,2.0,1
2025,17,16912,2.0,1
2025,17,16741,2.0,1
2025,17,16928,2.0,1
2025,17,15345,2.0,1
2025,17,16731,2.0,1
2025,17,13230,2.0,1
2025,17,14182,2.0,1
2025,17,16533,2.0,1
2025,17,17122,2.0,1
2025,17,13228,2.0,1
2025,17,16913,2.0,1
2025,17,12923,2.0,1
2025,17,14905,2.0,1
2025,17,14217,2.0,1
2025,17,15868,2.0,1
2025,17,16793,2.0,1
2025,17,16263,2.0,1
2025,17,16700,2.0,1
2025,17,12978,2.0,1
2025,17,15377,2.0,1
2025,17,13953,2.0,1
2025,17,17400,2.0,1
2025,17,14198,2.0,1
2025,17,16260,2.0,1
2025,17,13270,2.0,1
2025,17,16216,2.0,1
2025,17,13927,2.0,1
2025,17,15282,2.0,1
2025,17,14149,2.0,1
2025,17,15935,2.0,1
2025,17,15766,2.0,1
2025,17,14257,2.0,1
2025,17,13811,2.0,1
2025,17,16601,1.9,1
2025,17,17050,1.8,1
2025,17,13719,1.8,1
2025,17,15788,1.7,1
2025,17,14842,1.7,1
2025,17,15329,1.7,1
2025,17,14489,1.7,1
2025,17,14867,1.7,1
2025,17,13674,1.6,1
2025,17,15884,1.6,1
2025,17,11947,1.6,1
2025,17,11936,1.6,1
2025,17,17337,1.5,1
2025,17,16457,1.5,1
2025,17,14672,1.5,1
2025,17,12771,1.5,1
2025,17,16375,1.5,1
2025,17,17356,1.5,1
2025,17,16694,1.5,1
2025,17,17203,1.5,1
2025,17,12802,1.5,1
2025,17,16727,1.5,1
2025,17,17361,1.5,1
2025,17,13630,1.5,1
2025,17,17137,1.5,1
2025,17,15510,1.5,1
2025,17,16385,1.5,1
2025,17,12700,1.5,1
2025,17,12739,1.5,1
2025,17,17134,1.5,1
2025,17,14315,1.5,1
2025,17,11970,1.5,1
2025,17,17140,1.5,1
2025,17,14948,1.5,1
2025,17,17417,1.5,1
2025,17,16273,1.5,1
2025,17,13448,1.5,1
2025,17,15452,1.5,1
2025,17,15956,1.5,1
2025,17,16144,1.5,1
2025,17,17000,1.5,1
2025,17,14076,1.5,1
2025,17,14975,1.5,1
2025,17,16245,1.5,1
2025,17,17340,1.5,1
2025,17,14889,1.5,1
2025,17,15449,1.5,1
2025,17,11286,1.5,1
2025,17,16393,1.5,1
2025,17,16719,1.5,1
2025,17,16221,1.5,1
2025,17,15721,1.4,1
2025,17,15319,1.4,1
2025,17,11222,1.4,1
2025,17,10814,1.3,1
2025,17,12772,1.3,1
2025,17,16887,1.3,1
2025,17,15692,1.2,1
2025,17,16425,1.2,1
2025,17,14118,1.1,1
2025,17,16080,1.1,1
2025,17,15650,1.1,1
2025,17,14146,1.1,1
2025,17,17061,1.1,1
2025,17,16312,1.1,1
2025,17,15905,1.0,1
2025,17,15924,1.0,1
2025,17,13267,1.0,1
2025,17,15885,1.0,1
2025,17,13738,1.0,1
2025,17,17135,1.0,1
2025,17,15985,1.0,1
2025,17,15943,1.0,1
2025,17,12752,1.0,1
2025,17,15103,1.0,1
2025,17,12645,1.0,1
2025,17,15899,1.0,1
2025,17,13785,1.0,1
2025,17,13266,1.0,1
2025,17,16138,1.0,1
2025,17,16776,1.0,1
2025,17,15357,1.0,1
2025,17,16350,1.0,1
2025,17,15720,1.0,1
2025,17,15811,1.0,1
2025,17,15807,1.0,1
2025,17,17427,1.0,1
2025,17,15907,1.0,1
2025,17,16054,1.0,1
2025,17,17115,1.0,1
2025,17,16262,1.0,1
2025,17,17390,1.0,1
2025,17,16284,1.0,1
2025,17,16059,1.0,1
2025,17,16722,1.0,1
2025,17,16494,1.0,1
2025,17,16922,1.0,1
2025,17,17286,1.0,1
2025,17,16485,1.0,1
2025,17,13754,1.0,1
2025,17,16383,1.0,1
2025,17,17295,1.0,1
2025,17,16247,1.0,1
2025,17,17265,1.0,1
2025,17,17059,1.0,1
2025,17,13263,1.0,1
2025,17,17207,1.0,1
2025,17,13281,1.0,1
2025,17,15944,1.0,1
2025,17,15408,1.0,1
2025,17,16228,1.0,1
2025,17,15366,1.0,1
2025,17,16237,1.0,1
2025,17,17172,1.0,1
2025,17,17251,1.0,1
2025,17,16499,1.0,1
2025,17,13479,1.0,1
2025,17,16678,1.0,1
2025,17,14887,1.0,1
2025,17,16708,1.0,1
2025,17,15888,1.0,1
2025,17,14263,1.0,1
2025,17,17365,1.0,1
2025,17,16357,1.0,1
2025,17,16288,1.0,1
2025,17,17016,1.0,1
2025,17,17229,1.0,1
2025,17,17412,1.0,1
2025,17,17202,1.0,1
2025,17,14405,1.0,1
2025,17,16356,1.0,1
2025,17,15726,1.0,1
2025,17,16655,1.0,1
2025,17,16026,1.0,1
2025,17,17264,1.0,1
2025,17,15676,1.0,1
2025,17,17075,0.9,1
2025,17,15293,0.9,1
2025,17,16195,0.9,1
2025,17,17234,0.8,1
2025,17,17127,0.8,1
2025,17,7836,0.7,1
2025,17,9064,0.7,1
2025,17,15332,0.7,1
2025,17,17062,0.7,1
2025,17,16593,0.6,1
2025,17,14209,0.6,1
2025,17,16292,0.6,1
2025,17,16639,0.6,1
2025,17,16746,0.6,1
2025,17,15824,0.5,1
2025,17,12745,0.5,1
2025,17,14222,0.5,1
2025,17,16202,0.5,1
2025,17,16017,0.5,1
2025,17,16633,0.5,1
2025,17,16330,0.5,1
2025,17,17398,0.5,1
2025,17,17381,0.5,1
2025,17,15874,0.5,1
2025,17,16238,0.5,1
2025,17,16738,0.5,1
2025,17,17317,0.5,1
2025,17,13750,0.5,1
2025,17,17319,0.5,1
2025,17,15538,0.5,1
2025,17,15527,0.5,1
2025,17,16367,0.5,1
2025,17,17383,0.5,1
2025,17,15965,0.5,1
2025,17,13715,0.5,1
2025,17,16342,0.5,1
2025,17,17419,0.5,1
2025,17,17081,0.5,1
2025,17,15419,0.5,1
2025,17,15718,0.5,1
2025,17,15998,0.5,1
2025,17,17396,0.5,1
2025,17,17175,0.5,1
2025,17,16476,0.5,1
2025,17,16271,0.5,1
2025,17,14280,0.5,1
2025,17,17423,0.5,1
2025,17,16974,0.5,1
2025,17,14212,0.5,1
2025,17,14984,0.5,1
2025,17,15341,0.5,1
2025,17,15194,0.5,1
2025,17,16164,0.3,1
2025,17,12155,0.3,1
2025,17,15840,0.3,1
2025,17,17333,0.3,1
2025,17,16636,0.3,1
2025,17,15752,0.2,1
2025,17,13189,0.2,1
2025,17,15873,0.2,1
2025,17,14849,0.1,1
2025,17,16166,0.1,1
2025,17,15712,0.1,1
2025,17,16483,0.1,1
2025,17,15804,0.1,1
2025,17,14864,0.1,1
2025,17,15589,0.0,1
2025,17,17422,0.0,1
2025,17,13888,0.0,1
2025,17,17323,0.0,1
2025,17,14503,0.0,1
2025,17,17404,0.0,1
2025,17,13547,0.0,1
2025,17,17380,0.0,1
2025,17,13942,0.0,1
2025,17,16710,0.0,1
2025,17,17418,0.0,1
2025,17,15902,0.0,1
2025,17,15541,0.0,1
2025,17,17354,0.0,1
2025,17,16629,0.0,1
2025,17,15344,0.0,1
2025,17,16556,0.0,1
2025,17,15879,0.0,1
2025,17,16669,0.0,1
2025,17,15977,0.0,1
2025,17,14978,0.0,1
2025,17,15826,0.0,1
2025,17,12976,0.0,1
2025,17,17232,0.0,1
2025,17,12691,0.0,1
2025,17,15082,0.0,1
2025,17,16796,0.0,1
2025,17,13306,0.0,1
2025,17,16267,0.0,1
2025,17,16648,0.0,1
2025,17,16816,0.0,1
2025,17,13143,0.0,1
2025,17,14420,0.0,1
2025,17,14442,0.0,1
2025,17,16446,0.0,1
2025,17,17097,0.0,1
2025,17,16643,0.0,1
2025,17,13148,0.0,1
2025,17,16883,0.0,1
2025,17,17349,0.0,1
2025,17,10313,0.0,1
2025,17,13726,0.0,1
2025,17,16664,0.0,1
2025,17,16916,0.0,1
2025,17,14207,0.0,1
2025,17,16820,0.0,1
2025,17,14613,0.0,1
2025,17,15897,0.0,1
2025,17,12217,0.0,1
2025,17,14944,0.0,1
2025,17,14151,0.0,1
2025,17,16890,0.0,1
2025,17,12608,0.0,1
2025,17,11807,0.0,1
2025,17,16733,0.0,1
2025,17,11723,0.0,1
2025,17,14414,0.0,1
2025,17,16052,0.0,1
2025,17,16455,0.0,1
2025,17,17433,0.0,1
2025,17,16452,0.0,1
2025,17,16695,0.0,1
2025,17,16839,0.0,1
2025,17,15941,0.0,1
2025,17,17263,0.0,1
2025,17,16709,0.0,1
2025,17,13231,0.0,1
2025,17,17244,0.0,1
2025,17,17198,0.0,1
2025,17,14799,0.0,1
2025,17,13687,0.0,1
2025,17,15989,0.0,1
2025,17,17193,0.0,1
2025,17,16403,0.0,1
2025,17,16305,0.0,1
2025,17,16898,0.0,1
2025,17,16289,0.0,1
2025,17,14197,0.0,1
2025,17,12234,0.0,1
2025,17,16364,0.0,1
2025,17,15244,0.0,1
2025,17,17215,0.0,1
2025,17,16828,0.0,1
2025,17,15851,0.0,1
2025,17,16613,0.0,1
2025,17,16310,0.0,1
2025,17,16532,0.0,1
2025,17,15585,0.0,1
2025,17,16326,0.0,1
2025,17,16023,0.0,1
2025,17,17246,0.0,1
2025,17,16189,0.0,1
2025,17,12680,0.0,1
2025,17,17228,0.0,1
2025,17,15335,0.0,1
2025,17,14942,0.0,1
2025,17,16792,0.0,1
2025,17,15443,0.0,1
2025,17,16750,0.0,1
2025,17,17360,0.0,1
2025,17,17355,0.0,1
2025,17,17247,0.0,1
2025,17,16516,0.0,1
2025,17,16333,0.0,1
2025,17,12239,0.0,1
2025,17,17259,0.0,1
2025,17,16376,0.0,1
2025,17,16836,0.0,1
2025,17,15424,0.0,1
2025,17,16311,0.0,1
2025,17,17410,0.0,1
2025,17,16949,0.0,1
2025,17,16218,0.0,1
2025,17,17181,0.0,1
2025,17,17086,0.0,1
2025,17,15390,0.0,1
2025,17,17281,0.0,1
2025,17,17257,0.0,1
2025,17,16749,0.0,1
2025,17,15959,0.0,1
2025,17,17213,0.0,1
2025,17,16443,0.0,1
2025,17,16940,0.0,1
2025,17,17204,0.0,1
2025,17,15491,0.0,1
2025,17,17374,0.0,1
2025,17,15292,0.0,1
2025,17,17118,0.0,1
2025,17,13212,0.0,1
2025,17,17432,0.0,1
2025,17,15849,0.0,1
2025,17,13678,0.0,1
2025,17,16496,0.0,1
2025,17,16173,0.0,1
2025,17,14979,0.0,1
2025,17,13427,0.0,1
2025,17,17369,0.0,1
2025,17,15049,0.0,1
2025,17,16850,0.0,1
2025,17,17376,0.0,1
2025,17,8269,0.0,1
2025,17,15772,0.0,1
2025,17,16429,0.0,1
2025,17,16215,0.0,1
2025,17,16715,0.0,1
2025,17,15684,0.0,1
2025,17,12218,0.0,1
2025,17,15521,0.0,1
2025,17,17385,0.0,1
2025,17,16728,0.0,1
2025,17,14967,0.0,1
2025,17,17326,0.0,1
2025,17,15420,0.0,1
2025,17,17414,0.0,1
2025,17,15343,0.0,1
2025,17,16875,0.0,1
2025,17,15946,0.0,1
2025,17,13778,0.0,1
2025,17,13862,0.0,1
2025,17,17230,0.0,1
2025,17,15604,0.0,1
2025,17,17379,0.0,1
2025,17,16030,0.0,1
2025,17,16798,0.0,1
2025,17,16335,0.0,1
2025,17,17056,0.0,1
2025,17,14260,0.0,1
2025,17,15823,0.0,1
2025,17,16072,0.0,1
2025,17,15880,0.0,1
2025,17,17408,0.0,1
2025,17,13690,0.0,1
2025,17,15229,0.0,1
2025,17,14548,0.0,1
2025,17,9826,0.0,1
2025,17,16976,0.0,1
2025,17,13770,0.0,1
2025,17,17233,0.0,1
2025,17,17176,0.0,1
2025,17,16869,0.0,1
2025,17,14875,0.0,1
2025,17,16290,0.0,1
2025,17,17055,0.0,1
2025,17,16336,0.0,1
2025,17,15945,0.0,1
2025,17,15423,0.0,1
2025,17,17060,0.0,1
2025,17,15129,0.0,1
2025,17,16242,0.0,1
2025,17,16783,0.0,1
2025,17,16621,0.0,1
2025,17,15498,0.0,1
2025,17,12481,0.0,1
2025,17,17386,0.0,1
2025,17,14319,0.0,1
2025,17,16720,0.0,1
2025,17,15903,0.0,1
2025,17,16911,0.0,1
2025,17,16145,0.0,1
2025,17,17415,0.0,1
2025,17,17211,0.0,1
2025,17,16217,0.0,1
2025,17,16270,0.0,1
2025,17,16300,0.0,1
2025,17,16770,0.0,1
2025,17,16363,0.0,1
2025,17,15177,0.0,1
2025,17,16431,0.0,1
2025,17,12955,0.0,1
2025,17,17351,0.0,1
2025,17,16492,0.0,1
2025,17,14962,0.0,1
2025,17,17285,0.0,1
2025,17,16328,0.0,1
2025,17,15515,0.0,1
2025,17,16082,0.0,1
2025,17,16894,0.0,1
2025,17,16219,0.0,1
2025,17,16642,0.0,1
2025,17,17389,0.0,1
2025,17,15337,-0.1,1
2025,17,15714,-0.1,1
2025,17,17087,-0.1,1
2025,17,15284,-0.1,1
2025,17,17274,-0.1,1
2025,17,15751,-0.2,1
2025,17,13610,-0.3,1
2025,17,15260,-0.3,1
2025,17,13782,-0.3,1
2025,17,17040,-0.3,1
2025,17,17109,-0.3,1
2025,17,17439,-0.3,1
2025,17,16598,-0.4,1
2025,17,16180,-0.4,1
2025,17,15362,-0.4,1
2025,17,14982,-0.5,1
2025,17,13066,-0.5,1
2025,17,7394,-0.7,1
2025,17,13164,-0.8,1
2025,17,16782,-1.0,1
2025,17,15413,-1.0,1
2025,17,14847,-1.0,1
2025,17,15755,-1.0,1
2025,17,16197,-1.0,1
2025,17,15301,-1.0,1
2025,17,15271,-1.0,1
2025,17,13919,-1.0,1
2025,17,14331,-1.0,1
2025,17,16880,-1.0,1
2025,17,14845,-1.0,1
2025,17,14083,-1.0,1
2025,17,15361,-1.0,1
2025,17,13455,-1.0,1
2025,17,13377,-1.0,1
2025,17,11232,-1.0,1
2025,17,15795,-1.0,1
2025,17,13940,-1.0,1
2025,17,14876,-1.0,1
2025,17,14137,-1.0,1
2025,17,16897,-1.0,1
2025,17,17205,-1.0,1
2025,17,16614,-1.0,1
2025,17,14105,-1.1,1
2025,17,11938,-1.2,1
2025,17,16690,-1.2,1
2025,17,17105,-1.3,1
2025,17,16296,-1.5,1
2025,17,16707,-1.5,1
2025,17,13424,-1.5,1
2025,17,16510,-1.5,1
2025,17,17071,-1.5,1
2025,17,15405,-1.6,1
2025,17,17047,-1.6,1
2025,17,14073,-1.9,1
2025,17,13652,-1.9,1
2025,17,14903,-2.0,1
2025,17,16684,-2.0,1
2025,17,17254,-2.0,1
2025,17,13980,-2.0,1
2025,17,17367,-2.0,1
2025,17,15786,-2.0,1
2025,17,16872,-2.0,1
2025,17,15054,-2.0,1
2025,17,13315,-2.0,1
2025,17,16735,-2.0,1
2025,17,13635,-2.1,1
2025,17,15796,-2.1,1
2025,17,13633,-2.3,1
2025,17,13592,-2.3,1
2025,17,12263,-2.5,1
2025,17,13717,-2.5,1
2025,17,16162,-2.7,1
2025,17,11150,-2.9,1
2025,17,15148,-3.0,1
2025,17,16626,-3.1,1
2025,17,14127,-3.2,1
2025,17,16620,-3.3,1
2025,17,14848,-3.5,1
2025,17,14717,-3.8,1
2025,17,17220,-4.2,1
2025,17,13791,-4.2,1
2025,17,13793,-4.8,1
2025,17,15768,-5.0,1
2025,17,16165,-5.3,1
2025,17,15261,-5.4,1
2025,17,17352,-5.8,1
2025,17,15979,-6.8,1
2025,17,13772,-7.7,1
2025,17,17035,-11.0,1
2025,17,16148,-13.1,1
2025,17,16160,-13.5,1
2025,17,17282,-14.2,1
2025,17,12611,-23.8,1
